# ★ GENERATED by tools/derive_hwref.sh from ogkm 580.159.04 (b81d58e) with tools/hwref_spec.txt — regenerate, never edit.
# columns: dir<TAB>header<TAB>name<TAB>value — value is 0x<hex> (a value), <hi>:<lo> (a bit range, aperture
# or structure-bit range; decimal below 4096), mw:<hi>:<lo> (a multi-word field), off=0x<n> / size=0x<n> / absent
# (a struct member). Family resolution (which dir a family compiles against) lives in kf_chip::hwref.
ada/ad102	dev_bus.h	NV_PBUS_BAR1_BLOCK	0x1704
ada/ad102	dev_bus.h	NV_PBUS_BAR1_BLOCK_MAP	29:0
ada/ad102	dev_bus.h	NV_PBUS_BAR1_BLOCK_MODE	31:31
ada/ad102	dev_bus.h	NV_PBUS_BAR1_BLOCK_MODE_PHYSICAL	0x0
ada/ad102	dev_bus.h	NV_PBUS_BAR1_BLOCK_MODE_VIRTUAL	0x1
ada/ad102	dev_bus.h	NV_PBUS_BAR1_BLOCK_PTR	27:0
ada/ad102	dev_bus.h	NV_PBUS_BAR1_BLOCK_PTR_0	0x0
ada/ad102	dev_bus.h	NV_PBUS_BAR1_BLOCK_PTR_SHIFT	0xc
ada/ad102	dev_bus.h	NV_PBUS_BAR1_BLOCK_TARGET	29:28
ada/ad102	dev_bus.h	NV_PBUS_BAR1_BLOCK_TARGET_SYS_MEM_COHERENT	0x2
ada/ad102	dev_bus.h	NV_PBUS_BAR1_BLOCK_TARGET_SYS_MEM_NONCOHERENT	0x3
ada/ad102	dev_bus.h	NV_PBUS_BAR1_BLOCK_TARGET_VID_MEM	0x0
ada/ad102	dev_bus.h	NV_PBUS_SW_SCRATCH(0)	0x1400
ada/ad102	dev_bus.h	NV_PBUS_SW_SCRATCH(1)	0x1404
ada/ad102	dev_bus.h	NV_PBUS_SW_SCRATCH_FIELD	31:0
ada/ad102	dev_bus.h	NV_PBUS_SW_SCRATCH_FIELD_INIT	0x0
ada/ad102	dev_bus.h	NV_PBUS_SW_SCRATCH__SIZE_1	0x40
ada/ad102	dev_fault.h	NV_PFAULT_MMU_ENG_ID_BAR1	0x80
ada/ad102	dev_fault.h	NV_PFAULT_MMU_ENG_ID_BAR2	0xc0
ada/ad102	dev_fault.h	NV_PFAULT_MMU_ENG_ID_CE0	0xf
ada/ad102	dev_fault.h	NV_PFAULT_MMU_ENG_ID_CE1	0x10
ada/ad102	dev_fault.h	NV_PFAULT_MMU_ENG_ID_CE2	0x11
ada/ad102	dev_fault.h	NV_PFAULT_MMU_ENG_ID_CE3	0x12
ada/ad102	dev_fault.h	NV_PFAULT_MMU_ENG_ID_CE4	0x13
ada/ad102	dev_fault.h	NV_PFAULT_MMU_ENG_ID_CE5	0x14
ada/ad102	dev_fault.h	NV_PFAULT_MMU_ENG_ID_DISPLAY	0x1
ada/ad102	dev_fault.h	NV_PFAULT_MMU_ENG_ID_FLA	0x4
ada/ad102	dev_fault.h	NV_PFAULT_MMU_ENG_ID_GRCOPY	0xf
ada/ad102	dev_fault.h	NV_PFAULT_MMU_ENG_ID_IFB	0x9
ada/ad102	dev_fault.h	NV_PFAULT_MMU_ENG_ID_NVDEC	0x19
ada/ad102	dev_fault.h	NV_PFAULT_MMU_ENG_ID_NVDEC0	0x19
ada/ad102	dev_fault.h	NV_PFAULT_MMU_ENG_ID_NVDEC1	0x1a
ada/ad102	dev_fault.h	NV_PFAULT_MMU_ENG_ID_NVDEC2	0x1b
ada/ad102	dev_fault.h	NV_PFAULT_MMU_ENG_ID_NVDEC3	0x1c
ada/ad102	dev_fault.h	NV_PFAULT_MMU_ENG_ID_NVDEC4	0x1d
ada/ad102	dev_fault.h	NV_PFAULT_MMU_ENG_ID_NVENC0	0xb
ada/ad102	dev_fault.h	NV_PFAULT_MMU_ENG_ID_NVENC1	0xc
ada/ad102	dev_fault.h	NV_PFAULT_MMU_ENG_ID_NVENC2	0xd
ada/ad102	dev_fault.h	NV_PFAULT_MMU_ENG_ID_NVJPG0	0x15
ada/ad102	dev_fault.h	NV_PFAULT_MMU_ENG_ID_NVJPG1	0x16
ada/ad102	dev_fault.h	NV_PFAULT_MMU_ENG_ID_NVJPG2	0x17
ada/ad102	dev_fault.h	NV_PFAULT_MMU_ENG_ID_NVJPG3	0x18
ada/ad102	dev_fault.h	NV_PFAULT_MMU_ENG_ID_OFA0	0xa
ada/ad102	dev_fault.h	NV_PFAULT_MMU_ENG_ID_PERF	0x8
ada/ad102	dev_fault.h	NV_PFAULT_MMU_ENG_ID_PHYSICAL	0x1f
ada/ad102	dev_fault.h	NV_PFAULT_MMU_ENG_ID_PTP	0x3
ada/ad102	dev_fault.h	NV_PFAULT_MMU_ENG_ID_PWR_PMU	0x6
ada/ad102	dev_fault.h	NV_PFAULT_MMU_ENG_ID_SEC	0xe
ada/ad102	dev_gc6_island.h	NV_PGC6_BSI_SECURE_SCRATCH_15	0x1180fc
ada/ad102	dev_gc6_island_addendum.h	NV_PGC6_BSI_VPR_SECURE_SCRATCH_15	0x1180fc
ada/ad102	dev_gc6_island_addendum.h	NV_PGC6_BSI_VPR_SECURE_SCRATCH_15_SCRUBBER_HANDOFF	31:29
ada/ad102	dev_gc6_island_addendum.h	NV_PGC6_BSI_VPR_SECURE_SCRATCH_15_SCRUBBER_HANDOFF_DONE	0x3
ampere/ga100	dev_runlist.h	NV_CHRAM_CHANNEL(0)	0x0
ampere/ga100	dev_runlist.h	NV_CHRAM_CHANNEL(1)	0x4
ampere/ga100	dev_runlist.h	NV_CHRAM_CHANNEL__SIZE_1	0x800
ampere/ga100	dev_ctrl.h	NV_CTRL_VF_DOORBELL_RUNLIST_ID	22:16
ampere/ga100	dev_ctrl.h	NV_CTRL_VF_DOORBELL_VECTOR	11:0
ampere/ga100	dev_riscv_pri.h	NV_FALCON2_GSP_BASE	0x111000
ampere/ga100	dev_mmu.h	NV_MMU_PTE_KIND_GENERIC_MEMORY_COMPRESSIBLE_DISABLE_PLC	0x9
ampere/ga100	dev_mmu.h	NV_MMU_PTE_KIND_SMSKED_MESSAGE	0xf
ampere/ga100	dev_bus.h	NV_PBUS_BAR1_BLOCK	0x1704
ampere/ga100	dev_bus.h	NV_PBUS_BAR1_BLOCK_MAP	29:0
ampere/ga100	dev_bus.h	NV_PBUS_BAR1_BLOCK_MODE	31:31
ampere/ga100	dev_bus.h	NV_PBUS_BAR1_BLOCK_MODE_PHYSICAL	0x0
ampere/ga100	dev_bus.h	NV_PBUS_BAR1_BLOCK_MODE_VIRTUAL	0x1
ampere/ga100	dev_bus.h	NV_PBUS_BAR1_BLOCK_PTR	27:0
ampere/ga100	dev_bus.h	NV_PBUS_BAR1_BLOCK_PTR_0	0x0
ampere/ga100	dev_bus.h	NV_PBUS_BAR1_BLOCK_PTR_SHIFT	0xc
ampere/ga100	dev_bus.h	NV_PBUS_BAR1_BLOCK_TARGET	29:28
ampere/ga100	dev_bus.h	NV_PBUS_BAR1_BLOCK_TARGET_SYS_MEM_COHERENT	0x2
ampere/ga100	dev_bus.h	NV_PBUS_BAR1_BLOCK_TARGET_SYS_MEM_NONCOHERENT	0x3
ampere/ga100	dev_bus.h	NV_PBUS_BAR1_BLOCK_TARGET_VID_MEM	0x0
ampere/ga100	dev_bus.h	NV_PBUS_SW_SCRATCH(0)	0x1400
ampere/ga100	dev_bus.h	NV_PBUS_SW_SCRATCH(1)	0x1404
ampere/ga100	dev_bus_addendum.h	NV_PBUS_SW_SCRATCH1_SMC_MODE	15:15
ampere/ga100	dev_bus_addendum.h	NV_PBUS_SW_SCRATCH1_SMC_MODE_OFF	0x0
ampere/ga100	dev_bus_addendum.h	NV_PBUS_SW_SCRATCH1_SMC_MODE_ON	0x1
ampere/ga100	dev_bus_addendum.h	NV_PBUS_SW_SCRATCH30_GPU_DRAIN_AND_RESET_RECOMMENDED	1:1
ampere/ga100	dev_bus_addendum.h	NV_PBUS_SW_SCRATCH30_GPU_DRAIN_AND_RESET_RECOMMENDED_NO	0x0
ampere/ga100	dev_bus_addendum.h	NV_PBUS_SW_SCRATCH30_GPU_DRAIN_AND_RESET_RECOMMENDED_YES	0x1
ampere/ga100	dev_bus.h	NV_PBUS_SW_SCRATCH_FIELD	31:0
ampere/ga100	dev_bus.h	NV_PBUS_SW_SCRATCH_FIELD_INIT	0x0
ampere/ga100	dev_bus.h	NV_PBUS_SW_SCRATCH__SIZE_1	0x40
ampere/ga100	dev_nv_xve.h	NV_PCFG	0x88fff:0x88000
ampere/ga100	dev_falcon_v4.h	NV_PFALCON_FALCON_BOOTVEC	0x104
ampere/ga100	dev_falcon_v4.h	NV_PFALCON_FALCON_CPUCTL	0x100
ampere/ga100	dev_falcon_v4.h	NV_PFALCON_FALCON_CPUCTL_ALIAS	0x130
ampere/ga100	dev_falcon_v4.h	NV_PFALCON_FALCON_CPUCTL_ALIAS_EN	6:6
ampere/ga100	dev_falcon_v4.h	NV_PFALCON_FALCON_CPUCTL_ALIAS_EN_FALSE	0x0
ampere/ga100	dev_falcon_v4.h	NV_PFALCON_FALCON_CPUCTL_ALIAS_EN_TRUE	0x1
ampere/ga100	dev_falcon_v4.h	NV_PFALCON_FALCON_CPUCTL_ALIAS_STARTCPU	1:1
ampere/ga100	dev_falcon_v4.h	NV_PFALCON_FALCON_CPUCTL_ALIAS_STARTCPU_FALSE	0x0
ampere/ga100	dev_falcon_v4.h	NV_PFALCON_FALCON_CPUCTL_ALIAS_STARTCPU_TRUE	0x1
ampere/ga100	dev_falcon_v4.h	NV_PFALCON_FALCON_CPUCTL_HALTED	4:4
ampere/ga100	dev_falcon_v4.h	NV_PFALCON_FALCON_CPUCTL_HALTED_TRUE	0x1
ampere/ga100	dev_falcon_v4.h	NV_PFALCON_FALCON_CPUCTL_STARTCPU	1:1
ampere/ga100	dev_falcon_v4.h	NV_PFALCON_FALCON_CPUCTL_STARTCPU_FALSE	0x0
ampere/ga100	dev_falcon_v4.h	NV_PFALCON_FALCON_CPUCTL_STARTCPU_TRUE	0x1
ampere/ga100	dev_falcon_v4.h	NV_PFALCON_FALCON_DEBUGINFO	0x94
ampere/ga100	dev_falcon_v4.h	NV_PFALCON_FALCON_DMACTL	0x10c
ampere/ga100	dev_falcon_v4.h	NV_PFALCON_FALCON_DMACTL_DMEM_SCRUBBING	1:1
ampere/ga100	dev_falcon_v4.h	NV_PFALCON_FALCON_DMACTL_DMEM_SCRUBBING_DONE	0x0
ampere/ga100	dev_falcon_v4.h	NV_PFALCON_FALCON_DMACTL_IMEM_SCRUBBING	2:2
ampere/ga100	dev_falcon_v4.h	NV_PFALCON_FALCON_DMACTL_IMEM_SCRUBBING_DONE	0x0
ampere/ga100	dev_falcon_v4.h	NV_PFALCON_FALCON_DMACTL_REQUIRE_CTX	0:0
ampere/ga100	dev_falcon_v4.h	NV_PFALCON_FALCON_DMACTL_REQUIRE_CTX_FALSE	0x0
ampere/ga100	dev_falcon_v4.h	NV_PFALCON_FALCON_DMATRFBASE	0x110
ampere/ga100	dev_falcon_v4.h	NV_PFALCON_FALCON_DMATRFBASE1	0x128
ampere/ga100	dev_falcon_v4.h	NV_PFALCON_FALCON_DMATRFBASE1_BASE	8:0
ampere/ga100	dev_falcon_v4.h	NV_PFALCON_FALCON_DMATRFBASE_BASE	31:0
ampere/ga100	dev_falcon_v4.h	NV_PFALCON_FALCON_DMATRFCMD	0x118
ampere/ga100	dev_falcon_v4.h	NV_PFALCON_FALCON_DMATRFCMD_CTXDMA	14:12
ampere/ga100	dev_falcon_v4.h	NV_PFALCON_FALCON_DMATRFCMD_FULL	0:0
ampere/ga100	dev_falcon_v4.h	NV_PFALCON_FALCON_DMATRFCMD_FULL_TRUE	0x1
ampere/ga100	dev_falcon_v4.h	NV_PFALCON_FALCON_DMATRFCMD_IDLE	1:1
ampere/ga100	dev_falcon_v4.h	NV_PFALCON_FALCON_DMATRFCMD_IDLE_FALSE	0x0
ampere/ga100	dev_falcon_v4.h	NV_PFALCON_FALCON_DMATRFCMD_IMEM	4:4
ampere/ga100	dev_falcon_v4.h	NV_PFALCON_FALCON_DMATRFCMD_IMEM_FALSE	0x0
ampere/ga100	dev_falcon_v4.h	NV_PFALCON_FALCON_DMATRFCMD_IMEM_TRUE	0x1
ampere/ga100	dev_falcon_v4.h	NV_PFALCON_FALCON_DMATRFCMD_SEC	3:2
ampere/ga100	dev_falcon_v4.h	NV_PFALCON_FALCON_DMATRFCMD_SET_DMTAG	16:16
ampere/ga100	dev_falcon_v4.h	NV_PFALCON_FALCON_DMATRFCMD_SET_DMTAG_TRUE	0x1
ampere/ga100	dev_falcon_v4.h	NV_PFALCON_FALCON_DMATRFCMD_SIZE	10:8
ampere/ga100	dev_falcon_v4.h	NV_PFALCON_FALCON_DMATRFCMD_SIZE_256B	0x6
ampere/ga100	dev_falcon_v4.h	NV_PFALCON_FALCON_DMATRFCMD_WRITE	5:5
ampere/ga100	dev_falcon_v4.h	NV_PFALCON_FALCON_DMATRFCMD_WRITE_FALSE	0x0
ampere/ga100	dev_falcon_v4.h	NV_PFALCON_FALCON_DMATRFCMD_WRITE_TRUE	0x1
ampere/ga100	dev_falcon_v4.h	NV_PFALCON_FALCON_DMATRFFBOFFS	0x11c
ampere/ga100	dev_falcon_v4.h	NV_PFALCON_FALCON_DMATRFFBOFFS_OFFS	31:0
ampere/ga100	dev_falcon_v4.h	NV_PFALCON_FALCON_DMATRFMOFFS	0x114
ampere/ga100	dev_falcon_v4.h	NV_PFALCON_FALCON_DMATRFMOFFS_OFFS	23:0
ampere/ga100	dev_falcon_v4.h	NV_PFALCON_FALCON_DMEMC(0)	0x1c0
ampere/ga100	dev_falcon_v4.h	NV_PFALCON_FALCON_DMEMC(1)	0x1c8
ampere/ga100	dev_falcon_v4.h	NV_PFALCON_FALCON_DMEMC_AINCW	24:24
ampere/ga100	dev_falcon_v4.h	NV_PFALCON_FALCON_DMEMC_AINCW_FALSE	0x0
ampere/ga100	dev_falcon_v4.h	NV_PFALCON_FALCON_DMEMC_AINCW_TRUE	0x1
ampere/ga100	dev_falcon_v4.h	NV_PFALCON_FALCON_DMEMC_BLK	23:8
ampere/ga100	dev_falcon_v4.h	NV_PFALCON_FALCON_DMEMC_OFFS	7:2
ampere/ga100	dev_falcon_v4.h	NV_PFALCON_FALCON_DMEMD(0)	0x1c4
ampere/ga100	dev_falcon_v4.h	NV_PFALCON_FALCON_DMEMD(1)	0x1cc
ampere/ga100	dev_falcon_v4.h	NV_PFALCON_FALCON_DMEMD_DATA	31:0
ampere/ga100	dev_falcon_v4.h	NV_PFALCON_FALCON_HWCFG	0x108
ampere/ga100	dev_falcon_v4.h	NV_PFALCON_FALCON_HWCFG2	0xf4
ampere/ga100	dev_falcon_v4.h	NV_PFALCON_FALCON_HWCFG2_RISCV	10:10
ampere/ga100	dev_falcon_v4.h	NV_PFALCON_FALCON_HWCFG2_RISCV_ENABLE	0x1
ampere/ga100	dev_falcon_v4.h	NV_PFALCON_FALCON_HWCFG_IMEM_SIZE	8:0
ampere/ga100	dev_falcon_v4.h	NV_PFALCON_FALCON_IMEMC(0)	0x180
ampere/ga100	dev_falcon_v4.h	NV_PFALCON_FALCON_IMEMC(1)	0x190
ampere/ga100	dev_falcon_v4.h	NV_PFALCON_FALCON_IMEMC_AINCW	24:24
ampere/ga100	dev_falcon_v4.h	NV_PFALCON_FALCON_IMEMC_AINCW_FALSE	0x0
ampere/ga100	dev_falcon_v4.h	NV_PFALCON_FALCON_IMEMC_AINCW_TRUE	0x1
ampere/ga100	dev_falcon_v4.h	NV_PFALCON_FALCON_IMEMC_BLK	23:8
ampere/ga100	dev_falcon_v4.h	NV_PFALCON_FALCON_IMEMC_OFFS	7:2
ampere/ga100	dev_falcon_v4.h	NV_PFALCON_FALCON_IMEMC_SECURE	28:28
ampere/ga100	dev_falcon_v4.h	NV_PFALCON_FALCON_IMEMD(0)	0x184
ampere/ga100	dev_falcon_v4.h	NV_PFALCON_FALCON_IMEMD(1)	0x194
ampere/ga100	dev_falcon_v4.h	NV_PFALCON_FALCON_IMEMD_DATA	31:0
ampere/ga100	dev_falcon_v4.h	NV_PFALCON_FALCON_IMEMT(0)	0x188
ampere/ga100	dev_falcon_v4.h	NV_PFALCON_FALCON_IMEMT(1)	0x198
ampere/ga100	dev_falcon_v4.h	NV_PFALCON_FALCON_IMEMT_TAG	15:0
ampere/ga100	dev_falcon_v4.h	NV_PFALCON_FALCON_IRQDEST	0x1c
ampere/ga100	dev_falcon_v4.h	NV_PFALCON_FALCON_IRQMASK	0x18
ampere/ga100	dev_falcon_v4.h	NV_PFALCON_FALCON_IRQMCLR	0x14
ampere/ga100	dev_falcon_v4.h	NV_PFALCON_FALCON_IRQMSET	0x10
ampere/ga100	dev_falcon_v4.h	NV_PFALCON_FALCON_IRQSCLR	0x4
ampere/ga100	dev_falcon_v4.h	NV_PFALCON_FALCON_IRQSCLR_HALT	4:4
ampere/ga100	dev_falcon_v4.h	NV_PFALCON_FALCON_IRQSCLR_HALT_SET	0x1
ampere/ga100	dev_falcon_v4.h	NV_PFALCON_FALCON_IRQSCLR_SWGEN0	6:6
ampere/ga100	dev_falcon_v4.h	NV_PFALCON_FALCON_IRQSCLR_SWGEN0_SET	0x1
ampere/ga100	dev_falcon_v4.h	NV_PFALCON_FALCON_IRQSTAT	0x8
ampere/ga100	dev_falcon_v4.h	NV_PFALCON_FALCON_IRQSTAT_HALT	4:4
ampere/ga100	dev_falcon_v4.h	NV_PFALCON_FALCON_IRQSTAT_HALT_TRUE	0x1
ampere/ga100	dev_falcon_v4.h	NV_PFALCON_FALCON_IRQSTAT_SWGEN0	6:6
ampere/ga100	dev_falcon_v4.h	NV_PFALCON_FALCON_IRQSTAT_SWGEN0_TRUE	0x1
ampere/ga100	dev_falcon_v4.h	NV_PFALCON_FALCON_MAILBOX0	0x40
ampere/ga100	dev_falcon_v4.h	NV_PFALCON_FALCON_MAILBOX1	0x44
ampere/ga100	dev_falcon_v4.h	NV_PFALCON_FALCON_OS	0x80
ampere/ga100	dev_falcon_v4.h	NV_PFALCON_FALCON_RM	0x84
ampere/ga100	dev_fault.h	NV_PFAULT_FAULT_TYPE_UNBOUND_INST_BLOCK	0x4
ampere/ga100	dev_fault.h	NV_PFAULT_MMU_ENG_ID_BAR1	0x80
ampere/ga100	dev_fault.h	NV_PFAULT_MMU_ENG_ID_BAR2	0xc0
ampere/ga100	dev_fault.h	NV_PFAULT_MMU_ENG_ID_CE0	0xf
ampere/ga100	dev_fault.h	NV_PFAULT_MMU_ENG_ID_CE1	0x10
ampere/ga100	dev_fault.h	NV_PFAULT_MMU_ENG_ID_CE2	0x11
ampere/ga100	dev_fault.h	NV_PFAULT_MMU_ENG_ID_CE3	0x12
ampere/ga100	dev_fault.h	NV_PFAULT_MMU_ENG_ID_CE4	0x13
ampere/ga100	dev_fault.h	NV_PFAULT_MMU_ENG_ID_CE5	0x14
ampere/ga100	dev_fault.h	NV_PFAULT_MMU_ENG_ID_CE6	0x15
ampere/ga100	dev_fault.h	NV_PFAULT_MMU_ENG_ID_CE7	0x16
ampere/ga100	dev_fault.h	NV_PFAULT_MMU_ENG_ID_CE8	0x17
ampere/ga100	dev_fault.h	NV_PFAULT_MMU_ENG_ID_CE9	0x18
ampere/ga100	dev_fault.h	NV_PFAULT_MMU_ENG_ID_DISPLAY	0x1
ampere/ga100	dev_fault.h	NV_PFAULT_MMU_ENG_ID_FLA	0x4
ampere/ga100	dev_fault.h	NV_PFAULT_MMU_ENG_ID_GRCOPY	0xf
ampere/ga100	dev_fault.h	NV_PFAULT_MMU_ENG_ID_IFB	0x9
ampere/ga100	dev_fault.h	NV_PFAULT_MMU_ENG_ID_NVDEC	0x19
ampere/ga100	dev_fault.h	NV_PFAULT_MMU_ENG_ID_NVDEC0	0x19
ampere/ga100	dev_fault.h	NV_PFAULT_MMU_ENG_ID_NVDEC1	0x1a
ampere/ga100	dev_fault.h	NV_PFAULT_MMU_ENG_ID_NVDEC2	0x1b
ampere/ga100	dev_fault.h	NV_PFAULT_MMU_ENG_ID_NVDEC3	0x1c
ampere/ga100	dev_fault.h	NV_PFAULT_MMU_ENG_ID_NVDEC4	0x1d
ampere/ga100	dev_fault.h	NV_PFAULT_MMU_ENG_ID_NVENC0	0xb
ampere/ga100	dev_fault.h	NV_PFAULT_MMU_ENG_ID_NVENC1	0xc
ampere/ga100	dev_fault.h	NV_PFAULT_MMU_ENG_ID_NVENC2	0xd
ampere/ga100	dev_fault.h	NV_PFAULT_MMU_ENG_ID_NVJPG0	0x1e
ampere/ga100	dev_fault.h	NV_PFAULT_MMU_ENG_ID_OFA0	0xa
ampere/ga100	dev_fault.h	NV_PFAULT_MMU_ENG_ID_PERF	0x8
ampere/ga100	dev_fault.h	NV_PFAULT_MMU_ENG_ID_PHYSICAL	0x1f
ampere/ga100	dev_fault.h	NV_PFAULT_MMU_ENG_ID_PTP	0x3
ampere/ga100	dev_fault.h	NV_PFAULT_MMU_ENG_ID_PWR_PMU	0x6
ampere/ga100	dev_fault.h	NV_PFAULT_MMU_ENG_ID_SEC	0xe
ampere/ga100	dev_fb.h	NV_PFB_NISO_FLUSH_SYSMEM_ADDR	0x100c10
ampere/ga100	dev_fb.h	NV_PFB_NISO_FLUSH_SYSMEM_ADDR_ADR_39_08	31:0
ampere/ga100	dev_fb.h	NV_PFB_NISO_FLUSH_SYSMEM_ADDR_ADR_39_08_INIT	0x0
ampere/ga100	dev_fb.h	NV_PFB_NISO_FLUSH_SYSMEM_ADDR_HI	0x100c40
ampere/ga100	dev_fb.h	NV_PFB_NISO_FLUSH_SYSMEM_ADDR_HI_ADR_63_40	23:0
ampere/ga100	dev_fb.h	NV_PFB_NISO_FLUSH_SYSMEM_ADDR_HI_MASK	0x7f
ampere/ga100	dev_fb.h	NV_PFB_NISO_FLUSH_SYSMEM_ADDR_SHIFT	0x8
ampere/ga100	dev_fb.h	NV_PFB_PRI_MMU_LOCK_ADDR_HI	0x1fa830
ampere/ga100	dev_fb.h	NV_PFB_PRI_MMU_LOCK_ADDR_HI_ALIGNMENT	0xc
ampere/ga100	dev_fb.h	NV_PFB_PRI_MMU_LOCK_ADDR_HI_VAL	31:4
ampere/ga100	dev_fb.h	NV_PFB_PRI_MMU_LOCK_ADDR_LO	0x1fa82c
ampere/ga100	dev_fb.h	NV_PFB_PRI_MMU_LOCK_ADDR_LO_ALIGNMENT	0xc
ampere/ga100	dev_fb.h	NV_PFB_PRI_MMU_LOCK_ADDR_LO_VAL	31:4
ampere/ga100	dev_fb.h	NV_PFB_PRI_MMU_LOCK_ADDR_LO__PRIV_LEVEL_MASK	0x1fa7c8
ampere/ga100	dev_fb.h	NV_PFB_PRI_MMU_LOCK_CFG_PRIV_LEVEL_MASK	0x1fa7c8
ampere/ga100	dev_fb.h	NV_PFB_PRI_MMU_LOCK_CFG_PRIV_LEVEL_MASK_READ_PROTECTION_LEVEL0	0:0
ampere/ga100	dev_fb.h	NV_PFB_PRI_MMU_LOCK_CFG_PRIV_LEVEL_MASK_READ_PROTECTION_LEVEL0_DISABLE	0x0
ampere/ga100	dev_fb.h	NV_PFB_PRI_MMU_LOCK_CFG_PRIV_LEVEL_MASK_READ_PROTECTION_LEVEL0_ENABLE	0x1
ampere/ga100	dev_boot.h	NV_PMC_BOOT_0	0x0
ampere/ga100	dev_riscv_pri.h	NV_PRISCV_RISCV_CORE_SWITCH_RISCV_STATUS	0x240
ampere/ga100	dev_riscv_pri.h	NV_PRISCV_RISCV_CORE_SWITCH_RISCV_STATUS_ACTIVE_STAT	0:0
ampere/ga100	dev_riscv_pri.h	NV_PRISCV_RISCV_CORE_SWITCH_RISCV_STATUS_ACTIVE_STAT_ACTIVE	0x1
ampere/ga100	dev_riscv_pri.h	NV_PRISCV_RISCV_IRQDEST	0x2b8
ampere/ga100	dev_riscv_pri.h	NV_PRISCV_RISCV_IRQMASK	0x2b4
ampere/ga100	dev_sec_pri.h	NV_PSEC	0x843fff:0x840000
ampere/ga100	dev_sec_pri.h	NV_PSEC_FALCON_ENGINE	0x8403c0
ampere/ga100	dev_sec_pri.h	NV_PSEC_FALCON_ENGINE_RESET	0:0
ampere/ga100	dev_sec_pri.h	NV_PSEC_FALCON_ENGINE_RESET_FALSE	0x0
ampere/ga100	dev_sec_pri.h	NV_PSEC_FALCON_ENGINE_RESET_TRUE	0x1
ampere/ga100	dev_sec_addendum.h	NV_PSEC_FBIF_BASE	0x840600
ampere/ga100	dev_sec_pri.h	NV_PSEC_MAILBOX(0)	0x840804
ampere/ga100	dev_sec_pri.h	NV_PSEC_MAILBOX(1)	0x840808
ampere/ga100	dev_sec_pri.h	NV_PSEC_MAILBOX_DATA	31:0
ampere/ga100	dev_sec_pri.h	NV_PSEC_MAILBOX_DATA_INIT	0x0
ampere/ga100	dev_sec_pri.h	NV_PSEC_MAILBOX__SIZE_1	0x4
ampere/ga100	dev_timer.h	NV_PTIMER_ALARM_INTR	0x9140
ampere/ga100	dev_timer.h	NV_PTIMER_ALARM_INTR_MASK	0:0
ampere/ga100	dev_timer.h	NV_PTIMER_ALARM_INTR_MASK_DISABLED	0x0
ampere/ga100	dev_timer.h	NV_PTIMER_ALARM_INTR_MASK_ENABLED	0x1
ampere/ga100	dev_top.h	NV_PTOP_DEVICE_INFO2(0)	0x22800
ampere/ga100	dev_top.h	NV_PTOP_DEVICE_INFO2(1)	0x22804
ampere/ga100	dev_top.h	NV_PTOP_DEVICE_INFO2_DEV_TYPE_ENUM_LCE	0x13
ampere/ga100	dev_top.h	NV_PTOP_DEVICE_INFO_CFG	0x224fc
ampere/ga100	dev_top.h	NV_PTOP_DEVICE_INFO_CFG_MAX_DEVICES	15:4
ampere/ga100	dev_top.h	NV_PTOP_DEVICE_INFO_CFG_MAX_ROWS_PER_DEVICE	19:16
ampere/ga100	dev_top.h	NV_PTOP_DEVICE_INFO_CFG_NUM_ROWS	31:20
ampere/ga100	dev_ram.h	NV_RAMIN_ALLOC_SIZE	0x1000
ampere/ga100	dev_ram.h	NV_RAMUSERD_GET	575:544
ampere/ga100	dev_ram.h	NV_RAMUSERD_GET_HI	799:768
ampere/ga100	dev_ram.h	NV_RAMUSERD_GP_GET	1119:1088
ampere/ga100	dev_ram.h	NV_RAMUSERD_GP_PUT	1151:1120
ampere/ga100	dev_ram.h	NV_RAMUSERD_PUT	543:512
ampere/ga100	dev_ram.h	NV_RAMUSERD_PUT_HI	639:608
ampere/ga100	dev_ram.h	NV_RAMUSERD_REF	607:576
ampere/ga100	dev_ram.h	NV_RAMUSERD_TOP_LEVEL_GET	735:704
ampere/ga100	dev_ram.h	NV_RAMUSERD_TOP_LEVEL_GET_HI	767:736
ampere/ga100	dev_vm.h	NV_VIRTUAL_FUNCTION_DOORBELL	0x30090
ampere/ga100	dev_vm.h	NV_VIRTUAL_FUNCTION_PRIV_CPU_INTR_LEAF(0)	0x1000
ampere/ga100	dev_vm.h	NV_VIRTUAL_FUNCTION_PRIV_CPU_INTR_LEAF(1)	0x1004
ampere/ga100	dev_vm.h	NV_VIRTUAL_FUNCTION_PRIV_CPU_INTR_LEAF_EN_CLEAR(0)	0x1400
ampere/ga100	dev_vm.h	NV_VIRTUAL_FUNCTION_PRIV_CPU_INTR_LEAF_EN_CLEAR(1)	0x1404
ampere/ga100	dev_vm.h	NV_VIRTUAL_FUNCTION_PRIV_CPU_INTR_LEAF_EN_CLEAR_VALUE	31:0
ampere/ga100	dev_vm.h	NV_VIRTUAL_FUNCTION_PRIV_CPU_INTR_LEAF_EN_CLEAR_VALUE_INIT	0x0
ampere/ga100	dev_vm.h	NV_VIRTUAL_FUNCTION_PRIV_CPU_INTR_LEAF_EN_CLEAR__SIZE_1	0x8
ampere/ga100	dev_vm.h	NV_VIRTUAL_FUNCTION_PRIV_CPU_INTR_LEAF_EN_SET(0)	0x1200
ampere/ga100	dev_vm.h	NV_VIRTUAL_FUNCTION_PRIV_CPU_INTR_LEAF_EN_SET(1)	0x1204
ampere/ga100	dev_vm.h	NV_VIRTUAL_FUNCTION_PRIV_CPU_INTR_LEAF_EN_SET_VALUE	31:0
ampere/ga100	dev_vm.h	NV_VIRTUAL_FUNCTION_PRIV_CPU_INTR_LEAF_EN_SET_VALUE_INIT	0x0
ampere/ga100	dev_vm.h	NV_VIRTUAL_FUNCTION_PRIV_CPU_INTR_LEAF_EN_SET__SIZE_1	0x8
ampere/ga100	dev_vm.h	NV_VIRTUAL_FUNCTION_PRIV_CPU_INTR_LEAF_TRIGGER	0x1640
ampere/ga100	dev_vm.h	NV_VIRTUAL_FUNCTION_PRIV_CPU_INTR_LEAF_TRIGGER_VECTOR	11:0
ampere/ga100	dev_vm.h	NV_VIRTUAL_FUNCTION_PRIV_CPU_INTR_LEAF_VALUE	31:0
ampere/ga100	dev_vm.h	NV_VIRTUAL_FUNCTION_PRIV_CPU_INTR_LEAF_VALUE_INIT	0x0
ampere/ga100	dev_vm.h	NV_VIRTUAL_FUNCTION_PRIV_CPU_INTR_LEAF__SIZE_1	0x8
ampere/ga100	dev_vm.h	NV_VIRTUAL_FUNCTION_PRIV_CPU_INTR_TOP(0)	0x1600
ampere/ga100	dev_vm.h	NV_VIRTUAL_FUNCTION_PRIV_CPU_INTR_TOP(1)	0x1604
ampere/ga100	dev_vm.h	NV_VIRTUAL_FUNCTION_PRIV_CPU_INTR_TOP_EN_CLEAR(0)	0x1610
ampere/ga100	dev_vm.h	NV_VIRTUAL_FUNCTION_PRIV_CPU_INTR_TOP_EN_CLEAR(1)	0x1614
ampere/ga100	dev_vm.h	NV_VIRTUAL_FUNCTION_PRIV_CPU_INTR_TOP_EN_CLEAR_SUBTREE(0)	0x0
ampere/ga100	dev_vm.h	NV_VIRTUAL_FUNCTION_PRIV_CPU_INTR_TOP_EN_CLEAR_SUBTREE(1)	0x1
ampere/ga100	dev_vm.h	NV_VIRTUAL_FUNCTION_PRIV_CPU_INTR_TOP_EN_CLEAR_SUBTREE_DISABLE	0x1
ampere/ga100	dev_vm.h	NV_VIRTUAL_FUNCTION_PRIV_CPU_INTR_TOP_EN_CLEAR_SUBTREE_DISABLED	0x0
ampere/ga100	dev_vm.h	NV_VIRTUAL_FUNCTION_PRIV_CPU_INTR_TOP_EN_CLEAR_SUBTREE_ENABLED	0x1
ampere/ga100	dev_vm.h	NV_VIRTUAL_FUNCTION_PRIV_CPU_INTR_TOP_EN_CLEAR_SUBTREE__SIZE_1	0x40
ampere/ga100	dev_vm.h	NV_VIRTUAL_FUNCTION_PRIV_CPU_INTR_TOP_EN_CLEAR_VALUE	31:0
ampere/ga100	dev_vm.h	NV_VIRTUAL_FUNCTION_PRIV_CPU_INTR_TOP_EN_CLEAR__SIZE_1	0x1
ampere/ga100	dev_vm.h	NV_VIRTUAL_FUNCTION_PRIV_CPU_INTR_TOP_EN_SET(0)	0x1608
ampere/ga100	dev_vm.h	NV_VIRTUAL_FUNCTION_PRIV_CPU_INTR_TOP_EN_SET(1)	0x160c
ampere/ga100	dev_vm.h	NV_VIRTUAL_FUNCTION_PRIV_CPU_INTR_TOP_EN_SET_SUBTREE(0)	0x0
ampere/ga100	dev_vm.h	NV_VIRTUAL_FUNCTION_PRIV_CPU_INTR_TOP_EN_SET_SUBTREE(1)	0x1
ampere/ga100	dev_vm.h	NV_VIRTUAL_FUNCTION_PRIV_CPU_INTR_TOP_EN_SET_SUBTREE_DISABLED	0x0
ampere/ga100	dev_vm.h	NV_VIRTUAL_FUNCTION_PRIV_CPU_INTR_TOP_EN_SET_SUBTREE_ENABLE	0x1
ampere/ga100	dev_vm.h	NV_VIRTUAL_FUNCTION_PRIV_CPU_INTR_TOP_EN_SET_SUBTREE_ENABLED	0x1
ampere/ga100	dev_vm.h	NV_VIRTUAL_FUNCTION_PRIV_CPU_INTR_TOP_EN_SET_SUBTREE__SIZE_1	0x40
ampere/ga100	dev_vm.h	NV_VIRTUAL_FUNCTION_PRIV_CPU_INTR_TOP_EN_SET_VALUE	31:0
ampere/ga100	dev_vm.h	NV_VIRTUAL_FUNCTION_PRIV_CPU_INTR_TOP_EN_SET__SIZE_1	0x1
ampere/ga100	dev_vm.h	NV_VIRTUAL_FUNCTION_PRIV_CPU_INTR_TOP_SUBTREE(0)	0x0
ampere/ga100	dev_vm.h	NV_VIRTUAL_FUNCTION_PRIV_CPU_INTR_TOP_SUBTREE(1)	0x1
ampere/ga100	dev_vm.h	NV_VIRTUAL_FUNCTION_PRIV_CPU_INTR_TOP_SUBTREE_INTR_NOT_PENDING	0x0
ampere/ga100	dev_vm.h	NV_VIRTUAL_FUNCTION_PRIV_CPU_INTR_TOP_SUBTREE_INTR_PENDING	0x1
ampere/ga100	dev_vm.h	NV_VIRTUAL_FUNCTION_PRIV_CPU_INTR_TOP_SUBTREE__SIZE_1	0x40
ampere/ga100	dev_vm.h	NV_VIRTUAL_FUNCTION_PRIV_CPU_INTR_TOP_VALUE	31:0
ampere/ga100	dev_vm.h	NV_VIRTUAL_FUNCTION_PRIV_CPU_INTR_TOP__SIZE_1	0x1
ampere/ga100	dev_vm.h	NV_VIRTUAL_FUNCTION_PRIV_DOORBELL	0x2200
ampere/ga100	dev_vm.h	NV_VIRTUAL_FUNCTION_PRIV_MAILBOX_SCRATCH(0)	0x2100
ampere/ga100	dev_vm.h	NV_VIRTUAL_FUNCTION_PRIV_MAILBOX_SCRATCH(1)	0x2104
ampere/ga100	dev_vm.h	NV_VIRTUAL_FUNCTION_PRIV_MMU_INVALIDATE	0x30b0
ampere/ga100	dev_vm.h	NV_VIRTUAL_FUNCTION_PRIV_MMU_INVALIDATE_ACK	8:7
ampere/ga100	dev_vm.h	NV_VIRTUAL_FUNCTION_PRIV_MMU_INVALIDATE_ACK_GLOBALLY	0x1
ampere/ga100	dev_vm.h	NV_VIRTUAL_FUNCTION_PRIV_MMU_INVALIDATE_ACK_INTRANODE	0x2
ampere/ga100	dev_vm.h	NV_VIRTUAL_FUNCTION_PRIV_MMU_INVALIDATE_ACK_NONE_REQUIRED	0x0
ampere/ga100	dev_vm.h	NV_VIRTUAL_FUNCTION_PRIV_MMU_INVALIDATE_ALL_PDB	1:1
ampere/ga100	dev_vm.h	NV_VIRTUAL_FUNCTION_PRIV_MMU_INVALIDATE_ALL_PDB_FALSE	0x0
ampere/ga100	dev_vm.h	NV_VIRTUAL_FUNCTION_PRIV_MMU_INVALIDATE_ALL_PDB_TRUE	0x1
ampere/ga100	dev_vm.h	NV_VIRTUAL_FUNCTION_PRIV_MMU_INVALIDATE_ALL_VA	0:0
ampere/ga100	dev_vm.h	NV_VIRTUAL_FUNCTION_PRIV_MMU_INVALIDATE_ALL_VA_FALSE	0x0
ampere/ga100	dev_vm.h	NV_VIRTUAL_FUNCTION_PRIV_MMU_INVALIDATE_ALL_VA_TRUE	0x1
ampere/ga100	dev_vm.h	NV_VIRTUAL_FUNCTION_PRIV_MMU_INVALIDATE_CACHE_LEVEL	26:24
ampere/ga100	dev_vm.h	NV_VIRTUAL_FUNCTION_PRIV_MMU_INVALIDATE_CACHE_LEVEL_ALL	0x0
ampere/ga100	dev_vm.h	NV_VIRTUAL_FUNCTION_PRIV_MMU_INVALIDATE_CACHE_LEVEL_CANCEL_ALL	0x7
ampere/ga100	dev_vm.h	NV_VIRTUAL_FUNCTION_PRIV_MMU_INVALIDATE_CACHE_LEVEL_CANCEL_ATOMIC_ALL	0x5
ampere/ga100	dev_vm.h	NV_VIRTUAL_FUNCTION_PRIV_MMU_INVALIDATE_CACHE_LEVEL_CANCEL_ATOMIC_STRONG	0x2
ampere/ga100	dev_vm.h	NV_VIRTUAL_FUNCTION_PRIV_MMU_INVALIDATE_CACHE_LEVEL_CANCEL_ATOMIC_WEAK	0x4
ampere/ga100	dev_vm.h	NV_VIRTUAL_FUNCTION_PRIV_MMU_INVALIDATE_CACHE_LEVEL_CANCEL_READ	0x0
ampere/ga100	dev_vm.h	NV_VIRTUAL_FUNCTION_PRIV_MMU_INVALIDATE_CACHE_LEVEL_CANCEL_RSVRVD	0x3
ampere/ga100	dev_vm.h	NV_VIRTUAL_FUNCTION_PRIV_MMU_INVALIDATE_CACHE_LEVEL_CANCEL_WRITE	0x1
ampere/ga100	dev_vm.h	NV_VIRTUAL_FUNCTION_PRIV_MMU_INVALIDATE_CACHE_LEVEL_CANCEL_WRITE_AND_ATOMIC	0x6
ampere/ga100	dev_vm.h	NV_VIRTUAL_FUNCTION_PRIV_MMU_INVALIDATE_CACHE_LEVEL_PTE_ONLY	0x1
ampere/ga100	dev_vm.h	NV_VIRTUAL_FUNCTION_PRIV_MMU_INVALIDATE_CACHE_LEVEL_UP_TO_PDE0	0x2
ampere/ga100	dev_vm.h	NV_VIRTUAL_FUNCTION_PRIV_MMU_INVALIDATE_CACHE_LEVEL_UP_TO_PDE1	0x3
ampere/ga100	dev_vm.h	NV_VIRTUAL_FUNCTION_PRIV_MMU_INVALIDATE_CACHE_LEVEL_UP_TO_PDE2	0x4
ampere/ga100	dev_vm.h	NV_VIRTUAL_FUNCTION_PRIV_MMU_INVALIDATE_CACHE_LEVEL_UP_TO_PDE3	0x5
ampere/ga100	dev_vm.h	NV_VIRTUAL_FUNCTION_PRIV_MMU_INVALIDATE_CACHE_LEVEL_UP_TO_PDE4	0x6
ampere/ga100	dev_vm.h	NV_VIRTUAL_FUNCTION_PRIV_MMU_INVALIDATE_CACHE_LEVEL_UP_TO_PDE5	0x7
ampere/ga100	dev_vm.h	NV_VIRTUAL_FUNCTION_PRIV_MMU_INVALIDATE_CANCEL_CLIENT_ID	14:9
ampere/ga100	dev_vm.h	NV_VIRTUAL_FUNCTION_PRIV_MMU_INVALIDATE_CANCEL_CLIENT_TYPE	20:20
ampere/ga100	dev_vm.h	NV_VIRTUAL_FUNCTION_PRIV_MMU_INVALIDATE_CANCEL_CLIENT_TYPE_GPC	0x0
ampere/ga100	dev_vm.h	NV_VIRTUAL_FUNCTION_PRIV_MMU_INVALIDATE_CANCEL_CLIENT_TYPE_HUB	0x1
ampere/ga100	dev_vm.h	NV_VIRTUAL_FUNCTION_PRIV_MMU_INVALIDATE_CANCEL_GPC_ID	19:15
ampere/ga100	dev_vm.h	NV_VIRTUAL_FUNCTION_PRIV_MMU_INVALIDATE_HUBTLB_ONLY	2:2
ampere/ga100	dev_vm.h	NV_VIRTUAL_FUNCTION_PRIV_MMU_INVALIDATE_HUBTLB_ONLY_FALSE	0x0
ampere/ga100	dev_vm.h	NV_VIRTUAL_FUNCTION_PRIV_MMU_INVALIDATE_HUBTLB_ONLY_TRUE	0x1
ampere/ga100	dev_vm.h	NV_VIRTUAL_FUNCTION_PRIV_MMU_INVALIDATE_INVAL_SCOPE	16:15
ampere/ga100	dev_vm.h	NV_VIRTUAL_FUNCTION_PRIV_MMU_INVALIDATE_INVAL_SCOPE_ALL_TLBS	0x0
ampere/ga100	dev_vm.h	NV_VIRTUAL_FUNCTION_PRIV_MMU_INVALIDATE_INVAL_SCOPE_LINK_TLBS	0x1
ampere/ga100	dev_vm.h	NV_VIRTUAL_FUNCTION_PRIV_MMU_INVALIDATE_INVAL_SCOPE_NON_LINK_TLBS	0x2
ampere/ga100	dev_vm.h	NV_VIRTUAL_FUNCTION_PRIV_MMU_INVALIDATE_MAX_CACHELINE_SIZE	0x10
ampere/ga100	dev_vm.h	NV_VIRTUAL_FUNCTION_PRIV_MMU_INVALIDATE_PROP_FLUSH	23:23
ampere/ga100	dev_vm.h	NV_VIRTUAL_FUNCTION_PRIV_MMU_INVALIDATE_PROP_FLUSH_FALSE	0x0
ampere/ga100	dev_vm.h	NV_VIRTUAL_FUNCTION_PRIV_MMU_INVALIDATE_PROP_FLUSH_TRUE	0x1
ampere/ga100	dev_vm.h	NV_VIRTUAL_FUNCTION_PRIV_MMU_INVALIDATE_REPLAY	5:3
ampere/ga100	dev_vm.h	NV_VIRTUAL_FUNCTION_PRIV_MMU_INVALIDATE_REPLAY_CANCEL_GLOBAL	0x4
ampere/ga100	dev_vm.h	NV_VIRTUAL_FUNCTION_PRIV_MMU_INVALIDATE_REPLAY_CANCEL_TARGETED	0x3
ampere/ga100	dev_vm.h	NV_VIRTUAL_FUNCTION_PRIV_MMU_INVALIDATE_REPLAY_CANCEL_VA_GLOBAL	0x5
ampere/ga100	dev_vm.h	NV_VIRTUAL_FUNCTION_PRIV_MMU_INVALIDATE_REPLAY_NONE	0x0
ampere/ga100	dev_vm.h	NV_VIRTUAL_FUNCTION_PRIV_MMU_INVALIDATE_REPLAY_START	0x1
ampere/ga100	dev_vm.h	NV_VIRTUAL_FUNCTION_PRIV_MMU_INVALIDATE_REPLAY_START_ACK_ALL	0x2
ampere/ga100	dev_vm.h	NV_VIRTUAL_FUNCTION_PRIV_MMU_INVALIDATE_SYS_MEMBAR	6:6
ampere/ga100	dev_vm.h	NV_VIRTUAL_FUNCTION_PRIV_MMU_INVALIDATE_SYS_MEMBAR_FALSE	0x0
ampere/ga100	dev_vm.h	NV_VIRTUAL_FUNCTION_PRIV_MMU_INVALIDATE_SYS_MEMBAR_TRUE	0x1
ampere/ga100	dev_vm.h	NV_VIRTUAL_FUNCTION_PRIV_MMU_INVALIDATE_TRIGGER	31:31
ampere/ga100	dev_vm.h	NV_VIRTUAL_FUNCTION_PRIV_MMU_INVALIDATE_TRIGGER_FALSE	0x0
ampere/ga100	dev_vm.h	NV_VIRTUAL_FUNCTION_PRIV_MMU_INVALIDATE_TRIGGER_TRUE	0x1
ampere/ga100	dev_vm.h	NV_VIRTUAL_FUNCTION_PRIV_MMU_INVALIDATE_USE_PASID	21:21
ampere/ga100	dev_vm.h	NV_VIRTUAL_FUNCTION_PRIV_MMU_INVALIDATE_USE_PASID_FALSE	0x0
ampere/ga100	dev_vm.h	NV_VIRTUAL_FUNCTION_PRIV_MMU_INVALIDATE_USE_PASID_TRUE	0x1
ampere/ga100	dev_vm.h	NV_VIRTUAL_FUNCTION_PRIV_MMU_INVALIDATE_USE_SIZE	22:22
ampere/ga100	dev_vm.h	NV_VIRTUAL_FUNCTION_PRIV_MMU_INVALIDATE_USE_SIZE_FALSE	0x0
ampere/ga100	dev_vm.h	NV_VIRTUAL_FUNCTION_PRIV_MMU_INVALIDATE_USE_SIZE_TRUE	0x1
ampere/ga100	dev_vm.h	NV_VIRTUAL_FUNCTION_TIME_0	0x30080
ampere/ga100	dev_vm.h	NV_VIRTUAL_FUNCTION_TIME_0_NSEC	31:5
ampere/ga100	dev_vm.h	NV_VIRTUAL_FUNCTION_TIME_1	0x30084
ampere/ga100	dev_vm.h	NV_VIRTUAL_FUNCTION_TIME_1_NSEC	28:0
ampere/ga102	dev_falcon_second_pri.h	NV_FALCON2_GSP_BASE	0x111000
ampere/ga102	dev_falcon_second_pri.h	NV_FALCON2_NVDEC0_BASE	0x849c00
ampere/ga102	dev_falcon_second_pri.h	NV_FALCON2_SEC_BASE	0x841000
ampere/ga102	dev_falcon_v4.h	NV_PFALCON_FALCON_BOOTVEC	0x104
ampere/ga102	dev_falcon_v4.h	NV_PFALCON_FALCON_CPUCTL	0x100
ampere/ga102	dev_falcon_v4.h	NV_PFALCON_FALCON_CPUCTL_ALIAS	0x130
ampere/ga102	dev_falcon_v4.h	NV_PFALCON_FALCON_CPUCTL_ALIAS_EN	6:6
ampere/ga102	dev_falcon_v4.h	NV_PFALCON_FALCON_CPUCTL_ALIAS_EN_FALSE	0x0
ampere/ga102	dev_falcon_v4.h	NV_PFALCON_FALCON_CPUCTL_ALIAS_EN_TRUE	0x1
ampere/ga102	dev_falcon_v4.h	NV_PFALCON_FALCON_CPUCTL_ALIAS_STARTCPU	1:1
ampere/ga102	dev_falcon_v4.h	NV_PFALCON_FALCON_CPUCTL_ALIAS_STARTCPU_FALSE	0x0
ampere/ga102	dev_falcon_v4.h	NV_PFALCON_FALCON_CPUCTL_ALIAS_STARTCPU_TRUE	0x1
ampere/ga102	dev_falcon_v4.h	NV_PFALCON_FALCON_CPUCTL_HALTED	4:4
ampere/ga102	dev_falcon_v4.h	NV_PFALCON_FALCON_CPUCTL_HALTED_TRUE	0x1
ampere/ga102	dev_falcon_v4.h	NV_PFALCON_FALCON_CPUCTL_STARTCPU	1:1
ampere/ga102	dev_falcon_v4.h	NV_PFALCON_FALCON_CPUCTL_STARTCPU_FALSE	0x0
ampere/ga102	dev_falcon_v4.h	NV_PFALCON_FALCON_CPUCTL_STARTCPU_TRUE	0x1
ampere/ga102	dev_falcon_v4.h	NV_PFALCON_FALCON_DEBUGINFO	0x94
ampere/ga102	dev_falcon_v4.h	NV_PFALCON_FALCON_DMACTL	0x10c
ampere/ga102	dev_falcon_v4.h	NV_PFALCON_FALCON_DMACTL_DMEM_SCRUBBING	1:1
ampere/ga102	dev_falcon_v4.h	NV_PFALCON_FALCON_DMACTL_DMEM_SCRUBBING_DONE	0x0
ampere/ga102	dev_falcon_v4.h	NV_PFALCON_FALCON_DMACTL_IMEM_SCRUBBING	2:2
ampere/ga102	dev_falcon_v4.h	NV_PFALCON_FALCON_DMACTL_IMEM_SCRUBBING_DONE	0x0
ampere/ga102	dev_falcon_v4.h	NV_PFALCON_FALCON_DMACTL_REQUIRE_CTX	0:0
ampere/ga102	dev_falcon_v4.h	NV_PFALCON_FALCON_DMACTL_REQUIRE_CTX_FALSE	0x0
ampere/ga102	dev_falcon_v4.h	NV_PFALCON_FALCON_DMATRFBASE	0x110
ampere/ga102	dev_falcon_v4.h	NV_PFALCON_FALCON_DMATRFBASE1	0x128
ampere/ga102	dev_falcon_v4.h	NV_PFALCON_FALCON_DMATRFBASE1_BASE	8:0
ampere/ga102	dev_falcon_v4.h	NV_PFALCON_FALCON_DMATRFBASE_BASE	31:0
ampere/ga102	dev_falcon_v4.h	NV_PFALCON_FALCON_DMATRFCMD	0x118
ampere/ga102	dev_falcon_v4.h	NV_PFALCON_FALCON_DMATRFCMD_CTXDMA	14:12
ampere/ga102	dev_falcon_v4.h	NV_PFALCON_FALCON_DMATRFCMD_FULL	0:0
ampere/ga102	dev_falcon_v4.h	NV_PFALCON_FALCON_DMATRFCMD_FULL_FALSE	0x0
ampere/ga102	dev_falcon_v4.h	NV_PFALCON_FALCON_DMATRFCMD_FULL_TRUE	0x1
ampere/ga102	dev_falcon_v4.h	NV_PFALCON_FALCON_DMATRFCMD_IDLE	1:1
ampere/ga102	dev_falcon_v4.h	NV_PFALCON_FALCON_DMATRFCMD_IDLE_FALSE	0x0
ampere/ga102	dev_falcon_v4.h	NV_PFALCON_FALCON_DMATRFCMD_IDLE_TRUE	0x1
ampere/ga102	dev_falcon_v4.h	NV_PFALCON_FALCON_DMATRFCMD_IMEM	4:4
ampere/ga102	dev_falcon_v4.h	NV_PFALCON_FALCON_DMATRFCMD_IMEM_FALSE	0x0
ampere/ga102	dev_falcon_v4.h	NV_PFALCON_FALCON_DMATRFCMD_IMEM_TRUE	0x1
ampere/ga102	dev_falcon_v4.h	NV_PFALCON_FALCON_DMATRFCMD_SEC	3:2
ampere/ga102	dev_falcon_v4.h	NV_PFALCON_FALCON_DMATRFCMD_SET_DMTAG	16:16
ampere/ga102	dev_falcon_v4.h	NV_PFALCON_FALCON_DMATRFCMD_SET_DMTAG_TRUE	0x1
ampere/ga102	dev_falcon_v4.h	NV_PFALCON_FALCON_DMATRFCMD_SIZE	10:8
ampere/ga102	dev_falcon_v4.h	NV_PFALCON_FALCON_DMATRFCMD_SIZE_256B	0x6
ampere/ga102	dev_falcon_v4.h	NV_PFALCON_FALCON_DMATRFCMD_WRITE	5:5
ampere/ga102	dev_falcon_v4.h	NV_PFALCON_FALCON_DMATRFCMD_WRITE_FALSE	0x0
ampere/ga102	dev_falcon_v4.h	NV_PFALCON_FALCON_DMATRFCMD_WRITE_TRUE	0x1
ampere/ga102	dev_falcon_v4.h	NV_PFALCON_FALCON_DMATRFFBOFFS	0x11c
ampere/ga102	dev_falcon_v4.h	NV_PFALCON_FALCON_DMATRFFBOFFS_OFFS	31:0
ampere/ga102	dev_falcon_v4.h	NV_PFALCON_FALCON_DMATRFMOFFS	0x114
ampere/ga102	dev_falcon_v4.h	NV_PFALCON_FALCON_DMATRFMOFFS_OFFS	23:0
ampere/ga102	dev_falcon_v4.h	NV_PFALCON_FALCON_DMEMC(0)	0x1c0
ampere/ga102	dev_falcon_v4.h	NV_PFALCON_FALCON_DMEMC(1)	0x1c8
ampere/ga102	dev_falcon_v4.h	NV_PFALCON_FALCON_DMEMC_AINCW	24:24
ampere/ga102	dev_falcon_v4.h	NV_PFALCON_FALCON_DMEMC_AINCW_FALSE	0x0
ampere/ga102	dev_falcon_v4.h	NV_PFALCON_FALCON_DMEMC_AINCW_TRUE	0x1
ampere/ga102	dev_falcon_v4.h	NV_PFALCON_FALCON_DMEMC_BLK	23:8
ampere/ga102	dev_falcon_v4.h	NV_PFALCON_FALCON_DMEMC_OFFS	7:2
ampere/ga102	dev_falcon_v4.h	NV_PFALCON_FALCON_DMEMD(0)	0x1c4
ampere/ga102	dev_falcon_v4.h	NV_PFALCON_FALCON_DMEMD(1)	0x1cc
ampere/ga102	dev_falcon_v4.h	NV_PFALCON_FALCON_DMEMD_DATA	31:0
ampere/ga102	dev_falcon_v4.h	NV_PFALCON_FALCON_HWCFG	0x108
ampere/ga102	dev_falcon_v4.h	NV_PFALCON_FALCON_HWCFG2	0xf4
ampere/ga102	dev_falcon_v4.h	NV_PFALCON_FALCON_HWCFG2_MEM_SCRUBBING	12:12
ampere/ga102	dev_falcon_v4.h	NV_PFALCON_FALCON_HWCFG2_MEM_SCRUBBING_DONE	0x0
ampere/ga102	dev_falcon_v4_addendum.h	NV_PFALCON_FALCON_HWCFG2_RESET_READY	31:31
ampere/ga102	dev_falcon_v4_addendum.h	NV_PFALCON_FALCON_HWCFG2_RESET_READY_FALSE	0x0
ampere/ga102	dev_falcon_v4_addendum.h	NV_PFALCON_FALCON_HWCFG2_RESET_READY_TRUE	0x1
ampere/ga102	dev_falcon_v4.h	NV_PFALCON_FALCON_HWCFG2_RISCV	10:10
ampere/ga102	dev_falcon_v4.h	NV_PFALCON_FALCON_HWCFG2_RISCV_ENABLE	0x1
ampere/ga102	dev_falcon_v4.h	NV_PFALCON_FALCON_HWCFG_IMEM_SIZE	8:0
ampere/ga102	dev_falcon_v4.h	NV_PFALCON_FALCON_IMEMC(0)	0x180
ampere/ga102	dev_falcon_v4.h	NV_PFALCON_FALCON_IMEMC(1)	0x190
ampere/ga102	dev_falcon_v4.h	NV_PFALCON_FALCON_IMEMC_AINCW	24:24
ampere/ga102	dev_falcon_v4.h	NV_PFALCON_FALCON_IMEMC_AINCW_FALSE	0x0
ampere/ga102	dev_falcon_v4.h	NV_PFALCON_FALCON_IMEMC_AINCW_TRUE	0x1
ampere/ga102	dev_falcon_v4.h	NV_PFALCON_FALCON_IMEMC_BLK	23:8
ampere/ga102	dev_falcon_v4.h	NV_PFALCON_FALCON_IMEMC_OFFS	7:2
ampere/ga102	dev_falcon_v4.h	NV_PFALCON_FALCON_IMEMC_SECURE	28:28
ampere/ga102	dev_falcon_v4.h	NV_PFALCON_FALCON_IMEMD(0)	0x184
ampere/ga102	dev_falcon_v4.h	NV_PFALCON_FALCON_IMEMD(1)	0x194
ampere/ga102	dev_falcon_v4.h	NV_PFALCON_FALCON_IMEMD_DATA	31:0
ampere/ga102	dev_falcon_v4.h	NV_PFALCON_FALCON_IMEMT(0)	0x188
ampere/ga102	dev_falcon_v4.h	NV_PFALCON_FALCON_IMEMT(1)	0x198
ampere/ga102	dev_falcon_v4.h	NV_PFALCON_FALCON_IMEMT_TAG	15:0
ampere/ga102	dev_falcon_v4.h	NV_PFALCON_FALCON_IRQDEST	0x1c
ampere/ga102	dev_falcon_v4.h	NV_PFALCON_FALCON_IRQMASK	0x18
ampere/ga102	dev_falcon_v4.h	NV_PFALCON_FALCON_IRQMCLR	0x14
ampere/ga102	dev_falcon_v4.h	NV_PFALCON_FALCON_IRQMSET	0x10
ampere/ga102	dev_falcon_v4.h	NV_PFALCON_FALCON_IRQSCLR	0x4
ampere/ga102	dev_falcon_v4.h	NV_PFALCON_FALCON_IRQSCLR_HALT	4:4
ampere/ga102	dev_falcon_v4.h	NV_PFALCON_FALCON_IRQSCLR_HALT_SET	0x1
ampere/ga102	dev_falcon_v4.h	NV_PFALCON_FALCON_IRQSCLR_SWGEN0	6:6
ampere/ga102	dev_falcon_v4.h	NV_PFALCON_FALCON_IRQSCLR_SWGEN0_SET	0x1
ampere/ga102	dev_falcon_v4.h	NV_PFALCON_FALCON_IRQSTAT	0x8
ampere/ga102	dev_falcon_v4.h	NV_PFALCON_FALCON_IRQSTAT_HALT	4:4
ampere/ga102	dev_falcon_v4.h	NV_PFALCON_FALCON_IRQSTAT_HALT_TRUE	0x1
ampere/ga102	dev_falcon_v4.h	NV_PFALCON_FALCON_IRQSTAT_SWGEN0	6:6
ampere/ga102	dev_falcon_v4.h	NV_PFALCON_FALCON_IRQSTAT_SWGEN0_TRUE	0x1
ampere/ga102	dev_falcon_v4.h	NV_PFALCON_FALCON_MAILBOX0	0x40
ampere/ga102	dev_falcon_v4.h	NV_PFALCON_FALCON_MAILBOX1	0x44
ampere/ga102	dev_falcon_v4.h	NV_PFALCON_FALCON_OS	0x80
ampere/ga102	dev_falcon_v4.h	NV_PFALCON_FALCON_RM	0x84
ampere/ga102	dev_gc6_island_addendum.h	NV_PGC6_AON_FRTS_INPUT_WPR_SIZE_SECURE_SCRATCH_GROUP_03_0	0x118214
ampere/ga102	dev_gc6_island_addendum.h	NV_PGC6_AON_FRTS_INPUT_WPR_SIZE_SECURE_SCRATCH_GROUP_03_0_WPR_SIZE	15:0
ampere/ga102	dev_gc6_island_addendum.h	NV_PGC6_AON_FRTS_INPUT_WPR_SIZE_SECURE_SCRATCH_GROUP_03_0_WPR_SIZE_1MB_IN_4K	0x100
ampere/ga102	dev_gc6_island.h	NV_PGC6_AON_SECURE_SCRATCH_GROUP_03(0)	0x118214
ampere/ga102	dev_gc6_island.h	NV_PGC6_AON_SECURE_SCRATCH_GROUP_03(1)	0x118218
ampere/ga102	dev_gc6_island.h	NV_PGC6_AON_SECURE_SCRATCH_GROUP_05(0)	0x118234
ampere/ga102	dev_gc6_island.h	NV_PGC6_AON_SECURE_SCRATCH_GROUP_05(1)	0x118238
ampere/ga102	dev_gc6_island_addendum.h	NV_PGC6_AON_SECURE_SCRATCH_GROUP_05_0_GFW_BOOT	0x118234
ampere/ga102	dev_gc6_island_addendum.h	NV_PGC6_AON_SECURE_SCRATCH_GROUP_05_0_GFW_BOOT_PROGRESS	7:0
ampere/ga102	dev_gc6_island_addendum.h	NV_PGC6_AON_SECURE_SCRATCH_GROUP_05_0_GFW_BOOT_PROGRESS_COMPLETED	0xff
ampere/ga102	dev_gc6_island.h	NV_PGC6_AON_SECURE_SCRATCH_GROUP_05_PRIV_LEVEL_MASK	0x118128
ampere/ga102	dev_gc6_island.h	NV_PGC6_AON_SECURE_SCRATCH_GROUP_05_PRIV_LEVEL_MASK_READ_PROTECTION	3:0
ampere/ga102	dev_gc6_island.h	NV_PGC6_AON_SECURE_SCRATCH_GROUP_05_PRIV_LEVEL_MASK_READ_PROTECTION_LEVEL0	0:0
ampere/ga102	dev_gc6_island.h	NV_PGC6_AON_SECURE_SCRATCH_GROUP_05_PRIV_LEVEL_MASK_READ_PROTECTION_LEVEL0_DISABLE	0x0
ampere/ga102	dev_gc6_island.h	NV_PGC6_AON_SECURE_SCRATCH_GROUP_05_PRIV_LEVEL_MASK_READ_PROTECTION_LEVEL0_ENABLE	0x1
ampere/ga102	dev_gc6_island.h	NV_PGC6_AON_SECURE_SCRATCH_GROUP_42	0x1183a4
ampere/ga102	dev_gc6_island.h	NV_PGC6_BSI_SECURE_SCRATCH_14	0x1180f8
ampere/ga102	dev_gc6_island_addendum.h	NV_PGC6_BSI_SECURE_SCRATCH_14_BOOT_STAGE_3_HANDOFF	26:26
ampere/ga102	dev_gc6_island_addendum.h	NV_PGC6_BSI_SECURE_SCRATCH_14_BOOT_STAGE_3_HANDOFF_VALUE_DONE	0x1
ampere/ga102	dev_gc6_island_addendum.h	NV_PGC6_BSI_SECURE_SCRATCH_14_BOOT_STAGE_3_HANDOFF_VALUE_INIT	0x0
ampere/ga102	dev_gsp.h	NV_PGSP	0x113fff:0x110000
ampere/ga102	dev_gsp.h	NV_PGSP_FALCON_ENGINE	0x1103c0
ampere/ga102	dev_gsp.h	NV_PGSP_FALCON_ENGINE_RESET	0:0
ampere/ga102	dev_gsp.h	NV_PGSP_FALCON_ENGINE_RESET_FALSE	0x0
ampere/ga102	dev_gsp.h	NV_PGSP_FALCON_ENGINE_RESET_TRUE	0x1
ampere/ga102	dev_gsp.h	NV_PGSP_FALCON_MAILBOX0	0x110040
ampere/ga102	dev_gsp.h	NV_PGSP_FALCON_MAILBOX0_DATA	31:0
ampere/ga102	dev_gsp.h	NV_PGSP_FALCON_MAILBOX1	0x110044
ampere/ga102	dev_gsp.h	NV_PGSP_FALCON_MAILBOX1_DATA	31:0
ampere/ga102	dev_gsp_addendum.h	NV_PGSP_FBIF_BASE	0x110600
ampere/ga102	dev_gsp.h	NV_PGSP_MAILBOX(0)	0x110804
ampere/ga102	dev_gsp.h	NV_PGSP_MAILBOX(1)	0x110808
ampere/ga102	dev_gsp.h	NV_PGSP_MAILBOX_DATA	31:0
ampere/ga102	dev_gsp.h	NV_PGSP_MAILBOX__SIZE_1	0x4
ampere/ga102	dev_gsp.h	NV_PGSP_QUEUE_HEAD(0)	0x110c00
ampere/ga102	dev_gsp.h	NV_PGSP_QUEUE_HEAD(1)	0x110c08
ampere/ga102	dev_gsp.h	NV_PGSP_QUEUE_HEAD_ADDRESS	31:0
ampere/ga102	dev_gsp.h	NV_PGSP_QUEUE_HEAD__SIZE_1	0x8
ampere/ga102	dev_riscv_pri.h	NV_PRISCV_RISCV_BCR_CTRL	0x668
ampere/ga102	dev_riscv_pri.h	NV_PRISCV_RISCV_BCR_CTRL_BRFETCH	8:8
ampere/ga102	dev_riscv_pri.h	NV_PRISCV_RISCV_BCR_CTRL_BRFETCH_FALSE	0x0
ampere/ga102	dev_riscv_pri.h	NV_PRISCV_RISCV_BCR_CTRL_BRFETCH_TRUE	0x1
ampere/ga102	dev_riscv_pri.h	NV_PRISCV_RISCV_BCR_CTRL_CORE_SELECT	4:4
ampere/ga102	dev_riscv_pri.h	NV_PRISCV_RISCV_BCR_CTRL_CORE_SELECT_FALCON	0x0
ampere/ga102	dev_riscv_pri.h	NV_PRISCV_RISCV_BCR_CTRL_CORE_SELECT_RISCV	0x1
ampere/ga102	dev_riscv_pri.h	NV_PRISCV_RISCV_BCR_CTRL_VALID	0:0
ampere/ga102	dev_riscv_pri.h	NV_PRISCV_RISCV_BCR_CTRL_VALID_FALSE	0x0
ampere/ga102	dev_riscv_pri.h	NV_PRISCV_RISCV_BCR_CTRL_VALID_TRUE	0x1
ampere/ga102	dev_riscv_pri.h	NV_PRISCV_RISCV_CPUCTL	0x388
ampere/ga102	dev_riscv_pri.h	NV_PRISCV_RISCV_CPUCTL_ACTIVE_STAT	7:7
ampere/ga102	dev_riscv_pri.h	NV_PRISCV_RISCV_CPUCTL_ACTIVE_STAT_ACTIVE	0x1
ampere/ga102	dev_riscv_pri.h	NV_PRISCV_RISCV_CPUCTL_HALTED	4:4
ampere/ga102	dev_riscv_pri.h	NV_PRISCV_RISCV_IRQDELEG	0x534
ampere/ga102	dev_riscv_pri.h	NV_PRISCV_RISCV_IRQDEST	0x52c
ampere/ga102	dev_riscv_pri.h	NV_PRISCV_RISCV_IRQMASK	0x528
ampere/ga102	dev_sec_pri.h	NV_PSEC	0x843fff:0x840000
ampere/ga102	dev_sec_pri.h	NV_PSEC_FALCON_ENGINE	0x8403c0
ampere/ga102	dev_sec_pri.h	NV_PSEC_FALCON_ENGINE_RESET	0:0
ampere/ga102	dev_sec_pri.h	NV_PSEC_FALCON_ENGINE_RESET_FALSE	0x0
ampere/ga102	dev_sec_pri.h	NV_PSEC_FALCON_ENGINE_RESET_TRUE	0x1
ampere/ga102	dev_sec_addendum.h	NV_PSEC_FBIF_BASE	0x840600
ampere/ga102	dev_sec_pri.h	NV_PSEC_MAILBOX(0)	0x840804
ampere/ga102	dev_sec_pri.h	NV_PSEC_MAILBOX(1)	0x840808
ampere/ga102	dev_sec_pri.h	NV_PSEC_MAILBOX_DATA	31:0
ampere/ga102	dev_sec_pri.h	NV_PSEC_MAILBOX_DATA_INIT	0x0
ampere/ga102	dev_sec_pri.h	NV_PSEC_MAILBOX__SIZE_1	0x4
ampere/ga102	dev_gc6_island_addendum.h	NV_USABLE_FB_SIZE_IN_MB	0x1183a4
ampere/ga102	dev_gc6_island_addendum.h	NV_USABLE_FB_SIZE_IN_MB_VALUE	31:0
ampere/ga102	dev_gc6_island_addendum.h	NV_USABLE_FB_SIZE_IN_MB_VALUE_INIT	0x0
ampere/ga102	dev_vm.h	NV_VIRTUAL_FUNCTION_PRIV_CPU_INTR_LEAF(0)	0x1000
ampere/ga102	dev_vm.h	NV_VIRTUAL_FUNCTION_PRIV_CPU_INTR_LEAF(1)	0x1004
ampere/ga102	dev_vm.h	NV_VIRTUAL_FUNCTION_PRIV_CPU_INTR_LEAF_EN_CLEAR(0)	0x1400
ampere/ga102	dev_vm.h	NV_VIRTUAL_FUNCTION_PRIV_CPU_INTR_LEAF_EN_CLEAR(1)	0x1404
ampere/ga102	dev_vm.h	NV_VIRTUAL_FUNCTION_PRIV_CPU_INTR_LEAF_EN_CLEAR_VALUE	31:0
ampere/ga102	dev_vm.h	NV_VIRTUAL_FUNCTION_PRIV_CPU_INTR_LEAF_EN_CLEAR_VALUE_INIT	0x0
ampere/ga102	dev_vm.h	NV_VIRTUAL_FUNCTION_PRIV_CPU_INTR_LEAF_EN_CLEAR__SIZE_1	0x8
ampere/ga102	dev_vm.h	NV_VIRTUAL_FUNCTION_PRIV_CPU_INTR_LEAF_EN_SET(0)	0x1200
ampere/ga102	dev_vm.h	NV_VIRTUAL_FUNCTION_PRIV_CPU_INTR_LEAF_EN_SET(1)	0x1204
ampere/ga102	dev_vm.h	NV_VIRTUAL_FUNCTION_PRIV_CPU_INTR_LEAF_EN_SET_VALUE	31:0
ampere/ga102	dev_vm.h	NV_VIRTUAL_FUNCTION_PRIV_CPU_INTR_LEAF_EN_SET_VALUE_INIT	0x0
ampere/ga102	dev_vm.h	NV_VIRTUAL_FUNCTION_PRIV_CPU_INTR_LEAF_EN_SET__SIZE_1	0x8
ampere/ga102	dev_vm.h	NV_VIRTUAL_FUNCTION_PRIV_CPU_INTR_LEAF_TRIGGER	0x1640
ampere/ga102	dev_vm.h	NV_VIRTUAL_FUNCTION_PRIV_CPU_INTR_LEAF_TRIGGER_VECTOR	11:0
ampere/ga102	dev_vm.h	NV_VIRTUAL_FUNCTION_PRIV_CPU_INTR_LEAF_VALUE	31:0
ampere/ga102	dev_vm.h	NV_VIRTUAL_FUNCTION_PRIV_CPU_INTR_LEAF_VALUE_INIT	0x0
ampere/ga102	dev_vm.h	NV_VIRTUAL_FUNCTION_PRIV_CPU_INTR_LEAF__SIZE_1	0x8
ampere/ga102	dev_vm.h	NV_VIRTUAL_FUNCTION_PRIV_CPU_INTR_TOP(0)	0x1600
ampere/ga102	dev_vm.h	NV_VIRTUAL_FUNCTION_PRIV_CPU_INTR_TOP(1)	0x1604
ampere/ga102	dev_vm.h	NV_VIRTUAL_FUNCTION_PRIV_CPU_INTR_TOP_EN_CLEAR(0)	0x1610
ampere/ga102	dev_vm.h	NV_VIRTUAL_FUNCTION_PRIV_CPU_INTR_TOP_EN_CLEAR(1)	0x1614
ampere/ga102	dev_vm.h	NV_VIRTUAL_FUNCTION_PRIV_CPU_INTR_TOP_EN_CLEAR_SUBTREE(0)	0x0
ampere/ga102	dev_vm.h	NV_VIRTUAL_FUNCTION_PRIV_CPU_INTR_TOP_EN_CLEAR_SUBTREE(1)	0x1
ampere/ga102	dev_vm.h	NV_VIRTUAL_FUNCTION_PRIV_CPU_INTR_TOP_EN_CLEAR_SUBTREE_DISABLE	0x1
ampere/ga102	dev_vm.h	NV_VIRTUAL_FUNCTION_PRIV_CPU_INTR_TOP_EN_CLEAR_SUBTREE_DISABLED	0x0
ampere/ga102	dev_vm.h	NV_VIRTUAL_FUNCTION_PRIV_CPU_INTR_TOP_EN_CLEAR_SUBTREE_ENABLED	0x1
ampere/ga102	dev_vm.h	NV_VIRTUAL_FUNCTION_PRIV_CPU_INTR_TOP_EN_CLEAR_SUBTREE__SIZE_1	0x40
ampere/ga102	dev_vm.h	NV_VIRTUAL_FUNCTION_PRIV_CPU_INTR_TOP_EN_CLEAR_VALUE	31:0
ampere/ga102	dev_vm.h	NV_VIRTUAL_FUNCTION_PRIV_CPU_INTR_TOP_EN_CLEAR__SIZE_1	0x1
ampere/ga102	dev_vm.h	NV_VIRTUAL_FUNCTION_PRIV_CPU_INTR_TOP_EN_SET(0)	0x1608
ampere/ga102	dev_vm.h	NV_VIRTUAL_FUNCTION_PRIV_CPU_INTR_TOP_EN_SET(1)	0x160c
ampere/ga102	dev_vm.h	NV_VIRTUAL_FUNCTION_PRIV_CPU_INTR_TOP_EN_SET_SUBTREE(0)	0x0
ampere/ga102	dev_vm.h	NV_VIRTUAL_FUNCTION_PRIV_CPU_INTR_TOP_EN_SET_SUBTREE(1)	0x1
ampere/ga102	dev_vm.h	NV_VIRTUAL_FUNCTION_PRIV_CPU_INTR_TOP_EN_SET_SUBTREE_DISABLED	0x0
ampere/ga102	dev_vm.h	NV_VIRTUAL_FUNCTION_PRIV_CPU_INTR_TOP_EN_SET_SUBTREE_ENABLE	0x1
ampere/ga102	dev_vm.h	NV_VIRTUAL_FUNCTION_PRIV_CPU_INTR_TOP_EN_SET_SUBTREE_ENABLED	0x1
ampere/ga102	dev_vm.h	NV_VIRTUAL_FUNCTION_PRIV_CPU_INTR_TOP_EN_SET_SUBTREE__SIZE_1	0x40
ampere/ga102	dev_vm.h	NV_VIRTUAL_FUNCTION_PRIV_CPU_INTR_TOP_EN_SET_VALUE	31:0
ampere/ga102	dev_vm.h	NV_VIRTUAL_FUNCTION_PRIV_CPU_INTR_TOP_EN_SET__SIZE_1	0x1
ampere/ga102	dev_vm.h	NV_VIRTUAL_FUNCTION_PRIV_CPU_INTR_TOP_SUBTREE(0)	0x0
ampere/ga102	dev_vm.h	NV_VIRTUAL_FUNCTION_PRIV_CPU_INTR_TOP_SUBTREE(1)	0x1
ampere/ga102	dev_vm.h	NV_VIRTUAL_FUNCTION_PRIV_CPU_INTR_TOP_SUBTREE_INTR_NOT_PENDING	0x0
ampere/ga102	dev_vm.h	NV_VIRTUAL_FUNCTION_PRIV_CPU_INTR_TOP_SUBTREE_INTR_PENDING	0x1
ampere/ga102	dev_vm.h	NV_VIRTUAL_FUNCTION_PRIV_CPU_INTR_TOP_SUBTREE__SIZE_1	0x40
ampere/ga102	dev_vm.h	NV_VIRTUAL_FUNCTION_PRIV_CPU_INTR_TOP_VALUE	31:0
ampere/ga102	dev_vm.h	NV_VIRTUAL_FUNCTION_PRIV_CPU_INTR_TOP__SIZE_1	0x1
ampere/ga102	dev_vm.h	NV_VIRTUAL_FUNCTION_PRIV_DOORBELL	0x2200
ampere/ga102	dev_vm.h	NV_VIRTUAL_FUNCTION_PRIV_MAILBOX_SCRATCH(0)	0x2100
ampere/ga102	dev_vm.h	NV_VIRTUAL_FUNCTION_PRIV_MAILBOX_SCRATCH(1)	0x2104
ampere/ga10b	dev_ram.h	NV_RAMIN_ENGINE_CTXSW_FW_MAGIC_VALUE	0x107f:0x1060
ampere/ga10b	dev_ram.h	NV_RAMIN_ENGINE_CTXSW_FW_MAGIC_VALUE_V	0xcafeca11
blackwell/gb100	dev_bus.h	NV_PBUS_SW_SCRATCH(0)	0x1400
blackwell/gb100	dev_bus.h	NV_PBUS_SW_SCRATCH(1)	0x1404
blackwell/gb100	dev_bus.h	NV_PBUS_SW_SCRATCH_FIELD	31:0
blackwell/gb100	dev_bus.h	NV_PBUS_SW_SCRATCH_FIELD_INIT	0x0
blackwell/gb100	dev_bus.h	NV_PBUS_SW_SCRATCH__SIZE_1	0x40
blackwell/gb100	dev_pcfg_pf0.h	NV_PF0_LINK_CAPABILITIES	0x4c
blackwell/gb100	dev_falcon_v4.h	NV_PFALCON_FALCON_IRQSTAT_EXT_EXTIRQ7	14:14
blackwell/gb100	dev_falcon_v4.h	NV_PFALCON_FALCON_IRQSTAT_EXT_EXTIRQ7_FALSE	0x0
blackwell/gb100	dev_falcon_v4.h	NV_PFALCON_FALCON_IRQSTAT_EXT_EXTIRQ7_TRUE	0x1
blackwell/gb100	dev_fault.h	NV_PFAULT_ACCESS_TYPE_ATOMIC	0x2
blackwell/gb100	dev_fault.h	NV_PFAULT_ACCESS_TYPE_PHYS_ATOMIC	0xa
blackwell/gb100	dev_fault.h	NV_PFAULT_ACCESS_TYPE_PHYS_PREFETCH	0xb
blackwell/gb100	dev_fault.h	NV_PFAULT_ACCESS_TYPE_PHYS_READ	0x8
blackwell/gb100	dev_fault.h	NV_PFAULT_ACCESS_TYPE_PHYS_WRITE	0x9
blackwell/gb100	dev_fault.h	NV_PFAULT_ACCESS_TYPE_PREFETCH	0x3
blackwell/gb100	dev_fault.h	NV_PFAULT_ACCESS_TYPE_READ	0x0
blackwell/gb100	dev_fault.h	NV_PFAULT_ACCESS_TYPE_VIRT_ATOMIC	0x2
blackwell/gb100	dev_fault.h	NV_PFAULT_ACCESS_TYPE_VIRT_ATOMIC_STRONG	0x2
blackwell/gb100	dev_fault.h	NV_PFAULT_ACCESS_TYPE_VIRT_ATOMIC_WEAK	0x4
blackwell/gb100	dev_fault.h	NV_PFAULT_ACCESS_TYPE_VIRT_PREFETCH	0x3
blackwell/gb100	dev_fault.h	NV_PFAULT_ACCESS_TYPE_VIRT_READ	0x0
blackwell/gb100	dev_fault.h	NV_PFAULT_ACCESS_TYPE_VIRT_WRITE	0x1
blackwell/gb100	dev_fault.h	NV_PFAULT_ACCESS_TYPE_WRITE	0x1
blackwell/gb100	dev_fault.h	NV_PFAULT_FAULT_TYPE_ATOMIC_VIOLATION	0xf
blackwell/gb100	dev_fault.h	NV_PFAULT_FAULT_TYPE_CC_VIOLATION	0xb
blackwell/gb100	dev_fault.h	NV_PFAULT_FAULT_TYPE_PDE	0x0
blackwell/gb100	dev_fault.h	NV_PFAULT_FAULT_TYPE_PDE_SIZE	0x1
blackwell/gb100	dev_fault.h	NV_PFAULT_FAULT_TYPE_PITCH_MASK_VIOLATION	0x8
blackwell/gb100	dev_fault.h	NV_PFAULT_FAULT_TYPE_POISONED	0xe
blackwell/gb100	dev_fault.h	NV_PFAULT_FAULT_TYPE_PRIV_VIOLATION	0x5
blackwell/gb100	dev_fault.h	NV_PFAULT_FAULT_TYPE_PTE	0x2
blackwell/gb100	dev_fault.h	NV_PFAULT_FAULT_TYPE_REGION_VIOLATION	0xd
blackwell/gb100	dev_fault.h	NV_PFAULT_FAULT_TYPE_RO_VIOLATION	0x6
blackwell/gb100	dev_fault.h	NV_PFAULT_FAULT_TYPE_UNBOUND_INST_BLOCK	0x4
blackwell/gb100	dev_fault.h	NV_PFAULT_FAULT_TYPE_UNSUPPORTED_APERTURE	0xa
blackwell/gb100	dev_fault.h	NV_PFAULT_FAULT_TYPE_UNSUPPORTED_KIND	0xc
blackwell/gb100	dev_fault.h	NV_PFAULT_FAULT_TYPE_VA_LIMIT_VIOLATION	0x3
blackwell/gb100	dev_fault.h	NV_PFAULT_FAULT_TYPE_WORK_CREATION	0x9
blackwell/gb100	dev_fault.h	NV_PFAULT_FAULT_TYPE_WO_VIOLATION	0x7
blackwell/gb100	dev_fault.h	NV_PFAULT_MMU_CLIENT_TYPE_GPC	0x0
blackwell/gb100	dev_fault.h	NV_PFAULT_MMU_CLIENT_TYPE_HUB	0x1
blackwell/gb100	dev_fault.h	NV_PFAULT_MMU_ENG_ID_BAR1	0x100
blackwell/gb100	dev_fault.h	NV_PFAULT_MMU_ENG_ID_BAR1_FN0	0x100
blackwell/gb100	dev_fault.h	NV_PFAULT_MMU_ENG_ID_BAR1_FN1	0x101
blackwell/gb100	dev_fault.h	NV_PFAULT_MMU_ENG_ID_BAR1_FN10	0x10a
blackwell/gb100	dev_fault.h	NV_PFAULT_MMU_ENG_ID_BAR1_FN11	0x10b
blackwell/gb100	dev_fault.h	NV_PFAULT_MMU_ENG_ID_BAR1_FN12	0x10c
blackwell/gb100	dev_fault.h	NV_PFAULT_MMU_ENG_ID_BAR1_FN13	0x10d
blackwell/gb100	dev_fault.h	NV_PFAULT_MMU_ENG_ID_BAR1_FN14	0x10e
blackwell/gb100	dev_fault.h	NV_PFAULT_MMU_ENG_ID_BAR1_FN15	0x10f
blackwell/gb100	dev_fault.h	NV_PFAULT_MMU_ENG_ID_BAR1_FN16	0x110
blackwell/gb100	dev_fault.h	NV_PFAULT_MMU_ENG_ID_BAR1_FN17	0x111
blackwell/gb100	dev_fault.h	NV_PFAULT_MMU_ENG_ID_BAR1_FN18	0x112
blackwell/gb100	dev_fault.h	NV_PFAULT_MMU_ENG_ID_BAR1_FN19	0x113
blackwell/gb100	dev_fault.h	NV_PFAULT_MMU_ENG_ID_BAR1_FN2	0x102
blackwell/gb100	dev_fault.h	NV_PFAULT_MMU_ENG_ID_BAR1_FN20	0x114
blackwell/gb100	dev_fault.h	NV_PFAULT_MMU_ENG_ID_BAR1_FN21	0x115
blackwell/gb100	dev_fault.h	NV_PFAULT_MMU_ENG_ID_BAR1_FN22	0x116
blackwell/gb100	dev_fault.h	NV_PFAULT_MMU_ENG_ID_BAR1_FN23	0x117
blackwell/gb100	dev_fault.h	NV_PFAULT_MMU_ENG_ID_BAR1_FN24	0x118
blackwell/gb100	dev_fault.h	NV_PFAULT_MMU_ENG_ID_BAR1_FN25	0x119
blackwell/gb100	dev_fault.h	NV_PFAULT_MMU_ENG_ID_BAR1_FN26	0x11a
blackwell/gb100	dev_fault.h	NV_PFAULT_MMU_ENG_ID_BAR1_FN27	0x11b
blackwell/gb100	dev_fault.h	NV_PFAULT_MMU_ENG_ID_BAR1_FN28	0x11c
blackwell/gb100	dev_fault.h	NV_PFAULT_MMU_ENG_ID_BAR1_FN29	0x11d
blackwell/gb100	dev_fault.h	NV_PFAULT_MMU_ENG_ID_BAR1_FN3	0x103
blackwell/gb100	dev_fault.h	NV_PFAULT_MMU_ENG_ID_BAR1_FN30	0x11e
blackwell/gb100	dev_fault.h	NV_PFAULT_MMU_ENG_ID_BAR1_FN31	0x11f
blackwell/gb100	dev_fault.h	NV_PFAULT_MMU_ENG_ID_BAR1_FN32	0x120
blackwell/gb100	dev_fault.h	NV_PFAULT_MMU_ENG_ID_BAR1_FN33	0x121
blackwell/gb100	dev_fault.h	NV_PFAULT_MMU_ENG_ID_BAR1_FN34	0x122
blackwell/gb100	dev_fault.h	NV_PFAULT_MMU_ENG_ID_BAR1_FN35	0x123
blackwell/gb100	dev_fault.h	NV_PFAULT_MMU_ENG_ID_BAR1_FN36	0x124
blackwell/gb100	dev_fault.h	NV_PFAULT_MMU_ENG_ID_BAR1_FN37	0x125
blackwell/gb100	dev_fault.h	NV_PFAULT_MMU_ENG_ID_BAR1_FN38	0x126
blackwell/gb100	dev_fault.h	NV_PFAULT_MMU_ENG_ID_BAR1_FN39	0x127
blackwell/gb100	dev_fault.h	NV_PFAULT_MMU_ENG_ID_BAR1_FN4	0x104
blackwell/gb100	dev_fault.h	NV_PFAULT_MMU_ENG_ID_BAR1_FN40	0x128
blackwell/gb100	dev_fault.h	NV_PFAULT_MMU_ENG_ID_BAR1_FN41	0x129
blackwell/gb100	dev_fault.h	NV_PFAULT_MMU_ENG_ID_BAR1_FN42	0x12a
blackwell/gb100	dev_fault.h	NV_PFAULT_MMU_ENG_ID_BAR1_FN43	0x12b
blackwell/gb100	dev_fault.h	NV_PFAULT_MMU_ENG_ID_BAR1_FN44	0x12c
blackwell/gb100	dev_fault.h	NV_PFAULT_MMU_ENG_ID_BAR1_FN45	0x12d
blackwell/gb100	dev_fault.h	NV_PFAULT_MMU_ENG_ID_BAR1_FN46	0x12e
blackwell/gb100	dev_fault.h	NV_PFAULT_MMU_ENG_ID_BAR1_FN47	0x12f
blackwell/gb100	dev_fault.h	NV_PFAULT_MMU_ENG_ID_BAR1_FN48	0x130
blackwell/gb100	dev_fault.h	NV_PFAULT_MMU_ENG_ID_BAR1_FN49	0x131
blackwell/gb100	dev_fault.h	NV_PFAULT_MMU_ENG_ID_BAR1_FN5	0x105
blackwell/gb100	dev_fault.h	NV_PFAULT_MMU_ENG_ID_BAR1_FN50	0x132
blackwell/gb100	dev_fault.h	NV_PFAULT_MMU_ENG_ID_BAR1_FN51	0x133
blackwell/gb100	dev_fault.h	NV_PFAULT_MMU_ENG_ID_BAR1_FN52	0x134
blackwell/gb100	dev_fault.h	NV_PFAULT_MMU_ENG_ID_BAR1_FN53	0x135
blackwell/gb100	dev_fault.h	NV_PFAULT_MMU_ENG_ID_BAR1_FN54	0x136
blackwell/gb100	dev_fault.h	NV_PFAULT_MMU_ENG_ID_BAR1_FN55	0x137
blackwell/gb100	dev_fault.h	NV_PFAULT_MMU_ENG_ID_BAR1_FN56	0x138
blackwell/gb100	dev_fault.h	NV_PFAULT_MMU_ENG_ID_BAR1_FN57	0x139
blackwell/gb100	dev_fault.h	NV_PFAULT_MMU_ENG_ID_BAR1_FN58	0x13a
blackwell/gb100	dev_fault.h	NV_PFAULT_MMU_ENG_ID_BAR1_FN59	0x13b
blackwell/gb100	dev_fault.h	NV_PFAULT_MMU_ENG_ID_BAR1_FN6	0x106
blackwell/gb100	dev_fault.h	NV_PFAULT_MMU_ENG_ID_BAR1_FN60	0x13c
blackwell/gb100	dev_fault.h	NV_PFAULT_MMU_ENG_ID_BAR1_FN61	0x13d
blackwell/gb100	dev_fault.h	NV_PFAULT_MMU_ENG_ID_BAR1_FN62	0x13e
blackwell/gb100	dev_fault.h	NV_PFAULT_MMU_ENG_ID_BAR1_FN63	0x13f
blackwell/gb100	dev_fault.h	NV_PFAULT_MMU_ENG_ID_BAR1_FN7	0x107
blackwell/gb100	dev_fault.h	NV_PFAULT_MMU_ENG_ID_BAR1_FN8	0x108
blackwell/gb100	dev_fault.h	NV_PFAULT_MMU_ENG_ID_BAR1_FN9	0x109
blackwell/gb100	dev_fault.h	NV_PFAULT_MMU_ENG_ID_BAR2	0x140
blackwell/gb100	dev_fault.h	NV_PFAULT_MMU_ENG_ID_BAR2_FN0	0x140
blackwell/gb100	dev_fault.h	NV_PFAULT_MMU_ENG_ID_BAR2_FN1	0x141
blackwell/gb100	dev_fault.h	NV_PFAULT_MMU_ENG_ID_BAR2_FN10	0x14a
blackwell/gb100	dev_fault.h	NV_PFAULT_MMU_ENG_ID_BAR2_FN11	0x14b
blackwell/gb100	dev_fault.h	NV_PFAULT_MMU_ENG_ID_BAR2_FN12	0x14c
blackwell/gb100	dev_fault.h	NV_PFAULT_MMU_ENG_ID_BAR2_FN13	0x14d
blackwell/gb100	dev_fault.h	NV_PFAULT_MMU_ENG_ID_BAR2_FN14	0x14e
blackwell/gb100	dev_fault.h	NV_PFAULT_MMU_ENG_ID_BAR2_FN15	0x14f
blackwell/gb100	dev_fault.h	NV_PFAULT_MMU_ENG_ID_BAR2_FN16	0x150
blackwell/gb100	dev_fault.h	NV_PFAULT_MMU_ENG_ID_BAR2_FN17	0x151
blackwell/gb100	dev_fault.h	NV_PFAULT_MMU_ENG_ID_BAR2_FN18	0x152
blackwell/gb100	dev_fault.h	NV_PFAULT_MMU_ENG_ID_BAR2_FN19	0x153
blackwell/gb100	dev_fault.h	NV_PFAULT_MMU_ENG_ID_BAR2_FN2	0x142
blackwell/gb100	dev_fault.h	NV_PFAULT_MMU_ENG_ID_BAR2_FN20	0x154
blackwell/gb100	dev_fault.h	NV_PFAULT_MMU_ENG_ID_BAR2_FN21	0x155
blackwell/gb100	dev_fault.h	NV_PFAULT_MMU_ENG_ID_BAR2_FN22	0x156
blackwell/gb100	dev_fault.h	NV_PFAULT_MMU_ENG_ID_BAR2_FN23	0x157
blackwell/gb100	dev_fault.h	NV_PFAULT_MMU_ENG_ID_BAR2_FN24	0x158
blackwell/gb100	dev_fault.h	NV_PFAULT_MMU_ENG_ID_BAR2_FN25	0x159
blackwell/gb100	dev_fault.h	NV_PFAULT_MMU_ENG_ID_BAR2_FN26	0x15a
blackwell/gb100	dev_fault.h	NV_PFAULT_MMU_ENG_ID_BAR2_FN27	0x15b
blackwell/gb100	dev_fault.h	NV_PFAULT_MMU_ENG_ID_BAR2_FN28	0x15c
blackwell/gb100	dev_fault.h	NV_PFAULT_MMU_ENG_ID_BAR2_FN29	0x15d
blackwell/gb100	dev_fault.h	NV_PFAULT_MMU_ENG_ID_BAR2_FN3	0x143
blackwell/gb100	dev_fault.h	NV_PFAULT_MMU_ENG_ID_BAR2_FN30	0x15e
blackwell/gb100	dev_fault.h	NV_PFAULT_MMU_ENG_ID_BAR2_FN31	0x15f
blackwell/gb100	dev_fault.h	NV_PFAULT_MMU_ENG_ID_BAR2_FN32	0x160
blackwell/gb100	dev_fault.h	NV_PFAULT_MMU_ENG_ID_BAR2_FN33	0x161
blackwell/gb100	dev_fault.h	NV_PFAULT_MMU_ENG_ID_BAR2_FN34	0x162
blackwell/gb100	dev_fault.h	NV_PFAULT_MMU_ENG_ID_BAR2_FN35	0x163
blackwell/gb100	dev_fault.h	NV_PFAULT_MMU_ENG_ID_BAR2_FN36	0x164
blackwell/gb100	dev_fault.h	NV_PFAULT_MMU_ENG_ID_BAR2_FN37	0x165
blackwell/gb100	dev_fault.h	NV_PFAULT_MMU_ENG_ID_BAR2_FN38	0x166
blackwell/gb100	dev_fault.h	NV_PFAULT_MMU_ENG_ID_BAR2_FN39	0x167
blackwell/gb100	dev_fault.h	NV_PFAULT_MMU_ENG_ID_BAR2_FN4	0x144
blackwell/gb100	dev_fault.h	NV_PFAULT_MMU_ENG_ID_BAR2_FN40	0x168
blackwell/gb100	dev_fault.h	NV_PFAULT_MMU_ENG_ID_BAR2_FN41	0x169
blackwell/gb100	dev_fault.h	NV_PFAULT_MMU_ENG_ID_BAR2_FN42	0x16a
blackwell/gb100	dev_fault.h	NV_PFAULT_MMU_ENG_ID_BAR2_FN43	0x16b
blackwell/gb100	dev_fault.h	NV_PFAULT_MMU_ENG_ID_BAR2_FN44	0x16c
blackwell/gb100	dev_fault.h	NV_PFAULT_MMU_ENG_ID_BAR2_FN45	0x16d
blackwell/gb100	dev_fault.h	NV_PFAULT_MMU_ENG_ID_BAR2_FN46	0x16e
blackwell/gb100	dev_fault.h	NV_PFAULT_MMU_ENG_ID_BAR2_FN47	0x16f
blackwell/gb100	dev_fault.h	NV_PFAULT_MMU_ENG_ID_BAR2_FN48	0x170
blackwell/gb100	dev_fault.h	NV_PFAULT_MMU_ENG_ID_BAR2_FN49	0x171
blackwell/gb100	dev_fault.h	NV_PFAULT_MMU_ENG_ID_BAR2_FN5	0x145
blackwell/gb100	dev_fault.h	NV_PFAULT_MMU_ENG_ID_BAR2_FN50	0x172
blackwell/gb100	dev_fault.h	NV_PFAULT_MMU_ENG_ID_BAR2_FN51	0x173
blackwell/gb100	dev_fault.h	NV_PFAULT_MMU_ENG_ID_BAR2_FN52	0x174
blackwell/gb100	dev_fault.h	NV_PFAULT_MMU_ENG_ID_BAR2_FN53	0x175
blackwell/gb100	dev_fault.h	NV_PFAULT_MMU_ENG_ID_BAR2_FN54	0x176
blackwell/gb100	dev_fault.h	NV_PFAULT_MMU_ENG_ID_BAR2_FN55	0x177
blackwell/gb100	dev_fault.h	NV_PFAULT_MMU_ENG_ID_BAR2_FN56	0x178
blackwell/gb100	dev_fault.h	NV_PFAULT_MMU_ENG_ID_BAR2_FN57	0x179
blackwell/gb100	dev_fault.h	NV_PFAULT_MMU_ENG_ID_BAR2_FN58	0x17a
blackwell/gb100	dev_fault.h	NV_PFAULT_MMU_ENG_ID_BAR2_FN59	0x17b
blackwell/gb100	dev_fault.h	NV_PFAULT_MMU_ENG_ID_BAR2_FN6	0x146
blackwell/gb100	dev_fault.h	NV_PFAULT_MMU_ENG_ID_BAR2_FN60	0x17c
blackwell/gb100	dev_fault.h	NV_PFAULT_MMU_ENG_ID_BAR2_FN61	0x17d
blackwell/gb100	dev_fault.h	NV_PFAULT_MMU_ENG_ID_BAR2_FN62	0x17e
blackwell/gb100	dev_fault.h	NV_PFAULT_MMU_ENG_ID_BAR2_FN63	0x17f
blackwell/gb100	dev_fault.h	NV_PFAULT_MMU_ENG_ID_BAR2_FN7	0x147
blackwell/gb100	dev_fault.h	NV_PFAULT_MMU_ENG_ID_BAR2_FN8	0x148
blackwell/gb100	dev_fault.h	NV_PFAULT_MMU_ENG_ID_BAR2_FN9	0x149
blackwell/gb100	dev_fault.h	NV_PFAULT_MMU_ENG_ID_CE0	0x41
blackwell/gb100	dev_fault.h	NV_PFAULT_MMU_ENG_ID_CE1	0x42
blackwell/gb100	dev_fault.h	NV_PFAULT_MMU_ENG_ID_CE10	0x4b
blackwell/gb100	dev_fault.h	NV_PFAULT_MMU_ENG_ID_CE11	0x4c
blackwell/gb100	dev_fault.h	NV_PFAULT_MMU_ENG_ID_CE12	0x4d
blackwell/gb100	dev_fault.h	NV_PFAULT_MMU_ENG_ID_CE13	0x4e
blackwell/gb100	dev_fault.h	NV_PFAULT_MMU_ENG_ID_CE14	0x4f
blackwell/gb100	dev_fault.h	NV_PFAULT_MMU_ENG_ID_CE15	0x50
blackwell/gb100	dev_fault.h	NV_PFAULT_MMU_ENG_ID_CE16	0x51
blackwell/gb100	dev_fault.h	NV_PFAULT_MMU_ENG_ID_CE17	0x52
blackwell/gb100	dev_fault.h	NV_PFAULT_MMU_ENG_ID_CE18	0x53
blackwell/gb100	dev_fault.h	NV_PFAULT_MMU_ENG_ID_CE19	0x54
blackwell/gb100	dev_fault.h	NV_PFAULT_MMU_ENG_ID_CE2	0x43
blackwell/gb100	dev_fault.h	NV_PFAULT_MMU_ENG_ID_CE3	0x44
blackwell/gb100	dev_fault.h	NV_PFAULT_MMU_ENG_ID_CE4	0x45
blackwell/gb100	dev_fault.h	NV_PFAULT_MMU_ENG_ID_CE5	0x46
blackwell/gb100	dev_fault.h	NV_PFAULT_MMU_ENG_ID_CE6	0x47
blackwell/gb100	dev_fault.h	NV_PFAULT_MMU_ENG_ID_CE7	0x48
blackwell/gb100	dev_fault.h	NV_PFAULT_MMU_ENG_ID_CE8	0x49
blackwell/gb100	dev_fault.h	NV_PFAULT_MMU_ENG_ID_CE9	0x4a
blackwell/gb100	dev_fault.h	NV_PFAULT_MMU_ENG_ID_DISPLAY	0x1
blackwell/gb100	dev_fault.h	NV_PFAULT_MMU_ENG_ID_FLA	0x4
blackwell/gb100	dev_fault.h	NV_PFAULT_MMU_ENG_ID_FSP	0x7
blackwell/gb100	dev_fault.h	NV_PFAULT_MMU_ENG_ID_GRAPHICS	0x180
blackwell/gb100	dev_fault.h	NV_PFAULT_MMU_ENG_ID_GRCOPY	0x41
blackwell/gb100	dev_fault.h	NV_PFAULT_MMU_ENG_ID_GSP	0x2
blackwell/gb100	dev_fault.h	NV_PFAULT_MMU_ENG_ID_GSPLITE	0x14
blackwell/gb100	dev_fault.h	NV_PFAULT_MMU_ENG_ID_HOST0	0x55
blackwell/gb100	dev_fault.h	NV_PFAULT_MMU_ENG_ID_HOST1	0x56
blackwell/gb100	dev_fault.h	NV_PFAULT_MMU_ENG_ID_HOST10	0x5f
blackwell/gb100	dev_fault.h	NV_PFAULT_MMU_ENG_ID_HOST11	0x60
blackwell/gb100	dev_fault.h	NV_PFAULT_MMU_ENG_ID_HOST12	0x61
blackwell/gb100	dev_fault.h	NV_PFAULT_MMU_ENG_ID_HOST13	0x62
blackwell/gb100	dev_fault.h	NV_PFAULT_MMU_ENG_ID_HOST14	0x63
blackwell/gb100	dev_fault.h	NV_PFAULT_MMU_ENG_ID_HOST15	0x64
blackwell/gb100	dev_fault.h	NV_PFAULT_MMU_ENG_ID_HOST16	0x65
blackwell/gb100	dev_fault.h	NV_PFAULT_MMU_ENG_ID_HOST17	0x66
blackwell/gb100	dev_fault.h	NV_PFAULT_MMU_ENG_ID_HOST18	0x67
blackwell/gb100	dev_fault.h	NV_PFAULT_MMU_ENG_ID_HOST19	0x68
blackwell/gb100	dev_fault.h	NV_PFAULT_MMU_ENG_ID_HOST2	0x57
blackwell/gb100	dev_fault.h	NV_PFAULT_MMU_ENG_ID_HOST20	0x69
blackwell/gb100	dev_fault.h	NV_PFAULT_MMU_ENG_ID_HOST21	0x6a
blackwell/gb100	dev_fault.h	NV_PFAULT_MMU_ENG_ID_HOST22	0x6b
blackwell/gb100	dev_fault.h	NV_PFAULT_MMU_ENG_ID_HOST23	0x6c
blackwell/gb100	dev_fault.h	NV_PFAULT_MMU_ENG_ID_HOST24	0x6d
blackwell/gb100	dev_fault.h	NV_PFAULT_MMU_ENG_ID_HOST25	0x6e
blackwell/gb100	dev_fault.h	NV_PFAULT_MMU_ENG_ID_HOST26	0x6f
blackwell/gb100	dev_fault.h	NV_PFAULT_MMU_ENG_ID_HOST27	0x70
blackwell/gb100	dev_fault.h	NV_PFAULT_MMU_ENG_ID_HOST28	0x71
blackwell/gb100	dev_fault.h	NV_PFAULT_MMU_ENG_ID_HOST29	0x72
blackwell/gb100	dev_fault.h	NV_PFAULT_MMU_ENG_ID_HOST3	0x58
blackwell/gb100	dev_fault.h	NV_PFAULT_MMU_ENG_ID_HOST30	0x73
blackwell/gb100	dev_fault.h	NV_PFAULT_MMU_ENG_ID_HOST31	0x74
blackwell/gb100	dev_fault.h	NV_PFAULT_MMU_ENG_ID_HOST32	0x75
blackwell/gb100	dev_fault.h	NV_PFAULT_MMU_ENG_ID_HOST33	0x76
blackwell/gb100	dev_fault.h	NV_PFAULT_MMU_ENG_ID_HOST34	0x77
blackwell/gb100	dev_fault.h	NV_PFAULT_MMU_ENG_ID_HOST35	0x78
blackwell/gb100	dev_fault.h	NV_PFAULT_MMU_ENG_ID_HOST36	0x79
blackwell/gb100	dev_fault.h	NV_PFAULT_MMU_ENG_ID_HOST37	0x7a
blackwell/gb100	dev_fault.h	NV_PFAULT_MMU_ENG_ID_HOST38	0x7b
blackwell/gb100	dev_fault.h	NV_PFAULT_MMU_ENG_ID_HOST39	0x7c
blackwell/gb100	dev_fault.h	NV_PFAULT_MMU_ENG_ID_HOST4	0x59
blackwell/gb100	dev_fault.h	NV_PFAULT_MMU_ENG_ID_HOST40	0x7d
blackwell/gb100	dev_fault.h	NV_PFAULT_MMU_ENG_ID_HOST41	0x7e
blackwell/gb100	dev_fault.h	NV_PFAULT_MMU_ENG_ID_HOST42	0x7f
blackwell/gb100	dev_fault.h	NV_PFAULT_MMU_ENG_ID_HOST43	0x80
blackwell/gb100	dev_fault.h	NV_PFAULT_MMU_ENG_ID_HOST44	0x81
blackwell/gb100	dev_fault.h	NV_PFAULT_MMU_ENG_ID_HOST5	0x5a
blackwell/gb100	dev_fault.h	NV_PFAULT_MMU_ENG_ID_HOST6	0x5b
blackwell/gb100	dev_fault.h	NV_PFAULT_MMU_ENG_ID_HOST7	0x5c
blackwell/gb100	dev_fault.h	NV_PFAULT_MMU_ENG_ID_HOST8	0x5d
blackwell/gb100	dev_fault.h	NV_PFAULT_MMU_ENG_ID_HOST9	0x5e
blackwell/gb100	dev_fault.h	NV_PFAULT_MMU_ENG_ID_IFB	0x37
blackwell/gb100	dev_fault.h	NV_PFAULT_MMU_ENG_ID_NVDEC	0x1c
blackwell/gb100	dev_fault.h	NV_PFAULT_MMU_ENG_ID_NVDEC0	0x1c
blackwell/gb100	dev_fault.h	NV_PFAULT_MMU_ENG_ID_NVDEC1	0x1d
blackwell/gb100	dev_fault.h	NV_PFAULT_MMU_ENG_ID_NVDEC2	0x1e
blackwell/gb100	dev_fault.h	NV_PFAULT_MMU_ENG_ID_NVDEC3	0x1f
blackwell/gb100	dev_fault.h	NV_PFAULT_MMU_ENG_ID_NVDEC4	0x20
blackwell/gb100	dev_fault.h	NV_PFAULT_MMU_ENG_ID_NVDEC5	0x21
blackwell/gb100	dev_fault.h	NV_PFAULT_MMU_ENG_ID_NVDEC6	0x22
blackwell/gb100	dev_fault.h	NV_PFAULT_MMU_ENG_ID_NVDEC7	0x23
blackwell/gb100	dev_fault.h	NV_PFAULT_MMU_ENG_ID_NVENC0	0x2c
blackwell/gb100	dev_fault.h	NV_PFAULT_MMU_ENG_ID_NVENC1	0x2d
blackwell/gb100	dev_fault.h	NV_PFAULT_MMU_ENG_ID_NVENC2	0x2e
blackwell/gb100	dev_fault.h	NV_PFAULT_MMU_ENG_ID_NVENC3	0x2f
blackwell/gb100	dev_fault.h	NV_PFAULT_MMU_ENG_ID_NVJPG0	0x24
blackwell/gb100	dev_fault.h	NV_PFAULT_MMU_ENG_ID_NVJPG1	0x25
blackwell/gb100	dev_fault.h	NV_PFAULT_MMU_ENG_ID_NVJPG2	0x26
blackwell/gb100	dev_fault.h	NV_PFAULT_MMU_ENG_ID_NVJPG3	0x27
blackwell/gb100	dev_fault.h	NV_PFAULT_MMU_ENG_ID_NVJPG4	0x28
blackwell/gb100	dev_fault.h	NV_PFAULT_MMU_ENG_ID_NVJPG5	0x29
blackwell/gb100	dev_fault.h	NV_PFAULT_MMU_ENG_ID_NVJPG6	0x2a
blackwell/gb100	dev_fault.h	NV_PFAULT_MMU_ENG_ID_NVJPG7	0x2b
blackwell/gb100	dev_fault.h	NV_PFAULT_MMU_ENG_ID_OFA0	0x30
blackwell/gb100	dev_fault.h	NV_PFAULT_MMU_ENG_ID_PERF	0xa
blackwell/gb100	dev_fault.h	NV_PFAULT_MMU_ENG_ID_PERF0	0xa
blackwell/gb100	dev_fault.h	NV_PFAULT_MMU_ENG_ID_PERF1	0xb
blackwell/gb100	dev_fault.h	NV_PFAULT_MMU_ENG_ID_PERF2	0xc
blackwell/gb100	dev_fault.h	NV_PFAULT_MMU_ENG_ID_PERF3	0xd
blackwell/gb100	dev_fault.h	NV_PFAULT_MMU_ENG_ID_PERF4	0xe
blackwell/gb100	dev_fault.h	NV_PFAULT_MMU_ENG_ID_PERF5	0xf
blackwell/gb100	dev_fault.h	NV_PFAULT_MMU_ENG_ID_PERF6	0x10
blackwell/gb100	dev_fault.h	NV_PFAULT_MMU_ENG_ID_PERF7	0x11
blackwell/gb100	dev_fault.h	NV_PFAULT_MMU_ENG_ID_PERF8	0x12
blackwell/gb100	dev_fault.h	NV_PFAULT_MMU_ENG_ID_PERF9	0x13
blackwell/gb100	dev_fault.h	NV_PFAULT_MMU_ENG_ID_PHYSICAL	0x38
blackwell/gb100	dev_fault.h	NV_PFAULT_MMU_ENG_ID_PTP	0x3
blackwell/gb100	dev_fault.h	NV_PFAULT_MMU_ENG_ID_PWR_PMU	0x5
blackwell/gb100	dev_fault.h	NV_PFAULT_MMU_ENG_ID_SEC	0x6
blackwell/gb100	dev_fb.h	NV_PFB_PRI_MMU_LOCAL_MEMORY_RANGE	0x1fa3e0
blackwell/gb100	dev_fb.h	NV_PFB_PRI_MMU_LOCAL_MEMORY_RANGE_LOWER_MAG	27:4
blackwell/gb100	dev_fb.h	NV_PFB_PRI_MMU_LOCAL_MEMORY_RANGE_LOWER_MAG_INIT	0x0
blackwell/gb100	dev_fb.h	NV_PFB_PRI_MMU_LOCAL_MEMORY_RANGE_LOWER_SCALE	3:0
blackwell/gb100	dev_fb.h	NV_PFB_PRI_MMU_LOCAL_MEMORY_RANGE_LOWER_SCALE_INIT	0x0
blackwell/gb100	dev_fb.h	NV_PFB_PRI_MMU_LOCAL_MEMORY_RANGE__PRIV_LEVEL_MASK	0x1fa7c4
blackwell/gb100	dev_fsp_pri.h	NV_PFSP_FALCON_COMMON_SCRATCH_GROUP_2(0)	0x8f0320
blackwell/gb100	dev_fsp_pri.h	NV_PFSP_FALCON_COMMON_SCRATCH_GROUP_2(1)	0x8f0324
blackwell/gb100	dev_fsp_pri.h	NV_PFSP_FALCON_COMMON_SCRATCH_GROUP_2_VAL	31:0
blackwell/gb100	dev_fsp_pri.h	NV_PFSP_FALCON_COMMON_SCRATCH_GROUP_2_VAL_INIT	0x0
blackwell/gb100	dev_fsp_pri.h	NV_PFSP_FALCON_COMMON_SCRATCH_GROUP_2__DEVICE_MAP	0x16
blackwell/gb100	dev_fsp_pri.h	NV_PFSP_FALCON_COMMON_SCRATCH_GROUP_2__SIZE_1	0x4
blackwell/gb100	dev_fsp_pri.h	NV_PFSP_FALCON_COMMON_SCRATCH_GROUP_3(0)	0x8f0330
blackwell/gb100	dev_fsp_pri.h	NV_PFSP_FALCON_COMMON_SCRATCH_GROUP_3(1)	0x8f0334
blackwell/gb100	dev_fsp_pri.h	NV_PFSP_FALCON_COMMON_SCRATCH_GROUP_3_VAL	31:0
blackwell/gb100	dev_fsp_pri.h	NV_PFSP_FALCON_COMMON_SCRATCH_GROUP_3_VAL_INIT	0x0
blackwell/gb100	dev_fsp_pri.h	NV_PFSP_FALCON_COMMON_SCRATCH_GROUP_3__SIZE_1	0x4
blackwell/gb100	dev_fsp_addendum.h	NV_PFSP_FUSE_ERROR_CHECK	0x8f033c
blackwell/gb100	dev_fsp_addendum.h	NV_PFSP_FUSE_ERROR_CHECK_STATUS	31:0
blackwell/gb100	dev_fsp_addendum.h	NV_PFSP_FUSE_ERROR_CHECK_STATUS_SUCCESS	0x0
blackwell/gb100	dev_fsp_pri.h	NV_PFSP_MNOC_BASE	0x8f1e00
blackwell/gb100	dev_gc6_island.h	NV_PGC6_BSI_SECURE_SCRATCH_12	0x1180f0
blackwell/gb100	dev_gc6_island.h	NV_PGC6_BSI_SECURE_SCRATCH_12_DATA	31:0
blackwell/gb100	dev_gc6_island.h	NV_PGC6_BSI_SECURE_SCRATCH_12_DATA_INIT	0x0
blackwell/gb100	dev_gc6_island_addendum.h	NV_PGC6_BSI_SECURE_SCRATCH_MMU_LOCAL_MEMORY_RANGE	0x1180f0
blackwell/gb100	dev_gsp.h	NV_PGSP_ECC_INTR_STATUS	0x110888
blackwell/gb100	dev_gsp.h	NV_PGSP_ECC_INTR_STATUS_CORRECTED	0:0
blackwell/gb100	dev_gsp.h	NV_PGSP_ECC_INTR_STATUS_CORRECTED_NOT_PENDING	0x0
blackwell/gb100	dev_gsp.h	NV_PGSP_ECC_INTR_STATUS_CORRECTED_PENDING	0x1
blackwell/gb100	dev_gsp.h	NV_PGSP_ECC_INTR_STATUS_UNCORRECTED	1:1
blackwell/gb100	dev_gsp.h	NV_PGSP_ECC_INTR_STATUS_UNCORRECTED_NOT_PENDING	0x0
blackwell/gb100	dev_gsp.h	NV_PGSP_ECC_INTR_STATUS_UNCORRECTED_PENDING	0x1
blackwell/gb100	dev_gsp.h	NV_PGSP_EMEMC(0)	0x110ac0
blackwell/gb100	dev_gsp.h	NV_PGSP_EMEMC(1)	0x110ac8
blackwell/gb100	dev_gsp.h	NV_PGSP_EMEMC_AINCR	25:25
blackwell/gb100	dev_gsp.h	NV_PGSP_EMEMC_AINCR_FALSE	0x0
blackwell/gb100	dev_gsp.h	NV_PGSP_EMEMC_AINCR_INIT	0x0
blackwell/gb100	dev_gsp.h	NV_PGSP_EMEMC_AINCR_TRUE	0x1
blackwell/gb100	dev_gsp.h	NV_PGSP_EMEMC_AINCW	24:24
blackwell/gb100	dev_gsp.h	NV_PGSP_EMEMC_AINCW_FALSE	0x0
blackwell/gb100	dev_gsp.h	NV_PGSP_EMEMC_AINCW_INIT	0x0
blackwell/gb100	dev_gsp.h	NV_PGSP_EMEMC_AINCW_TRUE	0x1
blackwell/gb100	dev_gsp.h	NV_PGSP_EMEMC_BLK	15:8
blackwell/gb100	dev_gsp.h	NV_PGSP_EMEMC_BLK_INIT	0x0
blackwell/gb100	dev_gsp.h	NV_PGSP_EMEMC_OFFS	7:2
blackwell/gb100	dev_gsp.h	NV_PGSP_EMEMC_OFFS_INIT	0x0
blackwell/gb100	dev_gsp.h	NV_PGSP_EMEMC__SIZE_1	0x8
blackwell/gb100	dev_gsp.h	NV_PGSP_EMEMD(0)	0x110ac4
blackwell/gb100	dev_gsp.h	NV_PGSP_EMEMD(1)	0x110acc
blackwell/gb100	dev_gsp.h	NV_PGSP_EMEMD_DATA	31:0
blackwell/gb100	dev_gsp.h	NV_PGSP_EMEMD__SIZE_1	0x8
blackwell/gb100	dev_gsp.h	NV_PGSP_FALCON_ECC_CORRECTED_ERR_COUNT	0x110880
blackwell/gb100	dev_gsp.h	NV_PGSP_FALCON_ECC_CORRECTED_ERR_COUNT_TOTAL	15:0
blackwell/gb100	dev_gsp.h	NV_PGSP_FALCON_ECC_CORRECTED_ERR_COUNT_TOTAL_INIT	0x0
blackwell/gb100	dev_gsp.h	NV_PGSP_FALCON_ECC_CORRECTED_ERR_COUNT_UNIQUE	31:16
blackwell/gb100	dev_gsp.h	NV_PGSP_FALCON_ECC_CORRECTED_ERR_COUNT_UNIQUE_INIT	0x0
blackwell/gb100	dev_gsp.h	NV_PGSP_FALCON_ECC_STATUS	0x110878
blackwell/gb100	dev_gsp.h	NV_PGSP_FALCON_ECC_STATUS_CORRECTED_ERR_TOTAL_COUNTER_OVERFLOW	16:16
blackwell/gb100	dev_gsp.h	NV_PGSP_FALCON_ECC_STATUS_CORRECTED_ERR_TOTAL_COUNTER_OVERFLOW_CLEAR	0x1
blackwell/gb100	dev_gsp.h	NV_PGSP_FALCON_ECC_STATUS_CORRECTED_ERR_TOTAL_COUNTER_OVERFLOW_NOT_PENDING	0x0
blackwell/gb100	dev_gsp.h	NV_PGSP_FALCON_ECC_STATUS_CORRECTED_ERR_TOTAL_COUNTER_OVERFLOW_PENDING	0x1
blackwell/gb100	dev_gsp.h	NV_PGSP_FALCON_ECC_STATUS_CORRECTED_ERR_UNIQUE_COUNTER_OVERFLOW	17:17
blackwell/gb100	dev_gsp.h	NV_PGSP_FALCON_ECC_STATUS_CORRECTED_ERR_UNIQUE_COUNTER_OVERFLOW_CLEAR	0x1
blackwell/gb100	dev_gsp.h	NV_PGSP_FALCON_ECC_STATUS_CORRECTED_ERR_UNIQUE_COUNTER_OVERFLOW_NOT_PENDING	0x0
blackwell/gb100	dev_gsp.h	NV_PGSP_FALCON_ECC_STATUS_CORRECTED_ERR_UNIQUE_COUNTER_OVERFLOW_PENDING	0x1
blackwell/gb100	dev_gsp.h	NV_PGSP_FALCON_ECC_STATUS_RESET	31:31
blackwell/gb100	dev_gsp.h	NV_PGSP_FALCON_ECC_STATUS_RESET_INIT	0x0
blackwell/gb100	dev_gsp.h	NV_PGSP_FALCON_ECC_STATUS_RESET_TASK	0x1
blackwell/gb100	dev_gsp.h	NV_PGSP_FALCON_ECC_STATUS_UNCORRECTED_ERR_DCACHE	15:15
blackwell/gb100	dev_gsp.h	NV_PGSP_FALCON_ECC_STATUS_UNCORRECTED_ERR_DCACHE_CLEAR	0x1
blackwell/gb100	dev_gsp.h	NV_PGSP_FALCON_ECC_STATUS_UNCORRECTED_ERR_DCACHE_NOT_PENDING	0x0
blackwell/gb100	dev_gsp.h	NV_PGSP_FALCON_ECC_STATUS_UNCORRECTED_ERR_DCACHE_PENDING	0x1
blackwell/gb100	dev_gsp.h	NV_PGSP_FALCON_ECC_STATUS_UNCORRECTED_ERR_DCLS	11:11
blackwell/gb100	dev_gsp.h	NV_PGSP_FALCON_ECC_STATUS_UNCORRECTED_ERR_DCLS_CLEAR	0x1
blackwell/gb100	dev_gsp.h	NV_PGSP_FALCON_ECC_STATUS_UNCORRECTED_ERR_DCLS_NOT_PENDING	0x0
blackwell/gb100	dev_gsp.h	NV_PGSP_FALCON_ECC_STATUS_UNCORRECTED_ERR_DCLS_PENDING	0x1
blackwell/gb100	dev_gsp.h	NV_PGSP_FALCON_ECC_STATUS_UNCORRECTED_ERR_DMEM	9:9
blackwell/gb100	dev_gsp.h	NV_PGSP_FALCON_ECC_STATUS_UNCORRECTED_ERR_DMEM_CLEAR	0x1
blackwell/gb100	dev_gsp.h	NV_PGSP_FALCON_ECC_STATUS_UNCORRECTED_ERR_DMEM_NOT_PENDING	0x0
blackwell/gb100	dev_gsp.h	NV_PGSP_FALCON_ECC_STATUS_UNCORRECTED_ERR_DMEM_PENDING	0x1
blackwell/gb100	dev_gsp.h	NV_PGSP_FALCON_ECC_STATUS_UNCORRECTED_ERR_EMEM	13:13
blackwell/gb100	dev_gsp.h	NV_PGSP_FALCON_ECC_STATUS_UNCORRECTED_ERR_EMEM_CLEAR	0x1
blackwell/gb100	dev_gsp.h	NV_PGSP_FALCON_ECC_STATUS_UNCORRECTED_ERR_EMEM_NOT_PENDING	0x0
blackwell/gb100	dev_gsp.h	NV_PGSP_FALCON_ECC_STATUS_UNCORRECTED_ERR_EMEM_PENDING	0x1
blackwell/gb100	dev_gsp.h	NV_PGSP_FALCON_ECC_STATUS_UNCORRECTED_ERR_ICACHE	14:14
blackwell/gb100	dev_gsp.h	NV_PGSP_FALCON_ECC_STATUS_UNCORRECTED_ERR_ICACHE_CLEAR	0x1
blackwell/gb100	dev_gsp.h	NV_PGSP_FALCON_ECC_STATUS_UNCORRECTED_ERR_ICACHE_NOT_PENDING	0x0
blackwell/gb100	dev_gsp.h	NV_PGSP_FALCON_ECC_STATUS_UNCORRECTED_ERR_ICACHE_PENDING	0x1
blackwell/gb100	dev_gsp.h	NV_PGSP_FALCON_ECC_STATUS_UNCORRECTED_ERR_IMEM	8:8
blackwell/gb100	dev_gsp.h	NV_PGSP_FALCON_ECC_STATUS_UNCORRECTED_ERR_IMEM_CLEAR	0x1
blackwell/gb100	dev_gsp.h	NV_PGSP_FALCON_ECC_STATUS_UNCORRECTED_ERR_IMEM_NOT_PENDING	0x0
blackwell/gb100	dev_gsp.h	NV_PGSP_FALCON_ECC_STATUS_UNCORRECTED_ERR_IMEM_PENDING	0x1
blackwell/gb100	dev_gsp.h	NV_PGSP_FALCON_ECC_STATUS_UNCORRECTED_ERR_MPU_RAM	10:10
blackwell/gb100	dev_gsp.h	NV_PGSP_FALCON_ECC_STATUS_UNCORRECTED_ERR_MPU_RAM_CLEAR	0x1
blackwell/gb100	dev_gsp.h	NV_PGSP_FALCON_ECC_STATUS_UNCORRECTED_ERR_MPU_RAM_NOT_PENDING	0x0
blackwell/gb100	dev_gsp.h	NV_PGSP_FALCON_ECC_STATUS_UNCORRECTED_ERR_MPU_RAM_PENDING	0x1
blackwell/gb100	dev_gsp.h	NV_PGSP_FALCON_ECC_STATUS_UNCORRECTED_ERR_REG	12:12
blackwell/gb100	dev_gsp.h	NV_PGSP_FALCON_ECC_STATUS_UNCORRECTED_ERR_REG_CLEAR	0x1
blackwell/gb100	dev_gsp.h	NV_PGSP_FALCON_ECC_STATUS_UNCORRECTED_ERR_REG_NOT_PENDING	0x0
blackwell/gb100	dev_gsp.h	NV_PGSP_FALCON_ECC_STATUS_UNCORRECTED_ERR_REG_PENDING	0x1
blackwell/gb100	dev_gsp.h	NV_PGSP_FALCON_ECC_STATUS_UNCORRECTED_ERR_TOTAL_COUNTER_OVERFLOW	18:18
blackwell/gb100	dev_gsp.h	NV_PGSP_FALCON_ECC_STATUS_UNCORRECTED_ERR_TOTAL_COUNTER_OVERFLOW_CLEAR	0x1
blackwell/gb100	dev_gsp.h	NV_PGSP_FALCON_ECC_STATUS_UNCORRECTED_ERR_TOTAL_COUNTER_OVERFLOW_NOT_PENDING	0x0
blackwell/gb100	dev_gsp.h	NV_PGSP_FALCON_ECC_STATUS_UNCORRECTED_ERR_TOTAL_COUNTER_OVERFLOW_PENDING	0x1
blackwell/gb100	dev_gsp.h	NV_PGSP_FALCON_ECC_STATUS_UNCORRECTED_ERR_UNIQUE_COUNTER_OVERFLOW	19:19
blackwell/gb100	dev_gsp.h	NV_PGSP_FALCON_ECC_STATUS_UNCORRECTED_ERR_UNIQUE_COUNTER_OVERFLOW_CLEAR	0x1
blackwell/gb100	dev_gsp.h	NV_PGSP_FALCON_ECC_STATUS_UNCORRECTED_ERR_UNIQUE_COUNTER_OVERFLOW_NOT_PENDING	0x0
blackwell/gb100	dev_gsp.h	NV_PGSP_FALCON_ECC_STATUS_UNCORRECTED_ERR_UNIQUE_COUNTER_OVERFLOW_PENDING	0x1
blackwell/gb100	dev_gsp.h	NV_PGSP_FALCON_ECC_UNCORRECTED_ERR_COUNT	0x110884
blackwell/gb100	dev_gsp.h	NV_PGSP_FALCON_ECC_UNCORRECTED_ERR_COUNT_TOTAL	15:0
blackwell/gb100	dev_gsp.h	NV_PGSP_FALCON_ECC_UNCORRECTED_ERR_COUNT_TOTAL_INIT	0x0
blackwell/gb100	dev_gsp.h	NV_PGSP_FALCON_ECC_UNCORRECTED_ERR_COUNT_UNIQUE	31:16
blackwell/gb100	dev_gsp.h	NV_PGSP_FALCON_ECC_UNCORRECTED_ERR_COUNT_UNIQUE_INIT	0x0
blackwell/gb100	dev_gsp.h	NV_PGSP_FALCON_ENGINE	0x1103c0
blackwell/gb100	dev_gsp.h	NV_PGSP_FALCON_ENGINE_RESET	0:0
blackwell/gb100	dev_gsp.h	NV_PGSP_FALCON_ENGINE_RESET_ASSERT	0x1
blackwell/gb100	dev_gsp.h	NV_PGSP_FALCON_ENGINE_RESET_DEASSERT	0x0
blackwell/gb100	dev_gsp.h	NV_PGSP_FALCON_ENGINE_RESET_STATUS	10:8
blackwell/gb100	dev_gsp.h	NV_PGSP_FALCON_ENGINE_RESET_STATUS_ASSERTED	0x0
blackwell/gb100	dev_gsp.h	NV_PGSP_FALCON_ENGINE_RESET_STATUS_DEASSERTED	0x2
blackwell/gb100	dev_gsp.h	NV_PGSP_FALCON_IRQSTAT	0x110008
blackwell/gb100	dev_gsp.h	NV_PGSP_FALCON_IRQSTAT_FATAL_ERROR	24:24
blackwell/gb100	dev_gsp.h	NV_PGSP_FALCON_IRQSTAT_FATAL_ERROR_FALSE	0x0
blackwell/gb100	dev_gsp.h	NV_PGSP_FALCON_IRQSTAT_FATAL_ERROR_TRUE	0x1
blackwell/gb100	dev_gsp.h	NV_PGSP_FALCON_MAILBOX0	0x110040
blackwell/gb100	dev_gsp.h	NV_PGSP_FALCON_MAILBOX0_DATA	31:0
blackwell/gb100	dev_gsp.h	NV_PGSP_FALCON_MAILBOX0_DATA_INIT	0x0
blackwell/gb100	dev_gsp.h	NV_PGSP_FALCON_MAILBOX1	0x110044
blackwell/gb100	dev_gsp.h	NV_PGSP_FALCON_MAILBOX1_DATA	31:0
blackwell/gb100	dev_gsp.h	NV_PGSP_FALCON_MAILBOX1_DATA_INIT	0x0
blackwell/gb100	dev_gsp.h	NV_PGSP_FALCON_RESET_PRIV_LEVEL_MASK	0x1103c4
blackwell/gb100	dev_gsp.h	NV_PGSP_FALCON_RESET_PRIV_LEVEL_MASK_READ_PROTECTION_LEVEL0	0:0
blackwell/gb100	dev_gsp.h	NV_PGSP_FALCON_RESET_PRIV_LEVEL_MASK_READ_PROTECTION_LEVEL0_DISABLE	0x0
blackwell/gb100	dev_gsp.h	NV_PGSP_FALCON_RESET_PRIV_LEVEL_MASK_READ_PROTECTION_LEVEL0_ENABLE	0x1
blackwell/gb100	dev_gsp.h	NV_PGSP_FALCON_RESET_PRIV_LEVEL_MASK_WRITE_PROTECTION_LEVEL0	4:4
blackwell/gb100	dev_gsp.h	NV_PGSP_FALCON_RESET_PRIV_LEVEL_MASK_WRITE_PROTECTION_LEVEL0_DISABLE	0x0
blackwell/gb100	dev_gsp.h	NV_PGSP_FALCON_RESET_PRIV_LEVEL_MASK_WRITE_PROTECTION_LEVEL0_ENABLE	0x1
blackwell/gb100	dev_gsp.h	NV_PGSP_MAILBOX(0)	0x110804
blackwell/gb100	dev_gsp.h	NV_PGSP_MAILBOX(1)	0x110808
blackwell/gb100	dev_gsp.h	NV_PGSP_MAILBOX__SIZE_1	0x4
blackwell/gb100	dev_gsp.h	NV_PGSP_RISCV_FAULT_CONTAINMENT_SRCSTAT	0x111700
blackwell/gb100	dev_gsp.h	NV_PGSP_RISCV_FAULT_CONTAINMENT_SRCSTAT_DCACHE	5:5
blackwell/gb100	dev_gsp.h	NV_PGSP_RISCV_FAULT_CONTAINMENT_SRCSTAT_DCACHE_FAULTED	0x1
blackwell/gb100	dev_gsp.h	NV_PGSP_RISCV_FAULT_CONTAINMENT_SRCSTAT_DCACHE_NO_FAULT	0x0
blackwell/gb100	dev_gsp.h	NV_PGSP_RISCV_FAULT_CONTAINMENT_SRCSTAT_DTCM	3:3
blackwell/gb100	dev_gsp.h	NV_PGSP_RISCV_FAULT_CONTAINMENT_SRCSTAT_DTCM_FAULTED	0x1
blackwell/gb100	dev_gsp.h	NV_PGSP_RISCV_FAULT_CONTAINMENT_SRCSTAT_DTCM_NO_FAULT	0x0
blackwell/gb100	dev_gsp.h	NV_PGSP_RISCV_FAULT_CONTAINMENT_SRCSTAT_FBIF	11:11
blackwell/gb100	dev_gsp.h	NV_PGSP_RISCV_FAULT_CONTAINMENT_SRCSTAT_FBIF_FAULTED	0x1
blackwell/gb100	dev_gsp.h	NV_PGSP_RISCV_FAULT_CONTAINMENT_SRCSTAT_FBIF_NO_FAULT	0x0
blackwell/gb100	dev_gsp.h	NV_PGSP_RISCV_FAULT_CONTAINMENT_SRCSTAT_GLOBAL_MEM	0:0
blackwell/gb100	dev_gsp.h	NV_PGSP_RISCV_FAULT_CONTAINMENT_SRCSTAT_GLOBAL_MEM_FAULTED	0x1
blackwell/gb100	dev_gsp.h	NV_PGSP_RISCV_FAULT_CONTAINMENT_SRCSTAT_GLOBAL_MEM_NO_FAULT	0x0
blackwell/gb100	dev_gsp.h	NV_PGSP_RISCV_FAULT_CONTAINMENT_SRCSTAT_ICACHE	4:4
blackwell/gb100	dev_gsp.h	NV_PGSP_RISCV_FAULT_CONTAINMENT_SRCSTAT_ICACHE_FAULTED	0x1
blackwell/gb100	dev_gsp.h	NV_PGSP_RISCV_FAULT_CONTAINMENT_SRCSTAT_ICACHE_NO_FAULT	0x0
blackwell/gb100	dev_gsp.h	NV_PGSP_RISCV_FAULT_CONTAINMENT_SRCSTAT_ITCM	2:2
blackwell/gb100	dev_gsp.h	NV_PGSP_RISCV_FAULT_CONTAINMENT_SRCSTAT_ITCM_FAULTED	0x1
blackwell/gb100	dev_gsp.h	NV_PGSP_RISCV_FAULT_CONTAINMENT_SRCSTAT_ITCM_NO_FAULT	0x0
blackwell/gb100	dev_gsp.h	NV_PGSP_RISCV_FAULT_CONTAINMENT_SRCSTAT_MPURAM	12:12
blackwell/gb100	dev_gsp.h	NV_PGSP_RISCV_FAULT_CONTAINMENT_SRCSTAT_MPURAM_FAULTED	0x1
blackwell/gb100	dev_gsp.h	NV_PGSP_RISCV_FAULT_CONTAINMENT_SRCSTAT_MPURAM_NO_FAULT	0x0
blackwell/gb100	dev_gsp.h	NV_PGSP_RISCV_FAULT_CONTAINMENT_SRCSTAT_REG	7:7
blackwell/gb100	dev_gsp.h	NV_PGSP_RISCV_FAULT_CONTAINMENT_SRCSTAT_REG_FAULTED	0x1
blackwell/gb100	dev_gsp.h	NV_PGSP_RISCV_FAULT_CONTAINMENT_SRCSTAT_REG_NO_FAULT	0x0
blackwell/gb100	dev_gsp.h	NV_PGSP_RISCV_FAULT_CONTAINMENT_SRCSTAT_ROM	1:1
blackwell/gb100	dev_gsp.h	NV_PGSP_RISCV_FAULT_CONTAINMENT_SRCSTAT_ROM_FAULTED	0x1
blackwell/gb100	dev_gsp.h	NV_PGSP_RISCV_FAULT_CONTAINMENT_SRCSTAT_ROM_NO_FAULT	0x0
blackwell/gb100	dev_gsp.h	NV_PGSP_RISCV_FAULT_CONTAINMENT_SRCSTAT_RVCORE	6:6
blackwell/gb100	dev_gsp.h	NV_PGSP_RISCV_FAULT_CONTAINMENT_SRCSTAT_RVCORE_FAULTED	0x1
blackwell/gb100	dev_gsp.h	NV_PGSP_RISCV_FAULT_CONTAINMENT_SRCSTAT_RVCORE_NO_FAULT	0x0
blackwell/gb100	dev_gsp.h	NV_PGSP_RISCV_FAULT_CONTAINMENT_SRCSTAT_SE_KSLT	9:9
blackwell/gb100	dev_gsp.h	NV_PGSP_RISCV_FAULT_CONTAINMENT_SRCSTAT_SE_KSLT_FAULTED	0x1
blackwell/gb100	dev_gsp.h	NV_PGSP_RISCV_FAULT_CONTAINMENT_SRCSTAT_SE_KSLT_NO_FAULT	0x0
blackwell/gb100	dev_gsp.h	NV_PGSP_RISCV_FAULT_CONTAINMENT_SRCSTAT_SE_LOGIC	8:8
blackwell/gb100	dev_gsp.h	NV_PGSP_RISCV_FAULT_CONTAINMENT_SRCSTAT_SE_LOGIC_FAULTED	0x1
blackwell/gb100	dev_gsp.h	NV_PGSP_RISCV_FAULT_CONTAINMENT_SRCSTAT_SE_LOGIC_NO_FAULT	0x0
blackwell/gb100	dev_gsp.h	NV_PGSP_RISCV_FAULT_CONTAINMENT_SRCSTAT_TKE	10:10
blackwell/gb100	dev_gsp.h	NV_PGSP_RISCV_FAULT_CONTAINMENT_SRCSTAT_TKE_FAULTED	0x1
blackwell/gb100	dev_gsp.h	NV_PGSP_RISCV_FAULT_CONTAINMENT_SRCSTAT_TKE_NO_FAULT	0x0
blackwell/gb100	dev_top.h	NV_PTOP_DEVICE_INFO2(0)	0x22800
blackwell/gb100	dev_top.h	NV_PTOP_DEVICE_INFO2(1)	0x22804
blackwell/gb100	dev_top.h	NV_PTOP_DEVICE_INFO2_DEV_DEVICE_PRI_BASE	57:40
blackwell/gb100	dev_top.h	NV_PTOP_DEVICE_INFO2_DEV_FAULT_ID	10:0
blackwell/gb100	dev_top.h	NV_PTOP_DEVICE_INFO2_DEV_FAULT_ID_INVALID	0x0
blackwell/gb100	dev_top.h	NV_PTOP_DEVICE_INFO2_DEV_GROUP_ID	15:11
blackwell/gb100	dev_top.h	NV_PTOP_DEVICE_INFO2_DEV_INSTANCE_ID	23:16
blackwell/gb100	dev_top.h	NV_PTOP_DEVICE_INFO2_DEV_IS_ENGINE	62:62
blackwell/gb100	dev_top.h	NV_PTOP_DEVICE_INFO2_DEV_IS_ENGINE_FALSE	0x0
blackwell/gb100	dev_top.h	NV_PTOP_DEVICE_INFO2_DEV_IS_ENGINE_TRUE	0x1
blackwell/gb100	dev_top.h	NV_PTOP_DEVICE_INFO2_DEV_RESET_ID	39:32
blackwell/gb100	dev_top.h	NV_PTOP_DEVICE_INFO2_DEV_RESET_ID_INVALID	0x0
blackwell/gb100	dev_top.h	NV_PTOP_DEVICE_INFO2_DEV_RLENG_ID	65:64
blackwell/gb100	dev_top.h	NV_PTOP_DEVICE_INFO2_DEV_RUNLIST_PRI_BASE	89:74
blackwell/gb100	dev_top.h	NV_PTOP_DEVICE_INFO2_DEV_TYPE_ENUM	30:24
blackwell/gb100	dev_top.h	NV_PTOP_DEVICE_INFO2_DEV_TYPE_ENUM_HSHUB	0x18
blackwell/gb100	dev_top.h	NV_PTOP_DEVICE_INFO2_DEV_TYPE_ENUM_LCE	0x13
blackwell/gb100	dev_top.h	NV_PTOP_DEVICE_INFO2_ROW_CHAIN	31:31
blackwell/gb100	dev_top.h	NV_PTOP_DEVICE_INFO2_ROW_CHAIN_LAST	0x0
blackwell/gb100	dev_top.h	NV_PTOP_DEVICE_INFO2_ROW_CHAIN_MORE	0x1
blackwell/gb100	dev_top.h	NV_PTOP_DEVICE_INFO2_ROW_VALUE	31:0
blackwell/gb100	dev_top.h	NV_PTOP_DEVICE_INFO2_ROW_VALUE_INVALID	0x0
blackwell/gb100	dev_top.h	NV_PTOP_DEVICE_INFO2__SIZE_1	0x161
blackwell/gb100	dev_top.h	NV_PTOP_DEVICE_INFO_CFG	0x224fc
blackwell/gb100	dev_top.h	NV_PTOP_DEVICE_INFO_CFG_MAX_DEVICES	15:4
blackwell/gb100	dev_top.h	NV_PTOP_DEVICE_INFO_CFG_MAX_DEVICES_INIT	0x99
blackwell/gb100	dev_top.h	NV_PTOP_DEVICE_INFO_CFG_MAX_ROWS_PER_DEVICE	19:16
blackwell/gb100	dev_top.h	NV_PTOP_DEVICE_INFO_CFG_MAX_ROWS_PER_DEVICE_INIT	0x3
blackwell/gb100	dev_top.h	NV_PTOP_DEVICE_INFO_CFG_NUM_ROWS	31:20
blackwell/gb100	dev_top.h	NV_PTOP_DEVICE_INFO_CFG_NUM_ROWS_INIT	0x161
blackwell/gb100	dev_top.h	NV_PTOP_DEVICE_INFO_CFG_VERSION	3:0
blackwell/gb100	dev_top.h	NV_PTOP_DEVICE_INFO_CFG_VERSION_INIT	0x2
blackwell/gb100	dev_therm.h	NV_THERM_I2CS_SCRATCH	0x200bc
blackwell/gb100	dev_therm.h	NV_THERM_I2CS_SCRATCH_DATA	31:0
blackwell/gb100	dev_therm.h	NV_THERM_I2CS_SCRATCH_DATA_INIT	0x0
blackwell/gb100	dev_therm_addendum.h	NV_THERM_I2CS_SCRATCH_FSP_BOOT_COMPLETE	0x200bc
blackwell/gb100	dev_therm_addendum.h	NV_THERM_I2CS_SCRATCH_FSP_BOOT_COMPLETE_STATUS	31:0
blackwell/gb100	dev_therm_addendum.h	NV_THERM_I2CS_SCRATCH_FSP_BOOT_COMPLETE_STATUS_FAILED	0x0
blackwell/gb100	dev_therm_addendum.h	NV_THERM_I2CS_SCRATCH_FSP_BOOT_COMPLETE_STATUS_SUCCESS	0xff
blackwell/gb100	dev_vm.h	NV_VIRTUAL_FUNCTION	0x3ffff:0x30000
blackwell/gb100	dev_vm.h	NV_VIRTUAL_FUNCTION_CFG0	0x30000
blackwell/gb100	dev_vm.h	NV_VIRTUAL_FUNCTION_CFG0_RSVD	31:16
blackwell/gb100	dev_vm.h	NV_VIRTUAL_FUNCTION_CFG0_RSVD_VALUE_ZERO	0x0
blackwell/gb100	dev_vm.h	NV_VIRTUAL_FUNCTION_CFG0_USERMODE_CLASS_ID	15:0
blackwell/gb100	dev_vm.h	NV_VIRTUAL_FUNCTION_CFG0_USERMODE_CLASS_ID_VALUE	0xc661
blackwell/gb100	dev_vm.h	NV_VIRTUAL_FUNCTION_DOORBELL	0x30090
blackwell/gb100	dev_vm.h	NV_VIRTUAL_FUNCTION_DOORBELL_GSP_DOORBELL	31:31
blackwell/gb100	dev_vm.h	NV_VIRTUAL_FUNCTION_DOORBELL_GSP_DOORBELL_DISABLE	0x1
blackwell/gb100	dev_vm.h	NV_VIRTUAL_FUNCTION_DOORBELL_GSP_DOORBELL_ENABLE	0x0
blackwell/gb100	dev_vm.h	NV_VIRTUAL_FUNCTION_DOORBELL_HANDLE	31:0
blackwell/gb100	dev_vm.h	NV_VIRTUAL_FUNCTION_DOORBELL_RSVD	15:12
blackwell/gb100	dev_vm.h	NV_VIRTUAL_FUNCTION_DOORBELL_RSVD2	31:23
blackwell/gb100	dev_vm.h	NV_VIRTUAL_FUNCTION_DOORBELL_RUNLIST_DOORBELL	22:22
blackwell/gb100	dev_vm.h	NV_VIRTUAL_FUNCTION_DOORBELL_RUNLIST_DOORBELL_DISABLE	0x1
blackwell/gb100	dev_vm.h	NV_VIRTUAL_FUNCTION_DOORBELL_RUNLIST_DOORBELL_ENABLE	0x0
blackwell/gb100	dev_vm.h	NV_VIRTUAL_FUNCTION_DOORBELL_RUNLIST_ID	22:16
blackwell/gb100	dev_vm.h	NV_VIRTUAL_FUNCTION_DOORBELL_RUNLIST_ID_INVALID_RUNLIST	0x7f
blackwell/gb100	dev_vm.h	NV_VIRTUAL_FUNCTION_DOORBELL_VECTOR	11:0
blackwell/gb100	dev_vm.h	NV_VIRTUAL_FUNCTION_ERR_CONT	0x30094
blackwell/gb100	dev_vm.h	NV_VIRTUAL_FUNCTION_FULL_PHYS_OFFSET	0xbbffff:0xb80000
blackwell/gb100	dev_vm.h	NV_VIRTUAL_FUNCTION_PHYS_OFFSET_REGION0	0xbbffff:0xb80000
blackwell/gb100	dev_vm.h	NV_VIRTUAL_FUNCTION_PHYS_OFFSET_REGION1	0xdbffff:0xd80000
blackwell/gb100	dev_vm.h	NV_VIRTUAL_FUNCTION_PRIV	0x2ffff:0
blackwell/gb100	dev_vm.h	NV_VIRTUAL_FUNCTION_PRIV_ACCESS_COUNTER0_CONFIG	0x3100
blackwell/gb100	dev_vm.h	NV_VIRTUAL_FUNCTION_PRIV_ACCESS_COUNTER0_CONFIG_COUNT_PCIE	31:31
blackwell/gb100	dev_vm.h	NV_VIRTUAL_FUNCTION_PRIV_ACCESS_COUNTER0_CONFIG_COUNT_PCIE_FALSE	0x0
blackwell/gb100	dev_vm.h	NV_VIRTUAL_FUNCTION_PRIV_ACCESS_COUNTER0_CONFIG_COUNT_PCIE_TRUE	0x1
blackwell/gb100	dev_vm.h	NV_VIRTUAL_FUNCTION_PRIV_ACCESS_COUNTER0_CONFIG_COUNT_PD	30:30
blackwell/gb100	dev_vm.h	NV_VIRTUAL_FUNCTION_PRIV_ACCESS_COUNTER0_CONFIG_COUNT_PD_FALSE	0x0
blackwell/gb100	dev_vm.h	NV_VIRTUAL_FUNCTION_PRIV_ACCESS_COUNTER0_CONFIG_COUNT_PD_TRUE	0x1
blackwell/gb100	dev_vm.h	NV_VIRTUAL_FUNCTION_PRIV_ACCESS_COUNTER0_CONFIG_GVA_NOTIFY	20:20
blackwell/gb100	dev_vm.h	NV_VIRTUAL_FUNCTION_PRIV_ACCESS_COUNTER0_CONFIG_GVA_NOTIFY_FALSE	0x0
blackwell/gb100	dev_vm.h	NV_VIRTUAL_FUNCTION_PRIV_ACCESS_COUNTER0_CONFIG_GVA_NOTIFY_TRUE	0x1
blackwell/gb100	dev_vm.h	NV_VIRTUAL_FUNCTION_PRIV_ACCESS_COUNTER0_CONFIG_MIMC_GRANULARITY	17:16
blackwell/gb100	dev_vm.h	NV_VIRTUAL_FUNCTION_PRIV_ACCESS_COUNTER0_CONFIG_MIMC_GRANULARITY_16G	0x3
blackwell/gb100	dev_vm.h	NV_VIRTUAL_FUNCTION_PRIV_ACCESS_COUNTER0_CONFIG_MIMC_GRANULARITY_16M	0x2
blackwell/gb100	dev_vm.h	NV_VIRTUAL_FUNCTION_PRIV_ACCESS_COUNTER0_CONFIG_MIMC_GRANULARITY_2M	0x1
blackwell/gb100	dev_vm.h	NV_VIRTUAL_FUNCTION_PRIV_ACCESS_COUNTER0_CONFIG_MIMC_GRANULARITY_64K	0x0
blackwell/gb100	dev_vm.h	NV_VIRTUAL_FUNCTION_PRIV_ACCESS_COUNTER0_CONFIG_MIMC_GRANULARITY_INIT	0x0
blackwell/gb100	dev_vm.h	NV_VIRTUAL_FUNCTION_PRIV_ACCESS_COUNTER0_CONFIG_MOMC_GRANULARITY	19:18
blackwell/gb100	dev_vm.h	NV_VIRTUAL_FUNCTION_PRIV_ACCESS_COUNTER0_CONFIG_MOMC_GRANULARITY_16G	0x3
blackwell/gb100	dev_vm.h	NV_VIRTUAL_FUNCTION_PRIV_ACCESS_COUNTER0_CONFIG_MOMC_GRANULARITY_16M	0x2
blackwell/gb100	dev_vm.h	NV_VIRTUAL_FUNCTION_PRIV_ACCESS_COUNTER0_CONFIG_MOMC_GRANULARITY_2M	0x1
blackwell/gb100	dev_vm.h	NV_VIRTUAL_FUNCTION_PRIV_ACCESS_COUNTER0_CONFIG_MOMC_GRANULARITY_64K	0x0
blackwell/gb100	dev_vm.h	NV_VIRTUAL_FUNCTION_PRIV_ACCESS_COUNTER0_CONFIG_MOMC_GRANULARITY_INIT	0x0
blackwell/gb100	dev_vm.h	NV_VIRTUAL_FUNCTION_PRIV_ACCESS_COUNTER0_CONFIG_THRESHOLD	15:0
blackwell/gb100	dev_vm.h	NV_VIRTUAL_FUNCTION_PRIV_ACCESS_COUNTER0_CONFIG_THRESHOLD_INIT	0x80
blackwell/gb100	dev_vm.h	NV_VIRTUAL_FUNCTION_PRIV_ACCESS_COUNTER0_NOTIFY_BUFFER_GET	0x3114
blackwell/gb100	dev_vm.h	NV_VIRTUAL_FUNCTION_PRIV_ACCESS_COUNTER0_NOTIFY_BUFFER_GET_OFFSET	31:0
blackwell/gb100	dev_vm.h	NV_VIRTUAL_FUNCTION_PRIV_ACCESS_COUNTER0_NOTIFY_BUFFER_GET_OFFSET_HW	11:0
blackwell/gb100	dev_vm.h	NV_VIRTUAL_FUNCTION_PRIV_ACCESS_COUNTER0_NOTIFY_BUFFER_GET_OFFSET_HW_INIT	0x0
blackwell/gb100	dev_vm.h	NV_VIRTUAL_FUNCTION_PRIV_ACCESS_COUNTER0_NOTIFY_BUFFER_HI	0x310c
blackwell/gb100	dev_vm.h	NV_VIRTUAL_FUNCTION_PRIV_ACCESS_COUNTER0_NOTIFY_BUFFER_HI_BASE	31:0
blackwell/gb100	dev_vm.h	NV_VIRTUAL_FUNCTION_PRIV_ACCESS_COUNTER0_NOTIFY_BUFFER_HI_BASE_RESET	0x0
blackwell/gb100	dev_vm.h	NV_VIRTUAL_FUNCTION_PRIV_ACCESS_COUNTER0_NOTIFY_BUFFER_INFO	0x311c
blackwell/gb100	dev_vm.h	NV_VIRTUAL_FUNCTION_PRIV_ACCESS_COUNTER0_NOTIFY_BUFFER_INFO_FULL	0:0
blackwell/gb100	dev_vm.h	NV_VIRTUAL_FUNCTION_PRIV_ACCESS_COUNTER0_NOTIFY_BUFFER_INFO_FULL_FALSE	0x0
blackwell/gb100	dev_vm.h	NV_VIRTUAL_FUNCTION_PRIV_ACCESS_COUNTER0_NOTIFY_BUFFER_INFO_FULL_TRUE	0x1
blackwell/gb100	dev_vm.h	NV_VIRTUAL_FUNCTION_PRIV_ACCESS_COUNTER0_NOTIFY_BUFFER_INFO_PUSHED	1:1
blackwell/gb100	dev_vm.h	NV_VIRTUAL_FUNCTION_PRIV_ACCESS_COUNTER0_NOTIFY_BUFFER_INFO_PUSHED_FALSE	0x0
blackwell/gb100	dev_vm.h	NV_VIRTUAL_FUNCTION_PRIV_ACCESS_COUNTER0_NOTIFY_BUFFER_INFO_PUSHED_TRUE	0x1
blackwell/gb100	dev_vm.h	NV_VIRTUAL_FUNCTION_PRIV_ACCESS_COUNTER0_NOTIFY_BUFFER_INFO_WRITE_NACK	24:24
blackwell/gb100	dev_vm.h	NV_VIRTUAL_FUNCTION_PRIV_ACCESS_COUNTER0_NOTIFY_BUFFER_INFO_WRITE_NACK_FALSE	0x0
blackwell/gb100	dev_vm.h	NV_VIRTUAL_FUNCTION_PRIV_ACCESS_COUNTER0_NOTIFY_BUFFER_INFO_WRITE_NACK_TRUE	0x1
blackwell/gb100	dev_vm.h	NV_VIRTUAL_FUNCTION_PRIV_ACCESS_COUNTER0_NOTIFY_BUFFER_LO	0x3108
blackwell/gb100	dev_vm.h	NV_VIRTUAL_FUNCTION_PRIV_ACCESS_COUNTER0_NOTIFY_BUFFER_LO_BASE	31:12
blackwell/gb100	dev_vm.h	NV_VIRTUAL_FUNCTION_PRIV_ACCESS_COUNTER0_NOTIFY_BUFFER_LO_BASE_RESET	0x0
blackwell/gb100	dev_vm.h	NV_VIRTUAL_FUNCTION_PRIV_ACCESS_COUNTER0_NOTIFY_BUFFER_LO_EN	0:0
blackwell/gb100	dev_vm.h	NV_VIRTUAL_FUNCTION_PRIV_ACCESS_COUNTER0_NOTIFY_BUFFER_LO_EN_FALSE	0x0
blackwell/gb100	dev_vm.h	NV_VIRTUAL_FUNCTION_PRIV_ACCESS_COUNTER0_NOTIFY_BUFFER_LO_EN_TRUE	0x1
blackwell/gb100	dev_vm.h	NV_VIRTUAL_FUNCTION_PRIV_ACCESS_COUNTER0_NOTIFY_BUFFER_PUT	0x3118
blackwell/gb100	dev_vm.h	NV_VIRTUAL_FUNCTION_PRIV_ACCESS_COUNTER0_NOTIFY_BUFFER_PUT_OFFSET	31:0
blackwell/gb100	dev_vm.h	NV_VIRTUAL_FUNCTION_PRIV_ACCESS_COUNTER0_NOTIFY_BUFFER_PUT_OFFSET_HW	11:0
blackwell/gb100	dev_vm.h	NV_VIRTUAL_FUNCTION_PRIV_ACCESS_COUNTER0_NOTIFY_BUFFER_PUT_OFFSET_HW_INIT	0x0
blackwell/gb100	dev_vm.h	NV_VIRTUAL_FUNCTION_PRIV_ACCESS_COUNTER0_NOTIFY_BUFFER_SIZE	0x3110
blackwell/gb100	dev_vm.h	NV_VIRTUAL_FUNCTION_PRIV_ACCESS_COUNTER0_NOTIFY_BUFFER_SIZE_FIELD	31:0
blackwell/gb100	dev_vm.h	NV_VIRTUAL_FUNCTION_PRIV_ACCESS_COUNTER0_NOTIFY_BUFFER_SIZE_HW	12:0
blackwell/gb100	dev_vm.h	NV_VIRTUAL_FUNCTION_PRIV_ACCESS_COUNTER0_NOTIFY_BUFFER_SIZE_HW_ENTRIES	0x1000
blackwell/gb100	dev_vm.h	NV_VIRTUAL_FUNCTION_PRIV_ACCESS_COUNTER1_CONFIG	0x3200
blackwell/gb100	dev_vm.h	NV_VIRTUAL_FUNCTION_PRIV_ACCESS_COUNTER1_CONFIG_COUNT_PCIE	31:31
blackwell/gb100	dev_vm.h	NV_VIRTUAL_FUNCTION_PRIV_ACCESS_COUNTER1_CONFIG_COUNT_PCIE_FALSE	0x0
blackwell/gb100	dev_vm.h	NV_VIRTUAL_FUNCTION_PRIV_ACCESS_COUNTER1_CONFIG_COUNT_PCIE_TRUE	0x1
blackwell/gb100	dev_vm.h	NV_VIRTUAL_FUNCTION_PRIV_ACCESS_COUNTER1_CONFIG_COUNT_PD	30:30
blackwell/gb100	dev_vm.h	NV_VIRTUAL_FUNCTION_PRIV_ACCESS_COUNTER1_CONFIG_COUNT_PD_FALSE	0x0
blackwell/gb100	dev_vm.h	NV_VIRTUAL_FUNCTION_PRIV_ACCESS_COUNTER1_CONFIG_COUNT_PD_TRUE	0x1
blackwell/gb100	dev_vm.h	NV_VIRTUAL_FUNCTION_PRIV_ACCESS_COUNTER1_CONFIG_GVA_NOTIFY	20:20
blackwell/gb100	dev_vm.h	NV_VIRTUAL_FUNCTION_PRIV_ACCESS_COUNTER1_CONFIG_GVA_NOTIFY_FALSE	0x0
blackwell/gb100	dev_vm.h	NV_VIRTUAL_FUNCTION_PRIV_ACCESS_COUNTER1_CONFIG_GVA_NOTIFY_TRUE	0x1
blackwell/gb100	dev_vm.h	NV_VIRTUAL_FUNCTION_PRIV_ACCESS_COUNTER1_CONFIG_MIMC_GRANULARITY	17:16
blackwell/gb100	dev_vm.h	NV_VIRTUAL_FUNCTION_PRIV_ACCESS_COUNTER1_CONFIG_MIMC_GRANULARITY_16G	0x3
blackwell/gb100	dev_vm.h	NV_VIRTUAL_FUNCTION_PRIV_ACCESS_COUNTER1_CONFIG_MIMC_GRANULARITY_16M	0x2
blackwell/gb100	dev_vm.h	NV_VIRTUAL_FUNCTION_PRIV_ACCESS_COUNTER1_CONFIG_MIMC_GRANULARITY_2M	0x1
blackwell/gb100	dev_vm.h	NV_VIRTUAL_FUNCTION_PRIV_ACCESS_COUNTER1_CONFIG_MIMC_GRANULARITY_64K	0x0
blackwell/gb100	dev_vm.h	NV_VIRTUAL_FUNCTION_PRIV_ACCESS_COUNTER1_CONFIG_MIMC_GRANULARITY_INIT	0x0
blackwell/gb100	dev_vm.h	NV_VIRTUAL_FUNCTION_PRIV_ACCESS_COUNTER1_CONFIG_MOMC_GRANULARITY	19:18
blackwell/gb100	dev_vm.h	NV_VIRTUAL_FUNCTION_PRIV_ACCESS_COUNTER1_CONFIG_MOMC_GRANULARITY_16G	0x3
blackwell/gb100	dev_vm.h	NV_VIRTUAL_FUNCTION_PRIV_ACCESS_COUNTER1_CONFIG_MOMC_GRANULARITY_16M	0x2
blackwell/gb100	dev_vm.h	NV_VIRTUAL_FUNCTION_PRIV_ACCESS_COUNTER1_CONFIG_MOMC_GRANULARITY_2M	0x1
blackwell/gb100	dev_vm.h	NV_VIRTUAL_FUNCTION_PRIV_ACCESS_COUNTER1_CONFIG_MOMC_GRANULARITY_64K	0x0
blackwell/gb100	dev_vm.h	NV_VIRTUAL_FUNCTION_PRIV_ACCESS_COUNTER1_CONFIG_MOMC_GRANULARITY_INIT	0x0
blackwell/gb100	dev_vm.h	NV_VIRTUAL_FUNCTION_PRIV_ACCESS_COUNTER1_CONFIG_THRESHOLD	15:0
blackwell/gb100	dev_vm.h	NV_VIRTUAL_FUNCTION_PRIV_ACCESS_COUNTER1_CONFIG_THRESHOLD_INIT	0x80
blackwell/gb100	dev_vm.h	NV_VIRTUAL_FUNCTION_PRIV_ACCESS_COUNTER1_NOTIFY_BUFFER_GET	0x3214
blackwell/gb100	dev_vm.h	NV_VIRTUAL_FUNCTION_PRIV_ACCESS_COUNTER1_NOTIFY_BUFFER_GET_OFFSET	31:0
blackwell/gb100	dev_vm.h	NV_VIRTUAL_FUNCTION_PRIV_ACCESS_COUNTER1_NOTIFY_BUFFER_GET_OFFSET_HW	11:0
blackwell/gb100	dev_vm.h	NV_VIRTUAL_FUNCTION_PRIV_ACCESS_COUNTER1_NOTIFY_BUFFER_GET_OFFSET_HW_INIT	0x0
blackwell/gb100	dev_vm.h	NV_VIRTUAL_FUNCTION_PRIV_ACCESS_COUNTER1_NOTIFY_BUFFER_HI	0x320c
blackwell/gb100	dev_vm.h	NV_VIRTUAL_FUNCTION_PRIV_ACCESS_COUNTER1_NOTIFY_BUFFER_HI_BASE	31:0
blackwell/gb100	dev_vm.h	NV_VIRTUAL_FUNCTION_PRIV_ACCESS_COUNTER1_NOTIFY_BUFFER_HI_BASE_RESET	0x0
blackwell/gb100	dev_vm.h	NV_VIRTUAL_FUNCTION_PRIV_ACCESS_COUNTER1_NOTIFY_BUFFER_INFO	0x321c
blackwell/gb100	dev_vm.h	NV_VIRTUAL_FUNCTION_PRIV_ACCESS_COUNTER1_NOTIFY_BUFFER_INFO_FULL	0:0
blackwell/gb100	dev_vm.h	NV_VIRTUAL_FUNCTION_PRIV_ACCESS_COUNTER1_NOTIFY_BUFFER_INFO_FULL_FALSE	0x0
blackwell/gb100	dev_vm.h	NV_VIRTUAL_FUNCTION_PRIV_ACCESS_COUNTER1_NOTIFY_BUFFER_INFO_FULL_TRUE	0x1
blackwell/gb100	dev_vm.h	NV_VIRTUAL_FUNCTION_PRIV_ACCESS_COUNTER1_NOTIFY_BUFFER_INFO_PUSHED	1:1
blackwell/gb100	dev_vm.h	NV_VIRTUAL_FUNCTION_PRIV_ACCESS_COUNTER1_NOTIFY_BUFFER_INFO_PUSHED_FALSE	0x0
blackwell/gb100	dev_vm.h	NV_VIRTUAL_FUNCTION_PRIV_ACCESS_COUNTER1_NOTIFY_BUFFER_INFO_PUSHED_TRUE	0x1
blackwell/gb100	dev_vm.h	NV_VIRTUAL_FUNCTION_PRIV_ACCESS_COUNTER1_NOTIFY_BUFFER_INFO_WRITE_NACK	24:24
blackwell/gb100	dev_vm.h	NV_VIRTUAL_FUNCTION_PRIV_ACCESS_COUNTER1_NOTIFY_BUFFER_INFO_WRITE_NACK_FALSE	0x0
blackwell/gb100	dev_vm.h	NV_VIRTUAL_FUNCTION_PRIV_ACCESS_COUNTER1_NOTIFY_BUFFER_INFO_WRITE_NACK_TRUE	0x1
blackwell/gb100	dev_vm.h	NV_VIRTUAL_FUNCTION_PRIV_ACCESS_COUNTER1_NOTIFY_BUFFER_LO	0x3208
blackwell/gb100	dev_vm.h	NV_VIRTUAL_FUNCTION_PRIV_ACCESS_COUNTER1_NOTIFY_BUFFER_LO_BASE	31:12
blackwell/gb100	dev_vm.h	NV_VIRTUAL_FUNCTION_PRIV_ACCESS_COUNTER1_NOTIFY_BUFFER_LO_BASE_RESET	0x0
blackwell/gb100	dev_vm.h	NV_VIRTUAL_FUNCTION_PRIV_ACCESS_COUNTER1_NOTIFY_BUFFER_LO_EN	0:0
blackwell/gb100	dev_vm.h	NV_VIRTUAL_FUNCTION_PRIV_ACCESS_COUNTER1_NOTIFY_BUFFER_LO_EN_FALSE	0x0
blackwell/gb100	dev_vm.h	NV_VIRTUAL_FUNCTION_PRIV_ACCESS_COUNTER1_NOTIFY_BUFFER_LO_EN_TRUE	0x1
blackwell/gb100	dev_vm.h	NV_VIRTUAL_FUNCTION_PRIV_ACCESS_COUNTER1_NOTIFY_BUFFER_PUT	0x3218
blackwell/gb100	dev_vm.h	NV_VIRTUAL_FUNCTION_PRIV_ACCESS_COUNTER1_NOTIFY_BUFFER_PUT_OFFSET	31:0
blackwell/gb100	dev_vm.h	NV_VIRTUAL_FUNCTION_PRIV_ACCESS_COUNTER1_NOTIFY_BUFFER_PUT_OFFSET_HW	11:0
blackwell/gb100	dev_vm.h	NV_VIRTUAL_FUNCTION_PRIV_ACCESS_COUNTER1_NOTIFY_BUFFER_PUT_OFFSET_HW_INIT	0x0
blackwell/gb100	dev_vm.h	NV_VIRTUAL_FUNCTION_PRIV_ACCESS_COUNTER1_NOTIFY_BUFFER_SIZE	0x3210
blackwell/gb100	dev_vm.h	NV_VIRTUAL_FUNCTION_PRIV_ACCESS_COUNTER1_NOTIFY_BUFFER_SIZE_FIELD	31:0
blackwell/gb100	dev_vm.h	NV_VIRTUAL_FUNCTION_PRIV_ACCESS_COUNTER1_NOTIFY_BUFFER_SIZE_HW	12:0
blackwell/gb100	dev_vm.h	NV_VIRTUAL_FUNCTION_PRIV_ACCESS_COUNTER1_NOTIFY_BUFFER_SIZE_HW_ENTRIES	0x1000
blackwell/gb100	dev_vm.h	NV_VIRTUAL_FUNCTION_PRIV_ACCESS_COUNTER_CONFIG	0x3100
blackwell/gb100	dev_vm.h	NV_VIRTUAL_FUNCTION_PRIV_ACCESS_COUNTER_CONFIG_COUNT_PCIE	31:31
blackwell/gb100	dev_vm.h	NV_VIRTUAL_FUNCTION_PRIV_ACCESS_COUNTER_CONFIG_COUNT_PCIE_FALSE	0x0
blackwell/gb100	dev_vm.h	NV_VIRTUAL_FUNCTION_PRIV_ACCESS_COUNTER_CONFIG_COUNT_PCIE_TRUE	0x1
blackwell/gb100	dev_vm.h	NV_VIRTUAL_FUNCTION_PRIV_ACCESS_COUNTER_CONFIG_COUNT_PD	30:30
blackwell/gb100	dev_vm.h	NV_VIRTUAL_FUNCTION_PRIV_ACCESS_COUNTER_CONFIG_COUNT_PD_FALSE	0x0
blackwell/gb100	dev_vm.h	NV_VIRTUAL_FUNCTION_PRIV_ACCESS_COUNTER_CONFIG_COUNT_PD_TRUE	0x1
blackwell/gb100	dev_vm.h	NV_VIRTUAL_FUNCTION_PRIV_ACCESS_COUNTER_CONFIG_GVA_NOTIFY	20:20
blackwell/gb100	dev_vm.h	NV_VIRTUAL_FUNCTION_PRIV_ACCESS_COUNTER_CONFIG_GVA_NOTIFY_FALSE	0x0
blackwell/gb100	dev_vm.h	NV_VIRTUAL_FUNCTION_PRIV_ACCESS_COUNTER_CONFIG_GVA_NOTIFY_TRUE	0x1
blackwell/gb100	dev_vm.h	NV_VIRTUAL_FUNCTION_PRIV_ACCESS_COUNTER_CONFIG_MIMC_GRANULARITY	17:16
blackwell/gb100	dev_vm.h	NV_VIRTUAL_FUNCTION_PRIV_ACCESS_COUNTER_CONFIG_MIMC_GRANULARITY_16G	0x3
blackwell/gb100	dev_vm.h	NV_VIRTUAL_FUNCTION_PRIV_ACCESS_COUNTER_CONFIG_MIMC_GRANULARITY_16M	0x2
blackwell/gb100	dev_vm.h	NV_VIRTUAL_FUNCTION_PRIV_ACCESS_COUNTER_CONFIG_MIMC_GRANULARITY_2M	0x1
blackwell/gb100	dev_vm.h	NV_VIRTUAL_FUNCTION_PRIV_ACCESS_COUNTER_CONFIG_MIMC_GRANULARITY_64K	0x0
blackwell/gb100	dev_vm.h	NV_VIRTUAL_FUNCTION_PRIV_ACCESS_COUNTER_CONFIG_MIMC_GRANULARITY_INIT	0x0
blackwell/gb100	dev_vm.h	NV_VIRTUAL_FUNCTION_PRIV_ACCESS_COUNTER_CONFIG_MOMC_GRANULARITY	19:18
blackwell/gb100	dev_vm.h	NV_VIRTUAL_FUNCTION_PRIV_ACCESS_COUNTER_CONFIG_MOMC_GRANULARITY_16G	0x3
blackwell/gb100	dev_vm.h	NV_VIRTUAL_FUNCTION_PRIV_ACCESS_COUNTER_CONFIG_MOMC_GRANULARITY_16M	0x2
blackwell/gb100	dev_vm.h	NV_VIRTUAL_FUNCTION_PRIV_ACCESS_COUNTER_CONFIG_MOMC_GRANULARITY_2M	0x1
blackwell/gb100	dev_vm.h	NV_VIRTUAL_FUNCTION_PRIV_ACCESS_COUNTER_CONFIG_MOMC_GRANULARITY_64K	0x0
blackwell/gb100	dev_vm.h	NV_VIRTUAL_FUNCTION_PRIV_ACCESS_COUNTER_CONFIG_MOMC_GRANULARITY_INIT	0x0
blackwell/gb100	dev_vm.h	NV_VIRTUAL_FUNCTION_PRIV_ACCESS_COUNTER_CONFIG_THRESHOLD	15:0
blackwell/gb100	dev_vm.h	NV_VIRTUAL_FUNCTION_PRIV_ACCESS_COUNTER_CONFIG_THRESHOLD_INIT	0x80
blackwell/gb100	dev_vm.h	NV_VIRTUAL_FUNCTION_PRIV_ACCESS_COUNTER_NOTIFY_BUFFER_GET	0x3114
blackwell/gb100	dev_vm.h	NV_VIRTUAL_FUNCTION_PRIV_ACCESS_COUNTER_NOTIFY_BUFFER_GET_OFFSET	31:0
blackwell/gb100	dev_vm.h	NV_VIRTUAL_FUNCTION_PRIV_ACCESS_COUNTER_NOTIFY_BUFFER_GET_OFFSET_HW	11:0
blackwell/gb100	dev_vm.h	NV_VIRTUAL_FUNCTION_PRIV_ACCESS_COUNTER_NOTIFY_BUFFER_GET_OFFSET_HW_INIT	0x0
blackwell/gb100	dev_vm.h	NV_VIRTUAL_FUNCTION_PRIV_ACCESS_COUNTER_NOTIFY_BUFFER_HI	0x310c
blackwell/gb100	dev_vm.h	NV_VIRTUAL_FUNCTION_PRIV_ACCESS_COUNTER_NOTIFY_BUFFER_HI_BASE	31:0
blackwell/gb100	dev_vm.h	NV_VIRTUAL_FUNCTION_PRIV_ACCESS_COUNTER_NOTIFY_BUFFER_HI_BASE_RESET	0x0
blackwell/gb100	dev_vm.h	NV_VIRTUAL_FUNCTION_PRIV_ACCESS_COUNTER_NOTIFY_BUFFER_INFO	0x311c
blackwell/gb100	dev_vm.h	NV_VIRTUAL_FUNCTION_PRIV_ACCESS_COUNTER_NOTIFY_BUFFER_INFO_FULL	0:0
blackwell/gb100	dev_vm.h	NV_VIRTUAL_FUNCTION_PRIV_ACCESS_COUNTER_NOTIFY_BUFFER_INFO_FULL_FALSE	0x0
blackwell/gb100	dev_vm.h	NV_VIRTUAL_FUNCTION_PRIV_ACCESS_COUNTER_NOTIFY_BUFFER_INFO_FULL_TRUE	0x1
blackwell/gb100	dev_vm.h	NV_VIRTUAL_FUNCTION_PRIV_ACCESS_COUNTER_NOTIFY_BUFFER_INFO_PUSHED	1:1
blackwell/gb100	dev_vm.h	NV_VIRTUAL_FUNCTION_PRIV_ACCESS_COUNTER_NOTIFY_BUFFER_INFO_PUSHED_FALSE	0x0
blackwell/gb100	dev_vm.h	NV_VIRTUAL_FUNCTION_PRIV_ACCESS_COUNTER_NOTIFY_BUFFER_INFO_PUSHED_TRUE	0x1
blackwell/gb100	dev_vm.h	NV_VIRTUAL_FUNCTION_PRIV_ACCESS_COUNTER_NOTIFY_BUFFER_INFO_WRITE_NACK	24:24
blackwell/gb100	dev_vm.h	NV_VIRTUAL_FUNCTION_PRIV_ACCESS_COUNTER_NOTIFY_BUFFER_INFO_WRITE_NACK_FALSE	0x0
blackwell/gb100	dev_vm.h	NV_VIRTUAL_FUNCTION_PRIV_ACCESS_COUNTER_NOTIFY_BUFFER_INFO_WRITE_NACK_TRUE	0x1
blackwell/gb100	dev_vm.h	NV_VIRTUAL_FUNCTION_PRIV_ACCESS_COUNTER_NOTIFY_BUFFER_LO	0x3108
blackwell/gb100	dev_vm.h	NV_VIRTUAL_FUNCTION_PRIV_ACCESS_COUNTER_NOTIFY_BUFFER_LO_BASE	31:12
blackwell/gb100	dev_vm.h	NV_VIRTUAL_FUNCTION_PRIV_ACCESS_COUNTER_NOTIFY_BUFFER_LO_BASE_RESET	0x0
blackwell/gb100	dev_vm.h	NV_VIRTUAL_FUNCTION_PRIV_ACCESS_COUNTER_NOTIFY_BUFFER_LO_EN	0:0
blackwell/gb100	dev_vm.h	NV_VIRTUAL_FUNCTION_PRIV_ACCESS_COUNTER_NOTIFY_BUFFER_LO_EN_FALSE	0x0
blackwell/gb100	dev_vm.h	NV_VIRTUAL_FUNCTION_PRIV_ACCESS_COUNTER_NOTIFY_BUFFER_LO_EN_TRUE	0x1
blackwell/gb100	dev_vm.h	NV_VIRTUAL_FUNCTION_PRIV_ACCESS_COUNTER_NOTIFY_BUFFER_PUT	0x3118
blackwell/gb100	dev_vm.h	NV_VIRTUAL_FUNCTION_PRIV_ACCESS_COUNTER_NOTIFY_BUFFER_PUT_OFFSET	31:0
blackwell/gb100	dev_vm.h	NV_VIRTUAL_FUNCTION_PRIV_ACCESS_COUNTER_NOTIFY_BUFFER_PUT_OFFSET_HW	11:0
blackwell/gb100	dev_vm.h	NV_VIRTUAL_FUNCTION_PRIV_ACCESS_COUNTER_NOTIFY_BUFFER_PUT_OFFSET_HW_INIT	0x0
blackwell/gb100	dev_vm.h	NV_VIRTUAL_FUNCTION_PRIV_ACCESS_COUNTER_NOTIFY_BUFFER_SIZE	0x3110
blackwell/gb100	dev_vm.h	NV_VIRTUAL_FUNCTION_PRIV_ACCESS_COUNTER_NOTIFY_BUFFER_SIZE_FIELD	31:0
blackwell/gb100	dev_vm.h	NV_VIRTUAL_FUNCTION_PRIV_ACCESS_COUNTER_NOTIFY_BUFFER_SIZE_HW	12:0
blackwell/gb100	dev_vm.h	NV_VIRTUAL_FUNCTION_PRIV_ACCESS_COUNTER_NOTIFY_BUFFER_SIZE_HW_ENTRIES	0x1000
blackwell/gb100	dev_vm.h	NV_VIRTUAL_FUNCTION_PRIV_CPU_INTR_GSP_INTR_0_VECTOR	0x9b
blackwell/gb100	dev_vm.h	NV_VIRTUAL_FUNCTION_PRIV_CPU_INTR_HDACODEC_VECTOR	0x93
blackwell/gb100	dev_vm.h	NV_VIRTUAL_FUNCTION_PRIV_CPU_INTR_LEAF(0)	0x1000
blackwell/gb100	dev_vm.h	NV_VIRTUAL_FUNCTION_PRIV_CPU_INTR_LEAF(1)	0x1004
blackwell/gb100	dev_vm.h	NV_VIRTUAL_FUNCTION_PRIV_CPU_INTR_LEAF_EN_CLEAR(0)	0x1400
blackwell/gb100	dev_vm.h	NV_VIRTUAL_FUNCTION_PRIV_CPU_INTR_LEAF_EN_CLEAR(1)	0x1404
blackwell/gb100	dev_vm.h	NV_VIRTUAL_FUNCTION_PRIV_CPU_INTR_LEAF_EN_CLEAR_VALUE	31:0
blackwell/gb100	dev_vm.h	NV_VIRTUAL_FUNCTION_PRIV_CPU_INTR_LEAF_EN_CLEAR_VALUE_INIT	0x0
blackwell/gb100	dev_vm.h	NV_VIRTUAL_FUNCTION_PRIV_CPU_INTR_LEAF_EN_CLEAR__SIZE_1	0x10
blackwell/gb100	dev_vm.h	NV_VIRTUAL_FUNCTION_PRIV_CPU_INTR_LEAF_EN_SET(0)	0x1200
blackwell/gb100	dev_vm.h	NV_VIRTUAL_FUNCTION_PRIV_CPU_INTR_LEAF_EN_SET(1)	0x1204
blackwell/gb100	dev_vm.h	NV_VIRTUAL_FUNCTION_PRIV_CPU_INTR_LEAF_EN_SET_VALUE	31:0
blackwell/gb100	dev_vm.h	NV_VIRTUAL_FUNCTION_PRIV_CPU_INTR_LEAF_EN_SET_VALUE_INIT	0x0
blackwell/gb100	dev_vm.h	NV_VIRTUAL_FUNCTION_PRIV_CPU_INTR_LEAF_EN_SET__SIZE_1	0x10
blackwell/gb100	dev_vm.h	NV_VIRTUAL_FUNCTION_PRIV_CPU_INTR_LEAF_TRIGGER	0x1640
blackwell/gb100	dev_vm.h	NV_VIRTUAL_FUNCTION_PRIV_CPU_INTR_LEAF_TRIGGER_VECTOR	11:0
blackwell/gb100	dev_vm.h	NV_VIRTUAL_FUNCTION_PRIV_CPU_INTR_LEAF_VALUE	31:0
blackwell/gb100	dev_vm.h	NV_VIRTUAL_FUNCTION_PRIV_CPU_INTR_LEAF_VALUE_INIT	0x0
blackwell/gb100	dev_vm.h	NV_VIRTUAL_FUNCTION_PRIV_CPU_INTR_LEAF__SIZE_1	0x10
blackwell/gb100	dev_vm.h	NV_VIRTUAL_FUNCTION_PRIV_CPU_INTR_LTC_ALL_VECTOR	0x99
blackwell/gb100	dev_vm.h	NV_VIRTUAL_FUNCTION_PRIV_CPU_INTR_PBUS_VECTOR	0x9c
blackwell/gb100	dev_vm.h	NV_VIRTUAL_FUNCTION_PRIV_CPU_INTR_PDISP_VECTOR	0x9a
blackwell/gb100	dev_vm.h	NV_VIRTUAL_FUNCTION_PRIV_CPU_INTR_PFB_VECTOR	0x8d
blackwell/gb100	dev_vm.h	NV_VIRTUAL_FUNCTION_PRIV_CPU_INTR_PMGR_VECTOR	0x95
blackwell/gb100	dev_vm.h	NV_VIRTUAL_FUNCTION_PRIV_CPU_INTR_PMU_VECTOR	0x98
blackwell/gb100	dev_vm.h	NV_VIRTUAL_FUNCTION_PRIV_CPU_INTR_PRIV_RING_VECTOR	0x9e
blackwell/gb100	dev_vm.h	NV_VIRTUAL_FUNCTION_PRIV_CPU_INTR_PTIMER_ALARM_VECTOR	0x9f
blackwell/gb100	dev_vm.h	NV_VIRTUAL_FUNCTION_PRIV_CPU_INTR_PTIMER_VECTOR	0x94
blackwell/gb100	dev_vm.h	NV_VIRTUAL_FUNCTION_PRIV_CPU_INTR_THERMAL_VECTOR	0x92
blackwell/gb100	dev_vm.h	NV_VIRTUAL_FUNCTION_PRIV_CPU_INTR_TOP(0)	0x1600
blackwell/gb100	dev_vm.h	NV_VIRTUAL_FUNCTION_PRIV_CPU_INTR_TOP(1)	0x1604
blackwell/gb100	dev_vm.h	NV_VIRTUAL_FUNCTION_PRIV_CPU_INTR_TOP_EN_CLEAR(0)	0x1610
blackwell/gb100	dev_vm.h	NV_VIRTUAL_FUNCTION_PRIV_CPU_INTR_TOP_EN_CLEAR(1)	0x1614
blackwell/gb100	dev_vm.h	NV_VIRTUAL_FUNCTION_PRIV_CPU_INTR_TOP_EN_CLEAR_SUBTREE(0)	0x0
blackwell/gb100	dev_vm.h	NV_VIRTUAL_FUNCTION_PRIV_CPU_INTR_TOP_EN_CLEAR_SUBTREE(1)	0x1
blackwell/gb100	dev_vm.h	NV_VIRTUAL_FUNCTION_PRIV_CPU_INTR_TOP_EN_CLEAR_SUBTREE_DISABLE	0x1
blackwell/gb100	dev_vm.h	NV_VIRTUAL_FUNCTION_PRIV_CPU_INTR_TOP_EN_CLEAR_SUBTREE_DISABLED	0x0
blackwell/gb100	dev_vm.h	NV_VIRTUAL_FUNCTION_PRIV_CPU_INTR_TOP_EN_CLEAR_SUBTREE_ENABLED	0x1
blackwell/gb100	dev_vm.h	NV_VIRTUAL_FUNCTION_PRIV_CPU_INTR_TOP_EN_CLEAR_SUBTREE__SIZE_1	0x40
blackwell/gb100	dev_vm.h	NV_VIRTUAL_FUNCTION_PRIV_CPU_INTR_TOP_EN_CLEAR_VALUE	31:0
blackwell/gb100	dev_vm.h	NV_VIRTUAL_FUNCTION_PRIV_CPU_INTR_TOP_EN_CLEAR_VALUE_INIT	0x0
blackwell/gb100	dev_vm.h	NV_VIRTUAL_FUNCTION_PRIV_CPU_INTR_TOP_EN_CLEAR__SIZE_1	0x1
blackwell/gb100	dev_vm.h	NV_VIRTUAL_FUNCTION_PRIV_CPU_INTR_TOP_EN_SET(0)	0x1608
blackwell/gb100	dev_vm.h	NV_VIRTUAL_FUNCTION_PRIV_CPU_INTR_TOP_EN_SET(1)	0x160c
blackwell/gb100	dev_vm.h	NV_VIRTUAL_FUNCTION_PRIV_CPU_INTR_TOP_EN_SET_SUBTREE(0)	0x0
blackwell/gb100	dev_vm.h	NV_VIRTUAL_FUNCTION_PRIV_CPU_INTR_TOP_EN_SET_SUBTREE(1)	0x1
blackwell/gb100	dev_vm.h	NV_VIRTUAL_FUNCTION_PRIV_CPU_INTR_TOP_EN_SET_SUBTREE_DISABLED	0x0
blackwell/gb100	dev_vm.h	NV_VIRTUAL_FUNCTION_PRIV_CPU_INTR_TOP_EN_SET_SUBTREE_ENABLE	0x1
blackwell/gb100	dev_vm.h	NV_VIRTUAL_FUNCTION_PRIV_CPU_INTR_TOP_EN_SET_SUBTREE_ENABLED	0x1
blackwell/gb100	dev_vm.h	NV_VIRTUAL_FUNCTION_PRIV_CPU_INTR_TOP_EN_SET_SUBTREE__SIZE_1	0x40
blackwell/gb100	dev_vm.h	NV_VIRTUAL_FUNCTION_PRIV_CPU_INTR_TOP_EN_SET_VALUE	31:0
blackwell/gb100	dev_vm.h	NV_VIRTUAL_FUNCTION_PRIV_CPU_INTR_TOP_EN_SET_VALUE_INIT	0x0
blackwell/gb100	dev_vm.h	NV_VIRTUAL_FUNCTION_PRIV_CPU_INTR_TOP_EN_SET__SIZE_1	0x1
blackwell/gb100	dev_vm.h	NV_VIRTUAL_FUNCTION_PRIV_CPU_INTR_TOP_SUBTREE(0)	0x0
blackwell/gb100	dev_vm.h	NV_VIRTUAL_FUNCTION_PRIV_CPU_INTR_TOP_SUBTREE(1)	0x1
blackwell/gb100	dev_vm.h	NV_VIRTUAL_FUNCTION_PRIV_CPU_INTR_TOP_SUBTREE_INTR_NOT_PENDING	0x0
blackwell/gb100	dev_vm.h	NV_VIRTUAL_FUNCTION_PRIV_CPU_INTR_TOP_SUBTREE_INTR_PENDING	0x1
blackwell/gb100	dev_vm.h	NV_VIRTUAL_FUNCTION_PRIV_CPU_INTR_TOP_SUBTREE__SIZE_1	0x40
blackwell/gb100	dev_vm.h	NV_VIRTUAL_FUNCTION_PRIV_CPU_INTR_TOP_VALUE	31:0
blackwell/gb100	dev_vm.h	NV_VIRTUAL_FUNCTION_PRIV_CPU_INTR_TOP__SIZE_1	0x1
blackwell/gb100	dev_vm.h	NV_VIRTUAL_FUNCTION_PRIV_CPU_INTR_XVE_VECTOR	0x9d
blackwell/gb100	dev_vm.h	NV_VIRTUAL_FUNCTION_PRIV_DOORBELL	0x2200
blackwell/gb100	dev_vm.h	NV_VIRTUAL_FUNCTION_PRIV_DOORBELL_CPU_NOTIFICATION	31:31
blackwell/gb100	dev_vm.h	NV_VIRTUAL_FUNCTION_PRIV_DOORBELL_CPU_NOTIFICATION_FALSE	0x0
blackwell/gb100	dev_vm.h	NV_VIRTUAL_FUNCTION_PRIV_DOORBELL_CPU_NOTIFICATION_TRUE	0x1
blackwell/gb100	dev_vm.h	NV_VIRTUAL_FUNCTION_PRIV_DOORBELL_HANDLE	31:0
blackwell/gb100	dev_vm.h	NV_VIRTUAL_FUNCTION_PRIV_DOORBELL_RSVD	30:12
blackwell/gb100	dev_vm.h	NV_VIRTUAL_FUNCTION_PRIV_DOORBELL_VECTOR	11:0
blackwell/gb100	dev_vm.h	NV_VIRTUAL_FUNCTION_PRIV_FUNC_BAR2_BLOCK_LOW_ADDR	0xf70
blackwell/gb100	dev_vm.h	NV_VIRTUAL_FUNCTION_PRIV_FUNC_BAR2_BLOCK_LOW_ADDR_BAR2_OUTSTANDING	1:1
blackwell/gb100	dev_vm.h	NV_VIRTUAL_FUNCTION_PRIV_FUNC_BAR2_BLOCK_LOW_ADDR_BAR2_OUTSTANDING_FALSE	0x0
blackwell/gb100	dev_vm.h	NV_VIRTUAL_FUNCTION_PRIV_FUNC_BAR2_BLOCK_LOW_ADDR_BAR2_OUTSTANDING_TRUE	0x1
blackwell/gb100	dev_vm.h	NV_VIRTUAL_FUNCTION_PRIV_FUNC_BAR2_BLOCK_LOW_ADDR_BAR2_PENDING	0:0
blackwell/gb100	dev_vm.h	NV_VIRTUAL_FUNCTION_PRIV_FUNC_BAR2_BLOCK_LOW_ADDR_BAR2_PENDING_BUSY	0x1
blackwell/gb100	dev_vm.h	NV_VIRTUAL_FUNCTION_PRIV_FUNC_BAR2_BLOCK_LOW_ADDR_BAR2_PENDING_EMPTY	0x0
blackwell/gb100	dev_vm.h	NV_VIRTUAL_FUNCTION_PRIV_FUNC_BAR2_BLOCK_LOW_ADDR_MAP	31:10
blackwell/gb100	dev_vm.h	NV_VIRTUAL_FUNCTION_PRIV_FUNC_BAR2_BLOCK_LOW_ADDR_MODE	9:9
blackwell/gb100	dev_vm.h	NV_VIRTUAL_FUNCTION_PRIV_FUNC_BAR2_BLOCK_LOW_ADDR_MODE_PHYSICAL	0x0
blackwell/gb100	dev_vm.h	NV_VIRTUAL_FUNCTION_PRIV_FUNC_BAR2_BLOCK_LOW_ADDR_MODE_VIRTUAL	0x1
blackwell/gb100	dev_vm.h	NV_VIRTUAL_FUNCTION_PRIV_FUNC_BAR2_BLOCK_LOW_ADDR_PTR	31:12
blackwell/gb100	dev_vm.h	NV_VIRTUAL_FUNCTION_PRIV_FUNC_BAR2_BLOCK_LOW_ADDR_PTR_0	0x0
blackwell/gb100	dev_vm.h	NV_VIRTUAL_FUNCTION_PRIV_FUNC_BAR2_BLOCK_LOW_ADDR_TARGET	11:10
blackwell/gb100	dev_vm.h	NV_VIRTUAL_FUNCTION_PRIV_FUNC_BAR2_BLOCK_LOW_ADDR_TARGET_SYS_MEM_COHERENT	0x2
blackwell/gb100	dev_vm.h	NV_VIRTUAL_FUNCTION_PRIV_FUNC_BAR2_BLOCK_LOW_ADDR_TARGET_SYS_MEM_NONCOHERENT	0x3
blackwell/gb100	dev_vm.h	NV_VIRTUAL_FUNCTION_PRIV_FUNC_BAR2_BLOCK_LOW_ADDR_TARGET_VID_MEM	0x0
blackwell/gb100	dev_vm.h	NV_VIRTUAL_FUNCTION_PRIV_FUNC_L2_PEERMEM_INVALIDATE	0xf18
blackwell/gb100	dev_vm.h	NV_VIRTUAL_FUNCTION_PRIV_FUNC_L2_PEERMEM_INVALIDATE_COMPLETED	0xf1c
blackwell/gb100	dev_vm.h	NV_VIRTUAL_FUNCTION_PRIV_FUNC_L2_PEERMEM_INVALIDATE_COMPLETED_STATUS	31:31
blackwell/gb100	dev_vm.h	NV_VIRTUAL_FUNCTION_PRIV_FUNC_L2_PEERMEM_INVALIDATE_COMPLETED_STATUS_BUSY	0x1
blackwell/gb100	dev_vm.h	NV_VIRTUAL_FUNCTION_PRIV_FUNC_L2_PEERMEM_INVALIDATE_COMPLETED_STATUS_IDLE	0x0
blackwell/gb100	dev_vm.h	NV_VIRTUAL_FUNCTION_PRIV_FUNC_L2_PEERMEM_INVALIDATE_COMPLETED_TOKEN	30:0
blackwell/gb100	dev_vm.h	NV_VIRTUAL_FUNCTION_PRIV_FUNC_L2_PEERMEM_INVALIDATE_COMPLETED_TOKEN_INIT	0x0
blackwell/gb100	dev_vm.h	NV_VIRTUAL_FUNCTION_PRIV_FUNC_L2_PEERMEM_INVALIDATE_TOKEN	30:0
blackwell/gb100	dev_vm.h	NV_VIRTUAL_FUNCTION_PRIV_FUNC_L2_PEERMEM_INVALIDATE_TOKEN_INIT	0x0
blackwell/gb100	dev_vm.h	NV_VIRTUAL_FUNCTION_PRIV_FUNC_L2_SYSMEM_INVALIDATE	0xf10
blackwell/gb100	dev_vm.h	NV_VIRTUAL_FUNCTION_PRIV_FUNC_L2_SYSMEM_INVALIDATE_COMPLETED	0xf14
blackwell/gb100	dev_vm.h	NV_VIRTUAL_FUNCTION_PRIV_FUNC_L2_SYSMEM_INVALIDATE_COMPLETED_STATUS	31:31
blackwell/gb100	dev_vm.h	NV_VIRTUAL_FUNCTION_PRIV_FUNC_L2_SYSMEM_INVALIDATE_COMPLETED_STATUS_BUSY	0x1
blackwell/gb100	dev_vm.h	NV_VIRTUAL_FUNCTION_PRIV_FUNC_L2_SYSMEM_INVALIDATE_COMPLETED_STATUS_IDLE	0x0
blackwell/gb100	dev_vm.h	NV_VIRTUAL_FUNCTION_PRIV_FUNC_L2_SYSMEM_INVALIDATE_COMPLETED_TOKEN	30:0
blackwell/gb100	dev_vm.h	NV_VIRTUAL_FUNCTION_PRIV_FUNC_L2_SYSMEM_INVALIDATE_COMPLETED_TOKEN_INIT	0x0
blackwell/gb100	dev_vm.h	NV_VIRTUAL_FUNCTION_PRIV_FUNC_L2_SYSMEM_INVALIDATE_TOKEN	30:0
blackwell/gb100	dev_vm.h	NV_VIRTUAL_FUNCTION_PRIV_FUNC_L2_SYSMEM_INVALIDATE_TOKEN_INIT	0x0
blackwell/gb100	dev_vm.h	NV_VIRTUAL_FUNCTION_PRIV_JUMBO	0x42ffff:0x400000
blackwell/gb100	dev_vm.h	NV_VIRTUAL_FUNCTION_PRIV_JUMBO_MSIX_PBA	0x420000
blackwell/gb100	dev_vm.h	NV_VIRTUAL_FUNCTION_PRIV_JUMBO_MSIX_PBA_BITS	31:0
blackwell/gb100	dev_vm.h	NV_VIRTUAL_FUNCTION_PRIV_JUMBO_MSIX_PBA_BITS_INIT	0x0
blackwell/gb100	dev_vm.h	NV_VIRTUAL_FUNCTION_PRIV_JUMBO_MSIX_TABLE_ADDR_HI(0)	0x410004
blackwell/gb100	dev_vm.h	NV_VIRTUAL_FUNCTION_PRIV_JUMBO_MSIX_TABLE_ADDR_HI(1)	0x410014
blackwell/gb100	dev_vm.h	NV_VIRTUAL_FUNCTION_PRIV_JUMBO_MSIX_TABLE_ADDR_HI_BITS	31:0
blackwell/gb100	dev_vm.h	NV_VIRTUAL_FUNCTION_PRIV_JUMBO_MSIX_TABLE_ADDR_HI__SIZE_1	0xc
blackwell/gb100	dev_vm.h	NV_VIRTUAL_FUNCTION_PRIV_JUMBO_MSIX_TABLE_ADDR_LO(0)	0x410000
blackwell/gb100	dev_vm.h	NV_VIRTUAL_FUNCTION_PRIV_JUMBO_MSIX_TABLE_ADDR_LO(1)	0x410010
blackwell/gb100	dev_vm.h	NV_VIRTUAL_FUNCTION_PRIV_JUMBO_MSIX_TABLE_ADDR_LO_BITS	31:2
blackwell/gb100	dev_vm.h	NV_VIRTUAL_FUNCTION_PRIV_JUMBO_MSIX_TABLE_ADDR_LO_RSVD	1:0
blackwell/gb100	dev_vm.h	NV_VIRTUAL_FUNCTION_PRIV_JUMBO_MSIX_TABLE_ADDR_LO_RSVD_VALUE	0x0
blackwell/gb100	dev_vm.h	NV_VIRTUAL_FUNCTION_PRIV_JUMBO_MSIX_TABLE_ADDR_LO__SIZE_1	0xc
blackwell/gb100	dev_vm.h	NV_VIRTUAL_FUNCTION_PRIV_JUMBO_MSIX_TABLE_DATA(0)	0x410008
blackwell/gb100	dev_vm.h	NV_VIRTUAL_FUNCTION_PRIV_JUMBO_MSIX_TABLE_DATA(1)	0x410018
blackwell/gb100	dev_vm.h	NV_VIRTUAL_FUNCTION_PRIV_JUMBO_MSIX_TABLE_DATA_BITS	31:0
blackwell/gb100	dev_vm.h	NV_VIRTUAL_FUNCTION_PRIV_JUMBO_MSIX_TABLE_DATA__SIZE_1	0xc
blackwell/gb100	dev_vm.h	NV_VIRTUAL_FUNCTION_PRIV_JUMBO_MSIX_TABLE_VECTOR_CONTROL(0)	0x41000c
blackwell/gb100	dev_vm.h	NV_VIRTUAL_FUNCTION_PRIV_JUMBO_MSIX_TABLE_VECTOR_CONTROL(1)	0x41001c
blackwell/gb100	dev_vm.h	NV_VIRTUAL_FUNCTION_PRIV_JUMBO_MSIX_TABLE_VECTOR_CONTROL_MASK_BIT	0:0
blackwell/gb100	dev_vm.h	NV_VIRTUAL_FUNCTION_PRIV_JUMBO_MSIX_TABLE_VECTOR_CONTROL_MASK_BIT_MASKED	0x1
blackwell/gb100	dev_vm.h	NV_VIRTUAL_FUNCTION_PRIV_JUMBO_MSIX_TABLE_VECTOR_CONTROL_MASK_BIT_UNMASKED	0x0
blackwell/gb100	dev_vm.h	NV_VIRTUAL_FUNCTION_PRIV_JUMBO_MSIX_TABLE_VECTOR_CONTROL_RSVD	31:1
blackwell/gb100	dev_vm.h	NV_VIRTUAL_FUNCTION_PRIV_JUMBO_MSIX_TABLE_VECTOR_CONTROL_RSVD_VALUE	0x0
blackwell/gb100	dev_vm.h	NV_VIRTUAL_FUNCTION_PRIV_JUMBO_MSIX_TABLE_VECTOR_CONTROL__SIZE_1	0xc
blackwell/gb100	dev_vm.h	NV_VIRTUAL_FUNCTION_PRIV_MAILBOX_SCRATCH(0)	0x2100
blackwell/gb100	dev_vm.h	NV_VIRTUAL_FUNCTION_PRIV_MAILBOX_SCRATCH(1)	0x2104
blackwell/gb100	dev_vm.h	NV_VIRTUAL_FUNCTION_PRIV_MAILBOX_SCRATCH_DATA	31:0
blackwell/gb100	dev_vm.h	NV_VIRTUAL_FUNCTION_PRIV_MAILBOX_SCRATCH__SIZE_1	0x10
blackwell/gb100	dev_vm.h	NV_VIRTUAL_FUNCTION_PRIV_MMU_FAULT_ADDR_HI	0x3084
blackwell/gb100	dev_vm.h	NV_VIRTUAL_FUNCTION_PRIV_MMU_FAULT_ADDR_HI_ADDR	31:0
blackwell/gb100	dev_vm.h	NV_VIRTUAL_FUNCTION_PRIV_MMU_FAULT_ADDR_HI_ADDR_RESET	0x0
blackwell/gb100	dev_vm.h	NV_VIRTUAL_FUNCTION_PRIV_MMU_FAULT_ADDR_LO	0x3080
blackwell/gb100	dev_vm.h	NV_VIRTUAL_FUNCTION_PRIV_MMU_FAULT_ADDR_LO_ADDR	31:12
blackwell/gb100	dev_vm.h	NV_VIRTUAL_FUNCTION_PRIV_MMU_FAULT_ADDR_LO_ADDR_RESET	0x0
blackwell/gb100	dev_vm.h	NV_VIRTUAL_FUNCTION_PRIV_MMU_FAULT_ADDR_LO_PHYS_APERTURE	1:0
blackwell/gb100	dev_vm.h	NV_VIRTUAL_FUNCTION_PRIV_MMU_FAULT_ADDR_LO_PHYS_APERTURE_LOCAL	0x0
blackwell/gb100	dev_vm.h	NV_VIRTUAL_FUNCTION_PRIV_MMU_FAULT_ADDR_LO_PHYS_APERTURE_PEER	0x1
blackwell/gb100	dev_vm.h	NV_VIRTUAL_FUNCTION_PRIV_MMU_FAULT_ADDR_LO_PHYS_APERTURE_SYS_COH	0x2
blackwell/gb100	dev_vm.h	NV_VIRTUAL_FUNCTION_PRIV_MMU_FAULT_ADDR_LO_PHYS_APERTURE_SYS_NCOH	0x3
blackwell/gb100	dev_vm.h	NV_VIRTUAL_FUNCTION_PRIV_MMU_FAULT_BUFFER_GET(0)	0x3008
blackwell/gb100	dev_vm.h	NV_VIRTUAL_FUNCTION_PRIV_MMU_FAULT_BUFFER_GET(1)	0x3028
blackwell/gb100	dev_vm.h	NV_VIRTUAL_FUNCTION_PRIV_MMU_FAULT_BUFFER_GET_GETPTR_CORRUPTED	30:30
blackwell/gb100	dev_vm.h	NV_VIRTUAL_FUNCTION_PRIV_MMU_FAULT_BUFFER_GET_GETPTR_CORRUPTED_CLEAR	0x1
blackwell/gb100	dev_vm.h	NV_VIRTUAL_FUNCTION_PRIV_MMU_FAULT_BUFFER_GET_GETPTR_CORRUPTED_NO	0x0
blackwell/gb100	dev_vm.h	NV_VIRTUAL_FUNCTION_PRIV_MMU_FAULT_BUFFER_GET_GETPTR_CORRUPTED_YES	0x1
blackwell/gb100	dev_vm.h	NV_VIRTUAL_FUNCTION_PRIV_MMU_FAULT_BUFFER_GET_OVERFLOW	31:31
blackwell/gb100	dev_vm.h	NV_VIRTUAL_FUNCTION_PRIV_MMU_FAULT_BUFFER_GET_OVERFLOW_CLEAR	0x1
blackwell/gb100	dev_vm.h	NV_VIRTUAL_FUNCTION_PRIV_MMU_FAULT_BUFFER_GET_OVERFLOW_NO	0x0
blackwell/gb100	dev_vm.h	NV_VIRTUAL_FUNCTION_PRIV_MMU_FAULT_BUFFER_GET_OVERFLOW_YES	0x1
blackwell/gb100	dev_vm.h	NV_VIRTUAL_FUNCTION_PRIV_MMU_FAULT_BUFFER_GET_PTR	19:0
blackwell/gb100	dev_vm.h	NV_VIRTUAL_FUNCTION_PRIV_MMU_FAULT_BUFFER_GET_PTR_RESET	0x0
blackwell/gb100	dev_vm.h	NV_VIRTUAL_FUNCTION_PRIV_MMU_FAULT_BUFFER_GET__SIZE_1	0x2
blackwell/gb100	dev_vm.h	NV_VIRTUAL_FUNCTION_PRIV_MMU_FAULT_BUFFER_HI(0)	0x3004
blackwell/gb100	dev_vm.h	NV_VIRTUAL_FUNCTION_PRIV_MMU_FAULT_BUFFER_HI(1)	0x3024
blackwell/gb100	dev_vm.h	NV_VIRTUAL_FUNCTION_PRIV_MMU_FAULT_BUFFER_HI_ADDR	31:0
blackwell/gb100	dev_vm.h	NV_VIRTUAL_FUNCTION_PRIV_MMU_FAULT_BUFFER_HI__SIZE_1	0x2
blackwell/gb100	dev_vm.h	NV_VIRTUAL_FUNCTION_PRIV_MMU_FAULT_BUFFER_LO(0)	0x3000
blackwell/gb100	dev_vm.h	NV_VIRTUAL_FUNCTION_PRIV_MMU_FAULT_BUFFER_LO(1)	0x3020
blackwell/gb100	dev_vm.h	NV_VIRTUAL_FUNCTION_PRIV_MMU_FAULT_BUFFER_LO_ADDR	31:12
blackwell/gb100	dev_vm.h	NV_VIRTUAL_FUNCTION_PRIV_MMU_FAULT_BUFFER_LO_ADDR_MODE	0:0
blackwell/gb100	dev_vm.h	NV_VIRTUAL_FUNCTION_PRIV_MMU_FAULT_BUFFER_LO_ADDR_MODE_PHYSICAL	0x1
blackwell/gb100	dev_vm.h	NV_VIRTUAL_FUNCTION_PRIV_MMU_FAULT_BUFFER_LO_ADDR_MODE_VIRTUAL	0x0
blackwell/gb100	dev_vm.h	NV_VIRTUAL_FUNCTION_PRIV_MMU_FAULT_BUFFER_LO_PHYS_APERTURE	2:1
blackwell/gb100	dev_vm.h	NV_VIRTUAL_FUNCTION_PRIV_MMU_FAULT_BUFFER_LO_PHYS_APERTURE_LOCAL	0x0
blackwell/gb100	dev_vm.h	NV_VIRTUAL_FUNCTION_PRIV_MMU_FAULT_BUFFER_LO_PHYS_APERTURE_SYS_COH	0x2
blackwell/gb100	dev_vm.h	NV_VIRTUAL_FUNCTION_PRIV_MMU_FAULT_BUFFER_LO_PHYS_APERTURE_SYS_NCOH	0x3
blackwell/gb100	dev_vm.h	NV_VIRTUAL_FUNCTION_PRIV_MMU_FAULT_BUFFER_LO_PHYS_VOL	3:3
blackwell/gb100	dev_vm.h	NV_VIRTUAL_FUNCTION_PRIV_MMU_FAULT_BUFFER_LO__SIZE_1	0x2
blackwell/gb100	dev_vm.h	NV_VIRTUAL_FUNCTION_PRIV_MMU_FAULT_BUFFER_PUT(0)	0x300c
blackwell/gb100	dev_vm.h	NV_VIRTUAL_FUNCTION_PRIV_MMU_FAULT_BUFFER_PUT(1)	0x302c
blackwell/gb100	dev_vm.h	NV_VIRTUAL_FUNCTION_PRIV_MMU_FAULT_BUFFER_PUT_GETPTR_CORRUPTED	30:30
blackwell/gb100	dev_vm.h	NV_VIRTUAL_FUNCTION_PRIV_MMU_FAULT_BUFFER_PUT_GETPTR_CORRUPTED_NO	0x0
blackwell/gb100	dev_vm.h	NV_VIRTUAL_FUNCTION_PRIV_MMU_FAULT_BUFFER_PUT_GETPTR_CORRUPTED_YES	0x1
blackwell/gb100	dev_vm.h	NV_VIRTUAL_FUNCTION_PRIV_MMU_FAULT_BUFFER_PUT_OVERFLOW	31:31
blackwell/gb100	dev_vm.h	NV_VIRTUAL_FUNCTION_PRIV_MMU_FAULT_BUFFER_PUT_OVERFLOW_NO	0x0
blackwell/gb100	dev_vm.h	NV_VIRTUAL_FUNCTION_PRIV_MMU_FAULT_BUFFER_PUT_OVERFLOW_YES	0x1
blackwell/gb100	dev_vm.h	NV_VIRTUAL_FUNCTION_PRIV_MMU_FAULT_BUFFER_PUT_PTR	19:0
blackwell/gb100	dev_vm.h	NV_VIRTUAL_FUNCTION_PRIV_MMU_FAULT_BUFFER_PUT_PTR_RESET	0x0
blackwell/gb100	dev_vm.h	NV_VIRTUAL_FUNCTION_PRIV_MMU_FAULT_BUFFER_PUT__SIZE_1	0x2
blackwell/gb100	dev_vm.h	NV_VIRTUAL_FUNCTION_PRIV_MMU_FAULT_BUFFER_SIZE(0)	0x3010
blackwell/gb100	dev_vm.h	NV_VIRTUAL_FUNCTION_PRIV_MMU_FAULT_BUFFER_SIZE(1)	0x3030
blackwell/gb100	dev_vm.h	NV_VIRTUAL_FUNCTION_PRIV_MMU_FAULT_BUFFER_SIZE_ENABLE	31:31
blackwell/gb100	dev_vm.h	NV_VIRTUAL_FUNCTION_PRIV_MMU_FAULT_BUFFER_SIZE_ENABLE_FALSE	0x0
blackwell/gb100	dev_vm.h	NV_VIRTUAL_FUNCTION_PRIV_MMU_FAULT_BUFFER_SIZE_ENABLE_TRUE	0x1
blackwell/gb100	dev_vm.h	NV_VIRTUAL_FUNCTION_PRIV_MMU_FAULT_BUFFER_SIZE_OVERFLOW_INTR	29:29
blackwell/gb100	dev_vm.h	NV_VIRTUAL_FUNCTION_PRIV_MMU_FAULT_BUFFER_SIZE_OVERFLOW_INTR_DISABLE	0x0
blackwell/gb100	dev_vm.h	NV_VIRTUAL_FUNCTION_PRIV_MMU_FAULT_BUFFER_SIZE_OVERFLOW_INTR_ENABLE	0x1
blackwell/gb100	dev_vm.h	NV_VIRTUAL_FUNCTION_PRIV_MMU_FAULT_BUFFER_SIZE_SET_DEFAULT	30:30
blackwell/gb100	dev_vm.h	NV_VIRTUAL_FUNCTION_PRIV_MMU_FAULT_BUFFER_SIZE_SET_DEFAULT_NO	0x0
blackwell/gb100	dev_vm.h	NV_VIRTUAL_FUNCTION_PRIV_MMU_FAULT_BUFFER_SIZE_SET_DEFAULT_YES	0x1
blackwell/gb100	dev_vm.h	NV_VIRTUAL_FUNCTION_PRIV_MMU_FAULT_BUFFER_SIZE_VAL	19:0
blackwell/gb100	dev_vm.h	NV_VIRTUAL_FUNCTION_PRIV_MMU_FAULT_BUFFER_SIZE_VAL_RESET	0x0
blackwell/gb100	dev_vm.h	NV_VIRTUAL_FUNCTION_PRIV_MMU_FAULT_BUFFER_SIZE__SIZE_1	0x2
blackwell/gb100	dev_vm.h	NV_VIRTUAL_FUNCTION_PRIV_MMU_FAULT_INFO	0x3090
blackwell/gb100	dev_vm.h	NV_VIRTUAL_FUNCTION_PRIV_MMU_FAULT_INFO_ACCESS_TYPE	19:16
blackwell/gb100	dev_vm.h	NV_VIRTUAL_FUNCTION_PRIV_MMU_FAULT_INFO_ACCESS_TYPE_ATOMIC	0x2
blackwell/gb100	dev_vm.h	NV_VIRTUAL_FUNCTION_PRIV_MMU_FAULT_INFO_ACCESS_TYPE_PHYS_ATOMIC	0xa
blackwell/gb100	dev_vm.h	NV_VIRTUAL_FUNCTION_PRIV_MMU_FAULT_INFO_ACCESS_TYPE_PHYS_PREFETCH	0xb
blackwell/gb100	dev_vm.h	NV_VIRTUAL_FUNCTION_PRIV_MMU_FAULT_INFO_ACCESS_TYPE_PHYS_READ	0x8
blackwell/gb100	dev_vm.h	NV_VIRTUAL_FUNCTION_PRIV_MMU_FAULT_INFO_ACCESS_TYPE_PHYS_WRITE	0x9
blackwell/gb100	dev_vm.h	NV_VIRTUAL_FUNCTION_PRIV_MMU_FAULT_INFO_ACCESS_TYPE_PREFETCH	0x3
blackwell/gb100	dev_vm.h	NV_VIRTUAL_FUNCTION_PRIV_MMU_FAULT_INFO_ACCESS_TYPE_READ	0x0
blackwell/gb100	dev_vm.h	NV_VIRTUAL_FUNCTION_PRIV_MMU_FAULT_INFO_ACCESS_TYPE_RESET	0x0
blackwell/gb100	dev_vm.h	NV_VIRTUAL_FUNCTION_PRIV_MMU_FAULT_INFO_ACCESS_TYPE_VIRT_ATOMIC	0x2
blackwell/gb100	dev_vm.h	NV_VIRTUAL_FUNCTION_PRIV_MMU_FAULT_INFO_ACCESS_TYPE_VIRT_ATOMIC_STRONG	0x2
blackwell/gb100	dev_vm.h	NV_VIRTUAL_FUNCTION_PRIV_MMU_FAULT_INFO_ACCESS_TYPE_VIRT_ATOMIC_WEAK	0x4
blackwell/gb100	dev_vm.h	NV_VIRTUAL_FUNCTION_PRIV_MMU_FAULT_INFO_ACCESS_TYPE_VIRT_PREFETCH	0x3
blackwell/gb100	dev_vm.h	NV_VIRTUAL_FUNCTION_PRIV_MMU_FAULT_INFO_ACCESS_TYPE_VIRT_READ	0x0
blackwell/gb100	dev_vm.h	NV_VIRTUAL_FUNCTION_PRIV_MMU_FAULT_INFO_ACCESS_TYPE_VIRT_WRITE	0x1
blackwell/gb100	dev_vm.h	NV_VIRTUAL_FUNCTION_PRIV_MMU_FAULT_INFO_ACCESS_TYPE_WRITE	0x1
blackwell/gb100	dev_vm.h	NV_VIRTUAL_FUNCTION_PRIV_MMU_FAULT_INFO_CLIENT	14:8
blackwell/gb100	dev_vm.h	NV_VIRTUAL_FUNCTION_PRIV_MMU_FAULT_INFO_CLIENT_RESET	0x0
blackwell/gb100	dev_vm.h	NV_VIRTUAL_FUNCTION_PRIV_MMU_FAULT_INFO_CLIENT_TYPE	20:20
blackwell/gb100	dev_vm.h	NV_VIRTUAL_FUNCTION_PRIV_MMU_FAULT_INFO_CLIENT_TYPE_RESET	0x0
blackwell/gb100	dev_vm.h	NV_VIRTUAL_FUNCTION_PRIV_MMU_FAULT_INFO_FAULT_TYPE	4:0
blackwell/gb100	dev_vm.h	NV_VIRTUAL_FUNCTION_PRIV_MMU_FAULT_INFO_FAULT_TYPE_RESET	0x0
blackwell/gb100	dev_vm.h	NV_VIRTUAL_FUNCTION_PRIV_MMU_FAULT_INFO_GPC_ID	28:24
blackwell/gb100	dev_vm.h	NV_VIRTUAL_FUNCTION_PRIV_MMU_FAULT_INFO_GPC_ID_RESET	0x0
blackwell/gb100	dev_vm.h	NV_VIRTUAL_FUNCTION_PRIV_MMU_FAULT_INFO_PROTECTED_MODE	29:29
blackwell/gb100	dev_vm.h	NV_VIRTUAL_FUNCTION_PRIV_MMU_FAULT_INFO_PROTECTED_MODE_RESET	0x0
blackwell/gb100	dev_vm.h	NV_VIRTUAL_FUNCTION_PRIV_MMU_FAULT_INFO_REPLAYABLE_FAULT	7:7
blackwell/gb100	dev_vm.h	NV_VIRTUAL_FUNCTION_PRIV_MMU_FAULT_INFO_REPLAYABLE_FAULT_EN	30:30
blackwell/gb100	dev_vm.h	NV_VIRTUAL_FUNCTION_PRIV_MMU_FAULT_INFO_REPLAYABLE_FAULT_EN_RESET	0x0
blackwell/gb100	dev_vm.h	NV_VIRTUAL_FUNCTION_PRIV_MMU_FAULT_INFO_REPLAYABLE_FAULT_RESET	0x0
blackwell/gb100	dev_vm.h	NV_VIRTUAL_FUNCTION_PRIV_MMU_FAULT_INFO_VALID	31:31
blackwell/gb100	dev_vm.h	NV_VIRTUAL_FUNCTION_PRIV_MMU_FAULT_INFO_VALID_RESET	0x0
blackwell/gb100	dev_vm.h	NV_VIRTUAL_FUNCTION_PRIV_MMU_FAULT_INST_HI	0x308c
blackwell/gb100	dev_vm.h	NV_VIRTUAL_FUNCTION_PRIV_MMU_FAULT_INST_HI_ADDR	31:0
blackwell/gb100	dev_vm.h	NV_VIRTUAL_FUNCTION_PRIV_MMU_FAULT_INST_HI_ADDR_RESET	0x0
blackwell/gb100	dev_vm.h	NV_VIRTUAL_FUNCTION_PRIV_MMU_FAULT_INST_LO	0x3088
blackwell/gb100	dev_vm.h	NV_VIRTUAL_FUNCTION_PRIV_MMU_FAULT_INST_LO_ADDR	31:12
blackwell/gb100	dev_vm.h	NV_VIRTUAL_FUNCTION_PRIV_MMU_FAULT_INST_LO_ADDR_RESET	0x0
blackwell/gb100	dev_vm.h	NV_VIRTUAL_FUNCTION_PRIV_MMU_FAULT_INST_LO_APERTURE	11:10
blackwell/gb100	dev_vm.h	NV_VIRTUAL_FUNCTION_PRIV_MMU_FAULT_INST_LO_APERTURE_RESET	0x0
blackwell/gb100	dev_vm.h	NV_VIRTUAL_FUNCTION_PRIV_MMU_FAULT_INST_LO_APERTURE_SYS_MEM_COHERENT	0x2
blackwell/gb100	dev_vm.h	NV_VIRTUAL_FUNCTION_PRIV_MMU_FAULT_INST_LO_APERTURE_SYS_MEM_NONCOHERENT	0x3
blackwell/gb100	dev_vm.h	NV_VIRTUAL_FUNCTION_PRIV_MMU_FAULT_INST_LO_APERTURE_VID_MEM	0x0
blackwell/gb100	dev_vm.h	NV_VIRTUAL_FUNCTION_PRIV_MMU_FAULT_INST_LO_ENGINE_ID	8:0
blackwell/gb100	dev_vm.h	NV_VIRTUAL_FUNCTION_PRIV_MMU_FAULT_INST_LO_ENGINE_ID_RESET	0x0
blackwell/gb100	dev_vm.h	NV_VIRTUAL_FUNCTION_PRIV_MMU_FAULT_STATUS	0x3094
blackwell/gb100	dev_vm.h	NV_VIRTUAL_FUNCTION_PRIV_MMU_FAULT_STATUS_BUSY	30:30
blackwell/gb100	dev_vm.h	NV_VIRTUAL_FUNCTION_PRIV_MMU_FAULT_STATUS_BUSY_FALSE	0x0
blackwell/gb100	dev_vm.h	NV_VIRTUAL_FUNCTION_PRIV_MMU_FAULT_STATUS_BUSY_TRUE	0x1
blackwell/gb100	dev_vm.h	NV_VIRTUAL_FUNCTION_PRIV_MMU_FAULT_STATUS_BUSY_TYPE	29:28
blackwell/gb100	dev_vm.h	NV_VIRTUAL_FUNCTION_PRIV_MMU_FAULT_STATUS_BUSY_TYPE_RESET	0x0
blackwell/gb100	dev_vm.h	NV_VIRTUAL_FUNCTION_PRIV_MMU_FAULT_STATUS_DROPPED_BAR1_PHYS	0:0
blackwell/gb100	dev_vm.h	NV_VIRTUAL_FUNCTION_PRIV_MMU_FAULT_STATUS_DROPPED_BAR1_PHYS_CLEAR	0x1
blackwell/gb100	dev_vm.h	NV_VIRTUAL_FUNCTION_PRIV_MMU_FAULT_STATUS_DROPPED_BAR1_PHYS_RESET	0x0
blackwell/gb100	dev_vm.h	NV_VIRTUAL_FUNCTION_PRIV_MMU_FAULT_STATUS_DROPPED_BAR1_PHYS_SET	0x1
blackwell/gb100	dev_vm.h	NV_VIRTUAL_FUNCTION_PRIV_MMU_FAULT_STATUS_DROPPED_BAR1_VIRT	1:1
blackwell/gb100	dev_vm.h	NV_VIRTUAL_FUNCTION_PRIV_MMU_FAULT_STATUS_DROPPED_BAR1_VIRT_CLEAR	0x1
blackwell/gb100	dev_vm.h	NV_VIRTUAL_FUNCTION_PRIV_MMU_FAULT_STATUS_DROPPED_BAR1_VIRT_RESET	0x0
blackwell/gb100	dev_vm.h	NV_VIRTUAL_FUNCTION_PRIV_MMU_FAULT_STATUS_DROPPED_BAR1_VIRT_SET	0x1
blackwell/gb100	dev_vm.h	NV_VIRTUAL_FUNCTION_PRIV_MMU_FAULT_STATUS_DROPPED_BAR2_PHYS	2:2
blackwell/gb100	dev_vm.h	NV_VIRTUAL_FUNCTION_PRIV_MMU_FAULT_STATUS_DROPPED_BAR2_PHYS_CLEAR	0x1
blackwell/gb100	dev_vm.h	NV_VIRTUAL_FUNCTION_PRIV_MMU_FAULT_STATUS_DROPPED_BAR2_PHYS_RESET	0x0
blackwell/gb100	dev_vm.h	NV_VIRTUAL_FUNCTION_PRIV_MMU_FAULT_STATUS_DROPPED_BAR2_PHYS_SET	0x1
blackwell/gb100	dev_vm.h	NV_VIRTUAL_FUNCTION_PRIV_MMU_FAULT_STATUS_DROPPED_BAR2_VIRT	3:3
blackwell/gb100	dev_vm.h	NV_VIRTUAL_FUNCTION_PRIV_MMU_FAULT_STATUS_DROPPED_BAR2_VIRT_CLEAR	0x1
blackwell/gb100	dev_vm.h	NV_VIRTUAL_FUNCTION_PRIV_MMU_FAULT_STATUS_DROPPED_BAR2_VIRT_RESET	0x0
blackwell/gb100	dev_vm.h	NV_VIRTUAL_FUNCTION_PRIV_MMU_FAULT_STATUS_DROPPED_BAR2_VIRT_SET	0x1
blackwell/gb100	dev_vm.h	NV_VIRTUAL_FUNCTION_PRIV_MMU_FAULT_STATUS_DROPPED_IFB_PHYS	4:4
blackwell/gb100	dev_vm.h	NV_VIRTUAL_FUNCTION_PRIV_MMU_FAULT_STATUS_DROPPED_IFB_PHYS_CLEAR	0x1
blackwell/gb100	dev_vm.h	NV_VIRTUAL_FUNCTION_PRIV_MMU_FAULT_STATUS_DROPPED_IFB_PHYS_RESET	0x0
blackwell/gb100	dev_vm.h	NV_VIRTUAL_FUNCTION_PRIV_MMU_FAULT_STATUS_DROPPED_IFB_PHYS_SET	0x1
blackwell/gb100	dev_vm.h	NV_VIRTUAL_FUNCTION_PRIV_MMU_FAULT_STATUS_DROPPED_IFB_VIRT	5:5
blackwell/gb100	dev_vm.h	NV_VIRTUAL_FUNCTION_PRIV_MMU_FAULT_STATUS_DROPPED_IFB_VIRT_CLEAR	0x1
blackwell/gb100	dev_vm.h	NV_VIRTUAL_FUNCTION_PRIV_MMU_FAULT_STATUS_DROPPED_IFB_VIRT_RESET	0x0
blackwell/gb100	dev_vm.h	NV_VIRTUAL_FUNCTION_PRIV_MMU_FAULT_STATUS_DROPPED_IFB_VIRT_SET	0x1
blackwell/gb100	dev_vm.h	NV_VIRTUAL_FUNCTION_PRIV_MMU_FAULT_STATUS_DROPPED_OTHER_PHYS	6:6
blackwell/gb100	dev_vm.h	NV_VIRTUAL_FUNCTION_PRIV_MMU_FAULT_STATUS_DROPPED_OTHER_PHYS_CLEAR	0x1
blackwell/gb100	dev_vm.h	NV_VIRTUAL_FUNCTION_PRIV_MMU_FAULT_STATUS_DROPPED_OTHER_PHYS_RESET	0x0
blackwell/gb100	dev_vm.h	NV_VIRTUAL_FUNCTION_PRIV_MMU_FAULT_STATUS_DROPPED_OTHER_PHYS_SET	0x1
blackwell/gb100	dev_vm.h	NV_VIRTUAL_FUNCTION_PRIV_MMU_FAULT_STATUS_DROPPED_OTHER_VIRT	7:7
blackwell/gb100	dev_vm.h	NV_VIRTUAL_FUNCTION_PRIV_MMU_FAULT_STATUS_DROPPED_OTHER_VIRT_CLEAR	0x1
blackwell/gb100	dev_vm.h	NV_VIRTUAL_FUNCTION_PRIV_MMU_FAULT_STATUS_DROPPED_OTHER_VIRT_RESET	0x0
blackwell/gb100	dev_vm.h	NV_VIRTUAL_FUNCTION_PRIV_MMU_FAULT_STATUS_DROPPED_OTHER_VIRT_SET	0x1
blackwell/gb100	dev_vm.h	NV_VIRTUAL_FUNCTION_PRIV_MMU_FAULT_STATUS_NON_REPLAYABLE	9:9
blackwell/gb100	dev_vm.h	NV_VIRTUAL_FUNCTION_PRIV_MMU_FAULT_STATUS_NON_REPLAYABLE_ERROR	11:11
blackwell/gb100	dev_vm.h	NV_VIRTUAL_FUNCTION_PRIV_MMU_FAULT_STATUS_NON_REPLAYABLE_ERROR_RESET	0x0
blackwell/gb100	dev_vm.h	NV_VIRTUAL_FUNCTION_PRIV_MMU_FAULT_STATUS_NON_REPLAYABLE_ERROR_SET	0x1
blackwell/gb100	dev_vm.h	NV_VIRTUAL_FUNCTION_PRIV_MMU_FAULT_STATUS_NON_REPLAYABLE_GETPTR_CORRUPTED	15:15
blackwell/gb100	dev_vm.h	NV_VIRTUAL_FUNCTION_PRIV_MMU_FAULT_STATUS_NON_REPLAYABLE_GETPTR_CORRUPTED_RESET	0x0
blackwell/gb100	dev_vm.h	NV_VIRTUAL_FUNCTION_PRIV_MMU_FAULT_STATUS_NON_REPLAYABLE_GETPTR_CORRUPTED_SET	0x1
blackwell/gb100	dev_vm.h	NV_VIRTUAL_FUNCTION_PRIV_MMU_FAULT_STATUS_NON_REPLAYABLE_OVERFLOW	13:13
blackwell/gb100	dev_vm.h	NV_VIRTUAL_FUNCTION_PRIV_MMU_FAULT_STATUS_NON_REPLAYABLE_OVERFLOW_RESET	0x0
blackwell/gb100	dev_vm.h	NV_VIRTUAL_FUNCTION_PRIV_MMU_FAULT_STATUS_NON_REPLAYABLE_OVERFLOW_SET	0x1
blackwell/gb100	dev_vm.h	NV_VIRTUAL_FUNCTION_PRIV_MMU_FAULT_STATUS_NON_REPLAYABLE_RESET	0x0
blackwell/gb100	dev_vm.h	NV_VIRTUAL_FUNCTION_PRIV_MMU_FAULT_STATUS_NON_REPLAYABLE_SET	0x1
blackwell/gb100	dev_vm.h	NV_VIRTUAL_FUNCTION_PRIV_MMU_FAULT_STATUS_REPLAYABLE	8:8
blackwell/gb100	dev_vm.h	NV_VIRTUAL_FUNCTION_PRIV_MMU_FAULT_STATUS_REPLAYABLE_ERROR	10:10
blackwell/gb100	dev_vm.h	NV_VIRTUAL_FUNCTION_PRIV_MMU_FAULT_STATUS_REPLAYABLE_ERROR_RESET	0x0
blackwell/gb100	dev_vm.h	NV_VIRTUAL_FUNCTION_PRIV_MMU_FAULT_STATUS_REPLAYABLE_ERROR_SET	0x1
blackwell/gb100	dev_vm.h	NV_VIRTUAL_FUNCTION_PRIV_MMU_FAULT_STATUS_REPLAYABLE_GETPTR_CORRUPTED	14:14
blackwell/gb100	dev_vm.h	NV_VIRTUAL_FUNCTION_PRIV_MMU_FAULT_STATUS_REPLAYABLE_GETPTR_CORRUPTED_RESET	0x0
blackwell/gb100	dev_vm.h	NV_VIRTUAL_FUNCTION_PRIV_MMU_FAULT_STATUS_REPLAYABLE_GETPTR_CORRUPTED_SET	0x1
blackwell/gb100	dev_vm.h	NV_VIRTUAL_FUNCTION_PRIV_MMU_FAULT_STATUS_REPLAYABLE_OVERFLOW	12:12
blackwell/gb100	dev_vm.h	NV_VIRTUAL_FUNCTION_PRIV_MMU_FAULT_STATUS_REPLAYABLE_OVERFLOW_RESET	0x0
blackwell/gb100	dev_vm.h	NV_VIRTUAL_FUNCTION_PRIV_MMU_FAULT_STATUS_REPLAYABLE_OVERFLOW_SET	0x1
blackwell/gb100	dev_vm.h	NV_VIRTUAL_FUNCTION_PRIV_MMU_FAULT_STATUS_REPLAYABLE_RESET	0x0
blackwell/gb100	dev_vm.h	NV_VIRTUAL_FUNCTION_PRIV_MMU_FAULT_STATUS_REPLAYABLE_SET	0x1
blackwell/gb100	dev_vm.h	NV_VIRTUAL_FUNCTION_PRIV_MMU_FAULT_STATUS_VAB_ERROR	16:16
blackwell/gb100	dev_vm.h	NV_VIRTUAL_FUNCTION_PRIV_MMU_FAULT_STATUS_VAB_ERROR_RESET	0x0
blackwell/gb100	dev_vm.h	NV_VIRTUAL_FUNCTION_PRIV_MMU_FAULT_STATUS_VAB_ERROR_SET	0x0
blackwell/gb100	dev_vm.h	NV_VIRTUAL_FUNCTION_PRIV_MMU_FAULT_STATUS_VALID	31:31
blackwell/gb100	dev_vm.h	NV_VIRTUAL_FUNCTION_PRIV_MMU_FAULT_STATUS_VALID_CLEAR	0x1
blackwell/gb100	dev_vm.h	NV_VIRTUAL_FUNCTION_PRIV_MMU_FAULT_STATUS_VALID_RESET	0x0
blackwell/gb100	dev_vm.h	NV_VIRTUAL_FUNCTION_PRIV_MMU_FAULT_STATUS_VALID_SET	0x1
blackwell/gb100	dev_vm.h	NV_VIRTUAL_FUNCTION_PRIV_MMU_INVALIDATE	0x30b0
blackwell/gb100	dev_vm.h	NV_VIRTUAL_FUNCTION_PRIV_MMU_INVALIDATE_ACK	8:7
blackwell/gb100	dev_vm.h	NV_VIRTUAL_FUNCTION_PRIV_MMU_INVALIDATE_ACK_GLOBALLY	0x1
blackwell/gb100	dev_vm.h	NV_VIRTUAL_FUNCTION_PRIV_MMU_INVALIDATE_ACK_INTRANODE	0x2
blackwell/gb100	dev_vm.h	NV_VIRTUAL_FUNCTION_PRIV_MMU_INVALIDATE_ACK_NONE_REQUIRED	0x0
blackwell/gb100	dev_vm.h	NV_VIRTUAL_FUNCTION_PRIV_MMU_INVALIDATE_ALL_PDB	1:1
blackwell/gb100	dev_vm.h	NV_VIRTUAL_FUNCTION_PRIV_MMU_INVALIDATE_ALL_PDB_FALSE	0x0
blackwell/gb100	dev_vm.h	NV_VIRTUAL_FUNCTION_PRIV_MMU_INVALIDATE_ALL_PDB_TRUE	0x1
blackwell/gb100	dev_vm.h	NV_VIRTUAL_FUNCTION_PRIV_MMU_INVALIDATE_ALL_VA	0:0
blackwell/gb100	dev_vm.h	NV_VIRTUAL_FUNCTION_PRIV_MMU_INVALIDATE_ALL_VA_FALSE	0x0
blackwell/gb100	dev_vm.h	NV_VIRTUAL_FUNCTION_PRIV_MMU_INVALIDATE_ALL_VA_TRUE	0x1
blackwell/gb100	dev_vm.h	NV_VIRTUAL_FUNCTION_PRIV_MMU_INVALIDATE_CACHE_LEVEL	26:24
blackwell/gb100	dev_vm.h	NV_VIRTUAL_FUNCTION_PRIV_MMU_INVALIDATE_CACHE_LEVEL_ALL	0x0
blackwell/gb100	dev_vm.h	NV_VIRTUAL_FUNCTION_PRIV_MMU_INVALIDATE_CACHE_LEVEL_CANCEL_ALL	0x7
blackwell/gb100	dev_vm.h	NV_VIRTUAL_FUNCTION_PRIV_MMU_INVALIDATE_CACHE_LEVEL_CANCEL_ATOMIC_ALL	0x5
blackwell/gb100	dev_vm.h	NV_VIRTUAL_FUNCTION_PRIV_MMU_INVALIDATE_CACHE_LEVEL_CANCEL_ATOMIC_STRONG	0x2
blackwell/gb100	dev_vm.h	NV_VIRTUAL_FUNCTION_PRIV_MMU_INVALIDATE_CACHE_LEVEL_CANCEL_ATOMIC_WEAK	0x4
blackwell/gb100	dev_vm.h	NV_VIRTUAL_FUNCTION_PRIV_MMU_INVALIDATE_CACHE_LEVEL_CANCEL_READ	0x0
blackwell/gb100	dev_vm.h	NV_VIRTUAL_FUNCTION_PRIV_MMU_INVALIDATE_CACHE_LEVEL_CANCEL_RSVRVD	0x3
blackwell/gb100	dev_vm.h	NV_VIRTUAL_FUNCTION_PRIV_MMU_INVALIDATE_CACHE_LEVEL_CANCEL_WRITE	0x1
blackwell/gb100	dev_vm.h	NV_VIRTUAL_FUNCTION_PRIV_MMU_INVALIDATE_CACHE_LEVEL_CANCEL_WRITE_AND_ATOMIC	0x6
blackwell/gb100	dev_vm.h	NV_VIRTUAL_FUNCTION_PRIV_MMU_INVALIDATE_CACHE_LEVEL_PTE_ONLY	0x1
blackwell/gb100	dev_vm.h	NV_VIRTUAL_FUNCTION_PRIV_MMU_INVALIDATE_CACHE_LEVEL_UP_TO_PDE0	0x2
blackwell/gb100	dev_vm.h	NV_VIRTUAL_FUNCTION_PRIV_MMU_INVALIDATE_CACHE_LEVEL_UP_TO_PDE1	0x3
blackwell/gb100	dev_vm.h	NV_VIRTUAL_FUNCTION_PRIV_MMU_INVALIDATE_CACHE_LEVEL_UP_TO_PDE2	0x4
blackwell/gb100	dev_vm.h	NV_VIRTUAL_FUNCTION_PRIV_MMU_INVALIDATE_CACHE_LEVEL_UP_TO_PDE3	0x5
blackwell/gb100	dev_vm.h	NV_VIRTUAL_FUNCTION_PRIV_MMU_INVALIDATE_CACHE_LEVEL_UP_TO_PDE4	0x6
blackwell/gb100	dev_vm.h	NV_VIRTUAL_FUNCTION_PRIV_MMU_INVALIDATE_CACHE_LEVEL_UP_TO_PDE5	0x7
blackwell/gb100	dev_vm.h	NV_VIRTUAL_FUNCTION_PRIV_MMU_INVALIDATE_CANCEL_CLIENT_ID	14:9
blackwell/gb100	dev_vm.h	NV_VIRTUAL_FUNCTION_PRIV_MMU_INVALIDATE_CANCEL_CLIENT_TYPE	20:20
blackwell/gb100	dev_vm.h	NV_VIRTUAL_FUNCTION_PRIV_MMU_INVALIDATE_CANCEL_CLIENT_TYPE_GPC	0x0
blackwell/gb100	dev_vm.h	NV_VIRTUAL_FUNCTION_PRIV_MMU_INVALIDATE_CANCEL_CLIENT_TYPE_HUB	0x1
blackwell/gb100	dev_vm.h	NV_VIRTUAL_FUNCTION_PRIV_MMU_INVALIDATE_CANCEL_GPC_ID	19:15
blackwell/gb100	dev_vm.h	NV_VIRTUAL_FUNCTION_PRIV_MMU_INVALIDATE_HUBTLB_ONLY	2:2
blackwell/gb100	dev_vm.h	NV_VIRTUAL_FUNCTION_PRIV_MMU_INVALIDATE_HUBTLB_ONLY_FALSE	0x0
blackwell/gb100	dev_vm.h	NV_VIRTUAL_FUNCTION_PRIV_MMU_INVALIDATE_HUBTLB_ONLY_TRUE	0x1
blackwell/gb100	dev_vm.h	NV_VIRTUAL_FUNCTION_PRIV_MMU_INVALIDATE_INVAL_SCOPE	16:15
blackwell/gb100	dev_vm.h	NV_VIRTUAL_FUNCTION_PRIV_MMU_INVALIDATE_INVAL_SCOPE_ALL_TLBS	0x0
blackwell/gb100	dev_vm.h	NV_VIRTUAL_FUNCTION_PRIV_MMU_INVALIDATE_INVAL_SCOPE_LINK_TLBS	0x1
blackwell/gb100	dev_vm.h	NV_VIRTUAL_FUNCTION_PRIV_MMU_INVALIDATE_INVAL_SCOPE_NON_LINK_TLBS	0x2
blackwell/gb100	dev_vm.h	NV_VIRTUAL_FUNCTION_PRIV_MMU_INVALIDATE_MAX_CACHELINE_SIZE	0x10
blackwell/gb100	dev_vm.h	NV_VIRTUAL_FUNCTION_PRIV_MMU_INVALIDATE_PDB	0x30a0
blackwell/gb100	dev_vm.h	NV_VIRTUAL_FUNCTION_PRIV_MMU_INVALIDATE_PDB_ADDR	31:4
blackwell/gb100	dev_vm.h	NV_VIRTUAL_FUNCTION_PRIV_MMU_INVALIDATE_PDB_ADDR_ALIGNMENT	0xc
blackwell/gb100	dev_vm.h	NV_VIRTUAL_FUNCTION_PRIV_MMU_INVALIDATE_PDB_ADDR_INIT	0x0
blackwell/gb100	dev_vm.h	NV_VIRTUAL_FUNCTION_PRIV_MMU_INVALIDATE_PDB_APERTURE	1:1
blackwell/gb100	dev_vm.h	NV_VIRTUAL_FUNCTION_PRIV_MMU_INVALIDATE_PDB_APERTURE_INIT	0x0
blackwell/gb100	dev_vm.h	NV_VIRTUAL_FUNCTION_PRIV_MMU_INVALIDATE_PDB_APERTURE_SYS_MEM	0x1
blackwell/gb100	dev_vm.h	NV_VIRTUAL_FUNCTION_PRIV_MMU_INVALIDATE_PDB_APERTURE_VID_MEM	0x0
blackwell/gb100	dev_vm.h	NV_VIRTUAL_FUNCTION_PRIV_MMU_INVALIDATE_PROP_FLUSH	23:23
blackwell/gb100	dev_vm.h	NV_VIRTUAL_FUNCTION_PRIV_MMU_INVALIDATE_PROP_FLUSH_FALSE	0x0
blackwell/gb100	dev_vm.h	NV_VIRTUAL_FUNCTION_PRIV_MMU_INVALIDATE_PROP_FLUSH_TRUE	0x1
blackwell/gb100	dev_vm.h	NV_VIRTUAL_FUNCTION_PRIV_MMU_INVALIDATE_REPLAY	5:3
blackwell/gb100	dev_vm.h	NV_VIRTUAL_FUNCTION_PRIV_MMU_INVALIDATE_REPLAY_CANCEL_GLOBAL	0x4
blackwell/gb100	dev_vm.h	NV_VIRTUAL_FUNCTION_PRIV_MMU_INVALIDATE_REPLAY_CANCEL_TARGETED	0x3
blackwell/gb100	dev_vm.h	NV_VIRTUAL_FUNCTION_PRIV_MMU_INVALIDATE_REPLAY_CANCEL_VA_GLOBAL	0x5
blackwell/gb100	dev_vm.h	NV_VIRTUAL_FUNCTION_PRIV_MMU_INVALIDATE_REPLAY_NONE	0x0
blackwell/gb100	dev_vm.h	NV_VIRTUAL_FUNCTION_PRIV_MMU_INVALIDATE_REPLAY_START	0x1
blackwell/gb100	dev_vm.h	NV_VIRTUAL_FUNCTION_PRIV_MMU_INVALIDATE_REPLAY_START_ACK_ALL	0x2
blackwell/gb100	dev_vm.h	NV_VIRTUAL_FUNCTION_PRIV_MMU_INVALIDATE_SKIPPED	30:30
blackwell/gb100	dev_vm.h	NV_VIRTUAL_FUNCTION_PRIV_MMU_INVALIDATE_SKIPPED_FALSE	0x0
blackwell/gb100	dev_vm.h	NV_VIRTUAL_FUNCTION_PRIV_MMU_INVALIDATE_SKIPPED_TRUE	0x1
blackwell/gb100	dev_vm.h	NV_VIRTUAL_FUNCTION_PRIV_MMU_INVALIDATE_SYS_MEMBAR	6:6
blackwell/gb100	dev_vm.h	NV_VIRTUAL_FUNCTION_PRIV_MMU_INVALIDATE_SYS_MEMBAR_FALSE	0x0
blackwell/gb100	dev_vm.h	NV_VIRTUAL_FUNCTION_PRIV_MMU_INVALIDATE_SYS_MEMBAR_TRUE	0x1
blackwell/gb100	dev_vm.h	NV_VIRTUAL_FUNCTION_PRIV_MMU_INVALIDATE_TRIGGER	31:31
blackwell/gb100	dev_vm.h	NV_VIRTUAL_FUNCTION_PRIV_MMU_INVALIDATE_TRIGGER_FALSE	0x0
blackwell/gb100	dev_vm.h	NV_VIRTUAL_FUNCTION_PRIV_MMU_INVALIDATE_TRIGGER_TRUE	0x1
blackwell/gb100	dev_vm.h	NV_VIRTUAL_FUNCTION_PRIV_MMU_INVALIDATE_UPPER_PDB	0x30a4
blackwell/gb100	dev_vm.h	NV_VIRTUAL_FUNCTION_PRIV_MMU_INVALIDATE_UPPER_PDB_ADDR	19:0
blackwell/gb100	dev_vm.h	NV_VIRTUAL_FUNCTION_PRIV_MMU_INVALIDATE_UPPER_PDB_ADDR_INIT	0x0
blackwell/gb100	dev_vm.h	NV_VIRTUAL_FUNCTION_PRIV_MMU_INVALIDATE_USE_PASID	21:21
blackwell/gb100	dev_vm.h	NV_VIRTUAL_FUNCTION_PRIV_MMU_INVALIDATE_USE_PASID_FALSE	0x0
blackwell/gb100	dev_vm.h	NV_VIRTUAL_FUNCTION_PRIV_MMU_INVALIDATE_USE_PASID_TRUE	0x1
blackwell/gb100	dev_vm.h	NV_VIRTUAL_FUNCTION_PRIV_MMU_INVALIDATE_USE_SIZE	22:22
blackwell/gb100	dev_vm.h	NV_VIRTUAL_FUNCTION_PRIV_MMU_INVALIDATE_USE_SIZE_FALSE	0x0
blackwell/gb100	dev_vm.h	NV_VIRTUAL_FUNCTION_PRIV_MMU_INVALIDATE_USE_SIZE_TRUE	0x1
blackwell/gb100	dev_vm.h	NV_VIRTUAL_FUNCTION_PRIV_MMU_NON_REPLAY_FAULT_BUFFER	0x0
blackwell/gb100	dev_vm.h	NV_VIRTUAL_FUNCTION_PRIV_MMU_PAGE_FAULT_CTRL	0x3070
blackwell/gb100	dev_vm.h	NV_VIRTUAL_FUNCTION_PRIV_MMU_PAGE_FAULT_CTRL_PRF_FILTER	1:0
blackwell/gb100	dev_vm.h	NV_VIRTUAL_FUNCTION_PRIV_MMU_PAGE_FAULT_CTRL_PRF_FILTER_SEND_ALL	0x0
blackwell/gb100	dev_vm.h	NV_VIRTUAL_FUNCTION_PRIV_MMU_PAGE_FAULT_CTRL_PRF_FILTER_SEND_NONE	0x3
blackwell/gb100	dev_vm.h	NV_VIRTUAL_FUNCTION_PRIV_MMU_REPLAY_FAULT_BUFFER	0x1
blackwell/gb100	dev_vm.h	NV_VIRTUAL_FUNCTION_PRIV_MSIX_PBA	0x20000
blackwell/gb100	dev_vm.h	NV_VIRTUAL_FUNCTION_PRIV_MSIX_PBA_BITS	31:0
blackwell/gb100	dev_vm.h	NV_VIRTUAL_FUNCTION_PRIV_MSIX_PBA_BITS_INIT	0x0
blackwell/gb100	dev_vm.h	NV_VIRTUAL_FUNCTION_PRIV_MSIX_TABLE_ADDR_HI(0)	0x10004
blackwell/gb100	dev_vm.h	NV_VIRTUAL_FUNCTION_PRIV_MSIX_TABLE_ADDR_HI(1)	0x10014
blackwell/gb100	dev_vm.h	NV_VIRTUAL_FUNCTION_PRIV_MSIX_TABLE_ADDR_HI_BITS	31:0
blackwell/gb100	dev_vm.h	NV_VIRTUAL_FUNCTION_PRIV_MSIX_TABLE_ADDR_HI__SIZE_1	0xc
blackwell/gb100	dev_vm.h	NV_VIRTUAL_FUNCTION_PRIV_MSIX_TABLE_ADDR_LO(0)	0x10000
blackwell/gb100	dev_vm.h	NV_VIRTUAL_FUNCTION_PRIV_MSIX_TABLE_ADDR_LO(1)	0x10010
blackwell/gb100	dev_vm.h	NV_VIRTUAL_FUNCTION_PRIV_MSIX_TABLE_ADDR_LO_BITS	31:2
blackwell/gb100	dev_vm.h	NV_VIRTUAL_FUNCTION_PRIV_MSIX_TABLE_ADDR_LO_RSVD	1:0
blackwell/gb100	dev_vm.h	NV_VIRTUAL_FUNCTION_PRIV_MSIX_TABLE_ADDR_LO_RSVD_VALUE	0x0
blackwell/gb100	dev_vm.h	NV_VIRTUAL_FUNCTION_PRIV_MSIX_TABLE_ADDR_LO__SIZE_1	0xc
blackwell/gb100	dev_vm.h	NV_VIRTUAL_FUNCTION_PRIV_MSIX_TABLE_DATA(0)	0x10008
blackwell/gb100	dev_vm.h	NV_VIRTUAL_FUNCTION_PRIV_MSIX_TABLE_DATA(1)	0x10018
blackwell/gb100	dev_vm.h	NV_VIRTUAL_FUNCTION_PRIV_MSIX_TABLE_DATA_BITS	31:0
blackwell/gb100	dev_vm.h	NV_VIRTUAL_FUNCTION_PRIV_MSIX_TABLE_DATA__SIZE_1	0xc
blackwell/gb100	dev_vm.h	NV_VIRTUAL_FUNCTION_PRIV_MSIX_TABLE_VECTOR_CONTROL(0)	0x1000c
blackwell/gb100	dev_vm.h	NV_VIRTUAL_FUNCTION_PRIV_MSIX_TABLE_VECTOR_CONTROL(1)	0x1001c
blackwell/gb100	dev_vm.h	NV_VIRTUAL_FUNCTION_PRIV_MSIX_TABLE_VECTOR_CONTROL_MASK_BIT	0:0
blackwell/gb100	dev_vm.h	NV_VIRTUAL_FUNCTION_PRIV_MSIX_TABLE_VECTOR_CONTROL_MASK_BIT_MASKED	0x1
blackwell/gb100	dev_vm.h	NV_VIRTUAL_FUNCTION_PRIV_MSIX_TABLE_VECTOR_CONTROL_MASK_BIT_UNMASKED	0x0
blackwell/gb100	dev_vm.h	NV_VIRTUAL_FUNCTION_PRIV_MSIX_TABLE_VECTOR_CONTROL_RSVD	31:1
blackwell/gb100	dev_vm.h	NV_VIRTUAL_FUNCTION_PRIV_MSIX_TABLE_VECTOR_CONTROL_RSVD_VALUE	0x0
blackwell/gb100	dev_vm.h	NV_VIRTUAL_FUNCTION_PRIV_MSIX_TABLE_VECTOR_CONTROL__SIZE_1	0xc
blackwell/gb100	dev_vm_addendum.h	NV_VIRTUAL_FUNCTION_PRIV_NON_REPLAYABLE_FAULT_SHADOW_BUFFER_PUT	0x3108
blackwell/gb100	dev_vm_addendum.h	NV_VIRTUAL_FUNCTION_PRIV_NON_REPLAYABLE_FAULT_SHADOW_BUFFER_PUT_PTR	31:12
blackwell/gb100	dev_vm_addendum.h	NV_VIRTUAL_FUNCTION_PRIV_REPLAYABLE_FAULT_SHADOW_BUFFER_PUT	0x310c
blackwell/gb100	dev_vm.h	NV_VIRTUAL_FUNCTION_PRIV_RL	0x9fff:0x8000
blackwell/gb100	dev_vm.h	NV_VIRTUAL_FUNCTION_PRIV_TIMER(0)	0x2300
blackwell/gb100	dev_vm.h	NV_VIRTUAL_FUNCTION_PRIV_TIMER(1)	0x2304
blackwell/gb100	dev_vm.h	NV_VIRTUAL_FUNCTION_PRIV_TIMER_NSEC	31:0
blackwell/gb100	dev_vm.h	NV_VIRTUAL_FUNCTION_PRIV_TIMER_USEC	31:10
blackwell/gb100	dev_vm.h	NV_VIRTUAL_FUNCTION_PRIV_TIMER_USEC_INIT	0x0
blackwell/gb100	dev_vm.h	NV_VIRTUAL_FUNCTION_PRIV_TIMER__SIZE_1	0x2
blackwell/gb100	dev_vm.h	NV_VIRTUAL_FUNCTION_REGION0	0x7fff:0
blackwell/gb100	dev_vm.h	NV_VIRTUAL_FUNCTION_REGION1	0x9fff:0x8000
blackwell/gb100	dev_vm.h	NV_VIRTUAL_FUNCTION_REGION2	0x2ffff:0xa000
blackwell/gb100	dev_vm.h	NV_VIRTUAL_FUNCTION_REGION3	0x3ffff:0x30000
blackwell/gb100	dev_vm.h	NV_VIRTUAL_FUNCTION_REGION4	0x42ffff:0x400000
blackwell/gb100	dev_vm.h	NV_VIRTUAL_FUNCTION_REGION5	0x4ffff:0x40000
blackwell/gb100	dev_vm.h	NV_VIRTUAL_FUNCTION_REGION5_GSP	0x4ffff:0x40000
blackwell/gb100	dev_vm.h	NV_VIRTUAL_FUNCTION_TIME_0	0x30080
blackwell/gb100	dev_vm.h	NV_VIRTUAL_FUNCTION_TIME_0_NSEC	31:5
blackwell/gb100	dev_vm.h	NV_VIRTUAL_FUNCTION_TIME_1	0x30084
blackwell/gb100	dev_vm.h	NV_VIRTUAL_FUNCTION_TIME_1_NSEC	28:0
blackwell/gb100	dev_vm.h	NV_VIRTUAL_FUNCTION_USER	0x3ffff:0x30000
blackwell/gb100	pri_nv_xal_ep.h	NV_XAL_EP_BAR0_WINDOW	0x10fd40
blackwell/gb100	pri_nv_xal_ep.h	NV_XAL_EP_BAR0_WINDOW_BASE	22:0
blackwell/gb100	pri_nv_xal_ep.h	NV_XAL_EP_BAR0_WINDOW_BASE_0	0x0
blackwell/gb100	pri_nv_xal_ep.h	NV_XAL_EP_BAR0_WINDOW_BASE_SHIFT	0x10
blackwell/gb100	pri_nv_xal_ep.h	NV_XAL_EP_UFLUSH_L2_CLEAN_COMPTAGS	0x10f808
blackwell/gb100	pri_nv_xal_ep.h	NV_XAL_EP_UFLUSH_L2_CLEAN_COMPTAGS_COMPLETED	0x10f80c
blackwell/gb100	pri_nv_xal_ep.h	NV_XAL_EP_UFLUSH_L2_CLEAN_COMPTAGS_COMPLETED_STATUS	31:31
blackwell/gb100	pri_nv_xal_ep.h	NV_XAL_EP_UFLUSH_L2_CLEAN_COMPTAGS_COMPLETED_STATUS_BUSY	0x1
blackwell/gb100	pri_nv_xal_ep.h	NV_XAL_EP_UFLUSH_L2_CLEAN_COMPTAGS_COMPLETED_STATUS_IDLE	0x0
blackwell/gb100	pri_nv_xal_ep.h	NV_XAL_EP_UFLUSH_L2_CLEAN_COMPTAGS_COMPLETED_TOKEN	30:0
blackwell/gb100	pri_nv_xal_ep.h	NV_XAL_EP_UFLUSH_L2_CLEAN_COMPTAGS_COMPLETED_TOKEN_INIT	0x0
blackwell/gb100	pri_nv_xal_ep.h	NV_XAL_EP_UFLUSH_L2_CLEAN_COMPTAGS_TOKEN	30:0
blackwell/gb100	pri_nv_xal_ep.h	NV_XAL_EP_UFLUSH_L2_CLEAN_COMPTAGS_TOKEN_INIT	0x0
blackwell/gb100	pri_nv_xal_ep.h	NV_XAL_EP_UFLUSH_L2_FLUSH_DIRTY	0x10f810
blackwell/gb100	pri_nv_xal_ep.h	NV_XAL_EP_UFLUSH_L2_FLUSH_DIRTY_COMPLETED	0x10f814
blackwell/gb100	pri_nv_xal_ep.h	NV_XAL_EP_UFLUSH_L2_FLUSH_DIRTY_COMPLETED_STATUS	31:31
blackwell/gb100	pri_nv_xal_ep.h	NV_XAL_EP_UFLUSH_L2_FLUSH_DIRTY_COMPLETED_STATUS_BUSY	0x1
blackwell/gb100	pri_nv_xal_ep.h	NV_XAL_EP_UFLUSH_L2_FLUSH_DIRTY_COMPLETED_STATUS_IDLE	0x0
blackwell/gb100	pri_nv_xal_ep.h	NV_XAL_EP_UFLUSH_L2_FLUSH_DIRTY_COMPLETED_TOKEN	30:0
blackwell/gb100	pri_nv_xal_ep.h	NV_XAL_EP_UFLUSH_L2_FLUSH_DIRTY_COMPLETED_TOKEN_INIT	0x0
blackwell/gb100	pri_nv_xal_ep.h	NV_XAL_EP_UFLUSH_L2_FLUSH_DIRTY_TOKEN	30:0
blackwell/gb100	pri_nv_xal_ep.h	NV_XAL_EP_UFLUSH_L2_FLUSH_DIRTY_TOKEN_INIT	0x0
blackwell/gb102	dev_bus.h	NV_PBUS_SW_SCRATCH(0)	0x1400
blackwell/gb102	dev_bus.h	NV_PBUS_SW_SCRATCH(1)	0x1404
blackwell/gb102	dev_bus.h	NV_PBUS_SW_SCRATCH_FIELD	31:0
blackwell/gb102	dev_bus.h	NV_PBUS_SW_SCRATCH_FIELD_INIT	0x0
blackwell/gb102	dev_bus.h	NV_PBUS_SW_SCRATCH__SIZE_1	0x40
blackwell/gb102	dev_vm.h	NV_VIRTUAL_FUNCTION_PRIV_ACCESS_COUNTER_NOTIFY_BUFFER_HI	0x310c
blackwell/gb102	dev_vm.h	NV_VIRTUAL_FUNCTION_PRIV_ACCESS_COUNTER_NOTIFY_BUFFER_LO	0x3108
blackwell/gb102	dev_vm.h	NV_VIRTUAL_FUNCTION_PRIV_ACCESS_COUNTER_NOTIFY_BUFFER_LO_BASE	31:12
blackwell/gb102	dev_vm_addendum.h	NV_VIRTUAL_FUNCTION_PRIV_NON_REPLAYABLE_FAULT_SHADOW_BUFFER_PUT	0x3108
blackwell/gb102	dev_vm_addendum.h	NV_VIRTUAL_FUNCTION_PRIV_NON_REPLAYABLE_FAULT_SHADOW_BUFFER_PUT_PTR	31:12
blackwell/gb102	dev_vm_addendum.h	NV_VIRTUAL_FUNCTION_PRIV_REPLAYABLE_FAULT_SHADOW_BUFFER_PUT	0x310c
blackwell/gb10b	dev_falcon_v4.h	NV_PFALCON_FALCON_HWCFG2	0xf4
blackwell/gb10b	dev_gsp.h	NV_PGSP	0x113fff:0x110000
blackwell/gb10b	dev_sec_pri.h	NV_PSEC_EMEMC(0)	0x840ac0
blackwell/gb10b	dev_sec_pri.h	NV_PSEC_EMEMC(1)	0x840ac8
blackwell/gb10b	dev_sec_pri.h	NV_PSEC_EMEMC_AINCR	25:25
blackwell/gb10b	dev_sec_pri.h	NV_PSEC_EMEMC_AINCR_FALSE	0x0
blackwell/gb10b	dev_sec_pri.h	NV_PSEC_EMEMC_AINCR_INIT	0x0
blackwell/gb10b	dev_sec_pri.h	NV_PSEC_EMEMC_AINCR_TRUE	0x1
blackwell/gb10b	dev_sec_pri.h	NV_PSEC_EMEMC_AINCW	24:24
blackwell/gb10b	dev_sec_pri.h	NV_PSEC_EMEMC_AINCW_FALSE	0x0
blackwell/gb10b	dev_sec_pri.h	NV_PSEC_EMEMC_AINCW_INIT	0x0
blackwell/gb10b	dev_sec_pri.h	NV_PSEC_EMEMC_AINCW_TRUE	0x1
blackwell/gb10b	dev_sec_pri.h	NV_PSEC_EMEMC_BLK	15:8
blackwell/gb10b	dev_sec_pri.h	NV_PSEC_EMEMC_BLK_INIT	0x0
blackwell/gb10b	dev_sec_pri.h	NV_PSEC_EMEMC_OFFS	7:2
blackwell/gb10b	dev_sec_pri.h	NV_PSEC_EMEMC_OFFS_INIT	0x0
blackwell/gb10b	dev_sec_pri.h	NV_PSEC_EMEMC__SIZE_1	0x8
blackwell/gb10b	dev_sec_pri.h	NV_PSEC_EMEMD(0)	0x840ac4
blackwell/gb10b	dev_sec_pri.h	NV_PSEC_EMEMD(1)	0x840acc
blackwell/gb10b	dev_sec_pri.h	NV_PSEC_EMEMD_DATA	31:0
blackwell/gb10b	dev_sec_pri.h	NV_PSEC_EMEMD__SIZE_1	0x8
blackwell/gb10b	dev_sec_pri.h	NV_PSEC_FALCON_MAILBOX0	0x840040
blackwell/gb10b	dev_sec_pri.h	NV_PSEC_FALCON_MAILBOX0_DATA	31:0
blackwell/gb10b	dev_sec_pri.h	NV_PSEC_FALCON_MAILBOX0_DATA_INIT	0x0
blackwell/gb10b	dev_sec_pri.h	NV_PSEC_FALCON_MAILBOX1	0x840044
blackwell/gb10b	dev_sec_pri.h	NV_PSEC_FALCON_MAILBOX1_DATA	31:0
blackwell/gb10b	dev_sec_pri.h	NV_PSEC_QUEUE_HEAD(0)	0x840c00
blackwell/gb10b	dev_sec_pri.h	NV_PSEC_QUEUE_HEAD(1)	0x840c08
blackwell/gb10b	dev_sec_pri.h	NV_PSEC_QUEUE_HEAD_ADDRESS	31:0
blackwell/gb10b	dev_sec_pri.h	NV_PSEC_QUEUE_HEAD_ADDRESS_INIT	0x0
blackwell/gb10b	dev_sec_pri.h	NV_PSEC_QUEUE_HEAD__SIZE_1	0x8
blackwell/gb10b	dev_sec_pri.h	NV_PSEC_QUEUE_TAIL(0)	0x840c04
blackwell/gb10b	dev_sec_pri.h	NV_PSEC_QUEUE_TAIL(1)	0x840c0c
blackwell/gb10b	dev_sec_pri.h	NV_PSEC_QUEUE_TAIL_ADDRESS	31:0
blackwell/gb10b	dev_sec_pri.h	NV_PSEC_QUEUE_TAIL_ADDRESS_INIT	0x0
blackwell/gb10b	dev_sec_pri.h	NV_PSEC_QUEUE_TAIL__SIZE_1	0x8
blackwell/gb10b	pri_nv_xal_ep.h	NV_XAL_EP_BAR0_WINDOW	0x10fd40
blackwell/gb10b	pri_nv_xal_ep.h	NV_XAL_EP_BAR0_WINDOW_BASE	24:0
blackwell/gb10b	pri_nv_xal_ep.h	NV_XAL_EP_BAR0_WINDOW_BASE_0	0x0
blackwell/gb10b	pri_nv_xal_ep.h	NV_XAL_EP_BAR0_WINDOW_BASE_SHIFT	0x10
blackwell/gb110	dev_vm.h	NV_VIRTUAL_FUNCTION_PRIV_ACCESS_COUNTER_NOTIFY_BUFFER_HI	0x310c
blackwell/gb110	dev_vm.h	NV_VIRTUAL_FUNCTION_PRIV_ACCESS_COUNTER_NOTIFY_BUFFER_LO	0x3108
blackwell/gb110	dev_vm.h	NV_VIRTUAL_FUNCTION_PRIV_ACCESS_COUNTER_NOTIFY_BUFFER_LO_BASE	31:12
blackwell/gb110	dev_vm_addendum.h	NV_VIRTUAL_FUNCTION_PRIV_NON_REPLAYABLE_FAULT_SHADOW_BUFFER_PUT	0x3108
blackwell/gb110	dev_vm_addendum.h	NV_VIRTUAL_FUNCTION_PRIV_NON_REPLAYABLE_FAULT_SHADOW_BUFFER_PUT_PTR	31:12
blackwell/gb110	dev_vm_addendum.h	NV_VIRTUAL_FUNCTION_PRIV_REPLAYABLE_FAULT_SHADOW_BUFFER_PUT	0x310c
blackwell/gb112	dev_vm.h	NV_VIRTUAL_FUNCTION_PRIV_ACCESS_COUNTER_NOTIFY_BUFFER_HI	0x310c
blackwell/gb112	dev_vm.h	NV_VIRTUAL_FUNCTION_PRIV_ACCESS_COUNTER_NOTIFY_BUFFER_LO	0x3108
blackwell/gb112	dev_vm.h	NV_VIRTUAL_FUNCTION_PRIV_ACCESS_COUNTER_NOTIFY_BUFFER_LO_BASE	31:12
blackwell/gb112	dev_vm_addendum.h	NV_VIRTUAL_FUNCTION_PRIV_NON_REPLAYABLE_FAULT_SHADOW_BUFFER_PUT	0x3108
blackwell/gb112	dev_vm_addendum.h	NV_VIRTUAL_FUNCTION_PRIV_NON_REPLAYABLE_FAULT_SHADOW_BUFFER_PUT_PTR	31:12
blackwell/gb112	dev_vm_addendum.h	NV_VIRTUAL_FUNCTION_PRIV_REPLAYABLE_FAULT_SHADOW_BUFFER_PUT	0x310c
blackwell/gb202	dev_runlist.h	NV_CHRAM_CHANNEL(0)	0x0
blackwell/gb202	dev_runlist.h	NV_CHRAM_CHANNEL(1)	0x4
blackwell/gb202	dev_runlist.h	NV_CHRAM_CHANNEL__SIZE_1	0x800
blackwell/gb202	dev_mmu.h	NV_MMU_PTE_KIND_GENERIC_MEMORY	0x6
blackwell/gb202	dev_mmu.h	NV_MMU_PTE_KIND_GENERIC_MEMORY_COMPRESSIBLE	0x8
blackwell/gb202	dev_mmu.h	NV_MMU_PTE_KIND_GENERIC_MEMORY_COMPRESSIBLE_DISABLE_PLC	0x9
blackwell/gb202	dev_mmu.h	NV_MMU_PTE_KIND_INVALID	0x7
blackwell/gb202	dev_mmu.h	NV_MMU_PTE_KIND_PITCH	0x0
blackwell/gb202	dev_mmu.h	NV_MMU_PTE_KIND_S8	0x2
blackwell/gb202	dev_mmu.h	NV_MMU_PTE_KIND_S8Z24	0x3
blackwell/gb202	dev_mmu.h	NV_MMU_PTE_KIND_S8Z24_COMPRESSIBLE_DISABLE_PLC	0xc
blackwell/gb202	dev_mmu.h	NV_MMU_PTE_KIND_S8_COMPRESSIBLE_DISABLE_PLC	0xa
blackwell/gb202	dev_mmu.h	NV_MMU_PTE_KIND_SMSKED_MESSAGE	0xf
blackwell/gb202	dev_mmu.h	NV_MMU_PTE_KIND_Z16	0x1
blackwell/gb202	dev_mmu.h	NV_MMU_PTE_KIND_Z16_COMPRESSIBLE_DISABLE_PLC	0xb
blackwell/gb202	dev_mmu.h	NV_MMU_PTE_KIND_Z24S8	0x5
blackwell/gb202	dev_mmu.h	NV_MMU_PTE_KIND_Z24S8_COMPRESSIBLE_DISABLE_PLC	0xe
blackwell/gb202	dev_mmu.h	NV_MMU_PTE_KIND_ZF32_X24S8	0x4
blackwell/gb202	dev_mmu.h	NV_MMU_PTE_KIND_ZF32_X24S8_COMPRESSIBLE_DISABLE_PLC	0xd
blackwell/gb202	dev_fault.h	NV_PFAULT_ACCESS_TYPE_ATOMIC	0x2
blackwell/gb202	dev_fault.h	NV_PFAULT_ACCESS_TYPE_PHYS_ATOMIC	0xa
blackwell/gb202	dev_fault.h	NV_PFAULT_ACCESS_TYPE_PHYS_PREFETCH	0xb
blackwell/gb202	dev_fault.h	NV_PFAULT_ACCESS_TYPE_PHYS_READ	0x8
blackwell/gb202	dev_fault.h	NV_PFAULT_ACCESS_TYPE_PHYS_WRITE	0x9
blackwell/gb202	dev_fault.h	NV_PFAULT_ACCESS_TYPE_PREFETCH	0x3
blackwell/gb202	dev_fault.h	NV_PFAULT_ACCESS_TYPE_READ	0x0
blackwell/gb202	dev_fault.h	NV_PFAULT_ACCESS_TYPE_VIRT_ATOMIC	0x2
blackwell/gb202	dev_fault.h	NV_PFAULT_ACCESS_TYPE_VIRT_ATOMIC_STRONG	0x2
blackwell/gb202	dev_fault.h	NV_PFAULT_ACCESS_TYPE_VIRT_ATOMIC_WEAK	0x4
blackwell/gb202	dev_fault.h	NV_PFAULT_ACCESS_TYPE_VIRT_PREFETCH	0x3
blackwell/gb202	dev_fault.h	NV_PFAULT_ACCESS_TYPE_VIRT_READ	0x0
blackwell/gb202	dev_fault.h	NV_PFAULT_ACCESS_TYPE_VIRT_WRITE	0x1
blackwell/gb202	dev_fault.h	NV_PFAULT_ACCESS_TYPE_WRITE	0x1
blackwell/gb202	dev_fault.h	NV_PFAULT_FAULT_TYPE_ATOMIC_VIOLATION	0xf
blackwell/gb202	dev_fault.h	NV_PFAULT_FAULT_TYPE_CC_VIOLATION	0xb
blackwell/gb202	dev_fault.h	NV_PFAULT_FAULT_TYPE_PDE	0x0
blackwell/gb202	dev_fault.h	NV_PFAULT_FAULT_TYPE_PDE_SIZE	0x1
blackwell/gb202	dev_fault.h	NV_PFAULT_FAULT_TYPE_PITCH_MASK_VIOLATION	0x8
blackwell/gb202	dev_fault.h	NV_PFAULT_FAULT_TYPE_POISONED	0xe
blackwell/gb202	dev_fault.h	NV_PFAULT_FAULT_TYPE_PRIV_VIOLATION	0x5
blackwell/gb202	dev_fault.h	NV_PFAULT_FAULT_TYPE_PTE	0x2
blackwell/gb202	dev_fault.h	NV_PFAULT_FAULT_TYPE_REGION_VIOLATION	0xd
blackwell/gb202	dev_fault.h	NV_PFAULT_FAULT_TYPE_RO_VIOLATION	0x6
blackwell/gb202	dev_fault.h	NV_PFAULT_FAULT_TYPE_UNBOUND_INST_BLOCK	0x4
blackwell/gb202	dev_fault.h	NV_PFAULT_FAULT_TYPE_UNSUPPORTED_APERTURE	0xa
blackwell/gb202	dev_fault.h	NV_PFAULT_FAULT_TYPE_UNSUPPORTED_KIND	0xc
blackwell/gb202	dev_fault.h	NV_PFAULT_FAULT_TYPE_VA_LIMIT_VIOLATION	0x3
blackwell/gb202	dev_fault.h	NV_PFAULT_FAULT_TYPE_WORK_CREATION	0x9
blackwell/gb202	dev_fault.h	NV_PFAULT_FAULT_TYPE_WO_VIOLATION	0x7
blackwell/gb202	dev_fault.h	NV_PFAULT_MMU_CLIENT_TYPE_GPC	0x0
blackwell/gb202	dev_fault.h	NV_PFAULT_MMU_CLIENT_TYPE_HUB	0x1
blackwell/gb202	dev_fault.h	NV_PFAULT_MMU_ENG_ID_BAR1	0x100
blackwell/gb202	dev_fault.h	NV_PFAULT_MMU_ENG_ID_BAR1_FN0	0x100
blackwell/gb202	dev_fault.h	NV_PFAULT_MMU_ENG_ID_BAR1_FN1	0x101
blackwell/gb202	dev_fault.h	NV_PFAULT_MMU_ENG_ID_BAR1_FN10	0x10a
blackwell/gb202	dev_fault.h	NV_PFAULT_MMU_ENG_ID_BAR1_FN11	0x10b
blackwell/gb202	dev_fault.h	NV_PFAULT_MMU_ENG_ID_BAR1_FN12	0x10c
blackwell/gb202	dev_fault.h	NV_PFAULT_MMU_ENG_ID_BAR1_FN13	0x10d
blackwell/gb202	dev_fault.h	NV_PFAULT_MMU_ENG_ID_BAR1_FN14	0x10e
blackwell/gb202	dev_fault.h	NV_PFAULT_MMU_ENG_ID_BAR1_FN15	0x10f
blackwell/gb202	dev_fault.h	NV_PFAULT_MMU_ENG_ID_BAR1_FN16	0x110
blackwell/gb202	dev_fault.h	NV_PFAULT_MMU_ENG_ID_BAR1_FN17	0x111
blackwell/gb202	dev_fault.h	NV_PFAULT_MMU_ENG_ID_BAR1_FN18	0x112
blackwell/gb202	dev_fault.h	NV_PFAULT_MMU_ENG_ID_BAR1_FN19	0x113
blackwell/gb202	dev_fault.h	NV_PFAULT_MMU_ENG_ID_BAR1_FN2	0x102
blackwell/gb202	dev_fault.h	NV_PFAULT_MMU_ENG_ID_BAR1_FN20	0x114
blackwell/gb202	dev_fault.h	NV_PFAULT_MMU_ENG_ID_BAR1_FN21	0x115
blackwell/gb202	dev_fault.h	NV_PFAULT_MMU_ENG_ID_BAR1_FN22	0x116
blackwell/gb202	dev_fault.h	NV_PFAULT_MMU_ENG_ID_BAR1_FN23	0x117
blackwell/gb202	dev_fault.h	NV_PFAULT_MMU_ENG_ID_BAR1_FN24	0x118
blackwell/gb202	dev_fault.h	NV_PFAULT_MMU_ENG_ID_BAR1_FN25	0x119
blackwell/gb202	dev_fault.h	NV_PFAULT_MMU_ENG_ID_BAR1_FN26	0x11a
blackwell/gb202	dev_fault.h	NV_PFAULT_MMU_ENG_ID_BAR1_FN27	0x11b
blackwell/gb202	dev_fault.h	NV_PFAULT_MMU_ENG_ID_BAR1_FN28	0x11c
blackwell/gb202	dev_fault.h	NV_PFAULT_MMU_ENG_ID_BAR1_FN29	0x11d
blackwell/gb202	dev_fault.h	NV_PFAULT_MMU_ENG_ID_BAR1_FN3	0x103
blackwell/gb202	dev_fault.h	NV_PFAULT_MMU_ENG_ID_BAR1_FN30	0x11e
blackwell/gb202	dev_fault.h	NV_PFAULT_MMU_ENG_ID_BAR1_FN31	0x11f
blackwell/gb202	dev_fault.h	NV_PFAULT_MMU_ENG_ID_BAR1_FN32	0x120
blackwell/gb202	dev_fault.h	NV_PFAULT_MMU_ENG_ID_BAR1_FN33	0x121
blackwell/gb202	dev_fault.h	NV_PFAULT_MMU_ENG_ID_BAR1_FN34	0x122
blackwell/gb202	dev_fault.h	NV_PFAULT_MMU_ENG_ID_BAR1_FN35	0x123
blackwell/gb202	dev_fault.h	NV_PFAULT_MMU_ENG_ID_BAR1_FN36	0x124
blackwell/gb202	dev_fault.h	NV_PFAULT_MMU_ENG_ID_BAR1_FN37	0x125
blackwell/gb202	dev_fault.h	NV_PFAULT_MMU_ENG_ID_BAR1_FN38	0x126
blackwell/gb202	dev_fault.h	NV_PFAULT_MMU_ENG_ID_BAR1_FN39	0x127
blackwell/gb202	dev_fault.h	NV_PFAULT_MMU_ENG_ID_BAR1_FN4	0x104
blackwell/gb202	dev_fault.h	NV_PFAULT_MMU_ENG_ID_BAR1_FN40	0x128
blackwell/gb202	dev_fault.h	NV_PFAULT_MMU_ENG_ID_BAR1_FN41	0x129
blackwell/gb202	dev_fault.h	NV_PFAULT_MMU_ENG_ID_BAR1_FN42	0x12a
blackwell/gb202	dev_fault.h	NV_PFAULT_MMU_ENG_ID_BAR1_FN43	0x12b
blackwell/gb202	dev_fault.h	NV_PFAULT_MMU_ENG_ID_BAR1_FN44	0x12c
blackwell/gb202	dev_fault.h	NV_PFAULT_MMU_ENG_ID_BAR1_FN45	0x12d
blackwell/gb202	dev_fault.h	NV_PFAULT_MMU_ENG_ID_BAR1_FN46	0x12e
blackwell/gb202	dev_fault.h	NV_PFAULT_MMU_ENG_ID_BAR1_FN47	0x12f
blackwell/gb202	dev_fault.h	NV_PFAULT_MMU_ENG_ID_BAR1_FN48	0x130
blackwell/gb202	dev_fault.h	NV_PFAULT_MMU_ENG_ID_BAR1_FN49	0x131
blackwell/gb202	dev_fault.h	NV_PFAULT_MMU_ENG_ID_BAR1_FN5	0x105
blackwell/gb202	dev_fault.h	NV_PFAULT_MMU_ENG_ID_BAR1_FN50	0x132
blackwell/gb202	dev_fault.h	NV_PFAULT_MMU_ENG_ID_BAR1_FN51	0x133
blackwell/gb202	dev_fault.h	NV_PFAULT_MMU_ENG_ID_BAR1_FN52	0x134
blackwell/gb202	dev_fault.h	NV_PFAULT_MMU_ENG_ID_BAR1_FN53	0x135
blackwell/gb202	dev_fault.h	NV_PFAULT_MMU_ENG_ID_BAR1_FN54	0x136
blackwell/gb202	dev_fault.h	NV_PFAULT_MMU_ENG_ID_BAR1_FN55	0x137
blackwell/gb202	dev_fault.h	NV_PFAULT_MMU_ENG_ID_BAR1_FN56	0x138
blackwell/gb202	dev_fault.h	NV_PFAULT_MMU_ENG_ID_BAR1_FN57	0x139
blackwell/gb202	dev_fault.h	NV_PFAULT_MMU_ENG_ID_BAR1_FN58	0x13a
blackwell/gb202	dev_fault.h	NV_PFAULT_MMU_ENG_ID_BAR1_FN59	0x13b
blackwell/gb202	dev_fault.h	NV_PFAULT_MMU_ENG_ID_BAR1_FN6	0x106
blackwell/gb202	dev_fault.h	NV_PFAULT_MMU_ENG_ID_BAR1_FN60	0x13c
blackwell/gb202	dev_fault.h	NV_PFAULT_MMU_ENG_ID_BAR1_FN61	0x13d
blackwell/gb202	dev_fault.h	NV_PFAULT_MMU_ENG_ID_BAR1_FN62	0x13e
blackwell/gb202	dev_fault.h	NV_PFAULT_MMU_ENG_ID_BAR1_FN63	0x13f
blackwell/gb202	dev_fault.h	NV_PFAULT_MMU_ENG_ID_BAR1_FN7	0x107
blackwell/gb202	dev_fault.h	NV_PFAULT_MMU_ENG_ID_BAR1_FN8	0x108
blackwell/gb202	dev_fault.h	NV_PFAULT_MMU_ENG_ID_BAR1_FN9	0x109
blackwell/gb202	dev_fault.h	NV_PFAULT_MMU_ENG_ID_BAR2	0x140
blackwell/gb202	dev_fault.h	NV_PFAULT_MMU_ENG_ID_BAR2_FN0	0x140
blackwell/gb202	dev_fault.h	NV_PFAULT_MMU_ENG_ID_BAR2_FN1	0x141
blackwell/gb202	dev_fault.h	NV_PFAULT_MMU_ENG_ID_BAR2_FN10	0x14a
blackwell/gb202	dev_fault.h	NV_PFAULT_MMU_ENG_ID_BAR2_FN11	0x14b
blackwell/gb202	dev_fault.h	NV_PFAULT_MMU_ENG_ID_BAR2_FN12	0x14c
blackwell/gb202	dev_fault.h	NV_PFAULT_MMU_ENG_ID_BAR2_FN13	0x14d
blackwell/gb202	dev_fault.h	NV_PFAULT_MMU_ENG_ID_BAR2_FN14	0x14e
blackwell/gb202	dev_fault.h	NV_PFAULT_MMU_ENG_ID_BAR2_FN15	0x14f
blackwell/gb202	dev_fault.h	NV_PFAULT_MMU_ENG_ID_BAR2_FN16	0x150
blackwell/gb202	dev_fault.h	NV_PFAULT_MMU_ENG_ID_BAR2_FN17	0x151
blackwell/gb202	dev_fault.h	NV_PFAULT_MMU_ENG_ID_BAR2_FN18	0x152
blackwell/gb202	dev_fault.h	NV_PFAULT_MMU_ENG_ID_BAR2_FN19	0x153
blackwell/gb202	dev_fault.h	NV_PFAULT_MMU_ENG_ID_BAR2_FN2	0x142
blackwell/gb202	dev_fault.h	NV_PFAULT_MMU_ENG_ID_BAR2_FN20	0x154
blackwell/gb202	dev_fault.h	NV_PFAULT_MMU_ENG_ID_BAR2_FN21	0x155
blackwell/gb202	dev_fault.h	NV_PFAULT_MMU_ENG_ID_BAR2_FN22	0x156
blackwell/gb202	dev_fault.h	NV_PFAULT_MMU_ENG_ID_BAR2_FN23	0x157
blackwell/gb202	dev_fault.h	NV_PFAULT_MMU_ENG_ID_BAR2_FN24	0x158
blackwell/gb202	dev_fault.h	NV_PFAULT_MMU_ENG_ID_BAR2_FN25	0x159
blackwell/gb202	dev_fault.h	NV_PFAULT_MMU_ENG_ID_BAR2_FN26	0x15a
blackwell/gb202	dev_fault.h	NV_PFAULT_MMU_ENG_ID_BAR2_FN27	0x15b
blackwell/gb202	dev_fault.h	NV_PFAULT_MMU_ENG_ID_BAR2_FN28	0x15c
blackwell/gb202	dev_fault.h	NV_PFAULT_MMU_ENG_ID_BAR2_FN29	0x15d
blackwell/gb202	dev_fault.h	NV_PFAULT_MMU_ENG_ID_BAR2_FN3	0x143
blackwell/gb202	dev_fault.h	NV_PFAULT_MMU_ENG_ID_BAR2_FN30	0x15e
blackwell/gb202	dev_fault.h	NV_PFAULT_MMU_ENG_ID_BAR2_FN31	0x15f
blackwell/gb202	dev_fault.h	NV_PFAULT_MMU_ENG_ID_BAR2_FN32	0x160
blackwell/gb202	dev_fault.h	NV_PFAULT_MMU_ENG_ID_BAR2_FN33	0x161
blackwell/gb202	dev_fault.h	NV_PFAULT_MMU_ENG_ID_BAR2_FN34	0x162
blackwell/gb202	dev_fault.h	NV_PFAULT_MMU_ENG_ID_BAR2_FN35	0x163
blackwell/gb202	dev_fault.h	NV_PFAULT_MMU_ENG_ID_BAR2_FN36	0x164
blackwell/gb202	dev_fault.h	NV_PFAULT_MMU_ENG_ID_BAR2_FN37	0x165
blackwell/gb202	dev_fault.h	NV_PFAULT_MMU_ENG_ID_BAR2_FN38	0x166
blackwell/gb202	dev_fault.h	NV_PFAULT_MMU_ENG_ID_BAR2_FN39	0x167
blackwell/gb202	dev_fault.h	NV_PFAULT_MMU_ENG_ID_BAR2_FN4	0x144
blackwell/gb202	dev_fault.h	NV_PFAULT_MMU_ENG_ID_BAR2_FN40	0x168
blackwell/gb202	dev_fault.h	NV_PFAULT_MMU_ENG_ID_BAR2_FN41	0x169
blackwell/gb202	dev_fault.h	NV_PFAULT_MMU_ENG_ID_BAR2_FN42	0x16a
blackwell/gb202	dev_fault.h	NV_PFAULT_MMU_ENG_ID_BAR2_FN43	0x16b
blackwell/gb202	dev_fault.h	NV_PFAULT_MMU_ENG_ID_BAR2_FN44	0x16c
blackwell/gb202	dev_fault.h	NV_PFAULT_MMU_ENG_ID_BAR2_FN45	0x16d
blackwell/gb202	dev_fault.h	NV_PFAULT_MMU_ENG_ID_BAR2_FN46	0x16e
blackwell/gb202	dev_fault.h	NV_PFAULT_MMU_ENG_ID_BAR2_FN47	0x16f
blackwell/gb202	dev_fault.h	NV_PFAULT_MMU_ENG_ID_BAR2_FN48	0x170
blackwell/gb202	dev_fault.h	NV_PFAULT_MMU_ENG_ID_BAR2_FN49	0x171
blackwell/gb202	dev_fault.h	NV_PFAULT_MMU_ENG_ID_BAR2_FN5	0x145
blackwell/gb202	dev_fault.h	NV_PFAULT_MMU_ENG_ID_BAR2_FN50	0x172
blackwell/gb202	dev_fault.h	NV_PFAULT_MMU_ENG_ID_BAR2_FN51	0x173
blackwell/gb202	dev_fault.h	NV_PFAULT_MMU_ENG_ID_BAR2_FN52	0x174
blackwell/gb202	dev_fault.h	NV_PFAULT_MMU_ENG_ID_BAR2_FN53	0x175
blackwell/gb202	dev_fault.h	NV_PFAULT_MMU_ENG_ID_BAR2_FN54	0x176
blackwell/gb202	dev_fault.h	NV_PFAULT_MMU_ENG_ID_BAR2_FN55	0x177
blackwell/gb202	dev_fault.h	NV_PFAULT_MMU_ENG_ID_BAR2_FN56	0x178
blackwell/gb202	dev_fault.h	NV_PFAULT_MMU_ENG_ID_BAR2_FN57	0x179
blackwell/gb202	dev_fault.h	NV_PFAULT_MMU_ENG_ID_BAR2_FN58	0x17a
blackwell/gb202	dev_fault.h	NV_PFAULT_MMU_ENG_ID_BAR2_FN59	0x17b
blackwell/gb202	dev_fault.h	NV_PFAULT_MMU_ENG_ID_BAR2_FN6	0x146
blackwell/gb202	dev_fault.h	NV_PFAULT_MMU_ENG_ID_BAR2_FN60	0x17c
blackwell/gb202	dev_fault.h	NV_PFAULT_MMU_ENG_ID_BAR2_FN61	0x17d
blackwell/gb202	dev_fault.h	NV_PFAULT_MMU_ENG_ID_BAR2_FN62	0x17e
blackwell/gb202	dev_fault.h	NV_PFAULT_MMU_ENG_ID_BAR2_FN63	0x17f
blackwell/gb202	dev_fault.h	NV_PFAULT_MMU_ENG_ID_BAR2_FN7	0x147
blackwell/gb202	dev_fault.h	NV_PFAULT_MMU_ENG_ID_BAR2_FN8	0x148
blackwell/gb202	dev_fault.h	NV_PFAULT_MMU_ENG_ID_BAR2_FN9	0x149
blackwell/gb202	dev_fault.h	NV_PFAULT_MMU_ENG_ID_CE0	0x41
blackwell/gb202	dev_fault.h	NV_PFAULT_MMU_ENG_ID_CE1	0x42
blackwell/gb202	dev_fault.h	NV_PFAULT_MMU_ENG_ID_CE10	0x4b
blackwell/gb202	dev_fault.h	NV_PFAULT_MMU_ENG_ID_CE11	0x4c
blackwell/gb202	dev_fault.h	NV_PFAULT_MMU_ENG_ID_CE12	0x4d
blackwell/gb202	dev_fault.h	NV_PFAULT_MMU_ENG_ID_CE13	0x4e
blackwell/gb202	dev_fault.h	NV_PFAULT_MMU_ENG_ID_CE14	0x4f
blackwell/gb202	dev_fault.h	NV_PFAULT_MMU_ENG_ID_CE15	0x50
blackwell/gb202	dev_fault.h	NV_PFAULT_MMU_ENG_ID_CE16	0x51
blackwell/gb202	dev_fault.h	NV_PFAULT_MMU_ENG_ID_CE17	0x52
blackwell/gb202	dev_fault.h	NV_PFAULT_MMU_ENG_ID_CE18	0x53
blackwell/gb202	dev_fault.h	NV_PFAULT_MMU_ENG_ID_CE19	0x54
blackwell/gb202	dev_fault.h	NV_PFAULT_MMU_ENG_ID_CE2	0x43
blackwell/gb202	dev_fault.h	NV_PFAULT_MMU_ENG_ID_CE3	0x44
blackwell/gb202	dev_fault.h	NV_PFAULT_MMU_ENG_ID_CE4	0x45
blackwell/gb202	dev_fault.h	NV_PFAULT_MMU_ENG_ID_CE5	0x46
blackwell/gb202	dev_fault.h	NV_PFAULT_MMU_ENG_ID_CE6	0x47
blackwell/gb202	dev_fault.h	NV_PFAULT_MMU_ENG_ID_CE7	0x48
blackwell/gb202	dev_fault.h	NV_PFAULT_MMU_ENG_ID_CE8	0x49
blackwell/gb202	dev_fault.h	NV_PFAULT_MMU_ENG_ID_CE9	0x4a
blackwell/gb202	dev_fault.h	NV_PFAULT_MMU_ENG_ID_DISPLAY	0x1
blackwell/gb202	dev_fault.h	NV_PFAULT_MMU_ENG_ID_FLA	0x4
blackwell/gb202	dev_fault.h	NV_PFAULT_MMU_ENG_ID_FSP	0x7
blackwell/gb202	dev_fault.h	NV_PFAULT_MMU_ENG_ID_GRAPHICS	0x180
blackwell/gb202	dev_fault.h	NV_PFAULT_MMU_ENG_ID_GRCOPY	0x41
blackwell/gb202	dev_fault.h	NV_PFAULT_MMU_ENG_ID_GSP	0x2
blackwell/gb202	dev_fault.h	NV_PFAULT_MMU_ENG_ID_GSPLITE	0x14
blackwell/gb202	dev_fault.h	NV_PFAULT_MMU_ENG_ID_GSPLITE1	0x15
blackwell/gb202	dev_fault.h	NV_PFAULT_MMU_ENG_ID_GSPLITE2	0x16
blackwell/gb202	dev_fault.h	NV_PFAULT_MMU_ENG_ID_GSPLITE3	0x17
blackwell/gb202	dev_fault.h	NV_PFAULT_MMU_ENG_ID_GSPLITE4	0x18
blackwell/gb202	dev_fault.h	NV_PFAULT_MMU_ENG_ID_GSPLITE5	0x19
blackwell/gb202	dev_fault.h	NV_PFAULT_MMU_ENG_ID_GSPLITE6	0x1a
blackwell/gb202	dev_fault.h	NV_PFAULT_MMU_ENG_ID_GSPLITE7	0x1b
blackwell/gb202	dev_fault.h	NV_PFAULT_MMU_ENG_ID_HOST0	0x55
blackwell/gb202	dev_fault.h	NV_PFAULT_MMU_ENG_ID_HOST1	0x56
blackwell/gb202	dev_fault.h	NV_PFAULT_MMU_ENG_ID_HOST10	0x5f
blackwell/gb202	dev_fault.h	NV_PFAULT_MMU_ENG_ID_HOST11	0x60
blackwell/gb202	dev_fault.h	NV_PFAULT_MMU_ENG_ID_HOST12	0x61
blackwell/gb202	dev_fault.h	NV_PFAULT_MMU_ENG_ID_HOST13	0x62
blackwell/gb202	dev_fault.h	NV_PFAULT_MMU_ENG_ID_HOST14	0x63
blackwell/gb202	dev_fault.h	NV_PFAULT_MMU_ENG_ID_HOST15	0x64
blackwell/gb202	dev_fault.h	NV_PFAULT_MMU_ENG_ID_HOST16	0x65
blackwell/gb202	dev_fault.h	NV_PFAULT_MMU_ENG_ID_HOST17	0x66
blackwell/gb202	dev_fault.h	NV_PFAULT_MMU_ENG_ID_HOST18	0x67
blackwell/gb202	dev_fault.h	NV_PFAULT_MMU_ENG_ID_HOST19	0x68
blackwell/gb202	dev_fault.h	NV_PFAULT_MMU_ENG_ID_HOST2	0x57
blackwell/gb202	dev_fault.h	NV_PFAULT_MMU_ENG_ID_HOST20	0x69
blackwell/gb202	dev_fault.h	NV_PFAULT_MMU_ENG_ID_HOST21	0x6a
blackwell/gb202	dev_fault.h	NV_PFAULT_MMU_ENG_ID_HOST22	0x6b
blackwell/gb202	dev_fault.h	NV_PFAULT_MMU_ENG_ID_HOST23	0x6c
blackwell/gb202	dev_fault.h	NV_PFAULT_MMU_ENG_ID_HOST24	0x6d
blackwell/gb202	dev_fault.h	NV_PFAULT_MMU_ENG_ID_HOST25	0x6e
blackwell/gb202	dev_fault.h	NV_PFAULT_MMU_ENG_ID_HOST26	0x6f
blackwell/gb202	dev_fault.h	NV_PFAULT_MMU_ENG_ID_HOST27	0x70
blackwell/gb202	dev_fault.h	NV_PFAULT_MMU_ENG_ID_HOST28	0x71
blackwell/gb202	dev_fault.h	NV_PFAULT_MMU_ENG_ID_HOST29	0x72
blackwell/gb202	dev_fault.h	NV_PFAULT_MMU_ENG_ID_HOST3	0x58
blackwell/gb202	dev_fault.h	NV_PFAULT_MMU_ENG_ID_HOST30	0x73
blackwell/gb202	dev_fault.h	NV_PFAULT_MMU_ENG_ID_HOST31	0x74
blackwell/gb202	dev_fault.h	NV_PFAULT_MMU_ENG_ID_HOST32	0x75
blackwell/gb202	dev_fault.h	NV_PFAULT_MMU_ENG_ID_HOST33	0x76
blackwell/gb202	dev_fault.h	NV_PFAULT_MMU_ENG_ID_HOST34	0x77
blackwell/gb202	dev_fault.h	NV_PFAULT_MMU_ENG_ID_HOST35	0x78
blackwell/gb202	dev_fault.h	NV_PFAULT_MMU_ENG_ID_HOST36	0x79
blackwell/gb202	dev_fault.h	NV_PFAULT_MMU_ENG_ID_HOST37	0x7a
blackwell/gb202	dev_fault.h	NV_PFAULT_MMU_ENG_ID_HOST38	0x7b
blackwell/gb202	dev_fault.h	NV_PFAULT_MMU_ENG_ID_HOST39	0x7c
blackwell/gb202	dev_fault.h	NV_PFAULT_MMU_ENG_ID_HOST4	0x59
blackwell/gb202	dev_fault.h	NV_PFAULT_MMU_ENG_ID_HOST40	0x7d
blackwell/gb202	dev_fault.h	NV_PFAULT_MMU_ENG_ID_HOST41	0x7e
blackwell/gb202	dev_fault.h	NV_PFAULT_MMU_ENG_ID_HOST42	0x7f
blackwell/gb202	dev_fault.h	NV_PFAULT_MMU_ENG_ID_HOST43	0x80
blackwell/gb202	dev_fault.h	NV_PFAULT_MMU_ENG_ID_HOST44	0x81
blackwell/gb202	dev_fault.h	NV_PFAULT_MMU_ENG_ID_HOST5	0x5a
blackwell/gb202	dev_fault.h	NV_PFAULT_MMU_ENG_ID_HOST6	0x5b
blackwell/gb202	dev_fault.h	NV_PFAULT_MMU_ENG_ID_HOST7	0x5c
blackwell/gb202	dev_fault.h	NV_PFAULT_MMU_ENG_ID_HOST8	0x5d
blackwell/gb202	dev_fault.h	NV_PFAULT_MMU_ENG_ID_HOST9	0x5e
blackwell/gb202	dev_fault.h	NV_PFAULT_MMU_ENG_ID_IFB	0x37
blackwell/gb202	dev_fault.h	NV_PFAULT_MMU_ENG_ID_NVDEC	0x1c
blackwell/gb202	dev_fault.h	NV_PFAULT_MMU_ENG_ID_NVDEC0	0x1c
blackwell/gb202	dev_fault.h	NV_PFAULT_MMU_ENG_ID_NVDEC1	0x1d
blackwell/gb202	dev_fault.h	NV_PFAULT_MMU_ENG_ID_NVDEC2	0x1e
blackwell/gb202	dev_fault.h	NV_PFAULT_MMU_ENG_ID_NVDEC3	0x1f
blackwell/gb202	dev_fault.h	NV_PFAULT_MMU_ENG_ID_NVDEC4	0x20
blackwell/gb202	dev_fault.h	NV_PFAULT_MMU_ENG_ID_NVDEC5	0x21
blackwell/gb202	dev_fault.h	NV_PFAULT_MMU_ENG_ID_NVDEC6	0x22
blackwell/gb202	dev_fault.h	NV_PFAULT_MMU_ENG_ID_NVDEC7	0x23
blackwell/gb202	dev_fault.h	NV_PFAULT_MMU_ENG_ID_NVENC0	0x2c
blackwell/gb202	dev_fault.h	NV_PFAULT_MMU_ENG_ID_NVENC1	0x2d
blackwell/gb202	dev_fault.h	NV_PFAULT_MMU_ENG_ID_NVENC2	0x2e
blackwell/gb202	dev_fault.h	NV_PFAULT_MMU_ENG_ID_NVENC3	0x2f
blackwell/gb202	dev_fault.h	NV_PFAULT_MMU_ENG_ID_NVJPG0	0x24
blackwell/gb202	dev_fault.h	NV_PFAULT_MMU_ENG_ID_NVJPG1	0x25
blackwell/gb202	dev_fault.h	NV_PFAULT_MMU_ENG_ID_NVJPG2	0x26
blackwell/gb202	dev_fault.h	NV_PFAULT_MMU_ENG_ID_NVJPG3	0x27
blackwell/gb202	dev_fault.h	NV_PFAULT_MMU_ENG_ID_NVJPG4	0x28
blackwell/gb202	dev_fault.h	NV_PFAULT_MMU_ENG_ID_NVJPG5	0x29
blackwell/gb202	dev_fault.h	NV_PFAULT_MMU_ENG_ID_NVJPG6	0x2a
blackwell/gb202	dev_fault.h	NV_PFAULT_MMU_ENG_ID_NVJPG7	0x2b
blackwell/gb202	dev_fault.h	NV_PFAULT_MMU_ENG_ID_OFA0	0x30
blackwell/gb202	dev_fault.h	NV_PFAULT_MMU_ENG_ID_PERF	0xa
blackwell/gb202	dev_fault.h	NV_PFAULT_MMU_ENG_ID_PERF0	0xa
blackwell/gb202	dev_fault.h	NV_PFAULT_MMU_ENG_ID_PERF1	0xb
blackwell/gb202	dev_fault.h	NV_PFAULT_MMU_ENG_ID_PERF2	0xc
blackwell/gb202	dev_fault.h	NV_PFAULT_MMU_ENG_ID_PERF3	0xd
blackwell/gb202	dev_fault.h	NV_PFAULT_MMU_ENG_ID_PERF4	0xe
blackwell/gb202	dev_fault.h	NV_PFAULT_MMU_ENG_ID_PERF5	0xf
blackwell/gb202	dev_fault.h	NV_PFAULT_MMU_ENG_ID_PERF6	0x10
blackwell/gb202	dev_fault.h	NV_PFAULT_MMU_ENG_ID_PERF7	0x11
blackwell/gb202	dev_fault.h	NV_PFAULT_MMU_ENG_ID_PERF8	0x12
blackwell/gb202	dev_fault.h	NV_PFAULT_MMU_ENG_ID_PERF9	0x13
blackwell/gb202	dev_fault.h	NV_PFAULT_MMU_ENG_ID_PHYSICAL	0x38
blackwell/gb202	dev_fault.h	NV_PFAULT_MMU_ENG_ID_PTP	0x3
blackwell/gb202	dev_fault.h	NV_PFAULT_MMU_ENG_ID_PWR_PMU	0x5
blackwell/gb202	dev_fault.h	NV_PFAULT_MMU_ENG_ID_SEC	0x6
blackwell/gb202	dev_fsp_pri.h	NV_PFSP_FALCON_COMMON_SCRATCH_GROUP_2(0)	0x8f0320
blackwell/gb202	dev_fsp_pri.h	NV_PFSP_FALCON_COMMON_SCRATCH_GROUP_2(1)	0x8f0324
blackwell/gb202	dev_fsp_pri.h	NV_PFSP_FALCON_COMMON_SCRATCH_GROUP_2_VAL	31:0
blackwell/gb202	dev_fsp_pri.h	NV_PFSP_FALCON_COMMON_SCRATCH_GROUP_2_VAL_INIT	0x0
blackwell/gb202	dev_fsp_pri.h	NV_PFSP_FALCON_COMMON_SCRATCH_GROUP_2__DEVICE_MAP	0x16
blackwell/gb202	dev_fsp_pri.h	NV_PFSP_FALCON_COMMON_SCRATCH_GROUP_2__SIZE_1	0x4
blackwell/gb202	dev_fsp_pri.h	NV_PFSP_FALCON_COMMON_SCRATCH_GROUP_3(0)	0x8f0330
blackwell/gb202	dev_fsp_pri.h	NV_PFSP_FALCON_COMMON_SCRATCH_GROUP_3(1)	0x8f0334
blackwell/gb202	dev_fsp_pri.h	NV_PFSP_FALCON_COMMON_SCRATCH_GROUP_3_VAL	31:0
blackwell/gb202	dev_fsp_pri.h	NV_PFSP_FALCON_COMMON_SCRATCH_GROUP_3_VAL_INIT	0x0
blackwell/gb202	dev_fsp_pri.h	NV_PFSP_FALCON_COMMON_SCRATCH_GROUP_3__SIZE_1	0x4
blackwell/gb202	dev_ram.h	NV_PRAMIN	0x7fffff:0x700000
blackwell/gb202	dev_riscv_pri.h	NV_PRISCV_RISCV_CPUCTL	0x388
blackwell/gb202	dev_riscv_pri.h	NV_PRISCV_RISCV_IRQDELEG	0x534
blackwell/gb202	dev_riscv_pri.h	NV_PRISCV_RISCV_IRQDEST	0x52c
blackwell/gb202	dev_riscv_pri.h	NV_PRISCV_RISCV_IRQMASK	0x528
blackwell/gb202	dev_therm.h	NV_THERM_I2CS_SCRATCH	0xad00bc
blackwell/gb202	dev_therm.h	NV_THERM_I2CS_SCRATCH_DATA	31:0
blackwell/gb202	dev_therm.h	NV_THERM_I2CS_SCRATCH_DATA_INIT	0x0
blackwell/gb202	dev_therm_addendum.h	NV_THERM_I2CS_SCRATCH_FSP_BOOT_COMPLETE	0xad00bc
blackwell/gb202	dev_therm_addendum.h	NV_THERM_I2CS_SCRATCH_FSP_BOOT_COMPLETE_STATUS	31:0
blackwell/gb202	dev_therm_addendum.h	NV_THERM_I2CS_SCRATCH_FSP_BOOT_COMPLETE_STATUS_FAILED	0x0
blackwell/gb202	dev_therm_addendum.h	NV_THERM_I2CS_SCRATCH_FSP_BOOT_COMPLETE_STATUS_SUCCESS	0xff
blackwell/gb202	dev_vm.h	NV_VIRTUAL_FUNCTION_DOORBELL	0x30090
blackwell/gb202	dev_vm.h	NV_VIRTUAL_FUNCTION_DOORBELL_RUNLIST_DOORBELL	30:30
blackwell/gb202	dev_vm.h	NV_VIRTUAL_FUNCTION_DOORBELL_RUNLIST_DOORBELL_DISABLE	0x0
blackwell/gb202	dev_vm.h	NV_VIRTUAL_FUNCTION_DOORBELL_RUNLIST_DOORBELL_ENABLE	0x1
blackwell/gb202	dev_vm.h	NV_VIRTUAL_FUNCTION_DOORBELL_RUNLIST_ID	22:16
blackwell/gb202	dev_vm.h	NV_VIRTUAL_FUNCTION_DOORBELL_VECTOR	11:0
blackwell/gb202	pri_nv_xal_ep.h	NV_XAL_EP_BAR0_WINDOW	0x10fd40
blackwell/gb20b	dev_mmu.h	NV_MMU_PTE_KIND_GENERIC_MEMORY	0x6
blackwell/gb20b	dev_mmu.h	NV_MMU_PTE_KIND_GENERIC_MEMORY_COMPRESSIBLE	0x8
blackwell/gb20b	dev_mmu.h	NV_MMU_PTE_KIND_GENERIC_MEMORY_COMPRESSIBLE_DISABLE_PLC	0x9
blackwell/gb20b	dev_mmu.h	NV_MMU_PTE_KIND_INVALID	0x7
blackwell/gb20b	dev_mmu.h	NV_MMU_PTE_KIND_PITCH	0x0
blackwell/gb20b	dev_mmu.h	NV_MMU_PTE_KIND_S8	0x2
blackwell/gb20b	dev_mmu.h	NV_MMU_PTE_KIND_S8Z24	0x3
blackwell/gb20b	dev_mmu.h	NV_MMU_PTE_KIND_S8Z24_COMPRESSIBLE_DISABLE_PLC	0xc
blackwell/gb20b	dev_mmu.h	NV_MMU_PTE_KIND_S8_COMPRESSIBLE_DISABLE_PLC	0xa
blackwell/gb20b	dev_mmu.h	NV_MMU_PTE_KIND_SMSKED_MESSAGE	0xf
blackwell/gb20b	dev_mmu.h	NV_MMU_PTE_KIND_Z16	0x1
blackwell/gb20b	dev_mmu.h	NV_MMU_PTE_KIND_Z16_COMPRESSIBLE_DISABLE_PLC	0xb
blackwell/gb20b	dev_mmu.h	NV_MMU_PTE_KIND_Z24S8	0x5
blackwell/gb20b	dev_mmu.h	NV_MMU_PTE_KIND_Z24S8_COMPRESSIBLE_DISABLE_PLC	0xe
blackwell/gb20b	dev_mmu.h	NV_MMU_PTE_KIND_ZF32_X24S8	0x4
blackwell/gb20b	dev_mmu.h	NV_MMU_PTE_KIND_ZF32_X24S8_COMPRESSIBLE_DISABLE_PLC	0xd
blackwell/gb20b	dev_falcon_v4.h	NV_PFALCON_FALCON_HWCFG2	0xf4
blackwell/gb20b	dev_gsp.h	NV_PGSP	0x113fff:0x110000
blackwell/gb20b	dev_gsp.h	NV_PGSP_MAILBOX(0)	0x110804
blackwell/gb20b	dev_gsp.h	NV_PGSP_MAILBOX(1)	0x110808
blackwell/gb20b	dev_gsp.h	NV_PGSP_MAILBOX_DATA	31:0
blackwell/gb20b	dev_gsp.h	NV_PGSP_MAILBOX_DATA_INIT	0x0
blackwell/gb20b	dev_gsp.h	NV_PGSP_MAILBOX__SIZE_1	0x4
blackwell/gb20b	dev_gsp.h	NV_PGSP_QUEUE_HEAD(0)	0x110c00
blackwell/gb20b	dev_gsp.h	NV_PGSP_QUEUE_HEAD(1)	0x110c08
blackwell/gb20b	dev_gsp.h	NV_PGSP_QUEUE_HEAD__SIZE_1	0x8
blackwell/gb20b	dev_gsp.h	NV_PGSP_QUEUE_TAIL(0)	0x110c04
blackwell/gb20b	dev_gsp.h	NV_PGSP_QUEUE_TAIL(1)	0x110c0c
blackwell/gb20b	dev_gsp.h	NV_PGSP_QUEUE_TAIL__SIZE_1	0x8
blackwell/gb20b	dev_sec_pri.h	NV_PSEC_EMEMC(0)	0x840ac0
blackwell/gb20b	dev_sec_pri.h	NV_PSEC_EMEMC(1)	0x840ac8
blackwell/gb20b	dev_sec_pri.h	NV_PSEC_EMEMC_AINCR	25:25
blackwell/gb20b	dev_sec_pri.h	NV_PSEC_EMEMC_AINCR_FALSE	0x0
blackwell/gb20b	dev_sec_pri.h	NV_PSEC_EMEMC_AINCR_INIT	0x0
blackwell/gb20b	dev_sec_pri.h	NV_PSEC_EMEMC_AINCR_TRUE	0x1
blackwell/gb20b	dev_sec_pri.h	NV_PSEC_EMEMC_AINCW	24:24
blackwell/gb20b	dev_sec_pri.h	NV_PSEC_EMEMC_AINCW_FALSE	0x0
blackwell/gb20b	dev_sec_pri.h	NV_PSEC_EMEMC_AINCW_INIT	0x0
blackwell/gb20b	dev_sec_pri.h	NV_PSEC_EMEMC_AINCW_TRUE	0x1
blackwell/gb20b	dev_sec_pri.h	NV_PSEC_EMEMC_BLK	15:8
blackwell/gb20b	dev_sec_pri.h	NV_PSEC_EMEMC_BLK_INIT	0x0
blackwell/gb20b	dev_sec_pri.h	NV_PSEC_EMEMC_OFFS	7:2
blackwell/gb20b	dev_sec_pri.h	NV_PSEC_EMEMC_OFFS_INIT	0x0
blackwell/gb20b	dev_sec_pri.h	NV_PSEC_EMEMC__SIZE_1	0x8
blackwell/gb20b	dev_sec_pri.h	NV_PSEC_EMEMD(0)	0x840ac4
blackwell/gb20b	dev_sec_pri.h	NV_PSEC_EMEMD(1)	0x840acc
blackwell/gb20b	dev_sec_pri.h	NV_PSEC_EMEMD_DATA	31:0
blackwell/gb20b	dev_sec_pri.h	NV_PSEC_EMEMD__SIZE_1	0x8
blackwell/gb20b	dev_sec_pri.h	NV_PSEC_MSGQ_HEAD(0)	0x840c80
blackwell/gb20b	dev_sec_pri.h	NV_PSEC_MSGQ_HEAD(1)	0x840c88
blackwell/gb20b	dev_sec_pri.h	NV_PSEC_MSGQ_HEAD_VAL	31:0
blackwell/gb20b	dev_sec_pri.h	NV_PSEC_MSGQ_HEAD_VAL_INIT	0x0
blackwell/gb20b	dev_sec_pri.h	NV_PSEC_MSGQ_HEAD__SIZE_1	0x8
blackwell/gb20b	dev_sec_pri.h	NV_PSEC_MSGQ_TAIL(0)	0x840c84
blackwell/gb20b	dev_sec_pri.h	NV_PSEC_MSGQ_TAIL(1)	0x840c8c
blackwell/gb20b	dev_sec_pri.h	NV_PSEC_MSGQ_TAIL_VAL	31:0
blackwell/gb20b	dev_sec_pri.h	NV_PSEC_MSGQ_TAIL_VAL_INIT	0x0
blackwell/gb20b	dev_sec_pri.h	NV_PSEC_MSGQ_TAIL__SIZE_1	0x8
blackwell/gb20b	dev_sec_pri.h	NV_PSEC_QUEUE_HEAD(0)	0x840c00
blackwell/gb20b	dev_sec_pri.h	NV_PSEC_QUEUE_HEAD(1)	0x840c08
blackwell/gb20b	dev_sec_pri.h	NV_PSEC_QUEUE_HEAD_ADDRESS	31:0
blackwell/gb20b	dev_sec_pri.h	NV_PSEC_QUEUE_HEAD_ADDRESS_INIT	0x0
blackwell/gb20b	dev_sec_pri.h	NV_PSEC_QUEUE_HEAD__SIZE_1	0x8
blackwell/gb20b	dev_sec_pri.h	NV_PSEC_QUEUE_TAIL(0)	0x840c04
blackwell/gb20b	dev_sec_pri.h	NV_PSEC_QUEUE_TAIL(1)	0x840c0c
blackwell/gb20b	dev_sec_pri.h	NV_PSEC_QUEUE_TAIL_ADDRESS	31:0
blackwell/gb20b	dev_sec_pri.h	NV_PSEC_QUEUE_TAIL_ADDRESS_INIT	0x0
blackwell/gb20b	dev_sec_pri.h	NV_PSEC_QUEUE_TAIL__SIZE_1	0x8
class	clc365.h	ACCESS_COUNTER_NOTIFY_BUFFER	0xc365
class	clc56f.h	AMPERE_CHANNEL_GPFIFO_A	0xc56f
class	clc6b5.h	AMPERE_DMA_COPY_A	0xc6b5
class	clc7b5.h	AMPERE_DMA_COPY_B	0xc7b5
class	clc561.h	AMPERE_USERMODE_A	0xc561
class	clc96f.h	BLACKWELL_CHANNEL_GPFIFO_A	0xc96f
class	clca6f.h	BLACKWELL_CHANNEL_GPFIFO_B	0xca6f
class	clc9b5.h	BLACKWELL_DMA_COPY_A	0xc9b5
class	clcab5.h	BLACKWELL_DMA_COPY_B	0xcab5
class	clc761.h	BLACKWELL_USERMODE_A	0xc761
class	clc86f.h	HOPPER_CHANNEL_GPFIFO_A	0xc86f
class	clc8b5.h	HOPPER_DMA_COPY_A	0xc8b5
class	clc661.h	HOPPER_USERMODE_A	0xc661
class	clc369.h	MMU_FAULT_BUFFER	0xc369
class	clc361.h	NVC361	0x81ffff:0x810000
class	clc361.h	NVC361_NOTIFY_CHANNEL_PENDING	0x90
class	clc361.h	NVC361_NV_USERMODE__SIZE	0x10000
class	clc361.h	NVC361_TIME_0	0x80
class	clc361.h	NVC361_TIME_1	0x84
class	clc365.h	NVC365_NOTIFIERS_ACCESS_COUNTER	0x0
class	clc365.h	NVC365_NOTIFY_BUF_ENTRY	31:0
class	clc365.h	NVC365_NOTIFY_BUF_ENTRY_ADDR	mw:127:64
class	clc365.h	NVC365_NOTIFY_BUF_ENTRY_ADDR_HI	mw:127:96
class	clc365.h	NVC365_NOTIFY_BUF_ENTRY_ADDR_LO	mw:95:64
class	clc365.h	NVC365_NOTIFY_BUF_ENTRY_ADDR_TYPE	mw:1:1
class	clc365.h	NVC365_NOTIFY_BUF_ENTRY_ADDR_TYPE_GPA	0x1
class	clc365.h	NVC365_NOTIFY_BUF_ENTRY_ADDR_TYPE_GVA	0x0
class	clc365.h	NVC365_NOTIFY_BUF_ENTRY_APERTURE	mw:9:8
class	clc365.h	NVC365_NOTIFY_BUF_ENTRY_APERTURE_PEER_MEM	0x1
class	clc365.h	NVC365_NOTIFY_BUF_ENTRY_APERTURE_SYS_MEM_COHERENT	0x2
class	clc365.h	NVC365_NOTIFY_BUF_ENTRY_APERTURE_SYS_MEM_NONCOHERENT	0x3
class	clc365.h	NVC365_NOTIFY_BUF_ENTRY_APERTURE_VID_MEM	0x0
class	clc365.h	NVC365_NOTIFY_BUF_ENTRY_BANK	mw:5:2
class	clc365.h	NVC365_NOTIFY_BUF_ENTRY_BANK_0	0x0
class	clc365.h	NVC365_NOTIFY_BUF_ENTRY_BANK_1	0x1
class	clc365.h	NVC365_NOTIFY_BUF_ENTRY_BANK_10	0xa
class	clc365.h	NVC365_NOTIFY_BUF_ENTRY_BANK_11	0xb
class	clc365.h	NVC365_NOTIFY_BUF_ENTRY_BANK_12	0xc
class	clc365.h	NVC365_NOTIFY_BUF_ENTRY_BANK_13	0xd
class	clc365.h	NVC365_NOTIFY_BUF_ENTRY_BANK_14	0xe
class	clc365.h	NVC365_NOTIFY_BUF_ENTRY_BANK_15	0xf
class	clc365.h	NVC365_NOTIFY_BUF_ENTRY_BANK_2	0x2
class	clc365.h	NVC365_NOTIFY_BUF_ENTRY_BANK_3	0x3
class	clc365.h	NVC365_NOTIFY_BUF_ENTRY_BANK_4	0x4
class	clc365.h	NVC365_NOTIFY_BUF_ENTRY_BANK_5	0x5
class	clc365.h	NVC365_NOTIFY_BUF_ENTRY_BANK_6	0x6
class	clc365.h	NVC365_NOTIFY_BUF_ENTRY_BANK_7	0x7
class	clc365.h	NVC365_NOTIFY_BUF_ENTRY_BANK_8	0x8
class	clc365.h	NVC365_NOTIFY_BUF_ENTRY_BANK_9	0x9
class	clc365.h	NVC365_NOTIFY_BUF_ENTRY_COUNTER_VAL	mw:207:192
class	clc365.h	NVC365_NOTIFY_BUF_ENTRY_INST	mw:63:12
class	clc365.h	NVC365_NOTIFY_BUF_ENTRY_INST_APERTURE	mw:11:10
class	clc365.h	NVC365_NOTIFY_BUF_ENTRY_INST_APERTURE_SYS_MEM_COHERENT	0x2
class	clc365.h	NVC365_NOTIFY_BUF_ENTRY_INST_APERTURE_SYS_MEM_NONCOHERENT	0x3
class	clc365.h	NVC365_NOTIFY_BUF_ENTRY_INST_APERTURE_VID_MEM	0x0
class	clc365.h	NVC365_NOTIFY_BUF_ENTRY_INST_HI	mw:63:32
class	clc365.h	NVC365_NOTIFY_BUF_ENTRY_INST_LO	mw:31:12
class	clc365.h	NVC365_NOTIFY_BUF_ENTRY_MMU_ENGINE_ID	mw:252:244
class	clc365.h	NVC365_NOTIFY_BUF_ENTRY_NOTIFY_TAG	mw:179:160
class	clc365.h	NVC365_NOTIFY_BUF_ENTRY_PEER_ID	mw:226:224
class	clc365.h	NVC365_NOTIFY_BUF_ENTRY_SUB_GRANULARITY	mw:159:128
class	clc365.h	NVC365_NOTIFY_BUF_ENTRY_TYPE	mw:0:0
class	clc365.h	NVC365_NOTIFY_BUF_ENTRY_TYPE_CPU	0x0
class	clc365.h	NVC365_NOTIFY_BUF_ENTRY_TYPE_GPU	0x1
class	clc365.h	NVC365_NOTIFY_BUF_ENTRY_VALID	mw:255:255
class	clc365.h	NVC365_NOTIFY_BUF_ENTRY_VALID_FALSE	0x0
class	clc365.h	NVC365_NOTIFY_BUF_ENTRY_VALID_TRUE	0x1
class	clc365.h	NVC365_NOTIFY_BUF_SIZE	0x20
class	clc369.h	NVC369_BUF_ENTRY	31:0
class	clc369.h	NVC369_BUF_ENTRY_ACCESS_TYPE	mw:243:240
class	clc369.h	NVC369_BUF_ENTRY_ADDR	mw:127:76
class	clc369.h	NVC369_BUF_ENTRY_ADDR_HI	mw:127:96
class	clc369.h	NVC369_BUF_ENTRY_ADDR_LO	mw:95:76
class	clc369.h	NVC369_BUF_ENTRY_ADDR_PHYS_APERTURE	mw:65:64
class	clc369.h	NVC369_BUF_ENTRY_CLIENT	mw:238:232
class	clc369.h	NVC369_BUF_ENTRY_ENGINE_ID	mw:200:192
class	clc369.h	NVC369_BUF_ENTRY_FAULT_TYPE	mw:228:224
class	clc369.h	NVC369_BUF_ENTRY_GPC_ID	mw:252:248
class	clc369.h	NVC369_BUF_ENTRY_INST	mw:63:12
class	clc369.h	NVC369_BUF_ENTRY_INST_APERTURE	mw:9:8
class	clc369.h	NVC369_BUF_ENTRY_INST_APERTURE_SYS_MEM_COHERENT	0x2
class	clc369.h	NVC369_BUF_ENTRY_INST_APERTURE_SYS_MEM_NONCOHERENT	0x3
class	clc369.h	NVC369_BUF_ENTRY_INST_APERTURE_VID_MEM	0x0
class	clc369.h	NVC369_BUF_ENTRY_INST_HI	mw:63:32
class	clc369.h	NVC369_BUF_ENTRY_INST_LO	mw:31:12
class	clc369.h	NVC369_BUF_ENTRY_MMU_CLIENT_TYPE	mw:244:244
class	clc369.h	NVC369_BUF_ENTRY_PROTECTED_MODE	mw:253:253
class	clc369.h	NVC369_BUF_ENTRY_PROTECTED_MODE_FALSE	0x0
class	clc369.h	NVC369_BUF_ENTRY_PROTECTED_MODE_TRUE	0x1
class	clc369.h	NVC369_BUF_ENTRY_REPLAYABLE_FAULT	mw:231:231
class	clc369.h	NVC369_BUF_ENTRY_REPLAYABLE_FAULT_EN	mw:254:254
class	clc369.h	NVC369_BUF_ENTRY_REPLAYABLE_FAULT_EN_FALSE	0x0
class	clc369.h	NVC369_BUF_ENTRY_REPLAYABLE_FAULT_EN_TRUE	0x1
class	clc369.h	NVC369_BUF_ENTRY_REPLAYABLE_FAULT_FALSE	0x0
class	clc369.h	NVC369_BUF_ENTRY_REPLAYABLE_FAULT_TRUE	0x1
class	clc369.h	NVC369_BUF_ENTRY_TIMESTAMP	mw:191:128
class	clc369.h	NVC369_BUF_ENTRY_TIMESTAMP_HI	mw:191:160
class	clc369.h	NVC369_BUF_ENTRY_TIMESTAMP_LO	mw:159:128
class	clc369.h	NVC369_BUF_ENTRY_VALID	mw:255:255
class	clc369.h	NVC369_BUF_ENTRY_VALID_FALSE	0x0
class	clc369.h	NVC369_BUF_ENTRY_VALID_TRUE	0x1
class	clc369.h	NVC369_BUF_SIZE	0x20
class	clc369.h	NVC369_NOTIFIER_MMU_FAULT_ERROR	0x2
class	clc369.h	NVC369_NOTIFIER_MMU_FAULT_NON_REPLAYABLE	0x0
class	clc369.h	NVC369_NOTIFIER_MMU_FAULT_NON_REPLAYABLE_IN_PRIV	0x3
class	clc369.h	NVC369_NOTIFIER_MMU_FAULT_REPLAYABLE	0x1
class	clc36f.h	NVC36F_CLEAR_FAULTED	0x84
class	clc36f.h	NVC36F_CLEAR_FAULTED_CHID	11:0
class	clc36f.h	NVC36F_CLEAR_FAULTED_TYPE	31:31
class	clc36f.h	NVC36F_CLEAR_FAULTED_TYPE_ENG_FAULTED	0x1
class	clc36f.h	NVC36F_CLEAR_FAULTED_TYPE_PBDMA_FAULTED	0x0
class	clc36f.h	NVC36F_CRC_CHECK	0x7c
class	clc36f.h	NVC36F_CRC_CHECK_VALUE	31:0
class	clc36f.h	NVC36F_DMA_ADDRESS	12:2
class	clc36f.h	NVC36F_DMA_COUNT	28:18
class	clc36f.h	NVC36F_DMA_DATA	31:0
class	clc36f.h	NVC36F_DMA_ENDSEG_OPCODE	31:29
class	clc36f.h	NVC36F_DMA_ENDSEG_OPCODE_VALUE	0x7
class	clc36f.h	NVC36F_DMA_IMMD_ADDRESS	11:0
class	clc36f.h	NVC36F_DMA_IMMD_DATA	28:16
class	clc36f.h	NVC36F_DMA_IMMD_OPCODE	31:29
class	clc36f.h	NVC36F_DMA_IMMD_OPCODE_VALUE	0x4
class	clc36f.h	NVC36F_DMA_IMMD_SUBCHANNEL	15:13
class	clc36f.h	NVC36F_DMA_INCR_ADDRESS	11:0
class	clc36f.h	NVC36F_DMA_INCR_COUNT	28:16
class	clc36f.h	NVC36F_DMA_INCR_DATA	31:0
class	clc36f.h	NVC36F_DMA_INCR_OPCODE	31:29
class	clc36f.h	NVC36F_DMA_INCR_OPCODE_VALUE	0x1
class	clc36f.h	NVC36F_DMA_INCR_SUBCHANNEL	15:13
class	clc36f.h	NVC36F_DMA_METHOD_ADDRESS	11:0
class	clc36f.h	NVC36F_DMA_METHOD_ADDRESS_OLD	12:2
class	clc36f.h	NVC36F_DMA_METHOD_COUNT	28:16
class	clc36f.h	NVC36F_DMA_METHOD_COUNT_OLD	28:18
class	clc36f.h	NVC36F_DMA_METHOD_SUBCHANNEL	15:13
class	clc36f.h	NVC36F_DMA_NONINCR_ADDRESS	11:0
class	clc36f.h	NVC36F_DMA_NONINCR_COUNT	28:16
class	clc36f.h	NVC36F_DMA_NONINCR_DATA	31:0
class	clc36f.h	NVC36F_DMA_NONINCR_OPCODE	31:29
class	clc36f.h	NVC36F_DMA_NONINCR_OPCODE_VALUE	0x3
class	clc36f.h	NVC36F_DMA_NONINCR_SUBCHANNEL	15:13
class	clc36f.h	NVC36F_DMA_NOP	0x0
class	clc36f.h	NVC36F_DMA_ONEINCR_ADDRESS	11:0
class	clc36f.h	NVC36F_DMA_ONEINCR_COUNT	28:16
class	clc36f.h	NVC36F_DMA_ONEINCR_DATA	31:0
class	clc36f.h	NVC36F_DMA_ONEINCR_OPCODE	31:29
class	clc36f.h	NVC36F_DMA_ONEINCR_OPCODE_VALUE	0x5
class	clc36f.h	NVC36F_DMA_ONEINCR_SUBCHANNEL	15:13
class	clc36f.h	NVC36F_DMA_OPCODE	31:29
class	clc36f.h	NVC36F_DMA_OPCODE3	17:16
class	clc36f.h	NVC36F_DMA_OPCODE3_NONE	0x0
class	clc36f.h	NVC36F_DMA_OPCODE_METHOD	0x0
class	clc36f.h	NVC36F_DMA_OPCODE_NONINC_METHOD	0x2
class	clc36f.h	NVC36F_DMA_SEC_OP	31:29
class	clc36f.h	NVC36F_DMA_SEC_OP_END_PB_SEGMENT	0x7
class	clc36f.h	NVC36F_DMA_SEC_OP_GRP0_USE_TERT	0x0
class	clc36f.h	NVC36F_DMA_SEC_OP_GRP2_USE_TERT	0x2
class	clc36f.h	NVC36F_DMA_SEC_OP_IMMD_DATA_METHOD	0x4
class	clc36f.h	NVC36F_DMA_SEC_OP_INC_METHOD	0x1
class	clc36f.h	NVC36F_DMA_SEC_OP_NON_INC_METHOD	0x3
class	clc36f.h	NVC36F_DMA_SEC_OP_ONE_INC	0x5
class	clc36f.h	NVC36F_DMA_SEC_OP_RESERVED6	0x6
class	clc36f.h	NVC36F_DMA_SET_SUBDEVICE_MASK_OPCODE	31:16
class	clc36f.h	NVC36F_DMA_SET_SUBDEVICE_MASK_OPCODE_VALUE	0x1
class	clc36f.h	NVC36F_DMA_SET_SUBDEVICE_MASK_VALUE	15:4
class	clc36f.h	NVC36F_DMA_STORE_SUBDEVICE_MASK_OPCODE	31:16
class	clc36f.h	NVC36F_DMA_STORE_SUBDEVICE_MASK_OPCODE_VALUE	0x2
class	clc36f.h	NVC36F_DMA_STORE_SUBDEVICE_MASK_VALUE	15:4
class	clc36f.h	NVC36F_DMA_SUBCH	15:13
class	clc36f.h	NVC36F_DMA_SUBDEVICE_MASK	15:4
class	clc36f.h	NVC36F_DMA_TERT_OP	17:16
class	clc36f.h	NVC36F_DMA_TERT_OP_GRP0_INC_METHOD	0x0
class	clc36f.h	NVC36F_DMA_TERT_OP_GRP0_SET_SUB_DEV_MASK	0x1
class	clc36f.h	NVC36F_DMA_TERT_OP_GRP0_STORE_SUB_DEV_MASK	0x2
class	clc36f.h	NVC36F_DMA_TERT_OP_GRP0_USE_SUB_DEV_MASK	0x3
class	clc36f.h	NVC36F_DMA_TERT_OP_GRP2_NON_INC_METHOD	0x0
class	clc36f.h	NVC36F_DMA_USE_SUBDEVICE_MASK_OPCODE	31:16
class	clc36f.h	NVC36F_DMA_USE_SUBDEVICE_MASK_OPCODE_VALUE	0x3
class	clc36f.h	NVC36F_FB_FLUSH	0x24
class	clc36f.h	NVC36F_FB_FLUSH_HANDLE	31:0
class	clc36f.h	NVC36F_GP_ENTRY0_FETCH	0:0
class	clc36f.h	NVC36F_GP_ENTRY0_FETCH_CONDITIONAL	0x1
class	clc36f.h	NVC36F_GP_ENTRY0_FETCH_UNCONDITIONAL	0x0
class	clc36f.h	NVC36F_GP_ENTRY0_GET	31:2
class	clc36f.h	NVC36F_GP_ENTRY0_OPERAND	31:0
class	clc36f.h	NVC36F_GP_ENTRY1_GET_HI	7:0
class	clc36f.h	NVC36F_GP_ENTRY1_LENGTH	30:10
class	clc36f.h	NVC36F_GP_ENTRY1_LEVEL	9:9
class	clc36f.h	NVC36F_GP_ENTRY1_LEVEL_MAIN	0x0
class	clc36f.h	NVC36F_GP_ENTRY1_LEVEL_SUBROUTINE	0x1
class	clc36f.h	NVC36F_GP_ENTRY1_OPCODE	7:0
class	clc36f.h	NVC36F_GP_ENTRY1_OPCODE_GP_CRC	0x2
class	clc36f.h	NVC36F_GP_ENTRY1_OPCODE_ILLEGAL	0x1
class	clc36f.h	NVC36F_GP_ENTRY1_OPCODE_NOP	0x0
class	clc36f.h	NVC36F_GP_ENTRY1_OPCODE_PB_CRC	0x3
class	clc36f.h	NVC36F_GP_ENTRY1_PRIV	8:8
class	clc36f.h	NVC36F_GP_ENTRY1_PRIV_KERNEL	0x1
class	clc36f.h	NVC36F_GP_ENTRY1_PRIV_USER	0x0
class	clc36f.h	NVC36F_GP_ENTRY1_SYNC	31:31
class	clc36f.h	NVC36F_GP_ENTRY1_SYNC_PROCEED	0x0
class	clc36f.h	NVC36F_GP_ENTRY1_SYNC_WAIT	0x1
class	clc36f.h	NVC36F_GP_ENTRY__SIZE	0x8
class	clc36f.h	NVC36F_ILLEGAL	0x4
class	clc36f.h	NVC36F_ILLEGAL_HANDLE	31:0
class	clc36f.h	NVC36F_MEM_OP_A	0x28
class	clc36f.h	NVC36F_MEM_OP_A_TLB_INVALIDATE_CANCEL_MMU_ENGINE_ID	6:0
class	clc36f.h	NVC36F_MEM_OP_A_TLB_INVALIDATE_CANCEL_TARGET_CLIENT_UNIT_ID	5:0
class	clc36f.h	NVC36F_MEM_OP_A_TLB_INVALIDATE_CANCEL_TARGET_GPC_ID	10:6
class	clc36f.h	NVC36F_MEM_OP_A_TLB_INVALIDATE_INVALIDATION_SIZE	5:0
class	clc36f.h	NVC36F_MEM_OP_A_TLB_INVALIDATE_SYSMEMBAR	11:11
class	clc36f.h	NVC36F_MEM_OP_A_TLB_INVALIDATE_SYSMEMBAR_DIS	0x0
class	clc36f.h	NVC36F_MEM_OP_A_TLB_INVALIDATE_SYSMEMBAR_EN	0x1
class	clc36f.h	NVC36F_MEM_OP_A_TLB_INVALIDATE_TARGET_ADDR_LO	31:12
class	clc36f.h	NVC36F_MEM_OP_B	0x2c
class	clc36f.h	NVC36F_MEM_OP_B_OPERATION_L2_INVALIDATE_CLEAN_LINES	0xe
class	clc36f.h	NVC36F_MEM_OP_B_TLB_INVALIDATE_TARGET_ADDR_HI	31:0
class	clc36f.h	NVC36F_MEM_OP_C	0x30
class	clc36f.h	NVC36F_MEM_OP_C_ACCESS_COUNTER_CLR_TARGETED_NOTIFY_TAG	19:0
class	clc36f.h	NVC36F_MEM_OP_C_MEMBAR_TYPE	2:0
class	clc36f.h	NVC36F_MEM_OP_C_MEMBAR_TYPE_MEMBAR	0x1
class	clc36f.h	NVC36F_MEM_OP_C_MEMBAR_TYPE_SYS_MEMBAR	0x0
class	clc36f.h	NVC36F_MEM_OP_C_TLB_INVALIDATE_ACCESS_TYPE	9:7
class	clc36f.h	NVC36F_MEM_OP_C_TLB_INVALIDATE_ACCESS_TYPE_VIRT_ALL	0x7
class	clc36f.h	NVC36F_MEM_OP_C_TLB_INVALIDATE_ACCESS_TYPE_VIRT_ATOMIC_ALL	0x5
class	clc36f.h	NVC36F_MEM_OP_C_TLB_INVALIDATE_ACCESS_TYPE_VIRT_ATOMIC_STRONG	0x2
class	clc36f.h	NVC36F_MEM_OP_C_TLB_INVALIDATE_ACCESS_TYPE_VIRT_ATOMIC_WEAK	0x4
class	clc36f.h	NVC36F_MEM_OP_C_TLB_INVALIDATE_ACCESS_TYPE_VIRT_READ	0x0
class	clc36f.h	NVC36F_MEM_OP_C_TLB_INVALIDATE_ACCESS_TYPE_VIRT_RSVRVD	0x3
class	clc36f.h	NVC36F_MEM_OP_C_TLB_INVALIDATE_ACCESS_TYPE_VIRT_WRITE	0x1
class	clc36f.h	NVC36F_MEM_OP_C_TLB_INVALIDATE_ACCESS_TYPE_VIRT_WRITE_AND_ATOMIC	0x6
class	clc36f.h	NVC36F_MEM_OP_C_TLB_INVALIDATE_ACK_TYPE	6:5
class	clc36f.h	NVC36F_MEM_OP_C_TLB_INVALIDATE_ACK_TYPE_GLOBALLY	0x1
class	clc36f.h	NVC36F_MEM_OP_C_TLB_INVALIDATE_ACK_TYPE_INTRANODE	0x2
class	clc36f.h	NVC36F_MEM_OP_C_TLB_INVALIDATE_ACK_TYPE_NONE	0x0
class	clc36f.h	NVC36F_MEM_OP_C_TLB_INVALIDATE_GPC	1:1
class	clc36f.h	NVC36F_MEM_OP_C_TLB_INVALIDATE_GPC_DISABLE	0x1
class	clc36f.h	NVC36F_MEM_OP_C_TLB_INVALIDATE_GPC_ENABLE	0x0
class	clc36f.h	NVC36F_MEM_OP_C_TLB_INVALIDATE_PAGE_TABLE_LEVEL	9:7
class	clc36f.h	NVC36F_MEM_OP_C_TLB_INVALIDATE_PAGE_TABLE_LEVEL_ALL	0x0
class	clc36f.h	NVC36F_MEM_OP_C_TLB_INVALIDATE_PAGE_TABLE_LEVEL_PTE_ONLY	0x1
class	clc36f.h	NVC36F_MEM_OP_C_TLB_INVALIDATE_PAGE_TABLE_LEVEL_UP_TO_PDE0	0x2
class	clc36f.h	NVC36F_MEM_OP_C_TLB_INVALIDATE_PAGE_TABLE_LEVEL_UP_TO_PDE1	0x3
class	clc36f.h	NVC36F_MEM_OP_C_TLB_INVALIDATE_PAGE_TABLE_LEVEL_UP_TO_PDE2	0x4
class	clc36f.h	NVC36F_MEM_OP_C_TLB_INVALIDATE_PAGE_TABLE_LEVEL_UP_TO_PDE3	0x5
class	clc36f.h	NVC36F_MEM_OP_C_TLB_INVALIDATE_PAGE_TABLE_LEVEL_UP_TO_PDE4	0x6
class	clc36f.h	NVC36F_MEM_OP_C_TLB_INVALIDATE_PAGE_TABLE_LEVEL_UP_TO_PDE5	0x7
class	clc36f.h	NVC36F_MEM_OP_C_TLB_INVALIDATE_PDB	0:0
class	clc36f.h	NVC36F_MEM_OP_C_TLB_INVALIDATE_PDB_ADDR_LO	31:12
class	clc36f.h	NVC36F_MEM_OP_C_TLB_INVALIDATE_PDB_ALL	0x1
class	clc36f.h	NVC36F_MEM_OP_C_TLB_INVALIDATE_PDB_APERTURE	11:10
class	clc36f.h	NVC36F_MEM_OP_C_TLB_INVALIDATE_PDB_APERTURE_SYS_MEM_COHERENT	0x2
class	clc36f.h	NVC36F_MEM_OP_C_TLB_INVALIDATE_PDB_APERTURE_SYS_MEM_NONCOHERENT	0x3
class	clc36f.h	NVC36F_MEM_OP_C_TLB_INVALIDATE_PDB_APERTURE_VID_MEM	0x0
class	clc36f.h	NVC36F_MEM_OP_C_TLB_INVALIDATE_PDB_ONE	0x0
class	clc36f.h	NVC36F_MEM_OP_C_TLB_INVALIDATE_REPLAY	4:2
class	clc36f.h	NVC36F_MEM_OP_C_TLB_INVALIDATE_REPLAY_CANCEL_GLOBAL	0x4
class	clc36f.h	NVC36F_MEM_OP_C_TLB_INVALIDATE_REPLAY_CANCEL_TARGETED	0x3
class	clc36f.h	NVC36F_MEM_OP_C_TLB_INVALIDATE_REPLAY_CANCEL_VA_GLOBAL	0x5
class	clc36f.h	NVC36F_MEM_OP_C_TLB_INVALIDATE_REPLAY_NONE	0x0
class	clc36f.h	NVC36F_MEM_OP_C_TLB_INVALIDATE_REPLAY_START	0x1
class	clc36f.h	NVC36F_MEM_OP_C_TLB_INVALIDATE_REPLAY_START_ACK_ALL	0x2
class	clc36f.h	NVC36F_MEM_OP_D	0x34
class	clc36f.h	NVC36F_MEM_OP_D_ACCESS_COUNTER_CLR_TARGETED_BANK	6:3
class	clc36f.h	NVC36F_MEM_OP_D_ACCESS_COUNTER_CLR_TARGETED_TYPE	2:2
class	clc36f.h	NVC36F_MEM_OP_D_ACCESS_COUNTER_CLR_TARGETED_TYPE_MIMC	0x0
class	clc36f.h	NVC36F_MEM_OP_D_ACCESS_COUNTER_CLR_TARGETED_TYPE_MOMC	0x1
class	clc36f.h	NVC36F_MEM_OP_D_ACCESS_COUNTER_CLR_TYPE	1:0
class	clc36f.h	NVC36F_MEM_OP_D_ACCESS_COUNTER_CLR_TYPE_ALL	0x2
class	clc36f.h	NVC36F_MEM_OP_D_ACCESS_COUNTER_CLR_TYPE_MIMC	0x0
class	clc36f.h	NVC36F_MEM_OP_D_ACCESS_COUNTER_CLR_TYPE_MOMC	0x1
class	clc36f.h	NVC36F_MEM_OP_D_ACCESS_COUNTER_CLR_TYPE_TARGETED	0x3
class	clc36f.h	NVC36F_MEM_OP_D_OPERATION	31:27
class	clc36f.h	NVC36F_MEM_OP_D_OPERATION_ACCESS_COUNTER_CLR	0x16
class	clc36f.h	NVC36F_MEM_OP_D_OPERATION_L2_CLEAN_COMPTAGS	0xf
class	clc36f.h	NVC36F_MEM_OP_D_OPERATION_L2_FLUSH_DIRTY	0x10
class	clc36f.h	NVC36F_MEM_OP_D_OPERATION_L2_PEERMEM_INVALIDATE	0xd
class	clc36f.h	NVC36F_MEM_OP_D_OPERATION_L2_SYSMEM_INVALIDATE	0xe
class	clc36f.h	NVC36F_MEM_OP_D_OPERATION_L2_WAIT_FOR_SYS_PENDING_READS	0x15
class	clc36f.h	NVC36F_MEM_OP_D_OPERATION_MEMBAR	0x5
class	clc36f.h	NVC36F_MEM_OP_D_OPERATION_MMU_TLB_INVALIDATE	0x9
class	clc36f.h	NVC36F_MEM_OP_D_OPERATION_MMU_TLB_INVALIDATE_TARGETED	0xa
class	clc36f.h	NVC36F_MEM_OP_D_TLB_INVALIDATE_PDB_ADDR_HI	26:0
class	clc36f.h	NVC36F_NON_STALL_INTERRUPT	0x20
class	clc36f.h	NVC36F_NON_STALL_INTERRUPT_HANDLE	31:0
class	clc36f.h	NVC36F_NOP	0x8
class	clc36f.h	NVC36F_NOP_HANDLE	31:0
class	clc36f.h	NVC36F_NUMBER_OF_SUBCHANNELS	0x8
class	clc36f.h	NVC36F_SEMAPHOREA	0x10
class	clc36f.h	NVC36F_SEMAPHOREA_OFFSET_UPPER	7:0
class	clc36f.h	NVC36F_SEMAPHOREB	0x14
class	clc36f.h	NVC36F_SEMAPHOREB_OFFSET_LOWER	31:2
class	clc36f.h	NVC36F_SEMAPHOREC	0x18
class	clc36f.h	NVC36F_SEMAPHOREC_PAYLOAD	31:0
class	clc36f.h	NVC36F_SEMAPHORED	0x1c
class	clc36f.h	NVC36F_SEMAPHORED_ACQUIRE_SWITCH	12:12
class	clc36f.h	NVC36F_SEMAPHORED_ACQUIRE_SWITCH_DISABLED	0x0
class	clc36f.h	NVC36F_SEMAPHORED_ACQUIRE_SWITCH_ENABLED	0x1
class	clc36f.h	NVC36F_SEMAPHORED_FORMAT	31:31
class	clc36f.h	NVC36F_SEMAPHORED_FORMAT_SIGNED	0x0
class	clc36f.h	NVC36F_SEMAPHORED_FORMAT_UNSIGNED	0x1
class	clc36f.h	NVC36F_SEMAPHORED_OPERATION	4:0
class	clc36f.h	NVC36F_SEMAPHORED_OPERATION_ACQUIRE	0x1
class	clc36f.h	NVC36F_SEMAPHORED_OPERATION_ACQ_AND	0x8
class	clc36f.h	NVC36F_SEMAPHORED_OPERATION_ACQ_GEQ	0x4
class	clc36f.h	NVC36F_SEMAPHORED_OPERATION_REDUCTION	0x10
class	clc36f.h	NVC36F_SEMAPHORED_OPERATION_RELEASE	0x2
class	clc36f.h	NVC36F_SEMAPHORED_REDUCTION	30:27
class	clc36f.h	NVC36F_SEMAPHORED_REDUCTION_ADD	0x5
class	clc36f.h	NVC36F_SEMAPHORED_REDUCTION_AND	0x3
class	clc36f.h	NVC36F_SEMAPHORED_REDUCTION_DEC	0x7
class	clc36f.h	NVC36F_SEMAPHORED_REDUCTION_INC	0x6
class	clc36f.h	NVC36F_SEMAPHORED_REDUCTION_MAX	0x1
class	clc36f.h	NVC36F_SEMAPHORED_REDUCTION_MIN	0x0
class	clc36f.h	NVC36F_SEMAPHORED_REDUCTION_OR	0x4
class	clc36f.h	NVC36F_SEMAPHORED_REDUCTION_XOR	0x2
class	clc36f.h	NVC36F_SEMAPHORED_RELEASE_SIZE	24:24
class	clc36f.h	NVC36F_SEMAPHORED_RELEASE_SIZE_16BYTE	0x0
class	clc36f.h	NVC36F_SEMAPHORED_RELEASE_SIZE_4BYTE	0x1
class	clc36f.h	NVC36F_SEMAPHORED_RELEASE_WFI	20:20
class	clc36f.h	NVC36F_SEMAPHORED_RELEASE_WFI_DIS	0x1
class	clc36f.h	NVC36F_SEMAPHORED_RELEASE_WFI_EN	0x0
class	clc36f.h	NVC36F_SEM_ADDR_HI	0x60
class	clc36f.h	NVC36F_SEM_ADDR_HI_OFFSET	7:0
class	clc36f.h	NVC36F_SEM_ADDR_LO	0x5c
class	clc36f.h	NVC36F_SEM_ADDR_LO_OFFSET	31:2
class	clc36f.h	NVC36F_SEM_EXECUTE	0x6c
class	clc36f.h	NVC36F_SEM_EXECUTE_ACQUIRE_SWITCH_TSG	12:12
class	clc36f.h	NVC36F_SEM_EXECUTE_ACQUIRE_SWITCH_TSG_DIS	0x0
class	clc36f.h	NVC36F_SEM_EXECUTE_ACQUIRE_SWITCH_TSG_EN	0x1
class	clc36f.h	NVC36F_SEM_EXECUTE_OPERATION	2:0
class	clc36f.h	NVC36F_SEM_EXECUTE_OPERATION_ACQUIRE	0x0
class	clc36f.h	NVC36F_SEM_EXECUTE_OPERATION_ACQ_AND	0x4
class	clc36f.h	NVC36F_SEM_EXECUTE_OPERATION_ACQ_CIRC_GEQ	0x3
class	clc36f.h	NVC36F_SEM_EXECUTE_OPERATION_ACQ_NOR	0x5
class	clc36f.h	NVC36F_SEM_EXECUTE_OPERATION_ACQ_STRICT_GEQ	0x2
class	clc36f.h	NVC36F_SEM_EXECUTE_OPERATION_REDUCTION	0x6
class	clc36f.h	NVC36F_SEM_EXECUTE_OPERATION_RELEASE	0x1
class	clc36f.h	NVC36F_SEM_EXECUTE_PAYLOAD_SIZE	24:24
class	clc36f.h	NVC36F_SEM_EXECUTE_PAYLOAD_SIZE_32BIT	0x0
class	clc36f.h	NVC36F_SEM_EXECUTE_PAYLOAD_SIZE_64BIT	0x1
class	clc36f.h	NVC36F_SEM_EXECUTE_REDUCTION	30:27
class	clc36f.h	NVC36F_SEM_EXECUTE_REDUCTION_DEC	0x7
class	clc36f.h	NVC36F_SEM_EXECUTE_REDUCTION_FORMAT	31:31
class	clc36f.h	NVC36F_SEM_EXECUTE_REDUCTION_FORMAT_SIGNED	0x0
class	clc36f.h	NVC36F_SEM_EXECUTE_REDUCTION_FORMAT_UNSIGNED	0x1
class	clc36f.h	NVC36F_SEM_EXECUTE_REDUCTION_IADD	0x5
class	clc36f.h	NVC36F_SEM_EXECUTE_REDUCTION_IAND	0x3
class	clc36f.h	NVC36F_SEM_EXECUTE_REDUCTION_IMAX	0x1
class	clc36f.h	NVC36F_SEM_EXECUTE_REDUCTION_IMIN	0x0
class	clc36f.h	NVC36F_SEM_EXECUTE_REDUCTION_INC	0x6
class	clc36f.h	NVC36F_SEM_EXECUTE_REDUCTION_IOR	0x4
class	clc36f.h	NVC36F_SEM_EXECUTE_REDUCTION_IXOR	0x2
class	clc36f.h	NVC36F_SEM_EXECUTE_RELEASE_TIMESTAMP	25:25
class	clc36f.h	NVC36F_SEM_EXECUTE_RELEASE_TIMESTAMP_DIS	0x0
class	clc36f.h	NVC36F_SEM_EXECUTE_RELEASE_TIMESTAMP_EN	0x1
class	clc36f.h	NVC36F_SEM_EXECUTE_RELEASE_WFI	20:20
class	clc36f.h	NVC36F_SEM_EXECUTE_RELEASE_WFI_DIS	0x0
class	clc36f.h	NVC36F_SEM_EXECUTE_RELEASE_WFI_EN	0x1
class	clc36f.h	NVC36F_SEM_PAYLOAD_HI	0x68
class	clc36f.h	NVC36F_SEM_PAYLOAD_HI_PAYLOAD	31:0
class	clc36f.h	NVC36F_SEM_PAYLOAD_LO	0x64
class	clc36f.h	NVC36F_SEM_PAYLOAD_LO_PAYLOAD	31:0
class	clc36f.h	NVC36F_SET_OBJECT	0x0
class	clc36f.h	NVC36F_SET_OBJECT_ENGINE	20:16
class	clc36f.h	NVC36F_SET_OBJECT_ENGINE_SW	0x1f
class	clc36f.h	NVC36F_SET_OBJECT_NVCLASS	15:0
class	clc36f.h	NVC36F_SET_REFERENCE	0x50
class	clc36f.h	NVC36F_SET_REFERENCE_COUNT	31:0
class	clc36f.h	NVC36F_WFI	0x78
class	clc36f.h	NVC36F_WFI_SCOPE	0:0
class	clc36f.h	NVC36F_WFI_SCOPE_ALL	0x1
class	clc36f.h	NVC36F_WFI_SCOPE_CURRENT_SCG_TYPE	0x0
class	clc36f.h	NVC36F_WFI_SCOPE_CURRENT_VEID	0x0
class	clc36f.h	NVC36F_YIELD	0x80
class	clc36f.h	NVC36F_YIELD_OP	1:0
class	clc36f.h	NVC36F_YIELD_OP_NOP	0x0
class	clc36f.h	NVC36F_YIELD_OP_RUNLIST_TIMESLICE	0x2
class	clc36f.h	NVC36F_YIELD_OP_TSG	0x3
class	clc3b5.h	NVC3B5_DST_ORIGIN_X	0x74c
class	clc3b5.h	NVC3B5_DST_ORIGIN_X_VALUE	31:0
class	clc3b5.h	NVC3B5_DST_ORIGIN_Y	0x750
class	clc3b5.h	NVC3B5_DST_ORIGIN_Y_VALUE	31:0
class	clc3b5.h	NVC3B5_LAUNCH_DMA	0x300
class	clc3b5.h	NVC3B5_LAUNCH_DMA_DATA_TRANSFER_TYPE	1:0
class	clc3b5.h	NVC3B5_LAUNCH_DMA_DATA_TRANSFER_TYPE_NONE	0x0
class	clc3b5.h	NVC3B5_LAUNCH_DMA_DATA_TRANSFER_TYPE_NON_PIPELINED	0x2
class	clc3b5.h	NVC3B5_LAUNCH_DMA_DATA_TRANSFER_TYPE_PIPELINED	0x1
class	clc3b5.h	NVC3B5_LAUNCH_DMA_DST_BYPASS_L2	21:21
class	clc3b5.h	NVC3B5_LAUNCH_DMA_DST_BYPASS_L2_FORCE_VOLATILE	0x1
class	clc3b5.h	NVC3B5_LAUNCH_DMA_DST_BYPASS_L2_USE_PTE_SETTING	0x0
class	clc3b5.h	NVC3B5_LAUNCH_DMA_DST_MEMORY_LAYOUT	8:8
class	clc3b5.h	NVC3B5_LAUNCH_DMA_DST_MEMORY_LAYOUT_BLOCKLINEAR	0x0
class	clc3b5.h	NVC3B5_LAUNCH_DMA_DST_MEMORY_LAYOUT_PITCH	0x1
class	clc3b5.h	NVC3B5_LAUNCH_DMA_DST_TYPE	13:13
class	clc3b5.h	NVC3B5_LAUNCH_DMA_DST_TYPE_PHYSICAL	0x1
class	clc3b5.h	NVC3B5_LAUNCH_DMA_DST_TYPE_VIRTUAL	0x0
class	clc3b5.h	NVC3B5_LAUNCH_DMA_FLUSH_ENABLE	2:2
class	clc3b5.h	NVC3B5_LAUNCH_DMA_FLUSH_ENABLE_FALSE	0x0
class	clc3b5.h	NVC3B5_LAUNCH_DMA_FLUSH_ENABLE_TRUE	0x1
class	clc3b5.h	NVC3B5_LAUNCH_DMA_FLUSH_TYPE	25:25
class	clc3b5.h	NVC3B5_LAUNCH_DMA_FLUSH_TYPE_GL	0x1
class	clc3b5.h	NVC3B5_LAUNCH_DMA_FLUSH_TYPE_SYS	0x0
class	clc3b5.h	NVC3B5_LAUNCH_DMA_FORCE_RMWDISABLE	11:11
class	clc3b5.h	NVC3B5_LAUNCH_DMA_FORCE_RMWDISABLE_FALSE	0x0
class	clc3b5.h	NVC3B5_LAUNCH_DMA_FORCE_RMWDISABLE_TRUE	0x1
class	clc3b5.h	NVC3B5_LAUNCH_DMA_INTERRUPT_TYPE	6:5
class	clc3b5.h	NVC3B5_LAUNCH_DMA_INTERRUPT_TYPE_BLOCKING	0x1
class	clc3b5.h	NVC3B5_LAUNCH_DMA_INTERRUPT_TYPE_NONE	0x0
class	clc3b5.h	NVC3B5_LAUNCH_DMA_INTERRUPT_TYPE_NON_BLOCKING	0x2
class	clc3b5.h	NVC3B5_LAUNCH_DMA_MULTI_LINE_ENABLE	9:9
class	clc3b5.h	NVC3B5_LAUNCH_DMA_MULTI_LINE_ENABLE_FALSE	0x0
class	clc3b5.h	NVC3B5_LAUNCH_DMA_MULTI_LINE_ENABLE_TRUE	0x1
class	clc3b5.h	NVC3B5_LAUNCH_DMA_REMAP_ENABLE	10:10
class	clc3b5.h	NVC3B5_LAUNCH_DMA_REMAP_ENABLE_FALSE	0x0
class	clc3b5.h	NVC3B5_LAUNCH_DMA_REMAP_ENABLE_TRUE	0x1
class	clc3b5.h	NVC3B5_LAUNCH_DMA_RESERVED_ERR_CODE	31:28
class	clc3b5.h	NVC3B5_LAUNCH_DMA_RESERVED_START_OF_COPY	24:24
class	clc3b5.h	NVC3B5_LAUNCH_DMA_SEMAPHORE_REDUCTION	17:14
class	clc3b5.h	NVC3B5_LAUNCH_DMA_SEMAPHORE_REDUCTION_DEC	0x7
class	clc3b5.h	NVC3B5_LAUNCH_DMA_SEMAPHORE_REDUCTION_ENABLE	19:19
class	clc3b5.h	NVC3B5_LAUNCH_DMA_SEMAPHORE_REDUCTION_ENABLE_FALSE	0x0
class	clc3b5.h	NVC3B5_LAUNCH_DMA_SEMAPHORE_REDUCTION_ENABLE_TRUE	0x1
class	clc3b5.h	NVC3B5_LAUNCH_DMA_SEMAPHORE_REDUCTION_FADD	0xa
class	clc3b5.h	NVC3B5_LAUNCH_DMA_SEMAPHORE_REDUCTION_IADD	0x5
class	clc3b5.h	NVC3B5_LAUNCH_DMA_SEMAPHORE_REDUCTION_IAND	0x3
class	clc3b5.h	NVC3B5_LAUNCH_DMA_SEMAPHORE_REDUCTION_IMAX	0x1
class	clc3b5.h	NVC3B5_LAUNCH_DMA_SEMAPHORE_REDUCTION_IMIN	0x0
class	clc3b5.h	NVC3B5_LAUNCH_DMA_SEMAPHORE_REDUCTION_INC	0x6
class	clc3b5.h	NVC3B5_LAUNCH_DMA_SEMAPHORE_REDUCTION_IOR	0x4
class	clc3b5.h	NVC3B5_LAUNCH_DMA_SEMAPHORE_REDUCTION_IXOR	0x2
class	clc3b5.h	NVC3B5_LAUNCH_DMA_SEMAPHORE_REDUCTION_SIGN	18:18
class	clc3b5.h	NVC3B5_LAUNCH_DMA_SEMAPHORE_REDUCTION_SIGN_SIGNED	0x0
class	clc3b5.h	NVC3B5_LAUNCH_DMA_SEMAPHORE_REDUCTION_SIGN_UNSIGNED	0x1
class	clc3b5.h	NVC3B5_LAUNCH_DMA_SEMAPHORE_TYPE	4:3
class	clc3b5.h	NVC3B5_LAUNCH_DMA_SEMAPHORE_TYPE_NONE	0x0
class	clc3b5.h	NVC3B5_LAUNCH_DMA_SEMAPHORE_TYPE_RELEASE_FOUR_WORD_SEMAPHORE	0x2
class	clc3b5.h	NVC3B5_LAUNCH_DMA_SEMAPHORE_TYPE_RELEASE_ONE_WORD_SEMAPHORE	0x1
class	clc3b5.h	NVC3B5_LAUNCH_DMA_SRC_BYPASS_L2	20:20
class	clc3b5.h	NVC3B5_LAUNCH_DMA_SRC_BYPASS_L2_FORCE_VOLATILE	0x1
class	clc3b5.h	NVC3B5_LAUNCH_DMA_SRC_BYPASS_L2_USE_PTE_SETTING	0x0
class	clc3b5.h	NVC3B5_LAUNCH_DMA_SRC_MEMORY_LAYOUT	7:7
class	clc3b5.h	NVC3B5_LAUNCH_DMA_SRC_MEMORY_LAYOUT_BLOCKLINEAR	0x0
class	clc3b5.h	NVC3B5_LAUNCH_DMA_SRC_MEMORY_LAYOUT_PITCH	0x1
class	clc3b5.h	NVC3B5_LAUNCH_DMA_SRC_TYPE	12:12
class	clc3b5.h	NVC3B5_LAUNCH_DMA_SRC_TYPE_PHYSICAL	0x1
class	clc3b5.h	NVC3B5_LAUNCH_DMA_SRC_TYPE_VIRTUAL	0x0
class	clc3b5.h	NVC3B5_LAUNCH_DMA_VPRMODE	23:22
class	clc3b5.h	NVC3B5_LAUNCH_DMA_VPRMODE_VPR_NONE	0x0
class	clc3b5.h	NVC3B5_LAUNCH_DMA_VPRMODE_VPR_VID2VID	0x1
class	clc3b5.h	NVC3B5_LINE_COUNT	0x41c
class	clc3b5.h	NVC3B5_LINE_COUNT_VALUE	31:0
class	clc3b5.h	NVC3B5_LINE_LENGTH_IN	0x418
class	clc3b5.h	NVC3B5_LINE_LENGTH_IN_VALUE	31:0
class	clc3b5.h	NVC3B5_NOP	0x100
class	clc3b5.h	NVC3B5_NOP_PARAMETER	31:0
class	clc3b5.h	NVC3B5_OFFSET_IN_LOWER	0x404
class	clc3b5.h	NVC3B5_OFFSET_IN_LOWER_VALUE	31:0
class	clc3b5.h	NVC3B5_OFFSET_IN_UPPER	0x400
class	clc3b5.h	NVC3B5_OFFSET_IN_UPPER_UPPER	16:0
class	clc3b5.h	NVC3B5_OFFSET_OUT_LOWER	0x40c
class	clc3b5.h	NVC3B5_OFFSET_OUT_LOWER_VALUE	31:0
class	clc3b5.h	NVC3B5_OFFSET_OUT_UPPER	0x408
class	clc3b5.h	NVC3B5_OFFSET_OUT_UPPER_UPPER	16:0
class	clc3b5.h	NVC3B5_PITCH_IN	0x410
class	clc3b5.h	NVC3B5_PITCH_IN_VALUE	31:0
class	clc3b5.h	NVC3B5_PITCH_OUT	0x414
class	clc3b5.h	NVC3B5_PITCH_OUT_VALUE	31:0
class	clc3b5.h	NVC3B5_PM_TRIGGER	0x140
class	clc3b5.h	NVC3B5_PM_TRIGGER_END	0x1114
class	clc3b5.h	NVC3B5_PM_TRIGGER_END_V	31:0
class	clc3b5.h	NVC3B5_PM_TRIGGER_V	31:0
class	clc3b5.h	NVC3B5_SET_DST_BLOCK_SIZE	0x70c
class	clc3b5.h	NVC3B5_SET_DST_BLOCK_SIZE_DEPTH	11:8
class	clc3b5.h	NVC3B5_SET_DST_BLOCK_SIZE_DEPTH_EIGHT_GOBS	0x3
class	clc3b5.h	NVC3B5_SET_DST_BLOCK_SIZE_DEPTH_FOUR_GOBS	0x2
class	clc3b5.h	NVC3B5_SET_DST_BLOCK_SIZE_DEPTH_ONE_GOB	0x0
class	clc3b5.h	NVC3B5_SET_DST_BLOCK_SIZE_DEPTH_SIXTEEN_GOBS	0x4
class	clc3b5.h	NVC3B5_SET_DST_BLOCK_SIZE_DEPTH_THIRTYTWO_GOBS	0x5
class	clc3b5.h	NVC3B5_SET_DST_BLOCK_SIZE_DEPTH_TWO_GOBS	0x1
class	clc3b5.h	NVC3B5_SET_DST_BLOCK_SIZE_GOB_HEIGHT	15:12
class	clc3b5.h	NVC3B5_SET_DST_BLOCK_SIZE_GOB_HEIGHT_GOB_HEIGHT_FERMI_8	0x1
class	clc3b5.h	NVC3B5_SET_DST_BLOCK_SIZE_HEIGHT	7:4
class	clc3b5.h	NVC3B5_SET_DST_BLOCK_SIZE_HEIGHT_EIGHT_GOBS	0x3
class	clc3b5.h	NVC3B5_SET_DST_BLOCK_SIZE_HEIGHT_FOUR_GOBS	0x2
class	clc3b5.h	NVC3B5_SET_DST_BLOCK_SIZE_HEIGHT_ONE_GOB	0x0
class	clc3b5.h	NVC3B5_SET_DST_BLOCK_SIZE_HEIGHT_SIXTEEN_GOBS	0x4
class	clc3b5.h	NVC3B5_SET_DST_BLOCK_SIZE_HEIGHT_THIRTYTWO_GOBS	0x5
class	clc3b5.h	NVC3B5_SET_DST_BLOCK_SIZE_HEIGHT_TWO_GOBS	0x1
class	clc3b5.h	NVC3B5_SET_DST_BLOCK_SIZE_WIDTH	3:0
class	clc3b5.h	NVC3B5_SET_DST_BLOCK_SIZE_WIDTH_ONE_GOB	0x0
class	clc3b5.h	NVC3B5_SET_DST_DEPTH	0x718
class	clc3b5.h	NVC3B5_SET_DST_DEPTH_V	31:0
class	clc3b5.h	NVC3B5_SET_DST_HEIGHT	0x714
class	clc3b5.h	NVC3B5_SET_DST_HEIGHT_V	31:0
class	clc3b5.h	NVC3B5_SET_DST_LAYER	0x71c
class	clc3b5.h	NVC3B5_SET_DST_LAYER_V	31:0
class	clc3b5.h	NVC3B5_SET_DST_ORIGIN	0x720
class	clc3b5.h	NVC3B5_SET_DST_ORIGIN_X	15:0
class	clc3b5.h	NVC3B5_SET_DST_ORIGIN_Y	31:16
class	clc3b5.h	NVC3B5_SET_DST_PHYS_MODE	0x264
class	clc3b5.h	NVC3B5_SET_DST_PHYS_MODE_BASIC_KIND	5:2
class	clc3b5.h	NVC3B5_SET_DST_PHYS_MODE_TARGET	1:0
class	clc3b5.h	NVC3B5_SET_DST_PHYS_MODE_TARGET_COHERENT_SYSMEM	0x1
class	clc3b5.h	NVC3B5_SET_DST_PHYS_MODE_TARGET_LOCAL_FB	0x0
class	clc3b5.h	NVC3B5_SET_DST_PHYS_MODE_TARGET_NONCOHERENT_SYSMEM	0x2
class	clc3b5.h	NVC3B5_SET_DST_WIDTH	0x710
class	clc3b5.h	NVC3B5_SET_DST_WIDTH_V	31:0
class	clc3b5.h	NVC3B5_SET_REMAP_COMPONENTS	0x708
class	clc3b5.h	NVC3B5_SET_REMAP_COMPONENTS_COMPONENT_SIZE	17:16
class	clc3b5.h	NVC3B5_SET_REMAP_COMPONENTS_COMPONENT_SIZE_FOUR	0x3
class	clc3b5.h	NVC3B5_SET_REMAP_COMPONENTS_COMPONENT_SIZE_ONE	0x0
class	clc3b5.h	NVC3B5_SET_REMAP_COMPONENTS_COMPONENT_SIZE_THREE	0x2
class	clc3b5.h	NVC3B5_SET_REMAP_COMPONENTS_COMPONENT_SIZE_TWO	0x1
class	clc3b5.h	NVC3B5_SET_REMAP_COMPONENTS_DST_W	14:12
class	clc3b5.h	NVC3B5_SET_REMAP_COMPONENTS_DST_W_CONST_A	0x4
class	clc3b5.h	NVC3B5_SET_REMAP_COMPONENTS_DST_W_CONST_B	0x5
class	clc3b5.h	NVC3B5_SET_REMAP_COMPONENTS_DST_W_NO_WRITE	0x6
class	clc3b5.h	NVC3B5_SET_REMAP_COMPONENTS_DST_W_SRC_W	0x3
class	clc3b5.h	NVC3B5_SET_REMAP_COMPONENTS_DST_W_SRC_X	0x0
class	clc3b5.h	NVC3B5_SET_REMAP_COMPONENTS_DST_W_SRC_Y	0x1
class	clc3b5.h	NVC3B5_SET_REMAP_COMPONENTS_DST_W_SRC_Z	0x2
class	clc3b5.h	NVC3B5_SET_REMAP_COMPONENTS_DST_X	2:0
class	clc3b5.h	NVC3B5_SET_REMAP_COMPONENTS_DST_X_CONST_A	0x4
class	clc3b5.h	NVC3B5_SET_REMAP_COMPONENTS_DST_X_CONST_B	0x5
class	clc3b5.h	NVC3B5_SET_REMAP_COMPONENTS_DST_X_NO_WRITE	0x6
class	clc3b5.h	NVC3B5_SET_REMAP_COMPONENTS_DST_X_SRC_W	0x3
class	clc3b5.h	NVC3B5_SET_REMAP_COMPONENTS_DST_X_SRC_X	0x0
class	clc3b5.h	NVC3B5_SET_REMAP_COMPONENTS_DST_X_SRC_Y	0x1
class	clc3b5.h	NVC3B5_SET_REMAP_COMPONENTS_DST_X_SRC_Z	0x2
class	clc3b5.h	NVC3B5_SET_REMAP_COMPONENTS_DST_Y	6:4
class	clc3b5.h	NVC3B5_SET_REMAP_COMPONENTS_DST_Y_CONST_A	0x4
class	clc3b5.h	NVC3B5_SET_REMAP_COMPONENTS_DST_Y_CONST_B	0x5
class	clc3b5.h	NVC3B5_SET_REMAP_COMPONENTS_DST_Y_NO_WRITE	0x6
class	clc3b5.h	NVC3B5_SET_REMAP_COMPONENTS_DST_Y_SRC_W	0x3
class	clc3b5.h	NVC3B5_SET_REMAP_COMPONENTS_DST_Y_SRC_X	0x0
class	clc3b5.h	NVC3B5_SET_REMAP_COMPONENTS_DST_Y_SRC_Y	0x1
class	clc3b5.h	NVC3B5_SET_REMAP_COMPONENTS_DST_Y_SRC_Z	0x2
class	clc3b5.h	NVC3B5_SET_REMAP_COMPONENTS_DST_Z	10:8
class	clc3b5.h	NVC3B5_SET_REMAP_COMPONENTS_DST_Z_CONST_A	0x4
class	clc3b5.h	NVC3B5_SET_REMAP_COMPONENTS_DST_Z_CONST_B	0x5
class	clc3b5.h	NVC3B5_SET_REMAP_COMPONENTS_DST_Z_NO_WRITE	0x6
class	clc3b5.h	NVC3B5_SET_REMAP_COMPONENTS_DST_Z_SRC_W	0x3
class	clc3b5.h	NVC3B5_SET_REMAP_COMPONENTS_DST_Z_SRC_X	0x0
class	clc3b5.h	NVC3B5_SET_REMAP_COMPONENTS_DST_Z_SRC_Y	0x1
class	clc3b5.h	NVC3B5_SET_REMAP_COMPONENTS_DST_Z_SRC_Z	0x2
class	clc3b5.h	NVC3B5_SET_REMAP_COMPONENTS_NUM_DST_COMPONENTS	25:24
class	clc3b5.h	NVC3B5_SET_REMAP_COMPONENTS_NUM_DST_COMPONENTS_FOUR	0x3
class	clc3b5.h	NVC3B5_SET_REMAP_COMPONENTS_NUM_DST_COMPONENTS_ONE	0x0
class	clc3b5.h	NVC3B5_SET_REMAP_COMPONENTS_NUM_DST_COMPONENTS_THREE	0x2
class	clc3b5.h	NVC3B5_SET_REMAP_COMPONENTS_NUM_DST_COMPONENTS_TWO	0x1
class	clc3b5.h	NVC3B5_SET_REMAP_COMPONENTS_NUM_SRC_COMPONENTS	21:20
class	clc3b5.h	NVC3B5_SET_REMAP_COMPONENTS_NUM_SRC_COMPONENTS_FOUR	0x3
class	clc3b5.h	NVC3B5_SET_REMAP_COMPONENTS_NUM_SRC_COMPONENTS_ONE	0x0
class	clc3b5.h	NVC3B5_SET_REMAP_COMPONENTS_NUM_SRC_COMPONENTS_THREE	0x2
class	clc3b5.h	NVC3B5_SET_REMAP_COMPONENTS_NUM_SRC_COMPONENTS_TWO	0x1
class	clc3b5.h	NVC3B5_SET_REMAP_CONST_A	0x700
class	clc3b5.h	NVC3B5_SET_REMAP_CONST_A_V	31:0
class	clc3b5.h	NVC3B5_SET_REMAP_CONST_B	0x704
class	clc3b5.h	NVC3B5_SET_REMAP_CONST_B_V	31:0
class	clc3b5.h	NVC3B5_SET_RENDER_ENABLE_A	0x254
class	clc3b5.h	NVC3B5_SET_RENDER_ENABLE_A_UPPER	7:0
class	clc3b5.h	NVC3B5_SET_RENDER_ENABLE_B	0x258
class	clc3b5.h	NVC3B5_SET_RENDER_ENABLE_B_LOWER	31:0
class	clc3b5.h	NVC3B5_SET_RENDER_ENABLE_C	0x25c
class	clc3b5.h	NVC3B5_SET_RENDER_ENABLE_C_MODE	2:0
class	clc3b5.h	NVC3B5_SET_RENDER_ENABLE_C_MODE_CONDITIONAL	0x2
class	clc3b5.h	NVC3B5_SET_RENDER_ENABLE_C_MODE_FALSE	0x0
class	clc3b5.h	NVC3B5_SET_RENDER_ENABLE_C_MODE_RENDER_IF_EQUAL	0x3
class	clc3b5.h	NVC3B5_SET_RENDER_ENABLE_C_MODE_RENDER_IF_NOT_EQUAL	0x4
class	clc3b5.h	NVC3B5_SET_RENDER_ENABLE_C_MODE_TRUE	0x1
class	clc3b5.h	NVC3B5_SET_SEMAPHORE_A	0x240
class	clc3b5.h	NVC3B5_SET_SEMAPHORE_A_UPPER	16:0
class	clc3b5.h	NVC3B5_SET_SEMAPHORE_B	0x244
class	clc3b5.h	NVC3B5_SET_SEMAPHORE_B_LOWER	31:0
class	clc3b5.h	NVC3B5_SET_SEMAPHORE_PAYLOAD	0x248
class	clc3b5.h	NVC3B5_SET_SEMAPHORE_PAYLOAD_PAYLOAD	31:0
class	clc3b5.h	NVC3B5_SET_SRC_BLOCK_SIZE	0x728
class	clc3b5.h	NVC3B5_SET_SRC_BLOCK_SIZE_DEPTH	11:8
class	clc3b5.h	NVC3B5_SET_SRC_BLOCK_SIZE_DEPTH_EIGHT_GOBS	0x3
class	clc3b5.h	NVC3B5_SET_SRC_BLOCK_SIZE_DEPTH_FOUR_GOBS	0x2
class	clc3b5.h	NVC3B5_SET_SRC_BLOCK_SIZE_DEPTH_ONE_GOB	0x0
class	clc3b5.h	NVC3B5_SET_SRC_BLOCK_SIZE_DEPTH_SIXTEEN_GOBS	0x4
class	clc3b5.h	NVC3B5_SET_SRC_BLOCK_SIZE_DEPTH_THIRTYTWO_GOBS	0x5
class	clc3b5.h	NVC3B5_SET_SRC_BLOCK_SIZE_DEPTH_TWO_GOBS	0x1
class	clc3b5.h	NVC3B5_SET_SRC_BLOCK_SIZE_GOB_HEIGHT	15:12
class	clc3b5.h	NVC3B5_SET_SRC_BLOCK_SIZE_GOB_HEIGHT_GOB_HEIGHT_FERMI_8	0x1
class	clc3b5.h	NVC3B5_SET_SRC_BLOCK_SIZE_HEIGHT	7:4
class	clc3b5.h	NVC3B5_SET_SRC_BLOCK_SIZE_HEIGHT_EIGHT_GOBS	0x3
class	clc3b5.h	NVC3B5_SET_SRC_BLOCK_SIZE_HEIGHT_FOUR_GOBS	0x2
class	clc3b5.h	NVC3B5_SET_SRC_BLOCK_SIZE_HEIGHT_ONE_GOB	0x0
class	clc3b5.h	NVC3B5_SET_SRC_BLOCK_SIZE_HEIGHT_SIXTEEN_GOBS	0x4
class	clc3b5.h	NVC3B5_SET_SRC_BLOCK_SIZE_HEIGHT_THIRTYTWO_GOBS	0x5
class	clc3b5.h	NVC3B5_SET_SRC_BLOCK_SIZE_HEIGHT_TWO_GOBS	0x1
class	clc3b5.h	NVC3B5_SET_SRC_BLOCK_SIZE_WIDTH	3:0
class	clc3b5.h	NVC3B5_SET_SRC_BLOCK_SIZE_WIDTH_ONE_GOB	0x0
class	clc3b5.h	NVC3B5_SET_SRC_DEPTH	0x734
class	clc3b5.h	NVC3B5_SET_SRC_DEPTH_V	31:0
class	clc3b5.h	NVC3B5_SET_SRC_HEIGHT	0x730
class	clc3b5.h	NVC3B5_SET_SRC_HEIGHT_V	31:0
class	clc3b5.h	NVC3B5_SET_SRC_LAYER	0x738
class	clc3b5.h	NVC3B5_SET_SRC_LAYER_V	31:0
class	clc3b5.h	NVC3B5_SET_SRC_ORIGIN	0x73c
class	clc3b5.h	NVC3B5_SET_SRC_ORIGIN_X	15:0
class	clc3b5.h	NVC3B5_SET_SRC_ORIGIN_Y	31:16
class	clc3b5.h	NVC3B5_SET_SRC_PHYS_MODE	0x260
class	clc3b5.h	NVC3B5_SET_SRC_PHYS_MODE_BASIC_KIND	5:2
class	clc3b5.h	NVC3B5_SET_SRC_PHYS_MODE_TARGET	1:0
class	clc3b5.h	NVC3B5_SET_SRC_PHYS_MODE_TARGET_COHERENT_SYSMEM	0x1
class	clc3b5.h	NVC3B5_SET_SRC_PHYS_MODE_TARGET_LOCAL_FB	0x0
class	clc3b5.h	NVC3B5_SET_SRC_PHYS_MODE_TARGET_NONCOHERENT_SYSMEM	0x2
class	clc3b5.h	NVC3B5_SET_SRC_WIDTH	0x72c
class	clc3b5.h	NVC3B5_SET_SRC_WIDTH_V	31:0
class	clc3b5.h	NVC3B5_SRC_ORIGIN_X	0x744
class	clc3b5.h	NVC3B5_SRC_ORIGIN_X_VALUE	31:0
class	clc3b5.h	NVC3B5_SRC_ORIGIN_Y	0x748
class	clc3b5.h	NVC3B5_SRC_ORIGIN_Y_VALUE	31:0
class	clc46f.h	NVC46F_CLEAR_FAULTED	0x84
class	clc46f.h	NVC46F_CLEAR_FAULTED_HANDLE	30:0
class	clc46f.h	NVC46F_CLEAR_FAULTED_TYPE	31:31
class	clc46f.h	NVC46F_CLEAR_FAULTED_TYPE_ENG_FAULTED	0x1
class	clc46f.h	NVC46F_CLEAR_FAULTED_TYPE_PBDMA_FAULTED	0x0
class	clc46f.h	NVC46F_CRC_CHECK	0x7c
class	clc46f.h	NVC46F_CRC_CHECK_VALUE	31:0
class	clc46f.h	NVC46F_DMA_ADDRESS	12:2
class	clc46f.h	NVC46F_DMA_COUNT	28:18
class	clc46f.h	NVC46F_DMA_DATA	31:0
class	clc46f.h	NVC46F_DMA_ENDSEG_OPCODE	31:29
class	clc46f.h	NVC46F_DMA_ENDSEG_OPCODE_VALUE	0x7
class	clc46f.h	NVC46F_DMA_IMMD_ADDRESS	11:0
class	clc46f.h	NVC46F_DMA_IMMD_DATA	28:16
class	clc46f.h	NVC46F_DMA_IMMD_OPCODE	31:29
class	clc46f.h	NVC46F_DMA_IMMD_OPCODE_VALUE	0x4
class	clc46f.h	NVC46F_DMA_IMMD_SUBCHANNEL	15:13
class	clc46f.h	NVC46F_DMA_INCR_ADDRESS	11:0
class	clc46f.h	NVC46F_DMA_INCR_COUNT	28:16
class	clc46f.h	NVC46F_DMA_INCR_DATA	31:0
class	clc46f.h	NVC46F_DMA_INCR_OPCODE	31:29
class	clc46f.h	NVC46F_DMA_INCR_OPCODE_VALUE	0x1
class	clc46f.h	NVC46F_DMA_INCR_SUBCHANNEL	15:13
class	clc46f.h	NVC46F_DMA_METHOD_ADDRESS	11:0
class	clc46f.h	NVC46F_DMA_METHOD_ADDRESS_OLD	12:2
class	clc46f.h	NVC46F_DMA_METHOD_COUNT	28:16
class	clc46f.h	NVC46F_DMA_METHOD_COUNT_OLD	28:18
class	clc46f.h	NVC46F_DMA_METHOD_SUBCHANNEL	15:13
class	clc46f.h	NVC46F_DMA_NONINCR_ADDRESS	11:0
class	clc46f.h	NVC46F_DMA_NONINCR_COUNT	28:16
class	clc46f.h	NVC46F_DMA_NONINCR_DATA	31:0
class	clc46f.h	NVC46F_DMA_NONINCR_OPCODE	31:29
class	clc46f.h	NVC46F_DMA_NONINCR_OPCODE_VALUE	0x3
class	clc46f.h	NVC46F_DMA_NONINCR_SUBCHANNEL	15:13
class	clc46f.h	NVC46F_DMA_NOP	0x0
class	clc46f.h	NVC46F_DMA_ONEINCR_ADDRESS	11:0
class	clc46f.h	NVC46F_DMA_ONEINCR_COUNT	28:16
class	clc46f.h	NVC46F_DMA_ONEINCR_DATA	31:0
class	clc46f.h	NVC46F_DMA_ONEINCR_OPCODE	31:29
class	clc46f.h	NVC46F_DMA_ONEINCR_OPCODE_VALUE	0x5
class	clc46f.h	NVC46F_DMA_ONEINCR_SUBCHANNEL	15:13
class	clc46f.h	NVC46F_DMA_OPCODE	31:29
class	clc46f.h	NVC46F_DMA_OPCODE3	17:16
class	clc46f.h	NVC46F_DMA_OPCODE3_NONE	0x0
class	clc46f.h	NVC46F_DMA_OPCODE_METHOD	0x0
class	clc46f.h	NVC46F_DMA_OPCODE_NONINC_METHOD	0x2
class	clc46f.h	NVC46F_DMA_SEC_OP	31:29
class	clc46f.h	NVC46F_DMA_SEC_OP_END_PB_SEGMENT	0x7
class	clc46f.h	NVC46F_DMA_SEC_OP_GRP0_USE_TERT	0x0
class	clc46f.h	NVC46F_DMA_SEC_OP_GRP2_USE_TERT	0x2
class	clc46f.h	NVC46F_DMA_SEC_OP_IMMD_DATA_METHOD	0x4
class	clc46f.h	NVC46F_DMA_SEC_OP_INC_METHOD	0x1
class	clc46f.h	NVC46F_DMA_SEC_OP_NON_INC_METHOD	0x3
class	clc46f.h	NVC46F_DMA_SEC_OP_ONE_INC	0x5
class	clc46f.h	NVC46F_DMA_SEC_OP_RESERVED6	0x6
class	clc46f.h	NVC46F_DMA_SET_SUBDEVICE_MASK_OPCODE	31:16
class	clc46f.h	NVC46F_DMA_SET_SUBDEVICE_MASK_OPCODE_VALUE	0x1
class	clc46f.h	NVC46F_DMA_SET_SUBDEVICE_MASK_VALUE	15:4
class	clc46f.h	NVC46F_DMA_STORE_SUBDEVICE_MASK_OPCODE	31:16
class	clc46f.h	NVC46F_DMA_STORE_SUBDEVICE_MASK_OPCODE_VALUE	0x2
class	clc46f.h	NVC46F_DMA_STORE_SUBDEVICE_MASK_VALUE	15:4
class	clc46f.h	NVC46F_DMA_SUBCH	15:13
class	clc46f.h	NVC46F_DMA_SUBDEVICE_MASK	15:4
class	clc46f.h	NVC46F_DMA_TERT_OP	17:16
class	clc46f.h	NVC46F_DMA_TERT_OP_GRP0_INC_METHOD	0x0
class	clc46f.h	NVC46F_DMA_TERT_OP_GRP0_SET_SUB_DEV_MASK	0x1
class	clc46f.h	NVC46F_DMA_TERT_OP_GRP0_STORE_SUB_DEV_MASK	0x2
class	clc46f.h	NVC46F_DMA_TERT_OP_GRP0_USE_SUB_DEV_MASK	0x3
class	clc46f.h	NVC46F_DMA_TERT_OP_GRP2_NON_INC_METHOD	0x0
class	clc46f.h	NVC46F_DMA_USE_SUBDEVICE_MASK_OPCODE	31:16
class	clc46f.h	NVC46F_DMA_USE_SUBDEVICE_MASK_OPCODE_VALUE	0x3
class	clc46f.h	NVC46F_FB_FLUSH	0x24
class	clc46f.h	NVC46F_FB_FLUSH_HANDLE	31:0
class	clc46f.h	NVC46F_GP_ENTRY0_FETCH	0:0
class	clc46f.h	NVC46F_GP_ENTRY0_FETCH_CONDITIONAL	0x1
class	clc46f.h	NVC46F_GP_ENTRY0_FETCH_UNCONDITIONAL	0x0
class	clc46f.h	NVC46F_GP_ENTRY0_GET	31:2
class	clc46f.h	NVC46F_GP_ENTRY0_OPERAND	31:0
class	clc46f.h	NVC46F_GP_ENTRY1_GET_HI	7:0
class	clc46f.h	NVC46F_GP_ENTRY1_LENGTH	30:10
class	clc46f.h	NVC46F_GP_ENTRY1_LEVEL	9:9
class	clc46f.h	NVC46F_GP_ENTRY1_LEVEL_MAIN	0x0
class	clc46f.h	NVC46F_GP_ENTRY1_LEVEL_SUBROUTINE	0x1
class	clc46f.h	NVC46F_GP_ENTRY1_OPCODE	7:0
class	clc46f.h	NVC46F_GP_ENTRY1_OPCODE_GP_CRC	0x2
class	clc46f.h	NVC46F_GP_ENTRY1_OPCODE_ILLEGAL	0x1
class	clc46f.h	NVC46F_GP_ENTRY1_OPCODE_NOP	0x0
class	clc46f.h	NVC46F_GP_ENTRY1_OPCODE_PB_CRC	0x3
class	clc46f.h	NVC46F_GP_ENTRY1_SYNC	31:31
class	clc46f.h	NVC46F_GP_ENTRY1_SYNC_PROCEED	0x0
class	clc46f.h	NVC46F_GP_ENTRY1_SYNC_WAIT	0x1
class	clc46f.h	NVC46F_GP_ENTRY__SIZE	0x8
class	clc46f.h	NVC46F_ILLEGAL	0x4
class	clc46f.h	NVC46F_ILLEGAL_HANDLE	31:0
class	clc46f.h	NVC46F_MEM_OP_A	0x28
class	clc46f.h	NVC46F_MEM_OP_A_TLB_INVALIDATE_CANCEL_MMU_ENGINE_ID	6:0
class	clc46f.h	NVC46F_MEM_OP_A_TLB_INVALIDATE_CANCEL_TARGET_CLIENT_UNIT_ID	5:0
class	clc46f.h	NVC46F_MEM_OP_A_TLB_INVALIDATE_CANCEL_TARGET_GPC_ID	10:6
class	clc46f.h	NVC46F_MEM_OP_A_TLB_INVALIDATE_INVALIDATION_SIZE	5:0
class	clc46f.h	NVC46F_MEM_OP_A_TLB_INVALIDATE_SYSMEMBAR	11:11
class	clc46f.h	NVC46F_MEM_OP_A_TLB_INVALIDATE_SYSMEMBAR_DIS	0x0
class	clc46f.h	NVC46F_MEM_OP_A_TLB_INVALIDATE_SYSMEMBAR_EN	0x1
class	clc46f.h	NVC46F_MEM_OP_A_TLB_INVALIDATE_TARGET_ADDR_LO	31:12
class	clc46f.h	NVC46F_MEM_OP_B	0x2c
class	clc46f.h	NVC46F_MEM_OP_B_OPERATION_L2_INVALIDATE_CLEAN_LINES	0xe
class	clc46f.h	NVC46F_MEM_OP_B_TLB_INVALIDATE_TARGET_ADDR_HI	31:0
class	clc46f.h	NVC46F_MEM_OP_C	0x30
class	clc46f.h	NVC46F_MEM_OP_C_ACCESS_COUNTER_CLR_TARGETED_NOTIFY_TAG	19:0
class	clc46f.h	NVC46F_MEM_OP_C_MEMBAR_TYPE	2:0
class	clc46f.h	NVC46F_MEM_OP_C_MEMBAR_TYPE_MEMBAR	0x1
class	clc46f.h	NVC46F_MEM_OP_C_MEMBAR_TYPE_SYS_MEMBAR	0x0
class	clc46f.h	NVC46F_MEM_OP_C_TLB_INVALIDATE_ACCESS_TYPE	9:7
class	clc46f.h	NVC46F_MEM_OP_C_TLB_INVALIDATE_ACCESS_TYPE_VIRT_ALL	0x7
class	clc46f.h	NVC46F_MEM_OP_C_TLB_INVALIDATE_ACCESS_TYPE_VIRT_ATOMIC_ALL	0x5
class	clc46f.h	NVC46F_MEM_OP_C_TLB_INVALIDATE_ACCESS_TYPE_VIRT_ATOMIC_STRONG	0x2
class	clc46f.h	NVC46F_MEM_OP_C_TLB_INVALIDATE_ACCESS_TYPE_VIRT_ATOMIC_WEAK	0x4
class	clc46f.h	NVC46F_MEM_OP_C_TLB_INVALIDATE_ACCESS_TYPE_VIRT_READ	0x0
class	clc46f.h	NVC46F_MEM_OP_C_TLB_INVALIDATE_ACCESS_TYPE_VIRT_RSVRVD	0x3
class	clc46f.h	NVC46F_MEM_OP_C_TLB_INVALIDATE_ACCESS_TYPE_VIRT_WRITE	0x1
class	clc46f.h	NVC46F_MEM_OP_C_TLB_INVALIDATE_ACCESS_TYPE_VIRT_WRITE_AND_ATOMIC	0x6
class	clc46f.h	NVC46F_MEM_OP_C_TLB_INVALIDATE_ACK_TYPE	6:5
class	clc46f.h	NVC46F_MEM_OP_C_TLB_INVALIDATE_ACK_TYPE_GLOBALLY	0x1
class	clc46f.h	NVC46F_MEM_OP_C_TLB_INVALIDATE_ACK_TYPE_INTRANODE	0x2
class	clc46f.h	NVC46F_MEM_OP_C_TLB_INVALIDATE_ACK_TYPE_NONE	0x0
class	clc46f.h	NVC46F_MEM_OP_C_TLB_INVALIDATE_GPC	1:1
class	clc46f.h	NVC46F_MEM_OP_C_TLB_INVALIDATE_GPC_DISABLE	0x1
class	clc46f.h	NVC46F_MEM_OP_C_TLB_INVALIDATE_GPC_ENABLE	0x0
class	clc46f.h	NVC46F_MEM_OP_C_TLB_INVALIDATE_PAGE_TABLE_LEVEL	9:7
class	clc46f.h	NVC46F_MEM_OP_C_TLB_INVALIDATE_PAGE_TABLE_LEVEL_ALL	0x0
class	clc46f.h	NVC46F_MEM_OP_C_TLB_INVALIDATE_PAGE_TABLE_LEVEL_PTE_ONLY	0x1
class	clc46f.h	NVC46F_MEM_OP_C_TLB_INVALIDATE_PAGE_TABLE_LEVEL_UP_TO_PDE0	0x2
class	clc46f.h	NVC46F_MEM_OP_C_TLB_INVALIDATE_PAGE_TABLE_LEVEL_UP_TO_PDE1	0x3
class	clc46f.h	NVC46F_MEM_OP_C_TLB_INVALIDATE_PAGE_TABLE_LEVEL_UP_TO_PDE2	0x4
class	clc46f.h	NVC46F_MEM_OP_C_TLB_INVALIDATE_PAGE_TABLE_LEVEL_UP_TO_PDE3	0x5
class	clc46f.h	NVC46F_MEM_OP_C_TLB_INVALIDATE_PAGE_TABLE_LEVEL_UP_TO_PDE4	0x6
class	clc46f.h	NVC46F_MEM_OP_C_TLB_INVALIDATE_PAGE_TABLE_LEVEL_UP_TO_PDE5	0x7
class	clc46f.h	NVC46F_MEM_OP_C_TLB_INVALIDATE_PDB	0:0
class	clc46f.h	NVC46F_MEM_OP_C_TLB_INVALIDATE_PDB_ADDR_LO	31:12
class	clc46f.h	NVC46F_MEM_OP_C_TLB_INVALIDATE_PDB_ALL	0x1
class	clc46f.h	NVC46F_MEM_OP_C_TLB_INVALIDATE_PDB_APERTURE	11:10
class	clc46f.h	NVC46F_MEM_OP_C_TLB_INVALIDATE_PDB_APERTURE_SYS_MEM_COHERENT	0x2
class	clc46f.h	NVC46F_MEM_OP_C_TLB_INVALIDATE_PDB_APERTURE_SYS_MEM_NONCOHERENT	0x3
class	clc46f.h	NVC46F_MEM_OP_C_TLB_INVALIDATE_PDB_APERTURE_VID_MEM	0x0
class	clc46f.h	NVC46F_MEM_OP_C_TLB_INVALIDATE_PDB_ONE	0x0
class	clc46f.h	NVC46F_MEM_OP_C_TLB_INVALIDATE_REPLAY	4:2
class	clc46f.h	NVC46F_MEM_OP_C_TLB_INVALIDATE_REPLAY_CANCEL_GLOBAL	0x4
class	clc46f.h	NVC46F_MEM_OP_C_TLB_INVALIDATE_REPLAY_CANCEL_TARGETED	0x3
class	clc46f.h	NVC46F_MEM_OP_C_TLB_INVALIDATE_REPLAY_CANCEL_VA_GLOBAL	0x5
class	clc46f.h	NVC46F_MEM_OP_C_TLB_INVALIDATE_REPLAY_NONE	0x0
class	clc46f.h	NVC46F_MEM_OP_C_TLB_INVALIDATE_REPLAY_START	0x1
class	clc46f.h	NVC46F_MEM_OP_C_TLB_INVALIDATE_REPLAY_START_ACK_ALL	0x2
class	clc46f.h	NVC46F_MEM_OP_D	0x34
class	clc46f.h	NVC46F_MEM_OP_D_ACCESS_COUNTER_CLR_TARGETED_BANK	6:3
class	clc46f.h	NVC46F_MEM_OP_D_ACCESS_COUNTER_CLR_TARGETED_TYPE	2:2
class	clc46f.h	NVC46F_MEM_OP_D_ACCESS_COUNTER_CLR_TARGETED_TYPE_MIMC	0x0
class	clc46f.h	NVC46F_MEM_OP_D_ACCESS_COUNTER_CLR_TARGETED_TYPE_MOMC	0x1
class	clc46f.h	NVC46F_MEM_OP_D_ACCESS_COUNTER_CLR_TYPE	1:0
class	clc46f.h	NVC46F_MEM_OP_D_ACCESS_COUNTER_CLR_TYPE_ALL	0x2
class	clc46f.h	NVC46F_MEM_OP_D_ACCESS_COUNTER_CLR_TYPE_MIMC	0x0
class	clc46f.h	NVC46F_MEM_OP_D_ACCESS_COUNTER_CLR_TYPE_MOMC	0x1
class	clc46f.h	NVC46F_MEM_OP_D_ACCESS_COUNTER_CLR_TYPE_TARGETED	0x3
class	clc46f.h	NVC46F_MEM_OP_D_OPERATION	31:27
class	clc46f.h	NVC46F_MEM_OP_D_OPERATION_ACCESS_COUNTER_CLR	0x16
class	clc46f.h	NVC46F_MEM_OP_D_OPERATION_L2_CLEAN_COMPTAGS	0xf
class	clc46f.h	NVC46F_MEM_OP_D_OPERATION_L2_FLUSH_DIRTY	0x10
class	clc46f.h	NVC46F_MEM_OP_D_OPERATION_L2_PEERMEM_INVALIDATE	0xd
class	clc46f.h	NVC46F_MEM_OP_D_OPERATION_L2_SYSMEM_INVALIDATE	0xe
class	clc46f.h	NVC46F_MEM_OP_D_OPERATION_L2_WAIT_FOR_SYS_PENDING_READS	0x15
class	clc46f.h	NVC46F_MEM_OP_D_OPERATION_MEMBAR	0x5
class	clc46f.h	NVC46F_MEM_OP_D_OPERATION_MMU_TLB_INVALIDATE	0x9
class	clc46f.h	NVC46F_MEM_OP_D_OPERATION_MMU_TLB_INVALIDATE_TARGETED	0xa
class	clc46f.h	NVC46F_MEM_OP_D_TLB_INVALIDATE_PDB_ADDR_HI	26:0
class	clc46f.h	NVC46F_NON_STALL_INTERRUPT	0x20
class	clc46f.h	NVC46F_NON_STALL_INTERRUPT_HANDLE	31:0
class	clc46f.h	NVC46F_NOP	0x8
class	clc46f.h	NVC46F_NOP_HANDLE	31:0
class	clc46f.h	NVC46F_NUMBER_OF_SUBCHANNELS	0x8
class	clc46f.h	NVC46F_SEMAPHOREA	0x10
class	clc46f.h	NVC46F_SEMAPHOREA_OFFSET_UPPER	7:0
class	clc46f.h	NVC46F_SEMAPHOREB	0x14
class	clc46f.h	NVC46F_SEMAPHOREB_OFFSET_LOWER	31:2
class	clc46f.h	NVC46F_SEMAPHOREC	0x18
class	clc46f.h	NVC46F_SEMAPHOREC_PAYLOAD	31:0
class	clc46f.h	NVC46F_SEMAPHORED	0x1c
class	clc46f.h	NVC46F_SEMAPHORED_ACQUIRE_SWITCH	12:12
class	clc46f.h	NVC46F_SEMAPHORED_ACQUIRE_SWITCH_DISABLED	0x0
class	clc46f.h	NVC46F_SEMAPHORED_ACQUIRE_SWITCH_ENABLED	0x1
class	clc46f.h	NVC46F_SEMAPHORED_FORMAT	31:31
class	clc46f.h	NVC46F_SEMAPHORED_FORMAT_SIGNED	0x0
class	clc46f.h	NVC46F_SEMAPHORED_FORMAT_UNSIGNED	0x1
class	clc46f.h	NVC46F_SEMAPHORED_OPERATION	4:0
class	clc46f.h	NVC46F_SEMAPHORED_OPERATION_ACQUIRE	0x1
class	clc46f.h	NVC46F_SEMAPHORED_OPERATION_ACQ_AND	0x8
class	clc46f.h	NVC46F_SEMAPHORED_OPERATION_ACQ_GEQ	0x4
class	clc46f.h	NVC46F_SEMAPHORED_OPERATION_REDUCTION	0x10
class	clc46f.h	NVC46F_SEMAPHORED_OPERATION_RELEASE	0x2
class	clc46f.h	NVC46F_SEMAPHORED_REDUCTION	30:27
class	clc46f.h	NVC46F_SEMAPHORED_REDUCTION_ADD	0x5
class	clc46f.h	NVC46F_SEMAPHORED_REDUCTION_AND	0x3
class	clc46f.h	NVC46F_SEMAPHORED_REDUCTION_DEC	0x7
class	clc46f.h	NVC46F_SEMAPHORED_REDUCTION_INC	0x6
class	clc46f.h	NVC46F_SEMAPHORED_REDUCTION_MAX	0x1
class	clc46f.h	NVC46F_SEMAPHORED_REDUCTION_MIN	0x0
class	clc46f.h	NVC46F_SEMAPHORED_REDUCTION_OR	0x4
class	clc46f.h	NVC46F_SEMAPHORED_REDUCTION_XOR	0x2
class	clc46f.h	NVC46F_SEMAPHORED_RELEASE_SIZE	24:24
class	clc46f.h	NVC46F_SEMAPHORED_RELEASE_SIZE_16BYTE	0x0
class	clc46f.h	NVC46F_SEMAPHORED_RELEASE_SIZE_4BYTE	0x1
class	clc46f.h	NVC46F_SEMAPHORED_RELEASE_WFI	20:20
class	clc46f.h	NVC46F_SEMAPHORED_RELEASE_WFI_DIS	0x1
class	clc46f.h	NVC46F_SEMAPHORED_RELEASE_WFI_EN	0x0
class	clc46f.h	NVC46F_SEM_ADDR_HI	0x60
class	clc46f.h	NVC46F_SEM_ADDR_HI_OFFSET	7:0
class	clc46f.h	NVC46F_SEM_ADDR_LO	0x5c
class	clc46f.h	NVC46F_SEM_ADDR_LO_OFFSET	31:2
class	clc46f.h	NVC46F_SEM_EXECUTE	0x6c
class	clc46f.h	NVC46F_SEM_EXECUTE_ACQUIRE_SWITCH_TSG	12:12
class	clc46f.h	NVC46F_SEM_EXECUTE_ACQUIRE_SWITCH_TSG_DIS	0x0
class	clc46f.h	NVC46F_SEM_EXECUTE_ACQUIRE_SWITCH_TSG_EN	0x1
class	clc46f.h	NVC46F_SEM_EXECUTE_OPERATION	2:0
class	clc46f.h	NVC46F_SEM_EXECUTE_OPERATION_ACQUIRE	0x0
class	clc46f.h	NVC46F_SEM_EXECUTE_OPERATION_ACQ_AND	0x4
class	clc46f.h	NVC46F_SEM_EXECUTE_OPERATION_ACQ_CIRC_GEQ	0x3
class	clc46f.h	NVC46F_SEM_EXECUTE_OPERATION_ACQ_NOR	0x5
class	clc46f.h	NVC46F_SEM_EXECUTE_OPERATION_ACQ_STRICT_GEQ	0x2
class	clc46f.h	NVC46F_SEM_EXECUTE_OPERATION_REDUCTION	0x6
class	clc46f.h	NVC46F_SEM_EXECUTE_OPERATION_RELEASE	0x1
class	clc46f.h	NVC46F_SEM_EXECUTE_PAYLOAD_SIZE	24:24
class	clc46f.h	NVC46F_SEM_EXECUTE_PAYLOAD_SIZE_32BIT	0x0
class	clc46f.h	NVC46F_SEM_EXECUTE_PAYLOAD_SIZE_64BIT	0x1
class	clc46f.h	NVC46F_SEM_EXECUTE_REDUCTION	30:27
class	clc46f.h	NVC46F_SEM_EXECUTE_REDUCTION_DEC	0x7
class	clc46f.h	NVC46F_SEM_EXECUTE_REDUCTION_FORMAT	31:31
class	clc46f.h	NVC46F_SEM_EXECUTE_REDUCTION_FORMAT_SIGNED	0x0
class	clc46f.h	NVC46F_SEM_EXECUTE_REDUCTION_FORMAT_UNSIGNED	0x1
class	clc46f.h	NVC46F_SEM_EXECUTE_REDUCTION_IADD	0x5
class	clc46f.h	NVC46F_SEM_EXECUTE_REDUCTION_IAND	0x3
class	clc46f.h	NVC46F_SEM_EXECUTE_REDUCTION_IMAX	0x1
class	clc46f.h	NVC46F_SEM_EXECUTE_REDUCTION_IMIN	0x0
class	clc46f.h	NVC46F_SEM_EXECUTE_REDUCTION_INC	0x6
class	clc46f.h	NVC46F_SEM_EXECUTE_REDUCTION_IOR	0x4
class	clc46f.h	NVC46F_SEM_EXECUTE_REDUCTION_IXOR	0x2
class	clc46f.h	NVC46F_SEM_EXECUTE_RELEASE_TIMESTAMP	25:25
class	clc46f.h	NVC46F_SEM_EXECUTE_RELEASE_TIMESTAMP_DIS	0x0
class	clc46f.h	NVC46F_SEM_EXECUTE_RELEASE_TIMESTAMP_EN	0x1
class	clc46f.h	NVC46F_SEM_EXECUTE_RELEASE_WFI	20:20
class	clc46f.h	NVC46F_SEM_EXECUTE_RELEASE_WFI_DIS	0x0
class	clc46f.h	NVC46F_SEM_EXECUTE_RELEASE_WFI_EN	0x1
class	clc46f.h	NVC46F_SEM_PAYLOAD_HI	0x68
class	clc46f.h	NVC46F_SEM_PAYLOAD_HI_PAYLOAD	31:0
class	clc46f.h	NVC46F_SEM_PAYLOAD_LO	0x64
class	clc46f.h	NVC46F_SEM_PAYLOAD_LO_PAYLOAD	31:0
class	clc46f.h	NVC46F_SET_OBJECT	0x0
class	clc46f.h	NVC46F_SET_OBJECT_ENGINE	20:16
class	clc46f.h	NVC46F_SET_OBJECT_ENGINE_SW	0x1f
class	clc46f.h	NVC46F_SET_OBJECT_NVCLASS	15:0
class	clc46f.h	NVC46F_SET_REFERENCE	0x50
class	clc46f.h	NVC46F_SET_REFERENCE_COUNT	31:0
class	clc46f.h	NVC46F_WFI	0x78
class	clc46f.h	NVC46F_WFI_SCOPE	0:0
class	clc46f.h	NVC46F_WFI_SCOPE_ALL	0x1
class	clc46f.h	NVC46F_WFI_SCOPE_CURRENT_SCG_TYPE	0x0
class	clc46f.h	NVC46F_WFI_SCOPE_CURRENT_VEID	0x0
class	clc46f.h	NVC46F_YIELD	0x80
class	clc46f.h	NVC46F_YIELD_OP	1:0
class	clc46f.h	NVC46F_YIELD_OP_NOP	0x0
class	clc46f.h	NVC46F_YIELD_OP_RUNLIST_TIMESLICE	0x2
class	clc46f.h	NVC46F_YIELD_OP_TSG	0x3
class	clc56f.h	NVC56F_CLEAR_FAULTED	0x84
class	clc56f.h	NVC56F_CLEAR_FAULTED_HANDLE	30:0
class	clc56f.h	NVC56F_CLEAR_FAULTED_TYPE	31:31
class	clc56f.h	NVC56F_CLEAR_FAULTED_TYPE_ENG_FAULTED	0x1
class	clc56f.h	NVC56F_CLEAR_FAULTED_TYPE_PBDMA_FAULTED	0x0
class	clc56f.h	NVC56F_DMA_ADDRESS	12:2
class	clc56f.h	NVC56F_DMA_COUNT	28:18
class	clc56f.h	NVC56F_DMA_DATA	31:0
class	clc56f.h	NVC56F_DMA_ENDSEG_OPCODE	31:29
class	clc56f.h	NVC56F_DMA_ENDSEG_OPCODE_VALUE	0x7
class	clc56f.h	NVC56F_DMA_IMMD_ADDRESS	11:0
class	clc56f.h	NVC56F_DMA_IMMD_DATA	28:16
class	clc56f.h	NVC56F_DMA_IMMD_OPCODE	31:29
class	clc56f.h	NVC56F_DMA_IMMD_OPCODE_VALUE	0x4
class	clc56f.h	NVC56F_DMA_IMMD_SUBCHANNEL	15:13
class	clc56f.h	NVC56F_DMA_INCR_ADDRESS	11:0
class	clc56f.h	NVC56F_DMA_INCR_COUNT	28:16
class	clc56f.h	NVC56F_DMA_INCR_DATA	31:0
class	clc56f.h	NVC56F_DMA_INCR_OPCODE	31:29
class	clc56f.h	NVC56F_DMA_INCR_OPCODE_VALUE	0x1
class	clc56f.h	NVC56F_DMA_INCR_SUBCHANNEL	15:13
class	clc56f.h	NVC56F_DMA_METHOD_ADDRESS	11:0
class	clc56f.h	NVC56F_DMA_METHOD_ADDRESS_OLD	12:2
class	clc56f.h	NVC56F_DMA_METHOD_COUNT	28:16
class	clc56f.h	NVC56F_DMA_METHOD_COUNT_OLD	28:18
class	clc56f.h	NVC56F_DMA_METHOD_SUBCHANNEL	15:13
class	clc56f.h	NVC56F_DMA_NONINCR_ADDRESS	11:0
class	clc56f.h	NVC56F_DMA_NONINCR_COUNT	28:16
class	clc56f.h	NVC56F_DMA_NONINCR_DATA	31:0
class	clc56f.h	NVC56F_DMA_NONINCR_OPCODE	31:29
class	clc56f.h	NVC56F_DMA_NONINCR_OPCODE_VALUE	0x3
class	clc56f.h	NVC56F_DMA_NONINCR_SUBCHANNEL	15:13
class	clc56f.h	NVC56F_DMA_NOP	0x0
class	clc56f.h	NVC56F_DMA_ONEINCR_ADDRESS	11:0
class	clc56f.h	NVC56F_DMA_ONEINCR_COUNT	28:16
class	clc56f.h	NVC56F_DMA_ONEINCR_DATA	31:0
class	clc56f.h	NVC56F_DMA_ONEINCR_OPCODE	31:29
class	clc56f.h	NVC56F_DMA_ONEINCR_OPCODE_VALUE	0x5
class	clc56f.h	NVC56F_DMA_ONEINCR_SUBCHANNEL	15:13
class	clc56f.h	NVC56F_DMA_OPCODE	31:29
class	clc56f.h	NVC56F_DMA_OPCODE3	17:16
class	clc56f.h	NVC56F_DMA_OPCODE3_NONE	0x0
class	clc56f.h	NVC56F_DMA_OPCODE_METHOD	0x0
class	clc56f.h	NVC56F_DMA_OPCODE_NONINC_METHOD	0x2
class	clc56f.h	NVC56F_DMA_SEC_OP	31:29
class	clc56f.h	NVC56F_DMA_SEC_OP_END_PB_SEGMENT	0x7
class	clc56f.h	NVC56F_DMA_SEC_OP_GRP0_USE_TERT	0x0
class	clc56f.h	NVC56F_DMA_SEC_OP_GRP2_USE_TERT	0x2
class	clc56f.h	NVC56F_DMA_SEC_OP_IMMD_DATA_METHOD	0x4
class	clc56f.h	NVC56F_DMA_SEC_OP_INC_METHOD	0x1
class	clc56f.h	NVC56F_DMA_SEC_OP_NON_INC_METHOD	0x3
class	clc56f.h	NVC56F_DMA_SEC_OP_ONE_INC	0x5
class	clc56f.h	NVC56F_DMA_SEC_OP_RESERVED6	0x6
class	clc56f.h	NVC56F_DMA_SET_SUBDEVICE_MASK_OPCODE	31:16
class	clc56f.h	NVC56F_DMA_SET_SUBDEVICE_MASK_OPCODE_VALUE	0x1
class	clc56f.h	NVC56F_DMA_SET_SUBDEVICE_MASK_VALUE	15:4
class	clc56f.h	NVC56F_DMA_STORE_SUBDEVICE_MASK_OPCODE	31:16
class	clc56f.h	NVC56F_DMA_STORE_SUBDEVICE_MASK_OPCODE_VALUE	0x2
class	clc56f.h	NVC56F_DMA_STORE_SUBDEVICE_MASK_VALUE	15:4
class	clc56f.h	NVC56F_DMA_SUBCH	15:13
class	clc56f.h	NVC56F_DMA_SUBDEVICE_MASK	15:4
class	clc56f.h	NVC56F_DMA_TERT_OP	17:16
class	clc56f.h	NVC56F_DMA_TERT_OP_GRP0_INC_METHOD	0x0
class	clc56f.h	NVC56F_DMA_TERT_OP_GRP0_SET_SUB_DEV_MASK	0x1
class	clc56f.h	NVC56F_DMA_TERT_OP_GRP0_STORE_SUB_DEV_MASK	0x2
class	clc56f.h	NVC56F_DMA_TERT_OP_GRP0_USE_SUB_DEV_MASK	0x3
class	clc56f.h	NVC56F_DMA_TERT_OP_GRP2_NON_INC_METHOD	0x0
class	clc56f.h	NVC56F_DMA_USE_SUBDEVICE_MASK_OPCODE	31:16
class	clc56f.h	NVC56F_DMA_USE_SUBDEVICE_MASK_OPCODE_VALUE	0x3
class	clc56f.h	NVC56F_FB_FLUSH	0x24
class	clc56f.h	NVC56F_FB_FLUSH_HANDLE	31:0
class	clc56f.h	NVC56F_GP_ENTRY0_FETCH	0:0
class	clc56f.h	NVC56F_GP_ENTRY0_FETCH_CONDITIONAL	0x1
class	clc56f.h	NVC56F_GP_ENTRY0_FETCH_UNCONDITIONAL	0x0
class	clc56f.h	NVC56F_GP_ENTRY0_GET	31:2
class	clc56f.h	NVC56F_GP_ENTRY0_OPERAND	31:0
class	clc56f.h	NVC56F_GP_ENTRY1_GET_HI	7:0
class	clc56f.h	NVC56F_GP_ENTRY1_LENGTH	30:10
class	clc56f.h	NVC56F_GP_ENTRY1_LEVEL	9:9
class	clc56f.h	NVC56F_GP_ENTRY1_LEVEL_MAIN	0x0
class	clc56f.h	NVC56F_GP_ENTRY1_LEVEL_SUBROUTINE	0x1
class	clc56f.h	NVC56F_GP_ENTRY1_OPCODE	7:0
class	clc56f.h	NVC56F_GP_ENTRY1_OPCODE_GP_CRC	0x2
class	clc56f.h	NVC56F_GP_ENTRY1_OPCODE_ILLEGAL	0x1
class	clc56f.h	NVC56F_GP_ENTRY1_OPCODE_NOP	0x0
class	clc56f.h	NVC56F_GP_ENTRY1_OPCODE_PB_CRC	0x3
class	clc56f.h	NVC56F_GP_ENTRY1_SYNC	31:31
class	clc56f.h	NVC56F_GP_ENTRY1_SYNC_PROCEED	0x0
class	clc56f.h	NVC56F_GP_ENTRY1_SYNC_WAIT	0x1
class	clc56f.h	NVC56F_GP_ENTRY__SIZE	0x8
class	clc56f.h	NVC56F_ILLEGAL	0x4
class	clc56f.h	NVC56F_ILLEGAL_HANDLE	31:0
class	clc56f.h	NVC56F_MEM_OP_A	0x28
class	clc56f.h	NVC56F_MEM_OP_A_TLB_INVALIDATE_CANCEL_MMU_ENGINE_ID	6:0
class	clc56f.h	NVC56F_MEM_OP_A_TLB_INVALIDATE_CANCEL_TARGET_CLIENT_UNIT_ID	5:0
class	clc56f.h	NVC56F_MEM_OP_A_TLB_INVALIDATE_CANCEL_TARGET_GPC_ID	10:6
class	clc56f.h	NVC56F_MEM_OP_A_TLB_INVALIDATE_INVALIDATION_SIZE	5:0
class	clc56f.h	NVC56F_MEM_OP_A_TLB_INVALIDATE_INVAL_SCOPE	7:6
class	clc56f.h	NVC56F_MEM_OP_A_TLB_INVALIDATE_INVAL_SCOPE_ALL_TLBS	0x0
class	clc56f.h	NVC56F_MEM_OP_A_TLB_INVALIDATE_INVAL_SCOPE_LINK_TLBS	0x1
class	clc56f.h	NVC56F_MEM_OP_A_TLB_INVALIDATE_INVAL_SCOPE_NON_LINK_TLBS	0x2
class	clc56f.h	NVC56F_MEM_OP_A_TLB_INVALIDATE_INVAL_SCOPE_RSVRVD	0x3
class	clc56f.h	NVC56F_MEM_OP_A_TLB_INVALIDATE_SYSMEMBAR	11:11
class	clc56f.h	NVC56F_MEM_OP_A_TLB_INVALIDATE_SYSMEMBAR_DIS	0x0
class	clc56f.h	NVC56F_MEM_OP_A_TLB_INVALIDATE_SYSMEMBAR_EN	0x1
class	clc56f.h	NVC56F_MEM_OP_A_TLB_INVALIDATE_TARGET_ADDR_LO	31:12
class	clc56f.h	NVC56F_MEM_OP_B	0x2c
class	clc56f.h	NVC56F_MEM_OP_B_OPERATION_L2_INVALIDATE_CLEAN_LINES	0xe
class	clc56f.h	NVC56F_MEM_OP_B_TLB_INVALIDATE_TARGET_ADDR_HI	31:0
class	clc56f.h	NVC56F_MEM_OP_C	0x30
class	clc56f.h	NVC56F_MEM_OP_C_ACCESS_COUNTER_CLR_TARGETED_NOTIFY_TAG	19:0
class	clc56f.h	NVC56F_MEM_OP_C_MEMBAR_TYPE	2:0
class	clc56f.h	NVC56F_MEM_OP_C_MEMBAR_TYPE_MEMBAR	0x1
class	clc56f.h	NVC56F_MEM_OP_C_MEMBAR_TYPE_SYS_MEMBAR	0x0
class	clc56f.h	NVC56F_MEM_OP_C_TLB_INVALIDATE_ACCESS_TYPE	9:7
class	clc56f.h	NVC56F_MEM_OP_C_TLB_INVALIDATE_ACCESS_TYPE_VIRT_ALL	0x7
class	clc56f.h	NVC56F_MEM_OP_C_TLB_INVALIDATE_ACCESS_TYPE_VIRT_ATOMIC_ALL	0x5
class	clc56f.h	NVC56F_MEM_OP_C_TLB_INVALIDATE_ACCESS_TYPE_VIRT_ATOMIC_STRONG	0x2
class	clc56f.h	NVC56F_MEM_OP_C_TLB_INVALIDATE_ACCESS_TYPE_VIRT_ATOMIC_WEAK	0x4
class	clc56f.h	NVC56F_MEM_OP_C_TLB_INVALIDATE_ACCESS_TYPE_VIRT_READ	0x0
class	clc56f.h	NVC56F_MEM_OP_C_TLB_INVALIDATE_ACCESS_TYPE_VIRT_RSVRVD	0x3
class	clc56f.h	NVC56F_MEM_OP_C_TLB_INVALIDATE_ACCESS_TYPE_VIRT_WRITE	0x1
class	clc56f.h	NVC56F_MEM_OP_C_TLB_INVALIDATE_ACCESS_TYPE_VIRT_WRITE_AND_ATOMIC	0x6
class	clc56f.h	NVC56F_MEM_OP_C_TLB_INVALIDATE_ACK_TYPE	6:5
class	clc56f.h	NVC56F_MEM_OP_C_TLB_INVALIDATE_ACK_TYPE_GLOBALLY	0x1
class	clc56f.h	NVC56F_MEM_OP_C_TLB_INVALIDATE_ACK_TYPE_INTRANODE	0x2
class	clc56f.h	NVC56F_MEM_OP_C_TLB_INVALIDATE_ACK_TYPE_NONE	0x0
class	clc56f.h	NVC56F_MEM_OP_C_TLB_INVALIDATE_GPC	1:1
class	clc56f.h	NVC56F_MEM_OP_C_TLB_INVALIDATE_GPC_DISABLE	0x1
class	clc56f.h	NVC56F_MEM_OP_C_TLB_INVALIDATE_GPC_ENABLE	0x0
class	clc56f.h	NVC56F_MEM_OP_C_TLB_INVALIDATE_PAGE_TABLE_LEVEL	9:7
class	clc56f.h	NVC56F_MEM_OP_C_TLB_INVALIDATE_PAGE_TABLE_LEVEL_ALL	0x0
class	clc56f.h	NVC56F_MEM_OP_C_TLB_INVALIDATE_PAGE_TABLE_LEVEL_PTE_ONLY	0x1
class	clc56f.h	NVC56F_MEM_OP_C_TLB_INVALIDATE_PAGE_TABLE_LEVEL_UP_TO_PDE0	0x2
class	clc56f.h	NVC56F_MEM_OP_C_TLB_INVALIDATE_PAGE_TABLE_LEVEL_UP_TO_PDE1	0x3
class	clc56f.h	NVC56F_MEM_OP_C_TLB_INVALIDATE_PAGE_TABLE_LEVEL_UP_TO_PDE2	0x4
class	clc56f.h	NVC56F_MEM_OP_C_TLB_INVALIDATE_PAGE_TABLE_LEVEL_UP_TO_PDE3	0x5
class	clc56f.h	NVC56F_MEM_OP_C_TLB_INVALIDATE_PAGE_TABLE_LEVEL_UP_TO_PDE4	0x6
class	clc56f.h	NVC56F_MEM_OP_C_TLB_INVALIDATE_PAGE_TABLE_LEVEL_UP_TO_PDE5	0x7
class	clc56f.h	NVC56F_MEM_OP_C_TLB_INVALIDATE_PDB	0:0
class	clc56f.h	NVC56F_MEM_OP_C_TLB_INVALIDATE_PDB_ADDR_LO	31:12
class	clc56f.h	NVC56F_MEM_OP_C_TLB_INVALIDATE_PDB_ALL	0x1
class	clc56f.h	NVC56F_MEM_OP_C_TLB_INVALIDATE_PDB_APERTURE	11:10
class	clc56f.h	NVC56F_MEM_OP_C_TLB_INVALIDATE_PDB_APERTURE_SYS_MEM_COHERENT	0x2
class	clc56f.h	NVC56F_MEM_OP_C_TLB_INVALIDATE_PDB_APERTURE_SYS_MEM_NONCOHERENT	0x3
class	clc56f.h	NVC56F_MEM_OP_C_TLB_INVALIDATE_PDB_APERTURE_VID_MEM	0x0
class	clc56f.h	NVC56F_MEM_OP_C_TLB_INVALIDATE_PDB_ONE	0x0
class	clc56f.h	NVC56F_MEM_OP_C_TLB_INVALIDATE_REPLAY	4:2
class	clc56f.h	NVC56F_MEM_OP_C_TLB_INVALIDATE_REPLAY_CANCEL_GLOBAL	0x4
class	clc56f.h	NVC56F_MEM_OP_C_TLB_INVALIDATE_REPLAY_CANCEL_TARGETED	0x3
class	clc56f.h	NVC56F_MEM_OP_C_TLB_INVALIDATE_REPLAY_CANCEL_VA_GLOBAL	0x5
class	clc56f.h	NVC56F_MEM_OP_C_TLB_INVALIDATE_REPLAY_NONE	0x0
class	clc56f.h	NVC56F_MEM_OP_C_TLB_INVALIDATE_REPLAY_START	0x1
class	clc56f.h	NVC56F_MEM_OP_C_TLB_INVALIDATE_REPLAY_START_ACK_ALL	0x2
class	clc56f.h	NVC56F_MEM_OP_D	0x34
class	clc56f.h	NVC56F_MEM_OP_D_ACCESS_COUNTER_CLR_TARGETED_BANK	6:3
class	clc56f.h	NVC56F_MEM_OP_D_ACCESS_COUNTER_CLR_TARGETED_TYPE	2:2
class	clc56f.h	NVC56F_MEM_OP_D_ACCESS_COUNTER_CLR_TARGETED_TYPE_MIMC	0x0
class	clc56f.h	NVC56F_MEM_OP_D_ACCESS_COUNTER_CLR_TARGETED_TYPE_MOMC	0x1
class	clc56f.h	NVC56F_MEM_OP_D_ACCESS_COUNTER_CLR_TYPE	1:0
class	clc56f.h	NVC56F_MEM_OP_D_ACCESS_COUNTER_CLR_TYPE_ALL	0x2
class	clc56f.h	NVC56F_MEM_OP_D_ACCESS_COUNTER_CLR_TYPE_MIMC	0x0
class	clc56f.h	NVC56F_MEM_OP_D_ACCESS_COUNTER_CLR_TYPE_MOMC	0x1
class	clc56f.h	NVC56F_MEM_OP_D_ACCESS_COUNTER_CLR_TYPE_TARGETED	0x3
class	clc56f.h	NVC56F_MEM_OP_D_OPERATION	31:27
class	clc56f.h	NVC56F_MEM_OP_D_OPERATION_ACCESS_COUNTER_CLR	0x16
class	clc56f.h	NVC56F_MEM_OP_D_OPERATION_L2_CLEAN_COMPTAGS	0xf
class	clc56f.h	NVC56F_MEM_OP_D_OPERATION_L2_FLUSH_DIRTY	0x10
class	clc56f.h	NVC56F_MEM_OP_D_OPERATION_L2_PEERMEM_INVALIDATE	0xd
class	clc56f.h	NVC56F_MEM_OP_D_OPERATION_L2_SYSMEM_INVALIDATE	0xe
class	clc56f.h	NVC56F_MEM_OP_D_OPERATION_L2_WAIT_FOR_SYS_PENDING_READS	0x15
class	clc56f.h	NVC56F_MEM_OP_D_OPERATION_MEMBAR	0x5
class	clc56f.h	NVC56F_MEM_OP_D_OPERATION_MMU_TLB_INVALIDATE	0x9
class	clc56f.h	NVC56F_MEM_OP_D_OPERATION_MMU_TLB_INVALIDATE_TARGETED	0xa
class	clc56f.h	NVC56F_MEM_OP_D_TLB_INVALIDATE_PDB_ADDR_HI	26:0
class	clc56f.h	NVC56F_NON_STALL_INTERRUPT	0x20
class	clc56f.h	NVC56F_NON_STALL_INTERRUPT_HANDLE	31:0
class	clc56f.h	NVC56F_NOP	0x8
class	clc56f.h	NVC56F_NOP_HANDLE	31:0
class	clc56f.h	NVC56F_NUMBER_OF_SUBCHANNELS	0x8
class	clc56f.h	NVC56F_SEMAPHOREA	0x10
class	clc56f.h	NVC56F_SEMAPHOREA_OFFSET_UPPER	7:0
class	clc56f.h	NVC56F_SEMAPHOREB	0x14
class	clc56f.h	NVC56F_SEMAPHOREB_OFFSET_LOWER	31:2
class	clc56f.h	NVC56F_SEMAPHOREC	0x18
class	clc56f.h	NVC56F_SEMAPHOREC_PAYLOAD	31:0
class	clc56f.h	NVC56F_SEMAPHORED	0x1c
class	clc56f.h	NVC56F_SEMAPHORED_ACQUIRE_SWITCH	12:12
class	clc56f.h	NVC56F_SEMAPHORED_ACQUIRE_SWITCH_DISABLED	0x0
class	clc56f.h	NVC56F_SEMAPHORED_ACQUIRE_SWITCH_ENABLED	0x1
class	clc56f.h	NVC56F_SEMAPHORED_FORMAT	31:31
class	clc56f.h	NVC56F_SEMAPHORED_FORMAT_SIGNED	0x0
class	clc56f.h	NVC56F_SEMAPHORED_FORMAT_UNSIGNED	0x1
class	clc56f.h	NVC56F_SEMAPHORED_OPERATION	4:0
class	clc56f.h	NVC56F_SEMAPHORED_OPERATION_ACQUIRE	0x1
class	clc56f.h	NVC56F_SEMAPHORED_OPERATION_ACQ_AND	0x8
class	clc56f.h	NVC56F_SEMAPHORED_OPERATION_ACQ_GEQ	0x4
class	clc56f.h	NVC56F_SEMAPHORED_OPERATION_REDUCTION	0x10
class	clc56f.h	NVC56F_SEMAPHORED_OPERATION_RELEASE	0x2
class	clc56f.h	NVC56F_SEMAPHORED_REDUCTION	30:27
class	clc56f.h	NVC56F_SEMAPHORED_REDUCTION_ADD	0x5
class	clc56f.h	NVC56F_SEMAPHORED_REDUCTION_AND	0x3
class	clc56f.h	NVC56F_SEMAPHORED_REDUCTION_DEC	0x7
class	clc56f.h	NVC56F_SEMAPHORED_REDUCTION_INC	0x6
class	clc56f.h	NVC56F_SEMAPHORED_REDUCTION_MAX	0x1
class	clc56f.h	NVC56F_SEMAPHORED_REDUCTION_MIN	0x0
class	clc56f.h	NVC56F_SEMAPHORED_REDUCTION_OR	0x4
class	clc56f.h	NVC56F_SEMAPHORED_REDUCTION_XOR	0x2
class	clc56f.h	NVC56F_SEMAPHORED_RELEASE_SIZE	24:24
class	clc56f.h	NVC56F_SEMAPHORED_RELEASE_SIZE_16BYTE	0x0
class	clc56f.h	NVC56F_SEMAPHORED_RELEASE_SIZE_4BYTE	0x1
class	clc56f.h	NVC56F_SEMAPHORED_RELEASE_WFI	20:20
class	clc56f.h	NVC56F_SEMAPHORED_RELEASE_WFI_DIS	0x1
class	clc56f.h	NVC56F_SEMAPHORED_RELEASE_WFI_EN	0x0
class	clc56f.h	NVC56F_SEM_ADDR_HI	0x60
class	clc56f.h	NVC56F_SEM_ADDR_HI_OFFSET	7:0
class	clc56f.h	NVC56F_SEM_ADDR_LO	0x5c
class	clc56f.h	NVC56F_SEM_ADDR_LO_OFFSET	31:2
class	clc56f.h	NVC56F_SEM_EXECUTE	0x6c
class	clc56f.h	NVC56F_SEM_EXECUTE_ACQUIRE_SWITCH_TSG	12:12
class	clc56f.h	NVC56F_SEM_EXECUTE_ACQUIRE_SWITCH_TSG_DIS	0x0
class	clc56f.h	NVC56F_SEM_EXECUTE_ACQUIRE_SWITCH_TSG_EN	0x1
class	clc56f.h	NVC56F_SEM_EXECUTE_OPERATION	2:0
class	clc56f.h	NVC56F_SEM_EXECUTE_OPERATION_ACQUIRE	0x0
class	clc56f.h	NVC56F_SEM_EXECUTE_OPERATION_ACQ_AND	0x4
class	clc56f.h	NVC56F_SEM_EXECUTE_OPERATION_ACQ_CIRC_GEQ	0x3
class	clc56f.h	NVC56F_SEM_EXECUTE_OPERATION_ACQ_NOR	0x5
class	clc56f.h	NVC56F_SEM_EXECUTE_OPERATION_ACQ_STRICT_GEQ	0x2
class	clc56f.h	NVC56F_SEM_EXECUTE_OPERATION_REDUCTION	0x6
class	clc56f.h	NVC56F_SEM_EXECUTE_OPERATION_RELEASE	0x1
class	clc56f.h	NVC56F_SEM_EXECUTE_PAYLOAD_SIZE	24:24
class	clc56f.h	NVC56F_SEM_EXECUTE_PAYLOAD_SIZE_32BIT	0x0
class	clc56f.h	NVC56F_SEM_EXECUTE_PAYLOAD_SIZE_64BIT	0x1
class	clc56f.h	NVC56F_SEM_EXECUTE_REDUCTION	30:27
class	clc56f.h	NVC56F_SEM_EXECUTE_REDUCTION_DEC	0x7
class	clc56f.h	NVC56F_SEM_EXECUTE_REDUCTION_FORMAT	31:31
class	clc56f.h	NVC56F_SEM_EXECUTE_REDUCTION_FORMAT_SIGNED	0x0
class	clc56f.h	NVC56F_SEM_EXECUTE_REDUCTION_FORMAT_UNSIGNED	0x1
class	clc56f.h	NVC56F_SEM_EXECUTE_REDUCTION_IADD	0x5
class	clc56f.h	NVC56F_SEM_EXECUTE_REDUCTION_IAND	0x3
class	clc56f.h	NVC56F_SEM_EXECUTE_REDUCTION_IMAX	0x1
class	clc56f.h	NVC56F_SEM_EXECUTE_REDUCTION_IMIN	0x0
class	clc56f.h	NVC56F_SEM_EXECUTE_REDUCTION_INC	0x6
class	clc56f.h	NVC56F_SEM_EXECUTE_REDUCTION_IOR	0x4
class	clc56f.h	NVC56F_SEM_EXECUTE_REDUCTION_IXOR	0x2
class	clc56f.h	NVC56F_SEM_EXECUTE_RELEASE_TIMESTAMP	25:25
class	clc56f.h	NVC56F_SEM_EXECUTE_RELEASE_TIMESTAMP_DIS	0x0
class	clc56f.h	NVC56F_SEM_EXECUTE_RELEASE_TIMESTAMP_EN	0x1
class	clc56f.h	NVC56F_SEM_EXECUTE_RELEASE_WFI	20:20
class	clc56f.h	NVC56F_SEM_EXECUTE_RELEASE_WFI_DIS	0x0
class	clc56f.h	NVC56F_SEM_EXECUTE_RELEASE_WFI_EN	0x1
class	clc56f.h	NVC56F_SEM_PAYLOAD_HI	0x68
class	clc56f.h	NVC56F_SEM_PAYLOAD_HI_PAYLOAD	31:0
class	clc56f.h	NVC56F_SEM_PAYLOAD_LO	0x64
class	clc56f.h	NVC56F_SEM_PAYLOAD_LO_PAYLOAD	31:0
class	clc56f.h	NVC56F_SET_OBJECT	0x0
class	clc56f.h	NVC56F_SET_OBJECT_ENGINE	20:16
class	clc56f.h	NVC56F_SET_OBJECT_ENGINE_SW	0x1f
class	clc56f.h	NVC56F_SET_OBJECT_NVCLASS	15:0
class	clc56f.h	NVC56F_SET_REFERENCE	0x50
class	clc56f.h	NVC56F_SET_REFERENCE_COUNT	31:0
class	clc56f.h	NVC56F_WFI	0x78
class	clc56f.h	NVC56F_WFI_SCOPE	0:0
class	clc56f.h	NVC56F_WFI_SCOPE_ALL	0x1
class	clc56f.h	NVC56F_WFI_SCOPE_CURRENT_SCG_TYPE	0x0
class	clc56f.h	NVC56F_WFI_SCOPE_CURRENT_VEID	0x0
class	clc56f.h	NVC56F_YIELD	0x80
class	clc56f.h	NVC56F_YIELD_OP	1:0
class	clc56f.h	NVC56F_YIELD_OP_NOP	0x0
class	clc56f.h	NVC56F_YIELD_OP_TSG	0x3
class	clc5b5.h	NVC5B5_DST_ORIGIN_X	0x74c
class	clc5b5.h	NVC5B5_DST_ORIGIN_X_VALUE	31:0
class	clc5b5.h	NVC5B5_DST_ORIGIN_Y	0x750
class	clc5b5.h	NVC5B5_DST_ORIGIN_Y_VALUE	31:0
class	clc5b5.h	NVC5B5_LAUNCH_DMA	0x300
class	clc5b5.h	NVC5B5_LAUNCH_DMA_DATA_TRANSFER_TYPE	1:0
class	clc5b5.h	NVC5B5_LAUNCH_DMA_DATA_TRANSFER_TYPE_NONE	0x0
class	clc5b5.h	NVC5B5_LAUNCH_DMA_DATA_TRANSFER_TYPE_NON_PIPELINED	0x2
class	clc5b5.h	NVC5B5_LAUNCH_DMA_DATA_TRANSFER_TYPE_PIPELINED	0x1
class	clc5b5.h	NVC5B5_LAUNCH_DMA_DISABLE_PLC	26:26
class	clc5b5.h	NVC5B5_LAUNCH_DMA_DISABLE_PLC_FALSE	0x0
class	clc5b5.h	NVC5B5_LAUNCH_DMA_DISABLE_PLC_TRUE	0x1
class	clc5b5.h	NVC5B5_LAUNCH_DMA_DST_BYPASS_L2	21:21
class	clc5b5.h	NVC5B5_LAUNCH_DMA_DST_BYPASS_L2_FORCE_VOLATILE	0x1
class	clc5b5.h	NVC5B5_LAUNCH_DMA_DST_BYPASS_L2_USE_PTE_SETTING	0x0
class	clc5b5.h	NVC5B5_LAUNCH_DMA_DST_MEMORY_LAYOUT	8:8
class	clc5b5.h	NVC5B5_LAUNCH_DMA_DST_MEMORY_LAYOUT_BLOCKLINEAR	0x0
class	clc5b5.h	NVC5B5_LAUNCH_DMA_DST_MEMORY_LAYOUT_PITCH	0x1
class	clc5b5.h	NVC5B5_LAUNCH_DMA_DST_TYPE	13:13
class	clc5b5.h	NVC5B5_LAUNCH_DMA_DST_TYPE_PHYSICAL	0x1
class	clc5b5.h	NVC5B5_LAUNCH_DMA_DST_TYPE_VIRTUAL	0x0
class	clc5b5.h	NVC5B5_LAUNCH_DMA_FLUSH_ENABLE	2:2
class	clc5b5.h	NVC5B5_LAUNCH_DMA_FLUSH_ENABLE_FALSE	0x0
class	clc5b5.h	NVC5B5_LAUNCH_DMA_FLUSH_ENABLE_TRUE	0x1
class	clc5b5.h	NVC5B5_LAUNCH_DMA_FLUSH_TYPE	25:25
class	clc5b5.h	NVC5B5_LAUNCH_DMA_FLUSH_TYPE_GL	0x1
class	clc5b5.h	NVC5B5_LAUNCH_DMA_FLUSH_TYPE_SYS	0x0
class	clc5b5.h	NVC5B5_LAUNCH_DMA_FORCE_RMWDISABLE	11:11
class	clc5b5.h	NVC5B5_LAUNCH_DMA_FORCE_RMWDISABLE_FALSE	0x0
class	clc5b5.h	NVC5B5_LAUNCH_DMA_FORCE_RMWDISABLE_TRUE	0x1
class	clc5b5.h	NVC5B5_LAUNCH_DMA_INTERRUPT_TYPE	6:5
class	clc5b5.h	NVC5B5_LAUNCH_DMA_INTERRUPT_TYPE_BLOCKING	0x1
class	clc5b5.h	NVC5B5_LAUNCH_DMA_INTERRUPT_TYPE_NONE	0x0
class	clc5b5.h	NVC5B5_LAUNCH_DMA_INTERRUPT_TYPE_NON_BLOCKING	0x2
class	clc5b5.h	NVC5B5_LAUNCH_DMA_MULTI_LINE_ENABLE	9:9
class	clc5b5.h	NVC5B5_LAUNCH_DMA_MULTI_LINE_ENABLE_FALSE	0x0
class	clc5b5.h	NVC5B5_LAUNCH_DMA_MULTI_LINE_ENABLE_TRUE	0x1
class	clc5b5.h	NVC5B5_LAUNCH_DMA_REMAP_ENABLE	10:10
class	clc5b5.h	NVC5B5_LAUNCH_DMA_REMAP_ENABLE_FALSE	0x0
class	clc5b5.h	NVC5B5_LAUNCH_DMA_REMAP_ENABLE_TRUE	0x1
class	clc5b5.h	NVC5B5_LAUNCH_DMA_RESERVED_ERR_CODE	31:28
class	clc5b5.h	NVC5B5_LAUNCH_DMA_RESERVED_START_OF_COPY	24:24
class	clc5b5.h	NVC5B5_LAUNCH_DMA_SEMAPHORE_REDUCTION	17:14
class	clc5b5.h	NVC5B5_LAUNCH_DMA_SEMAPHORE_REDUCTION_DEC	0x7
class	clc5b5.h	NVC5B5_LAUNCH_DMA_SEMAPHORE_REDUCTION_ENABLE	19:19
class	clc5b5.h	NVC5B5_LAUNCH_DMA_SEMAPHORE_REDUCTION_ENABLE_FALSE	0x0
class	clc5b5.h	NVC5B5_LAUNCH_DMA_SEMAPHORE_REDUCTION_ENABLE_TRUE	0x1
class	clc5b5.h	NVC5B5_LAUNCH_DMA_SEMAPHORE_REDUCTION_FADD	0xa
class	clc5b5.h	NVC5B5_LAUNCH_DMA_SEMAPHORE_REDUCTION_IADD	0x5
class	clc5b5.h	NVC5B5_LAUNCH_DMA_SEMAPHORE_REDUCTION_IAND	0x3
class	clc5b5.h	NVC5B5_LAUNCH_DMA_SEMAPHORE_REDUCTION_IMAX	0x1
class	clc5b5.h	NVC5B5_LAUNCH_DMA_SEMAPHORE_REDUCTION_IMIN	0x0
class	clc5b5.h	NVC5B5_LAUNCH_DMA_SEMAPHORE_REDUCTION_INC	0x6
class	clc5b5.h	NVC5B5_LAUNCH_DMA_SEMAPHORE_REDUCTION_IOR	0x4
class	clc5b5.h	NVC5B5_LAUNCH_DMA_SEMAPHORE_REDUCTION_IXOR	0x2
class	clc5b5.h	NVC5B5_LAUNCH_DMA_SEMAPHORE_REDUCTION_SIGN	18:18
class	clc5b5.h	NVC5B5_LAUNCH_DMA_SEMAPHORE_REDUCTION_SIGN_SIGNED	0x0
class	clc5b5.h	NVC5B5_LAUNCH_DMA_SEMAPHORE_REDUCTION_SIGN_UNSIGNED	0x1
class	clc5b5.h	NVC5B5_LAUNCH_DMA_SEMAPHORE_TYPE	4:3
class	clc5b5.h	NVC5B5_LAUNCH_DMA_SEMAPHORE_TYPE_NONE	0x0
class	clc5b5.h	NVC5B5_LAUNCH_DMA_SEMAPHORE_TYPE_RELEASE_CONDITIONAL_INTR_SEMAPHORE	0x3
class	clc5b5.h	NVC5B5_LAUNCH_DMA_SEMAPHORE_TYPE_RELEASE_FOUR_WORD_SEMAPHORE	0x2
class	clc5b5.h	NVC5B5_LAUNCH_DMA_SEMAPHORE_TYPE_RELEASE_ONE_WORD_SEMAPHORE	0x1
class	clc5b5.h	NVC5B5_LAUNCH_DMA_SRC_BYPASS_L2	20:20
class	clc5b5.h	NVC5B5_LAUNCH_DMA_SRC_BYPASS_L2_FORCE_VOLATILE	0x1
class	clc5b5.h	NVC5B5_LAUNCH_DMA_SRC_BYPASS_L2_USE_PTE_SETTING	0x0
class	clc5b5.h	NVC5B5_LAUNCH_DMA_SRC_MEMORY_LAYOUT	7:7
class	clc5b5.h	NVC5B5_LAUNCH_DMA_SRC_MEMORY_LAYOUT_BLOCKLINEAR	0x0
class	clc5b5.h	NVC5B5_LAUNCH_DMA_SRC_MEMORY_LAYOUT_PITCH	0x1
class	clc5b5.h	NVC5B5_LAUNCH_DMA_SRC_TYPE	12:12
class	clc5b5.h	NVC5B5_LAUNCH_DMA_SRC_TYPE_PHYSICAL	0x1
class	clc5b5.h	NVC5B5_LAUNCH_DMA_SRC_TYPE_VIRTUAL	0x0
class	clc5b5.h	NVC5B5_LAUNCH_DMA_VPRMODE	23:22
class	clc5b5.h	NVC5B5_LAUNCH_DMA_VPRMODE_VPR_NONE	0x0
class	clc5b5.h	NVC5B5_LAUNCH_DMA_VPRMODE_VPR_VID2VID	0x1
class	clc5b5.h	NVC5B5_LINE_COUNT	0x41c
class	clc5b5.h	NVC5B5_LINE_COUNT_VALUE	31:0
class	clc5b5.h	NVC5B5_LINE_LENGTH_IN	0x418
class	clc5b5.h	NVC5B5_LINE_LENGTH_IN_VALUE	31:0
class	clc5b5.h	NVC5B5_NOP	0x100
class	clc5b5.h	NVC5B5_NOP_PARAMETER	31:0
class	clc5b5.h	NVC5B5_OFFSET_IN_LOWER	0x404
class	clc5b5.h	NVC5B5_OFFSET_IN_LOWER_VALUE	31:0
class	clc5b5.h	NVC5B5_OFFSET_IN_UPPER	0x400
class	clc5b5.h	NVC5B5_OFFSET_IN_UPPER_UPPER	16:0
class	clc5b5.h	NVC5B5_OFFSET_OUT_LOWER	0x40c
class	clc5b5.h	NVC5B5_OFFSET_OUT_LOWER_VALUE	31:0
class	clc5b5.h	NVC5B5_OFFSET_OUT_UPPER	0x408
class	clc5b5.h	NVC5B5_OFFSET_OUT_UPPER_UPPER	16:0
class	clc5b5.h	NVC5B5_PITCH_IN	0x410
class	clc5b5.h	NVC5B5_PITCH_IN_VALUE	31:0
class	clc5b5.h	NVC5B5_PITCH_OUT	0x414
class	clc5b5.h	NVC5B5_PITCH_OUT_VALUE	31:0
class	clc5b5.h	NVC5B5_PM_TRIGGER	0x140
class	clc5b5.h	NVC5B5_PM_TRIGGER_END	0x1114
class	clc5b5.h	NVC5B5_PM_TRIGGER_END_V	31:0
class	clc5b5.h	NVC5B5_PM_TRIGGER_V	31:0
class	clc5b5.h	NVC5B5_SET_DST_BLOCK_SIZE	0x70c
class	clc5b5.h	NVC5B5_SET_DST_BLOCK_SIZE_DEPTH	11:8
class	clc5b5.h	NVC5B5_SET_DST_BLOCK_SIZE_DEPTH_EIGHT_GOBS	0x3
class	clc5b5.h	NVC5B5_SET_DST_BLOCK_SIZE_DEPTH_FOUR_GOBS	0x2
class	clc5b5.h	NVC5B5_SET_DST_BLOCK_SIZE_DEPTH_ONE_GOB	0x0
class	clc5b5.h	NVC5B5_SET_DST_BLOCK_SIZE_DEPTH_SIXTEEN_GOBS	0x4
class	clc5b5.h	NVC5B5_SET_DST_BLOCK_SIZE_DEPTH_THIRTYTWO_GOBS	0x5
class	clc5b5.h	NVC5B5_SET_DST_BLOCK_SIZE_DEPTH_TWO_GOBS	0x1
class	clc5b5.h	NVC5B5_SET_DST_BLOCK_SIZE_GOB_HEIGHT	15:12
class	clc5b5.h	NVC5B5_SET_DST_BLOCK_SIZE_GOB_HEIGHT_GOB_HEIGHT_FERMI_8	0x1
class	clc5b5.h	NVC5B5_SET_DST_BLOCK_SIZE_HEIGHT	7:4
class	clc5b5.h	NVC5B5_SET_DST_BLOCK_SIZE_HEIGHT_EIGHT_GOBS	0x3
class	clc5b5.h	NVC5B5_SET_DST_BLOCK_SIZE_HEIGHT_FOUR_GOBS	0x2
class	clc5b5.h	NVC5B5_SET_DST_BLOCK_SIZE_HEIGHT_ONE_GOB	0x0
class	clc5b5.h	NVC5B5_SET_DST_BLOCK_SIZE_HEIGHT_SIXTEEN_GOBS	0x4
class	clc5b5.h	NVC5B5_SET_DST_BLOCK_SIZE_HEIGHT_THIRTYTWO_GOBS	0x5
class	clc5b5.h	NVC5B5_SET_DST_BLOCK_SIZE_HEIGHT_TWO_GOBS	0x1
class	clc5b5.h	NVC5B5_SET_DST_BLOCK_SIZE_WIDTH	3:0
class	clc5b5.h	NVC5B5_SET_DST_BLOCK_SIZE_WIDTH_ONE_GOB	0x0
class	clc5b5.h	NVC5B5_SET_DST_DEPTH	0x718
class	clc5b5.h	NVC5B5_SET_DST_DEPTH_V	31:0
class	clc5b5.h	NVC5B5_SET_DST_HEIGHT	0x714
class	clc5b5.h	NVC5B5_SET_DST_HEIGHT_V	31:0
class	clc5b5.h	NVC5B5_SET_DST_LAYER	0x71c
class	clc5b5.h	NVC5B5_SET_DST_LAYER_V	31:0
class	clc5b5.h	NVC5B5_SET_DST_ORIGIN	0x720
class	clc5b5.h	NVC5B5_SET_DST_ORIGIN_X	15:0
class	clc5b5.h	NVC5B5_SET_DST_ORIGIN_Y	31:16
class	clc5b5.h	NVC5B5_SET_DST_PHYS_MODE	0x264
class	clc5b5.h	NVC5B5_SET_DST_PHYS_MODE_BASIC_KIND	5:2
class	clc5b5.h	NVC5B5_SET_DST_PHYS_MODE_TARGET	1:0
class	clc5b5.h	NVC5B5_SET_DST_PHYS_MODE_TARGET_COHERENT_SYSMEM	0x1
class	clc5b5.h	NVC5B5_SET_DST_PHYS_MODE_TARGET_LOCAL_FB	0x0
class	clc5b5.h	NVC5B5_SET_DST_PHYS_MODE_TARGET_NONCOHERENT_SYSMEM	0x2
class	clc5b5.h	NVC5B5_SET_DST_WIDTH	0x710
class	clc5b5.h	NVC5B5_SET_DST_WIDTH_V	31:0
class	clc5b5.h	NVC5B5_SET_REMAP_COMPONENTS	0x708
class	clc5b5.h	NVC5B5_SET_REMAP_COMPONENTS_COMPONENT_SIZE	17:16
class	clc5b5.h	NVC5B5_SET_REMAP_COMPONENTS_COMPONENT_SIZE_FOUR	0x3
class	clc5b5.h	NVC5B5_SET_REMAP_COMPONENTS_COMPONENT_SIZE_ONE	0x0
class	clc5b5.h	NVC5B5_SET_REMAP_COMPONENTS_COMPONENT_SIZE_THREE	0x2
class	clc5b5.h	NVC5B5_SET_REMAP_COMPONENTS_COMPONENT_SIZE_TWO	0x1
class	clc5b5.h	NVC5B5_SET_REMAP_COMPONENTS_DST_W	14:12
class	clc5b5.h	NVC5B5_SET_REMAP_COMPONENTS_DST_W_CONST_A	0x4
class	clc5b5.h	NVC5B5_SET_REMAP_COMPONENTS_DST_W_CONST_B	0x5
class	clc5b5.h	NVC5B5_SET_REMAP_COMPONENTS_DST_W_NO_WRITE	0x6
class	clc5b5.h	NVC5B5_SET_REMAP_COMPONENTS_DST_W_SRC_W	0x3
class	clc5b5.h	NVC5B5_SET_REMAP_COMPONENTS_DST_W_SRC_X	0x0
class	clc5b5.h	NVC5B5_SET_REMAP_COMPONENTS_DST_W_SRC_Y	0x1
class	clc5b5.h	NVC5B5_SET_REMAP_COMPONENTS_DST_W_SRC_Z	0x2
class	clc5b5.h	NVC5B5_SET_REMAP_COMPONENTS_DST_X	2:0
class	clc5b5.h	NVC5B5_SET_REMAP_COMPONENTS_DST_X_CONST_A	0x4
class	clc5b5.h	NVC5B5_SET_REMAP_COMPONENTS_DST_X_CONST_B	0x5
class	clc5b5.h	NVC5B5_SET_REMAP_COMPONENTS_DST_X_NO_WRITE	0x6
class	clc5b5.h	NVC5B5_SET_REMAP_COMPONENTS_DST_X_SRC_W	0x3
class	clc5b5.h	NVC5B5_SET_REMAP_COMPONENTS_DST_X_SRC_X	0x0
class	clc5b5.h	NVC5B5_SET_REMAP_COMPONENTS_DST_X_SRC_Y	0x1
class	clc5b5.h	NVC5B5_SET_REMAP_COMPONENTS_DST_X_SRC_Z	0x2
class	clc5b5.h	NVC5B5_SET_REMAP_COMPONENTS_DST_Y	6:4
class	clc5b5.h	NVC5B5_SET_REMAP_COMPONENTS_DST_Y_CONST_A	0x4
class	clc5b5.h	NVC5B5_SET_REMAP_COMPONENTS_DST_Y_CONST_B	0x5
class	clc5b5.h	NVC5B5_SET_REMAP_COMPONENTS_DST_Y_NO_WRITE	0x6
class	clc5b5.h	NVC5B5_SET_REMAP_COMPONENTS_DST_Y_SRC_W	0x3
class	clc5b5.h	NVC5B5_SET_REMAP_COMPONENTS_DST_Y_SRC_X	0x0
class	clc5b5.h	NVC5B5_SET_REMAP_COMPONENTS_DST_Y_SRC_Y	0x1
class	clc5b5.h	NVC5B5_SET_REMAP_COMPONENTS_DST_Y_SRC_Z	0x2
class	clc5b5.h	NVC5B5_SET_REMAP_COMPONENTS_DST_Z	10:8
class	clc5b5.h	NVC5B5_SET_REMAP_COMPONENTS_DST_Z_CONST_A	0x4
class	clc5b5.h	NVC5B5_SET_REMAP_COMPONENTS_DST_Z_CONST_B	0x5
class	clc5b5.h	NVC5B5_SET_REMAP_COMPONENTS_DST_Z_NO_WRITE	0x6
class	clc5b5.h	NVC5B5_SET_REMAP_COMPONENTS_DST_Z_SRC_W	0x3
class	clc5b5.h	NVC5B5_SET_REMAP_COMPONENTS_DST_Z_SRC_X	0x0
class	clc5b5.h	NVC5B5_SET_REMAP_COMPONENTS_DST_Z_SRC_Y	0x1
class	clc5b5.h	NVC5B5_SET_REMAP_COMPONENTS_DST_Z_SRC_Z	0x2
class	clc5b5.h	NVC5B5_SET_REMAP_COMPONENTS_NUM_DST_COMPONENTS	25:24
class	clc5b5.h	NVC5B5_SET_REMAP_COMPONENTS_NUM_DST_COMPONENTS_FOUR	0x3
class	clc5b5.h	NVC5B5_SET_REMAP_COMPONENTS_NUM_DST_COMPONENTS_ONE	0x0
class	clc5b5.h	NVC5B5_SET_REMAP_COMPONENTS_NUM_DST_COMPONENTS_THREE	0x2
class	clc5b5.h	NVC5B5_SET_REMAP_COMPONENTS_NUM_DST_COMPONENTS_TWO	0x1
class	clc5b5.h	NVC5B5_SET_REMAP_COMPONENTS_NUM_SRC_COMPONENTS	21:20
class	clc5b5.h	NVC5B5_SET_REMAP_COMPONENTS_NUM_SRC_COMPONENTS_FOUR	0x3
class	clc5b5.h	NVC5B5_SET_REMAP_COMPONENTS_NUM_SRC_COMPONENTS_ONE	0x0
class	clc5b5.h	NVC5B5_SET_REMAP_COMPONENTS_NUM_SRC_COMPONENTS_THREE	0x2
class	clc5b5.h	NVC5B5_SET_REMAP_COMPONENTS_NUM_SRC_COMPONENTS_TWO	0x1
class	clc5b5.h	NVC5B5_SET_REMAP_CONST_A	0x700
class	clc5b5.h	NVC5B5_SET_REMAP_CONST_A_V	31:0
class	clc5b5.h	NVC5B5_SET_REMAP_CONST_B	0x704
class	clc5b5.h	NVC5B5_SET_REMAP_CONST_B_V	31:0
class	clc5b5.h	NVC5B5_SET_RENDER_ENABLE_A	0x254
class	clc5b5.h	NVC5B5_SET_RENDER_ENABLE_A_UPPER	7:0
class	clc5b5.h	NVC5B5_SET_RENDER_ENABLE_B	0x258
class	clc5b5.h	NVC5B5_SET_RENDER_ENABLE_B_LOWER	31:0
class	clc5b5.h	NVC5B5_SET_RENDER_ENABLE_C	0x25c
class	clc5b5.h	NVC5B5_SET_RENDER_ENABLE_C_MODE	2:0
class	clc5b5.h	NVC5B5_SET_RENDER_ENABLE_C_MODE_CONDITIONAL	0x2
class	clc5b5.h	NVC5B5_SET_RENDER_ENABLE_C_MODE_FALSE	0x0
class	clc5b5.h	NVC5B5_SET_RENDER_ENABLE_C_MODE_RENDER_IF_EQUAL	0x3
class	clc5b5.h	NVC5B5_SET_RENDER_ENABLE_C_MODE_RENDER_IF_NOT_EQUAL	0x4
class	clc5b5.h	NVC5B5_SET_RENDER_ENABLE_C_MODE_TRUE	0x1
class	clc5b5.h	NVC5B5_SET_SEMAPHORE_A	0x240
class	clc5b5.h	NVC5B5_SET_SEMAPHORE_A_UPPER	16:0
class	clc5b5.h	NVC5B5_SET_SEMAPHORE_B	0x244
class	clc5b5.h	NVC5B5_SET_SEMAPHORE_B_LOWER	31:0
class	clc5b5.h	NVC5B5_SET_SEMAPHORE_PAYLOAD	0x248
class	clc5b5.h	NVC5B5_SET_SEMAPHORE_PAYLOAD_PAYLOAD	31:0
class	clc5b5.h	NVC5B5_SET_SRC_BLOCK_SIZE	0x728
class	clc5b5.h	NVC5B5_SET_SRC_BLOCK_SIZE_DEPTH	11:8
class	clc5b5.h	NVC5B5_SET_SRC_BLOCK_SIZE_DEPTH_EIGHT_GOBS	0x3
class	clc5b5.h	NVC5B5_SET_SRC_BLOCK_SIZE_DEPTH_FOUR_GOBS	0x2
class	clc5b5.h	NVC5B5_SET_SRC_BLOCK_SIZE_DEPTH_ONE_GOB	0x0
class	clc5b5.h	NVC5B5_SET_SRC_BLOCK_SIZE_DEPTH_SIXTEEN_GOBS	0x4
class	clc5b5.h	NVC5B5_SET_SRC_BLOCK_SIZE_DEPTH_THIRTYTWO_GOBS	0x5
class	clc5b5.h	NVC5B5_SET_SRC_BLOCK_SIZE_DEPTH_TWO_GOBS	0x1
class	clc5b5.h	NVC5B5_SET_SRC_BLOCK_SIZE_GOB_HEIGHT	15:12
class	clc5b5.h	NVC5B5_SET_SRC_BLOCK_SIZE_GOB_HEIGHT_GOB_HEIGHT_FERMI_8	0x1
class	clc5b5.h	NVC5B5_SET_SRC_BLOCK_SIZE_HEIGHT	7:4
class	clc5b5.h	NVC5B5_SET_SRC_BLOCK_SIZE_HEIGHT_EIGHT_GOBS	0x3
class	clc5b5.h	NVC5B5_SET_SRC_BLOCK_SIZE_HEIGHT_FOUR_GOBS	0x2
class	clc5b5.h	NVC5B5_SET_SRC_BLOCK_SIZE_HEIGHT_ONE_GOB	0x0
class	clc5b5.h	NVC5B5_SET_SRC_BLOCK_SIZE_HEIGHT_SIXTEEN_GOBS	0x4
class	clc5b5.h	NVC5B5_SET_SRC_BLOCK_SIZE_HEIGHT_THIRTYTWO_GOBS	0x5
class	clc5b5.h	NVC5B5_SET_SRC_BLOCK_SIZE_HEIGHT_TWO_GOBS	0x1
class	clc5b5.h	NVC5B5_SET_SRC_BLOCK_SIZE_WIDTH	3:0
class	clc5b5.h	NVC5B5_SET_SRC_BLOCK_SIZE_WIDTH_ONE_GOB	0x0
class	clc5b5.h	NVC5B5_SET_SRC_DEPTH	0x734
class	clc5b5.h	NVC5B5_SET_SRC_DEPTH_V	31:0
class	clc5b5.h	NVC5B5_SET_SRC_HEIGHT	0x730
class	clc5b5.h	NVC5B5_SET_SRC_HEIGHT_V	31:0
class	clc5b5.h	NVC5B5_SET_SRC_LAYER	0x738
class	clc5b5.h	NVC5B5_SET_SRC_LAYER_V	31:0
class	clc5b5.h	NVC5B5_SET_SRC_ORIGIN	0x73c
class	clc5b5.h	NVC5B5_SET_SRC_ORIGIN_X	15:0
class	clc5b5.h	NVC5B5_SET_SRC_ORIGIN_Y	31:16
class	clc5b5.h	NVC5B5_SET_SRC_PHYS_MODE	0x260
class	clc5b5.h	NVC5B5_SET_SRC_PHYS_MODE_BASIC_KIND	5:2
class	clc5b5.h	NVC5B5_SET_SRC_PHYS_MODE_TARGET	1:0
class	clc5b5.h	NVC5B5_SET_SRC_PHYS_MODE_TARGET_COHERENT_SYSMEM	0x1
class	clc5b5.h	NVC5B5_SET_SRC_PHYS_MODE_TARGET_LOCAL_FB	0x0
class	clc5b5.h	NVC5B5_SET_SRC_PHYS_MODE_TARGET_NONCOHERENT_SYSMEM	0x2
class	clc5b5.h	NVC5B5_SET_SRC_WIDTH	0x72c
class	clc5b5.h	NVC5B5_SET_SRC_WIDTH_V	31:0
class	clc5b5.h	NVC5B5_SRC_ORIGIN_X	0x744
class	clc5b5.h	NVC5B5_SRC_ORIGIN_X_VALUE	31:0
class	clc5b5.h	NVC5B5_SRC_ORIGIN_Y	0x748
class	clc5b5.h	NVC5B5_SRC_ORIGIN_Y_VALUE	31:0
class	clc6b5.h	NVC6B5_DST_ORIGIN_X	0x74c
class	clc6b5.h	NVC6B5_DST_ORIGIN_X_VALUE	31:0
class	clc6b5.h	NVC6B5_DST_ORIGIN_Y	0x750
class	clc6b5.h	NVC6B5_DST_ORIGIN_Y_VALUE	31:0
class	clc6b5.h	NVC6B5_LAUNCH_DMA	0x300
class	clc6b5.h	NVC6B5_LAUNCH_DMA_DATA_TRANSFER_TYPE	1:0
class	clc6b5.h	NVC6B5_LAUNCH_DMA_DATA_TRANSFER_TYPE_NONE	0x0
class	clc6b5.h	NVC6B5_LAUNCH_DMA_DATA_TRANSFER_TYPE_NON_PIPELINED	0x2
class	clc6b5.h	NVC6B5_LAUNCH_DMA_DATA_TRANSFER_TYPE_PIPELINED	0x1
class	clc6b5.h	NVC6B5_LAUNCH_DMA_DISABLE_PLC	26:26
class	clc6b5.h	NVC6B5_LAUNCH_DMA_DISABLE_PLC_FALSE	0x0
class	clc6b5.h	NVC6B5_LAUNCH_DMA_DISABLE_PLC_TRUE	0x1
class	clc6b5.h	NVC6B5_LAUNCH_DMA_DST_MEMORY_LAYOUT	8:8
class	clc6b5.h	NVC6B5_LAUNCH_DMA_DST_MEMORY_LAYOUT_BLOCKLINEAR	0x0
class	clc6b5.h	NVC6B5_LAUNCH_DMA_DST_MEMORY_LAYOUT_PITCH	0x1
class	clc6b5.h	NVC6B5_LAUNCH_DMA_DST_TYPE	13:13
class	clc6b5.h	NVC6B5_LAUNCH_DMA_DST_TYPE_PHYSICAL	0x1
class	clc6b5.h	NVC6B5_LAUNCH_DMA_DST_TYPE_VIRTUAL	0x0
class	clc6b5.h	NVC6B5_LAUNCH_DMA_FLUSH_ENABLE	2:2
class	clc6b5.h	NVC6B5_LAUNCH_DMA_FLUSH_ENABLE_FALSE	0x0
class	clc6b5.h	NVC6B5_LAUNCH_DMA_FLUSH_ENABLE_TRUE	0x1
class	clc6b5.h	NVC6B5_LAUNCH_DMA_FLUSH_TYPE	25:25
class	clc6b5.h	NVC6B5_LAUNCH_DMA_FLUSH_TYPE_GL	0x1
class	clc6b5.h	NVC6B5_LAUNCH_DMA_FLUSH_TYPE_SYS	0x0
class	clc6b5.h	NVC6B5_LAUNCH_DMA_FORCE_RMWDISABLE	11:11
class	clc6b5.h	NVC6B5_LAUNCH_DMA_FORCE_RMWDISABLE_FALSE	0x0
class	clc6b5.h	NVC6B5_LAUNCH_DMA_FORCE_RMWDISABLE_TRUE	0x1
class	clc6b5.h	NVC6B5_LAUNCH_DMA_INTERRUPT_TYPE	6:5
class	clc6b5.h	NVC6B5_LAUNCH_DMA_INTERRUPT_TYPE_BLOCKING	0x1
class	clc6b5.h	NVC6B5_LAUNCH_DMA_INTERRUPT_TYPE_NONE	0x0
class	clc6b5.h	NVC6B5_LAUNCH_DMA_INTERRUPT_TYPE_NON_BLOCKING	0x2
class	clc6b5.h	NVC6B5_LAUNCH_DMA_MULTI_LINE_ENABLE	9:9
class	clc6b5.h	NVC6B5_LAUNCH_DMA_MULTI_LINE_ENABLE_FALSE	0x0
class	clc6b5.h	NVC6B5_LAUNCH_DMA_MULTI_LINE_ENABLE_TRUE	0x1
class	clc6b5.h	NVC6B5_LAUNCH_DMA_REMAP_ENABLE	10:10
class	clc6b5.h	NVC6B5_LAUNCH_DMA_REMAP_ENABLE_FALSE	0x0
class	clc6b5.h	NVC6B5_LAUNCH_DMA_REMAP_ENABLE_TRUE	0x1
class	clc6b5.h	NVC6B5_LAUNCH_DMA_RESERVED_ERR_CODE	31:28
class	clc6b5.h	NVC6B5_LAUNCH_DMA_RESERVED_START_OF_COPY	24:24
class	clc6b5.h	NVC6B5_LAUNCH_DMA_SEMAPHORE_REDUCTION	17:14
class	clc6b5.h	NVC6B5_LAUNCH_DMA_SEMAPHORE_REDUCTION_DEC	0x7
class	clc6b5.h	NVC6B5_LAUNCH_DMA_SEMAPHORE_REDUCTION_ENABLE	19:19
class	clc6b5.h	NVC6B5_LAUNCH_DMA_SEMAPHORE_REDUCTION_ENABLE_FALSE	0x0
class	clc6b5.h	NVC6B5_LAUNCH_DMA_SEMAPHORE_REDUCTION_ENABLE_TRUE	0x1
class	clc6b5.h	NVC6B5_LAUNCH_DMA_SEMAPHORE_REDUCTION_FADD	0xa
class	clc6b5.h	NVC6B5_LAUNCH_DMA_SEMAPHORE_REDUCTION_IADD	0x5
class	clc6b5.h	NVC6B5_LAUNCH_DMA_SEMAPHORE_REDUCTION_IAND	0x3
class	clc6b5.h	NVC6B5_LAUNCH_DMA_SEMAPHORE_REDUCTION_IMAX	0x1
class	clc6b5.h	NVC6B5_LAUNCH_DMA_SEMAPHORE_REDUCTION_IMIN	0x0
class	clc6b5.h	NVC6B5_LAUNCH_DMA_SEMAPHORE_REDUCTION_INC	0x6
class	clc6b5.h	NVC6B5_LAUNCH_DMA_SEMAPHORE_REDUCTION_IOR	0x4
class	clc6b5.h	NVC6B5_LAUNCH_DMA_SEMAPHORE_REDUCTION_IXOR	0x2
class	clc6b5.h	NVC6B5_LAUNCH_DMA_SEMAPHORE_REDUCTION_SIGN	18:18
class	clc6b5.h	NVC6B5_LAUNCH_DMA_SEMAPHORE_REDUCTION_SIGN_SIGNED	0x0
class	clc6b5.h	NVC6B5_LAUNCH_DMA_SEMAPHORE_REDUCTION_SIGN_UNSIGNED	0x1
class	clc6b5.h	NVC6B5_LAUNCH_DMA_SEMAPHORE_TYPE	4:3
class	clc6b5.h	NVC6B5_LAUNCH_DMA_SEMAPHORE_TYPE_NONE	0x0
class	clc6b5.h	NVC6B5_LAUNCH_DMA_SEMAPHORE_TYPE_RELEASE_CONDITIONAL_INTR_SEMAPHORE	0x3
class	clc6b5.h	NVC6B5_LAUNCH_DMA_SEMAPHORE_TYPE_RELEASE_FOUR_WORD_SEMAPHORE	0x2
class	clc6b5.h	NVC6B5_LAUNCH_DMA_SEMAPHORE_TYPE_RELEASE_ONE_WORD_SEMAPHORE	0x1
class	clc6b5.h	NVC6B5_LAUNCH_DMA_SRC_MEMORY_LAYOUT	7:7
class	clc6b5.h	NVC6B5_LAUNCH_DMA_SRC_MEMORY_LAYOUT_BLOCKLINEAR	0x0
class	clc6b5.h	NVC6B5_LAUNCH_DMA_SRC_MEMORY_LAYOUT_PITCH	0x1
class	clc6b5.h	NVC6B5_LAUNCH_DMA_SRC_TYPE	12:12
class	clc6b5.h	NVC6B5_LAUNCH_DMA_SRC_TYPE_PHYSICAL	0x1
class	clc6b5.h	NVC6B5_LAUNCH_DMA_SRC_TYPE_VIRTUAL	0x0
class	clc6b5.h	NVC6B5_LAUNCH_DMA_VPRMODE	23:22
class	clc6b5.h	NVC6B5_LAUNCH_DMA_VPRMODE_VPR_NONE	0x0
class	clc6b5.h	NVC6B5_LAUNCH_DMA_VPRMODE_VPR_VID2VID	0x1
class	clc6b5.h	NVC6B5_LINE_COUNT	0x41c
class	clc6b5.h	NVC6B5_LINE_COUNT_VALUE	31:0
class	clc6b5.h	NVC6B5_LINE_LENGTH_IN	0x418
class	clc6b5.h	NVC6B5_LINE_LENGTH_IN_VALUE	31:0
class	clc6b5.h	NVC6B5_NOP	0x100
class	clc6b5.h	NVC6B5_NOP_PARAMETER	31:0
class	clc6b5.h	NVC6B5_OFFSET_IN_LOWER	0x404
class	clc6b5.h	NVC6B5_OFFSET_IN_LOWER_VALUE	31:0
class	clc6b5.h	NVC6B5_OFFSET_IN_UPPER	0x400
class	clc6b5.h	NVC6B5_OFFSET_IN_UPPER_UPPER	16:0
class	clc6b5.h	NVC6B5_OFFSET_OUT_LOWER	0x40c
class	clc6b5.h	NVC6B5_OFFSET_OUT_LOWER_VALUE	31:0
class	clc6b5.h	NVC6B5_OFFSET_OUT_UPPER	0x408
class	clc6b5.h	NVC6B5_OFFSET_OUT_UPPER_UPPER	16:0
class	clc6b5.h	NVC6B5_PITCH_IN	0x410
class	clc6b5.h	NVC6B5_PITCH_IN_VALUE	31:0
class	clc6b5.h	NVC6B5_PITCH_OUT	0x414
class	clc6b5.h	NVC6B5_PITCH_OUT_VALUE	31:0
class	clc6b5.h	NVC6B5_PM_TRIGGER	0x140
class	clc6b5.h	NVC6B5_PM_TRIGGER_END	0x1114
class	clc6b5.h	NVC6B5_PM_TRIGGER_END_V	31:0
class	clc6b5.h	NVC6B5_PM_TRIGGER_V	31:0
class	clc6b5.h	NVC6B5_SET_DST_BLOCK_SIZE	0x70c
class	clc6b5.h	NVC6B5_SET_DST_BLOCK_SIZE_DEPTH	11:8
class	clc6b5.h	NVC6B5_SET_DST_BLOCK_SIZE_DEPTH_EIGHT_GOBS	0x3
class	clc6b5.h	NVC6B5_SET_DST_BLOCK_SIZE_DEPTH_FOUR_GOBS	0x2
class	clc6b5.h	NVC6B5_SET_DST_BLOCK_SIZE_DEPTH_ONE_GOB	0x0
class	clc6b5.h	NVC6B5_SET_DST_BLOCK_SIZE_DEPTH_SIXTEEN_GOBS	0x4
class	clc6b5.h	NVC6B5_SET_DST_BLOCK_SIZE_DEPTH_THIRTYTWO_GOBS	0x5
class	clc6b5.h	NVC6B5_SET_DST_BLOCK_SIZE_DEPTH_TWO_GOBS	0x1
class	clc6b5.h	NVC6B5_SET_DST_BLOCK_SIZE_GOB_HEIGHT	15:12
class	clc6b5.h	NVC6B5_SET_DST_BLOCK_SIZE_GOB_HEIGHT_GOB_HEIGHT_FERMI_8	0x1
class	clc6b5.h	NVC6B5_SET_DST_BLOCK_SIZE_HEIGHT	7:4
class	clc6b5.h	NVC6B5_SET_DST_BLOCK_SIZE_HEIGHT_EIGHT_GOBS	0x3
class	clc6b5.h	NVC6B5_SET_DST_BLOCK_SIZE_HEIGHT_FOUR_GOBS	0x2
class	clc6b5.h	NVC6B5_SET_DST_BLOCK_SIZE_HEIGHT_ONE_GOB	0x0
class	clc6b5.h	NVC6B5_SET_DST_BLOCK_SIZE_HEIGHT_SIXTEEN_GOBS	0x4
class	clc6b5.h	NVC6B5_SET_DST_BLOCK_SIZE_HEIGHT_THIRTYTWO_GOBS	0x5
class	clc6b5.h	NVC6B5_SET_DST_BLOCK_SIZE_HEIGHT_TWO_GOBS	0x1
class	clc6b5.h	NVC6B5_SET_DST_BLOCK_SIZE_WIDTH	3:0
class	clc6b5.h	NVC6B5_SET_DST_BLOCK_SIZE_WIDTH_ONE_GOB	0x0
class	clc6b5.h	NVC6B5_SET_DST_DEPTH	0x718
class	clc6b5.h	NVC6B5_SET_DST_DEPTH_V	31:0
class	clc6b5.h	NVC6B5_SET_DST_HEIGHT	0x714
class	clc6b5.h	NVC6B5_SET_DST_HEIGHT_V	31:0
class	clc6b5.h	NVC6B5_SET_DST_LAYER	0x71c
class	clc6b5.h	NVC6B5_SET_DST_LAYER_V	31:0
class	clc6b5.h	NVC6B5_SET_DST_ORIGIN	0x720
class	clc6b5.h	NVC6B5_SET_DST_ORIGIN_X	15:0
class	clc6b5.h	NVC6B5_SET_DST_ORIGIN_Y	31:16
class	clc6b5.h	NVC6B5_SET_DST_PHYS_MODE	0x264
class	clc6b5.h	NVC6B5_SET_DST_PHYS_MODE_BASIC_KIND	5:2
class	clc6b5.h	NVC6B5_SET_DST_PHYS_MODE_FLA	9:9
class	clc6b5.h	NVC6B5_SET_DST_PHYS_MODE_PEER_ID	8:6
class	clc6b5.h	NVC6B5_SET_DST_PHYS_MODE_TARGET	1:0
class	clc6b5.h	NVC6B5_SET_DST_PHYS_MODE_TARGET_COHERENT_SYSMEM	0x1
class	clc6b5.h	NVC6B5_SET_DST_PHYS_MODE_TARGET_LOCAL_FB	0x0
class	clc6b5.h	NVC6B5_SET_DST_PHYS_MODE_TARGET_NONCOHERENT_SYSMEM	0x2
class	clc6b5.h	NVC6B5_SET_DST_PHYS_MODE_TARGET_PEERMEM	0x3
class	clc6b5.h	NVC6B5_SET_DST_WIDTH	0x710
class	clc6b5.h	NVC6B5_SET_DST_WIDTH_V	31:0
class	clc6b5.h	NVC6B5_SET_REMAP_COMPONENTS	0x708
class	clc6b5.h	NVC6B5_SET_REMAP_COMPONENTS_COMPONENT_SIZE	17:16
class	clc6b5.h	NVC6B5_SET_REMAP_COMPONENTS_COMPONENT_SIZE_FOUR	0x3
class	clc6b5.h	NVC6B5_SET_REMAP_COMPONENTS_COMPONENT_SIZE_ONE	0x0
class	clc6b5.h	NVC6B5_SET_REMAP_COMPONENTS_COMPONENT_SIZE_THREE	0x2
class	clc6b5.h	NVC6B5_SET_REMAP_COMPONENTS_COMPONENT_SIZE_TWO	0x1
class	clc6b5.h	NVC6B5_SET_REMAP_COMPONENTS_DST_W	14:12
class	clc6b5.h	NVC6B5_SET_REMAP_COMPONENTS_DST_W_CONST_A	0x4
class	clc6b5.h	NVC6B5_SET_REMAP_COMPONENTS_DST_W_CONST_B	0x5
class	clc6b5.h	NVC6B5_SET_REMAP_COMPONENTS_DST_W_NO_WRITE	0x6
class	clc6b5.h	NVC6B5_SET_REMAP_COMPONENTS_DST_W_SRC_W	0x3
class	clc6b5.h	NVC6B5_SET_REMAP_COMPONENTS_DST_W_SRC_X	0x0
class	clc6b5.h	NVC6B5_SET_REMAP_COMPONENTS_DST_W_SRC_Y	0x1
class	clc6b5.h	NVC6B5_SET_REMAP_COMPONENTS_DST_W_SRC_Z	0x2
class	clc6b5.h	NVC6B5_SET_REMAP_COMPONENTS_DST_X	2:0
class	clc6b5.h	NVC6B5_SET_REMAP_COMPONENTS_DST_X_CONST_A	0x4
class	clc6b5.h	NVC6B5_SET_REMAP_COMPONENTS_DST_X_CONST_B	0x5
class	clc6b5.h	NVC6B5_SET_REMAP_COMPONENTS_DST_X_NO_WRITE	0x6
class	clc6b5.h	NVC6B5_SET_REMAP_COMPONENTS_DST_X_SRC_W	0x3
class	clc6b5.h	NVC6B5_SET_REMAP_COMPONENTS_DST_X_SRC_X	0x0
class	clc6b5.h	NVC6B5_SET_REMAP_COMPONENTS_DST_X_SRC_Y	0x1
class	clc6b5.h	NVC6B5_SET_REMAP_COMPONENTS_DST_X_SRC_Z	0x2
class	clc6b5.h	NVC6B5_SET_REMAP_COMPONENTS_DST_Y	6:4
class	clc6b5.h	NVC6B5_SET_REMAP_COMPONENTS_DST_Y_CONST_A	0x4
class	clc6b5.h	NVC6B5_SET_REMAP_COMPONENTS_DST_Y_CONST_B	0x5
class	clc6b5.h	NVC6B5_SET_REMAP_COMPONENTS_DST_Y_NO_WRITE	0x6
class	clc6b5.h	NVC6B5_SET_REMAP_COMPONENTS_DST_Y_SRC_W	0x3
class	clc6b5.h	NVC6B5_SET_REMAP_COMPONENTS_DST_Y_SRC_X	0x0
class	clc6b5.h	NVC6B5_SET_REMAP_COMPONENTS_DST_Y_SRC_Y	0x1
class	clc6b5.h	NVC6B5_SET_REMAP_COMPONENTS_DST_Y_SRC_Z	0x2
class	clc6b5.h	NVC6B5_SET_REMAP_COMPONENTS_DST_Z	10:8
class	clc6b5.h	NVC6B5_SET_REMAP_COMPONENTS_DST_Z_CONST_A	0x4
class	clc6b5.h	NVC6B5_SET_REMAP_COMPONENTS_DST_Z_CONST_B	0x5
class	clc6b5.h	NVC6B5_SET_REMAP_COMPONENTS_DST_Z_NO_WRITE	0x6
class	clc6b5.h	NVC6B5_SET_REMAP_COMPONENTS_DST_Z_SRC_W	0x3
class	clc6b5.h	NVC6B5_SET_REMAP_COMPONENTS_DST_Z_SRC_X	0x0
class	clc6b5.h	NVC6B5_SET_REMAP_COMPONENTS_DST_Z_SRC_Y	0x1
class	clc6b5.h	NVC6B5_SET_REMAP_COMPONENTS_DST_Z_SRC_Z	0x2
class	clc6b5.h	NVC6B5_SET_REMAP_COMPONENTS_NUM_DST_COMPONENTS	25:24
class	clc6b5.h	NVC6B5_SET_REMAP_COMPONENTS_NUM_DST_COMPONENTS_FOUR	0x3
class	clc6b5.h	NVC6B5_SET_REMAP_COMPONENTS_NUM_DST_COMPONENTS_ONE	0x0
class	clc6b5.h	NVC6B5_SET_REMAP_COMPONENTS_NUM_DST_COMPONENTS_THREE	0x2
class	clc6b5.h	NVC6B5_SET_REMAP_COMPONENTS_NUM_DST_COMPONENTS_TWO	0x1
class	clc6b5.h	NVC6B5_SET_REMAP_COMPONENTS_NUM_SRC_COMPONENTS	21:20
class	clc6b5.h	NVC6B5_SET_REMAP_COMPONENTS_NUM_SRC_COMPONENTS_FOUR	0x3
class	clc6b5.h	NVC6B5_SET_REMAP_COMPONENTS_NUM_SRC_COMPONENTS_ONE	0x0
class	clc6b5.h	NVC6B5_SET_REMAP_COMPONENTS_NUM_SRC_COMPONENTS_THREE	0x2
class	clc6b5.h	NVC6B5_SET_REMAP_COMPONENTS_NUM_SRC_COMPONENTS_TWO	0x1
class	clc6b5.h	NVC6B5_SET_REMAP_CONST_A	0x700
class	clc6b5.h	NVC6B5_SET_REMAP_CONST_A_V	31:0
class	clc6b5.h	NVC6B5_SET_REMAP_CONST_B	0x704
class	clc6b5.h	NVC6B5_SET_REMAP_CONST_B_V	31:0
class	clc6b5.h	NVC6B5_SET_RENDER_ENABLE_A	0x254
class	clc6b5.h	NVC6B5_SET_RENDER_ENABLE_A_UPPER	7:0
class	clc6b5.h	NVC6B5_SET_RENDER_ENABLE_B	0x258
class	clc6b5.h	NVC6B5_SET_RENDER_ENABLE_B_LOWER	31:0
class	clc6b5.h	NVC6B5_SET_RENDER_ENABLE_C	0x25c
class	clc6b5.h	NVC6B5_SET_RENDER_ENABLE_C_MODE	2:0
class	clc6b5.h	NVC6B5_SET_RENDER_ENABLE_C_MODE_CONDITIONAL	0x2
class	clc6b5.h	NVC6B5_SET_RENDER_ENABLE_C_MODE_FALSE	0x0
class	clc6b5.h	NVC6B5_SET_RENDER_ENABLE_C_MODE_RENDER_IF_EQUAL	0x3
class	clc6b5.h	NVC6B5_SET_RENDER_ENABLE_C_MODE_RENDER_IF_NOT_EQUAL	0x4
class	clc6b5.h	NVC6B5_SET_RENDER_ENABLE_C_MODE_TRUE	0x1
class	clc6b5.h	NVC6B5_SET_SEMAPHORE_A	0x240
class	clc6b5.h	NVC6B5_SET_SEMAPHORE_A_UPPER	16:0
class	clc6b5.h	NVC6B5_SET_SEMAPHORE_B	0x244
class	clc6b5.h	NVC6B5_SET_SEMAPHORE_B_LOWER	31:0
class	clc6b5.h	NVC6B5_SET_SEMAPHORE_PAYLOAD	0x248
class	clc6b5.h	NVC6B5_SET_SEMAPHORE_PAYLOAD_PAYLOAD	31:0
class	clc6b5.h	NVC6B5_SET_SRC_BLOCK_SIZE	0x728
class	clc6b5.h	NVC6B5_SET_SRC_BLOCK_SIZE_DEPTH	11:8
class	clc6b5.h	NVC6B5_SET_SRC_BLOCK_SIZE_DEPTH_EIGHT_GOBS	0x3
class	clc6b5.h	NVC6B5_SET_SRC_BLOCK_SIZE_DEPTH_FOUR_GOBS	0x2
class	clc6b5.h	NVC6B5_SET_SRC_BLOCK_SIZE_DEPTH_ONE_GOB	0x0
class	clc6b5.h	NVC6B5_SET_SRC_BLOCK_SIZE_DEPTH_SIXTEEN_GOBS	0x4
class	clc6b5.h	NVC6B5_SET_SRC_BLOCK_SIZE_DEPTH_THIRTYTWO_GOBS	0x5
class	clc6b5.h	NVC6B5_SET_SRC_BLOCK_SIZE_DEPTH_TWO_GOBS	0x1
class	clc6b5.h	NVC6B5_SET_SRC_BLOCK_SIZE_GOB_HEIGHT	15:12
class	clc6b5.h	NVC6B5_SET_SRC_BLOCK_SIZE_GOB_HEIGHT_GOB_HEIGHT_FERMI_8	0x1
class	clc6b5.h	NVC6B5_SET_SRC_BLOCK_SIZE_HEIGHT	7:4
class	clc6b5.h	NVC6B5_SET_SRC_BLOCK_SIZE_HEIGHT_EIGHT_GOBS	0x3
class	clc6b5.h	NVC6B5_SET_SRC_BLOCK_SIZE_HEIGHT_FOUR_GOBS	0x2
class	clc6b5.h	NVC6B5_SET_SRC_BLOCK_SIZE_HEIGHT_ONE_GOB	0x0
class	clc6b5.h	NVC6B5_SET_SRC_BLOCK_SIZE_HEIGHT_SIXTEEN_GOBS	0x4
class	clc6b5.h	NVC6B5_SET_SRC_BLOCK_SIZE_HEIGHT_THIRTYTWO_GOBS	0x5
class	clc6b5.h	NVC6B5_SET_SRC_BLOCK_SIZE_HEIGHT_TWO_GOBS	0x1
class	clc6b5.h	NVC6B5_SET_SRC_BLOCK_SIZE_WIDTH	3:0
class	clc6b5.h	NVC6B5_SET_SRC_BLOCK_SIZE_WIDTH_ONE_GOB	0x0
class	clc6b5.h	NVC6B5_SET_SRC_DEPTH	0x734
class	clc6b5.h	NVC6B5_SET_SRC_DEPTH_V	31:0
class	clc6b5.h	NVC6B5_SET_SRC_HEIGHT	0x730
class	clc6b5.h	NVC6B5_SET_SRC_HEIGHT_V	31:0
class	clc6b5.h	NVC6B5_SET_SRC_LAYER	0x738
class	clc6b5.h	NVC6B5_SET_SRC_LAYER_V	31:0
class	clc6b5.h	NVC6B5_SET_SRC_ORIGIN	0x73c
class	clc6b5.h	NVC6B5_SET_SRC_ORIGIN_X	15:0
class	clc6b5.h	NVC6B5_SET_SRC_ORIGIN_Y	31:16
class	clc6b5.h	NVC6B5_SET_SRC_PHYS_MODE	0x260
class	clc6b5.h	NVC6B5_SET_SRC_PHYS_MODE_BASIC_KIND	5:2
class	clc6b5.h	NVC6B5_SET_SRC_PHYS_MODE_FLA	9:9
class	clc6b5.h	NVC6B5_SET_SRC_PHYS_MODE_PEER_ID	8:6
class	clc6b5.h	NVC6B5_SET_SRC_PHYS_MODE_TARGET	1:0
class	clc6b5.h	NVC6B5_SET_SRC_PHYS_MODE_TARGET_COHERENT_SYSMEM	0x1
class	clc6b5.h	NVC6B5_SET_SRC_PHYS_MODE_TARGET_LOCAL_FB	0x0
class	clc6b5.h	NVC6B5_SET_SRC_PHYS_MODE_TARGET_NONCOHERENT_SYSMEM	0x2
class	clc6b5.h	NVC6B5_SET_SRC_PHYS_MODE_TARGET_PEERMEM	0x3
class	clc6b5.h	NVC6B5_SET_SRC_WIDTH	0x72c
class	clc6b5.h	NVC6B5_SET_SRC_WIDTH_V	31:0
class	clc6b5.h	NVC6B5_SRC_ORIGIN_X	0x744
class	clc6b5.h	NVC6B5_SRC_ORIGIN_X_VALUE	31:0
class	clc6b5.h	NVC6B5_SRC_ORIGIN_Y	0x748
class	clc6b5.h	NVC6B5_SRC_ORIGIN_Y_VALUE	31:0
class	clc7b5.h	NVC7B5_DST_ORIGIN_X	0x74c
class	clc7b5.h	NVC7B5_DST_ORIGIN_X_VALUE	31:0
class	clc7b5.h	NVC7B5_DST_ORIGIN_Y	0x750
class	clc7b5.h	NVC7B5_DST_ORIGIN_Y_VALUE	31:0
class	clc7b5.h	NVC7B5_LAUNCH_DMA	0x300
class	clc7b5.h	NVC7B5_LAUNCH_DMA_DATA_TRANSFER_TYPE	1:0
class	clc7b5.h	NVC7B5_LAUNCH_DMA_DATA_TRANSFER_TYPE_NONE	0x0
class	clc7b5.h	NVC7B5_LAUNCH_DMA_DATA_TRANSFER_TYPE_NON_PIPELINED	0x2
class	clc7b5.h	NVC7B5_LAUNCH_DMA_DATA_TRANSFER_TYPE_PIPELINED	0x1
class	clc7b5.h	NVC7B5_LAUNCH_DMA_DISABLE_PLC	26:26
class	clc7b5.h	NVC7B5_LAUNCH_DMA_DISABLE_PLC_FALSE	0x0
class	clc7b5.h	NVC7B5_LAUNCH_DMA_DISABLE_PLC_TRUE	0x1
class	clc7b5.h	NVC7B5_LAUNCH_DMA_DST_MEMORY_LAYOUT	8:8
class	clc7b5.h	NVC7B5_LAUNCH_DMA_DST_MEMORY_LAYOUT_BLOCKLINEAR	0x0
class	clc7b5.h	NVC7B5_LAUNCH_DMA_DST_MEMORY_LAYOUT_PITCH	0x1
class	clc7b5.h	NVC7B5_LAUNCH_DMA_DST_TYPE	13:13
class	clc7b5.h	NVC7B5_LAUNCH_DMA_DST_TYPE_PHYSICAL	0x1
class	clc7b5.h	NVC7B5_LAUNCH_DMA_DST_TYPE_VIRTUAL	0x0
class	clc7b5.h	NVC7B5_LAUNCH_DMA_FLUSH_ENABLE	2:2
class	clc7b5.h	NVC7B5_LAUNCH_DMA_FLUSH_ENABLE_FALSE	0x0
class	clc7b5.h	NVC7B5_LAUNCH_DMA_FLUSH_ENABLE_TRUE	0x1
class	clc7b5.h	NVC7B5_LAUNCH_DMA_FLUSH_TYPE	25:25
class	clc7b5.h	NVC7B5_LAUNCH_DMA_FLUSH_TYPE_GL	0x1
class	clc7b5.h	NVC7B5_LAUNCH_DMA_FLUSH_TYPE_SYS	0x0
class	clc7b5.h	NVC7B5_LAUNCH_DMA_FORCE_RMWDISABLE	11:11
class	clc7b5.h	NVC7B5_LAUNCH_DMA_FORCE_RMWDISABLE_FALSE	0x0
class	clc7b5.h	NVC7B5_LAUNCH_DMA_FORCE_RMWDISABLE_TRUE	0x1
class	clc7b5.h	NVC7B5_LAUNCH_DMA_INTERRUPT_TYPE	6:5
class	clc7b5.h	NVC7B5_LAUNCH_DMA_INTERRUPT_TYPE_BLOCKING	0x1
class	clc7b5.h	NVC7B5_LAUNCH_DMA_INTERRUPT_TYPE_NONE	0x0
class	clc7b5.h	NVC7B5_LAUNCH_DMA_INTERRUPT_TYPE_NON_BLOCKING	0x2
class	clc7b5.h	NVC7B5_LAUNCH_DMA_MULTI_LINE_ENABLE	9:9
class	clc7b5.h	NVC7B5_LAUNCH_DMA_MULTI_LINE_ENABLE_FALSE	0x0
class	clc7b5.h	NVC7B5_LAUNCH_DMA_MULTI_LINE_ENABLE_TRUE	0x1
class	clc7b5.h	NVC7B5_LAUNCH_DMA_REMAP_ENABLE	10:10
class	clc7b5.h	NVC7B5_LAUNCH_DMA_REMAP_ENABLE_FALSE	0x0
class	clc7b5.h	NVC7B5_LAUNCH_DMA_REMAP_ENABLE_TRUE	0x1
class	clc7b5.h	NVC7B5_LAUNCH_DMA_RESERVED_ERR_CODE	31:28
class	clc7b5.h	NVC7B5_LAUNCH_DMA_RESERVED_START_OF_COPY	24:24
class	clc7b5.h	NVC7B5_LAUNCH_DMA_SEMAPHORE_PAYLOAD_SIZE	27:27
class	clc7b5.h	NVC7B5_LAUNCH_DMA_SEMAPHORE_PAYLOAD_SIZE_ONE_WORD	0x0
class	clc7b5.h	NVC7B5_LAUNCH_DMA_SEMAPHORE_PAYLOAD_SIZE_TWO_WORD	0x1
class	clc7b5.h	NVC7B5_LAUNCH_DMA_SEMAPHORE_REDUCTION	17:14
class	clc7b5.h	NVC7B5_LAUNCH_DMA_SEMAPHORE_REDUCTION_DEC	0x7
class	clc7b5.h	NVC7B5_LAUNCH_DMA_SEMAPHORE_REDUCTION_ENABLE	19:19
class	clc7b5.h	NVC7B5_LAUNCH_DMA_SEMAPHORE_REDUCTION_ENABLE_FALSE	0x0
class	clc7b5.h	NVC7B5_LAUNCH_DMA_SEMAPHORE_REDUCTION_ENABLE_TRUE	0x1
class	clc7b5.h	NVC7B5_LAUNCH_DMA_SEMAPHORE_REDUCTION_FADD	0xa
class	clc7b5.h	NVC7B5_LAUNCH_DMA_SEMAPHORE_REDUCTION_FMAX	0xc
class	clc7b5.h	NVC7B5_LAUNCH_DMA_SEMAPHORE_REDUCTION_FMIN	0xb
class	clc7b5.h	NVC7B5_LAUNCH_DMA_SEMAPHORE_REDUCTION_IADD	0x5
class	clc7b5.h	NVC7B5_LAUNCH_DMA_SEMAPHORE_REDUCTION_IAND	0x3
class	clc7b5.h	NVC7B5_LAUNCH_DMA_SEMAPHORE_REDUCTION_IMAX	0x1
class	clc7b5.h	NVC7B5_LAUNCH_DMA_SEMAPHORE_REDUCTION_IMIN	0x0
class	clc7b5.h	NVC7B5_LAUNCH_DMA_SEMAPHORE_REDUCTION_INC	0x6
class	clc7b5.h	NVC7B5_LAUNCH_DMA_SEMAPHORE_REDUCTION_INVALIDA	0x8
class	clc7b5.h	NVC7B5_LAUNCH_DMA_SEMAPHORE_REDUCTION_INVALIDB	0x9
class	clc7b5.h	NVC7B5_LAUNCH_DMA_SEMAPHORE_REDUCTION_INVALIDC	0xd
class	clc7b5.h	NVC7B5_LAUNCH_DMA_SEMAPHORE_REDUCTION_INVALIDD	0xe
class	clc7b5.h	NVC7B5_LAUNCH_DMA_SEMAPHORE_REDUCTION_INVALIDE	0xf
class	clc7b5.h	NVC7B5_LAUNCH_DMA_SEMAPHORE_REDUCTION_IOR	0x4
class	clc7b5.h	NVC7B5_LAUNCH_DMA_SEMAPHORE_REDUCTION_IXOR	0x2
class	clc7b5.h	NVC7B5_LAUNCH_DMA_SEMAPHORE_REDUCTION_SIGN	18:18
class	clc7b5.h	NVC7B5_LAUNCH_DMA_SEMAPHORE_REDUCTION_SIGN_SIGNED	0x0
class	clc7b5.h	NVC7B5_LAUNCH_DMA_SEMAPHORE_REDUCTION_SIGN_UNSIGNED	0x1
class	clc7b5.h	NVC7B5_LAUNCH_DMA_SEMAPHORE_TYPE	4:3
class	clc7b5.h	NVC7B5_LAUNCH_DMA_SEMAPHORE_TYPE_NONE	0x0
class	clc7b5.h	NVC7B5_LAUNCH_DMA_SEMAPHORE_TYPE_RELEASE_CONDITIONAL_INTR_SEMAPHORE	0x3
class	clc7b5.h	NVC7B5_LAUNCH_DMA_SEMAPHORE_TYPE_RELEASE_FOUR_WORD_SEMAPHORE	0x2
class	clc7b5.h	NVC7B5_LAUNCH_DMA_SEMAPHORE_TYPE_RELEASE_ONE_WORD_SEMAPHORE	0x1
class	clc7b5.h	NVC7B5_LAUNCH_DMA_SEMAPHORE_TYPE_RELEASE_SEMAPHORE_NO_TIMESTAMP	0x1
class	clc7b5.h	NVC7B5_LAUNCH_DMA_SEMAPHORE_TYPE_RELEASE_SEMAPHORE_WITH_TIMESTAMP	0x2
class	clc7b5.h	NVC7B5_LAUNCH_DMA_SRC_MEMORY_LAYOUT	7:7
class	clc7b5.h	NVC7B5_LAUNCH_DMA_SRC_MEMORY_LAYOUT_BLOCKLINEAR	0x0
class	clc7b5.h	NVC7B5_LAUNCH_DMA_SRC_MEMORY_LAYOUT_PITCH	0x1
class	clc7b5.h	NVC7B5_LAUNCH_DMA_SRC_TYPE	12:12
class	clc7b5.h	NVC7B5_LAUNCH_DMA_SRC_TYPE_PHYSICAL	0x1
class	clc7b5.h	NVC7B5_LAUNCH_DMA_SRC_TYPE_VIRTUAL	0x0
class	clc7b5.h	NVC7B5_LAUNCH_DMA_VPRMODE	23:22
class	clc7b5.h	NVC7B5_LAUNCH_DMA_VPRMODE_VPR_NONE	0x0
class	clc7b5.h	NVC7B5_LAUNCH_DMA_VPRMODE_VPR_VID2VID	0x1
class	clc7b5.h	NVC7B5_LINE_COUNT	0x41c
class	clc7b5.h	NVC7B5_LINE_COUNT_VALUE	31:0
class	clc7b5.h	NVC7B5_LINE_LENGTH_IN	0x418
class	clc7b5.h	NVC7B5_LINE_LENGTH_IN_VALUE	31:0
class	clc7b5.h	NVC7B5_NOP	0x100
class	clc7b5.h	NVC7B5_NOP_PARAMETER	31:0
class	clc7b5.h	NVC7B5_OFFSET_IN_LOWER	0x404
class	clc7b5.h	NVC7B5_OFFSET_IN_LOWER_VALUE	31:0
class	clc7b5.h	NVC7B5_OFFSET_IN_UPPER	0x400
class	clc7b5.h	NVC7B5_OFFSET_IN_UPPER_UPPER	16:0
class	clc7b5.h	NVC7B5_OFFSET_OUT_LOWER	0x40c
class	clc7b5.h	NVC7B5_OFFSET_OUT_LOWER_VALUE	31:0
class	clc7b5.h	NVC7B5_OFFSET_OUT_UPPER	0x408
class	clc7b5.h	NVC7B5_OFFSET_OUT_UPPER_UPPER	16:0
class	clc7b5.h	NVC7B5_PITCH_IN	0x410
class	clc7b5.h	NVC7B5_PITCH_IN_VALUE	31:0
class	clc7b5.h	NVC7B5_PITCH_OUT	0x414
class	clc7b5.h	NVC7B5_PITCH_OUT_VALUE	31:0
class	clc7b5.h	NVC7B5_PM_TRIGGER	0x140
class	clc7b5.h	NVC7B5_PM_TRIGGER_END	0x1114
class	clc7b5.h	NVC7B5_PM_TRIGGER_END_V	31:0
class	clc7b5.h	NVC7B5_PM_TRIGGER_V	31:0
class	clc7b5.h	NVC7B5_SET_DST_BLOCK_SIZE	0x70c
class	clc7b5.h	NVC7B5_SET_DST_BLOCK_SIZE_DEPTH	11:8
class	clc7b5.h	NVC7B5_SET_DST_BLOCK_SIZE_DEPTH_EIGHT_GOBS	0x3
class	clc7b5.h	NVC7B5_SET_DST_BLOCK_SIZE_DEPTH_FOUR_GOBS	0x2
class	clc7b5.h	NVC7B5_SET_DST_BLOCK_SIZE_DEPTH_ONE_GOB	0x0
class	clc7b5.h	NVC7B5_SET_DST_BLOCK_SIZE_DEPTH_SIXTEEN_GOBS	0x4
class	clc7b5.h	NVC7B5_SET_DST_BLOCK_SIZE_DEPTH_THIRTYTWO_GOBS	0x5
class	clc7b5.h	NVC7B5_SET_DST_BLOCK_SIZE_DEPTH_TWO_GOBS	0x1
class	clc7b5.h	NVC7B5_SET_DST_BLOCK_SIZE_GOB_HEIGHT	15:12
class	clc7b5.h	NVC7B5_SET_DST_BLOCK_SIZE_GOB_HEIGHT_GOB_HEIGHT_FERMI_8	0x1
class	clc7b5.h	NVC7B5_SET_DST_BLOCK_SIZE_HEIGHT	7:4
class	clc7b5.h	NVC7B5_SET_DST_BLOCK_SIZE_HEIGHT_EIGHT_GOBS	0x3
class	clc7b5.h	NVC7B5_SET_DST_BLOCK_SIZE_HEIGHT_FOUR_GOBS	0x2
class	clc7b5.h	NVC7B5_SET_DST_BLOCK_SIZE_HEIGHT_ONE_GOB	0x0
class	clc7b5.h	NVC7B5_SET_DST_BLOCK_SIZE_HEIGHT_SIXTEEN_GOBS	0x4
class	clc7b5.h	NVC7B5_SET_DST_BLOCK_SIZE_HEIGHT_THIRTYTWO_GOBS	0x5
class	clc7b5.h	NVC7B5_SET_DST_BLOCK_SIZE_HEIGHT_TWO_GOBS	0x1
class	clc7b5.h	NVC7B5_SET_DST_BLOCK_SIZE_WIDTH	3:0
class	clc7b5.h	NVC7B5_SET_DST_BLOCK_SIZE_WIDTH_ONE_GOB	0x0
class	clc7b5.h	NVC7B5_SET_DST_DEPTH	0x718
class	clc7b5.h	NVC7B5_SET_DST_DEPTH_V	31:0
class	clc7b5.h	NVC7B5_SET_DST_HEIGHT	0x714
class	clc7b5.h	NVC7B5_SET_DST_HEIGHT_V	31:0
class	clc7b5.h	NVC7B5_SET_DST_LAYER	0x71c
class	clc7b5.h	NVC7B5_SET_DST_LAYER_V	31:0
class	clc7b5.h	NVC7B5_SET_DST_ORIGIN	0x720
class	clc7b5.h	NVC7B5_SET_DST_ORIGIN_X	15:0
class	clc7b5.h	NVC7B5_SET_DST_ORIGIN_Y	31:16
class	clc7b5.h	NVC7B5_SET_DST_PHYS_MODE	0x264
class	clc7b5.h	NVC7B5_SET_DST_PHYS_MODE_BASIC_KIND	5:2
class	clc7b5.h	NVC7B5_SET_DST_PHYS_MODE_FLA	9:9
class	clc7b5.h	NVC7B5_SET_DST_PHYS_MODE_PEER_ID	8:6
class	clc7b5.h	NVC7B5_SET_DST_PHYS_MODE_TARGET	1:0
class	clc7b5.h	NVC7B5_SET_DST_PHYS_MODE_TARGET_COHERENT_SYSMEM	0x1
class	clc7b5.h	NVC7B5_SET_DST_PHYS_MODE_TARGET_LOCAL_FB	0x0
class	clc7b5.h	NVC7B5_SET_DST_PHYS_MODE_TARGET_NONCOHERENT_SYSMEM	0x2
class	clc7b5.h	NVC7B5_SET_DST_PHYS_MODE_TARGET_PEERMEM	0x3
class	clc7b5.h	NVC7B5_SET_DST_WIDTH	0x710
class	clc7b5.h	NVC7B5_SET_DST_WIDTH_V	31:0
class	clc7b5.h	NVC7B5_SET_MONITORED_FENCE_SIGNAL_ADDR_BASE_LOWER	0x224
class	clc7b5.h	NVC7B5_SET_MONITORED_FENCE_SIGNAL_ADDR_BASE_LOWER_LOWER	31:0
class	clc7b5.h	NVC7B5_SET_MONITORED_FENCE_SIGNAL_ADDR_BASE_UPPER	0x220
class	clc7b5.h	NVC7B5_SET_MONITORED_FENCE_SIGNAL_ADDR_BASE_UPPER_UPPER	16:0
class	clc7b5.h	NVC7B5_SET_MONITORED_FENCE_TYPE	0x21c
class	clc7b5.h	NVC7B5_SET_MONITORED_FENCE_TYPE_TYPE	0:0
class	clc7b5.h	NVC7B5_SET_MONITORED_FENCE_TYPE_TYPE_MONITORED_FENCE	0x0
class	clc7b5.h	NVC7B5_SET_MONITORED_FENCE_TYPE_TYPE_MONITORED_FENCE_EXT	0x1
class	clc7b5.h	NVC7B5_SET_REMAP_COMPONENTS	0x708
class	clc7b5.h	NVC7B5_SET_REMAP_COMPONENTS_COMPONENT_SIZE	17:16
class	clc7b5.h	NVC7B5_SET_REMAP_COMPONENTS_COMPONENT_SIZE_FOUR	0x3
class	clc7b5.h	NVC7B5_SET_REMAP_COMPONENTS_COMPONENT_SIZE_ONE	0x0
class	clc7b5.h	NVC7B5_SET_REMAP_COMPONENTS_COMPONENT_SIZE_THREE	0x2
class	clc7b5.h	NVC7B5_SET_REMAP_COMPONENTS_COMPONENT_SIZE_TWO	0x1
class	clc7b5.h	NVC7B5_SET_REMAP_COMPONENTS_DST_W	14:12
class	clc7b5.h	NVC7B5_SET_REMAP_COMPONENTS_DST_W_CONST_A	0x4
class	clc7b5.h	NVC7B5_SET_REMAP_COMPONENTS_DST_W_CONST_B	0x5
class	clc7b5.h	NVC7B5_SET_REMAP_COMPONENTS_DST_W_NO_WRITE	0x6
class	clc7b5.h	NVC7B5_SET_REMAP_COMPONENTS_DST_W_SRC_W	0x3
class	clc7b5.h	NVC7B5_SET_REMAP_COMPONENTS_DST_W_SRC_X	0x0
class	clc7b5.h	NVC7B5_SET_REMAP_COMPONENTS_DST_W_SRC_Y	0x1
class	clc7b5.h	NVC7B5_SET_REMAP_COMPONENTS_DST_W_SRC_Z	0x2
class	clc7b5.h	NVC7B5_SET_REMAP_COMPONENTS_DST_X	2:0
class	clc7b5.h	NVC7B5_SET_REMAP_COMPONENTS_DST_X_CONST_A	0x4
class	clc7b5.h	NVC7B5_SET_REMAP_COMPONENTS_DST_X_CONST_B	0x5
class	clc7b5.h	NVC7B5_SET_REMAP_COMPONENTS_DST_X_NO_WRITE	0x6
class	clc7b5.h	NVC7B5_SET_REMAP_COMPONENTS_DST_X_SRC_W	0x3
class	clc7b5.h	NVC7B5_SET_REMAP_COMPONENTS_DST_X_SRC_X	0x0
class	clc7b5.h	NVC7B5_SET_REMAP_COMPONENTS_DST_X_SRC_Y	0x1
class	clc7b5.h	NVC7B5_SET_REMAP_COMPONENTS_DST_X_SRC_Z	0x2
class	clc7b5.h	NVC7B5_SET_REMAP_COMPONENTS_DST_Y	6:4
class	clc7b5.h	NVC7B5_SET_REMAP_COMPONENTS_DST_Y_CONST_A	0x4
class	clc7b5.h	NVC7B5_SET_REMAP_COMPONENTS_DST_Y_CONST_B	0x5
class	clc7b5.h	NVC7B5_SET_REMAP_COMPONENTS_DST_Y_NO_WRITE	0x6
class	clc7b5.h	NVC7B5_SET_REMAP_COMPONENTS_DST_Y_SRC_W	0x3
class	clc7b5.h	NVC7B5_SET_REMAP_COMPONENTS_DST_Y_SRC_X	0x0
class	clc7b5.h	NVC7B5_SET_REMAP_COMPONENTS_DST_Y_SRC_Y	0x1
class	clc7b5.h	NVC7B5_SET_REMAP_COMPONENTS_DST_Y_SRC_Z	0x2
class	clc7b5.h	NVC7B5_SET_REMAP_COMPONENTS_DST_Z	10:8
class	clc7b5.h	NVC7B5_SET_REMAP_COMPONENTS_DST_Z_CONST_A	0x4
class	clc7b5.h	NVC7B5_SET_REMAP_COMPONENTS_DST_Z_CONST_B	0x5
class	clc7b5.h	NVC7B5_SET_REMAP_COMPONENTS_DST_Z_NO_WRITE	0x6
class	clc7b5.h	NVC7B5_SET_REMAP_COMPONENTS_DST_Z_SRC_W	0x3
class	clc7b5.h	NVC7B5_SET_REMAP_COMPONENTS_DST_Z_SRC_X	0x0
class	clc7b5.h	NVC7B5_SET_REMAP_COMPONENTS_DST_Z_SRC_Y	0x1
class	clc7b5.h	NVC7B5_SET_REMAP_COMPONENTS_DST_Z_SRC_Z	0x2
class	clc7b5.h	NVC7B5_SET_REMAP_COMPONENTS_NUM_DST_COMPONENTS	25:24
class	clc7b5.h	NVC7B5_SET_REMAP_COMPONENTS_NUM_DST_COMPONENTS_FOUR	0x3
class	clc7b5.h	NVC7B5_SET_REMAP_COMPONENTS_NUM_DST_COMPONENTS_ONE	0x0
class	clc7b5.h	NVC7B5_SET_REMAP_COMPONENTS_NUM_DST_COMPONENTS_THREE	0x2
class	clc7b5.h	NVC7B5_SET_REMAP_COMPONENTS_NUM_DST_COMPONENTS_TWO	0x1
class	clc7b5.h	NVC7B5_SET_REMAP_COMPONENTS_NUM_SRC_COMPONENTS	21:20
class	clc7b5.h	NVC7B5_SET_REMAP_COMPONENTS_NUM_SRC_COMPONENTS_FOUR	0x3
class	clc7b5.h	NVC7B5_SET_REMAP_COMPONENTS_NUM_SRC_COMPONENTS_ONE	0x0
class	clc7b5.h	NVC7B5_SET_REMAP_COMPONENTS_NUM_SRC_COMPONENTS_THREE	0x2
class	clc7b5.h	NVC7B5_SET_REMAP_COMPONENTS_NUM_SRC_COMPONENTS_TWO	0x1
class	clc7b5.h	NVC7B5_SET_REMAP_CONST_A	0x700
class	clc7b5.h	NVC7B5_SET_REMAP_CONST_A_V	31:0
class	clc7b5.h	NVC7B5_SET_REMAP_CONST_B	0x704
class	clc7b5.h	NVC7B5_SET_REMAP_CONST_B_V	31:0
class	clc7b5.h	NVC7B5_SET_RENDER_ENABLE_A	0x254
class	clc7b5.h	NVC7B5_SET_RENDER_ENABLE_A_UPPER	7:0
class	clc7b5.h	NVC7B5_SET_RENDER_ENABLE_B	0x258
class	clc7b5.h	NVC7B5_SET_RENDER_ENABLE_B_LOWER	31:0
class	clc7b5.h	NVC7B5_SET_RENDER_ENABLE_C	0x25c
class	clc7b5.h	NVC7B5_SET_RENDER_ENABLE_C_MODE	2:0
class	clc7b5.h	NVC7B5_SET_RENDER_ENABLE_C_MODE_CONDITIONAL	0x2
class	clc7b5.h	NVC7B5_SET_RENDER_ENABLE_C_MODE_FALSE	0x0
class	clc7b5.h	NVC7B5_SET_RENDER_ENABLE_C_MODE_RENDER_IF_EQUAL	0x3
class	clc7b5.h	NVC7B5_SET_RENDER_ENABLE_C_MODE_RENDER_IF_NOT_EQUAL	0x4
class	clc7b5.h	NVC7B5_SET_RENDER_ENABLE_C_MODE_TRUE	0x1
class	clc7b5.h	NVC7B5_SET_SEMAPHORE_A	0x240
class	clc7b5.h	NVC7B5_SET_SEMAPHORE_A_UPPER	16:0
class	clc7b5.h	NVC7B5_SET_SEMAPHORE_B	0x244
class	clc7b5.h	NVC7B5_SET_SEMAPHORE_B_LOWER	31:0
class	clc7b5.h	NVC7B5_SET_SEMAPHORE_PAYLOAD	0x248
class	clc7b5.h	NVC7B5_SET_SEMAPHORE_PAYLOAD_PAYLOAD	31:0
class	clc7b5.h	NVC7B5_SET_SEMAPHORE_PAYLOAD_UPPER	0x24c
class	clc7b5.h	NVC7B5_SET_SEMAPHORE_PAYLOAD_UPPER_PAYLOAD	31:0
class	clc7b5.h	NVC7B5_SET_SRC_BLOCK_SIZE	0x728
class	clc7b5.h	NVC7B5_SET_SRC_BLOCK_SIZE_DEPTH	11:8
class	clc7b5.h	NVC7B5_SET_SRC_BLOCK_SIZE_DEPTH_EIGHT_GOBS	0x3
class	clc7b5.h	NVC7B5_SET_SRC_BLOCK_SIZE_DEPTH_FOUR_GOBS	0x2
class	clc7b5.h	NVC7B5_SET_SRC_BLOCK_SIZE_DEPTH_ONE_GOB	0x0
class	clc7b5.h	NVC7B5_SET_SRC_BLOCK_SIZE_DEPTH_SIXTEEN_GOBS	0x4
class	clc7b5.h	NVC7B5_SET_SRC_BLOCK_SIZE_DEPTH_THIRTYTWO_GOBS	0x5
class	clc7b5.h	NVC7B5_SET_SRC_BLOCK_SIZE_DEPTH_TWO_GOBS	0x1
class	clc7b5.h	NVC7B5_SET_SRC_BLOCK_SIZE_GOB_HEIGHT	15:12
class	clc7b5.h	NVC7B5_SET_SRC_BLOCK_SIZE_GOB_HEIGHT_GOB_HEIGHT_FERMI_8	0x1
class	clc7b5.h	NVC7B5_SET_SRC_BLOCK_SIZE_HEIGHT	7:4
class	clc7b5.h	NVC7B5_SET_SRC_BLOCK_SIZE_HEIGHT_EIGHT_GOBS	0x3
class	clc7b5.h	NVC7B5_SET_SRC_BLOCK_SIZE_HEIGHT_FOUR_GOBS	0x2
class	clc7b5.h	NVC7B5_SET_SRC_BLOCK_SIZE_HEIGHT_ONE_GOB	0x0
class	clc7b5.h	NVC7B5_SET_SRC_BLOCK_SIZE_HEIGHT_SIXTEEN_GOBS	0x4
class	clc7b5.h	NVC7B5_SET_SRC_BLOCK_SIZE_HEIGHT_THIRTYTWO_GOBS	0x5
class	clc7b5.h	NVC7B5_SET_SRC_BLOCK_SIZE_HEIGHT_TWO_GOBS	0x1
class	clc7b5.h	NVC7B5_SET_SRC_BLOCK_SIZE_WIDTH	3:0
class	clc7b5.h	NVC7B5_SET_SRC_BLOCK_SIZE_WIDTH_ONE_GOB	0x0
class	clc7b5.h	NVC7B5_SET_SRC_DEPTH	0x734
class	clc7b5.h	NVC7B5_SET_SRC_DEPTH_V	31:0
class	clc7b5.h	NVC7B5_SET_SRC_HEIGHT	0x730
class	clc7b5.h	NVC7B5_SET_SRC_HEIGHT_V	31:0
class	clc7b5.h	NVC7B5_SET_SRC_LAYER	0x738
class	clc7b5.h	NVC7B5_SET_SRC_LAYER_V	31:0
class	clc7b5.h	NVC7B5_SET_SRC_ORIGIN	0x73c
class	clc7b5.h	NVC7B5_SET_SRC_ORIGIN_X	15:0
class	clc7b5.h	NVC7B5_SET_SRC_ORIGIN_Y	31:16
class	clc7b5.h	NVC7B5_SET_SRC_PHYS_MODE	0x260
class	clc7b5.h	NVC7B5_SET_SRC_PHYS_MODE_BASIC_KIND	5:2
class	clc7b5.h	NVC7B5_SET_SRC_PHYS_MODE_FLA	9:9
class	clc7b5.h	NVC7B5_SET_SRC_PHYS_MODE_PEER_ID	8:6
class	clc7b5.h	NVC7B5_SET_SRC_PHYS_MODE_TARGET	1:0
class	clc7b5.h	NVC7B5_SET_SRC_PHYS_MODE_TARGET_COHERENT_SYSMEM	0x1
class	clc7b5.h	NVC7B5_SET_SRC_PHYS_MODE_TARGET_LOCAL_FB	0x0
class	clc7b5.h	NVC7B5_SET_SRC_PHYS_MODE_TARGET_NONCOHERENT_SYSMEM	0x2
class	clc7b5.h	NVC7B5_SET_SRC_PHYS_MODE_TARGET_PEERMEM	0x3
class	clc7b5.h	NVC7B5_SET_SRC_WIDTH	0x72c
class	clc7b5.h	NVC7B5_SET_SRC_WIDTH_V	31:0
class	clc7b5.h	NVC7B5_SRC_ORIGIN_X	0x744
class	clc7b5.h	NVC7B5_SRC_ORIGIN_X_VALUE	31:0
class	clc7b5.h	NVC7B5_SRC_ORIGIN_Y	0x748
class	clc7b5.h	NVC7B5_SRC_ORIGIN_Y_VALUE	31:0
class	clc86f.h	NVC86F_GP_ENTRY0_FETCH	0:0
class	clc86f.h	NVC86F_GP_ENTRY0_FETCH_CONDITIONAL	0x1
class	clc86f.h	NVC86F_GP_ENTRY0_FETCH_UNCONDITIONAL	0x0
class	clc86f.h	NVC86F_GP_ENTRY0_GET	31:2
class	clc86f.h	NVC86F_GP_ENTRY0_OPERAND	31:0
class	clc86f.h	NVC86F_GP_ENTRY0_PB_EXTENDED_BASE_OPERAND	24:8
class	clc86f.h	NVC86F_GP_ENTRY1_GET_HI	7:0
class	clc86f.h	NVC86F_GP_ENTRY1_LENGTH	30:10
class	clc86f.h	NVC86F_GP_ENTRY1_LEVEL	9:9
class	clc86f.h	NVC86F_GP_ENTRY1_LEVEL_MAIN	0x0
class	clc86f.h	NVC86F_GP_ENTRY1_LEVEL_SUBROUTINE	0x1
class	clc86f.h	NVC86F_GP_ENTRY1_OPCODE	7:0
class	clc86f.h	NVC86F_GP_ENTRY1_OPCODE_GP_CRC	0x2
class	clc86f.h	NVC86F_GP_ENTRY1_OPCODE_ILLEGAL	0x1
class	clc86f.h	NVC86F_GP_ENTRY1_OPCODE_NOP	0x0
class	clc86f.h	NVC86F_GP_ENTRY1_OPCODE_PB_CRC	0x3
class	clc86f.h	NVC86F_GP_ENTRY1_OPCODE_SET_PB_SEGMENT_EXTENDED_BASE	0x4
class	clc86f.h	NVC86F_GP_ENTRY1_SYNC	31:31
class	clc86f.h	NVC86F_GP_ENTRY1_SYNC_PROCEED	0x0
class	clc86f.h	NVC86F_GP_ENTRY1_SYNC_WAIT	0x1
class	clc86f.h	NVC86F_GP_ENTRY__SIZE	0x8
class	clc86f.h	NVC86F_MEM_OP_A	0x28
class	clc86f.h	NVC86F_MEM_OP_A_TLB_INVALIDATE_CANCEL_MMU_ENGINE_ID	8:0
class	clc86f.h	NVC86F_MEM_OP_A_TLB_INVALIDATE_CANCEL_TARGET_CLIENT_UNIT_ID	5:0
class	clc86f.h	NVC86F_MEM_OP_A_TLB_INVALIDATE_CANCEL_TARGET_GPC_ID	10:6
class	clc86f.h	NVC86F_MEM_OP_A_TLB_INVALIDATE_INVALIDATION_SIZE	5:0
class	clc86f.h	NVC86F_MEM_OP_A_TLB_INVALIDATE_INVAL_SCOPE	7:6
class	clc86f.h	NVC86F_MEM_OP_A_TLB_INVALIDATE_INVAL_SCOPE_ALL_TLBS	0x0
class	clc86f.h	NVC86F_MEM_OP_A_TLB_INVALIDATE_INVAL_SCOPE_LINK_TLBS	0x1
class	clc86f.h	NVC86F_MEM_OP_A_TLB_INVALIDATE_INVAL_SCOPE_NON_LINK_TLBS	0x2
class	clc86f.h	NVC86F_MEM_OP_A_TLB_INVALIDATE_INVAL_SCOPE_RSVRVD	0x3
class	clc86f.h	NVC86F_MEM_OP_A_TLB_INVALIDATE_SYSMEMBAR	11:11
class	clc86f.h	NVC86F_MEM_OP_A_TLB_INVALIDATE_SYSMEMBAR_DIS	0x0
class	clc86f.h	NVC86F_MEM_OP_A_TLB_INVALIDATE_SYSMEMBAR_EN	0x1
class	clc86f.h	NVC86F_MEM_OP_A_TLB_INVALIDATE_TARGET_ADDR_LO	31:12
class	clc86f.h	NVC86F_MEM_OP_B	0x2c
class	clc86f.h	NVC86F_MEM_OP_B_OPERATION_L2_INVALIDATE_CLEAN_LINES	0xe
class	clc86f.h	NVC86F_MEM_OP_B_TLB_INVALIDATE_TARGET_ADDR_HI	31:0
class	clc86f.h	NVC86F_MEM_OP_C	0x30
class	clc86f.h	NVC86F_MEM_OP_C_ACCESS_COUNTER_CLR_TARGETED_NOTIFY_TAG	19:0
class	clc86f.h	NVC86F_MEM_OP_C_MEMBAR_TYPE	2:0
class	clc86f.h	NVC86F_MEM_OP_C_MEMBAR_TYPE_MEMBAR	0x1
class	clc86f.h	NVC86F_MEM_OP_C_MEMBAR_TYPE_SYS_MEMBAR	0x0
class	clc86f.h	NVC86F_MEM_OP_C_TLB_INVALIDATE_ACCESS_TYPE	9:7
class	clc86f.h	NVC86F_MEM_OP_C_TLB_INVALIDATE_ACCESS_TYPE_VIRT_ALL	0x7
class	clc86f.h	NVC86F_MEM_OP_C_TLB_INVALIDATE_ACCESS_TYPE_VIRT_ATOMIC_ALL	0x5
class	clc86f.h	NVC86F_MEM_OP_C_TLB_INVALIDATE_ACCESS_TYPE_VIRT_ATOMIC_STRONG	0x2
class	clc86f.h	NVC86F_MEM_OP_C_TLB_INVALIDATE_ACCESS_TYPE_VIRT_ATOMIC_WEAK	0x4
class	clc86f.h	NVC86F_MEM_OP_C_TLB_INVALIDATE_ACCESS_TYPE_VIRT_READ	0x0
class	clc86f.h	NVC86F_MEM_OP_C_TLB_INVALIDATE_ACCESS_TYPE_VIRT_RSVRVD	0x3
class	clc86f.h	NVC86F_MEM_OP_C_TLB_INVALIDATE_ACCESS_TYPE_VIRT_WRITE	0x1
class	clc86f.h	NVC86F_MEM_OP_C_TLB_INVALIDATE_ACCESS_TYPE_VIRT_WRITE_AND_ATOMIC	0x6
class	clc86f.h	NVC86F_MEM_OP_C_TLB_INVALIDATE_ACK_TYPE	6:5
class	clc86f.h	NVC86F_MEM_OP_C_TLB_INVALIDATE_ACK_TYPE_GLOBALLY	0x1
class	clc86f.h	NVC86F_MEM_OP_C_TLB_INVALIDATE_ACK_TYPE_INTRANODE	0x2
class	clc86f.h	NVC86F_MEM_OP_C_TLB_INVALIDATE_ACK_TYPE_NONE	0x0
class	clc86f.h	NVC86F_MEM_OP_C_TLB_INVALIDATE_GPC	1:1
class	clc86f.h	NVC86F_MEM_OP_C_TLB_INVALIDATE_GPC_DISABLE	0x1
class	clc86f.h	NVC86F_MEM_OP_C_TLB_INVALIDATE_GPC_ENABLE	0x0
class	clc86f.h	NVC86F_MEM_OP_C_TLB_INVALIDATE_PAGE_TABLE_LEVEL	9:7
class	clc86f.h	NVC86F_MEM_OP_C_TLB_INVALIDATE_PAGE_TABLE_LEVEL_ALL	0x0
class	clc86f.h	NVC86F_MEM_OP_C_TLB_INVALIDATE_PAGE_TABLE_LEVEL_PTE_ONLY	0x1
class	clc86f.h	NVC86F_MEM_OP_C_TLB_INVALIDATE_PAGE_TABLE_LEVEL_UP_TO_PDE0	0x2
class	clc86f.h	NVC86F_MEM_OP_C_TLB_INVALIDATE_PAGE_TABLE_LEVEL_UP_TO_PDE1	0x3
class	clc86f.h	NVC86F_MEM_OP_C_TLB_INVALIDATE_PAGE_TABLE_LEVEL_UP_TO_PDE2	0x4
class	clc86f.h	NVC86F_MEM_OP_C_TLB_INVALIDATE_PAGE_TABLE_LEVEL_UP_TO_PDE3	0x5
class	clc86f.h	NVC86F_MEM_OP_C_TLB_INVALIDATE_PAGE_TABLE_LEVEL_UP_TO_PDE4	0x6
class	clc86f.h	NVC86F_MEM_OP_C_TLB_INVALIDATE_PAGE_TABLE_LEVEL_UP_TO_PDE5	0x7
class	clc86f.h	NVC86F_MEM_OP_C_TLB_INVALIDATE_PDB	0:0
class	clc86f.h	NVC86F_MEM_OP_C_TLB_INVALIDATE_PDB_ADDR_LO	31:12
class	clc86f.h	NVC86F_MEM_OP_C_TLB_INVALIDATE_PDB_ALL	0x1
class	clc86f.h	NVC86F_MEM_OP_C_TLB_INVALIDATE_PDB_APERTURE	11:10
class	clc86f.h	NVC86F_MEM_OP_C_TLB_INVALIDATE_PDB_APERTURE_SYS_MEM_COHERENT	0x2
class	clc86f.h	NVC86F_MEM_OP_C_TLB_INVALIDATE_PDB_APERTURE_SYS_MEM_NONCOHERENT	0x3
class	clc86f.h	NVC86F_MEM_OP_C_TLB_INVALIDATE_PDB_APERTURE_VID_MEM	0x0
class	clc86f.h	NVC86F_MEM_OP_C_TLB_INVALIDATE_PDB_ONE	0x0
class	clc86f.h	NVC86F_MEM_OP_C_TLB_INVALIDATE_REPLAY	4:2
class	clc86f.h	NVC86F_MEM_OP_C_TLB_INVALIDATE_REPLAY_CANCEL_GLOBAL	0x4
class	clc86f.h	NVC86F_MEM_OP_C_TLB_INVALIDATE_REPLAY_CANCEL_TARGETED	0x3
class	clc86f.h	NVC86F_MEM_OP_C_TLB_INVALIDATE_REPLAY_CANCEL_VA_GLOBAL	0x5
class	clc86f.h	NVC86F_MEM_OP_C_TLB_INVALIDATE_REPLAY_NONE	0x0
class	clc86f.h	NVC86F_MEM_OP_C_TLB_INVALIDATE_REPLAY_START	0x1
class	clc86f.h	NVC86F_MEM_OP_C_TLB_INVALIDATE_REPLAY_START_ACK_ALL	0x2
class	clc86f.h	NVC86F_MEM_OP_D	0x34
class	clc86f.h	NVC86F_MEM_OP_D_ACCESS_COUNTER_CLR_TARGETED_BANK	6:3
class	clc86f.h	NVC86F_MEM_OP_D_ACCESS_COUNTER_CLR_TARGETED_TYPE	2:2
class	clc86f.h	NVC86F_MEM_OP_D_ACCESS_COUNTER_CLR_TARGETED_TYPE_MIMC	0x0
class	clc86f.h	NVC86F_MEM_OP_D_ACCESS_COUNTER_CLR_TARGETED_TYPE_MOMC	0x1
class	clc86f.h	NVC86F_MEM_OP_D_ACCESS_COUNTER_CLR_TYPE	1:0
class	clc86f.h	NVC86F_MEM_OP_D_ACCESS_COUNTER_CLR_TYPE_ALL	0x2
class	clc86f.h	NVC86F_MEM_OP_D_ACCESS_COUNTER_CLR_TYPE_MIMC	0x0
class	clc86f.h	NVC86F_MEM_OP_D_ACCESS_COUNTER_CLR_TYPE_MOMC	0x1
class	clc86f.h	NVC86F_MEM_OP_D_ACCESS_COUNTER_CLR_TYPE_TARGETED	0x3
class	clc86f.h	NVC86F_MEM_OP_D_MMU_OPERATION_TYPE	23:20
class	clc86f.h	NVC86F_MEM_OP_D_MMU_OPERATION_TYPE_RESERVED	0x0
class	clc86f.h	NVC86F_MEM_OP_D_MMU_OPERATION_TYPE_VIDMEM_ACCESS_BIT_DUMP	0x1
class	clc86f.h	NVC86F_MEM_OP_D_OPERATION	31:27
class	clc86f.h	NVC86F_MEM_OP_D_OPERATION_ACCESS_COUNTER_CLR	0x16
class	clc86f.h	NVC86F_MEM_OP_D_OPERATION_L2_CLEAN_COMPTAGS	0xf
class	clc86f.h	NVC86F_MEM_OP_D_OPERATION_L2_FLUSH_DIRTY	0x10
class	clc86f.h	NVC86F_MEM_OP_D_OPERATION_L2_PEERMEM_INVALIDATE	0xd
class	clc86f.h	NVC86F_MEM_OP_D_OPERATION_L2_SYSMEM_INVALIDATE	0xe
class	clc86f.h	NVC86F_MEM_OP_D_OPERATION_L2_WAIT_FOR_SYS_PENDING_READS	0x15
class	clc86f.h	NVC86F_MEM_OP_D_OPERATION_MEMBAR	0x5
class	clc86f.h	NVC86F_MEM_OP_D_OPERATION_MMU_OPERATION	0xb
class	clc86f.h	NVC86F_MEM_OP_D_OPERATION_MMU_TLB_INVALIDATE	0x9
class	clc86f.h	NVC86F_MEM_OP_D_OPERATION_MMU_TLB_INVALIDATE_TARGETED	0xa
class	clc86f.h	NVC86F_MEM_OP_D_TLB_INVALIDATE_PDB_ADDR_HI	26:0
class	clc86f.h	NVC86F_SEM_ADDR_HI	0x60
class	clc86f.h	NVC86F_SEM_ADDR_HI_OFFSET	24:0
class	clc86f.h	NVC86F_SEM_ADDR_LO	0x5c
class	clc86f.h	NVC86F_SEM_ADDR_LO_OFFSET	31:2
class	clc86f.h	NVC86F_SEM_EXECUTE	0x6c
class	clc86f.h	NVC86F_SEM_EXECUTE_ACQUIRE_SWITCH_TSG	12:12
class	clc86f.h	NVC86F_SEM_EXECUTE_ACQUIRE_SWITCH_TSG_EN	0x1
class	clc86f.h	NVC86F_SEM_EXECUTE_OPERATION	2:0
class	clc86f.h	NVC86F_SEM_EXECUTE_OPERATION_ACQUIRE	0x0
class	clc86f.h	NVC86F_SEM_EXECUTE_OPERATION_ACQ_CIRC_GEQ	0x3
class	clc86f.h	NVC86F_SEM_EXECUTE_OPERATION_RELEASE	0x1
class	clc86f.h	NVC86F_SEM_EXECUTE_PAYLOAD_SIZE	24:24
class	clc86f.h	NVC86F_SEM_EXECUTE_PAYLOAD_SIZE_32BIT	0x0
class	clc86f.h	NVC86F_SEM_EXECUTE_RELEASE_TIMESTAMP	25:25
class	clc86f.h	NVC86F_SEM_EXECUTE_RELEASE_TIMESTAMP_DIS	0x0
class	clc86f.h	NVC86F_SEM_EXECUTE_RELEASE_TIMESTAMP_EN	0x1
class	clc86f.h	NVC86F_SEM_EXECUTE_RELEASE_WFI	20:20
class	clc86f.h	NVC86F_SEM_EXECUTE_RELEASE_WFI_DIS	0x0
class	clc86f.h	NVC86F_SEM_PAYLOAD_HI	0x68
class	clc86f.h	NVC86F_SEM_PAYLOAD_LO	0x64
class	clc86f.h	NVC86F_SET_OBJECT	0x0
class	clc86f.h	NVC86F_WFI	0x78
class	clc86f.h	NVC86F_WFI_SCOPE	0:0
class	clc86f.h	NVC86F_WFI_SCOPE_ALL	0x1
class	clc86f.h	NVC86F_WFI_SCOPE_CURRENT_SCG_TYPE	0x0
class	clc86f.h	NVC86F_WFI_SCOPE_CURRENT_VEID	0x0
class	clc8b5.h	NVC8B5_LAUNCH_DMA	0x300
class	clc8b5.h	NVC8B5_LAUNCH_DMA_COPY_TYPE	21:20
class	clc8b5.h	NVC8B5_LAUNCH_DMA_COPY_TYPE_DEFAULT	0x0
class	clc8b5.h	NVC8B5_LAUNCH_DMA_COPY_TYPE_NONPROT2NONPROT	0x2
class	clc8b5.h	NVC8B5_LAUNCH_DMA_COPY_TYPE_PROT2PROT	0x0
class	clc8b5.h	NVC8B5_LAUNCH_DMA_COPY_TYPE_SECURE	0x1
class	clc8b5.h	NVC8B5_LAUNCH_DMA_DATA_TRANSFER_TYPE	1:0
class	clc8b5.h	NVC8B5_LAUNCH_DMA_DATA_TRANSFER_TYPE_NONE	0x0
class	clc8b5.h	NVC8B5_LAUNCH_DMA_DATA_TRANSFER_TYPE_NON_PIPELINED	0x2
class	clc8b5.h	NVC8B5_LAUNCH_DMA_DATA_TRANSFER_TYPE_PIPELINED	0x1
class	clc8b5.h	NVC8B5_LAUNCH_DMA_DISABLE_PLC	26:26
class	clc8b5.h	NVC8B5_LAUNCH_DMA_DISABLE_PLC_TRUE	0x1
class	clc8b5.h	NVC8B5_LAUNCH_DMA_DST_MEMORY_LAYOUT	8:8
class	clc8b5.h	NVC8B5_LAUNCH_DMA_DST_MEMORY_LAYOUT_PITCH	0x1
class	clc8b5.h	NVC8B5_LAUNCH_DMA_DST_TYPE	13:13
class	clc8b5.h	NVC8B5_LAUNCH_DMA_DST_TYPE_PHYSICAL	0x1
class	clc8b5.h	NVC8B5_LAUNCH_DMA_DST_TYPE_VIRTUAL	0x0
class	clc8b5.h	NVC8B5_LAUNCH_DMA_FLUSH_ENABLE	2:2
class	clc8b5.h	NVC8B5_LAUNCH_DMA_FLUSH_ENABLE_FALSE	0x0
class	clc8b5.h	NVC8B5_LAUNCH_DMA_FLUSH_ENABLE_TRUE	0x1
class	clc8b5.h	NVC8B5_LAUNCH_DMA_FLUSH_TYPE	25:25
class	clc8b5.h	NVC8B5_LAUNCH_DMA_FLUSH_TYPE_GL	0x1
class	clc8b5.h	NVC8B5_LAUNCH_DMA_FLUSH_TYPE_SYS	0x0
class	clc8b5.h	NVC8B5_LAUNCH_DMA_MEMORY_SCRUB_ENABLE	23:23
class	clc8b5.h	NVC8B5_LAUNCH_DMA_MEMORY_SCRUB_ENABLE_FALSE	0x0
class	clc8b5.h	NVC8B5_LAUNCH_DMA_MEMORY_SCRUB_ENABLE_TRUE	0x1
class	clc8b5.h	NVC8B5_LAUNCH_DMA_MULTI_LINE_ENABLE	9:9
class	clc8b5.h	NVC8B5_LAUNCH_DMA_MULTI_LINE_ENABLE_FALSE	0x0
class	clc8b5.h	NVC8B5_LAUNCH_DMA_REMAP_ENABLE	10:10
class	clc8b5.h	NVC8B5_LAUNCH_DMA_REMAP_ENABLE_FALSE	0x0
class	clc8b5.h	NVC8B5_LAUNCH_DMA_REMAP_ENABLE_TRUE	0x1
class	clc8b5.h	NVC8B5_LAUNCH_DMA_SEMAPHORE_PAYLOAD_SIZE	27:27
class	clc8b5.h	NVC8B5_LAUNCH_DMA_SEMAPHORE_PAYLOAD_SIZE_ONE_WORD	0x0
class	clc8b5.h	NVC8B5_LAUNCH_DMA_SEMAPHORE_REDUCTION	17:14
class	clc8b5.h	NVC8B5_LAUNCH_DMA_SEMAPHORE_REDUCTION_ENABLE	19:19
class	clc8b5.h	NVC8B5_LAUNCH_DMA_SEMAPHORE_REDUCTION_ENABLE_TRUE	0x1
class	clc8b5.h	NVC8B5_LAUNCH_DMA_SEMAPHORE_REDUCTION_INC	0x6
class	clc8b5.h	NVC8B5_LAUNCH_DMA_SEMAPHORE_REDUCTION_SIGN	18:18
class	clc8b5.h	NVC8B5_LAUNCH_DMA_SEMAPHORE_REDUCTION_SIGN_UNSIGNED	0x1
class	clc8b5.h	NVC8B5_LAUNCH_DMA_SEMAPHORE_TYPE	4:3
class	clc8b5.h	NVC8B5_LAUNCH_DMA_SEMAPHORE_TYPE_RELEASE_ONE_WORD_SEMAPHORE	0x1
class	clc8b5.h	NVC8B5_LAUNCH_DMA_SEMAPHORE_TYPE_RELEASE_SEMAPHORE_NO_TIMESTAMP	0x1
class	clc8b5.h	NVC8B5_LAUNCH_DMA_SEMAPHORE_TYPE_RELEASE_SEMAPHORE_WITH_TIMESTAMP	0x2
class	clc8b5.h	NVC8B5_LAUNCH_DMA_SRC_MEMORY_LAYOUT	7:7
class	clc8b5.h	NVC8B5_LAUNCH_DMA_SRC_MEMORY_LAYOUT_PITCH	0x1
class	clc8b5.h	NVC8B5_LAUNCH_DMA_SRC_TYPE	12:12
class	clc8b5.h	NVC8B5_LAUNCH_DMA_SRC_TYPE_PHYSICAL	0x1
class	clc8b5.h	NVC8B5_LINE_LENGTH_IN	0x418
class	clc8b5.h	NVC8B5_OFFSET_IN_LOWER	0x404
class	clc8b5.h	NVC8B5_OFFSET_IN_LOWER_VALUE	31:0
class	clc8b5.h	NVC8B5_OFFSET_IN_UPPER	0x400
class	clc8b5.h	NVC8B5_OFFSET_IN_UPPER_UPPER	24:0
class	clc8b5.h	NVC8B5_OFFSET_OUT_LOWER	0x40c
class	clc8b5.h	NVC8B5_OFFSET_OUT_LOWER_VALUE	31:0
class	clc8b5.h	NVC8B5_OFFSET_OUT_UPPER	0x408
class	clc8b5.h	NVC8B5_OFFSET_OUT_UPPER_UPPER	24:0
class	clc8b5.h	NVC8B5_SET_DECRYPT_AUTH_TAG_COMPARE_ADDR_LOWER	0x518
class	clc8b5.h	NVC8B5_SET_DECRYPT_AUTH_TAG_COMPARE_ADDR_LOWER_LOWER	31:0
class	clc8b5.h	NVC8B5_SET_DECRYPT_AUTH_TAG_COMPARE_ADDR_UPPER	0x514
class	clc8b5.h	NVC8B5_SET_DECRYPT_AUTH_TAG_COMPARE_ADDR_UPPER_UPPER	24:0
class	clc8b5.h	NVC8B5_SET_DST_PHYS_MODE	0x264
class	clc8b5.h	NVC8B5_SET_DST_PHYS_MODE_TARGET	1:0
class	clc8b5.h	NVC8B5_SET_DST_PHYS_MODE_TARGET_COHERENT_SYSMEM	0x1
class	clc8b5.h	NVC8B5_SET_DST_PHYS_MODE_TARGET_LOCAL_FB	0x0
class	clc8b5.h	NVC8B5_SET_DST_PHYS_MODE_TARGET_PEERMEM	0x3
class	clc8b5.h	NVC8B5_SET_ENCRYPT_AUTH_TAG_ADDR_LOWER	0x534
class	clc8b5.h	NVC8B5_SET_ENCRYPT_AUTH_TAG_ADDR_LOWER_LOWER	31:0
class	clc8b5.h	NVC8B5_SET_ENCRYPT_AUTH_TAG_ADDR_UPPER	0x530
class	clc8b5.h	NVC8B5_SET_ENCRYPT_AUTH_TAG_ADDR_UPPER_UPPER	24:0
class	clc8b5.h	NVC8B5_SET_ENCRYPT_IV_ADDR_LOWER	0x53c
class	clc8b5.h	NVC8B5_SET_ENCRYPT_IV_ADDR_LOWER_LOWER	31:0
class	clc8b5.h	NVC8B5_SET_ENCRYPT_IV_ADDR_UPPER	0x538
class	clc8b5.h	NVC8B5_SET_ENCRYPT_IV_ADDR_UPPER_UPPER	24:0
class	clc8b5.h	NVC8B5_SET_MEMORY_SCRUB_PARAMETERS	0x6fc
class	clc8b5.h	NVC8B5_SET_MEMORY_SCRUB_PARAMETERS_DISCARDABLE	0:0
class	clc8b5.h	NVC8B5_SET_MEMORY_SCRUB_PARAMETERS_DISCARDABLE_FALSE	0x0
class	clc8b5.h	NVC8B5_SET_REMAP_COMPONENTS	0x708
class	clc8b5.h	NVC8B5_SET_REMAP_COMPONENTS_COMPONENT_SIZE	17:16
class	clc8b5.h	NVC8B5_SET_REMAP_COMPONENTS_COMPONENT_SIZE_FOUR	0x3
class	clc8b5.h	NVC8B5_SET_REMAP_COMPONENTS_COMPONENT_SIZE_ONE	0x0
class	clc8b5.h	NVC8B5_SET_REMAP_COMPONENTS_DST_X	2:0
class	clc8b5.h	NVC8B5_SET_REMAP_COMPONENTS_DST_X_CONST_A	0x4
class	clc8b5.h	NVC8B5_SET_REMAP_COMPONENTS_DST_X_CONST_B	0x5
class	clc8b5.h	NVC8B5_SET_REMAP_COMPONENTS_DST_Y	6:4
class	clc8b5.h	NVC8B5_SET_REMAP_COMPONENTS_DST_Y_CONST_B	0x5
class	clc8b5.h	NVC8B5_SET_REMAP_COMPONENTS_NUM_DST_COMPONENTS	25:24
class	clc8b5.h	NVC8B5_SET_REMAP_COMPONENTS_NUM_DST_COMPONENTS_ONE	0x0
class	clc8b5.h	NVC8B5_SET_REMAP_COMPONENTS_NUM_DST_COMPONENTS_TWO	0x1
class	clc8b5.h	NVC8B5_SET_REMAP_CONST_A	0x700
class	clc8b5.h	NVC8B5_SET_REMAP_CONST_B	0x704
class	clc8b5.h	NVC8B5_SET_SECURE_COPY_MODE	0x500
class	clc8b5.h	NVC8B5_SET_SECURE_COPY_MODE_MODE	0:0
class	clc8b5.h	NVC8B5_SET_SECURE_COPY_MODE_MODE_DECRYPT	0x1
class	clc8b5.h	NVC8B5_SET_SECURE_COPY_MODE_MODE_ENCRYPT	0x0
class	clc8b5.h	NVC8B5_SET_SEMAPHORE_A	0x240
class	clc8b5.h	NVC8B5_SET_SEMAPHORE_A_UPPER	24:0
class	clc8b5.h	NVC8B5_SET_SEMAPHORE_B	0x244
class	clc8b5.h	NVC8B5_SET_SEMAPHORE_B_LOWER	31:0
class	clc8b5.h	NVC8B5_SET_SEMAPHORE_PAYLOAD	0x248
class	clc8b5.h	NVC8B5_SET_SRC_PHYS_MODE_FLA	9:9
class	clc8b5.h	NVC8B5_SET_SRC_PHYS_MODE_PEER_ID	8:6
class	clc8b5.h	NVC8B5_SET_SRC_PHYS_MODE_TARGET	1:0
class	clc8b5.h	NVC8B5_SET_SRC_PHYS_MODE_TARGET_COHERENT_SYSMEM	0x1
class	clc8b5.h	NVC8B5_SET_SRC_PHYS_MODE_TARGET_LOCAL_FB	0x0
class	clc8b5.h	NVC8B5_SET_SRC_PHYS_MODE_TARGET_PEERMEM	0x3
class	clc96f.h	NVC96F_GP_ENTRY0_FETCH	0:0
class	clc96f.h	NVC96F_GP_ENTRY0_FETCH_CONDITIONAL	0x1
class	clc96f.h	NVC96F_GP_ENTRY0_FETCH_UNCONDITIONAL	0x0
class	clc96f.h	NVC96F_GP_ENTRY0_GET	31:2
class	clc96f.h	NVC96F_GP_ENTRY0_OPERAND	31:0
class	clc96f.h	NVC96F_GP_ENTRY0_PB_EXTENDED_BASE_OPERAND	24:8
class	clc96f.h	NVC96F_GP_ENTRY1_GET_HI	7:0
class	clc96f.h	NVC96F_GP_ENTRY1_LENGTH	30:10
class	clc96f.h	NVC96F_GP_ENTRY1_LEVEL	9:9
class	clc96f.h	NVC96F_GP_ENTRY1_LEVEL_MAIN	0x0
class	clc96f.h	NVC96F_GP_ENTRY1_LEVEL_SUBROUTINE	0x1
class	clc96f.h	NVC96F_GP_ENTRY1_OPCODE	7:0
class	clc96f.h	NVC96F_GP_ENTRY1_OPCODE_GP_CRC	0x2
class	clc96f.h	NVC96F_GP_ENTRY1_OPCODE_ILLEGAL	0x1
class	clc96f.h	NVC96F_GP_ENTRY1_OPCODE_NOP	0x0
class	clc96f.h	NVC96F_GP_ENTRY1_OPCODE_PB_CRC	0x3
class	clc96f.h	NVC96F_GP_ENTRY1_OPCODE_SET_PB_SEGMENT_EXTENDED_BASE	0x4
class	clc96f.h	NVC96F_GP_ENTRY1_SYNC	31:31
class	clc96f.h	NVC96F_GP_ENTRY1_SYNC_PROCEED	0x0
class	clc96f.h	NVC96F_GP_ENTRY1_SYNC_WAIT	0x1
class	clc96f.h	NVC96F_GP_ENTRY__SIZE	0x8
class	clc96f.h	NVC96F_MEM_OP_A	0x28
class	clc96f.h	NVC96F_MEM_OP_A_TLB_INVALIDATE_INVALIDATION_SIZE	5:0
class	clc96f.h	NVC96F_MEM_OP_A_TLB_INVALIDATE_INVAL_SCOPE	7:6
class	clc96f.h	NVC96F_MEM_OP_A_TLB_INVALIDATE_INVAL_SCOPE_NON_LINK_TLBS	0x2
class	clc96f.h	NVC96F_MEM_OP_A_TLB_INVALIDATE_SYSMEMBAR	11:11
class	clc96f.h	NVC96F_MEM_OP_A_TLB_INVALIDATE_SYSMEMBAR_DIS	0x0
class	clc96f.h	NVC96F_MEM_OP_A_TLB_INVALIDATE_SYSMEMBAR_EN	0x1
class	clc96f.h	NVC96F_MEM_OP_A_TLB_INVALIDATE_TARGET_ADDR_LO	31:12
class	clc96f.h	NVC96F_MEM_OP_B	0x2c
class	clc96f.h	NVC96F_MEM_OP_B_TLB_INVALIDATE_TARGET_ADDR_HI	31:0
class	clc96f.h	NVC96F_MEM_OP_C	0x30
class	clc96f.h	NVC96F_MEM_OP_C_TLB_INVALIDATE_ACK_TYPE	6:5
class	clc96f.h	NVC96F_MEM_OP_C_TLB_INVALIDATE_ACK_TYPE_GLOBALLY	0x1
class	clc96f.h	NVC96F_MEM_OP_C_TLB_INVALIDATE_ACK_TYPE_NONE	0x0
class	clc96f.h	NVC96F_MEM_OP_C_TLB_INVALIDATE_GPC	1:1
class	clc96f.h	NVC96F_MEM_OP_C_TLB_INVALIDATE_GPC_DISABLE	0x1
class	clc96f.h	NVC96F_MEM_OP_C_TLB_INVALIDATE_GPC_ENABLE	0x0
class	clc96f.h	NVC96F_MEM_OP_C_TLB_INVALIDATE_PAGE_TABLE_LEVEL	9:7
class	clc96f.h	NVC96F_MEM_OP_C_TLB_INVALIDATE_PAGE_TABLE_LEVEL_ALL	0x0
class	clc96f.h	NVC96F_MEM_OP_C_TLB_INVALIDATE_PAGE_TABLE_LEVEL_PTE_ONLY	0x1
class	clc96f.h	NVC96F_MEM_OP_C_TLB_INVALIDATE_PAGE_TABLE_LEVEL_UP_TO_PDE4	0x6
class	clc96f.h	NVC96F_MEM_OP_C_TLB_INVALIDATE_PDB	0:0
class	clc96f.h	NVC96F_MEM_OP_C_TLB_INVALIDATE_PDB_ADDR_LO	31:12
class	clc96f.h	NVC96F_MEM_OP_C_TLB_INVALIDATE_PDB_ALL	0x1
class	clc96f.h	NVC96F_MEM_OP_C_TLB_INVALIDATE_PDB_APERTURE	11:10
class	clc96f.h	NVC96F_MEM_OP_C_TLB_INVALIDATE_PDB_APERTURE_SYS_MEM_COHERENT	0x2
class	clc96f.h	NVC96F_MEM_OP_C_TLB_INVALIDATE_PDB_APERTURE_VID_MEM	0x0
class	clc96f.h	NVC96F_MEM_OP_C_TLB_INVALIDATE_PDB_ONE	0x0
class	clc96f.h	NVC96F_MEM_OP_C_TLB_INVALIDATE_REPLAY	4:2
class	clc96f.h	NVC96F_MEM_OP_C_TLB_INVALIDATE_REPLAY_NONE	0x0
class	clc96f.h	NVC96F_MEM_OP_D	0x34
class	clc96f.h	NVC96F_MEM_OP_D_OPERATION	31:27
class	clc96f.h	NVC96F_MEM_OP_D_OPERATION_L2_FLUSH_DIRTY	0x10
class	clc96f.h	NVC96F_MEM_OP_D_OPERATION_L2_SYSMEM_NCOH_INVALIDATE	0x11
class	clc96f.h	NVC96F_MEM_OP_D_OPERATION_MMU_TLB_INVALIDATE	0x9
class	clc96f.h	NVC96F_MEM_OP_D_OPERATION_MMU_TLB_INVALIDATE_TARGETED	0xa
class	clc96f.h	NVC96F_MEM_OP_D_TLB_INVALIDATE_PDB_ADDR_HI	26:0
class	clc96f.h	NVC96F_SEM_ADDR_HI	0x60
class	clc96f.h	NVC96F_SEM_ADDR_HI_OFFSET	24:0
class	clc96f.h	NVC96F_SEM_ADDR_LO	0x5c
class	clc96f.h	NVC96F_SEM_ADDR_LO_OFFSET	31:2
class	clc96f.h	NVC96F_SEM_EXECUTE	0x6c
class	clc96f.h	NVC96F_SEM_EXECUTE_OPERATION	2:0
class	clc96f.h	NVC96F_SEM_EXECUTE_OPERATION_ACQUIRE	0x0
class	clc96f.h	NVC96F_SEM_EXECUTE_OPERATION_RELEASE	0x1
class	clc96f.h	NVC96F_SEM_EXECUTE_PAYLOAD_SIZE	24:24
class	clc96f.h	NVC96F_SEM_EXECUTE_PAYLOAD_SIZE_32BIT	0x0
class	clc96f.h	NVC96F_SEM_EXECUTE_RELEASE_WFI	20:20
class	clc96f.h	NVC96F_SEM_EXECUTE_RELEASE_WFI_DIS	0x0
class	clc96f.h	NVC96F_SEM_PAYLOAD_HI	0x68
class	clc96f.h	NVC96F_SEM_PAYLOAD_LO	0x64
class	clc96f.h	NVC96F_SET_OBJECT	0x0
class	clca6f.h	NVCA6F_GP_ENTRY0_FETCH	0:0
class	clca6f.h	NVCA6F_GP_ENTRY0_FETCH_CONDITIONAL	0x1
class	clca6f.h	NVCA6F_GP_ENTRY0_FETCH_UNCONDITIONAL	0x0
class	clca6f.h	NVCA6F_GP_ENTRY0_GET	31:2
class	clca6f.h	NVCA6F_GP_ENTRY0_OPERAND	31:0
class	clca6f.h	NVCA6F_GP_ENTRY0_PB_EXTENDED_BASE_OPERAND	24:8
class	clca6f.h	NVCA6F_GP_ENTRY1_GET_HI	7:0
class	clca6f.h	NVCA6F_GP_ENTRY1_LENGTH	30:10
class	clca6f.h	NVCA6F_GP_ENTRY1_LEVEL	9:9
class	clca6f.h	NVCA6F_GP_ENTRY1_LEVEL_MAIN	0x0
class	clca6f.h	NVCA6F_GP_ENTRY1_LEVEL_SUBROUTINE	0x1
class	clca6f.h	NVCA6F_GP_ENTRY1_OPCODE	7:0
class	clca6f.h	NVCA6F_GP_ENTRY1_OPCODE_GP_CRC	0x2
class	clca6f.h	NVCA6F_GP_ENTRY1_OPCODE_ILLEGAL	0x1
class	clca6f.h	NVCA6F_GP_ENTRY1_OPCODE_NOP	0x0
class	clca6f.h	NVCA6F_GP_ENTRY1_OPCODE_PB_CRC	0x3
class	clca6f.h	NVCA6F_GP_ENTRY1_OPCODE_SET_PB_SEGMENT_EXTENDED_BASE	0x4
class	clca6f.h	NVCA6F_GP_ENTRY1_SYNC	31:31
class	clca6f.h	NVCA6F_GP_ENTRY1_SYNC_PROCEED	0x0
class	clca6f.h	NVCA6F_GP_ENTRY1_SYNC_WAIT	0x1
class	clca6f.h	NVCA6F_GP_ENTRY__SIZE	0x8
class	clca6f.h	NVCA6F_SEM_ADDR_HI	0x60
class	clca6f.h	NVCA6F_SEM_ADDR_HI_OFFSET	24:0
class	clca6f.h	NVCA6F_SEM_ADDR_LO	0x5c
class	clca6f.h	NVCA6F_SEM_ADDR_LO_OFFSET	31:2
class	clca6f.h	NVCA6F_SEM_EXECUTE	0x6c
class	clca6f.h	NVCA6F_SEM_EXECUTE_OPERATION	2:0
class	clca6f.h	NVCA6F_SEM_EXECUTE_OPERATION_ACQUIRE	0x0
class	clca6f.h	NVCA6F_SEM_EXECUTE_OPERATION_RELEASE	0x1
class	clca6f.h	NVCA6F_SEM_EXECUTE_PAYLOAD_SIZE	24:24
class	clca6f.h	NVCA6F_SEM_EXECUTE_PAYLOAD_SIZE_32BIT	0x0
class	clca6f.h	NVCA6F_SEM_EXECUTE_RELEASE_WFI	20:20
class	clca6f.h	NVCA6F_SEM_EXECUTE_RELEASE_WFI_DIS	0x0
class	clca6f.h	NVCA6F_SEM_PAYLOAD_HI	0x68
class	clca6f.h	NVCA6F_SEM_PAYLOAD_LO	0x64
class	clca6f.h	NVCA6F_SET_OBJECT	0x0
class	clcab5.h	NVCAB5_LAUNCH_DMA	0x300
class	clcab5.h	NVCAB5_LAUNCH_DMA_DATA_TRANSFER_TYPE	1:0
class	clcab5.h	NVCAB5_LAUNCH_DMA_DATA_TRANSFER_TYPE_NONE	0x0
class	clcab5.h	NVCAB5_LAUNCH_DMA_DATA_TRANSFER_TYPE_NON_PIPELINED	0x2
class	clcab5.h	NVCAB5_LAUNCH_DMA_DATA_TRANSFER_TYPE_PIPELINED	0x1
class	clcab5.h	NVCAB5_LAUNCH_DMA_DATA_TRANSFER_TYPE_PREFETCH	0x3
class	clcab5.h	NVCAB5_REQ_ATTR	0x754
class	clcab5.h	NVCAB5_REQ_ATTR_PREFETCH_L2_CLASS	1:0
class	clcab5.h	NVCAB5_REQ_ATTR_PREFETCH_L2_CLASS_EVICT_DEMOTE	0x3
class	clcab5.h	NVCAB5_REQ_ATTR_PREFETCH_L2_CLASS_EVICT_FIRST	0x0
class	clcab5.h	NVCAB5_REQ_ATTR_PREFETCH_L2_CLASS_EVICT_LAST	0x2
class	clcab5.h	NVCAB5_REQ_ATTR_PREFETCH_L2_CLASS_EVICT_NORMAL	0x1
class	nvgputypes.h	NvNotification.info16	off=0xc
class	nvgputypes.h	NvNotification.info32	off=0x8
class	nvgputypes.h	NvNotification.status	off=0xe
class	nvgputypes.h	NvNotification.timeStamp	off=0x0
class	clc36f.h	Nvc36fControl.GPGet	off=0x88
class	clc36f.h	Nvc36fControl.GPPut	off=0x8c
class	clc36f.h	Nvc36fControl.Get	off=0x44
class	clc36f.h	Nvc36fControl.Put	off=0x40
class	clc36f.h	Nvc36fControl.TopLevelGet	off=0x58
class	clc46f.h	Nvc46fControl.GPGet	off=0x88
class	clc46f.h	Nvc46fControl.GPPut	off=0x8c
class	clc46f.h	Nvc46fControl.Get	off=0x44
class	clc46f.h	Nvc46fControl.Put	off=0x40
class	clc46f.h	Nvc46fControl.TopLevelGet	off=0x58
class	clc56f.h	Nvc56fControl.GPGet	off=0x88
class	clc56f.h	Nvc56fControl.GPPut	off=0x8c
class	clc56f.h	Nvc56fControl.Get	off=0x44
class	clc56f.h	Nvc56fControl.Put	off=0x40
class	clc56f.h	Nvc56fControl.TopLevelGet	off=0x58
class	clc86f.h	Nvc86fControl.GPGet	off=0x88
class	clc86f.h	Nvc86fControl.GPPut	off=0x8c
class	clc86f.h	Nvc86fControl.Get	off=0x44
class	clc86f.h	Nvc86fControl.Put	off=0x40
class	clc86f.h	Nvc86fControl.TopLevelGet	off=0x58
class	clc96f.h	Nvc96fControl.GPGet	absent
class	clc96f.h	Nvc96fControl.GPPut	off=0x8c
class	clc96f.h	Nvc96fControl.Get	absent
class	clc96f.h	Nvc96fControl.Put	absent
class	clc96f.h	Nvc96fControl.TopLevelGet	absent
class	clca6f.h	Nvca6fControl.GPGet	absent
class	clca6f.h	Nvca6fControl.GPPut	off=0x8c
class	clca6f.h	Nvca6fControl.Get	absent
class	clca6f.h	Nvca6fControl.Put	absent
class	clca6f.h	Nvca6fControl.TopLevelGet	absent
class	clc46f.h	TURING_CHANNEL_GPFIFO_A	0xc46f
class	clc5b5.h	TURING_DMA_COPY_A	0xc5b5
class	clc461.h	TURING_USERMODE_A	0xc461
class	clc36f.h	VOLTA_CHANNEL_GPFIFO_A	0xc36f
class	clc3b5.h	VOLTA_DMA_COPY_A	0xc3b5
class	clc361.h	VOLTA_USERMODE_A	0xc361
class	nvgputypes.h	sizeof(NvNotification)	size=0x10
class	clc36f.h	sizeof(Nvc36fControl)	size=0x200
class	clc46f.h	sizeof(Nvc46fControl)	size=0x200
class	clc56f.h	sizeof(Nvc56fControl)	size=0x200
class	clc86f.h	sizeof(Nvc86fControl)	size=0x200
class	clc96f.h	sizeof(Nvc96fControl)	size=0x200
class	clca6f.h	sizeof(Nvca6fControl)	size=0x200
hopper/gh100	dev_vm_addendum.h	NV_CTRL_CPU_DOORBELL_VECTORID_VALUE_CONSTANT	0x81
hopper/gh100	dev_xtl_ep_pri.h	NV_EP_PCFGM	0x92fff:0x92000
hopper/gh100	dev_xtl_ep_pcfg_gpu.h	NV_EP_PCFG_GPU_LINK_CAPABILITIES	0x6c
hopper/gh100	dev_mmu.h	NV_MMU_PTE_KIND_GENERIC_MEMORY	0x6
hopper/gh100	dev_mmu.h	NV_MMU_PTE_KIND_GENERIC_MEMORY_COMPRESSIBLE	0x8
hopper/gh100	dev_mmu.h	NV_MMU_PTE_KIND_GENERIC_MEMORY_COMPRESSIBLE_DISABLE_PLC	0x9
hopper/gh100	dev_mmu.h	NV_MMU_PTE_KIND_INVALID	0x7
hopper/gh100	dev_mmu.h	NV_MMU_PTE_KIND_PITCH	0x0
hopper/gh100	dev_mmu.h	NV_MMU_PTE_KIND_S8	0x2
hopper/gh100	dev_mmu.h	NV_MMU_PTE_KIND_S8Z24	0x3
hopper/gh100	dev_mmu.h	NV_MMU_PTE_KIND_S8Z24_COMPRESSIBLE_DISABLE_PLC	0xc
hopper/gh100	dev_mmu.h	NV_MMU_PTE_KIND_S8_COMPRESSIBLE_DISABLE_PLC	0xa
hopper/gh100	dev_mmu.h	NV_MMU_PTE_KIND_SMSKED_MESSAGE	0xf
hopper/gh100	dev_mmu.h	NV_MMU_PTE_KIND_Z16	0x1
hopper/gh100	dev_mmu.h	NV_MMU_PTE_KIND_Z16_COMPRESSIBLE_DISABLE_PLC	0xb
hopper/gh100	dev_mmu.h	NV_MMU_PTE_KIND_Z24S8	0x5
hopper/gh100	dev_mmu.h	NV_MMU_PTE_KIND_Z24S8_COMPRESSIBLE_DISABLE_PLC	0xe
hopper/gh100	dev_mmu.h	NV_MMU_PTE_KIND_ZF32_X24S8	0x4
hopper/gh100	dev_mmu.h	NV_MMU_PTE_KIND_ZF32_X24S8_COMPRESSIBLE_DISABLE_PLC	0xd
hopper/gh100	dev_mmu.h	NV_MMU_VER3_DUAL_PDE_ADDRESS_BIG	51:8
hopper/gh100	dev_mmu.h	NV_MMU_VER3_DUAL_PDE_ADDRESS_BIG_SHIFT	0x8
hopper/gh100	dev_mmu.h	NV_MMU_VER3_DUAL_PDE_ADDRESS_SHIFT	0xc
hopper/gh100	dev_mmu.h	NV_MMU_VER3_DUAL_PDE_ADDRESS_SMALL	115:76
hopper/gh100	dev_mmu.h	NV_MMU_VER3_DUAL_PDE_APERTURE_BIG	2:1
hopper/gh100	dev_mmu.h	NV_MMU_VER3_DUAL_PDE_APERTURE_BIG_INVALID	0x0
hopper/gh100	dev_mmu.h	NV_MMU_VER3_DUAL_PDE_APERTURE_BIG_SYSTEM_COHERENT_MEMORY	0x2
hopper/gh100	dev_mmu.h	NV_MMU_VER3_DUAL_PDE_APERTURE_BIG_SYSTEM_NON_COHERENT_MEMORY	0x3
hopper/gh100	dev_mmu.h	NV_MMU_VER3_DUAL_PDE_APERTURE_BIG_VIDEO_MEMORY	0x1
hopper/gh100	dev_mmu.h	NV_MMU_VER3_DUAL_PDE_APERTURE_SMALL	66:65
hopper/gh100	dev_mmu.h	NV_MMU_VER3_DUAL_PDE_APERTURE_SMALL_INVALID	0x0
hopper/gh100	dev_mmu.h	NV_MMU_VER3_DUAL_PDE_APERTURE_SMALL_SYSTEM_COHERENT_MEMORY	0x2
hopper/gh100	dev_mmu.h	NV_MMU_VER3_DUAL_PDE_APERTURE_SMALL_SYSTEM_NON_COHERENT_MEMORY	0x3
hopper/gh100	dev_mmu.h	NV_MMU_VER3_DUAL_PDE_APERTURE_SMALL_VIDEO_MEMORY	0x1
hopper/gh100	dev_mmu.h	NV_MMU_VER3_DUAL_PDE_IS_PTE	0:0
hopper/gh100	dev_mmu.h	NV_MMU_VER3_DUAL_PDE_IS_PTE_FALSE	0x0
hopper/gh100	dev_mmu.h	NV_MMU_VER3_DUAL_PDE_IS_PTE_TRUE	0x1
hopper/gh100	dev_mmu.h	NV_MMU_VER3_DUAL_PDE_PCF_BIG	5:3
hopper/gh100	dev_mmu.h	NV_MMU_VER3_DUAL_PDE_PCF_BIG_INVALID_ATS_ALLOWED	0x0
hopper/gh100	dev_mmu.h	NV_MMU_VER3_DUAL_PDE_PCF_BIG_INVALID_ATS_NOT_ALLOWED	0x2
hopper/gh100	dev_mmu.h	NV_MMU_VER3_DUAL_PDE_PCF_BIG_SPARSE_ATS_ALLOWED	0x1
hopper/gh100	dev_mmu.h	NV_MMU_VER3_DUAL_PDE_PCF_BIG_SPARSE_ATS_NOT_ALLOWED	0x3
hopper/gh100	dev_mmu.h	NV_MMU_VER3_DUAL_PDE_PCF_BIG_VALID_CACHED_ATS_ALLOWED	0x0
hopper/gh100	dev_mmu.h	NV_MMU_VER3_DUAL_PDE_PCF_BIG_VALID_CACHED_ATS_ALLOWED__OR__INVALID_ATS_ALLOWED	0x0
hopper/gh100	dev_mmu.h	NV_MMU_VER3_DUAL_PDE_PCF_BIG_VALID_CACHED_ATS_NOT_ALLOWED	0x2
hopper/gh100	dev_mmu.h	NV_MMU_VER3_DUAL_PDE_PCF_BIG_VALID_CACHED_ATS_NOT_ALLOWED__OR__INVALID_ATS_NOT_ALLOWED	0x2
hopper/gh100	dev_mmu.h	NV_MMU_VER3_DUAL_PDE_PCF_BIG_VALID_UNCACHED_ATS_ALLOWED	0x1
hopper/gh100	dev_mmu.h	NV_MMU_VER3_DUAL_PDE_PCF_BIG_VALID_UNCACHED_ATS_ALLOWED__OR__SPARSE_ATS_ALLOWED	0x1
hopper/gh100	dev_mmu.h	NV_MMU_VER3_DUAL_PDE_PCF_BIG_VALID_UNCACHED_ATS_NOT_ALLOWED	0x3
hopper/gh100	dev_mmu.h	NV_MMU_VER3_DUAL_PDE_PCF_BIG_VALID_UNCACHED_ATS_NOT_ALLOWED__OR__SPARSE_ATS_NOT_ALLOWED	0x3
hopper/gh100	dev_mmu.h	NV_MMU_VER3_DUAL_PDE_PCF_SMALL	69:67
hopper/gh100	dev_mmu.h	NV_MMU_VER3_DUAL_PDE_PCF_SMALL_INVALID_ATS_ALLOWED	0x0
hopper/gh100	dev_mmu.h	NV_MMU_VER3_DUAL_PDE_PCF_SMALL_INVALID_ATS_NOT_ALLOWED	0x2
hopper/gh100	dev_mmu.h	NV_MMU_VER3_DUAL_PDE_PCF_SMALL_SPARSE_ATS_ALLOWED	0x1
hopper/gh100	dev_mmu.h	NV_MMU_VER3_DUAL_PDE_PCF_SMALL_SPARSE_ATS_NOT_ALLOWED	0x3
hopper/gh100	dev_mmu.h	NV_MMU_VER3_DUAL_PDE_PCF_SMALL_VALID_CACHED_ATS_ALLOWED	0x0
hopper/gh100	dev_mmu.h	NV_MMU_VER3_DUAL_PDE_PCF_SMALL_VALID_CACHED_ATS_ALLOWED__OR__INVALID_ATS_ALLOWED	0x0
hopper/gh100	dev_mmu.h	NV_MMU_VER3_DUAL_PDE_PCF_SMALL_VALID_CACHED_ATS_NOT_ALLOWED	0x2
hopper/gh100	dev_mmu.h	NV_MMU_VER3_DUAL_PDE_PCF_SMALL_VALID_CACHED_ATS_NOT_ALLOWED__OR__INVALID_ATS_NOT_ALLOWED	0x2
hopper/gh100	dev_mmu.h	NV_MMU_VER3_DUAL_PDE_PCF_SMALL_VALID_UNCACHED_ATS_ALLOWED	0x1
hopper/gh100	dev_mmu.h	NV_MMU_VER3_DUAL_PDE_PCF_SMALL_VALID_UNCACHED_ATS_ALLOWED__OR__SPARSE_ATS_ALLOWED	0x1
hopper/gh100	dev_mmu.h	NV_MMU_VER3_DUAL_PDE_PCF_SMALL_VALID_UNCACHED_ATS_NOT_ALLOWED	0x3
hopper/gh100	dev_mmu.h	NV_MMU_VER3_DUAL_PDE_PCF_SMALL_VALID_UNCACHED_ATS_NOT_ALLOWED__OR__SPARSE_ATS_NOT_ALLOWED	0x3
hopper/gh100	dev_mmu.h	NV_MMU_VER3_DUAL_PDE_VALID	0:0
hopper/gh100	dev_mmu.h	NV_MMU_VER3_DUAL_PDE_VALID_FALSE	0x0
hopper/gh100	dev_mmu.h	NV_MMU_VER3_DUAL_PDE_VALID_TRUE	0x1
hopper/gh100	dev_mmu.h	NV_MMU_VER3_DUAL_PDE__SIZE	0x10
hopper/gh100	dev_mmu.h	NV_MMU_VER3_PDE_ADDRESS	51:12
hopper/gh100	dev_mmu.h	NV_MMU_VER3_PDE_ADDRESS_SHIFT	0xc
hopper/gh100	dev_mmu.h	NV_MMU_VER3_PDE_APERTURE	2:1
hopper/gh100	dev_mmu.h	NV_MMU_VER3_PDE_APERTURE_INVALID	0x0
hopper/gh100	dev_mmu.h	NV_MMU_VER3_PDE_APERTURE_SYSTEM_COHERENT_MEMORY	0x2
hopper/gh100	dev_mmu.h	NV_MMU_VER3_PDE_APERTURE_SYSTEM_NON_COHERENT_MEMORY	0x3
hopper/gh100	dev_mmu.h	NV_MMU_VER3_PDE_APERTURE_VIDEO_MEMORY	0x1
hopper/gh100	dev_mmu.h	NV_MMU_VER3_PDE_IS_PTE	0:0
hopper/gh100	dev_mmu.h	NV_MMU_VER3_PDE_IS_PTE_FALSE	0x0
hopper/gh100	dev_mmu.h	NV_MMU_VER3_PDE_IS_PTE_TRUE	0x1
hopper/gh100	dev_mmu.h	NV_MMU_VER3_PDE_PCF	5:3
hopper/gh100	dev_mmu.h	NV_MMU_VER3_PDE_PCF_INVALID_ATS_ALLOWED	0x0
hopper/gh100	dev_mmu.h	NV_MMU_VER3_PDE_PCF_INVALID_ATS_NOT_ALLOWED	0x2
hopper/gh100	dev_mmu.h	NV_MMU_VER3_PDE_PCF_SPARSE_ATS_ALLOWED	0x1
hopper/gh100	dev_mmu.h	NV_MMU_VER3_PDE_PCF_SPARSE_ATS_NOT_ALLOWED	0x3
hopper/gh100	dev_mmu.h	NV_MMU_VER3_PDE_PCF_VALID_CACHED_ATS_ALLOWED	0x0
hopper/gh100	dev_mmu.h	NV_MMU_VER3_PDE_PCF_VALID_CACHED_ATS_ALLOWED__OR__INVALID_ATS_ALLOWED	0x0
hopper/gh100	dev_mmu.h	NV_MMU_VER3_PDE_PCF_VALID_CACHED_ATS_NOT_ALLOWED	0x2
hopper/gh100	dev_mmu.h	NV_MMU_VER3_PDE_PCF_VALID_CACHED_ATS_NOT_ALLOWED__OR__INVALID_ATS_NOT_ALLOWED	0x2
hopper/gh100	dev_mmu.h	NV_MMU_VER3_PDE_PCF_VALID_UNCACHED_ATS_ALLOWED	0x1
hopper/gh100	dev_mmu.h	NV_MMU_VER3_PDE_PCF_VALID_UNCACHED_ATS_ALLOWED__OR__SPARSE_ATS_ALLOWED	0x1
hopper/gh100	dev_mmu.h	NV_MMU_VER3_PDE_PCF_VALID_UNCACHED_ATS_NOT_ALLOWED	0x3
hopper/gh100	dev_mmu.h	NV_MMU_VER3_PDE_PCF_VALID_UNCACHED_ATS_NOT_ALLOWED__OR__SPARSE_ATS_NOT_ALLOWED	0x3
hopper/gh100	dev_mmu.h	NV_MMU_VER3_PDE_VALID	0:0
hopper/gh100	dev_mmu.h	NV_MMU_VER3_PDE_VALID_FALSE	0x0
hopper/gh100	dev_mmu.h	NV_MMU_VER3_PDE_VALID_TRUE	0x1
hopper/gh100	dev_mmu.h	NV_MMU_VER3_PDE__SIZE	0x8
hopper/gh100	dev_mmu.h	NV_MMU_VER3_PTE_ADDRESS	51:12
hopper/gh100	dev_mmu.h	NV_MMU_VER3_PTE_ADDRESS_SHIFT	0xc
hopper/gh100	dev_mmu.h	NV_MMU_VER3_PTE_APERTURE	2:1
hopper/gh100	dev_mmu.h	NV_MMU_VER3_PTE_APERTURE_PEER_MEMORY	0x1
hopper/gh100	dev_mmu.h	NV_MMU_VER3_PTE_APERTURE_SYSTEM_COHERENT_MEMORY	0x2
hopper/gh100	dev_mmu.h	NV_MMU_VER3_PTE_APERTURE_SYSTEM_NON_COHERENT_MEMORY	0x3
hopper/gh100	dev_mmu.h	NV_MMU_VER3_PTE_APERTURE_VIDEO_MEMORY	0x0
hopper/gh100	dev_mmu.h	NV_MMU_VER3_PTE_KIND	11:8
hopper/gh100	dev_mmu.h	NV_MMU_VER3_PTE_PCF	7:3
hopper/gh100	dev_mmu.h	NV_MMU_VER3_PTE_PCF_INVALID	0x0
hopper/gh100	dev_mmu.h	NV_MMU_VER3_PTE_PCF_MAPPING_NOWHERE	0x2
hopper/gh100	dev_mmu.h	NV_MMU_VER3_PTE_PCF_NO_VALID_4KB_PAGE	0x3
hopper/gh100	dev_mmu.h	NV_MMU_VER3_PTE_PCF_PRIVILEGE_RO_ATOMIC_CACHED_ACD	0x16
hopper/gh100	dev_mmu.h	NV_MMU_VER3_PTE_PCF_PRIVILEGE_RO_ATOMIC_CACHED_ACE	0x6
hopper/gh100	dev_mmu.h	NV_MMU_VER3_PTE_PCF_PRIVILEGE_RO_ATOMIC_UNCACHED_ACD	0x17
hopper/gh100	dev_mmu.h	NV_MMU_VER3_PTE_PCF_PRIVILEGE_RO_ATOMIC_UNCACHED_ACE	0x7
hopper/gh100	dev_mmu.h	NV_MMU_VER3_PTE_PCF_PRIVILEGE_RO_NO_ATOMIC_CACHED_ACD	0x1e
hopper/gh100	dev_mmu.h	NV_MMU_VER3_PTE_PCF_PRIVILEGE_RO_NO_ATOMIC_CACHED_ACE	0xe
hopper/gh100	dev_mmu.h	NV_MMU_VER3_PTE_PCF_PRIVILEGE_RO_NO_ATOMIC_UNCACHED_ACD	0x1f
hopper/gh100	dev_mmu.h	NV_MMU_VER3_PTE_PCF_PRIVILEGE_RO_NO_ATOMIC_UNCACHED_ACE	0xf
hopper/gh100	dev_mmu.h	NV_MMU_VER3_PTE_PCF_PRIVILEGE_RW_ATOMIC_CACHED_ACD	0x12
hopper/gh100	dev_mmu.h	NV_MMU_VER3_PTE_PCF_PRIVILEGE_RW_ATOMIC_CACHED_ACE	0x2
hopper/gh100	dev_mmu.h	NV_MMU_VER3_PTE_PCF_PRIVILEGE_RW_ATOMIC_UNCACHED_ACD	0x13
hopper/gh100	dev_mmu.h	NV_MMU_VER3_PTE_PCF_PRIVILEGE_RW_ATOMIC_UNCACHED_ACE	0x3
hopper/gh100	dev_mmu.h	NV_MMU_VER3_PTE_PCF_PRIVILEGE_RW_NO_ATOMIC_CACHED_ACD	0x1a
hopper/gh100	dev_mmu.h	NV_MMU_VER3_PTE_PCF_PRIVILEGE_RW_NO_ATOMIC_CACHED_ACE	0xa
hopper/gh100	dev_mmu.h	NV_MMU_VER3_PTE_PCF_PRIVILEGE_RW_NO_ATOMIC_UNCACHED_ACD	0x1b
hopper/gh100	dev_mmu.h	NV_MMU_VER3_PTE_PCF_PRIVILEGE_RW_NO_ATOMIC_UNCACHED_ACE	0xb
hopper/gh100	dev_mmu.h	NV_MMU_VER3_PTE_PCF_REGULAR_RO_ATOMIC_CACHED_ACD	0x14
hopper/gh100	dev_mmu.h	NV_MMU_VER3_PTE_PCF_REGULAR_RO_ATOMIC_CACHED_ACE	0x4
hopper/gh100	dev_mmu.h	NV_MMU_VER3_PTE_PCF_REGULAR_RO_ATOMIC_UNCACHED_ACD	0x15
hopper/gh100	dev_mmu.h	NV_MMU_VER3_PTE_PCF_REGULAR_RO_ATOMIC_UNCACHED_ACE	0x5
hopper/gh100	dev_mmu.h	NV_MMU_VER3_PTE_PCF_REGULAR_RO_NO_ATOMIC_CACHED_ACD	0x1c
hopper/gh100	dev_mmu.h	NV_MMU_VER3_PTE_PCF_REGULAR_RO_NO_ATOMIC_CACHED_ACE	0xc
hopper/gh100	dev_mmu.h	NV_MMU_VER3_PTE_PCF_REGULAR_RO_NO_ATOMIC_UNCACHED_ACD	0x1d
hopper/gh100	dev_mmu.h	NV_MMU_VER3_PTE_PCF_REGULAR_RO_NO_ATOMIC_UNCACHED_ACE	0xd
hopper/gh100	dev_mmu.h	NV_MMU_VER3_PTE_PCF_REGULAR_RW_ATOMIC_CACHED_ACD	0x10
hopper/gh100	dev_mmu.h	NV_MMU_VER3_PTE_PCF_REGULAR_RW_ATOMIC_CACHED_ACE	0x0
hopper/gh100	dev_mmu.h	NV_MMU_VER3_PTE_PCF_REGULAR_RW_ATOMIC_UNCACHED_ACD	0x11
hopper/gh100	dev_mmu.h	NV_MMU_VER3_PTE_PCF_REGULAR_RW_ATOMIC_UNCACHED_ACE	0x1
hopper/gh100	dev_mmu.h	NV_MMU_VER3_PTE_PCF_REGULAR_RW_NO_ATOMIC_CACHED_ACD	0x18
hopper/gh100	dev_mmu.h	NV_MMU_VER3_PTE_PCF_REGULAR_RW_NO_ATOMIC_CACHED_ACE	0x8
hopper/gh100	dev_mmu.h	NV_MMU_VER3_PTE_PCF_REGULAR_RW_NO_ATOMIC_UNCACHED_ACD	0x19
hopper/gh100	dev_mmu.h	NV_MMU_VER3_PTE_PCF_REGULAR_RW_NO_ATOMIC_UNCACHED_ACE	0x9
hopper/gh100	dev_mmu.h	NV_MMU_VER3_PTE_PCF_SPARSE	0x1
hopper/gh100	dev_mmu.h	NV_MMU_VER3_PTE_PEER_ID	63:61
hopper/gh100	dev_mmu.h	NV_MMU_VER3_PTE_PEER_ID_0	0x0
hopper/gh100	dev_mmu.h	NV_MMU_VER3_PTE_PEER_ID_1	0x1
hopper/gh100	dev_mmu.h	NV_MMU_VER3_PTE_PEER_ID_2	0x2
hopper/gh100	dev_mmu.h	NV_MMU_VER3_PTE_PEER_ID_3	0x3
hopper/gh100	dev_mmu.h	NV_MMU_VER3_PTE_PEER_ID_4	0x4
hopper/gh100	dev_mmu.h	NV_MMU_VER3_PTE_PEER_ID_5	0x5
hopper/gh100	dev_mmu.h	NV_MMU_VER3_PTE_PEER_ID_6	0x6
hopper/gh100	dev_mmu.h	NV_MMU_VER3_PTE_PEER_ID_7	0x7
hopper/gh100	dev_mmu.h	NV_MMU_VER3_PTE_VALID	0:0
hopper/gh100	dev_mmu.h	NV_MMU_VER3_PTE_VALID_FALSE	0x0
hopper/gh100	dev_mmu.h	NV_MMU_VER3_PTE_VALID_TRUE	0x1
hopper/gh100	dev_mmu.h	NV_MMU_VER3_PTE__SIZE	0x8
hopper/gh100	dev_bus.h	NV_PBUS_SW_SCRATCH(0)	0x1400
hopper/gh100	dev_bus.h	NV_PBUS_SW_SCRATCH(1)	0x1404
hopper/gh100	dev_bus.h	NV_PBUS_SW_SCRATCH_FIELD	31:0
hopper/gh100	dev_bus.h	NV_PBUS_SW_SCRATCH_FIELD_INIT	0x0
hopper/gh100	dev_bus.h	NV_PBUS_SW_SCRATCH__SIZE_1	0x40
hopper/gh100	dev_falcon_v4.h	NV_PFALCON_FALCON_HWCFG2	0xf4
hopper/gh100	dev_falcon_v4.h	NV_PFALCON_FALCON_HWCFG2_BMEM	1:1
hopper/gh100	dev_falcon_v4.h	NV_PFALCON_FALCON_HWCFG2_BMEM_DISABLE	0x0
hopper/gh100	dev_falcon_v4.h	NV_PFALCON_FALCON_HWCFG2_BMEM_ENABLE	0x1
hopper/gh100	dev_falcon_v4.h	NV_PFALCON_FALCON_HWCFG2_BOOT_FROM_HS	14:14
hopper/gh100	dev_falcon_v4.h	NV_PFALCON_FALCON_HWCFG2_BOOT_FROM_HS_FALSE	0x0
hopper/gh100	dev_falcon_v4.h	NV_PFALCON_FALCON_HWCFG2_BOOT_FROM_HS_TRUE	0x1
hopper/gh100	dev_falcon_v4.h	NV_PFALCON_FALCON_HWCFG2_DBGMODE	3:3
hopper/gh100	dev_falcon_v4.h	NV_PFALCON_FALCON_HWCFG2_DBGMODE_DISABLE	0x0
hopper/gh100	dev_falcon_v4.h	NV_PFALCON_FALCON_HWCFG2_DBGMODE_ENABLE	0x1
hopper/gh100	dev_falcon_v4.h	NV_PFALCON_FALCON_HWCFG2_GDMA	17:17
hopper/gh100	dev_falcon_v4.h	NV_PFALCON_FALCON_HWCFG2_GDMA_DISABLE	0x0
hopper/gh100	dev_falcon_v4.h	NV_PFALCON_FALCON_HWCFG2_GDMA_ENABLE	0x1
hopper/gh100	dev_falcon_v4.h	NV_PFALCON_FALCON_HWCFG2_HS	8:8
hopper/gh100	dev_falcon_v4.h	NV_PFALCON_FALCON_HWCFG2_HSCODE_REVOCATION	5:5
hopper/gh100	dev_falcon_v4.h	NV_PFALCON_FALCON_HWCFG2_HSCODE_REVOCATION_DISABLE	0x0
hopper/gh100	dev_falcon_v4.h	NV_PFALCON_FALCON_HWCFG2_HSCODE_REVOCATION_ENABLE	0x1
hopper/gh100	dev_falcon_v4.h	NV_PFALCON_FALCON_HWCFG2_HS_DISABLE	0x0
hopper/gh100	dev_falcon_v4.h	NV_PFALCON_FALCON_HWCFG2_HS_ENABLE	0x1
hopper/gh100	dev_falcon_v4.h	NV_PFALCON_FALCON_HWCFG2_KMEM	4:4
hopper/gh100	dev_falcon_v4.h	NV_PFALCON_FALCON_HWCFG2_KMEM_DISABLE	0x0
hopper/gh100	dev_falcon_v4.h	NV_PFALCON_FALCON_HWCFG2_KMEM_ENABLE	0x1
hopper/gh100	dev_falcon_v4.h	NV_PFALCON_FALCON_HWCFG2_MEM_SCRUBBING	12:12
hopper/gh100	dev_falcon_v4.h	NV_PFALCON_FALCON_HWCFG2_MEM_SCRUBBING_DONE	0x0
hopper/gh100	dev_falcon_v4.h	NV_PFALCON_FALCON_HWCFG2_MEM_SCRUBBING_PENDING	0x1
hopper/gh100	dev_falcon_v4.h	NV_PFALCON_FALCON_HWCFG2_PKCBOOT	2:2
hopper/gh100	dev_falcon_v4.h	NV_PFALCON_FALCON_HWCFG2_PKCBOOT_DISABLE	0x0
hopper/gh100	dev_falcon_v4.h	NV_PFALCON_FALCON_HWCFG2_PKCBOOT_ENABLE	0x1
hopper/gh100	dev_falcon_v4.h	NV_PFALCON_FALCON_HWCFG2_PRGN_RSVD_FUSE	31:24
hopper/gh100	dev_falcon_v4.h	NV_PFALCON_FALCON_HWCFG2_PRGN_RSVD_FUSE_DEFAULT	0x0
hopper/gh100	dev_falcon_v4.h	NV_PFALCON_FALCON_HWCFG2_RISCV	10:10
hopper/gh100	dev_falcon_v4.h	NV_PFALCON_FALCON_HWCFG2_RISCV_BR_ADPAIR	15:15
hopper/gh100	dev_falcon_v4.h	NV_PFALCON_FALCON_HWCFG2_RISCV_BR_ADPAIR_DISABLE	0x0
hopper/gh100	dev_falcon_v4.h	NV_PFALCON_FALCON_HWCFG2_RISCV_BR_ADPAIR_ENABLE	0x1
hopper/gh100	dev_falcon_v4.h	NV_PFALCON_FALCON_HWCFG2_RISCV_BR_PRIV_LOCKDOWN	13:13
hopper/gh100	dev_falcon_v4.h	NV_PFALCON_FALCON_HWCFG2_RISCV_BR_PRIV_LOCKDOWN_LOCK	0x1
hopper/gh100	dev_falcon_v4.h	NV_PFALCON_FALCON_HWCFG2_RISCV_BR_PRIV_LOCKDOWN_UNLOCK	0x0
hopper/gh100	dev_falcon_v4.h	NV_PFALCON_FALCON_HWCFG2_RISCV_DISABLE	0x0
hopper/gh100	dev_falcon_v4.h	NV_PFALCON_FALCON_HWCFG2_RISCV_ENABLE	0x1
hopper/gh100	dev_falcon_v4.h	NV_PFALCON_FALCON_HWCFG2_RISCV_PL3_DISABLE	11:11
hopper/gh100	dev_falcon_v4.h	NV_PFALCON_FALCON_HWCFG2_RISCV_PL3_DISABLE_FALSE	0x0
hopper/gh100	dev_falcon_v4.h	NV_PFALCON_FALCON_HWCFG2_RISCV_PL3_DISABLE_TRUE	0x1
hopper/gh100	dev_falcon_v4.h	NV_PFALCON_FALCON_HWCFG2_SCP	16:16
hopper/gh100	dev_falcon_v4.h	NV_PFALCON_FALCON_HWCFG2_SCP_DISABLE	0x0
hopper/gh100	dev_falcon_v4.h	NV_PFALCON_FALCON_HWCFG2_SCP_ENABLE	0x1
hopper/gh100	dev_falcon_v4.h	NV_PFALCON_FALCON_HWCFG2_SECUREBUS	9:9
hopper/gh100	dev_falcon_v4.h	NV_PFALCON_FALCON_HWCFG2_SECUREBUS_DISABLE	0x0
hopper/gh100	dev_falcon_v4.h	NV_PFALCON_FALCON_HWCFG2_SECUREBUS_ENABLE	0x1
hopper/gh100	dev_falcon_v4.h	NV_PFALCON_FALCON_HWCFG2_SE_LITE	18:18
hopper/gh100	dev_falcon_v4.h	NV_PFALCON_FALCON_HWCFG2_SE_LITE_DISABLE	0x0
hopper/gh100	dev_falcon_v4.h	NV_PFALCON_FALCON_HWCFG2_SE_LITE_ENABLE	0x1
hopper/gh100	dev_falcon_v4.h	NV_PFALCON_FALCON_HWCFG2_SHA	0:0
hopper/gh100	dev_falcon_v4.h	NV_PFALCON_FALCON_HWCFG2_SHA_DISABLE	0x0
hopper/gh100	dev_falcon_v4.h	NV_PFALCON_FALCON_HWCFG2_SHA_ENABLE	0x1
hopper/gh100	dev_falcon_v4.h	NV_PFALCON_FALCON_HWCFG2_STRAP_FUN	6:6
hopper/gh100	dev_falcon_v4.h	NV_PFALCON_FALCON_HWCFG2_STRAP_FUN_DISABLE	0x0
hopper/gh100	dev_falcon_v4.h	NV_PFALCON_FALCON_HWCFG2_STRAP_FUN_ENABLE	0x1
hopper/gh100	dev_falcon_v4.h	NV_PFALCON_FALCON_HWCFG2_VHR	7:7
hopper/gh100	dev_falcon_v4.h	NV_PFALCON_FALCON_HWCFG2_VHR_DISABLE	0x0
hopper/gh100	dev_falcon_v4.h	NV_PFALCON_FALCON_HWCFG2_VHR_ENABLE	0x1
hopper/gh100	dev_falcon_v4.h	NV_PFALCON_FALCON_MAILBOX0	0x40
hopper/gh100	dev_falcon_v4.h	NV_PFALCON_FALCON_MAILBOX0_DATA	31:0
hopper/gh100	dev_falcon_v4.h	NV_PFALCON_FALCON_MAILBOX0_DATA_INIT	0x0
hopper/gh100	dev_falcon_v4.h	NV_PFALCON_FALCON_MAILBOX1	0x44
hopper/gh100	dev_falcon_v4.h	NV_PFALCON_FALCON_MAILBOX1_DATA	31:0
hopper/gh100	dev_falcon_v4.h	NV_PFALCON_FALCON_MAILBOX1_DATA_INIT	0x0
hopper/gh100	dev_falcon_v4.h	NV_PFALCON_FALCON_OS	0x80
hopper/gh100	dev_falcon_v4.h	NV_PFALCON_FALCON_OS_VERSION	31:0
hopper/gh100	dev_falcon_v4.h	NV_PFALCON_FALCON_OS_VERSION_INIT	0x0
hopper/gh100	dev_falcon_v4.h	NV_PFALCON_FALCON_OS__DEVICE_MAP	0x13
hopper/gh100	dev_fault.h	NV_PFAULT_MMU_ENG_ID_BAR1	0x100
hopper/gh100	dev_fault.h	NV_PFAULT_MMU_ENG_ID_BAR2	0x140
hopper/gh100	dev_fault.h	NV_PFAULT_MMU_ENG_ID_CE0	0x2b
hopper/gh100	dev_fault.h	NV_PFAULT_MMU_ENG_ID_CE1	0x2c
hopper/gh100	dev_fault.h	NV_PFAULT_MMU_ENG_ID_CE2	0x2d
hopper/gh100	dev_fault.h	NV_PFAULT_MMU_ENG_ID_CE3	0x2e
hopper/gh100	dev_fault.h	NV_PFAULT_MMU_ENG_ID_CE4	0x2f
hopper/gh100	dev_fault.h	NV_PFAULT_MMU_ENG_ID_CE5	0x30
hopper/gh100	dev_fault.h	NV_PFAULT_MMU_ENG_ID_CE6	0x31
hopper/gh100	dev_fault.h	NV_PFAULT_MMU_ENG_ID_CE7	0x32
hopper/gh100	dev_fault.h	NV_PFAULT_MMU_ENG_ID_CE8	0x33
hopper/gh100	dev_fault.h	NV_PFAULT_MMU_ENG_ID_CE9	0x34
hopper/gh100	dev_fault.h	NV_PFAULT_MMU_ENG_ID_DISPLAY	0x1
hopper/gh100	dev_fault.h	NV_PFAULT_MMU_ENG_ID_FLA	0x4
hopper/gh100	dev_fault.h	NV_PFAULT_MMU_ENG_ID_FSP	0x7
hopper/gh100	dev_fault.h	NV_PFAULT_MMU_ENG_ID_GRAPHICS	0x180
hopper/gh100	dev_fault.h	NV_PFAULT_MMU_ENG_ID_GSP	0x2
hopper/gh100	dev_fault.h	NV_PFAULT_MMU_ENG_ID_PERF	0xa
hopper/gh100	dev_fault.h	NV_PFAULT_MMU_ENG_ID_PERF0	0xa
hopper/gh100	dev_fault.h	NV_PFAULT_MMU_ENG_ID_PHYSICAL	0x38
hopper/gh100	dev_fault.h	NV_PFAULT_MMU_ENG_ID_PTP	0x3
hopper/gh100	dev_fault.h	NV_PFAULT_MMU_ENG_ID_PWR_PMU	0x5
hopper/gh100	dev_fb.h	NV_PFB_NISO_FLUSH_SYSMEM_ADDR_SHIFT	0x8
hopper/gh100	dev_fb.h	NV_PFB_PRI_MMU_WPR1_ADDR_HI	0x1fa820
hopper/gh100	dev_fb.h	NV_PFB_PRI_MMU_WPR1_ADDR_HI_ALIGNMENT	0xc
hopper/gh100	dev_fb.h	NV_PFB_PRI_MMU_WPR1_ADDR_HI_VAL	31:4
hopper/gh100	dev_fb.h	NV_PFB_PRI_MMU_WPR1_ADDR_HI_VAL_INIT	0x0
hopper/gh100	dev_fb.h	NV_PFB_PRI_MMU_WPR1_ADDR_HI__PRIV_LEVEL_MASK	0x1fa7cc
hopper/gh100	dev_fb.h	NV_PFB_PRI_MMU_WPR1_ADDR_LO	0x1fa81c
hopper/gh100	dev_fb.h	NV_PFB_PRI_MMU_WPR1_ADDR_LO_ALIGNMENT	0xc
hopper/gh100	dev_fb.h	NV_PFB_PRI_MMU_WPR1_ADDR_LO_VAL	31:4
hopper/gh100	dev_fb.h	NV_PFB_PRI_MMU_WPR1_ADDR_LO_VAL_INIT	0xfffffff
hopper/gh100	dev_fb.h	NV_PFB_PRI_MMU_WPR1_ADDR_LO__PRIV_LEVEL_MASK	0x1fa7cc
hopper/gh100	dev_fb.h	NV_PFB_PRI_MMU_WPR2_ADDR_HI	0x1fa828
hopper/gh100	dev_fb.h	NV_PFB_PRI_MMU_WPR2_ADDR_HI_ALIGNMENT	0xc
hopper/gh100	dev_fb.h	NV_PFB_PRI_MMU_WPR2_ADDR_HI_VAL	31:4
hopper/gh100	dev_fb.h	NV_PFB_PRI_MMU_WPR2_ADDR_HI_VAL_INIT	0x0
hopper/gh100	dev_fb.h	NV_PFB_PRI_MMU_WPR2_ADDR_HI__PRIV_LEVEL_MASK	0x1fa7cc
hopper/gh100	dev_fb.h	NV_PFB_PRI_MMU_WPR2_ADDR_LO	0x1fa824
hopper/gh100	dev_fb.h	NV_PFB_PRI_MMU_WPR2_ADDR_LO_ALIGNMENT	0xc
hopper/gh100	dev_fb.h	NV_PFB_PRI_MMU_WPR2_ADDR_LO_VAL	31:4
hopper/gh100	dev_fb.h	NV_PFB_PRI_MMU_WPR2_ADDR_LO_VAL_INIT	0xfffffff
hopper/gh100	dev_fb.h	NV_PFB_PRI_MMU_WPR2_ADDR_LO__PRIV_LEVEL_MASK	0x1fa7cc
hopper/gh100	dev_fsp_pri.h	NV_PFSP_EMEMC(0)	0x8f2ac0
hopper/gh100	dev_fsp_pri.h	NV_PFSP_EMEMC(1)	0x8f2ac8
hopper/gh100	dev_fsp_pri.h	NV_PFSP_EMEMC_AINCR	25:25
hopper/gh100	dev_fsp_pri.h	NV_PFSP_EMEMC_AINCR_FALSE	0x0
hopper/gh100	dev_fsp_pri.h	NV_PFSP_EMEMC_AINCR_INIT	0x0
hopper/gh100	dev_fsp_pri.h	NV_PFSP_EMEMC_AINCR_TRUE	0x1
hopper/gh100	dev_fsp_pri.h	NV_PFSP_EMEMC_AINCW	24:24
hopper/gh100	dev_fsp_pri.h	NV_PFSP_EMEMC_AINCW_FALSE	0x0
hopper/gh100	dev_fsp_pri.h	NV_PFSP_EMEMC_AINCW_INIT	0x0
hopper/gh100	dev_fsp_pri.h	NV_PFSP_EMEMC_AINCW_TRUE	0x1
hopper/gh100	dev_fsp_pri.h	NV_PFSP_EMEMC_BLK	15:8
hopper/gh100	dev_fsp_pri.h	NV_PFSP_EMEMC_BLK_INIT	0x0
hopper/gh100	dev_fsp_pri.h	NV_PFSP_EMEMC_OFFS	7:2
hopper/gh100	dev_fsp_pri.h	NV_PFSP_EMEMC_OFFS_INIT	0x0
hopper/gh100	dev_fsp_pri.h	NV_PFSP_EMEMC__SIZE_1	0x8
hopper/gh100	dev_fsp_pri.h	NV_PFSP_EMEMD(0)	0x8f2ac4
hopper/gh100	dev_fsp_pri.h	NV_PFSP_EMEMD(1)	0x8f2acc
hopper/gh100	dev_fsp_pri.h	NV_PFSP_EMEMD_DATA	31:0
hopper/gh100	dev_fsp_pri.h	NV_PFSP_EMEMD__SIZE_1	0x8
hopper/gh100	dev_fsp_pri.h	NV_PFSP_FALCON_COMMON_SCRATCH_GROUP_2(0)	0x8f0320
hopper/gh100	dev_fsp_pri.h	NV_PFSP_FALCON_COMMON_SCRATCH_GROUP_2(1)	0x8f0324
hopper/gh100	dev_fsp_pri.h	NV_PFSP_FALCON_COMMON_SCRATCH_GROUP_2_VAL	31:0
hopper/gh100	dev_fsp_pri.h	NV_PFSP_FALCON_COMMON_SCRATCH_GROUP_2_VAL_INIT	0x0
hopper/gh100	dev_fsp_pri.h	NV_PFSP_FALCON_COMMON_SCRATCH_GROUP_2__DEVICE_MAP	0x16
hopper/gh100	dev_fsp_pri.h	NV_PFSP_FALCON_COMMON_SCRATCH_GROUP_2__SIZE_1	0x4
hopper/gh100	dev_fsp_pri.h	NV_PFSP_FALCON_COMMON_SCRATCH_GROUP_3(0)	0x8f0330
hopper/gh100	dev_fsp_pri.h	NV_PFSP_FALCON_COMMON_SCRATCH_GROUP_3(1)	0x8f0334
hopper/gh100	dev_fsp_pri.h	NV_PFSP_FALCON_COMMON_SCRATCH_GROUP_3_VAL	31:0
hopper/gh100	dev_fsp_pri.h	NV_PFSP_FALCON_COMMON_SCRATCH_GROUP_3_VAL_INIT	0x0
hopper/gh100	dev_fsp_pri.h	NV_PFSP_FALCON_COMMON_SCRATCH_GROUP_3__SIZE_1	0x4
hopper/gh100	dev_fsp_pri.h	NV_PFSP_MSGQ_HEAD(0)	0x8f2c80
hopper/gh100	dev_fsp_pri.h	NV_PFSP_MSGQ_HEAD(1)	0x8f2c88
hopper/gh100	dev_fsp_pri.h	NV_PFSP_MSGQ_HEAD_VAL	31:0
hopper/gh100	dev_fsp_pri.h	NV_PFSP_MSGQ_HEAD_VAL_INIT	0x0
hopper/gh100	dev_fsp_pri.h	NV_PFSP_MSGQ_HEAD__SIZE_1	0x8
hopper/gh100	dev_fsp_pri.h	NV_PFSP_MSGQ_TAIL(0)	0x8f2c84
hopper/gh100	dev_fsp_pri.h	NV_PFSP_MSGQ_TAIL(1)	0x8f2c8c
hopper/gh100	dev_fsp_pri.h	NV_PFSP_MSGQ_TAIL_VAL	31:0
hopper/gh100	dev_fsp_pri.h	NV_PFSP_MSGQ_TAIL_VAL_INIT	0x0
hopper/gh100	dev_fsp_pri.h	NV_PFSP_MSGQ_TAIL__SIZE_1	0x8
hopper/gh100	dev_fsp_pri.h	NV_PFSP_QUEUE_HEAD(0)	0x8f2c00
hopper/gh100	dev_fsp_pri.h	NV_PFSP_QUEUE_HEAD(1)	0x8f2c08
hopper/gh100	dev_fsp_pri.h	NV_PFSP_QUEUE_HEAD_ADDRESS	31:0
hopper/gh100	dev_fsp_pri.h	NV_PFSP_QUEUE_HEAD_ADDRESS_INIT	0x0
hopper/gh100	dev_fsp_pri.h	NV_PFSP_QUEUE_HEAD__SIZE_1	0x8
hopper/gh100	dev_fsp_pri.h	NV_PFSP_QUEUE_TAIL(0)	0x8f2c04
hopper/gh100	dev_fsp_pri.h	NV_PFSP_QUEUE_TAIL(1)	0x8f2c0c
hopper/gh100	dev_fsp_pri.h	NV_PFSP_QUEUE_TAIL_ADDRESS	31:0
hopper/gh100	dev_fsp_pri.h	NV_PFSP_QUEUE_TAIL_ADDRESS_INIT	0x0
hopper/gh100	dev_fsp_pri.h	NV_PFSP_QUEUE_TAIL__SIZE_1	0x8
hopper/gh100	dev_gc6_island_addendum.h	NV_PGC6_AON_FRTS_INPUT_WPR_SIZE_SECURE_SCRATCH_GROUP_03_0_WPR_SIZE_1MB_IN_4K	0x100
hopper/gh100	dev_gc6_island.h	NV_PGC6_AON_SECURE_SCRATCH_GROUP_20	0x1182cc
hopper/gh100	dev_gc6_island_addendum.h	NV_PGC6_AON_SECURE_SCRATCH_GROUP_20_CC	0x1182cc
hopper/gh100	dev_gc6_island_addendum.h	NV_PGC6_AON_SECURE_SCRATCH_GROUP_20_CC_DEV_ENABLED	1:1
hopper/gh100	dev_gc6_island_addendum.h	NV_PGC6_AON_SECURE_SCRATCH_GROUP_20_CC_DEV_ENABLED_FALSE	0x0
hopper/gh100	dev_gc6_island_addendum.h	NV_PGC6_AON_SECURE_SCRATCH_GROUP_20_CC_DEV_ENABLED_TRUE	0x1
hopper/gh100	dev_gc6_island_addendum.h	NV_PGC6_AON_SECURE_SCRATCH_GROUP_20_CC_MODE_ENABLED	0:0
hopper/gh100	dev_gc6_island_addendum.h	NV_PGC6_AON_SECURE_SCRATCH_GROUP_20_CC_MODE_ENABLED_FALSE	0x0
hopper/gh100	dev_gc6_island_addendum.h	NV_PGC6_AON_SECURE_SCRATCH_GROUP_20_CC_MODE_ENABLED_TRUE	0x1
hopper/gh100	dev_gc6_island_addendum.h	NV_PGC6_AON_SECURE_SCRATCH_GROUP_20_CC_MULTI_GPU_MODE	6:5
hopper/gh100	dev_gc6_island_addendum.h	NV_PGC6_AON_SECURE_SCRATCH_GROUP_20_CC_MULTI_GPU_MODE_NONE	0x0
hopper/gh100	dev_gc6_island_addendum.h	NV_PGC6_AON_SECURE_SCRATCH_GROUP_20_CC_MULTI_GPU_MODE_PROTECTED_PCIE	0x1
hopper/gh100	dev_gc6_island_addendum.h	NV_PGC6_AON_SECURE_SCRATCH_GROUP_20_CC_POWER_EFF_MODE_ENABLED	7:7
hopper/gh100	dev_gc6_island_addendum.h	NV_PGC6_AON_SECURE_SCRATCH_GROUP_20_CC_POWER_EFF_MODE_ENABLED_FALSE	0x0
hopper/gh100	dev_gc6_island_addendum.h	NV_PGC6_AON_SECURE_SCRATCH_GROUP_20_CC_POWER_EFF_MODE_ENABLED_TRUE	0x1
hopper/gh100	dev_gc6_island_addendum.h	NV_PGC6_AON_SECURE_SCRATCH_GROUP_20_CC_POWER_EFF_MODE_SUPPORTED	8:8
hopper/gh100	dev_gc6_island_addendum.h	NV_PGC6_AON_SECURE_SCRATCH_GROUP_20_CC_POWER_EFF_MODE_SUPPORTED_FALSE	0x0
hopper/gh100	dev_gc6_island_addendum.h	NV_PGC6_AON_SECURE_SCRATCH_GROUP_20_CC_POWER_EFF_MODE_SUPPORTED_TRUE	0x1
hopper/gh100	dev_gc6_island.h	NV_PGC6_AON_SECURE_SCRATCH_GROUP_20_DATA	31:0
hopper/gh100	dev_gc6_island.h	NV_PGC6_AON_SECURE_SCRATCH_GROUP_20_DATA_INIT	0x0
hopper/gh100	dev_gc6_island.h	NV_PGC6_SCI_SEC_TIMER_TIME_0	0x118f54
hopper/gh100	dev_gc6_island.h	NV_PGC6_SCI_SEC_TIMER_TIME_0_NSEC	31:5
hopper/gh100	dev_gc6_island.h	NV_PGC6_SCI_SEC_TIMER_TIME_0_NSEC_ZERO	0x0
hopper/gh100	dev_gc6_island.h	NV_PGC6_SCI_SEC_TIMER_TIME_1	0x118f58
hopper/gh100	dev_gc6_island.h	NV_PGC6_SCI_SEC_TIMER_TIME_1_NSEC	28:0
hopper/gh100	dev_gc6_island.h	NV_PGC6_SCI_SEC_TIMER_TIME_1_NSEC_ZERO	0x0
hopper/gh100	dev_gc6_island.h	NV_PGC6_SCI_SYS_TIMER_OFFSET_0	0x118df4
hopper/gh100	dev_gc6_island.h	NV_PGC6_SCI_SYS_TIMER_OFFSET_0_NSEC	31:5
hopper/gh100	dev_gc6_island.h	NV_PGC6_SCI_SYS_TIMER_OFFSET_0_NSEC_ZERO	0x0
hopper/gh100	dev_gc6_island.h	NV_PGC6_SCI_SYS_TIMER_OFFSET_0_UPDATE	0:0
hopper/gh100	dev_gc6_island.h	NV_PGC6_SCI_SYS_TIMER_OFFSET_0_UPDATE_DONE	0x0
hopper/gh100	dev_gc6_island.h	NV_PGC6_SCI_SYS_TIMER_OFFSET_0_UPDATE_TRIGGER	0x1
hopper/gh100	dev_gc6_island.h	NV_PGC6_SCI_SYS_TIMER_OFFSET_1	0x118df8
hopper/gh100	dev_gc6_island.h	NV_PGC6_SCI_SYS_TIMER_OFFSET_1_NSEC	28:0
hopper/gh100	dev_gc6_island.h	NV_PGC6_SCI_SYS_TIMER_OFFSET_1_NSEC_ZERO	0x0
hopper/gh100	dev_gsp.h	NV_PGSP	0x113fff:0x110000
hopper/gh100	dev_gsp.h	NV_PGSP_EMEMC(0)	0x110ac0
hopper/gh100	dev_gsp.h	NV_PGSP_EMEMC(1)	0x110ac8
hopper/gh100	dev_gsp.h	NV_PGSP_EMEMC_AINCR	25:25
hopper/gh100	dev_gsp.h	NV_PGSP_EMEMC_AINCR_FALSE	0x0
hopper/gh100	dev_gsp.h	NV_PGSP_EMEMC_AINCR_INIT	0x0
hopper/gh100	dev_gsp.h	NV_PGSP_EMEMC_AINCR_TRUE	0x1
hopper/gh100	dev_gsp.h	NV_PGSP_EMEMC_AINCW	24:24
hopper/gh100	dev_gsp.h	NV_PGSP_EMEMC_AINCW_FALSE	0x0
hopper/gh100	dev_gsp.h	NV_PGSP_EMEMC_AINCW_INIT	0x0
hopper/gh100	dev_gsp.h	NV_PGSP_EMEMC_AINCW_TRUE	0x1
hopper/gh100	dev_gsp.h	NV_PGSP_EMEMC_BLK	15:8
hopper/gh100	dev_gsp.h	NV_PGSP_EMEMC_BLK_INIT	0x0
hopper/gh100	dev_gsp.h	NV_PGSP_EMEMC_OFFS	7:2
hopper/gh100	dev_gsp.h	NV_PGSP_EMEMC_OFFS_INIT	0x0
hopper/gh100	dev_gsp.h	NV_PGSP_EMEMC__SIZE_1	0x8
hopper/gh100	dev_gsp.h	NV_PGSP_EMEMD(0)	0x110ac4
hopper/gh100	dev_gsp.h	NV_PGSP_EMEMD(1)	0x110acc
hopper/gh100	dev_gsp.h	NV_PGSP_EMEMD_DATA	31:0
hopper/gh100	dev_gsp.h	NV_PGSP_EMEMD__SIZE_1	0x8
hopper/gh100	dev_gsp.h	NV_PGSP_FALCON_ENGINE	0x1103c0
hopper/gh100	dev_gsp.h	NV_PGSP_FALCON_ENGINE_RESET	0:0
hopper/gh100	dev_gsp.h	NV_PGSP_FALCON_ENGINE_RESET_ASSERT	0x1
hopper/gh100	dev_gsp.h	NV_PGSP_FALCON_ENGINE_RESET_DEASSERT	0x0
hopper/gh100	dev_gsp.h	NV_PGSP_FALCON_ENGINE_RESET_STATUS	10:8
hopper/gh100	dev_gsp.h	NV_PGSP_FALCON_ENGINE_RESET_STATUS_ASSERTED	0x0
hopper/gh100	dev_gsp.h	NV_PGSP_FALCON_ENGINE_RESET_STATUS_DEASSERTED	0x2
hopper/gh100	dev_gsp.h	NV_PGSP_FALCON_MAILBOX0	0x110040
hopper/gh100	dev_gsp.h	NV_PGSP_FALCON_MAILBOX0_DATA	31:0
hopper/gh100	dev_gsp.h	NV_PGSP_FALCON_MAILBOX0_DATA_INIT	0x0
hopper/gh100	dev_gsp.h	NV_PGSP_FALCON_MAILBOX1	0x110044
hopper/gh100	dev_gsp.h	NV_PGSP_FALCON_MAILBOX1_DATA	31:0
hopper/gh100	dev_gsp.h	NV_PGSP_FALCON_MAILBOX1_DATA_INIT	0x0
hopper/gh100	dev_gsp.h	NV_PGSP_MAILBOX(0)	0x110804
hopper/gh100	dev_gsp.h	NV_PGSP_MAILBOX(1)	0x110808
hopper/gh100	dev_pmc.h	NV_PMC_BOOT_0	0x0
hopper/gh100	dev_ram.h	NV_PRAMIN	0x7fffff:0x700000
hopper/gh100	dev_riscv_pri.h	NV_PRISCV_RISCV_CPUCTL	0x388
hopper/gh100	dev_riscv_pri.h	NV_PRISCV_RISCV_CPUCTL_ACTIVE_STAT	7:7
hopper/gh100	dev_riscv_pri.h	NV_PRISCV_RISCV_CPUCTL_ACTIVE_STAT_ACTIVE	0x1
hopper/gh100	dev_riscv_pri.h	NV_PRISCV_RISCV_CPUCTL_ACTIVE_STAT_INACTIVE	0x0
hopper/gh100	dev_riscv_pri.h	NV_PRISCV_RISCV_CPUCTL_HALTED	4:4
hopper/gh100	dev_riscv_pri.h	NV_PRISCV_RISCV_CPUCTL_HALTED_FALSE	0x0
hopper/gh100	dev_riscv_pri.h	NV_PRISCV_RISCV_CPUCTL_HALTED_INIT	0x1
hopper/gh100	dev_riscv_pri.h	NV_PRISCV_RISCV_CPUCTL_HALTED_TRUE	0x1
hopper/gh100	dev_riscv_pri.h	NV_PRISCV_RISCV_CPUCTL_STARTCPU	0:0
hopper/gh100	dev_riscv_pri.h	NV_PRISCV_RISCV_CPUCTL_STARTCPU_FALSE	0x0
hopper/gh100	dev_riscv_pri.h	NV_PRISCV_RISCV_CPUCTL_STARTCPU_TRUE	0x1
hopper/gh100	dev_riscv_pri.h	NV_PRISCV_RISCV_CPUCTL_STOPPED	5:5
hopper/gh100	dev_riscv_pri.h	NV_PRISCV_RISCV_CPUCTL_STOPPED_INIT	0x0
hopper/gh100	dev_timer.h	NV_PTIMER_TIME_0_NSEC	31:5
hopper/gh100	dev_timer.h	NV_PTIMER_TIME_PRIV_LEVEL_MASK	0x9430
hopper/gh100	dev_timer.h	NV_PTIMER_TIME_PRIV_LEVEL_MASK_WRITE_PROTECTION_LEVEL0	4:4
hopper/gh100	dev_timer.h	NV_PTIMER_TIME_PRIV_LEVEL_MASK_WRITE_PROTECTION_LEVEL0_DISABLE	0x0
hopper/gh100	dev_timer.h	NV_PTIMER_TIME_PRIV_LEVEL_MASK_WRITE_PROTECTION_LEVEL0_ENABLE	0x1
hopper/gh100	dev_therm.h	NV_THERM_I2CS_SCRATCH	0x200bc
hopper/gh100	dev_therm.h	NV_THERM_I2CS_SCRATCH_DATA	31:0
hopper/gh100	dev_therm.h	NV_THERM_I2CS_SCRATCH_DATA_INIT	0x0
hopper/gh100	dev_therm_addendum.h	NV_THERM_I2CS_SCRATCH_FSP_BOOT_COMPLETE	0x200bc
hopper/gh100	dev_therm_addendum.h	NV_THERM_I2CS_SCRATCH_FSP_BOOT_COMPLETE_STATUS	31:0
hopper/gh100	dev_therm_addendum.h	NV_THERM_I2CS_SCRATCH_FSP_BOOT_COMPLETE_STATUS_FAILED	0x0
hopper/gh100	dev_therm_addendum.h	NV_THERM_I2CS_SCRATCH_FSP_BOOT_COMPLETE_STATUS_SUCCESS	0xff
hopper/gh100	dev_vm.h	NV_VIRTUAL_FUNCTION	0x3ffff:0x30000
hopper/gh100	dev_vm.h	NV_VIRTUAL_FUNCTION_PRIV	0x2ffff:0
hopper/gh100	dev_vm.h	NV_VIRTUAL_FUNCTION_PRIV_ACCESS_COUNTER_NOTIFY_BUFFER_HI	0x310c
hopper/gh100	dev_vm.h	NV_VIRTUAL_FUNCTION_PRIV_ACCESS_COUNTER_NOTIFY_BUFFER_LO	0x3108
hopper/gh100	dev_vm.h	NV_VIRTUAL_FUNCTION_PRIV_ACCESS_COUNTER_NOTIFY_BUFFER_LO_BASE	31:12
hopper/gh100	dev_vm.h	NV_VIRTUAL_FUNCTION_PRIV_CPU_INTR_LEAF(0)	0x1000
hopper/gh100	dev_vm.h	NV_VIRTUAL_FUNCTION_PRIV_CPU_INTR_LEAF(1)	0x1004
hopper/gh100	dev_vm.h	NV_VIRTUAL_FUNCTION_PRIV_CPU_INTR_LEAF_EN_CLEAR(0)	0x1400
hopper/gh100	dev_vm.h	NV_VIRTUAL_FUNCTION_PRIV_CPU_INTR_LEAF_EN_CLEAR(1)	0x1404
hopper/gh100	dev_vm.h	NV_VIRTUAL_FUNCTION_PRIV_CPU_INTR_LEAF_EN_CLEAR_VALUE	31:0
hopper/gh100	dev_vm.h	NV_VIRTUAL_FUNCTION_PRIV_CPU_INTR_LEAF_EN_CLEAR_VALUE_INIT	0x0
hopper/gh100	dev_vm.h	NV_VIRTUAL_FUNCTION_PRIV_CPU_INTR_LEAF_EN_CLEAR__SIZE_1	0x10
hopper/gh100	dev_vm.h	NV_VIRTUAL_FUNCTION_PRIV_CPU_INTR_LEAF_EN_SET(0)	0x1200
hopper/gh100	dev_vm.h	NV_VIRTUAL_FUNCTION_PRIV_CPU_INTR_LEAF_EN_SET(1)	0x1204
hopper/gh100	dev_vm.h	NV_VIRTUAL_FUNCTION_PRIV_CPU_INTR_LEAF_EN_SET_VALUE	31:0
hopper/gh100	dev_vm.h	NV_VIRTUAL_FUNCTION_PRIV_CPU_INTR_LEAF_EN_SET_VALUE_INIT	0x0
hopper/gh100	dev_vm.h	NV_VIRTUAL_FUNCTION_PRIV_CPU_INTR_LEAF_EN_SET__SIZE_1	0x10
hopper/gh100	dev_vm.h	NV_VIRTUAL_FUNCTION_PRIV_CPU_INTR_LEAF_VALUE	31:0
hopper/gh100	dev_vm.h	NV_VIRTUAL_FUNCTION_PRIV_CPU_INTR_LEAF_VALUE_INIT	0x0
hopper/gh100	dev_vm.h	NV_VIRTUAL_FUNCTION_PRIV_CPU_INTR_LEAF__SIZE_1	0x10
hopper/gh100	dev_vm.h	NV_VIRTUAL_FUNCTION_PRIV_CPU_INTR_TOP_SUBTREE(0)	0x0
hopper/gh100	dev_vm.h	NV_VIRTUAL_FUNCTION_PRIV_CPU_INTR_TOP_SUBTREE(1)	0x1
hopper/gh100	dev_vm.h	NV_VIRTUAL_FUNCTION_PRIV_DOORBELL	0x2200
hopper/gh100	dev_vm.h	NV_VIRTUAL_FUNCTION_PRIV_FUNC_BAR1_BLOCK_HIGH_ADDR	0xf64
hopper/gh100	dev_vm.h	NV_VIRTUAL_FUNCTION_PRIV_FUNC_BAR1_BLOCK_HIGH_ADDR_PTR	31:0
hopper/gh100	dev_vm.h	NV_VIRTUAL_FUNCTION_PRIV_FUNC_BAR1_BLOCK_HIGH_ADDR_PTR_0	0x0
hopper/gh100	dev_vm.h	NV_VIRTUAL_FUNCTION_PRIV_FUNC_BAR1_BLOCK_LOW_ADDR	0xf60
hopper/gh100	dev_vm.h	NV_VIRTUAL_FUNCTION_PRIV_FUNC_BAR1_BLOCK_LOW_ADDR_BAR1_OUTSTANDING	1:1
hopper/gh100	dev_vm.h	NV_VIRTUAL_FUNCTION_PRIV_FUNC_BAR1_BLOCK_LOW_ADDR_BAR1_OUTSTANDING_FALSE	0x0
hopper/gh100	dev_vm.h	NV_VIRTUAL_FUNCTION_PRIV_FUNC_BAR1_BLOCK_LOW_ADDR_BAR1_OUTSTANDING_TRUE	0x1
hopper/gh100	dev_vm.h	NV_VIRTUAL_FUNCTION_PRIV_FUNC_BAR1_BLOCK_LOW_ADDR_BAR1_PENDING	0:0
hopper/gh100	dev_vm.h	NV_VIRTUAL_FUNCTION_PRIV_FUNC_BAR1_BLOCK_LOW_ADDR_BAR1_PENDING_BUSY	0x1
hopper/gh100	dev_vm.h	NV_VIRTUAL_FUNCTION_PRIV_FUNC_BAR1_BLOCK_LOW_ADDR_BAR1_PENDING_EMPTY	0x0
hopper/gh100	dev_vm.h	NV_VIRTUAL_FUNCTION_PRIV_FUNC_BAR1_BLOCK_LOW_ADDR_MAP	31:10
hopper/gh100	dev_vm.h	NV_VIRTUAL_FUNCTION_PRIV_FUNC_BAR1_BLOCK_LOW_ADDR_MODE	9:9
hopper/gh100	dev_vm.h	NV_VIRTUAL_FUNCTION_PRIV_FUNC_BAR1_BLOCK_LOW_ADDR_MODE_PHYSICAL	0x0
hopper/gh100	dev_vm.h	NV_VIRTUAL_FUNCTION_PRIV_FUNC_BAR1_BLOCK_LOW_ADDR_MODE_VIRTUAL	0x1
hopper/gh100	dev_vm.h	NV_VIRTUAL_FUNCTION_PRIV_FUNC_BAR1_BLOCK_LOW_ADDR_PTR	31:12
hopper/gh100	dev_vm.h	NV_VIRTUAL_FUNCTION_PRIV_FUNC_BAR1_BLOCK_LOW_ADDR_PTR_0	0x0
hopper/gh100	dev_vm.h	NV_VIRTUAL_FUNCTION_PRIV_FUNC_BAR1_BLOCK_LOW_ADDR_TARGET	11:10
hopper/gh100	dev_vm.h	NV_VIRTUAL_FUNCTION_PRIV_FUNC_BAR1_BLOCK_LOW_ADDR_TARGET_SYS_MEM_COHERENT	0x2
hopper/gh100	dev_vm.h	NV_VIRTUAL_FUNCTION_PRIV_FUNC_BAR1_BLOCK_LOW_ADDR_TARGET_SYS_MEM_NONCOHERENT	0x3
hopper/gh100	dev_vm.h	NV_VIRTUAL_FUNCTION_PRIV_FUNC_BAR1_BLOCK_LOW_ADDR_TARGET_VID_MEM	0x0
hopper/gh100	dev_vm.h	NV_VIRTUAL_FUNCTION_PRIV_FUNC_BAR1_BLOCK_PTR_SHIFT	0xc
hopper/gh100	dev_vm.h	NV_VIRTUAL_FUNCTION_PRIV_FUNC_BAR2_BLOCK_HIGH_ADDR	0xf74
hopper/gh100	dev_vm.h	NV_VIRTUAL_FUNCTION_PRIV_FUNC_BAR2_BLOCK_HIGH_ADDR_PTR	19:0
hopper/gh100	dev_vm.h	NV_VIRTUAL_FUNCTION_PRIV_FUNC_BAR2_BLOCK_HIGH_ADDR_PTR_0	0x0
hopper/gh100	dev_vm.h	NV_VIRTUAL_FUNCTION_PRIV_FUNC_BAR2_BLOCK_LOW_ADDR	0xf70
hopper/gh100	dev_vm.h	NV_VIRTUAL_FUNCTION_PRIV_FUNC_BAR2_BLOCK_LOW_ADDR_BAR2_OUTSTANDING	1:1
hopper/gh100	dev_vm.h	NV_VIRTUAL_FUNCTION_PRIV_FUNC_BAR2_BLOCK_LOW_ADDR_BAR2_OUTSTANDING_FALSE	0x0
hopper/gh100	dev_vm.h	NV_VIRTUAL_FUNCTION_PRIV_FUNC_BAR2_BLOCK_LOW_ADDR_BAR2_OUTSTANDING_TRUE	0x1
hopper/gh100	dev_vm.h	NV_VIRTUAL_FUNCTION_PRIV_FUNC_BAR2_BLOCK_LOW_ADDR_BAR2_PENDING	0:0
hopper/gh100	dev_vm.h	NV_VIRTUAL_FUNCTION_PRIV_FUNC_BAR2_BLOCK_LOW_ADDR_BAR2_PENDING_BUSY	0x1
hopper/gh100	dev_vm.h	NV_VIRTUAL_FUNCTION_PRIV_FUNC_BAR2_BLOCK_LOW_ADDR_BAR2_PENDING_EMPTY	0x0
hopper/gh100	dev_vm.h	NV_VIRTUAL_FUNCTION_PRIV_FUNC_BAR2_BLOCK_LOW_ADDR_MAP	31:10
hopper/gh100	dev_vm.h	NV_VIRTUAL_FUNCTION_PRIV_FUNC_BAR2_BLOCK_LOW_ADDR_MODE	9:9
hopper/gh100	dev_vm.h	NV_VIRTUAL_FUNCTION_PRIV_FUNC_BAR2_BLOCK_LOW_ADDR_MODE_PHYSICAL	0x0
hopper/gh100	dev_vm.h	NV_VIRTUAL_FUNCTION_PRIV_FUNC_BAR2_BLOCK_LOW_ADDR_MODE_VIRTUAL	0x1
hopper/gh100	dev_vm.h	NV_VIRTUAL_FUNCTION_PRIV_FUNC_BAR2_BLOCK_LOW_ADDR_PTR	31:12
hopper/gh100	dev_vm.h	NV_VIRTUAL_FUNCTION_PRIV_FUNC_BAR2_BLOCK_LOW_ADDR_PTR_0	0x0
hopper/gh100	dev_vm.h	NV_VIRTUAL_FUNCTION_PRIV_FUNC_BAR2_BLOCK_LOW_ADDR_TARGET	11:10
hopper/gh100	dev_vm.h	NV_VIRTUAL_FUNCTION_PRIV_FUNC_BAR2_BLOCK_LOW_ADDR_TARGET_SYS_MEM_COHERENT	0x2
hopper/gh100	dev_vm.h	NV_VIRTUAL_FUNCTION_PRIV_FUNC_BAR2_BLOCK_LOW_ADDR_TARGET_SYS_MEM_NONCOHERENT	0x3
hopper/gh100	dev_vm.h	NV_VIRTUAL_FUNCTION_PRIV_FUNC_BAR2_BLOCK_LOW_ADDR_TARGET_VID_MEM	0x0
hopper/gh100	dev_vm.h	NV_VIRTUAL_FUNCTION_PRIV_FUNC_BAR2_BLOCK_PTR_SHIFT	0xc
hopper/gh100	dev_vm.h	NV_VIRTUAL_FUNCTION_PRIV_FUNC_L2_PEERMEM_INVALIDATE	0xf18
hopper/gh100	dev_vm.h	NV_VIRTUAL_FUNCTION_PRIV_FUNC_L2_PEERMEM_INVALIDATE_COMPLETED	0xf1c
hopper/gh100	dev_vm.h	NV_VIRTUAL_FUNCTION_PRIV_FUNC_L2_PEERMEM_INVALIDATE_COMPLETED_STATUS	31:31
hopper/gh100	dev_vm.h	NV_VIRTUAL_FUNCTION_PRIV_FUNC_L2_PEERMEM_INVALIDATE_COMPLETED_STATUS_BUSY	0x1
hopper/gh100	dev_vm.h	NV_VIRTUAL_FUNCTION_PRIV_FUNC_L2_PEERMEM_INVALIDATE_COMPLETED_TOKEN	30:0
hopper/gh100	dev_vm.h	NV_VIRTUAL_FUNCTION_PRIV_FUNC_L2_PEERMEM_INVALIDATE_TOKEN	30:0
hopper/gh100	dev_vm.h	NV_VIRTUAL_FUNCTION_PRIV_FUNC_L2_SYSMEM_INVALIDATE	0xf10
hopper/gh100	dev_vm.h	NV_VIRTUAL_FUNCTION_PRIV_FUNC_L2_SYSMEM_INVALIDATE_COMPLETED	0xf14
hopper/gh100	dev_vm.h	NV_VIRTUAL_FUNCTION_PRIV_FUNC_L2_SYSMEM_INVALIDATE_COMPLETED_STATUS	31:31
hopper/gh100	dev_vm.h	NV_VIRTUAL_FUNCTION_PRIV_FUNC_L2_SYSMEM_INVALIDATE_COMPLETED_STATUS_BUSY	0x1
hopper/gh100	dev_vm.h	NV_VIRTUAL_FUNCTION_PRIV_FUNC_L2_SYSMEM_INVALIDATE_COMPLETED_TOKEN	30:0
hopper/gh100	dev_vm.h	NV_VIRTUAL_FUNCTION_PRIV_FUNC_L2_SYSMEM_INVALIDATE_TOKEN	30:0
hopper/gh100	dev_vm.h	NV_VIRTUAL_FUNCTION_PRIV_MMU_PAGE_FAULT_CTRL	0x3070
hopper/gh100	dev_vm.h	NV_VIRTUAL_FUNCTION_PRIV_MSIX_TABLE_ADDR_HI(0)	0x10004
hopper/gh100	dev_vm.h	NV_VIRTUAL_FUNCTION_PRIV_MSIX_TABLE_ADDR_HI(1)	0x10014
hopper/gh100	dev_vm.h	NV_VIRTUAL_FUNCTION_PRIV_MSIX_TABLE_ADDR_LO(0)	0x10000
hopper/gh100	dev_vm.h	NV_VIRTUAL_FUNCTION_PRIV_MSIX_TABLE_ADDR_LO(1)	0x10010
hopper/gh100	dev_vm.h	NV_VIRTUAL_FUNCTION_PRIV_MSIX_TABLE_DATA(0)	0x10008
hopper/gh100	dev_vm.h	NV_VIRTUAL_FUNCTION_PRIV_MSIX_TABLE_DATA(1)	0x10018
hopper/gh100	dev_vm.h	NV_VIRTUAL_FUNCTION_PRIV_MSIX_TABLE_VECTOR_CONTROL(0)	0x1000c
hopper/gh100	dev_vm.h	NV_VIRTUAL_FUNCTION_PRIV_MSIX_TABLE_VECTOR_CONTROL(1)	0x1001c
hopper/gh100	dev_vm.h	NV_VIRTUAL_FUNCTION_PRIV_MSIX_TABLE_VECTOR_CONTROL__SIZE_1	0x9
hopper/gh100	dev_vm_addendum.h	NV_VIRTUAL_FUNCTION_PRIV_NON_REPLAYABLE_FAULT_SHADOW_BUFFER_PUT	0x3108
hopper/gh100	dev_vm_addendum.h	NV_VIRTUAL_FUNCTION_PRIV_NON_REPLAYABLE_FAULT_SHADOW_BUFFER_PUT_PTR	31:12
hopper/gh100	dev_vm_addendum.h	NV_VIRTUAL_FUNCTION_PRIV_REPLAYABLE_FAULT_SHADOW_BUFFER_PUT	0x310c
hopper/gh100	dev_vm.h	NV_VIRTUAL_FUNCTION_PRIV_TIMER(0)	0x2300
hopper/gh100	dev_vm.h	NV_VIRTUAL_FUNCTION_PRIV_TIMER(1)	0x2304
hopper/gh100	dev_vm.h	NV_VIRTUAL_FUNCTION_PRIV_TIMER__SIZE_1	0x2
hopper/gh100	pri_nv_xal_ep.h	NV_XAL_EP_BAR0_WINDOW	0x10fd40
hopper/gh100	pri_nv_xal_ep.h	NV_XAL_EP_BAR0_WINDOW_BASE	21:0
hopper/gh100	pri_nv_xal_ep.h	NV_XAL_EP_BAR0_WINDOW_BASE_SHIFT	0x10
hopper/gh100	dev_nv_xal_addendum.h	NV_XAL_EP_MEMOP_MAX_OUTSTANDING	0x8c
hopper/gh100	dev_nv_xal_addendum.h	NV_XAL_EP_MEMOP_TOKEN_MAX_ISSUED	0x4
hopper/gh100	dev_nv_xal_addendum.h	NV_XAL_EP_MEMOP_TOKEN_SIZE	0x1f
hopper/gh100	pri_nv_xal_ep.h	NV_XAL_EP_UFLUSH_FB_FLUSH	0x10f800
hopper/gh100	pri_nv_xal_ep.h	NV_XAL_EP_UFLUSH_FB_FLUSH_COMPLETED	0x10f804
hopper/gh100	pri_nv_xal_ep.h	NV_XAL_EP_UFLUSH_FB_FLUSH_COMPLETED_STATUS	31:31
hopper/gh100	pri_nv_xal_ep.h	NV_XAL_EP_UFLUSH_FB_FLUSH_COMPLETED_STATUS_BUSY	0x1
hopper/gh100	pri_nv_xal_ep.h	NV_XAL_EP_UFLUSH_FB_FLUSH_COMPLETED_STATUS_IDLE	0x0
hopper/gh100	pri_nv_xal_ep.h	NV_XAL_EP_UFLUSH_FB_FLUSH_COMPLETED_TOKEN	30:0
hopper/gh100	pri_nv_xal_ep.h	NV_XAL_EP_UFLUSH_FB_FLUSH_COMPLETED_TOKEN_INIT	0x0
hopper/gh100	pri_nv_xal_ep.h	NV_XAL_EP_UFLUSH_FB_FLUSH_TOKEN	30:0
hopper/gh100	pri_nv_xal_ep.h	NV_XAL_EP_UFLUSH_FB_FLUSH_TOKEN_INIT	0x0
hopper/gh100	pri_nv_xal_ep.h	NV_XAL_EP_UFLUSH_L2_CLEAN_COMPTAGS	0x10f808
hopper/gh100	pri_nv_xal_ep.h	NV_XAL_EP_UFLUSH_L2_CLEAN_COMPTAGS_COMPLETED	0x10f80c
hopper/gh100	pri_nv_xal_ep.h	NV_XAL_EP_UFLUSH_L2_CLEAN_COMPTAGS_COMPLETED_STATUS	31:31
hopper/gh100	pri_nv_xal_ep.h	NV_XAL_EP_UFLUSH_L2_CLEAN_COMPTAGS_COMPLETED_STATUS_BUSY	0x1
hopper/gh100	pri_nv_xal_ep.h	NV_XAL_EP_UFLUSH_L2_CLEAN_COMPTAGS_COMPLETED_TOKEN	30:0
hopper/gh100	pri_nv_xal_ep.h	NV_XAL_EP_UFLUSH_L2_CLEAN_COMPTAGS_TOKEN	30:0
hopper/gh100	pri_nv_xal_ep.h	NV_XAL_EP_UFLUSH_L2_FLUSH_DIRTY	0x10f810
hopper/gh100	pri_nv_xal_ep.h	NV_XAL_EP_UFLUSH_L2_FLUSH_DIRTY_COMPLETED	0x10f814
hopper/gh100	pri_nv_xal_ep.h	NV_XAL_EP_UFLUSH_L2_FLUSH_DIRTY_COMPLETED_STATUS	31:31
hopper/gh100	pri_nv_xal_ep.h	NV_XAL_EP_UFLUSH_L2_FLUSH_DIRTY_COMPLETED_STATUS_BUSY	0x1
hopper/gh100	pri_nv_xal_ep.h	NV_XAL_EP_UFLUSH_L2_FLUSH_DIRTY_COMPLETED_TOKEN	30:0
hopper/gh100	pri_nv_xal_ep.h	NV_XAL_EP_UFLUSH_L2_FLUSH_DIRTY_TOKEN	30:0
kepler/gk104	dev_timer.h	NV_PTIMER_ALARM_0	0x9420
kepler/gk104	dev_timer.h	NV_PTIMER_ALARM_0_NSEC	31:5
kepler/gk104	dev_timer.h	NV_PTIMER_INTR_0	0x9100
kepler/gk104	dev_timer.h	NV_PTIMER_INTR_0_ALARM	0:0
kepler/gk104	dev_timer.h	NV_PTIMER_INTR_0_ALARM_NOT_PENDING	0x0
kepler/gk104	dev_timer.h	NV_PTIMER_INTR_0_ALARM_PENDING	0x1
kepler/gk104	dev_timer.h	NV_PTIMER_INTR_0_ALARM_RESET	0x1
kepler/gk104	dev_timer.h	NV_PTIMER_INTR_EN_0	0x9140
kepler/gk104	dev_timer.h	NV_PTIMER_INTR_EN_0_ALARM	0:0
kepler/gk104	dev_timer.h	NV_PTIMER_INTR_EN_0_ALARM_DISABLED	0x0
kepler/gk104	dev_timer.h	NV_PTIMER_INTR_EN_0_ALARM_ENABLED	0x1
kepler/gk104	dev_timer.h	NV_PTIMER_TIME_0	0x9400
kepler/gk104	dev_timer.h	NV_PTIMER_TIME_0_NSEC	31:5
kepler/gk104	dev_timer.h	NV_PTIMER_TIME_1	0x9410
kepler/gk104	dev_timer.h	NV_PTIMER_TIME_1_NSEC	28:0
maxwell/gm107	dev_mmu.h	NV_MMU_PTE_KIND_C128_2CR	0xf5
maxwell/gm107	dev_mmu.h	NV_MMU_PTE_KIND_C128_MS2_2CR	0xf7
maxwell/gm107	dev_mmu.h	NV_MMU_PTE_KIND_C128_MS4_2CR	0xf9
maxwell/gm107	dev_mmu.h	NV_MMU_PTE_KIND_C128_MS8_MS16_2CR	0xfb
maxwell/gm107	dev_mmu.h	NV_MMU_PTE_KIND_C32_2CRA	0xdb
maxwell/gm107	dev_mmu.h	NV_MMU_PTE_KIND_C32_MS4_2BRA	0xe3
maxwell/gm107	dev_mmu.h	NV_MMU_PTE_KIND_C32_MS4_2CBA	0xe1
maxwell/gm107	dev_mmu.h	NV_MMU_PTE_KIND_C32_MS4_2CBR	0xe0
maxwell/gm107	dev_mmu.h	NV_MMU_PTE_KIND_C32_MS8_MS16_2CRA	0xe5
maxwell/gm107	dev_mmu.h	NV_MMU_PTE_KIND_C64_2CRA	0xe9
maxwell/gm107	dev_mmu.h	NV_MMU_PTE_KIND_C64_MS4_2BRA	0xf1
maxwell/gm107	dev_mmu.h	NV_MMU_PTE_KIND_C64_MS4_2CBA	0xef
maxwell/gm107	dev_mmu.h	NV_MMU_PTE_KIND_C64_MS4_2CBR	0xee
maxwell/gm107	dev_mmu.h	NV_MMU_PTE_KIND_C64_MS8_MS16_2CRA	0xf3
maxwell/gm107	dev_mmu.h	NV_MMU_PTE_KIND_GENERIC_16BX2	0xfe
maxwell/gm107	dev_mmu.h	NV_MMU_PTE_KIND_PITCH	0x0
maxwell/gm107	dev_mmu.h	NV_MMU_PTE_KIND_SMHOST_MESSAGE	0xcb
maxwell/gm107	dev_bus.h	NV_PBUS_BAR0_WINDOW	0x1700
maxwell/gm107	dev_bus.h	NV_PBUS_BAR0_WINDOW_BASE	23:0
maxwell/gm107	dev_bus.h	NV_PBUS_BAR0_WINDOW_BASE_0	0x0
maxwell/gm107	dev_bus.h	NV_PBUS_BAR0_WINDOW_BASE_SHIFT	0x10
maxwell/gm107	dev_bus.h	NV_PBUS_BAR0_WINDOW_TARGET	25:24
maxwell/gm107	dev_bus.h	NV_PBUS_BAR0_WINDOW_TARGET_SYS_MEM_COHERENT	0x2
maxwell/gm107	dev_bus.h	NV_PBUS_BAR0_WINDOW_TARGET_SYS_MEM_NONCOHERENT	0x3
maxwell/gm107	dev_bus.h	NV_PBUS_BAR0_WINDOW_TARGET_VID_MEM	0x0
maxwell/gm107	dev_bus.h	NV_PBUS_BAR1_BLOCK	0x1704
maxwell/gm107	dev_bus.h	NV_PBUS_BAR1_BLOCK_MAP	29:0
maxwell/gm107	dev_bus.h	NV_PBUS_BAR1_BLOCK_MODE	31:31
maxwell/gm107	dev_bus.h	NV_PBUS_BAR1_BLOCK_MODE_PHYSICAL	0x0
maxwell/gm107	dev_bus.h	NV_PBUS_BAR1_BLOCK_MODE_VIRTUAL	0x1
maxwell/gm107	dev_bus.h	NV_PBUS_BAR1_BLOCK_PTR	27:0
maxwell/gm107	dev_bus.h	NV_PBUS_BAR1_BLOCK_PTR_0	0x0
maxwell/gm107	dev_bus.h	NV_PBUS_BAR1_BLOCK_PTR_SHIFT	0xc
maxwell/gm107	dev_bus.h	NV_PBUS_BAR1_BLOCK_TARGET	29:28
maxwell/gm107	dev_bus.h	NV_PBUS_BAR1_BLOCK_TARGET_SYS_MEM_COHERENT	0x2
maxwell/gm107	dev_bus.h	NV_PBUS_BAR1_BLOCK_TARGET_SYS_MEM_NONCOHERENT	0x3
maxwell/gm107	dev_bus.h	NV_PBUS_BAR1_BLOCK_TARGET_VID_MEM	0x0
maxwell/gm107	dev_bus.h	NV_PBUS_BAR2_BLOCK	0x1714
maxwell/gm107	dev_bus.h	NV_PBUS_BAR2_BLOCK_DEBUG_CYA	30:30
maxwell/gm107	dev_bus.h	NV_PBUS_BAR2_BLOCK_DEBUG_CYA_INIT	0x1
maxwell/gm107	dev_bus.h	NV_PBUS_BAR2_BLOCK_DEBUG_CYA_OFF	0x1
maxwell/gm107	dev_bus.h	NV_PBUS_BAR2_BLOCK_DEBUG_CYA_ON	0x0
maxwell/gm107	dev_bus.h	NV_PBUS_BAR2_BLOCK_MAP	29:0
maxwell/gm107	dev_bus.h	NV_PBUS_BAR2_BLOCK_MODE	31:31
maxwell/gm107	dev_bus.h	NV_PBUS_BAR2_BLOCK_MODE_PHYSICAL	0x0
maxwell/gm107	dev_bus.h	NV_PBUS_BAR2_BLOCK_MODE_VIRTUAL	0x1
maxwell/gm107	dev_bus.h	NV_PBUS_BAR2_BLOCK_PTR	27:0
maxwell/gm107	dev_bus.h	NV_PBUS_BAR2_BLOCK_PTR_0	0x0
maxwell/gm107	dev_bus.h	NV_PBUS_BAR2_BLOCK_PTR_SHIFT	0xc
maxwell/gm107	dev_bus.h	NV_PBUS_BAR2_BLOCK_TARGET	29:28
maxwell/gm107	dev_bus.h	NV_PBUS_BAR2_BLOCK_TARGET_SYS_MEM_COHERENT	0x2
maxwell/gm107	dev_bus.h	NV_PBUS_BAR2_BLOCK_TARGET_SYS_MEM_NONCOHERENT	0x3
maxwell/gm107	dev_bus.h	NV_PBUS_BAR2_BLOCK_TARGET_VID_MEM	0x0
maxwell/gm107	dev_nv_xve.h	NV_PCFG	0x88fff:0x88000
maxwell/gm107	dev_fb.h	NV_PFB_NISO_FLUSH_SYSMEM_ADDR	0x100c10
maxwell/gm107	dev_fb.h	NV_PFB_NISO_FLUSH_SYSMEM_ADDR_ADR_39_08	31:0
maxwell/gm107	dev_fb.h	NV_PFB_NISO_FLUSH_SYSMEM_ADDR_SHIFT	0x8
maxwell/gm107	dev_fb.h	NV_PFB_PRI_MMU_INVALIDATE	0x100cbc
maxwell/gm107	dev_fb.h	NV_PFB_PRI_MMU_INVALIDATE_ALL_PDB	1:1
maxwell/gm107	dev_fb.h	NV_PFB_PRI_MMU_INVALIDATE_ALL_PDB_FALSE	0x0
maxwell/gm107	dev_fb.h	NV_PFB_PRI_MMU_INVALIDATE_ALL_PDB_TRUE	0x1
maxwell/gm107	dev_fb.h	NV_PFB_PRI_MMU_INVALIDATE_ALL_VA	0:0
maxwell/gm107	dev_fb.h	NV_PFB_PRI_MMU_INVALIDATE_ALL_VA_FALSE	0x0
maxwell/gm107	dev_fb.h	NV_PFB_PRI_MMU_INVALIDATE_ALL_VA_TRUE	0x1
maxwell/gm107	dev_fb.h	NV_PFB_PRI_MMU_INVALIDATE_HUBTLB_ONLY	2:2
maxwell/gm107	dev_fb.h	NV_PFB_PRI_MMU_INVALIDATE_HUBTLB_ONLY_FALSE	0x0
maxwell/gm107	dev_fb.h	NV_PFB_PRI_MMU_INVALIDATE_HUBTLB_ONLY_TRUE	0x1
maxwell/gm107	dev_fb.h	NV_PFB_PRI_MMU_INVALIDATE_PDB	0x100cb8
maxwell/gm107	dev_fb.h	NV_PFB_PRI_MMU_INVALIDATE_PDB_ADDR	31:4
maxwell/gm107	dev_fb.h	NV_PFB_PRI_MMU_INVALIDATE_PDB_ADDR_ALIGNMENT	0xc
maxwell/gm107	dev_fb.h	NV_PFB_PRI_MMU_INVALIDATE_PDB_APERTURE	1:1
maxwell/gm107	dev_fb.h	NV_PFB_PRI_MMU_INVALIDATE_PDB_APERTURE_SYS_MEM	0x1
maxwell/gm107	dev_fb.h	NV_PFB_PRI_MMU_INVALIDATE_PDB_APERTURE_VID_MEM	0x0
maxwell/gm107	dev_fb.h	NV_PFB_PRI_MMU_INVALIDATE_TRIGGER	31:31
maxwell/gm107	dev_fb.h	NV_PFB_PRI_MMU_INVALIDATE_TRIGGER_FALSE	0x0
maxwell/gm107	dev_fb.h	NV_PFB_PRI_MMU_INVALIDATE_TRIGGER_TRUE	0x1
maxwell/gm107	dev_boot.h	NV_PMC_BOOT_0	0x0
maxwell/gm107	dev_ram.h	NV_PRAMIN	0x7fffff:0x700000
maxwell/gm107	dev_ram.h	NV_PRAMIN_DATA008(0)	0x700000
maxwell/gm107	dev_ram.h	NV_PRAMIN_DATA008(1)	0x700001
maxwell/gm107	dev_ram.h	NV_PRAMIN_DATA008_VALUE	7:0
maxwell/gm107	dev_ram.h	NV_PRAMIN_DATA008__SIZE_1	0x200000
maxwell/gm107	dev_ram.h	NV_PRAMIN_DATA016(0)	0x700000
maxwell/gm107	dev_ram.h	NV_PRAMIN_DATA016(1)	0x700001
maxwell/gm107	dev_ram.h	NV_PRAMIN_DATA016_VALUE	15:0
maxwell/gm107	dev_ram.h	NV_PRAMIN_DATA016__SIZE_1	0x180000
maxwell/gm107	dev_ram.h	NV_PRAMIN_DATA032(0)	0x700000
maxwell/gm107	dev_ram.h	NV_PRAMIN_DATA032(1)	0x700004
maxwell/gm107	dev_ram.h	NV_PRAMIN_DATA032_VALUE	31:0
maxwell/gm107	dev_ram.h	NV_PRAMIN_DATA032__SIZE_1	0x80000
maxwell/gm107	dev_timer.h	NV_PTIMER_GR_TICK_FREQ	0x9480
maxwell/gm107	dev_timer.h	NV_PTIMER_GR_TICK_FREQ_SELECT	2:0
maxwell/gm107	dev_timer.h	NV_PTIMER_GR_TICK_FREQ_SELECT_DEFAULT	0x5
maxwell/gm107	dev_timer.h	NV_PTIMER_GR_TICK_FREQ_SELECT_MAX	0x0
maxwell/gm107	dev_timer.h	NV_PTIMER_GR_TICK_FREQ_SELECT_MIN	0x7
maxwell/gm107	dev_timer.h	NV_PTIMER_TIMER_CFG0	0x9300
maxwell/gm107	dev_timer.h	NV_PTIMER_TIMER_CFG0_DEN	4:0
maxwell/gm107	dev_timer.h	NV_PTIMER_TIMER_CFG0_DEN_108MHZ_REF	0x1b
maxwell/gm107	dev_timer.h	NV_PTIMER_TIMER_CFG0_NUM	18:16
maxwell/gm107	dev_timer.h	NV_PTIMER_TIMER_CFG0_NUM_108MHZ_REF	0x7
maxwell/gm107	dev_timer.h	NV_PTIMER_TIMER_CFG1	0x9304
maxwell/gm107	dev_timer.h	NV_PTIMER_TIMER_CFG1_INTEGER	5:0
maxwell/gm107	dev_timer.h	NV_PTIMER_TIMER_CFG1_INTEGER_108MHZ_REF	0x9
maxwell/gm107	dev_timer.h	NV_PTIMER_TIME_0	0x9400
maxwell/gm107	dev_timer.h	NV_PTIMER_TIME_0_NSEC	31:5
maxwell/gm107	dev_timer.h	NV_PTIMER_TIME_1	0x9410
maxwell/gm107	dev_timer.h	NV_PTIMER_TIME_1_NSEC	28:0
maxwell/gm107	dev_ram.h	NV_RAMIN_ADR_LIMIT_HI	0x1067:0x1060
maxwell/gm107	dev_ram.h	NV_RAMIN_ADR_LIMIT_LO	0x105f:0x104c
maxwell/gm107	dev_ram.h	NV_RAMIN_ALLOC_SIZE	0x1000
maxwell/gm107	dev_ram.h	NV_RAMIN_BASE_SHIFT	0xc
maxwell/gm107	dev_ram.h	NV_RAMIN_PAGE_DIR_BASE_HI	0x1027:0x1020
maxwell/gm107	dev_ram.h	NV_RAMIN_PAGE_DIR_BASE_LO	0x101f:0x100c
maxwell/gm107	dev_ram.h	NV_RAMIN_PAGE_DIR_BASE_TARGET	0x1001:0x1000
maxwell/gm107	dev_ram.h	NV_RAMIN_PAGE_DIR_BASE_TARGET_SYS_MEM_COHERENT	0x2
maxwell/gm107	dev_ram.h	NV_RAMIN_PAGE_DIR_BASE_TARGET_SYS_MEM_NONCOHERENT	0x3
maxwell/gm107	dev_ram.h	NV_RAMIN_PAGE_DIR_BASE_TARGET_VID_MEM	0x0
maxwell/gm107	dev_ram.h	NV_RAMIN_PAGE_DIR_BASE_VOL	0x1002:0x1002
maxwell/gm107	dev_ram.h	NV_RAMIN_PAGE_DIR_BASE_VOL_FALSE	0x0
maxwell/gm107	dev_ram.h	NV_RAMIN_PAGE_DIR_BASE_VOL_TRUE	0x1
maxwell/gm107	dev_ram.h	NV_RAMIN_RAMFC	4095:0
maxwell/gm107	dev_ram.h	NV_RAMUSERD_BASE_SHIFT	0x9
maxwell/gm107	dev_ram.h	NV_RAMUSERD_CHAN_SIZE	0x200
maxwell/gm107	dev_ram.h	NV_RAMUSERD_GET	575:544
maxwell/gm107	dev_ram.h	NV_RAMUSERD_GET_HI	799:768
maxwell/gm107	dev_ram.h	NV_RAMUSERD_GP_GET	1119:1088
maxwell/gm107	dev_ram.h	NV_RAMUSERD_GP_PUT	1151:1120
maxwell/gm107	dev_ram.h	NV_RAMUSERD_GP_TOP_LEVEL_GET	735:704
maxwell/gm107	dev_ram.h	NV_RAMUSERD_GP_TOP_LEVEL_GET_HI	767:736
maxwell/gm107	dev_ram.h	NV_RAMUSERD_PUT	543:512
maxwell/gm107	dev_ram.h	NV_RAMUSERD_PUT_HI	639:608
maxwell/gm107	dev_ram.h	NV_RAMUSERD_REF	607:576
maxwell/gm107	dev_ram.h	NV_RAMUSERD_REF_THRESHOLD	671:640
maxwell/gm107	dev_ram.h	NV_RAMUSERD_TOP_LEVEL_GET	735:704
maxwell/gm107	dev_ram.h	NV_RAMUSERD_TOP_LEVEL_GET_HI	767:736
maxwell/gm107	dev_flush.h	NV_UFLUSH_FB_FLUSH	0x70000
maxwell/gm107	dev_flush.h	NV_UFLUSH_L2_CLEAN_COMPTAGS	0x7000c
maxwell/gm107	dev_flush.h	NV_UFLUSH_L2_FLUSH_DIRTY	0x70010
maxwell/gm107	dev_flush.h	NV_UFLUSH_L2_PEERMEM_INVALIDATE	0x70008
maxwell/gm107	dev_flush.h	NV_UFLUSH_L2_SYSMEM_INVALIDATE	0x70004
maxwell/gm107	dev_nv_xve.h	NV_XVE_LINK_CAPABILITIES	0x84
maxwell/gm200	dev_timer.h	NV_PTIMER_INTR_0	0x9100
maxwell/gm200	dev_timer.h	NV_PTIMER_INTR_0_TIMER	1:1
maxwell/gm200	dev_timer.h	NV_PTIMER_INTR_0_TIMER_NOT_PENDING	0x0
maxwell/gm200	dev_timer.h	NV_PTIMER_INTR_0_TIMER_PENDING	0x1
maxwell/gm200	dev_timer.h	NV_PTIMER_INTR_0_TIMER_RESET	0x1
maxwell/gm200	dev_timer.h	NV_PTIMER_INTR_EN_0	0x9140
maxwell/gm200	dev_timer.h	NV_PTIMER_INTR_EN_0_TIMER	1:1
maxwell/gm200	dev_timer.h	NV_PTIMER_INTR_EN_0_TIMER_DISABLED	0x0
maxwell/gm200	dev_timer.h	NV_PTIMER_INTR_EN_0_TIMER_ENABLED	0x1
maxwell/gm200	dev_timer.h	NV_PTIMER_TIMER_0	0x9428
maxwell/gm200	dev_flush.h	NV_UFLUSH_L2_CLEAN_COMPTAGS	0x7000c
maxwell/gm200	dev_flush.h	NV_UFLUSH_L2_CLEAN_COMPTAGS_OUTSTANDING	1:1
maxwell/gm200	dev_flush.h	NV_UFLUSH_L2_CLEAN_COMPTAGS_OUTSTANDING_FALSE	0x0
maxwell/gm200	dev_flush.h	NV_UFLUSH_L2_CLEAN_COMPTAGS_OUTSTANDING_TRUE	0x1
maxwell/gm200	dev_flush.h	NV_UFLUSH_L2_CLEAN_COMPTAGS_PENDING	0:0
maxwell/gm200	dev_flush.h	NV_UFLUSH_L2_CLEAN_COMPTAGS_PENDING_BUSY	0x1
maxwell/gm200	dev_flush.h	NV_UFLUSH_L2_CLEAN_COMPTAGS_PENDING_EMPTY	0x0
maxwell/gm200	dev_flush.h	NV_UFLUSH_L2_FLUSH_DIRTY	0x70010
maxwell/gm200	dev_flush.h	NV_UFLUSH_L2_FLUSH_DIRTY_OUTSTANDING	1:1
maxwell/gm200	dev_flush.h	NV_UFLUSH_L2_FLUSH_DIRTY_OUTSTANDING_FALSE	0x0
maxwell/gm200	dev_flush.h	NV_UFLUSH_L2_FLUSH_DIRTY_OUTSTANDING_TRUE	0x1
maxwell/gm200	dev_flush.h	NV_UFLUSH_L2_FLUSH_DIRTY_PENDING	0:0
maxwell/gm200	dev_flush.h	NV_UFLUSH_L2_FLUSH_DIRTY_PENDING_BUSY	0x1
maxwell/gm200	dev_flush.h	NV_UFLUSH_L2_FLUSH_DIRTY_PENDING_EMPTY	0x0
maxwell/gm200	dev_flush.h	NV_UFLUSH_L2_PEERMEM_INVALIDATE	0x70008
maxwell/gm200	dev_flush.h	NV_UFLUSH_L2_PEERMEM_INVALIDATE_OUTSTANDING	1:1
maxwell/gm200	dev_flush.h	NV_UFLUSH_L2_PEERMEM_INVALIDATE_OUTSTANDING_FALSE	0x0
maxwell/gm200	dev_flush.h	NV_UFLUSH_L2_PEERMEM_INVALIDATE_OUTSTANDING_TRUE	0x1
maxwell/gm200	dev_flush.h	NV_UFLUSH_L2_PEERMEM_INVALIDATE_PENDING	0:0
maxwell/gm200	dev_flush.h	NV_UFLUSH_L2_PEERMEM_INVALIDATE_PENDING_BUSY	0x1
maxwell/gm200	dev_flush.h	NV_UFLUSH_L2_PEERMEM_INVALIDATE_PENDING_EMPTY	0x0
maxwell/gm200	dev_flush.h	NV_UFLUSH_L2_SYSMEM_INVALIDATE	0x70004
maxwell/gm200	dev_flush.h	NV_UFLUSH_L2_SYSMEM_INVALIDATE_OUTSTANDING	1:1
maxwell/gm200	dev_flush.h	NV_UFLUSH_L2_SYSMEM_INVALIDATE_OUTSTANDING_FALSE	0x0
maxwell/gm200	dev_flush.h	NV_UFLUSH_L2_SYSMEM_INVALIDATE_OUTSTANDING_TRUE	0x1
maxwell/gm200	dev_flush.h	NV_UFLUSH_L2_SYSMEM_INVALIDATE_PENDING	0:0
maxwell/gm200	dev_flush.h	NV_UFLUSH_L2_SYSMEM_INVALIDATE_PENDING_BUSY	0x1
maxwell/gm200	dev_flush.h	NV_UFLUSH_L2_SYSMEM_INVALIDATE_PENDING_EMPTY	0x0
pascal/gp100	dev_mmu.h	NV_MMU_PTE_KIND_C32_MS4_4CBRA	0x2c
pascal/gp100	dev_mmu.h	NV_MMU_PTE_KIND_C64_MS4_4CBRA	0x2d
pascal/gp100	dev_mmu.h	NV_MMU_PTE_KIND_INVALID	0xff
pascal/gp100	dev_mmu.h	NV_MMU_PTE_KIND_PITCH	0x0
pascal/gp100	dev_mmu.h	NV_MMU_VER2_DUAL_PDE_ADDRESS_BIG_SHIFT	0x8
pascal/gp100	dev_mmu.h	NV_MMU_VER2_DUAL_PDE_ADDRESS_BIG_SYS	53:4
pascal/gp100	dev_mmu.h	NV_MMU_VER2_DUAL_PDE_ADDRESS_BIG_VID	32:4
pascal/gp100	dev_mmu.h	NV_MMU_VER2_DUAL_PDE_ADDRESS_SHIFT	0xc
pascal/gp100	dev_mmu.h	NV_MMU_VER2_DUAL_PDE_ADDRESS_SMALL_SYS	117:72
pascal/gp100	dev_mmu.h	NV_MMU_VER2_DUAL_PDE_ADDRESS_SMALL_VID	96:72
pascal/gp100	dev_mmu.h	NV_MMU_VER2_DUAL_PDE_APERTURE_BIG	2:1
pascal/gp100	dev_mmu.h	NV_MMU_VER2_DUAL_PDE_APERTURE_SMALL	66:65
pascal/gp100	dev_mmu.h	NV_MMU_VER2_DUAL_PDE_VOL_BIG	3:3
pascal/gp100	dev_mmu.h	NV_MMU_VER2_DUAL_PDE_VOL_BIG_FALSE	0x0
pascal/gp100	dev_mmu.h	NV_MMU_VER2_DUAL_PDE_VOL_BIG_TRUE	0x1
pascal/gp100	dev_mmu.h	NV_MMU_VER2_DUAL_PDE_VOL_SMALL	67:67
pascal/gp100	dev_mmu.h	NV_MMU_VER2_DUAL_PDE_VOL_SMALL_FALSE	0x0
pascal/gp100	dev_mmu.h	NV_MMU_VER2_DUAL_PDE_VOL_SMALL_TRUE	0x1
pascal/gp100	dev_mmu.h	NV_MMU_VER2_DUAL_PDE__SIZE	0x10
pascal/gp100	dev_mmu.h	NV_MMU_VER2_PDE_ADDRESS_SHIFT	0xc
pascal/gp100	dev_mmu.h	NV_MMU_VER2_PDE_ADDRESS_SYS	53:8
pascal/gp100	dev_mmu.h	NV_MMU_VER2_PDE_ADDRESS_VID	32:8
pascal/gp100	dev_mmu.h	NV_MMU_VER2_PDE_APERTURE	2:1
pascal/gp100	dev_mmu.h	NV_MMU_VER2_PDE_VOL	3:3
pascal/gp100	dev_mmu.h	NV_MMU_VER2_PDE_VOL_FALSE	0x0
pascal/gp100	dev_mmu.h	NV_MMU_VER2_PDE_VOL_TRUE	0x1
pascal/gp100	dev_mmu.h	NV_MMU_VER2_PDE__SIZE	0x8
pascal/gp100	dev_mmu.h	NV_MMU_VER2_PTE_ADDRESS_SHIFT	0xc
pascal/gp100	dev_mmu.h	NV_MMU_VER2_PTE_ADDRESS_SYS	53:8
pascal/gp100	dev_mmu.h	NV_MMU_VER2_PTE_ADDRESS_VID	32:8
pascal/gp100	dev_mmu.h	NV_MMU_VER2_PTE_ADDRESS_VID_PEER	35:33
pascal/gp100	dev_mmu.h	NV_MMU_VER2_PTE_ADDRESS_VID_PEER_0	0x0
pascal/gp100	dev_mmu.h	NV_MMU_VER2_PTE_ADDRESS_VID_PEER_1	0x1
pascal/gp100	dev_mmu.h	NV_MMU_VER2_PTE_ADDRESS_VID_PEER_2	0x2
pascal/gp100	dev_mmu.h	NV_MMU_VER2_PTE_ADDRESS_VID_PEER_3	0x3
pascal/gp100	dev_mmu.h	NV_MMU_VER2_PTE_ADDRESS_VID_PEER_4	0x4
pascal/gp100	dev_mmu.h	NV_MMU_VER2_PTE_ADDRESS_VID_PEER_5	0x5
pascal/gp100	dev_mmu.h	NV_MMU_VER2_PTE_ADDRESS_VID_PEER_6	0x6
pascal/gp100	dev_mmu.h	NV_MMU_VER2_PTE_ADDRESS_VID_PEER_7	0x7
pascal/gp100	dev_mmu.h	NV_MMU_VER2_PTE_APERTURE	2:1
pascal/gp100	dev_mmu.h	NV_MMU_VER2_PTE_ATOMIC_DISABLE	7:7
pascal/gp100	dev_mmu.h	NV_MMU_VER2_PTE_ATOMIC_DISABLE_FALSE	0x0
pascal/gp100	dev_mmu.h	NV_MMU_VER2_PTE_ATOMIC_DISABLE_TRUE	0x1
pascal/gp100	dev_mmu.h	NV_MMU_VER2_PTE_COMPTAGLINE	53:36
pascal/gp100	dev_mmu.h	NV_MMU_VER2_PTE_ENCRYPTED	4:4
pascal/gp100	dev_mmu.h	NV_MMU_VER2_PTE_ENCRYPTED_FALSE	0x0
pascal/gp100	dev_mmu.h	NV_MMU_VER2_PTE_ENCRYPTED_TRUE	0x1
pascal/gp100	dev_mmu.h	NV_MMU_VER2_PTE_KIND	63:56
pascal/gp100	dev_mmu.h	NV_MMU_VER2_PTE_PRIVILEGE	5:5
pascal/gp100	dev_mmu.h	NV_MMU_VER2_PTE_PRIVILEGE_FALSE	0x0
pascal/gp100	dev_mmu.h	NV_MMU_VER2_PTE_PRIVILEGE_TRUE	0x1
pascal/gp100	dev_mmu.h	NV_MMU_VER2_PTE_READ_ONLY	6:6
pascal/gp100	dev_mmu.h	NV_MMU_VER2_PTE_READ_ONLY_FALSE	0x0
pascal/gp100	dev_mmu.h	NV_MMU_VER2_PTE_READ_ONLY_TRUE	0x1
pascal/gp100	dev_mmu.h	NV_MMU_VER2_PTE_VALID	0:0
pascal/gp100	dev_mmu.h	NV_MMU_VER2_PTE_VALID_FALSE	0x0
pascal/gp100	dev_mmu.h	NV_MMU_VER2_PTE_VALID_TRUE	0x1
pascal/gp100	dev_mmu.h	NV_MMU_VER2_PTE_VOL	3:3
pascal/gp100	dev_mmu.h	NV_MMU_VER2_PTE_VOL_FALSE	0x0
pascal/gp100	dev_mmu.h	NV_MMU_VER2_PTE_VOL_TRUE	0x1
pascal/gp100	dev_mmu.h	NV_MMU_VER2_PTE__SIZE	0x8
pascal/gp100	dev_bus_addendum.h	NV_PBUS_SW_SCRATCH30_GPU_RESET_REQUIRED	0:0
pascal/gp100	dev_bus_addendum.h	NV_PBUS_SW_SCRATCH30_GPU_RESET_REQUIRED_OFF	0x0
pascal/gp100	dev_bus_addendum.h	NV_PBUS_SW_SCRATCH30_GPU_RESET_REQUIRED_ON	0x1
pascal/gp100	dev_fault.h	NV_PFAULT_FAULT_TYPE_ATOMIC_VIOLATION	0xf
pascal/gp100	dev_fault.h	NV_PFAULT_FAULT_TYPE_COMPRESSION_FAILURE	0xb
pascal/gp100	dev_fault.h	NV_PFAULT_FAULT_TYPE_PDE	0x0
pascal/gp100	dev_fault.h	NV_PFAULT_FAULT_TYPE_PDE_SIZE	0x1
pascal/gp100	dev_fault.h	NV_PFAULT_FAULT_TYPE_PITCH_MASK_VIOLATION	0x8
pascal/gp100	dev_fault.h	NV_PFAULT_FAULT_TYPE_POISONED	0xe
pascal/gp100	dev_fault.h	NV_PFAULT_FAULT_TYPE_PRIV_VIOLATION	0x5
pascal/gp100	dev_fault.h	NV_PFAULT_FAULT_TYPE_PTE	0x2
pascal/gp100	dev_fault.h	NV_PFAULT_FAULT_TYPE_REGION_VIOLATION	0xd
pascal/gp100	dev_fault.h	NV_PFAULT_FAULT_TYPE_RO_VIOLATION	0x6
pascal/gp100	dev_fault.h	NV_PFAULT_FAULT_TYPE_UNBOUND_INST_BLOCK	0x4
pascal/gp100	dev_fault.h	NV_PFAULT_FAULT_TYPE_UNSUPPORTED_APERTURE	0xa
pascal/gp100	dev_fault.h	NV_PFAULT_FAULT_TYPE_UNSUPPORTED_KIND	0xc
pascal/gp100	dev_fault.h	NV_PFAULT_FAULT_TYPE_VA_LIMIT_VIOLATION	0x3
pascal/gp100	dev_fault.h	NV_PFAULT_FAULT_TYPE_WORK_CREATION	0x9
pascal/gp100	dev_fb.h	NV_PFB_PRI_MMU_INVALIDATE_ACK	8:7
pascal/gp100	dev_fb.h	NV_PFB_PRI_MMU_INVALIDATE_ACK_GLOBALLY	0x1
pascal/gp100	dev_fb.h	NV_PFB_PRI_MMU_INVALIDATE_ACK_INTRANODE	0x2
pascal/gp100	dev_fb.h	NV_PFB_PRI_MMU_INVALIDATE_ACK_NONE_REQUIRED	0x0
pascal/gp100	dev_fb.h	NV_PFB_PRI_MMU_INVALIDATE_ALL_PDB	1:1
pascal/gp100	dev_fb.h	NV_PFB_PRI_MMU_INVALIDATE_ALL_PDB_FALSE	0x0
pascal/gp100	dev_fb.h	NV_PFB_PRI_MMU_INVALIDATE_ALL_PDB_TRUE	0x1
pascal/gp100	dev_fb.h	NV_PFB_PRI_MMU_INVALIDATE_ALL_VA	0:0
pascal/gp100	dev_fb.h	NV_PFB_PRI_MMU_INVALIDATE_ALL_VA_FALSE	0x0
pascal/gp100	dev_fb.h	NV_PFB_PRI_MMU_INVALIDATE_ALL_VA_TRUE	0x1
pascal/gp100	dev_fb.h	NV_PFB_PRI_MMU_INVALIDATE_CACHE_LEVEL	26:24
pascal/gp100	dev_fb.h	NV_PFB_PRI_MMU_INVALIDATE_CACHE_LEVEL_ALL	0x0
pascal/gp100	dev_fb.h	NV_PFB_PRI_MMU_INVALIDATE_CACHE_LEVEL_PTE_ONLY	0x1
pascal/gp100	dev_fb.h	NV_PFB_PRI_MMU_INVALIDATE_CACHE_LEVEL_UP_TO_PDE0	0x2
pascal/gp100	dev_fb.h	NV_PFB_PRI_MMU_INVALIDATE_CACHE_LEVEL_UP_TO_PDE1	0x3
pascal/gp100	dev_fb.h	NV_PFB_PRI_MMU_INVALIDATE_CACHE_LEVEL_UP_TO_PDE2	0x4
pascal/gp100	dev_fb.h	NV_PFB_PRI_MMU_INVALIDATE_CACHE_LEVEL_UP_TO_PDE3	0x5
pascal/gp100	dev_fb.h	NV_PFB_PRI_MMU_INVALIDATE_CACHE_LEVEL_UP_TO_PDE4	0x6
pascal/gp100	dev_fb.h	NV_PFB_PRI_MMU_INVALIDATE_CACHE_LEVEL_UP_TO_PDE5	0x7
pascal/gp100	dev_fb.h	NV_PFB_PRI_MMU_INVALIDATE_CANCEL_CLIENT_ID	14:9
pascal/gp100	dev_fb.h	NV_PFB_PRI_MMU_INVALIDATE_CANCEL_CLIENT_TYPE	20:20
pascal/gp100	dev_fb.h	NV_PFB_PRI_MMU_INVALIDATE_CANCEL_CLIENT_TYPE_GPC	0x0
pascal/gp100	dev_fb.h	NV_PFB_PRI_MMU_INVALIDATE_CANCEL_CLIENT_TYPE_HUB	0x1
pascal/gp100	dev_fb.h	NV_PFB_PRI_MMU_INVALIDATE_CANCEL_GPC_ID	19:15
pascal/gp100	dev_fb.h	NV_PFB_PRI_MMU_INVALIDATE_HUBTLB_ONLY	2:2
pascal/gp100	dev_fb.h	NV_PFB_PRI_MMU_INVALIDATE_HUBTLB_ONLY_FALSE	0x0
pascal/gp100	dev_fb.h	NV_PFB_PRI_MMU_INVALIDATE_HUBTLB_ONLY_TRUE	0x1
pascal/gp100	dev_fb.h	NV_PFB_PRI_MMU_INVALIDATE_REPLAY	5:3
pascal/gp100	dev_fb.h	NV_PFB_PRI_MMU_INVALIDATE_REPLAY_CANCEL	0x4
pascal/gp100	dev_fb.h	NV_PFB_PRI_MMU_INVALIDATE_REPLAY_CANCEL_GLOBAL	0x4
pascal/gp100	dev_fb.h	NV_PFB_PRI_MMU_INVALIDATE_REPLAY_CANCEL_TARGETED	0x3
pascal/gp100	dev_fb.h	NV_PFB_PRI_MMU_INVALIDATE_REPLAY_NONE	0x0
pascal/gp100	dev_fb.h	NV_PFB_PRI_MMU_INVALIDATE_REPLAY_START	0x1
pascal/gp100	dev_fb.h	NV_PFB_PRI_MMU_INVALIDATE_REPLAY_START_ACK_ALL	0x2
pascal/gp100	dev_fb.h	NV_PFB_PRI_MMU_INVALIDATE_SYS_MEMBAR	6:6
pascal/gp100	dev_fb.h	NV_PFB_PRI_MMU_INVALIDATE_SYS_MEMBAR_FALSE	0x0
pascal/gp100	dev_fb.h	NV_PFB_PRI_MMU_INVALIDATE_SYS_MEMBAR_TRUE	0x1
pascal/gp100	dev_fb.h	NV_PFB_PRI_MMU_INVALIDATE_TRIGGER	31:31
pascal/gp100	dev_fb.h	NV_PFB_PRI_MMU_INVALIDATE_TRIGGER_FALSE	0x0
pascal/gp100	dev_fb.h	NV_PFB_PRI_MMU_INVALIDATE_TRIGGER_TRUE	0x1
pascal/gp100	dev_ram.h	NV_RAMIN_ADR_LIMIT_HI	0x107f:0x1060
pascal/gp100	dev_ram.h	NV_RAMIN_ADR_LIMIT_LO	0x105f:0x104c
pascal/gp100	dev_ram.h	NV_RAMIN_ALLOC_SIZE	0x1000
pascal/gp100	dev_ram.h	NV_RAMIN_BASE_SHIFT	0xc
pascal/gp100	dev_ram.h	NV_RAMIN_BIG_PAGE_SIZE	0x100b:0x100b
pascal/gp100	dev_ram.h	NV_RAMIN_BIG_PAGE_SIZE_128KB	0x0
pascal/gp100	dev_ram.h	NV_RAMIN_BIG_PAGE_SIZE_64KB	0x1
pascal/gp100	dev_ram.h	NV_RAMIN_PAGE_DIR_BASE_FAULT_REPLAY_GCC	0x1005:0x1005
pascal/gp100	dev_ram.h	NV_RAMIN_PAGE_DIR_BASE_FAULT_REPLAY_GCC_DISABLED	0x0
pascal/gp100	dev_ram.h	NV_RAMIN_PAGE_DIR_BASE_FAULT_REPLAY_GCC_ENABLED	0x1
pascal/gp100	dev_ram.h	NV_RAMIN_PAGE_DIR_BASE_FAULT_REPLAY_TEX	0x1004:0x1004
pascal/gp100	dev_ram.h	NV_RAMIN_PAGE_DIR_BASE_FAULT_REPLAY_TEX_DISABLED	0x0
pascal/gp100	dev_ram.h	NV_RAMIN_PAGE_DIR_BASE_FAULT_REPLAY_TEX_ENABLED	0x1
pascal/gp100	dev_ram.h	NV_RAMIN_PAGE_DIR_BASE_HI	0x103f:0x1020
pascal/gp100	dev_ram.h	NV_RAMIN_PAGE_DIR_BASE_LO	0x101f:0x100c
pascal/gp100	dev_ram.h	NV_RAMIN_PAGE_DIR_BASE_TARGET	0x1001:0x1000
pascal/gp100	dev_ram.h	NV_RAMIN_PAGE_DIR_BASE_TARGET_SYS_MEM_COHERENT	0x2
pascal/gp100	dev_ram.h	NV_RAMIN_PAGE_DIR_BASE_TARGET_SYS_MEM_NONCOHERENT	0x3
pascal/gp100	dev_ram.h	NV_RAMIN_PAGE_DIR_BASE_TARGET_VID_MEM	0x0
pascal/gp100	dev_ram.h	NV_RAMIN_PAGE_DIR_BASE_VOL	0x1002:0x1002
pascal/gp100	dev_ram.h	NV_RAMIN_PAGE_DIR_BASE_VOL_FALSE	0x0
pascal/gp100	dev_ram.h	NV_RAMIN_PAGE_DIR_BASE_VOL_TRUE	0x1
pascal/gp100	dev_ram.h	NV_RAMIN_USE_NEW_PT_FORMAT	0x100a:0x100a
pascal/gp100	dev_ram.h	NV_RAMIN_USE_NEW_PT_FORMAT_FALSE	0x0
pascal/gp100	dev_ram.h	NV_RAMIN_USE_NEW_PT_FORMAT_TRUE	0x1
pascal/gp102	dev_fb.h	NV_PFB_PRI_MMU_LOCAL_MEMORY_RANGE	0x100ce0
pascal/gp102	dev_fb.h	NV_PFB_PRI_MMU_LOCAL_MEMORY_RANGE_ECC_MODE	30:30
pascal/gp102	dev_fb.h	NV_PFB_PRI_MMU_LOCAL_MEMORY_RANGE_ECC_MODE_DISABLED	0x0
pascal/gp102	dev_fb.h	NV_PFB_PRI_MMU_LOCAL_MEMORY_RANGE_ECC_MODE_ENABLED	0x1
pascal/gp102	dev_fb.h	NV_PFB_PRI_MMU_LOCAL_MEMORY_RANGE_LOWER_MAG	9:4
pascal/gp102	dev_fb.h	NV_PFB_PRI_MMU_LOCAL_MEMORY_RANGE_LOWER_SCALE	3:0
published	nv_ref.h	NV_PMC_BOOT_0	0x0
published	nv_ref.h	NV_PMC_BOOT_0_ARCHITECTURE_0	28:24
published	nv_ref.h	NV_PMC_BOOT_0_ARCHITECTURE_1	8:8
published	nv_ref.h	NV_PMC_BOOT_0_ARCHITECTURE_AD100	0x19
published	nv_ref.h	NV_PMC_BOOT_0_ARCHITECTURE_GA100	0x17
published	nv_ref.h	NV_PMC_BOOT_0_ARCHITECTURE_GB100	0x1a
published	nv_ref.h	NV_PMC_BOOT_0_ARCHITECTURE_GB200	0x1b
published	nv_ref.h	NV_PMC_BOOT_0_ARCHITECTURE_GH100	0x18
published	nv_ref.h	NV_PMC_BOOT_0_ARCHITECTURE_TU100	0x16
published	nv_ref.h	NV_PMC_BOOT_0_ARCHITECTURE_TU110	0x16
published	nv_ref.h	NV_PMC_BOOT_0_IMPLEMENTATION	23:20
published	nv_ref.h	NV_PMC_BOOT_0_IMPLEMENTATION_0	0x0
published	nv_ref.h	NV_PMC_BOOT_0_IMPLEMENTATION_1	0x1
published	nv_ref.h	NV_PMC_BOOT_0_IMPLEMENTATION_2	0x2
published	nv_ref.h	NV_PMC_BOOT_0_IMPLEMENTATION_3	0x3
published	nv_ref.h	NV_PMC_BOOT_0_IMPLEMENTATION_4	0x4
published	nv_ref.h	NV_PMC_BOOT_0_IMPLEMENTATION_5	0x5
published	nv_ref.h	NV_PMC_BOOT_0_IMPLEMENTATION_6	0x6
published	nv_ref.h	NV_PMC_BOOT_0_IMPLEMENTATION_7	0x7
published	nv_ref.h	NV_PMC_BOOT_0_IMPLEMENTATION_8	0x8
published	nv_ref.h	NV_PMC_BOOT_0_IMPLEMENTATION_9	0x9
published	nv_ref.h	NV_PMC_BOOT_0_IMPLEMENTATION_A	0xa
published	nv_ref.h	NV_PMC_BOOT_0_IMPLEMENTATION_B	0xb
published	nv_ref.h	NV_PMC_BOOT_0_IMPLEMENTATION_C	0xc
published	nv_ref.h	NV_PMC_BOOT_0_IMPLEMENTATION_D	0xd
published	nv_ref.h	NV_PMC_BOOT_0_IMPLEMENTATION_E	0xe
published	nv_ref.h	NV_PMC_BOOT_0_IMPLEMENTATION_F	0xf
published	nv_ref.h	NV_PMC_BOOT_0_MAJOR_REVISION	7:4
published	nv_ref.h	NV_PMC_BOOT_0_MINOR_REVISION	3:0
published	nv_ref.h	NV_PMC_BOOT_1	0x4
published	nv_ref.h	NV_PMC_BOOT_1_VGPU	17:16
published	nv_ref.h	NV_PMC_BOOT_1_VGPU16	16:16
published	nv_ref.h	NV_PMC_BOOT_1_VGPU16_REAL	0x0
published	nv_ref.h	NV_PMC_BOOT_1_VGPU16_VIRTUAL	0x1
published	nv_ref.h	NV_PMC_BOOT_1_VGPU8	8:8
published	nv_ref.h	NV_PMC_BOOT_1_VGPU8_REAL	0x0
published	nv_ref.h	NV_PMC_BOOT_1_VGPU8_VIRTUAL	0x1
published	nv_ref.h	NV_PMC_BOOT_1_VGPU_PV	0x1
published	nv_ref.h	NV_PMC_BOOT_1_VGPU_REAL	0x0
published	nv_ref.h	NV_PMC_BOOT_1_VGPU_VF	0x2
published	nv_ref.h	NV_PMC_BOOT_42	0xa00
published	nv_ref.h	NV_PMC_BOOT_42_ARCHITECTURE	29:24
published	nv_ref.h	NV_PMC_BOOT_42_ARCHITECTURE_AD100	0x19
published	nv_ref.h	NV_PMC_BOOT_42_ARCHITECTURE_AMODEL	0x1f
published	nv_ref.h	NV_PMC_BOOT_42_ARCHITECTURE_GA100	0x17
published	nv_ref.h	NV_PMC_BOOT_42_ARCHITECTURE_GB100	0x1a
published	nv_ref.h	NV_PMC_BOOT_42_ARCHITECTURE_GB200	0x1b
published	nv_ref.h	NV_PMC_BOOT_42_ARCHITECTURE_GH100	0x18
published	nv_ref.h	NV_PMC_BOOT_42_ARCHITECTURE_GM100	0x11
published	nv_ref.h	NV_PMC_BOOT_42_ARCHITECTURE_GM200	0x12
published	nv_ref.h	NV_PMC_BOOT_42_ARCHITECTURE_GP100	0x13
published	nv_ref.h	NV_PMC_BOOT_42_ARCHITECTURE_GV100	0x14
published	nv_ref.h	NV_PMC_BOOT_42_ARCHITECTURE_GV110	0x15
published	nv_ref.h	NV_PMC_BOOT_42_ARCHITECTURE_TU100	0x16
published	nv_ref.h	NV_PMC_BOOT_42_CHIP_ID	29:20
published	nv_ref.h	NV_PMC_BOOT_42_CHIP_ID_GA100	0x170
published	nv_ref.h	NV_PMC_BOOT_42_IMPLEMENTATION	23:20
published	nv_ref.h	NV_PMC_BOOT_42_IMPLEMENTATION_0	0x0
published	nv_ref.h	NV_PMC_BOOT_42_IMPLEMENTATION_1	0x1
published	nv_ref.h	NV_PMC_BOOT_42_IMPLEMENTATION_2	0x2
published	nv_ref.h	NV_PMC_BOOT_42_IMPLEMENTATION_3	0x3
published	nv_ref.h	NV_PMC_BOOT_42_IMPLEMENTATION_4	0x4
published	nv_ref.h	NV_PMC_BOOT_42_IMPLEMENTATION_5	0x5
published	nv_ref.h	NV_PMC_BOOT_42_IMPLEMENTATION_6	0x6
published	nv_ref.h	NV_PMC_BOOT_42_IMPLEMENTATION_7	0x7
published	nv_ref.h	NV_PMC_BOOT_42_IMPLEMENTATION_8	0x8
published	nv_ref.h	NV_PMC_BOOT_42_IMPLEMENTATION_9	0x9
published	nv_ref.h	NV_PMC_BOOT_42_IMPLEMENTATION_A	0xa
published	nv_ref.h	NV_PMC_BOOT_42_IMPLEMENTATION_B	0xb
published	nv_ref.h	NV_PMC_BOOT_42_IMPLEMENTATION_C	0xc
published	nv_ref.h	NV_PMC_BOOT_42_IMPLEMENTATION_D	0xd
published	nv_ref.h	NV_PMC_BOOT_42_IMPLEMENTATION_E	0xe
published	nv_ref.h	NV_PMC_BOOT_42_IMPLEMENTATION_F	0xf
published	nv_ref.h	NV_PMC_BOOT_42_MAJOR_REVISION	19:16
published	nv_ref.h	NV_PMC_BOOT_42_MINOR_EXTENDED_REVISION	11:8
published	nv_ref.h	NV_PMC_BOOT_42_MINOR_REVISION	15:12
turing/tu102	dev_ctrl.h	NV_CTRL_CPU_DOORBELL_VECTORID	0xb6687c
turing/tu102	dev_ctrl.h	NV_CTRL_CPU_DOORBELL_VECTORID_VALUE	11:0
turing/tu102	dev_ctrl.h	NV_CTRL_CPU_DOORBELL_VECTORID_VALUE_CONSTANT	0x81
turing/tu102	dev_ctrl.h	NV_CTRL_LEGACY_ENGINE_NONSTALL_INTR_BASE_VECTORID	0xb66884
turing/tu102	dev_ctrl.h	NV_CTRL_LEGACY_ENGINE_NONSTALL_INTR_BASE_VECTORID_VECTOR	11:0
turing/tu102	dev_ctrl.h	NV_CTRL_LEGACY_ENGINE_NONSTALL_INTR_BASE_VECTORID_VECTOR_INIT	0x0
turing/tu102	dev_ctrl.h	NV_CTRL_LEGACY_ENGINE_STALL_INTR_BASE_VECTORID	0xb66880
turing/tu102	dev_ctrl.h	NV_CTRL_LEGACY_ENGINE_STALL_INTR_BASE_VECTORID_VECTOR	11:0
turing/tu102	dev_ctrl.h	NV_CTRL_LEGACY_ENGINE_STALL_INTR_BASE_VECTORID_VECTOR_INIT	0xc0
turing/tu102	dev_ctrl.h	NV_CTRL_VF_DOORBELL_RUNLIST_ID	22:16
turing/tu102	dev_ctrl.h	NV_CTRL_VF_DOORBELL_VECTOR	11:0
turing/tu102	dev_riscv_pri.h	NV_FALCON2_GSP_BASE	0x111000
turing/tu102	dev_mmu.h	NV_MMU_PTE_KIND_GENERIC_MEMORY	0x6
turing/tu102	dev_mmu.h	NV_MMU_PTE_KIND_GENERIC_MEMORY_COMPRESSIBLE	0x8
turing/tu102	dev_mmu.h	NV_MMU_PTE_KIND_GENERIC_MEMORY_COMPRESSIBLE_DISABLE_PLC	0x9
turing/tu102	dev_mmu.h	NV_MMU_PTE_KIND_INVALID	0x7
turing/tu102	dev_mmu.h	NV_MMU_PTE_KIND_PITCH	0x0
turing/tu102	dev_mmu.h	NV_MMU_PTE_KIND_S8	0x2
turing/tu102	dev_mmu.h	NV_MMU_PTE_KIND_S8Z24	0x3
turing/tu102	dev_mmu.h	NV_MMU_PTE_KIND_S8Z24_COMPRESSIBLE_DISABLE_PLC	0xc
turing/tu102	dev_mmu.h	NV_MMU_PTE_KIND_S8_COMPRESSIBLE_DISABLE_PLC	0xa
turing/tu102	dev_mmu.h	NV_MMU_PTE_KIND_SMSKED_MESSAGE	0xf
turing/tu102	dev_mmu.h	NV_MMU_PTE_KIND_Z16	0x1
turing/tu102	dev_mmu.h	NV_MMU_PTE_KIND_Z16_COMPRESSIBLE_DISABLE_PLC	0xb
turing/tu102	dev_mmu.h	NV_MMU_PTE_KIND_Z24S8	0x5
turing/tu102	dev_mmu.h	NV_MMU_PTE_KIND_Z24S8_COMPRESSIBLE_DISABLE_PLC	0xe
turing/tu102	dev_mmu.h	NV_MMU_PTE_KIND_ZF32_X24S8	0x4
turing/tu102	dev_mmu.h	NV_MMU_PTE_KIND_ZF32_X24S8_COMPRESSIBLE_DISABLE_PLC	0xd
turing/tu102	dev_mmu.h	NV_MMU_VER2_PTE_ADDRESS_SHIFT	0xc
turing/tu102	dev_mmu.h	NV_MMU_VER2_PTE_ADDRESS_VID	32:8
turing/tu102	dev_mmu.h	NV_MMU_VER2_PTE_COMPTAGLINE	55:36
turing/tu102	dev_bus.h	NV_PBUS_BAR1_BLOCK	0x1704
turing/tu102	dev_bus.h	NV_PBUS_BAR1_BLOCK_MAP	29:0
turing/tu102	dev_bus.h	NV_PBUS_BAR1_BLOCK_MODE	31:31
turing/tu102	dev_bus.h	NV_PBUS_BAR1_BLOCK_MODE_PHYSICAL	0x0
turing/tu102	dev_bus.h	NV_PBUS_BAR1_BLOCK_MODE_VIRTUAL	0x1
turing/tu102	dev_bus.h	NV_PBUS_BAR1_BLOCK_PTR	27:0
turing/tu102	dev_bus.h	NV_PBUS_BAR1_BLOCK_PTR_0	0x0
turing/tu102	dev_bus.h	NV_PBUS_BAR1_BLOCK_PTR_SHIFT	0xc
turing/tu102	dev_bus.h	NV_PBUS_BAR1_BLOCK_TARGET	29:28
turing/tu102	dev_bus.h	NV_PBUS_BAR1_BLOCK_TARGET_SYS_MEM_COHERENT	0x2
turing/tu102	dev_bus.h	NV_PBUS_BAR1_BLOCK_TARGET_SYS_MEM_NONCOHERENT	0x3
turing/tu102	dev_bus.h	NV_PBUS_BAR1_BLOCK_TARGET_VID_MEM	0x0
turing/tu102	dev_bus.h	NV_PBUS_BAR2_BLOCK	0x1714
turing/tu102	dev_bus.h	NV_PBUS_BAR2_BLOCK_DEBUG_CYA	30:30
turing/tu102	dev_bus.h	NV_PBUS_BAR2_BLOCK_DEBUG_CYA_INIT	0x1
turing/tu102	dev_bus.h	NV_PBUS_BAR2_BLOCK_DEBUG_CYA_OFF	0x1
turing/tu102	dev_bus.h	NV_PBUS_BAR2_BLOCK_DEBUG_CYA_ON	0x0
turing/tu102	dev_bus.h	NV_PBUS_BAR2_BLOCK_MAP	29:0
turing/tu102	dev_bus.h	NV_PBUS_BAR2_BLOCK_MODE	31:31
turing/tu102	dev_bus.h	NV_PBUS_BAR2_BLOCK_MODE_PHYSICAL	0x0
turing/tu102	dev_bus.h	NV_PBUS_BAR2_BLOCK_MODE_VIRTUAL	0x1
turing/tu102	dev_bus.h	NV_PBUS_BAR2_BLOCK_PTR	27:0
turing/tu102	dev_bus.h	NV_PBUS_BAR2_BLOCK_PTR_0	0x0
turing/tu102	dev_bus.h	NV_PBUS_BAR2_BLOCK_PTR_SHIFT	0xc
turing/tu102	dev_bus.h	NV_PBUS_BAR2_BLOCK_RESERVED	30:30
turing/tu102	dev_bus.h	NV_PBUS_BAR2_BLOCK_RESERVED_DEFAULT	0x1
turing/tu102	dev_bus.h	NV_PBUS_BAR2_BLOCK_TARGET	29:28
turing/tu102	dev_bus.h	NV_PBUS_BAR2_BLOCK_TARGET_SYS_MEM_COHERENT	0x2
turing/tu102	dev_bus.h	NV_PBUS_BAR2_BLOCK_TARGET_SYS_MEM_NONCOHERENT	0x3
turing/tu102	dev_bus.h	NV_PBUS_BAR2_BLOCK_TARGET_VID_MEM	0x0
turing/tu102	dev_bus.h	NV_PBUS_SW_SCRATCH(0)	0x1400
turing/tu102	dev_bus.h	NV_PBUS_SW_SCRATCH(1)	0x1404
turing/tu102	dev_nv_xve.h	NV_PCFG	0x88fff:0x88000
turing/tu102	dev_falcon_v4.h	NV_PFALCON_FALCON_BOOTVEC	0x104
turing/tu102	dev_falcon_v4.h	NV_PFALCON_FALCON_CPUCTL	0x100
turing/tu102	dev_falcon_v4.h	NV_PFALCON_FALCON_CPUCTL_ALIAS	0x130
turing/tu102	dev_falcon_v4.h	NV_PFALCON_FALCON_CPUCTL_ALIAS_EN	6:6
turing/tu102	dev_falcon_v4.h	NV_PFALCON_FALCON_CPUCTL_ALIAS_EN_FALSE	0x0
turing/tu102	dev_falcon_v4.h	NV_PFALCON_FALCON_CPUCTL_ALIAS_EN_TRUE	0x1
turing/tu102	dev_falcon_v4.h	NV_PFALCON_FALCON_CPUCTL_ALIAS_STARTCPU	1:1
turing/tu102	dev_falcon_v4.h	NV_PFALCON_FALCON_CPUCTL_ALIAS_STARTCPU_FALSE	0x0
turing/tu102	dev_falcon_v4.h	NV_PFALCON_FALCON_CPUCTL_ALIAS_STARTCPU_TRUE	0x1
turing/tu102	dev_falcon_v4.h	NV_PFALCON_FALCON_CPUCTL_HALTED	4:4
turing/tu102	dev_falcon_v4.h	NV_PFALCON_FALCON_CPUCTL_HALTED_TRUE	0x1
turing/tu102	dev_falcon_v4.h	NV_PFALCON_FALCON_CPUCTL_STARTCPU	1:1
turing/tu102	dev_falcon_v4.h	NV_PFALCON_FALCON_CPUCTL_STARTCPU_FALSE	0x0
turing/tu102	dev_falcon_v4.h	NV_PFALCON_FALCON_CPUCTL_STARTCPU_TRUE	0x1
turing/tu102	dev_falcon_v4.h	NV_PFALCON_FALCON_DEBUGINFO	0x94
turing/tu102	dev_falcon_v4.h	NV_PFALCON_FALCON_DMACTL	0x10c
turing/tu102	dev_falcon_v4.h	NV_PFALCON_FALCON_DMACTL_DMEM_SCRUBBING	1:1
turing/tu102	dev_falcon_v4.h	NV_PFALCON_FALCON_DMACTL_DMEM_SCRUBBING_DONE	0x0
turing/tu102	dev_falcon_v4.h	NV_PFALCON_FALCON_DMACTL_IMEM_SCRUBBING	2:2
turing/tu102	dev_falcon_v4.h	NV_PFALCON_FALCON_DMACTL_IMEM_SCRUBBING_DONE	0x0
turing/tu102	dev_falcon_v4.h	NV_PFALCON_FALCON_DMACTL_REQUIRE_CTX	0:0
turing/tu102	dev_falcon_v4.h	NV_PFALCON_FALCON_DMACTL_REQUIRE_CTX_FALSE	0x0
turing/tu102	dev_falcon_v4.h	NV_PFALCON_FALCON_DMATRFBASE	0x110
turing/tu102	dev_falcon_v4.h	NV_PFALCON_FALCON_DMATRFBASE1	0x128
turing/tu102	dev_falcon_v4.h	NV_PFALCON_FALCON_DMATRFBASE1_BASE	8:0
turing/tu102	dev_falcon_v4.h	NV_PFALCON_FALCON_DMATRFBASE_BASE	31:0
turing/tu102	dev_falcon_v4.h	NV_PFALCON_FALCON_DMATRFCMD	0x118
turing/tu102	dev_falcon_v4.h	NV_PFALCON_FALCON_DMATRFCMD_CTXDMA	14:12
turing/tu102	dev_falcon_v4.h	NV_PFALCON_FALCON_DMATRFCMD_FULL	0:0
turing/tu102	dev_falcon_v4.h	NV_PFALCON_FALCON_DMATRFCMD_FULL_TRUE	0x1
turing/tu102	dev_falcon_v4.h	NV_PFALCON_FALCON_DMATRFCMD_IDLE	1:1
turing/tu102	dev_falcon_v4.h	NV_PFALCON_FALCON_DMATRFCMD_IDLE_FALSE	0x0
turing/tu102	dev_falcon_v4.h	NV_PFALCON_FALCON_DMATRFCMD_IMEM	4:4
turing/tu102	dev_falcon_v4.h	NV_PFALCON_FALCON_DMATRFCMD_IMEM_FALSE	0x0
turing/tu102	dev_falcon_v4.h	NV_PFALCON_FALCON_DMATRFCMD_IMEM_TRUE	0x1
turing/tu102	dev_falcon_v4.h	NV_PFALCON_FALCON_DMATRFCMD_SEC	3:2
turing/tu102	dev_falcon_v4.h	NV_PFALCON_FALCON_DMATRFCMD_SET_DMTAG	16:16
turing/tu102	dev_falcon_v4.h	NV_PFALCON_FALCON_DMATRFCMD_SET_DMTAG_TRUE	0x1
turing/tu102	dev_falcon_v4.h	NV_PFALCON_FALCON_DMATRFCMD_SIZE	10:8
turing/tu102	dev_falcon_v4.h	NV_PFALCON_FALCON_DMATRFCMD_SIZE_256B	0x6
turing/tu102	dev_falcon_v4.h	NV_PFALCON_FALCON_DMATRFCMD_WRITE	5:5
turing/tu102	dev_falcon_v4.h	NV_PFALCON_FALCON_DMATRFCMD_WRITE_FALSE	0x0
turing/tu102	dev_falcon_v4.h	NV_PFALCON_FALCON_DMATRFCMD_WRITE_TRUE	0x1
turing/tu102	dev_falcon_v4.h	NV_PFALCON_FALCON_DMATRFFBOFFS	0x11c
turing/tu102	dev_falcon_v4.h	NV_PFALCON_FALCON_DMATRFFBOFFS_OFFS	31:0
turing/tu102	dev_falcon_v4.h	NV_PFALCON_FALCON_DMATRFMOFFS	0x114
turing/tu102	dev_falcon_v4.h	NV_PFALCON_FALCON_DMATRFMOFFS_OFFS	15:0
turing/tu102	dev_falcon_v4.h	NV_PFALCON_FALCON_DMEMC(0)	0x1c0
turing/tu102	dev_falcon_v4.h	NV_PFALCON_FALCON_DMEMC(1)	0x1c8
turing/tu102	dev_falcon_v4.h	NV_PFALCON_FALCON_DMEMC_AINCR	25:25
turing/tu102	dev_falcon_v4.h	NV_PFALCON_FALCON_DMEMC_AINCR_FALSE	0x0
turing/tu102	dev_falcon_v4.h	NV_PFALCON_FALCON_DMEMC_AINCR_TRUE	0x1
turing/tu102	dev_falcon_v4.h	NV_PFALCON_FALCON_DMEMC_AINCW	24:24
turing/tu102	dev_falcon_v4.h	NV_PFALCON_FALCON_DMEMC_AINCW_FALSE	0x0
turing/tu102	dev_falcon_v4.h	NV_PFALCON_FALCON_DMEMC_AINCW_TRUE	0x1
turing/tu102	dev_falcon_v4.h	NV_PFALCON_FALCON_DMEMC_BLK	15:8
turing/tu102	dev_falcon_v4.h	NV_PFALCON_FALCON_DMEMC_OFFS	7:2
turing/tu102	dev_falcon_v4.h	NV_PFALCON_FALCON_DMEMD(0)	0x1c4
turing/tu102	dev_falcon_v4.h	NV_PFALCON_FALCON_DMEMD(1)	0x1cc
turing/tu102	dev_falcon_v4.h	NV_PFALCON_FALCON_DMEMD_DATA	31:0
turing/tu102	dev_falcon_v4.h	NV_PFALCON_FALCON_HWCFG	0x108
turing/tu102	dev_falcon_v4.h	NV_PFALCON_FALCON_HWCFG2	0xf4
turing/tu102	dev_falcon_v4.h	NV_PFALCON_FALCON_HWCFG2_RISCV	10:10
turing/tu102	dev_falcon_v4.h	NV_PFALCON_FALCON_HWCFG2_RISCV_ENABLE	0x1
turing/tu102	dev_falcon_v4.h	NV_PFALCON_FALCON_HWCFG_IMEM_SIZE	8:0
turing/tu102	dev_falcon_v4.h	NV_PFALCON_FALCON_IMEMC(0)	0x180
turing/tu102	dev_falcon_v4.h	NV_PFALCON_FALCON_IMEMC(1)	0x190
turing/tu102	dev_falcon_v4.h	NV_PFALCON_FALCON_IMEMC_AINCW	24:24
turing/tu102	dev_falcon_v4.h	NV_PFALCON_FALCON_IMEMC_AINCW_FALSE	0x0
turing/tu102	dev_falcon_v4.h	NV_PFALCON_FALCON_IMEMC_AINCW_TRUE	0x1
turing/tu102	dev_falcon_v4.h	NV_PFALCON_FALCON_IMEMC_BLK	15:8
turing/tu102	dev_falcon_v4.h	NV_PFALCON_FALCON_IMEMC_OFFS	7:2
turing/tu102	dev_falcon_v4.h	NV_PFALCON_FALCON_IMEMC_SECURE	28:28
turing/tu102	dev_falcon_v4.h	NV_PFALCON_FALCON_IMEMD(0)	0x184
turing/tu102	dev_falcon_v4.h	NV_PFALCON_FALCON_IMEMD(1)	0x194
turing/tu102	dev_falcon_v4.h	NV_PFALCON_FALCON_IMEMD_DATA	31:0
turing/tu102	dev_falcon_v4.h	NV_PFALCON_FALCON_IMEMT(0)	0x188
turing/tu102	dev_falcon_v4.h	NV_PFALCON_FALCON_IMEMT(1)	0x198
turing/tu102	dev_falcon_v4.h	NV_PFALCON_FALCON_IMEMT_TAG	15:0
turing/tu102	dev_falcon_v4.h	NV_PFALCON_FALCON_IRQDEST	0x1c
turing/tu102	dev_falcon_v4.h	NV_PFALCON_FALCON_IRQMASK	0x18
turing/tu102	dev_falcon_v4.h	NV_PFALCON_FALCON_IRQMCLR	0x14
turing/tu102	dev_falcon_v4.h	NV_PFALCON_FALCON_IRQMODE	0xc
turing/tu102	dev_falcon_v4.h	NV_PFALCON_FALCON_IRQMSET	0x10
turing/tu102	dev_falcon_v4.h	NV_PFALCON_FALCON_IRQSCLR	0x4
turing/tu102	dev_falcon_v4.h	NV_PFALCON_FALCON_IRQSCLR_HALT	4:4
turing/tu102	dev_falcon_v4.h	NV_PFALCON_FALCON_IRQSCLR_HALT_SET	0x1
turing/tu102	dev_falcon_v4.h	NV_PFALCON_FALCON_IRQSCLR_SWGEN0	6:6
turing/tu102	dev_falcon_v4.h	NV_PFALCON_FALCON_IRQSCLR_SWGEN0_SET	0x1
turing/tu102	dev_falcon_v4.h	NV_PFALCON_FALCON_IRQSTAT	0x8
turing/tu102	dev_falcon_v4.h	NV_PFALCON_FALCON_IRQSTAT_HALT	4:4
turing/tu102	dev_falcon_v4.h	NV_PFALCON_FALCON_IRQSTAT_HALT_TRUE	0x1
turing/tu102	dev_falcon_v4.h	NV_PFALCON_FALCON_IRQSTAT_SWGEN0	6:6
turing/tu102	dev_falcon_v4.h	NV_PFALCON_FALCON_IRQSTAT_SWGEN0_TRUE	0x1
turing/tu102	dev_falcon_v4.h	NV_PFALCON_FALCON_MAILBOX0	0x40
turing/tu102	dev_falcon_v4.h	NV_PFALCON_FALCON_MAILBOX1	0x44
turing/tu102	dev_falcon_v4.h	NV_PFALCON_FALCON_OS	0x80
turing/tu102	dev_falcon_v4.h	NV_PFALCON_FALCON_RM	0x84
turing/tu102	dev_fault.h	NV_PFAULT_MMU_ENG_ID_BAR1	0x80
turing/tu102	dev_fault.h	NV_PFAULT_MMU_ENG_ID_BAR2	0xc0
turing/tu102	dev_fault.h	NV_PFAULT_MMU_ENG_ID_CE0	0xf
turing/tu102	dev_fault.h	NV_PFAULT_MMU_ENG_ID_CE1	0x10
turing/tu102	dev_fault.h	NV_PFAULT_MMU_ENG_ID_CE2	0x11
turing/tu102	dev_fault.h	NV_PFAULT_MMU_ENG_ID_CE3	0x12
turing/tu102	dev_fault.h	NV_PFAULT_MMU_ENG_ID_CE4	0x13
turing/tu102	dev_fault.h	NV_PFAULT_MMU_ENG_ID_CE5	0x14
turing/tu102	dev_fault.h	NV_PFAULT_MMU_ENG_ID_CE6	0x15
turing/tu102	dev_fault.h	NV_PFAULT_MMU_ENG_ID_CE7	0x16
turing/tu102	dev_fault.h	NV_PFAULT_MMU_ENG_ID_CE8	0x17
turing/tu102	dev_fault.h	NV_PFAULT_MMU_ENG_ID_DISPLAY	0x1
turing/tu102	dev_fault.h	NV_PFAULT_MMU_ENG_ID_GRCOPY	0xf
turing/tu102	dev_fault.h	NV_PFAULT_MMU_ENG_ID_IFB	0x9
turing/tu102	dev_fault.h	NV_PFAULT_MMU_ENG_ID_NVDEC	0xa
turing/tu102	dev_fault.h	NV_PFAULT_MMU_ENG_ID_NVDEC0	0xa
turing/tu102	dev_fault.h	NV_PFAULT_MMU_ENG_ID_NVDEC1	0x19
turing/tu102	dev_fault.h	NV_PFAULT_MMU_ENG_ID_NVDEC2	0x1a
turing/tu102	dev_fault.h	NV_PFAULT_MMU_ENG_ID_NVENC0	0xb
turing/tu102	dev_fault.h	NV_PFAULT_MMU_ENG_ID_NVENC1	0xc
turing/tu102	dev_fault.h	NV_PFAULT_MMU_ENG_ID_NVENC2	0xd
turing/tu102	dev_fault.h	NV_PFAULT_MMU_ENG_ID_NVJPG0	0x18
turing/tu102	dev_fault.h	NV_PFAULT_MMU_ENG_ID_PERF	0x8
turing/tu102	dev_fault.h	NV_PFAULT_MMU_ENG_ID_PHYSICAL	0x1f
turing/tu102	dev_fault.h	NV_PFAULT_MMU_ENG_ID_PTP	0x3
turing/tu102	dev_fault.h	NV_PFAULT_MMU_ENG_ID_PWR_PMU	0x6
turing/tu102	dev_fault.h	NV_PFAULT_MMU_ENG_ID_SEC	0xe
turing/tu102	dev_fb.h	NV_PFB_PRI_MMU_FAULT_BUFFER_SIZE_ENABLE	31:31
turing/tu102	dev_fb.h	NV_PFB_PRI_MMU_FAULT_BUFFER_SIZE_ENABLE_FALSE	0x0
turing/tu102	dev_fb.h	NV_PFB_PRI_MMU_FAULT_BUFFER_SIZE_ENABLE_TRUE	0x1
turing/tu102	dev_fb.h	NV_PFB_PRI_MMU_FAULT_BUFFER_SIZE_OVERFLOW_INTR	29:29
turing/tu102	dev_fb.h	NV_PFB_PRI_MMU_FAULT_BUFFER_SIZE_OVERFLOW_INTR_DISABLE	0x0
turing/tu102	dev_fb.h	NV_PFB_PRI_MMU_FAULT_BUFFER_SIZE_OVERFLOW_INTR_ENABLE	0x1
turing/tu102	dev_fb.h	NV_PFB_PRI_MMU_FAULT_BUFFER_SIZE_SET_DEFAULT	30:30
turing/tu102	dev_fb.h	NV_PFB_PRI_MMU_FAULT_BUFFER_SIZE_SET_DEFAULT_NO	0x0
turing/tu102	dev_fb.h	NV_PFB_PRI_MMU_FAULT_BUFFER_SIZE_SET_DEFAULT_YES	0x1
turing/tu102	dev_fb.h	NV_PFB_PRI_MMU_FAULT_BUFFER_SIZE_VAL	19:0
turing/tu102	dev_fb.h	NV_PFB_PRI_MMU_FAULT_BUFFER_SIZE_VAL_RESET	0x0
turing/tu102	dev_fb.h	NV_PFB_PRI_MMU_FILLUNIT_ECC_UNCORRECTED_ERR_COUNT	0x100ea0
turing/tu102	dev_fb.h	NV_PFB_PRI_MMU_FILLUNIT_ECC_UNCORRECTED_ERR_COUNT_TOTAL	15:0
turing/tu102	dev_fb.h	NV_PFB_PRI_MMU_FILLUNIT_ECC_UNCORRECTED_ERR_COUNT_TOTAL_INIT	0x0
turing/tu102	dev_fb.h	NV_PFB_PRI_MMU_FILLUNIT_ECC_UNCORRECTED_ERR_COUNT_UNIQUE	31:16
turing/tu102	dev_fb.h	NV_PFB_PRI_MMU_FILLUNIT_ECC_UNCORRECTED_ERR_COUNT_UNIQUE_INIT	0x0
turing/tu102	dev_fb.h	NV_PFB_PRI_MMU_HUBTLB_ECC_UNCORRECTED_ERR_COUNT	0x100e8c
turing/tu102	dev_fb.h	NV_PFB_PRI_MMU_HUBTLB_ECC_UNCORRECTED_ERR_COUNT_TOTAL	15:0
turing/tu102	dev_fb.h	NV_PFB_PRI_MMU_HUBTLB_ECC_UNCORRECTED_ERR_COUNT_TOTAL_INIT	0x0
turing/tu102	dev_fb.h	NV_PFB_PRI_MMU_HUBTLB_ECC_UNCORRECTED_ERR_COUNT_UNIQUE	31:16
turing/tu102	dev_fb.h	NV_PFB_PRI_MMU_HUBTLB_ECC_UNCORRECTED_ERR_COUNT_UNIQUE_INIT	0x0
turing/tu102	dev_fb.h	NV_PFB_PRI_MMU_INT_VECTOR_FAULT_NOTIFY_NON_REPLAYABLE	0x84
turing/tu102	dev_fb.h	NV_PFB_PRI_MMU_INT_VECTOR_FAULT_NOTIFY_REPLAYABLE	0x40
turing/tu102	dev_fb.h	NV_PFB_PRI_MMU_L2TLB_ECC_UNCORRECTED_ERR_COUNT	0x100e78
turing/tu102	dev_fb.h	NV_PFB_PRI_MMU_L2TLB_ECC_UNCORRECTED_ERR_COUNT_TOTAL	15:0
turing/tu102	dev_fb.h	NV_PFB_PRI_MMU_L2TLB_ECC_UNCORRECTED_ERR_COUNT_TOTAL_INIT	0x0
turing/tu102	dev_fb.h	NV_PFB_PRI_MMU_L2TLB_ECC_UNCORRECTED_ERR_COUNT_UNIQUE	31:16
turing/tu102	dev_fb.h	NV_PFB_PRI_MMU_L2TLB_ECC_UNCORRECTED_ERR_COUNT_UNIQUE_INIT	0x0
turing/tu102	dev_fb.h	NV_PFB_PRI_MMU_WPR2_ADDR_HI	0x1fa828
turing/tu102	dev_fb.h	NV_PFB_PRI_MMU_WPR2_ADDR_HI_ALIGNMENT	0xc
turing/tu102	dev_fb.h	NV_PFB_PRI_MMU_WPR2_ADDR_HI_VAL	31:4
turing/tu102	dev_fb.h	NV_PFB_PRI_MMU_WPR2_ADDR_LO	0x1fa824
turing/tu102	dev_fb.h	NV_PFB_PRI_MMU_WPR2_ADDR_LO_ALIGNMENT	0xc
turing/tu102	dev_fb.h	NV_PFB_PRI_MMU_WPR2_ADDR_LO_VAL	31:4
turing/tu102	dev_gc6_island_addendum.h	NV_PGC6_AON_FRTS_INPUT_WPR_SIZE_SECURE_SCRATCH_GROUP_03_0	0x118214
turing/tu102	dev_gc6_island_addendum.h	NV_PGC6_AON_FRTS_INPUT_WPR_SIZE_SECURE_SCRATCH_GROUP_03_0_WPR_SIZE	15:0
turing/tu102	dev_gc6_island_addendum.h	NV_PGC6_AON_FRTS_INPUT_WPR_SIZE_SECURE_SCRATCH_GROUP_03_0_WPR_SIZE_1MB_IN_4K	0x100
turing/tu102	dev_gc6_island.h	NV_PGC6_AON_SECURE_SCRATCH_GROUP_03(0)	0x118214
turing/tu102	dev_gc6_island.h	NV_PGC6_AON_SECURE_SCRATCH_GROUP_03(1)	0x118218
turing/tu102	dev_gc6_island.h	NV_PGC6_AON_SECURE_SCRATCH_GROUP_05(0)	0x118234
turing/tu102	dev_gc6_island.h	NV_PGC6_AON_SECURE_SCRATCH_GROUP_05(1)	0x118238
turing/tu102	dev_gc6_island_addendum.h	NV_PGC6_AON_SECURE_SCRATCH_GROUP_05_0_GFW_BOOT	0x118234
turing/tu102	dev_gc6_island_addendum.h	NV_PGC6_AON_SECURE_SCRATCH_GROUP_05_0_GFW_BOOT_PROGRESS	7:0
turing/tu102	dev_gc6_island_addendum.h	NV_PGC6_AON_SECURE_SCRATCH_GROUP_05_0_GFW_BOOT_PROGRESS_COMPLETED	0xff
turing/tu102	dev_gc6_island.h	NV_PGC6_AON_SECURE_SCRATCH_GROUP_05_PRIV_LEVEL_MASK	0x118128
turing/tu102	dev_gc6_island.h	NV_PGC6_AON_SECURE_SCRATCH_GROUP_05_PRIV_LEVEL_MASK_READ_PROTECTION	3:0
turing/tu102	dev_gc6_island.h	NV_PGC6_AON_SECURE_SCRATCH_GROUP_05_PRIV_LEVEL_MASK_READ_PROTECTION_LEVEL0	0:0
turing/tu102	dev_gc6_island.h	NV_PGC6_AON_SECURE_SCRATCH_GROUP_05_PRIV_LEVEL_MASK_READ_PROTECTION_LEVEL0_DISABLE	0x0
turing/tu102	dev_gc6_island.h	NV_PGC6_AON_SECURE_SCRATCH_GROUP_05_PRIV_LEVEL_MASK_READ_PROTECTION_LEVEL0_ENABLE	0x1
turing/tu102	dev_gc6_island.h	NV_PGC6_BSI_SECURE_SCRATCH_14	0x1180f8
turing/tu102	dev_gc6_island_addendum.h	NV_PGC6_BSI_SECURE_SCRATCH_14_BOOT_STAGE_3_HANDOFF	26:26
turing/tu102	dev_gc6_island_addendum.h	NV_PGC6_BSI_SECURE_SCRATCH_14_BOOT_STAGE_3_HANDOFF_VALUE_DONE	0x1
turing/tu102	dev_gc6_island_addendum.h	NV_PGC6_BSI_SECURE_SCRATCH_14_BOOT_STAGE_3_HANDOFF_VALUE_INIT	0x0
turing/tu102	dev_gsp.h	NV_PGSP	0x113fff:0x110000
turing/tu102	dev_gsp.h	NV_PGSP_EMEMC(0)	0x110ac0
turing/tu102	dev_gsp.h	NV_PGSP_EMEMC(1)	0x110ac8
turing/tu102	dev_gsp.h	NV_PGSP_EMEMC_AINCR	25:25
turing/tu102	dev_gsp.h	NV_PGSP_EMEMC_AINCR_FALSE	0x0
turing/tu102	dev_gsp.h	NV_PGSP_EMEMC_AINCR_INIT	0x0
turing/tu102	dev_gsp.h	NV_PGSP_EMEMC_AINCR_TRUE	0x1
turing/tu102	dev_gsp.h	NV_PGSP_EMEMC_AINCW	24:24
turing/tu102	dev_gsp.h	NV_PGSP_EMEMC_AINCW_FALSE	0x0
turing/tu102	dev_gsp.h	NV_PGSP_EMEMC_AINCW_INIT	0x0
turing/tu102	dev_gsp.h	NV_PGSP_EMEMC_AINCW_TRUE	0x1
turing/tu102	dev_gsp.h	NV_PGSP_EMEMC_BLK	15:8
turing/tu102	dev_gsp.h	NV_PGSP_EMEMC_BLK_INIT	0x0
turing/tu102	dev_gsp.h	NV_PGSP_EMEMC_OFFS	7:2
turing/tu102	dev_gsp.h	NV_PGSP_EMEMC_OFFS_INIT	0x0
turing/tu102	dev_gsp.h	NV_PGSP_EMEMC__SIZE_1	0x4
turing/tu102	dev_gsp.h	NV_PGSP_EMEMD(0)	0x110ac4
turing/tu102	dev_gsp.h	NV_PGSP_EMEMD(1)	0x110acc
turing/tu102	dev_gsp.h	NV_PGSP_EMEMD_DATA	31:0
turing/tu102	dev_gsp.h	NV_PGSP_EMEMD__SIZE_1	0x4
turing/tu102	dev_gsp.h	NV_PGSP_FALCON_ENGINE	0x1103c0
turing/tu102	dev_gsp.h	NV_PGSP_FALCON_ENGINE_RESET	0:0
turing/tu102	dev_gsp.h	NV_PGSP_FALCON_ENGINE_RESET_FALSE	0x0
turing/tu102	dev_gsp.h	NV_PGSP_FALCON_ENGINE_RESET_TRUE	0x1
turing/tu102	dev_gsp.h	NV_PGSP_FALCON_MAILBOX0	0x110040
turing/tu102	dev_gsp.h	NV_PGSP_FALCON_MAILBOX0_DATA	31:0
turing/tu102	dev_gsp.h	NV_PGSP_FALCON_MAILBOX1	0x110044
turing/tu102	dev_gsp.h	NV_PGSP_FALCON_MAILBOX1_DATA	31:0
turing/tu102	dev_gsp_addendum.h	NV_PGSP_FBIF_BASE	0x110600
turing/tu102	dev_gsp.h	NV_PGSP_MAILBOX(0)	0x110804
turing/tu102	dev_gsp.h	NV_PGSP_MAILBOX(1)	0x110808
turing/tu102	dev_gsp.h	NV_PGSP_MAILBOX_DATA	31:0
turing/tu102	dev_gsp.h	NV_PGSP_MAILBOX__SIZE_1	0x4
turing/tu102	dev_gsp.h	NV_PGSP_QUEUE_HEAD(0)	0x110c00
turing/tu102	dev_gsp.h	NV_PGSP_QUEUE_HEAD(1)	0x110c08
turing/tu102	dev_gsp.h	NV_PGSP_QUEUE_HEAD_ADDRESS	31:0
turing/tu102	dev_gsp.h	NV_PGSP_QUEUE_HEAD__SIZE_1	0x8
turing/tu102	dev_ram.h	NV_PRAMIN	0x7fffff:0x700000
turing/tu102	dev_riscv_pri.h	NV_PRISCV_RISCV_CORE_SWITCH_RISCV_STATUS	0x240
turing/tu102	dev_riscv_pri.h	NV_PRISCV_RISCV_CORE_SWITCH_RISCV_STATUS_ACTIVE_STAT	0:0
turing/tu102	dev_riscv_pri.h	NV_PRISCV_RISCV_CORE_SWITCH_RISCV_STATUS_ACTIVE_STAT_ACTIVE	0x1
turing/tu102	dev_riscv_pri.h	NV_PRISCV_RISCV_CPUCTL	0x268
turing/tu102	dev_riscv_pri.h	NV_PRISCV_RISCV_IRQDEST	0x2b8
turing/tu102	dev_riscv_pri.h	NV_PRISCV_RISCV_IRQMASK	0x2b4
turing/tu102	dev_sec_pri.h	NV_PSEC	0x843fff:0x840000
turing/tu102	dev_sec_pri.h	NV_PSEC_FALCON_ENGINE	0x8403c0
turing/tu102	dev_sec_pri.h	NV_PSEC_FALCON_ENGINE_RESET	0:0
turing/tu102	dev_sec_pri.h	NV_PSEC_FALCON_ENGINE_RESET_FALSE	0x0
turing/tu102	dev_sec_pri.h	NV_PSEC_FALCON_ENGINE_RESET_TRUE	0x1
turing/tu102	dev_sec_addendum.h	NV_PSEC_FBIF_BASE	0x840600
turing/tu102	dev_sec_pri.h	NV_PSEC_MAILBOX(0)	0x840804
turing/tu102	dev_sec_pri.h	NV_PSEC_MAILBOX(1)	0x840808
turing/tu102	dev_sec_pri.h	NV_PSEC_MAILBOX_DATA	31:0
turing/tu102	dev_sec_pri.h	NV_PSEC_MAILBOX_DATA_INIT	0x0
turing/tu102	dev_sec_pri.h	NV_PSEC_MAILBOX__SIZE_1	0x4
turing/tu102	dev_timer.h	NV_PTIMER_INTR_0	0x9100
turing/tu102	dev_timer.h	NV_PTIMER_INTR_EN_0	0x9140
turing/tu102	dev_timer.h	NV_PTIMER_VF_TIMER(0)	0x9800
turing/tu102	dev_timer.h	NV_PTIMER_VF_TIMER(1)	0x9804
turing/tu102	dev_timer.h	NV_PTIMER_VF_TIMER_NSEC	31:0
turing/tu102	dev_vm.h	NV_VIRTUAL_FUNCTION	0x3ffff:0x30000
turing/tu102	dev_vm.h	NV_VIRTUAL_FUNCTION_DOORBELL	0x30090
turing/tu102	dev_vm.h	NV_VIRTUAL_FUNCTION_ERR_CONT	0x30094
turing/tu102	dev_vm.h	NV_VIRTUAL_FUNCTION_FULL_PHYS_OFFSET	0xbbffff:0xb80000
turing/tu102	dev_vm.h	NV_VIRTUAL_FUNCTION_PRIV	0x2ffff:0
turing/tu102	dev_vm.h	NV_VIRTUAL_FUNCTION_PRIV_ACCESS_COUNTER_CONFIG	0x3100
turing/tu102	dev_vm.h	NV_VIRTUAL_FUNCTION_PRIV_ACCESS_COUNTER_CONFIG_MIMC_GRANULARITY	17:16
turing/tu102	dev_vm.h	NV_VIRTUAL_FUNCTION_PRIV_ACCESS_COUNTER_CONFIG_MIMC_GRANULARITY_16G	0x3
turing/tu102	dev_vm.h	NV_VIRTUAL_FUNCTION_PRIV_ACCESS_COUNTER_CONFIG_MIMC_GRANULARITY_16M	0x2
turing/tu102	dev_vm.h	NV_VIRTUAL_FUNCTION_PRIV_ACCESS_COUNTER_CONFIG_MIMC_GRANULARITY_2M	0x1
turing/tu102	dev_vm.h	NV_VIRTUAL_FUNCTION_PRIV_ACCESS_COUNTER_CONFIG_MIMC_GRANULARITY_64K	0x0
turing/tu102	dev_vm.h	NV_VIRTUAL_FUNCTION_PRIV_ACCESS_COUNTER_CONFIG_MIMC_GRANULARITY_INIT	0x0
turing/tu102	dev_vm.h	NV_VIRTUAL_FUNCTION_PRIV_ACCESS_COUNTER_CONFIG_MOMC_GRANULARITY	19:18
turing/tu102	dev_vm.h	NV_VIRTUAL_FUNCTION_PRIV_ACCESS_COUNTER_CONFIG_MOMC_GRANULARITY_16G	0x3
turing/tu102	dev_vm.h	NV_VIRTUAL_FUNCTION_PRIV_ACCESS_COUNTER_CONFIG_MOMC_GRANULARITY_16M	0x2
turing/tu102	dev_vm.h	NV_VIRTUAL_FUNCTION_PRIV_ACCESS_COUNTER_CONFIG_MOMC_GRANULARITY_2M	0x1
turing/tu102	dev_vm.h	NV_VIRTUAL_FUNCTION_PRIV_ACCESS_COUNTER_CONFIG_MOMC_GRANULARITY_64K	0x0
turing/tu102	dev_vm.h	NV_VIRTUAL_FUNCTION_PRIV_ACCESS_COUNTER_CONFIG_MOMC_GRANULARITY_INIT	0x0
turing/tu102	dev_vm.h	NV_VIRTUAL_FUNCTION_PRIV_ACCESS_COUNTER_CONFIG_THRESHOLD	15:0
turing/tu102	dev_vm.h	NV_VIRTUAL_FUNCTION_PRIV_ACCESS_COUNTER_CONFIG_THRESHOLD_INIT	0x80
turing/tu102	dev_vm.h	NV_VIRTUAL_FUNCTION_PRIV_ACCESS_COUNTER_NOTIFY_BUFFER_GET	0x3114
turing/tu102	dev_vm.h	NV_VIRTUAL_FUNCTION_PRIV_ACCESS_COUNTER_NOTIFY_BUFFER_HI	0x310c
turing/tu102	dev_vm.h	NV_VIRTUAL_FUNCTION_PRIV_ACCESS_COUNTER_NOTIFY_BUFFER_INFO	0x311c
turing/tu102	dev_vm.h	NV_VIRTUAL_FUNCTION_PRIV_ACCESS_COUNTER_NOTIFY_BUFFER_INFO_FULL	0:0
turing/tu102	dev_vm.h	NV_VIRTUAL_FUNCTION_PRIV_ACCESS_COUNTER_NOTIFY_BUFFER_INFO_FULL_FALSE	0x0
turing/tu102	dev_vm.h	NV_VIRTUAL_FUNCTION_PRIV_ACCESS_COUNTER_NOTIFY_BUFFER_INFO_FULL_TRUE	0x1
turing/tu102	dev_vm.h	NV_VIRTUAL_FUNCTION_PRIV_ACCESS_COUNTER_NOTIFY_BUFFER_INFO_PUSHED	1:1
turing/tu102	dev_vm.h	NV_VIRTUAL_FUNCTION_PRIV_ACCESS_COUNTER_NOTIFY_BUFFER_INFO_PUSHED_FALSE	0x0
turing/tu102	dev_vm.h	NV_VIRTUAL_FUNCTION_PRIV_ACCESS_COUNTER_NOTIFY_BUFFER_INFO_PUSHED_TRUE	0x1
turing/tu102	dev_vm.h	NV_VIRTUAL_FUNCTION_PRIV_ACCESS_COUNTER_NOTIFY_BUFFER_INFO_WRITE_NACK	24:24
turing/tu102	dev_vm.h	NV_VIRTUAL_FUNCTION_PRIV_ACCESS_COUNTER_NOTIFY_BUFFER_INFO_WRITE_NACK_FALSE	0x0
turing/tu102	dev_vm.h	NV_VIRTUAL_FUNCTION_PRIV_ACCESS_COUNTER_NOTIFY_BUFFER_INFO_WRITE_NACK_TRUE	0x1
turing/tu102	dev_vm.h	NV_VIRTUAL_FUNCTION_PRIV_ACCESS_COUNTER_NOTIFY_BUFFER_LO	0x3108
turing/tu102	dev_vm.h	NV_VIRTUAL_FUNCTION_PRIV_ACCESS_COUNTER_NOTIFY_BUFFER_LO_EN	0:0
turing/tu102	dev_vm.h	NV_VIRTUAL_FUNCTION_PRIV_ACCESS_COUNTER_NOTIFY_BUFFER_LO_EN_FALSE	0x0
turing/tu102	dev_vm.h	NV_VIRTUAL_FUNCTION_PRIV_ACCESS_COUNTER_NOTIFY_BUFFER_LO_EN_TRUE	0x1
turing/tu102	dev_vm.h	NV_VIRTUAL_FUNCTION_PRIV_ACCESS_COUNTER_NOTIFY_BUFFER_PUT	0x3118
turing/tu102	dev_vm.h	NV_VIRTUAL_FUNCTION_PRIV_ACCESS_COUNTER_NOTIFY_BUFFER_SIZE	0x3110
turing/tu102	dev_vm.h	NV_VIRTUAL_FUNCTION_PRIV_BAR1_BLOCK	0xf40
turing/tu102	dev_vm.h	NV_VIRTUAL_FUNCTION_PRIV_BAR1_BLOCK_MAP	29:0
turing/tu102	dev_vm.h	NV_VIRTUAL_FUNCTION_PRIV_BAR1_BLOCK_MODE	31:31
turing/tu102	dev_vm.h	NV_VIRTUAL_FUNCTION_PRIV_BAR1_BLOCK_MODE_PHYSICAL	0x0
turing/tu102	dev_vm.h	NV_VIRTUAL_FUNCTION_PRIV_BAR1_BLOCK_MODE_VIRTUAL	0x1
turing/tu102	dev_vm.h	NV_VIRTUAL_FUNCTION_PRIV_BAR1_BLOCK_PTR	27:0
turing/tu102	dev_vm.h	NV_VIRTUAL_FUNCTION_PRIV_BAR1_BLOCK_PTR_0	0x0
turing/tu102	dev_vm.h	NV_VIRTUAL_FUNCTION_PRIV_BAR1_BLOCK_TARGET	29:28
turing/tu102	dev_vm.h	NV_VIRTUAL_FUNCTION_PRIV_BAR1_BLOCK_TARGET_SYS_MEM_COHERENT	0x2
turing/tu102	dev_vm.h	NV_VIRTUAL_FUNCTION_PRIV_BAR1_BLOCK_TARGET_SYS_MEM_NONCOHERENT	0x3
turing/tu102	dev_vm.h	NV_VIRTUAL_FUNCTION_PRIV_BAR1_BLOCK_TARGET_VID_MEM	0x0
turing/tu102	dev_vm.h	NV_VIRTUAL_FUNCTION_PRIV_BAR2_BLOCK	0xf48
turing/tu102	dev_vm.h	NV_VIRTUAL_FUNCTION_PRIV_BAR2_BLOCK_DEBUG_CYA	30:30
turing/tu102	dev_vm.h	NV_VIRTUAL_FUNCTION_PRIV_BAR2_BLOCK_DEBUG_CYA_INIT	0x1
turing/tu102	dev_vm.h	NV_VIRTUAL_FUNCTION_PRIV_BAR2_BLOCK_DEBUG_CYA_OFF	0x1
turing/tu102	dev_vm.h	NV_VIRTUAL_FUNCTION_PRIV_BAR2_BLOCK_DEBUG_CYA_ON	0x0
turing/tu102	dev_vm.h	NV_VIRTUAL_FUNCTION_PRIV_BAR2_BLOCK_MAP	29:0
turing/tu102	dev_vm.h	NV_VIRTUAL_FUNCTION_PRIV_BAR2_BLOCK_MODE	31:31
turing/tu102	dev_vm.h	NV_VIRTUAL_FUNCTION_PRIV_BAR2_BLOCK_MODE_PHYSICAL	0x0
turing/tu102	dev_vm.h	NV_VIRTUAL_FUNCTION_PRIV_BAR2_BLOCK_MODE_VIRTUAL	0x1
turing/tu102	dev_vm.h	NV_VIRTUAL_FUNCTION_PRIV_BAR2_BLOCK_PTR	27:0
turing/tu102	dev_vm.h	NV_VIRTUAL_FUNCTION_PRIV_BAR2_BLOCK_PTR_0	0x0
turing/tu102	dev_vm.h	NV_VIRTUAL_FUNCTION_PRIV_BAR2_BLOCK_TARGET	29:28
turing/tu102	dev_vm.h	NV_VIRTUAL_FUNCTION_PRIV_BAR2_BLOCK_TARGET_SYS_MEM_COHERENT	0x2
turing/tu102	dev_vm.h	NV_VIRTUAL_FUNCTION_PRIV_BAR2_BLOCK_TARGET_SYS_MEM_NONCOHERENT	0x3
turing/tu102	dev_vm.h	NV_VIRTUAL_FUNCTION_PRIV_BAR2_BLOCK_TARGET_VID_MEM	0x0
turing/tu102	dev_vm.h	NV_VIRTUAL_FUNCTION_PRIV_BIND_STATUS	0xf50
turing/tu102	dev_vm.h	NV_VIRTUAL_FUNCTION_PRIV_BIND_STATUS_BAR1_OUTSTANDING	1:1
turing/tu102	dev_vm.h	NV_VIRTUAL_FUNCTION_PRIV_BIND_STATUS_BAR1_OUTSTANDING_FALSE	0x0
turing/tu102	dev_vm.h	NV_VIRTUAL_FUNCTION_PRIV_BIND_STATUS_BAR1_OUTSTANDING_TRUE	0x1
turing/tu102	dev_vm.h	NV_VIRTUAL_FUNCTION_PRIV_BIND_STATUS_BAR1_PENDING	0:0
turing/tu102	dev_vm.h	NV_VIRTUAL_FUNCTION_PRIV_BIND_STATUS_BAR1_PENDING_BUSY	0x1
turing/tu102	dev_vm.h	NV_VIRTUAL_FUNCTION_PRIV_BIND_STATUS_BAR1_PENDING_EMPTY	0x0
turing/tu102	dev_vm.h	NV_VIRTUAL_FUNCTION_PRIV_BIND_STATUS_BAR2_OUTSTANDING	3:3
turing/tu102	dev_vm.h	NV_VIRTUAL_FUNCTION_PRIV_BIND_STATUS_BAR2_OUTSTANDING_FALSE	0x0
turing/tu102	dev_vm.h	NV_VIRTUAL_FUNCTION_PRIV_BIND_STATUS_BAR2_OUTSTANDING_TRUE	0x1
turing/tu102	dev_vm.h	NV_VIRTUAL_FUNCTION_PRIV_BIND_STATUS_BAR2_PENDING	2:2
turing/tu102	dev_vm.h	NV_VIRTUAL_FUNCTION_PRIV_BIND_STATUS_BAR2_PENDING_BUSY	0x1
turing/tu102	dev_vm.h	NV_VIRTUAL_FUNCTION_PRIV_BIND_STATUS_BAR2_PENDING_EMPTY	0x0
turing/tu102	dev_vm.h	NV_VIRTUAL_FUNCTION_PRIV_CPU_INTR_LEAF(0)	0x1000
turing/tu102	dev_vm.h	NV_VIRTUAL_FUNCTION_PRIV_CPU_INTR_LEAF(1)	0x1004
turing/tu102	dev_vm.h	NV_VIRTUAL_FUNCTION_PRIV_CPU_INTR_LEAF_EN_CLEAR(0)	0x1400
turing/tu102	dev_vm.h	NV_VIRTUAL_FUNCTION_PRIV_CPU_INTR_LEAF_EN_CLEAR(1)	0x1404
turing/tu102	dev_vm.h	NV_VIRTUAL_FUNCTION_PRIV_CPU_INTR_LEAF_EN_CLEAR_VALUE	31:0
turing/tu102	dev_vm.h	NV_VIRTUAL_FUNCTION_PRIV_CPU_INTR_LEAF_EN_CLEAR_VALUE_INIT	0x0
turing/tu102	dev_vm.h	NV_VIRTUAL_FUNCTION_PRIV_CPU_INTR_LEAF_EN_CLEAR__SIZE_1	0x8
turing/tu102	dev_vm.h	NV_VIRTUAL_FUNCTION_PRIV_CPU_INTR_LEAF_EN_SET(0)	0x1200
turing/tu102	dev_vm.h	NV_VIRTUAL_FUNCTION_PRIV_CPU_INTR_LEAF_EN_SET(1)	0x1204
turing/tu102	dev_vm.h	NV_VIRTUAL_FUNCTION_PRIV_CPU_INTR_LEAF_EN_SET_VALUE	31:0
turing/tu102	dev_vm.h	NV_VIRTUAL_FUNCTION_PRIV_CPU_INTR_LEAF_EN_SET_VALUE_INIT	0x0
turing/tu102	dev_vm.h	NV_VIRTUAL_FUNCTION_PRIV_CPU_INTR_LEAF_EN_SET__SIZE_1	0x8
turing/tu102	dev_vm.h	NV_VIRTUAL_FUNCTION_PRIV_CPU_INTR_LEAF_TRIGGER	0x1640
turing/tu102	dev_vm.h	NV_VIRTUAL_FUNCTION_PRIV_CPU_INTR_LEAF_TRIGGER_VECTOR	11:0
turing/tu102	dev_vm.h	NV_VIRTUAL_FUNCTION_PRIV_CPU_INTR_LEAF_VALUE	31:0
turing/tu102	dev_vm.h	NV_VIRTUAL_FUNCTION_PRIV_CPU_INTR_LEAF_VALUE_INIT	0x0
turing/tu102	dev_vm.h	NV_VIRTUAL_FUNCTION_PRIV_CPU_INTR_LEAF__SIZE_1	0x8
turing/tu102	dev_vm.h	NV_VIRTUAL_FUNCTION_PRIV_CPU_INTR_TOP(0)	0x1600
turing/tu102	dev_vm.h	NV_VIRTUAL_FUNCTION_PRIV_CPU_INTR_TOP(1)	0x1604
turing/tu102	dev_vm.h	NV_VIRTUAL_FUNCTION_PRIV_CPU_INTR_TOP_EN_CLEAR(0)	0x1610
turing/tu102	dev_vm.h	NV_VIRTUAL_FUNCTION_PRIV_CPU_INTR_TOP_EN_CLEAR(1)	0x1614
turing/tu102	dev_vm.h	NV_VIRTUAL_FUNCTION_PRIV_CPU_INTR_TOP_EN_CLEAR_SUBTREE(0)	0x0
turing/tu102	dev_vm.h	NV_VIRTUAL_FUNCTION_PRIV_CPU_INTR_TOP_EN_CLEAR_SUBTREE(1)	0x1
turing/tu102	dev_vm.h	NV_VIRTUAL_FUNCTION_PRIV_CPU_INTR_TOP_EN_CLEAR_SUBTREE_DISABLE	0x1
turing/tu102	dev_vm.h	NV_VIRTUAL_FUNCTION_PRIV_CPU_INTR_TOP_EN_CLEAR_SUBTREE_DISABLED	0x0
turing/tu102	dev_vm.h	NV_VIRTUAL_FUNCTION_PRIV_CPU_INTR_TOP_EN_CLEAR_SUBTREE_ENABLED	0x1
turing/tu102	dev_vm.h	NV_VIRTUAL_FUNCTION_PRIV_CPU_INTR_TOP_EN_CLEAR_SUBTREE__SIZE_1	0x40
turing/tu102	dev_vm.h	NV_VIRTUAL_FUNCTION_PRIV_CPU_INTR_TOP_EN_CLEAR_VALUE	31:0
turing/tu102	dev_vm.h	NV_VIRTUAL_FUNCTION_PRIV_CPU_INTR_TOP_EN_CLEAR__SIZE_1	0x1
turing/tu102	dev_vm.h	NV_VIRTUAL_FUNCTION_PRIV_CPU_INTR_TOP_EN_SET(0)	0x1608
turing/tu102	dev_vm.h	NV_VIRTUAL_FUNCTION_PRIV_CPU_INTR_TOP_EN_SET(1)	0x160c
turing/tu102	dev_vm.h	NV_VIRTUAL_FUNCTION_PRIV_CPU_INTR_TOP_EN_SET_SUBTREE(0)	0x0
turing/tu102	dev_vm.h	NV_VIRTUAL_FUNCTION_PRIV_CPU_INTR_TOP_EN_SET_SUBTREE(1)	0x1
turing/tu102	dev_vm.h	NV_VIRTUAL_FUNCTION_PRIV_CPU_INTR_TOP_EN_SET_SUBTREE_DISABLED	0x0
turing/tu102	dev_vm.h	NV_VIRTUAL_FUNCTION_PRIV_CPU_INTR_TOP_EN_SET_SUBTREE_ENABLE	0x1
turing/tu102	dev_vm.h	NV_VIRTUAL_FUNCTION_PRIV_CPU_INTR_TOP_EN_SET_SUBTREE_ENABLED	0x1
turing/tu102	dev_vm.h	NV_VIRTUAL_FUNCTION_PRIV_CPU_INTR_TOP_EN_SET_SUBTREE__SIZE_1	0x40
turing/tu102	dev_vm.h	NV_VIRTUAL_FUNCTION_PRIV_CPU_INTR_TOP_EN_SET_VALUE	31:0
turing/tu102	dev_vm.h	NV_VIRTUAL_FUNCTION_PRIV_CPU_INTR_TOP_EN_SET__SIZE_1	0x1
turing/tu102	dev_vm.h	NV_VIRTUAL_FUNCTION_PRIV_CPU_INTR_TOP_SUBTREE(0)	0x0
turing/tu102	dev_vm.h	NV_VIRTUAL_FUNCTION_PRIV_CPU_INTR_TOP_SUBTREE(1)	0x1
turing/tu102	dev_vm.h	NV_VIRTUAL_FUNCTION_PRIV_CPU_INTR_TOP_SUBTREE_INTR_NOT_PENDING	0x0
turing/tu102	dev_vm.h	NV_VIRTUAL_FUNCTION_PRIV_CPU_INTR_TOP_SUBTREE_INTR_PENDING	0x1
turing/tu102	dev_vm.h	NV_VIRTUAL_FUNCTION_PRIV_CPU_INTR_TOP_SUBTREE__SIZE_1	0x40
turing/tu102	dev_vm.h	NV_VIRTUAL_FUNCTION_PRIV_CPU_INTR_TOP_VALUE	31:0
turing/tu102	dev_vm.h	NV_VIRTUAL_FUNCTION_PRIV_CPU_INTR_TOP__SIZE_1	0x1
turing/tu102	dev_vm.h	NV_VIRTUAL_FUNCTION_PRIV_DOORBELL	0x2200
turing/tu102	dev_vm.h	NV_VIRTUAL_FUNCTION_PRIV_L2_PEERMEM_INVALIDATE	0xf04
turing/tu102	dev_vm.h	NV_VIRTUAL_FUNCTION_PRIV_L2_SYSMEM_INVALIDATE	0xf00
turing/tu102	dev_vm.h	NV_VIRTUAL_FUNCTION_PRIV_MMU_FAULT_ADDR_HI	0x3084
turing/tu102	dev_vm.h	NV_VIRTUAL_FUNCTION_PRIV_MMU_FAULT_ADDR_LO	0x3080
turing/tu102	dev_vm.h	NV_VIRTUAL_FUNCTION_PRIV_MMU_FAULT_BUFFER_GET(0)	0x3008
turing/tu102	dev_vm.h	NV_VIRTUAL_FUNCTION_PRIV_MMU_FAULT_BUFFER_GET(1)	0x3028
turing/tu102	dev_vm.h	NV_VIRTUAL_FUNCTION_PRIV_MMU_FAULT_BUFFER_GET_GETPTR_CORRUPTED	30:30
turing/tu102	dev_vm.h	NV_VIRTUAL_FUNCTION_PRIV_MMU_FAULT_BUFFER_GET_GETPTR_CORRUPTED_CLEAR	0x1
turing/tu102	dev_vm.h	NV_VIRTUAL_FUNCTION_PRIV_MMU_FAULT_BUFFER_GET_GETPTR_CORRUPTED_NO	0x0
turing/tu102	dev_vm.h	NV_VIRTUAL_FUNCTION_PRIV_MMU_FAULT_BUFFER_GET_GETPTR_CORRUPTED_YES	0x1
turing/tu102	dev_vm.h	NV_VIRTUAL_FUNCTION_PRIV_MMU_FAULT_BUFFER_GET_OVERFLOW	31:31
turing/tu102	dev_vm.h	NV_VIRTUAL_FUNCTION_PRIV_MMU_FAULT_BUFFER_GET_OVERFLOW_CLEAR	0x1
turing/tu102	dev_vm.h	NV_VIRTUAL_FUNCTION_PRIV_MMU_FAULT_BUFFER_GET_OVERFLOW_NO	0x0
turing/tu102	dev_vm.h	NV_VIRTUAL_FUNCTION_PRIV_MMU_FAULT_BUFFER_GET_OVERFLOW_YES	0x1
turing/tu102	dev_vm.h	NV_VIRTUAL_FUNCTION_PRIV_MMU_FAULT_BUFFER_GET_PTR	19:0
turing/tu102	dev_vm.h	NV_VIRTUAL_FUNCTION_PRIV_MMU_FAULT_BUFFER_GET_PTR_RESET	0x0
turing/tu102	dev_vm.h	NV_VIRTUAL_FUNCTION_PRIV_MMU_FAULT_BUFFER_GET__SIZE_1	0x2
turing/tu102	dev_vm.h	NV_VIRTUAL_FUNCTION_PRIV_MMU_FAULT_BUFFER_HI(0)	0x3004
turing/tu102	dev_vm.h	NV_VIRTUAL_FUNCTION_PRIV_MMU_FAULT_BUFFER_HI(1)	0x3024
turing/tu102	dev_vm.h	NV_VIRTUAL_FUNCTION_PRIV_MMU_FAULT_BUFFER_HI__SIZE_1	0x2
turing/tu102	dev_vm.h	NV_VIRTUAL_FUNCTION_PRIV_MMU_FAULT_BUFFER_LO(0)	0x3000
turing/tu102	dev_vm.h	NV_VIRTUAL_FUNCTION_PRIV_MMU_FAULT_BUFFER_LO(1)	0x3020
turing/tu102	dev_vm.h	NV_VIRTUAL_FUNCTION_PRIV_MMU_FAULT_BUFFER_LO__SIZE_1	0x2
turing/tu102	dev_vm.h	NV_VIRTUAL_FUNCTION_PRIV_MMU_FAULT_BUFFER_PUT(0)	0x300c
turing/tu102	dev_vm.h	NV_VIRTUAL_FUNCTION_PRIV_MMU_FAULT_BUFFER_PUT(1)	0x302c
turing/tu102	dev_vm.h	NV_VIRTUAL_FUNCTION_PRIV_MMU_FAULT_BUFFER_PUT_GETPTR_CORRUPTED	30:30
turing/tu102	dev_vm.h	NV_VIRTUAL_FUNCTION_PRIV_MMU_FAULT_BUFFER_PUT_GETPTR_CORRUPTED_NO	0x0
turing/tu102	dev_vm.h	NV_VIRTUAL_FUNCTION_PRIV_MMU_FAULT_BUFFER_PUT_GETPTR_CORRUPTED_YES	0x1
turing/tu102	dev_vm.h	NV_VIRTUAL_FUNCTION_PRIV_MMU_FAULT_BUFFER_PUT_OVERFLOW	31:31
turing/tu102	dev_vm.h	NV_VIRTUAL_FUNCTION_PRIV_MMU_FAULT_BUFFER_PUT_OVERFLOW_NO	0x0
turing/tu102	dev_vm.h	NV_VIRTUAL_FUNCTION_PRIV_MMU_FAULT_BUFFER_PUT_OVERFLOW_YES	0x1
turing/tu102	dev_vm.h	NV_VIRTUAL_FUNCTION_PRIV_MMU_FAULT_BUFFER_PUT_PTR	19:0
turing/tu102	dev_vm.h	NV_VIRTUAL_FUNCTION_PRIV_MMU_FAULT_BUFFER_PUT_PTR_RESET	0x0
turing/tu102	dev_vm.h	NV_VIRTUAL_FUNCTION_PRIV_MMU_FAULT_BUFFER_PUT__SIZE_1	0x2
turing/tu102	dev_vm.h	NV_VIRTUAL_FUNCTION_PRIV_MMU_FAULT_BUFFER_SIZE(0)	0x3010
turing/tu102	dev_vm.h	NV_VIRTUAL_FUNCTION_PRIV_MMU_FAULT_BUFFER_SIZE(1)	0x3030
turing/tu102	dev_vm.h	NV_VIRTUAL_FUNCTION_PRIV_MMU_FAULT_BUFFER_SIZE_ENABLE	31:31
turing/tu102	dev_vm.h	NV_VIRTUAL_FUNCTION_PRIV_MMU_FAULT_BUFFER_SIZE_ENABLE_FALSE	0x0
turing/tu102	dev_vm.h	NV_VIRTUAL_FUNCTION_PRIV_MMU_FAULT_BUFFER_SIZE_ENABLE_TRUE	0x1
turing/tu102	dev_vm.h	NV_VIRTUAL_FUNCTION_PRIV_MMU_FAULT_BUFFER_SIZE_OVERFLOW_INTR	29:29
turing/tu102	dev_vm.h	NV_VIRTUAL_FUNCTION_PRIV_MMU_FAULT_BUFFER_SIZE_OVERFLOW_INTR_DISABLE	0x0
turing/tu102	dev_vm.h	NV_VIRTUAL_FUNCTION_PRIV_MMU_FAULT_BUFFER_SIZE_OVERFLOW_INTR_ENABLE	0x1
turing/tu102	dev_vm.h	NV_VIRTUAL_FUNCTION_PRIV_MMU_FAULT_BUFFER_SIZE_SET_DEFAULT	30:30
turing/tu102	dev_vm.h	NV_VIRTUAL_FUNCTION_PRIV_MMU_FAULT_BUFFER_SIZE_SET_DEFAULT_NO	0x0
turing/tu102	dev_vm.h	NV_VIRTUAL_FUNCTION_PRIV_MMU_FAULT_BUFFER_SIZE_SET_DEFAULT_YES	0x1
turing/tu102	dev_vm.h	NV_VIRTUAL_FUNCTION_PRIV_MMU_FAULT_BUFFER_SIZE_VAL	19:0
turing/tu102	dev_vm.h	NV_VIRTUAL_FUNCTION_PRIV_MMU_FAULT_BUFFER_SIZE_VAL_RESET	0x0
turing/tu102	dev_vm.h	NV_VIRTUAL_FUNCTION_PRIV_MMU_FAULT_BUFFER_SIZE__SIZE_1	0x2
turing/tu102	dev_vm.h	NV_VIRTUAL_FUNCTION_PRIV_MMU_FAULT_INFO	0x3090
turing/tu102	dev_vm.h	NV_VIRTUAL_FUNCTION_PRIV_MMU_FAULT_INST_HI	0x308c
turing/tu102	dev_vm.h	NV_VIRTUAL_FUNCTION_PRIV_MMU_FAULT_INST_LO	0x3088
turing/tu102	dev_vm.h	NV_VIRTUAL_FUNCTION_PRIV_MMU_FAULT_STATUS	0x3094
turing/tu102	dev_vm.h	NV_VIRTUAL_FUNCTION_PRIV_MMU_INVALIDATE	0x30b0
turing/tu102	dev_vm.h	NV_VIRTUAL_FUNCTION_PRIV_MMU_INVALIDATE_ACK	8:7
turing/tu102	dev_vm.h	NV_VIRTUAL_FUNCTION_PRIV_MMU_INVALIDATE_ACK_GLOBALLY	0x1
turing/tu102	dev_vm.h	NV_VIRTUAL_FUNCTION_PRIV_MMU_INVALIDATE_ACK_INTRANODE	0x2
turing/tu102	dev_vm.h	NV_VIRTUAL_FUNCTION_PRIV_MMU_INVALIDATE_ACK_NONE_REQUIRED	0x0
turing/tu102	dev_vm.h	NV_VIRTUAL_FUNCTION_PRIV_MMU_INVALIDATE_ALL_PDB	1:1
turing/tu102	dev_vm.h	NV_VIRTUAL_FUNCTION_PRIV_MMU_INVALIDATE_ALL_PDB_FALSE	0x0
turing/tu102	dev_vm.h	NV_VIRTUAL_FUNCTION_PRIV_MMU_INVALIDATE_ALL_PDB_TRUE	0x1
turing/tu102	dev_vm.h	NV_VIRTUAL_FUNCTION_PRIV_MMU_INVALIDATE_ALL_VA	0:0
turing/tu102	dev_vm.h	NV_VIRTUAL_FUNCTION_PRIV_MMU_INVALIDATE_ALL_VA_FALSE	0x0
turing/tu102	dev_vm.h	NV_VIRTUAL_FUNCTION_PRIV_MMU_INVALIDATE_ALL_VA_TRUE	0x1
turing/tu102	dev_vm.h	NV_VIRTUAL_FUNCTION_PRIV_MMU_INVALIDATE_CACHE_LEVEL	26:24
turing/tu102	dev_vm.h	NV_VIRTUAL_FUNCTION_PRIV_MMU_INVALIDATE_CACHE_LEVEL_ALL	0x0
turing/tu102	dev_vm.h	NV_VIRTUAL_FUNCTION_PRIV_MMU_INVALIDATE_CACHE_LEVEL_CANCEL_ALL	0x7
turing/tu102	dev_vm.h	NV_VIRTUAL_FUNCTION_PRIV_MMU_INVALIDATE_CACHE_LEVEL_CANCEL_ATOMIC_ALL	0x5
turing/tu102	dev_vm.h	NV_VIRTUAL_FUNCTION_PRIV_MMU_INVALIDATE_CACHE_LEVEL_CANCEL_ATOMIC_STRONG	0x2
turing/tu102	dev_vm.h	NV_VIRTUAL_FUNCTION_PRIV_MMU_INVALIDATE_CACHE_LEVEL_CANCEL_ATOMIC_WEAK	0x4
turing/tu102	dev_vm.h	NV_VIRTUAL_FUNCTION_PRIV_MMU_INVALIDATE_CACHE_LEVEL_CANCEL_READ	0x0
turing/tu102	dev_vm.h	NV_VIRTUAL_FUNCTION_PRIV_MMU_INVALIDATE_CACHE_LEVEL_CANCEL_RSVRVD	0x3
turing/tu102	dev_vm.h	NV_VIRTUAL_FUNCTION_PRIV_MMU_INVALIDATE_CACHE_LEVEL_CANCEL_WRITE	0x1
turing/tu102	dev_vm.h	NV_VIRTUAL_FUNCTION_PRIV_MMU_INVALIDATE_CACHE_LEVEL_CANCEL_WRITE_AND_ATOMIC	0x6
turing/tu102	dev_vm.h	NV_VIRTUAL_FUNCTION_PRIV_MMU_INVALIDATE_CACHE_LEVEL_PTE_ONLY	0x1
turing/tu102	dev_vm.h	NV_VIRTUAL_FUNCTION_PRIV_MMU_INVALIDATE_CACHE_LEVEL_UP_TO_PDE0	0x2
turing/tu102	dev_vm.h	NV_VIRTUAL_FUNCTION_PRIV_MMU_INVALIDATE_CACHE_LEVEL_UP_TO_PDE1	0x3
turing/tu102	dev_vm.h	NV_VIRTUAL_FUNCTION_PRIV_MMU_INVALIDATE_CACHE_LEVEL_UP_TO_PDE2	0x4
turing/tu102	dev_vm.h	NV_VIRTUAL_FUNCTION_PRIV_MMU_INVALIDATE_CACHE_LEVEL_UP_TO_PDE3	0x5
turing/tu102	dev_vm.h	NV_VIRTUAL_FUNCTION_PRIV_MMU_INVALIDATE_CACHE_LEVEL_UP_TO_PDE4	0x6
turing/tu102	dev_vm.h	NV_VIRTUAL_FUNCTION_PRIV_MMU_INVALIDATE_CACHE_LEVEL_UP_TO_PDE5	0x7
turing/tu102	dev_vm.h	NV_VIRTUAL_FUNCTION_PRIV_MMU_INVALIDATE_CANCEL_CLIENT_ID	14:9
turing/tu102	dev_vm.h	NV_VIRTUAL_FUNCTION_PRIV_MMU_INVALIDATE_CANCEL_CLIENT_TYPE	20:20
turing/tu102	dev_vm.h	NV_VIRTUAL_FUNCTION_PRIV_MMU_INVALIDATE_CANCEL_CLIENT_TYPE_GPC	0x0
turing/tu102	dev_vm.h	NV_VIRTUAL_FUNCTION_PRIV_MMU_INVALIDATE_CANCEL_CLIENT_TYPE_HUB	0x1
turing/tu102	dev_vm.h	NV_VIRTUAL_FUNCTION_PRIV_MMU_INVALIDATE_CANCEL_GPC_ID	19:15
turing/tu102	dev_vm.h	NV_VIRTUAL_FUNCTION_PRIV_MMU_INVALIDATE_HUBTLB_ONLY	2:2
turing/tu102	dev_vm.h	NV_VIRTUAL_FUNCTION_PRIV_MMU_INVALIDATE_HUBTLB_ONLY_FALSE	0x0
turing/tu102	dev_vm.h	NV_VIRTUAL_FUNCTION_PRIV_MMU_INVALIDATE_HUBTLB_ONLY_TRUE	0x1
turing/tu102	dev_vm.h	NV_VIRTUAL_FUNCTION_PRIV_MMU_INVALIDATE_PDB	0x30a0
turing/tu102	dev_vm.h	NV_VIRTUAL_FUNCTION_PRIV_MMU_INVALIDATE_PDB_ADDR	31:4
turing/tu102	dev_vm.h	NV_VIRTUAL_FUNCTION_PRIV_MMU_INVALIDATE_PDB_ADDR_ALIGNMENT	0xc
turing/tu102	dev_vm.h	NV_VIRTUAL_FUNCTION_PRIV_MMU_INVALIDATE_PDB_ADDR_INIT	0x0
turing/tu102	dev_vm.h	NV_VIRTUAL_FUNCTION_PRIV_MMU_INVALIDATE_PDB_APERTURE	1:1
turing/tu102	dev_vm.h	NV_VIRTUAL_FUNCTION_PRIV_MMU_INVALIDATE_PDB_APERTURE_INIT	0x0
turing/tu102	dev_vm.h	NV_VIRTUAL_FUNCTION_PRIV_MMU_INVALIDATE_PDB_APERTURE_SYS_MEM	0x1
turing/tu102	dev_vm.h	NV_VIRTUAL_FUNCTION_PRIV_MMU_INVALIDATE_PDB_APERTURE_VID_MEM	0x0
turing/tu102	dev_vm.h	NV_VIRTUAL_FUNCTION_PRIV_MMU_INVALIDATE_PROP_FLUSH	23:23
turing/tu102	dev_vm.h	NV_VIRTUAL_FUNCTION_PRIV_MMU_INVALIDATE_PROP_FLUSH_FALSE	0x0
turing/tu102	dev_vm.h	NV_VIRTUAL_FUNCTION_PRIV_MMU_INVALIDATE_PROP_FLUSH_TRUE	0x1
turing/tu102	dev_vm.h	NV_VIRTUAL_FUNCTION_PRIV_MMU_INVALIDATE_REPLAY	5:3
turing/tu102	dev_vm.h	NV_VIRTUAL_FUNCTION_PRIV_MMU_INVALIDATE_REPLAY_CANCEL_GLOBAL	0x4
turing/tu102	dev_vm.h	NV_VIRTUAL_FUNCTION_PRIV_MMU_INVALIDATE_REPLAY_CANCEL_TARGETED	0x3
turing/tu102	dev_vm.h	NV_VIRTUAL_FUNCTION_PRIV_MMU_INVALIDATE_REPLAY_CANCEL_VA_GLOBAL	0x5
turing/tu102	dev_vm.h	NV_VIRTUAL_FUNCTION_PRIV_MMU_INVALIDATE_REPLAY_NONE	0x0
turing/tu102	dev_vm.h	NV_VIRTUAL_FUNCTION_PRIV_MMU_INVALIDATE_REPLAY_START	0x1
turing/tu102	dev_vm.h	NV_VIRTUAL_FUNCTION_PRIV_MMU_INVALIDATE_REPLAY_START_ACK_ALL	0x2
turing/tu102	dev_vm.h	NV_VIRTUAL_FUNCTION_PRIV_MMU_INVALIDATE_SYS_MEMBAR	6:6
turing/tu102	dev_vm.h	NV_VIRTUAL_FUNCTION_PRIV_MMU_INVALIDATE_SYS_MEMBAR_FALSE	0x0
turing/tu102	dev_vm.h	NV_VIRTUAL_FUNCTION_PRIV_MMU_INVALIDATE_SYS_MEMBAR_TRUE	0x1
turing/tu102	dev_vm.h	NV_VIRTUAL_FUNCTION_PRIV_MMU_INVALIDATE_TRIGGER	31:31
turing/tu102	dev_vm.h	NV_VIRTUAL_FUNCTION_PRIV_MMU_INVALIDATE_TRIGGER_FALSE	0x0
turing/tu102	dev_vm.h	NV_VIRTUAL_FUNCTION_PRIV_MMU_INVALIDATE_TRIGGER_TRUE	0x1
turing/tu102	dev_vm.h	NV_VIRTUAL_FUNCTION_PRIV_MMU_INVALIDATE_UPPER_PDB	0x30a4
turing/tu102	dev_vm.h	NV_VIRTUAL_FUNCTION_PRIV_MMU_INVALIDATE_UPPER_PDB_ADDR	19:0
turing/tu102	dev_vm.h	NV_VIRTUAL_FUNCTION_PRIV_MMU_INVALIDATE_UPPER_PDB_ADDR_INIT	0x0
turing/tu102	dev_vm.h	NV_VIRTUAL_FUNCTION_PRIV_MMU_INVALIDATE_USE_PASID	21:21
turing/tu102	dev_vm.h	NV_VIRTUAL_FUNCTION_PRIV_MMU_INVALIDATE_USE_PASID_FALSE	0x0
turing/tu102	dev_vm.h	NV_VIRTUAL_FUNCTION_PRIV_MMU_INVALIDATE_USE_PASID_TRUE	0x1
turing/tu102	dev_vm.h	NV_VIRTUAL_FUNCTION_PRIV_MMU_INVALIDATE_USE_SIZE	22:22
turing/tu102	dev_vm.h	NV_VIRTUAL_FUNCTION_PRIV_MMU_INVALIDATE_USE_SIZE_FALSE	0x0
turing/tu102	dev_vm.h	NV_VIRTUAL_FUNCTION_PRIV_MMU_INVALIDATE_USE_SIZE_TRUE	0x1
turing/tu102	dev_vm.h	NV_VIRTUAL_FUNCTION_PRIV_MMU_NON_REPLAY_FAULT_BUFFER	0x0
turing/tu102	dev_vm.h	NV_VIRTUAL_FUNCTION_PRIV_MMU_PAGE_FAULT_CTRL	0x3070
turing/tu102	dev_vm.h	NV_VIRTUAL_FUNCTION_PRIV_MMU_REPLAY_FAULT_BUFFER	0x1
turing/tu102	dev_vm.h	NV_VIRTUAL_FUNCTION_PRIV_MSIX_TABLE_ADDR_LO(0)	0x10000
turing/tu102	dev_vm.h	NV_VIRTUAL_FUNCTION_PRIV_MSIX_TABLE_ADDR_LO(1)	0x10010
turing/tu102	dev_vm.h	NV_VIRTUAL_FUNCTION_PRIV_MSIX_TABLE_ADDR_LO__SIZE_1	0x6
turing/tu102	dev_vm.h	NV_VIRTUAL_FUNCTION_PRIV_MSIX_TABLE_VECTOR_CONTROL(0)	0x1000c
turing/tu102	dev_vm.h	NV_VIRTUAL_FUNCTION_PRIV_MSIX_TABLE_VECTOR_CONTROL(1)	0x1001c
turing/tu102	dev_vm.h	NV_VIRTUAL_FUNCTION_PRIV_MSIX_TABLE_VECTOR_CONTROL_MASK_BIT	0:0
turing/tu102	dev_vm.h	NV_VIRTUAL_FUNCTION_PRIV_MSIX_TABLE_VECTOR_CONTROL_MASK_BIT_MASKED	0x1
turing/tu102	dev_vm.h	NV_VIRTUAL_FUNCTION_PRIV_MSIX_TABLE_VECTOR_CONTROL_MASK_BIT_UNMASKED	0x0
turing/tu102	dev_vm.h	NV_VIRTUAL_FUNCTION_PRIV_MSIX_TABLE_VECTOR_CONTROL__SIZE_1	0x6
turing/tu102	dev_vm.h	NV_VIRTUAL_FUNCTION_PRIV_TIMER	0x2300
turing/tu102	dev_vm.h	NV_VIRTUAL_FUNCTION_PRIV_TIMER_NSEC	31:0
turing/tu102	dev_vm.h	NV_VIRTUAL_FUNCTION_PRIV_TIMER_USEC	31:10
turing/tu102	dev_vm.h	NV_VIRTUAL_FUNCTION_PRIV_TIMER_USEC_INIT	0x0
turing/tu102	dev_vm.h	NV_VIRTUAL_FUNCTION_TIME_0	0x30080
turing/tu102	dev_vm.h	NV_VIRTUAL_FUNCTION_TIME_0_NSEC	31:5
turing/tu102	dev_vm.h	NV_VIRTUAL_FUNCTION_TIME_1	0x30084
turing/tu102	dev_vm.h	NV_VIRTUAL_FUNCTION_TIME_1_NSEC	28:0
uvm/ampere/ga100	dev_runlist.h	NV_CHRAM_CHANNEL(0)	0x0
uvm/ampere/ga100	dev_runlist.h	NV_CHRAM_CHANNEL(1)	0x4
uvm/ampere/ga100	dev_runlist.h	NV_CHRAM_CHANNEL__SIZE_1	0x800
uvm/ampere/ga100	dev_fault.h	NV_PFAULT_ACCESS_TYPE_ATOMIC	0x2
uvm/ampere/ga100	dev_fault.h	NV_PFAULT_ACCESS_TYPE_PHYS_ATOMIC	0xa
uvm/ampere/ga100	dev_fault.h	NV_PFAULT_ACCESS_TYPE_PHYS_PREFETCH	0xb
uvm/ampere/ga100	dev_fault.h	NV_PFAULT_ACCESS_TYPE_PHYS_READ	0x8
uvm/ampere/ga100	dev_fault.h	NV_PFAULT_ACCESS_TYPE_PHYS_WRITE	0x9
uvm/ampere/ga100	dev_fault.h	NV_PFAULT_ACCESS_TYPE_PREFETCH	0x3
uvm/ampere/ga100	dev_fault.h	NV_PFAULT_ACCESS_TYPE_READ	0x0
uvm/ampere/ga100	dev_fault.h	NV_PFAULT_ACCESS_TYPE_VIRT_ATOMIC	0x2
uvm/ampere/ga100	dev_fault.h	NV_PFAULT_ACCESS_TYPE_VIRT_ATOMIC_STRONG	0x2
uvm/ampere/ga100	dev_fault.h	NV_PFAULT_ACCESS_TYPE_VIRT_ATOMIC_WEAK	0x4
uvm/ampere/ga100	dev_fault.h	NV_PFAULT_ACCESS_TYPE_VIRT_PREFETCH	0x3
uvm/ampere/ga100	dev_fault.h	NV_PFAULT_ACCESS_TYPE_VIRT_READ	0x0
uvm/ampere/ga100	dev_fault.h	NV_PFAULT_ACCESS_TYPE_VIRT_WRITE	0x1
uvm/ampere/ga100	dev_fault.h	NV_PFAULT_ACCESS_TYPE_WRITE	0x1
uvm/ampere/ga100	dev_fault.h	NV_PFAULT_FAULT_TYPE_ATOMIC_VIOLATION	0xf
uvm/ampere/ga100	dev_fault.h	NV_PFAULT_FAULT_TYPE_COMPRESSION_FAILURE	0xb
uvm/ampere/ga100	dev_fault.h	NV_PFAULT_FAULT_TYPE_PDE	0x0
uvm/ampere/ga100	dev_fault.h	NV_PFAULT_FAULT_TYPE_PDE_SIZE	0x1
uvm/ampere/ga100	dev_fault.h	NV_PFAULT_FAULT_TYPE_PITCH_MASK_VIOLATION	0x8
uvm/ampere/ga100	dev_fault.h	NV_PFAULT_FAULT_TYPE_POISONED	0xe
uvm/ampere/ga100	dev_fault.h	NV_PFAULT_FAULT_TYPE_PRIV_VIOLATION	0x5
uvm/ampere/ga100	dev_fault.h	NV_PFAULT_FAULT_TYPE_PTE	0x2
uvm/ampere/ga100	dev_fault.h	NV_PFAULT_FAULT_TYPE_REGION_VIOLATION	0xd
uvm/ampere/ga100	dev_fault.h	NV_PFAULT_FAULT_TYPE_RO_VIOLATION	0x6
uvm/ampere/ga100	dev_fault.h	NV_PFAULT_FAULT_TYPE_UNBOUND_INST_BLOCK	0x4
uvm/ampere/ga100	dev_fault.h	NV_PFAULT_FAULT_TYPE_UNSUPPORTED_APERTURE	0xa
uvm/ampere/ga100	dev_fault.h	NV_PFAULT_FAULT_TYPE_UNSUPPORTED_KIND	0xc
uvm/ampere/ga100	dev_fault.h	NV_PFAULT_FAULT_TYPE_VA_LIMIT_VIOLATION	0x3
uvm/ampere/ga100	dev_fault.h	NV_PFAULT_FAULT_TYPE_WORK_CREATION	0x9
uvm/ampere/ga100	dev_fault.h	NV_PFAULT_FAULT_TYPE_WO_VIOLATION	0x7
uvm/ampere/ga100	dev_fault.h	NV_PFAULT_MMU_CLIENT_TYPE_GPC	0x0
uvm/ampere/ga100	dev_fault.h	NV_PFAULT_MMU_CLIENT_TYPE_HUB	0x1
uvm/ampere/ga100	dev_fault.h	NV_PFAULT_MMU_ENG_ID_BAR1	0x80
uvm/ampere/ga100	dev_fault.h	NV_PFAULT_MMU_ENG_ID_BAR1_FN0	0x80
uvm/ampere/ga100	dev_fault.h	NV_PFAULT_MMU_ENG_ID_BAR1_FN1	0x81
uvm/ampere/ga100	dev_fault.h	NV_PFAULT_MMU_ENG_ID_BAR1_FN10	0x8a
uvm/ampere/ga100	dev_fault.h	NV_PFAULT_MMU_ENG_ID_BAR1_FN11	0x8b
uvm/ampere/ga100	dev_fault.h	NV_PFAULT_MMU_ENG_ID_BAR1_FN12	0x8c
uvm/ampere/ga100	dev_fault.h	NV_PFAULT_MMU_ENG_ID_BAR1_FN13	0x8d
uvm/ampere/ga100	dev_fault.h	NV_PFAULT_MMU_ENG_ID_BAR1_FN14	0x8e
uvm/ampere/ga100	dev_fault.h	NV_PFAULT_MMU_ENG_ID_BAR1_FN15	0x8f
uvm/ampere/ga100	dev_fault.h	NV_PFAULT_MMU_ENG_ID_BAR1_FN16	0x90
uvm/ampere/ga100	dev_fault.h	NV_PFAULT_MMU_ENG_ID_BAR1_FN17	0x91
uvm/ampere/ga100	dev_fault.h	NV_PFAULT_MMU_ENG_ID_BAR1_FN18	0x92
uvm/ampere/ga100	dev_fault.h	NV_PFAULT_MMU_ENG_ID_BAR1_FN19	0x93
uvm/ampere/ga100	dev_fault.h	NV_PFAULT_MMU_ENG_ID_BAR1_FN2	0x82
uvm/ampere/ga100	dev_fault.h	NV_PFAULT_MMU_ENG_ID_BAR1_FN20	0x94
uvm/ampere/ga100	dev_fault.h	NV_PFAULT_MMU_ENG_ID_BAR1_FN21	0x95
uvm/ampere/ga100	dev_fault.h	NV_PFAULT_MMU_ENG_ID_BAR1_FN22	0x96
uvm/ampere/ga100	dev_fault.h	NV_PFAULT_MMU_ENG_ID_BAR1_FN23	0x97
uvm/ampere/ga100	dev_fault.h	NV_PFAULT_MMU_ENG_ID_BAR1_FN24	0x98
uvm/ampere/ga100	dev_fault.h	NV_PFAULT_MMU_ENG_ID_BAR1_FN25	0x99
uvm/ampere/ga100	dev_fault.h	NV_PFAULT_MMU_ENG_ID_BAR1_FN26	0x9a
uvm/ampere/ga100	dev_fault.h	NV_PFAULT_MMU_ENG_ID_BAR1_FN27	0x9b
uvm/ampere/ga100	dev_fault.h	NV_PFAULT_MMU_ENG_ID_BAR1_FN28	0x9c
uvm/ampere/ga100	dev_fault.h	NV_PFAULT_MMU_ENG_ID_BAR1_FN29	0x9d
uvm/ampere/ga100	dev_fault.h	NV_PFAULT_MMU_ENG_ID_BAR1_FN3	0x83
uvm/ampere/ga100	dev_fault.h	NV_PFAULT_MMU_ENG_ID_BAR1_FN30	0x9e
uvm/ampere/ga100	dev_fault.h	NV_PFAULT_MMU_ENG_ID_BAR1_FN31	0x9f
uvm/ampere/ga100	dev_fault.h	NV_PFAULT_MMU_ENG_ID_BAR1_FN32	0xa0
uvm/ampere/ga100	dev_fault.h	NV_PFAULT_MMU_ENG_ID_BAR1_FN33	0xa1
uvm/ampere/ga100	dev_fault.h	NV_PFAULT_MMU_ENG_ID_BAR1_FN34	0xa2
uvm/ampere/ga100	dev_fault.h	NV_PFAULT_MMU_ENG_ID_BAR1_FN35	0xa3
uvm/ampere/ga100	dev_fault.h	NV_PFAULT_MMU_ENG_ID_BAR1_FN36	0xa4
uvm/ampere/ga100	dev_fault.h	NV_PFAULT_MMU_ENG_ID_BAR1_FN37	0xa5
uvm/ampere/ga100	dev_fault.h	NV_PFAULT_MMU_ENG_ID_BAR1_FN38	0xa6
uvm/ampere/ga100	dev_fault.h	NV_PFAULT_MMU_ENG_ID_BAR1_FN39	0xa7
uvm/ampere/ga100	dev_fault.h	NV_PFAULT_MMU_ENG_ID_BAR1_FN4	0x84
uvm/ampere/ga100	dev_fault.h	NV_PFAULT_MMU_ENG_ID_BAR1_FN40	0xa8
uvm/ampere/ga100	dev_fault.h	NV_PFAULT_MMU_ENG_ID_BAR1_FN41	0xa9
uvm/ampere/ga100	dev_fault.h	NV_PFAULT_MMU_ENG_ID_BAR1_FN42	0xaa
uvm/ampere/ga100	dev_fault.h	NV_PFAULT_MMU_ENG_ID_BAR1_FN43	0xab
uvm/ampere/ga100	dev_fault.h	NV_PFAULT_MMU_ENG_ID_BAR1_FN44	0xac
uvm/ampere/ga100	dev_fault.h	NV_PFAULT_MMU_ENG_ID_BAR1_FN45	0xad
uvm/ampere/ga100	dev_fault.h	NV_PFAULT_MMU_ENG_ID_BAR1_FN46	0xae
uvm/ampere/ga100	dev_fault.h	NV_PFAULT_MMU_ENG_ID_BAR1_FN47	0xaf
uvm/ampere/ga100	dev_fault.h	NV_PFAULT_MMU_ENG_ID_BAR1_FN48	0xb0
uvm/ampere/ga100	dev_fault.h	NV_PFAULT_MMU_ENG_ID_BAR1_FN49	0xb1
uvm/ampere/ga100	dev_fault.h	NV_PFAULT_MMU_ENG_ID_BAR1_FN5	0x85
uvm/ampere/ga100	dev_fault.h	NV_PFAULT_MMU_ENG_ID_BAR1_FN50	0xb2
uvm/ampere/ga100	dev_fault.h	NV_PFAULT_MMU_ENG_ID_BAR1_FN51	0xb3
uvm/ampere/ga100	dev_fault.h	NV_PFAULT_MMU_ENG_ID_BAR1_FN52	0xb4
uvm/ampere/ga100	dev_fault.h	NV_PFAULT_MMU_ENG_ID_BAR1_FN53	0xb5
uvm/ampere/ga100	dev_fault.h	NV_PFAULT_MMU_ENG_ID_BAR1_FN54	0xb6
uvm/ampere/ga100	dev_fault.h	NV_PFAULT_MMU_ENG_ID_BAR1_FN55	0xb7
uvm/ampere/ga100	dev_fault.h	NV_PFAULT_MMU_ENG_ID_BAR1_FN56	0xb8
uvm/ampere/ga100	dev_fault.h	NV_PFAULT_MMU_ENG_ID_BAR1_FN57	0xb9
uvm/ampere/ga100	dev_fault.h	NV_PFAULT_MMU_ENG_ID_BAR1_FN58	0xba
uvm/ampere/ga100	dev_fault.h	NV_PFAULT_MMU_ENG_ID_BAR1_FN59	0xbb
uvm/ampere/ga100	dev_fault.h	NV_PFAULT_MMU_ENG_ID_BAR1_FN6	0x86
uvm/ampere/ga100	dev_fault.h	NV_PFAULT_MMU_ENG_ID_BAR1_FN60	0xbc
uvm/ampere/ga100	dev_fault.h	NV_PFAULT_MMU_ENG_ID_BAR1_FN61	0xbd
uvm/ampere/ga100	dev_fault.h	NV_PFAULT_MMU_ENG_ID_BAR1_FN62	0xbe
uvm/ampere/ga100	dev_fault.h	NV_PFAULT_MMU_ENG_ID_BAR1_FN63	0xbf
uvm/ampere/ga100	dev_fault.h	NV_PFAULT_MMU_ENG_ID_BAR1_FN7	0x87
uvm/ampere/ga100	dev_fault.h	NV_PFAULT_MMU_ENG_ID_BAR1_FN8	0x88
uvm/ampere/ga100	dev_fault.h	NV_PFAULT_MMU_ENG_ID_BAR1_FN9	0x89
uvm/ampere/ga100	dev_fault.h	NV_PFAULT_MMU_ENG_ID_BAR2	0xc0
uvm/ampere/ga100	dev_fault.h	NV_PFAULT_MMU_ENG_ID_BAR2_FN0	0xc0
uvm/ampere/ga100	dev_fault.h	NV_PFAULT_MMU_ENG_ID_BAR2_FN1	0xc1
uvm/ampere/ga100	dev_fault.h	NV_PFAULT_MMU_ENG_ID_BAR2_FN10	0xca
uvm/ampere/ga100	dev_fault.h	NV_PFAULT_MMU_ENG_ID_BAR2_FN11	0xcb
uvm/ampere/ga100	dev_fault.h	NV_PFAULT_MMU_ENG_ID_BAR2_FN12	0xcc
uvm/ampere/ga100	dev_fault.h	NV_PFAULT_MMU_ENG_ID_BAR2_FN13	0xcd
uvm/ampere/ga100	dev_fault.h	NV_PFAULT_MMU_ENG_ID_BAR2_FN14	0xce
uvm/ampere/ga100	dev_fault.h	NV_PFAULT_MMU_ENG_ID_BAR2_FN15	0xcf
uvm/ampere/ga100	dev_fault.h	NV_PFAULT_MMU_ENG_ID_BAR2_FN16	0xd0
uvm/ampere/ga100	dev_fault.h	NV_PFAULT_MMU_ENG_ID_BAR2_FN17	0xd1
uvm/ampere/ga100	dev_fault.h	NV_PFAULT_MMU_ENG_ID_BAR2_FN18	0xd2
uvm/ampere/ga100	dev_fault.h	NV_PFAULT_MMU_ENG_ID_BAR2_FN19	0xd3
uvm/ampere/ga100	dev_fault.h	NV_PFAULT_MMU_ENG_ID_BAR2_FN2	0xc2
uvm/ampere/ga100	dev_fault.h	NV_PFAULT_MMU_ENG_ID_BAR2_FN20	0xd4
uvm/ampere/ga100	dev_fault.h	NV_PFAULT_MMU_ENG_ID_BAR2_FN21	0xd5
uvm/ampere/ga100	dev_fault.h	NV_PFAULT_MMU_ENG_ID_BAR2_FN22	0xd6
uvm/ampere/ga100	dev_fault.h	NV_PFAULT_MMU_ENG_ID_BAR2_FN23	0xd7
uvm/ampere/ga100	dev_fault.h	NV_PFAULT_MMU_ENG_ID_BAR2_FN24	0xd8
uvm/ampere/ga100	dev_fault.h	NV_PFAULT_MMU_ENG_ID_BAR2_FN25	0xd9
uvm/ampere/ga100	dev_fault.h	NV_PFAULT_MMU_ENG_ID_BAR2_FN26	0xda
uvm/ampere/ga100	dev_fault.h	NV_PFAULT_MMU_ENG_ID_BAR2_FN27	0xdb
uvm/ampere/ga100	dev_fault.h	NV_PFAULT_MMU_ENG_ID_BAR2_FN28	0xdc
uvm/ampere/ga100	dev_fault.h	NV_PFAULT_MMU_ENG_ID_BAR2_FN29	0xdd
uvm/ampere/ga100	dev_fault.h	NV_PFAULT_MMU_ENG_ID_BAR2_FN3	0xc3
uvm/ampere/ga100	dev_fault.h	NV_PFAULT_MMU_ENG_ID_BAR2_FN30	0xde
uvm/ampere/ga100	dev_fault.h	NV_PFAULT_MMU_ENG_ID_BAR2_FN31	0xdf
uvm/ampere/ga100	dev_fault.h	NV_PFAULT_MMU_ENG_ID_BAR2_FN32	0xe0
uvm/ampere/ga100	dev_fault.h	NV_PFAULT_MMU_ENG_ID_BAR2_FN33	0xe1
uvm/ampere/ga100	dev_fault.h	NV_PFAULT_MMU_ENG_ID_BAR2_FN34	0xe2
uvm/ampere/ga100	dev_fault.h	NV_PFAULT_MMU_ENG_ID_BAR2_FN35	0xe3
uvm/ampere/ga100	dev_fault.h	NV_PFAULT_MMU_ENG_ID_BAR2_FN36	0xe4
uvm/ampere/ga100	dev_fault.h	NV_PFAULT_MMU_ENG_ID_BAR2_FN37	0xe5
uvm/ampere/ga100	dev_fault.h	NV_PFAULT_MMU_ENG_ID_BAR2_FN38	0xe6
uvm/ampere/ga100	dev_fault.h	NV_PFAULT_MMU_ENG_ID_BAR2_FN39	0xe7
uvm/ampere/ga100	dev_fault.h	NV_PFAULT_MMU_ENG_ID_BAR2_FN4	0xc4
uvm/ampere/ga100	dev_fault.h	NV_PFAULT_MMU_ENG_ID_BAR2_FN40	0xe8
uvm/ampere/ga100	dev_fault.h	NV_PFAULT_MMU_ENG_ID_BAR2_FN41	0xe9
uvm/ampere/ga100	dev_fault.h	NV_PFAULT_MMU_ENG_ID_BAR2_FN42	0xea
uvm/ampere/ga100	dev_fault.h	NV_PFAULT_MMU_ENG_ID_BAR2_FN43	0xeb
uvm/ampere/ga100	dev_fault.h	NV_PFAULT_MMU_ENG_ID_BAR2_FN44	0xec
uvm/ampere/ga100	dev_fault.h	NV_PFAULT_MMU_ENG_ID_BAR2_FN45	0xed
uvm/ampere/ga100	dev_fault.h	NV_PFAULT_MMU_ENG_ID_BAR2_FN46	0xee
uvm/ampere/ga100	dev_fault.h	NV_PFAULT_MMU_ENG_ID_BAR2_FN47	0xef
uvm/ampere/ga100	dev_fault.h	NV_PFAULT_MMU_ENG_ID_BAR2_FN48	0xf0
uvm/ampere/ga100	dev_fault.h	NV_PFAULT_MMU_ENG_ID_BAR2_FN49	0xf1
uvm/ampere/ga100	dev_fault.h	NV_PFAULT_MMU_ENG_ID_BAR2_FN5	0xc5
uvm/ampere/ga100	dev_fault.h	NV_PFAULT_MMU_ENG_ID_BAR2_FN50	0xf2
uvm/ampere/ga100	dev_fault.h	NV_PFAULT_MMU_ENG_ID_BAR2_FN51	0xf3
uvm/ampere/ga100	dev_fault.h	NV_PFAULT_MMU_ENG_ID_BAR2_FN52	0xf4
uvm/ampere/ga100	dev_fault.h	NV_PFAULT_MMU_ENG_ID_BAR2_FN53	0xf5
uvm/ampere/ga100	dev_fault.h	NV_PFAULT_MMU_ENG_ID_BAR2_FN54	0xf6
uvm/ampere/ga100	dev_fault.h	NV_PFAULT_MMU_ENG_ID_BAR2_FN55	0xf7
uvm/ampere/ga100	dev_fault.h	NV_PFAULT_MMU_ENG_ID_BAR2_FN56	0xf8
uvm/ampere/ga100	dev_fault.h	NV_PFAULT_MMU_ENG_ID_BAR2_FN57	0xf9
uvm/ampere/ga100	dev_fault.h	NV_PFAULT_MMU_ENG_ID_BAR2_FN58	0xfa
uvm/ampere/ga100	dev_fault.h	NV_PFAULT_MMU_ENG_ID_BAR2_FN59	0xfb
uvm/ampere/ga100	dev_fault.h	NV_PFAULT_MMU_ENG_ID_BAR2_FN6	0xc6
uvm/ampere/ga100	dev_fault.h	NV_PFAULT_MMU_ENG_ID_BAR2_FN60	0xfc
uvm/ampere/ga100	dev_fault.h	NV_PFAULT_MMU_ENG_ID_BAR2_FN61	0xfd
uvm/ampere/ga100	dev_fault.h	NV_PFAULT_MMU_ENG_ID_BAR2_FN62	0xfe
uvm/ampere/ga100	dev_fault.h	NV_PFAULT_MMU_ENG_ID_BAR2_FN63	0xff
uvm/ampere/ga100	dev_fault.h	NV_PFAULT_MMU_ENG_ID_BAR2_FN7	0xc7
uvm/ampere/ga100	dev_fault.h	NV_PFAULT_MMU_ENG_ID_BAR2_FN8	0xc8
uvm/ampere/ga100	dev_fault.h	NV_PFAULT_MMU_ENG_ID_BAR2_FN9	0xc9
uvm/ampere/ga100	dev_fault.h	NV_PFAULT_MMU_ENG_ID_CE0	0xf
uvm/ampere/ga100	dev_fault.h	NV_PFAULT_MMU_ENG_ID_CE1	0x10
uvm/ampere/ga100	dev_fault.h	NV_PFAULT_MMU_ENG_ID_CE2	0x11
uvm/ampere/ga100	dev_fault.h	NV_PFAULT_MMU_ENG_ID_CE3	0x12
uvm/ampere/ga100	dev_fault.h	NV_PFAULT_MMU_ENG_ID_CE4	0x13
uvm/ampere/ga100	dev_fault.h	NV_PFAULT_MMU_ENG_ID_CE5	0x14
uvm/ampere/ga100	dev_fault.h	NV_PFAULT_MMU_ENG_ID_CE6	0x15
uvm/ampere/ga100	dev_fault.h	NV_PFAULT_MMU_ENG_ID_CE7	0x16
uvm/ampere/ga100	dev_fault.h	NV_PFAULT_MMU_ENG_ID_CE8	0x17
uvm/ampere/ga100	dev_fault.h	NV_PFAULT_MMU_ENG_ID_CE9	0x18
uvm/ampere/ga100	dev_fault.h	NV_PFAULT_MMU_ENG_ID_DISPLAY	0x1
uvm/ampere/ga100	dev_fault.h	NV_PFAULT_MMU_ENG_ID_FLA	0x4
uvm/ampere/ga100	dev_fault.h	NV_PFAULT_MMU_ENG_ID_GRAPHICS	0x40
uvm/ampere/ga100	dev_fault.h	NV_PFAULT_MMU_ENG_ID_GRCOPY	0xf
uvm/ampere/ga100	dev_fault.h	NV_PFAULT_MMU_ENG_ID_GSP	0x2
uvm/ampere/ga100	dev_fault.h	NV_PFAULT_MMU_ENG_ID_HOST0	0x20
uvm/ampere/ga100	dev_fault.h	NV_PFAULT_MMU_ENG_ID_HOST1	0x21
uvm/ampere/ga100	dev_fault.h	NV_PFAULT_MMU_ENG_ID_HOST10	0x2a
uvm/ampere/ga100	dev_fault.h	NV_PFAULT_MMU_ENG_ID_HOST11	0x2b
uvm/ampere/ga100	dev_fault.h	NV_PFAULT_MMU_ENG_ID_HOST12	0x2c
uvm/ampere/ga100	dev_fault.h	NV_PFAULT_MMU_ENG_ID_HOST13	0x2d
uvm/ampere/ga100	dev_fault.h	NV_PFAULT_MMU_ENG_ID_HOST14	0x2e
uvm/ampere/ga100	dev_fault.h	NV_PFAULT_MMU_ENG_ID_HOST15	0x2f
uvm/ampere/ga100	dev_fault.h	NV_PFAULT_MMU_ENG_ID_HOST16	0x30
uvm/ampere/ga100	dev_fault.h	NV_PFAULT_MMU_ENG_ID_HOST17	0x31
uvm/ampere/ga100	dev_fault.h	NV_PFAULT_MMU_ENG_ID_HOST18	0x32
uvm/ampere/ga100	dev_fault.h	NV_PFAULT_MMU_ENG_ID_HOST19	0x33
uvm/ampere/ga100	dev_fault.h	NV_PFAULT_MMU_ENG_ID_HOST2	0x22
uvm/ampere/ga100	dev_fault.h	NV_PFAULT_MMU_ENG_ID_HOST20	0x34
uvm/ampere/ga100	dev_fault.h	NV_PFAULT_MMU_ENG_ID_HOST21	0x35
uvm/ampere/ga100	dev_fault.h	NV_PFAULT_MMU_ENG_ID_HOST22	0x36
uvm/ampere/ga100	dev_fault.h	NV_PFAULT_MMU_ENG_ID_HOST23	0x37
uvm/ampere/ga100	dev_fault.h	NV_PFAULT_MMU_ENG_ID_HOST24	0x38
uvm/ampere/ga100	dev_fault.h	NV_PFAULT_MMU_ENG_ID_HOST25	0x39
uvm/ampere/ga100	dev_fault.h	NV_PFAULT_MMU_ENG_ID_HOST26	0x3a
uvm/ampere/ga100	dev_fault.h	NV_PFAULT_MMU_ENG_ID_HOST27	0x3b
uvm/ampere/ga100	dev_fault.h	NV_PFAULT_MMU_ENG_ID_HOST28	0x3c
uvm/ampere/ga100	dev_fault.h	NV_PFAULT_MMU_ENG_ID_HOST29	0x3d
uvm/ampere/ga100	dev_fault.h	NV_PFAULT_MMU_ENG_ID_HOST3	0x23
uvm/ampere/ga100	dev_fault.h	NV_PFAULT_MMU_ENG_ID_HOST30	0x3e
uvm/ampere/ga100	dev_fault.h	NV_PFAULT_MMU_ENG_ID_HOST31	0x3f
uvm/ampere/ga100	dev_fault.h	NV_PFAULT_MMU_ENG_ID_HOST4	0x24
uvm/ampere/ga100	dev_fault.h	NV_PFAULT_MMU_ENG_ID_HOST5	0x25
uvm/ampere/ga100	dev_fault.h	NV_PFAULT_MMU_ENG_ID_HOST6	0x26
uvm/ampere/ga100	dev_fault.h	NV_PFAULT_MMU_ENG_ID_HOST7	0x27
uvm/ampere/ga100	dev_fault.h	NV_PFAULT_MMU_ENG_ID_HOST8	0x28
uvm/ampere/ga100	dev_fault.h	NV_PFAULT_MMU_ENG_ID_HOST9	0x29
uvm/ampere/ga100	dev_fault.h	NV_PFAULT_MMU_ENG_ID_IFB	0x9
uvm/ampere/ga100	dev_fault.h	NV_PFAULT_MMU_ENG_ID_NVDEC	0x19
uvm/ampere/ga100	dev_fault.h	NV_PFAULT_MMU_ENG_ID_NVDEC0	0x19
uvm/ampere/ga100	dev_fault.h	NV_PFAULT_MMU_ENG_ID_NVDEC1	0x1a
uvm/ampere/ga100	dev_fault.h	NV_PFAULT_MMU_ENG_ID_NVDEC2	0x1b
uvm/ampere/ga100	dev_fault.h	NV_PFAULT_MMU_ENG_ID_NVDEC3	0x1c
uvm/ampere/ga100	dev_fault.h	NV_PFAULT_MMU_ENG_ID_NVDEC4	0x1d
uvm/ampere/ga100	dev_fault.h	NV_PFAULT_MMU_ENG_ID_NVENC0	0xb
uvm/ampere/ga100	dev_fault.h	NV_PFAULT_MMU_ENG_ID_NVENC1	0xc
uvm/ampere/ga100	dev_fault.h	NV_PFAULT_MMU_ENG_ID_NVENC2	0xd
uvm/ampere/ga100	dev_fault.h	NV_PFAULT_MMU_ENG_ID_NVJPG0	0x1e
uvm/ampere/ga100	dev_fault.h	NV_PFAULT_MMU_ENG_ID_OFA0	0xa
uvm/ampere/ga100	dev_fault.h	NV_PFAULT_MMU_ENG_ID_PERF	0x8
uvm/ampere/ga100	dev_fault.h	NV_PFAULT_MMU_ENG_ID_PHYSICAL	0x1f
uvm/ampere/ga100	dev_fault.h	NV_PFAULT_MMU_ENG_ID_PTP	0x3
uvm/ampere/ga100	dev_fault.h	NV_PFAULT_MMU_ENG_ID_PWR_PMU	0x6
uvm/ampere/ga100	dev_fault.h	NV_PFAULT_MMU_ENG_ID_SEC	0xe
uvm/blackwell/gb100	dev_fault.h	NV_PFAULT_ACCESS_TYPE_ATOMIC	0x2
uvm/blackwell/gb100	dev_fault.h	NV_PFAULT_ACCESS_TYPE_PHYS_ATOMIC	0xa
uvm/blackwell/gb100	dev_fault.h	NV_PFAULT_ACCESS_TYPE_PHYS_PREFETCH	0xb
uvm/blackwell/gb100	dev_fault.h	NV_PFAULT_ACCESS_TYPE_PHYS_READ	0x8
uvm/blackwell/gb100	dev_fault.h	NV_PFAULT_ACCESS_TYPE_PHYS_WRITE	0x9
uvm/blackwell/gb100	dev_fault.h	NV_PFAULT_ACCESS_TYPE_PREFETCH	0x3
uvm/blackwell/gb100	dev_fault.h	NV_PFAULT_ACCESS_TYPE_READ	0x0
uvm/blackwell/gb100	dev_fault.h	NV_PFAULT_ACCESS_TYPE_VIRT_ATOMIC	0x2
uvm/blackwell/gb100	dev_fault.h	NV_PFAULT_ACCESS_TYPE_VIRT_ATOMIC_STRONG	0x2
uvm/blackwell/gb100	dev_fault.h	NV_PFAULT_ACCESS_TYPE_VIRT_ATOMIC_WEAK	0x4
uvm/blackwell/gb100	dev_fault.h	NV_PFAULT_ACCESS_TYPE_VIRT_PREFETCH	0x3
uvm/blackwell/gb100	dev_fault.h	NV_PFAULT_ACCESS_TYPE_VIRT_READ	0x0
uvm/blackwell/gb100	dev_fault.h	NV_PFAULT_ACCESS_TYPE_VIRT_WRITE	0x1
uvm/blackwell/gb100	dev_fault.h	NV_PFAULT_ACCESS_TYPE_WRITE	0x1
uvm/blackwell/gb100	dev_fault.h	NV_PFAULT_FAULT_TYPE_ATOMIC_VIOLATION	0xf
uvm/blackwell/gb100	dev_fault.h	NV_PFAULT_FAULT_TYPE_CC_VIOLATION	0xb
uvm/blackwell/gb100	dev_fault.h	NV_PFAULT_FAULT_TYPE_PDE	0x0
uvm/blackwell/gb100	dev_fault.h	NV_PFAULT_FAULT_TYPE_PDE_SIZE	0x1
uvm/blackwell/gb100	dev_fault.h	NV_PFAULT_FAULT_TYPE_PITCH_MASK_VIOLATION	0x8
uvm/blackwell/gb100	dev_fault.h	NV_PFAULT_FAULT_TYPE_POISONED	0xe
uvm/blackwell/gb100	dev_fault.h	NV_PFAULT_FAULT_TYPE_PRIV_VIOLATION	0x5
uvm/blackwell/gb100	dev_fault.h	NV_PFAULT_FAULT_TYPE_PTE	0x2
uvm/blackwell/gb100	dev_fault.h	NV_PFAULT_FAULT_TYPE_REGION_VIOLATION	0xd
uvm/blackwell/gb100	dev_fault.h	NV_PFAULT_FAULT_TYPE_RO_VIOLATION	0x6
uvm/blackwell/gb100	dev_fault.h	NV_PFAULT_FAULT_TYPE_UNBOUND_INST_BLOCK	0x4
uvm/blackwell/gb100	dev_fault.h	NV_PFAULT_FAULT_TYPE_UNSUPPORTED_APERTURE	0xa
uvm/blackwell/gb100	dev_fault.h	NV_PFAULT_FAULT_TYPE_UNSUPPORTED_KIND	0xc
uvm/blackwell/gb100	dev_fault.h	NV_PFAULT_FAULT_TYPE_VA_LIMIT_VIOLATION	0x3
uvm/blackwell/gb100	dev_fault.h	NV_PFAULT_FAULT_TYPE_WORK_CREATION	0x9
uvm/blackwell/gb100	dev_fault.h	NV_PFAULT_FAULT_TYPE_WO_VIOLATION	0x7
uvm/blackwell/gb100	dev_fault.h	NV_PFAULT_MMU_CLIENT_TYPE_GPC	0x0
uvm/blackwell/gb100	dev_fault.h	NV_PFAULT_MMU_CLIENT_TYPE_HUB	0x1
uvm/blackwell/gb100	dev_fault.h	NV_PFAULT_MMU_ENG_ID_BAR1	0x100
uvm/blackwell/gb100	dev_fault.h	NV_PFAULT_MMU_ENG_ID_BAR1_FN0	0x100
uvm/blackwell/gb100	dev_fault.h	NV_PFAULT_MMU_ENG_ID_BAR1_FN1	0x101
uvm/blackwell/gb100	dev_fault.h	NV_PFAULT_MMU_ENG_ID_BAR1_FN10	0x10a
uvm/blackwell/gb100	dev_fault.h	NV_PFAULT_MMU_ENG_ID_BAR1_FN11	0x10b
uvm/blackwell/gb100	dev_fault.h	NV_PFAULT_MMU_ENG_ID_BAR1_FN12	0x10c
uvm/blackwell/gb100	dev_fault.h	NV_PFAULT_MMU_ENG_ID_BAR1_FN13	0x10d
uvm/blackwell/gb100	dev_fault.h	NV_PFAULT_MMU_ENG_ID_BAR1_FN14	0x10e
uvm/blackwell/gb100	dev_fault.h	NV_PFAULT_MMU_ENG_ID_BAR1_FN15	0x10f
uvm/blackwell/gb100	dev_fault.h	NV_PFAULT_MMU_ENG_ID_BAR1_FN16	0x110
uvm/blackwell/gb100	dev_fault.h	NV_PFAULT_MMU_ENG_ID_BAR1_FN17	0x111
uvm/blackwell/gb100	dev_fault.h	NV_PFAULT_MMU_ENG_ID_BAR1_FN18	0x112
uvm/blackwell/gb100	dev_fault.h	NV_PFAULT_MMU_ENG_ID_BAR1_FN19	0x113
uvm/blackwell/gb100	dev_fault.h	NV_PFAULT_MMU_ENG_ID_BAR1_FN2	0x102
uvm/blackwell/gb100	dev_fault.h	NV_PFAULT_MMU_ENG_ID_BAR1_FN20	0x114
uvm/blackwell/gb100	dev_fault.h	NV_PFAULT_MMU_ENG_ID_BAR1_FN21	0x115
uvm/blackwell/gb100	dev_fault.h	NV_PFAULT_MMU_ENG_ID_BAR1_FN22	0x116
uvm/blackwell/gb100	dev_fault.h	NV_PFAULT_MMU_ENG_ID_BAR1_FN23	0x117
uvm/blackwell/gb100	dev_fault.h	NV_PFAULT_MMU_ENG_ID_BAR1_FN24	0x118
uvm/blackwell/gb100	dev_fault.h	NV_PFAULT_MMU_ENG_ID_BAR1_FN25	0x119
uvm/blackwell/gb100	dev_fault.h	NV_PFAULT_MMU_ENG_ID_BAR1_FN26	0x11a
uvm/blackwell/gb100	dev_fault.h	NV_PFAULT_MMU_ENG_ID_BAR1_FN27	0x11b
uvm/blackwell/gb100	dev_fault.h	NV_PFAULT_MMU_ENG_ID_BAR1_FN28	0x11c
uvm/blackwell/gb100	dev_fault.h	NV_PFAULT_MMU_ENG_ID_BAR1_FN29	0x11d
uvm/blackwell/gb100	dev_fault.h	NV_PFAULT_MMU_ENG_ID_BAR1_FN3	0x103
uvm/blackwell/gb100	dev_fault.h	NV_PFAULT_MMU_ENG_ID_BAR1_FN30	0x11e
uvm/blackwell/gb100	dev_fault.h	NV_PFAULT_MMU_ENG_ID_BAR1_FN31	0x11f
uvm/blackwell/gb100	dev_fault.h	NV_PFAULT_MMU_ENG_ID_BAR1_FN32	0x120
uvm/blackwell/gb100	dev_fault.h	NV_PFAULT_MMU_ENG_ID_BAR1_FN33	0x121
uvm/blackwell/gb100	dev_fault.h	NV_PFAULT_MMU_ENG_ID_BAR1_FN34	0x122
uvm/blackwell/gb100	dev_fault.h	NV_PFAULT_MMU_ENG_ID_BAR1_FN35	0x123
uvm/blackwell/gb100	dev_fault.h	NV_PFAULT_MMU_ENG_ID_BAR1_FN36	0x124
uvm/blackwell/gb100	dev_fault.h	NV_PFAULT_MMU_ENG_ID_BAR1_FN37	0x125
uvm/blackwell/gb100	dev_fault.h	NV_PFAULT_MMU_ENG_ID_BAR1_FN38	0x126
uvm/blackwell/gb100	dev_fault.h	NV_PFAULT_MMU_ENG_ID_BAR1_FN39	0x127
uvm/blackwell/gb100	dev_fault.h	NV_PFAULT_MMU_ENG_ID_BAR1_FN4	0x104
uvm/blackwell/gb100	dev_fault.h	NV_PFAULT_MMU_ENG_ID_BAR1_FN40	0x128
uvm/blackwell/gb100	dev_fault.h	NV_PFAULT_MMU_ENG_ID_BAR1_FN41	0x129
uvm/blackwell/gb100	dev_fault.h	NV_PFAULT_MMU_ENG_ID_BAR1_FN42	0x12a
uvm/blackwell/gb100	dev_fault.h	NV_PFAULT_MMU_ENG_ID_BAR1_FN43	0x12b
uvm/blackwell/gb100	dev_fault.h	NV_PFAULT_MMU_ENG_ID_BAR1_FN44	0x12c
uvm/blackwell/gb100	dev_fault.h	NV_PFAULT_MMU_ENG_ID_BAR1_FN45	0x12d
uvm/blackwell/gb100	dev_fault.h	NV_PFAULT_MMU_ENG_ID_BAR1_FN46	0x12e
uvm/blackwell/gb100	dev_fault.h	NV_PFAULT_MMU_ENG_ID_BAR1_FN47	0x12f
uvm/blackwell/gb100	dev_fault.h	NV_PFAULT_MMU_ENG_ID_BAR1_FN48	0x130
uvm/blackwell/gb100	dev_fault.h	NV_PFAULT_MMU_ENG_ID_BAR1_FN49	0x131
uvm/blackwell/gb100	dev_fault.h	NV_PFAULT_MMU_ENG_ID_BAR1_FN5	0x105
uvm/blackwell/gb100	dev_fault.h	NV_PFAULT_MMU_ENG_ID_BAR1_FN50	0x132
uvm/blackwell/gb100	dev_fault.h	NV_PFAULT_MMU_ENG_ID_BAR1_FN51	0x133
uvm/blackwell/gb100	dev_fault.h	NV_PFAULT_MMU_ENG_ID_BAR1_FN52	0x134
uvm/blackwell/gb100	dev_fault.h	NV_PFAULT_MMU_ENG_ID_BAR1_FN53	0x135
uvm/blackwell/gb100	dev_fault.h	NV_PFAULT_MMU_ENG_ID_BAR1_FN54	0x136
uvm/blackwell/gb100	dev_fault.h	NV_PFAULT_MMU_ENG_ID_BAR1_FN55	0x137
uvm/blackwell/gb100	dev_fault.h	NV_PFAULT_MMU_ENG_ID_BAR1_FN56	0x138
uvm/blackwell/gb100	dev_fault.h	NV_PFAULT_MMU_ENG_ID_BAR1_FN57	0x139
uvm/blackwell/gb100	dev_fault.h	NV_PFAULT_MMU_ENG_ID_BAR1_FN58	0x13a
uvm/blackwell/gb100	dev_fault.h	NV_PFAULT_MMU_ENG_ID_BAR1_FN59	0x13b
uvm/blackwell/gb100	dev_fault.h	NV_PFAULT_MMU_ENG_ID_BAR1_FN6	0x106
uvm/blackwell/gb100	dev_fault.h	NV_PFAULT_MMU_ENG_ID_BAR1_FN60	0x13c
uvm/blackwell/gb100	dev_fault.h	NV_PFAULT_MMU_ENG_ID_BAR1_FN61	0x13d
uvm/blackwell/gb100	dev_fault.h	NV_PFAULT_MMU_ENG_ID_BAR1_FN62	0x13e
uvm/blackwell/gb100	dev_fault.h	NV_PFAULT_MMU_ENG_ID_BAR1_FN63	0x13f
uvm/blackwell/gb100	dev_fault.h	NV_PFAULT_MMU_ENG_ID_BAR1_FN7	0x107
uvm/blackwell/gb100	dev_fault.h	NV_PFAULT_MMU_ENG_ID_BAR1_FN8	0x108
uvm/blackwell/gb100	dev_fault.h	NV_PFAULT_MMU_ENG_ID_BAR1_FN9	0x109
uvm/blackwell/gb100	dev_fault.h	NV_PFAULT_MMU_ENG_ID_BAR2	0x140
uvm/blackwell/gb100	dev_fault.h	NV_PFAULT_MMU_ENG_ID_BAR2_FN0	0x140
uvm/blackwell/gb100	dev_fault.h	NV_PFAULT_MMU_ENG_ID_BAR2_FN1	0x141
uvm/blackwell/gb100	dev_fault.h	NV_PFAULT_MMU_ENG_ID_BAR2_FN10	0x14a
uvm/blackwell/gb100	dev_fault.h	NV_PFAULT_MMU_ENG_ID_BAR2_FN11	0x14b
uvm/blackwell/gb100	dev_fault.h	NV_PFAULT_MMU_ENG_ID_BAR2_FN12	0x14c
uvm/blackwell/gb100	dev_fault.h	NV_PFAULT_MMU_ENG_ID_BAR2_FN13	0x14d
uvm/blackwell/gb100	dev_fault.h	NV_PFAULT_MMU_ENG_ID_BAR2_FN14	0x14e
uvm/blackwell/gb100	dev_fault.h	NV_PFAULT_MMU_ENG_ID_BAR2_FN15	0x14f
uvm/blackwell/gb100	dev_fault.h	NV_PFAULT_MMU_ENG_ID_BAR2_FN16	0x150
uvm/blackwell/gb100	dev_fault.h	NV_PFAULT_MMU_ENG_ID_BAR2_FN17	0x151
uvm/blackwell/gb100	dev_fault.h	NV_PFAULT_MMU_ENG_ID_BAR2_FN18	0x152
uvm/blackwell/gb100	dev_fault.h	NV_PFAULT_MMU_ENG_ID_BAR2_FN19	0x153
uvm/blackwell/gb100	dev_fault.h	NV_PFAULT_MMU_ENG_ID_BAR2_FN2	0x142
uvm/blackwell/gb100	dev_fault.h	NV_PFAULT_MMU_ENG_ID_BAR2_FN20	0x154
uvm/blackwell/gb100	dev_fault.h	NV_PFAULT_MMU_ENG_ID_BAR2_FN21	0x155
uvm/blackwell/gb100	dev_fault.h	NV_PFAULT_MMU_ENG_ID_BAR2_FN22	0x156
uvm/blackwell/gb100	dev_fault.h	NV_PFAULT_MMU_ENG_ID_BAR2_FN23	0x157
uvm/blackwell/gb100	dev_fault.h	NV_PFAULT_MMU_ENG_ID_BAR2_FN24	0x158
uvm/blackwell/gb100	dev_fault.h	NV_PFAULT_MMU_ENG_ID_BAR2_FN25	0x159
uvm/blackwell/gb100	dev_fault.h	NV_PFAULT_MMU_ENG_ID_BAR2_FN26	0x15a
uvm/blackwell/gb100	dev_fault.h	NV_PFAULT_MMU_ENG_ID_BAR2_FN27	0x15b
uvm/blackwell/gb100	dev_fault.h	NV_PFAULT_MMU_ENG_ID_BAR2_FN28	0x15c
uvm/blackwell/gb100	dev_fault.h	NV_PFAULT_MMU_ENG_ID_BAR2_FN29	0x15d
uvm/blackwell/gb100	dev_fault.h	NV_PFAULT_MMU_ENG_ID_BAR2_FN3	0x143
uvm/blackwell/gb100	dev_fault.h	NV_PFAULT_MMU_ENG_ID_BAR2_FN30	0x15e
uvm/blackwell/gb100	dev_fault.h	NV_PFAULT_MMU_ENG_ID_BAR2_FN31	0x15f
uvm/blackwell/gb100	dev_fault.h	NV_PFAULT_MMU_ENG_ID_BAR2_FN32	0x160
uvm/blackwell/gb100	dev_fault.h	NV_PFAULT_MMU_ENG_ID_BAR2_FN33	0x161
uvm/blackwell/gb100	dev_fault.h	NV_PFAULT_MMU_ENG_ID_BAR2_FN34	0x162
uvm/blackwell/gb100	dev_fault.h	NV_PFAULT_MMU_ENG_ID_BAR2_FN35	0x163
uvm/blackwell/gb100	dev_fault.h	NV_PFAULT_MMU_ENG_ID_BAR2_FN36	0x164
uvm/blackwell/gb100	dev_fault.h	NV_PFAULT_MMU_ENG_ID_BAR2_FN37	0x165
uvm/blackwell/gb100	dev_fault.h	NV_PFAULT_MMU_ENG_ID_BAR2_FN38	0x166
uvm/blackwell/gb100	dev_fault.h	NV_PFAULT_MMU_ENG_ID_BAR2_FN39	0x167
uvm/blackwell/gb100	dev_fault.h	NV_PFAULT_MMU_ENG_ID_BAR2_FN4	0x144
uvm/blackwell/gb100	dev_fault.h	NV_PFAULT_MMU_ENG_ID_BAR2_FN40	0x168
uvm/blackwell/gb100	dev_fault.h	NV_PFAULT_MMU_ENG_ID_BAR2_FN41	0x169
uvm/blackwell/gb100	dev_fault.h	NV_PFAULT_MMU_ENG_ID_BAR2_FN42	0x16a
uvm/blackwell/gb100	dev_fault.h	NV_PFAULT_MMU_ENG_ID_BAR2_FN43	0x16b
uvm/blackwell/gb100	dev_fault.h	NV_PFAULT_MMU_ENG_ID_BAR2_FN44	0x16c
uvm/blackwell/gb100	dev_fault.h	NV_PFAULT_MMU_ENG_ID_BAR2_FN45	0x16d
uvm/blackwell/gb100	dev_fault.h	NV_PFAULT_MMU_ENG_ID_BAR2_FN46	0x16e
uvm/blackwell/gb100	dev_fault.h	NV_PFAULT_MMU_ENG_ID_BAR2_FN47	0x16f
uvm/blackwell/gb100	dev_fault.h	NV_PFAULT_MMU_ENG_ID_BAR2_FN48	0x170
uvm/blackwell/gb100	dev_fault.h	NV_PFAULT_MMU_ENG_ID_BAR2_FN49	0x171
uvm/blackwell/gb100	dev_fault.h	NV_PFAULT_MMU_ENG_ID_BAR2_FN5	0x145
uvm/blackwell/gb100	dev_fault.h	NV_PFAULT_MMU_ENG_ID_BAR2_FN50	0x172
uvm/blackwell/gb100	dev_fault.h	NV_PFAULT_MMU_ENG_ID_BAR2_FN51	0x173
uvm/blackwell/gb100	dev_fault.h	NV_PFAULT_MMU_ENG_ID_BAR2_FN52	0x174
uvm/blackwell/gb100	dev_fault.h	NV_PFAULT_MMU_ENG_ID_BAR2_FN53	0x175
uvm/blackwell/gb100	dev_fault.h	NV_PFAULT_MMU_ENG_ID_BAR2_FN54	0x176
uvm/blackwell/gb100	dev_fault.h	NV_PFAULT_MMU_ENG_ID_BAR2_FN55	0x177
uvm/blackwell/gb100	dev_fault.h	NV_PFAULT_MMU_ENG_ID_BAR2_FN56	0x178
uvm/blackwell/gb100	dev_fault.h	NV_PFAULT_MMU_ENG_ID_BAR2_FN57	0x179
uvm/blackwell/gb100	dev_fault.h	NV_PFAULT_MMU_ENG_ID_BAR2_FN58	0x17a
uvm/blackwell/gb100	dev_fault.h	NV_PFAULT_MMU_ENG_ID_BAR2_FN59	0x17b
uvm/blackwell/gb100	dev_fault.h	NV_PFAULT_MMU_ENG_ID_BAR2_FN6	0x146
uvm/blackwell/gb100	dev_fault.h	NV_PFAULT_MMU_ENG_ID_BAR2_FN60	0x17c
uvm/blackwell/gb100	dev_fault.h	NV_PFAULT_MMU_ENG_ID_BAR2_FN61	0x17d
uvm/blackwell/gb100	dev_fault.h	NV_PFAULT_MMU_ENG_ID_BAR2_FN62	0x17e
uvm/blackwell/gb100	dev_fault.h	NV_PFAULT_MMU_ENG_ID_BAR2_FN63	0x17f
uvm/blackwell/gb100	dev_fault.h	NV_PFAULT_MMU_ENG_ID_BAR2_FN7	0x147
uvm/blackwell/gb100	dev_fault.h	NV_PFAULT_MMU_ENG_ID_BAR2_FN8	0x148
uvm/blackwell/gb100	dev_fault.h	NV_PFAULT_MMU_ENG_ID_BAR2_FN9	0x149
uvm/blackwell/gb100	dev_fault.h	NV_PFAULT_MMU_ENG_ID_CE0	0x41
uvm/blackwell/gb100	dev_fault.h	NV_PFAULT_MMU_ENG_ID_CE1	0x42
uvm/blackwell/gb100	dev_fault.h	NV_PFAULT_MMU_ENG_ID_CE10	0x4b
uvm/blackwell/gb100	dev_fault.h	NV_PFAULT_MMU_ENG_ID_CE11	0x4c
uvm/blackwell/gb100	dev_fault.h	NV_PFAULT_MMU_ENG_ID_CE12	0x4d
uvm/blackwell/gb100	dev_fault.h	NV_PFAULT_MMU_ENG_ID_CE13	0x4e
uvm/blackwell/gb100	dev_fault.h	NV_PFAULT_MMU_ENG_ID_CE14	0x4f
uvm/blackwell/gb100	dev_fault.h	NV_PFAULT_MMU_ENG_ID_CE15	0x50
uvm/blackwell/gb100	dev_fault.h	NV_PFAULT_MMU_ENG_ID_CE16	0x51
uvm/blackwell/gb100	dev_fault.h	NV_PFAULT_MMU_ENG_ID_CE17	0x52
uvm/blackwell/gb100	dev_fault.h	NV_PFAULT_MMU_ENG_ID_CE18	0x53
uvm/blackwell/gb100	dev_fault.h	NV_PFAULT_MMU_ENG_ID_CE19	0x54
uvm/blackwell/gb100	dev_fault.h	NV_PFAULT_MMU_ENG_ID_CE2	0x43
uvm/blackwell/gb100	dev_fault.h	NV_PFAULT_MMU_ENG_ID_CE3	0x44
uvm/blackwell/gb100	dev_fault.h	NV_PFAULT_MMU_ENG_ID_CE4	0x45
uvm/blackwell/gb100	dev_fault.h	NV_PFAULT_MMU_ENG_ID_CE5	0x46
uvm/blackwell/gb100	dev_fault.h	NV_PFAULT_MMU_ENG_ID_CE6	0x47
uvm/blackwell/gb100	dev_fault.h	NV_PFAULT_MMU_ENG_ID_CE7	0x48
uvm/blackwell/gb100	dev_fault.h	NV_PFAULT_MMU_ENG_ID_CE8	0x49
uvm/blackwell/gb100	dev_fault.h	NV_PFAULT_MMU_ENG_ID_CE9	0x4a
uvm/blackwell/gb100	dev_fault.h	NV_PFAULT_MMU_ENG_ID_DISPLAY	0x1
uvm/blackwell/gb100	dev_fault.h	NV_PFAULT_MMU_ENG_ID_FLA	0x4
uvm/blackwell/gb100	dev_fault.h	NV_PFAULT_MMU_ENG_ID_FSP	0x7
uvm/blackwell/gb100	dev_fault.h	NV_PFAULT_MMU_ENG_ID_GRAPHICS	0x180
uvm/blackwell/gb100	dev_fault.h	NV_PFAULT_MMU_ENG_ID_GRCOPY	0x41
uvm/blackwell/gb100	dev_fault.h	NV_PFAULT_MMU_ENG_ID_GSP	0x2
uvm/blackwell/gb100	dev_fault.h	NV_PFAULT_MMU_ENG_ID_GSPLITE	0x14
uvm/blackwell/gb100	dev_fault.h	NV_PFAULT_MMU_ENG_ID_HOST0	0x55
uvm/blackwell/gb100	dev_fault.h	NV_PFAULT_MMU_ENG_ID_HOST1	0x56
uvm/blackwell/gb100	dev_fault.h	NV_PFAULT_MMU_ENG_ID_HOST10	0x5f
uvm/blackwell/gb100	dev_fault.h	NV_PFAULT_MMU_ENG_ID_HOST11	0x60
uvm/blackwell/gb100	dev_fault.h	NV_PFAULT_MMU_ENG_ID_HOST12	0x61
uvm/blackwell/gb100	dev_fault.h	NV_PFAULT_MMU_ENG_ID_HOST13	0x62
uvm/blackwell/gb100	dev_fault.h	NV_PFAULT_MMU_ENG_ID_HOST14	0x63
uvm/blackwell/gb100	dev_fault.h	NV_PFAULT_MMU_ENG_ID_HOST15	0x64
uvm/blackwell/gb100	dev_fault.h	NV_PFAULT_MMU_ENG_ID_HOST16	0x65
uvm/blackwell/gb100	dev_fault.h	NV_PFAULT_MMU_ENG_ID_HOST17	0x66
uvm/blackwell/gb100	dev_fault.h	NV_PFAULT_MMU_ENG_ID_HOST18	0x67
uvm/blackwell/gb100	dev_fault.h	NV_PFAULT_MMU_ENG_ID_HOST19	0x68
uvm/blackwell/gb100	dev_fault.h	NV_PFAULT_MMU_ENG_ID_HOST2	0x57
uvm/blackwell/gb100	dev_fault.h	NV_PFAULT_MMU_ENG_ID_HOST20	0x69
uvm/blackwell/gb100	dev_fault.h	NV_PFAULT_MMU_ENG_ID_HOST21	0x6a
uvm/blackwell/gb100	dev_fault.h	NV_PFAULT_MMU_ENG_ID_HOST22	0x6b
uvm/blackwell/gb100	dev_fault.h	NV_PFAULT_MMU_ENG_ID_HOST23	0x6c
uvm/blackwell/gb100	dev_fault.h	NV_PFAULT_MMU_ENG_ID_HOST24	0x6d
uvm/blackwell/gb100	dev_fault.h	NV_PFAULT_MMU_ENG_ID_HOST25	0x6e
uvm/blackwell/gb100	dev_fault.h	NV_PFAULT_MMU_ENG_ID_HOST26	0x6f
uvm/blackwell/gb100	dev_fault.h	NV_PFAULT_MMU_ENG_ID_HOST27	0x70
uvm/blackwell/gb100	dev_fault.h	NV_PFAULT_MMU_ENG_ID_HOST28	0x71
uvm/blackwell/gb100	dev_fault.h	NV_PFAULT_MMU_ENG_ID_HOST29	0x72
uvm/blackwell/gb100	dev_fault.h	NV_PFAULT_MMU_ENG_ID_HOST3	0x58
uvm/blackwell/gb100	dev_fault.h	NV_PFAULT_MMU_ENG_ID_HOST30	0x73
uvm/blackwell/gb100	dev_fault.h	NV_PFAULT_MMU_ENG_ID_HOST31	0x74
uvm/blackwell/gb100	dev_fault.h	NV_PFAULT_MMU_ENG_ID_HOST32	0x75
uvm/blackwell/gb100	dev_fault.h	NV_PFAULT_MMU_ENG_ID_HOST33	0x76
uvm/blackwell/gb100	dev_fault.h	NV_PFAULT_MMU_ENG_ID_HOST34	0x77
uvm/blackwell/gb100	dev_fault.h	NV_PFAULT_MMU_ENG_ID_HOST35	0x78
uvm/blackwell/gb100	dev_fault.h	NV_PFAULT_MMU_ENG_ID_HOST36	0x79
uvm/blackwell/gb100	dev_fault.h	NV_PFAULT_MMU_ENG_ID_HOST37	0x7a
uvm/blackwell/gb100	dev_fault.h	NV_PFAULT_MMU_ENG_ID_HOST38	0x7b
uvm/blackwell/gb100	dev_fault.h	NV_PFAULT_MMU_ENG_ID_HOST39	0x7c
uvm/blackwell/gb100	dev_fault.h	NV_PFAULT_MMU_ENG_ID_HOST4	0x59
uvm/blackwell/gb100	dev_fault.h	NV_PFAULT_MMU_ENG_ID_HOST40	0x7d
uvm/blackwell/gb100	dev_fault.h	NV_PFAULT_MMU_ENG_ID_HOST41	0x7e
uvm/blackwell/gb100	dev_fault.h	NV_PFAULT_MMU_ENG_ID_HOST42	0x7f
uvm/blackwell/gb100	dev_fault.h	NV_PFAULT_MMU_ENG_ID_HOST43	0x80
uvm/blackwell/gb100	dev_fault.h	NV_PFAULT_MMU_ENG_ID_HOST44	0x81
uvm/blackwell/gb100	dev_fault.h	NV_PFAULT_MMU_ENG_ID_HOST5	0x5a
uvm/blackwell/gb100	dev_fault.h	NV_PFAULT_MMU_ENG_ID_HOST6	0x5b
uvm/blackwell/gb100	dev_fault.h	NV_PFAULT_MMU_ENG_ID_HOST7	0x5c
uvm/blackwell/gb100	dev_fault.h	NV_PFAULT_MMU_ENG_ID_HOST8	0x5d
uvm/blackwell/gb100	dev_fault.h	NV_PFAULT_MMU_ENG_ID_HOST9	0x5e
uvm/blackwell/gb100	dev_fault.h	NV_PFAULT_MMU_ENG_ID_IFB	0x37
uvm/blackwell/gb100	dev_fault.h	NV_PFAULT_MMU_ENG_ID_NVDEC	0x1c
uvm/blackwell/gb100	dev_fault.h	NV_PFAULT_MMU_ENG_ID_NVDEC0	0x1c
uvm/blackwell/gb100	dev_fault.h	NV_PFAULT_MMU_ENG_ID_NVDEC1	0x1d
uvm/blackwell/gb100	dev_fault.h	NV_PFAULT_MMU_ENG_ID_NVDEC2	0x1e
uvm/blackwell/gb100	dev_fault.h	NV_PFAULT_MMU_ENG_ID_NVDEC3	0x1f
uvm/blackwell/gb100	dev_fault.h	NV_PFAULT_MMU_ENG_ID_NVDEC4	0x20
uvm/blackwell/gb100	dev_fault.h	NV_PFAULT_MMU_ENG_ID_NVDEC5	0x21
uvm/blackwell/gb100	dev_fault.h	NV_PFAULT_MMU_ENG_ID_NVDEC6	0x22
uvm/blackwell/gb100	dev_fault.h	NV_PFAULT_MMU_ENG_ID_NVDEC7	0x23
uvm/blackwell/gb100	dev_fault.h	NV_PFAULT_MMU_ENG_ID_NVENC0	0x2c
uvm/blackwell/gb100	dev_fault.h	NV_PFAULT_MMU_ENG_ID_NVENC1	0x2d
uvm/blackwell/gb100	dev_fault.h	NV_PFAULT_MMU_ENG_ID_NVENC2	0x2e
uvm/blackwell/gb100	dev_fault.h	NV_PFAULT_MMU_ENG_ID_NVENC3	0x2f
uvm/blackwell/gb100	dev_fault.h	NV_PFAULT_MMU_ENG_ID_NVJPG0	0x24
uvm/blackwell/gb100	dev_fault.h	NV_PFAULT_MMU_ENG_ID_NVJPG1	0x25
uvm/blackwell/gb100	dev_fault.h	NV_PFAULT_MMU_ENG_ID_NVJPG2	0x26
uvm/blackwell/gb100	dev_fault.h	NV_PFAULT_MMU_ENG_ID_NVJPG3	0x27
uvm/blackwell/gb100	dev_fault.h	NV_PFAULT_MMU_ENG_ID_NVJPG4	0x28
uvm/blackwell/gb100	dev_fault.h	NV_PFAULT_MMU_ENG_ID_NVJPG5	0x29
uvm/blackwell/gb100	dev_fault.h	NV_PFAULT_MMU_ENG_ID_NVJPG6	0x2a
uvm/blackwell/gb100	dev_fault.h	NV_PFAULT_MMU_ENG_ID_NVJPG7	0x2b
uvm/blackwell/gb100	dev_fault.h	NV_PFAULT_MMU_ENG_ID_OFA0	0x30
uvm/blackwell/gb100	dev_fault.h	NV_PFAULT_MMU_ENG_ID_PERF	0xa
uvm/blackwell/gb100	dev_fault.h	NV_PFAULT_MMU_ENG_ID_PERF0	0xa
uvm/blackwell/gb100	dev_fault.h	NV_PFAULT_MMU_ENG_ID_PERF1	0xb
uvm/blackwell/gb100	dev_fault.h	NV_PFAULT_MMU_ENG_ID_PERF2	0xc
uvm/blackwell/gb100	dev_fault.h	NV_PFAULT_MMU_ENG_ID_PERF3	0xd
uvm/blackwell/gb100	dev_fault.h	NV_PFAULT_MMU_ENG_ID_PERF4	0xe
uvm/blackwell/gb100	dev_fault.h	NV_PFAULT_MMU_ENG_ID_PERF5	0xf
uvm/blackwell/gb100	dev_fault.h	NV_PFAULT_MMU_ENG_ID_PERF6	0x10
uvm/blackwell/gb100	dev_fault.h	NV_PFAULT_MMU_ENG_ID_PERF7	0x11
uvm/blackwell/gb100	dev_fault.h	NV_PFAULT_MMU_ENG_ID_PERF8	0x12
uvm/blackwell/gb100	dev_fault.h	NV_PFAULT_MMU_ENG_ID_PERF9	0x13
uvm/blackwell/gb100	dev_fault.h	NV_PFAULT_MMU_ENG_ID_PHYSICAL	0x38
uvm/blackwell/gb100	dev_fault.h	NV_PFAULT_MMU_ENG_ID_PTP	0x3
uvm/blackwell/gb100	dev_fault.h	NV_PFAULT_MMU_ENG_ID_PWR_PMU	0x5
uvm/blackwell/gb100	dev_fault.h	NV_PFAULT_MMU_ENG_ID_SEC	0x6
uvm/hopper/gh100	dev_mmu.h	NV_MMU_PTE_KIND_GENERIC_MEMORY	0x6
uvm/hopper/gh100	dev_mmu.h	NV_MMU_PTE_KIND_GENERIC_MEMORY_COMPRESSIBLE	0x8
uvm/hopper/gh100	dev_mmu.h	NV_MMU_PTE_KIND_GENERIC_MEMORY_COMPRESSIBLE_DISABLE_PLC	0x9
uvm/hopper/gh100	dev_mmu.h	NV_MMU_PTE_KIND_INVALID	0x7
uvm/hopper/gh100	dev_mmu.h	NV_MMU_PTE_KIND_PITCH	0x0
uvm/hopper/gh100	dev_mmu.h	NV_MMU_PTE_KIND_S8	0x2
uvm/hopper/gh100	dev_mmu.h	NV_MMU_PTE_KIND_S8Z24	0x3
uvm/hopper/gh100	dev_mmu.h	NV_MMU_PTE_KIND_S8Z24_COMPRESSIBLE_DISABLE_PLC	0xc
uvm/hopper/gh100	dev_mmu.h	NV_MMU_PTE_KIND_S8_COMPRESSIBLE_DISABLE_PLC	0xa
uvm/hopper/gh100	dev_mmu.h	NV_MMU_PTE_KIND_SMSKED_MESSAGE	0xf
uvm/hopper/gh100	dev_mmu.h	NV_MMU_PTE_KIND_Z16	0x1
uvm/hopper/gh100	dev_mmu.h	NV_MMU_PTE_KIND_Z16_COMPRESSIBLE_DISABLE_PLC	0xb
uvm/hopper/gh100	dev_mmu.h	NV_MMU_PTE_KIND_Z24S8	0x5
uvm/hopper/gh100	dev_mmu.h	NV_MMU_PTE_KIND_Z24S8_COMPRESSIBLE_DISABLE_PLC	0xe
uvm/hopper/gh100	dev_mmu.h	NV_MMU_PTE_KIND_ZF32_X24S8	0x4
uvm/hopper/gh100	dev_mmu.h	NV_MMU_PTE_KIND_ZF32_X24S8_COMPRESSIBLE_DISABLE_PLC	0xd
uvm/hopper/gh100	dev_mmu.h	NV_MMU_VER2_DUAL_PDE_ADDRESS_BIG_SHIFT	0x8
uvm/hopper/gh100	dev_mmu.h	NV_MMU_VER2_DUAL_PDE_ADDRESS_BIG_SYS	53:4
uvm/hopper/gh100	dev_mmu.h	NV_MMU_VER2_DUAL_PDE_ADDRESS_BIG_VID	32:4
uvm/hopper/gh100	dev_mmu.h	NV_MMU_VER2_DUAL_PDE_ADDRESS_BIG_VID_PEER	35:33
uvm/hopper/gh100	dev_mmu.h	NV_MMU_VER2_DUAL_PDE_ADDRESS_BIG_VID_PEER_0	0x0
uvm/hopper/gh100	dev_mmu.h	NV_MMU_VER2_DUAL_PDE_ADDRESS_SHIFT	0xc
uvm/hopper/gh100	dev_mmu.h	NV_MMU_VER2_DUAL_PDE_ADDRESS_SMALL_SYS	117:72
uvm/hopper/gh100	dev_mmu.h	NV_MMU_VER2_DUAL_PDE_ADDRESS_SMALL_VID	96:72
uvm/hopper/gh100	dev_mmu.h	NV_MMU_VER2_DUAL_PDE_ADDRESS_SMALL_VID_PEER	99:97
uvm/hopper/gh100	dev_mmu.h	NV_MMU_VER2_DUAL_PDE_ADDRESS_SMALL_VID_PEER_0	0x0
uvm/hopper/gh100	dev_mmu.h	NV_MMU_VER2_DUAL_PDE_APERTURE_BIG	2:1
uvm/hopper/gh100	dev_mmu.h	NV_MMU_VER2_DUAL_PDE_APERTURE_BIG_INVALID	0x0
uvm/hopper/gh100	dev_mmu.h	NV_MMU_VER2_DUAL_PDE_APERTURE_BIG_SYSTEM_COHERENT_MEMORY	0x2
uvm/hopper/gh100	dev_mmu.h	NV_MMU_VER2_DUAL_PDE_APERTURE_BIG_SYSTEM_NON_COHERENT_MEMORY	0x3
uvm/hopper/gh100	dev_mmu.h	NV_MMU_VER2_DUAL_PDE_APERTURE_BIG_VIDEO_MEMORY	0x1
uvm/hopper/gh100	dev_mmu.h	NV_MMU_VER2_DUAL_PDE_APERTURE_SMALL	66:65
uvm/hopper/gh100	dev_mmu.h	NV_MMU_VER2_DUAL_PDE_APERTURE_SMALL_INVALID	0x0
uvm/hopper/gh100	dev_mmu.h	NV_MMU_VER2_DUAL_PDE_APERTURE_SMALL_SYSTEM_COHERENT_MEMORY	0x2
uvm/hopper/gh100	dev_mmu.h	NV_MMU_VER2_DUAL_PDE_APERTURE_SMALL_SYSTEM_NON_COHERENT_MEMORY	0x3
uvm/hopper/gh100	dev_mmu.h	NV_MMU_VER2_DUAL_PDE_APERTURE_SMALL_VIDEO_MEMORY	0x1
uvm/hopper/gh100	dev_mmu.h	NV_MMU_VER2_DUAL_PDE_IS_PDE	0:0
uvm/hopper/gh100	dev_mmu.h	NV_MMU_VER2_DUAL_PDE_IS_PDE_FALSE	0x1
uvm/hopper/gh100	dev_mmu.h	NV_MMU_VER2_DUAL_PDE_IS_PDE_TRUE	0x0
uvm/hopper/gh100	dev_mmu.h	NV_MMU_VER2_DUAL_PDE_IS_PTE	0:0
uvm/hopper/gh100	dev_mmu.h	NV_MMU_VER2_DUAL_PDE_IS_PTE_FALSE	0x0
uvm/hopper/gh100	dev_mmu.h	NV_MMU_VER2_DUAL_PDE_IS_PTE_TRUE	0x1
uvm/hopper/gh100	dev_mmu.h	NV_MMU_VER2_DUAL_PDE_NO_ATS	5:5
uvm/hopper/gh100	dev_mmu.h	NV_MMU_VER2_DUAL_PDE_NO_ATS_FALSE	0x0
uvm/hopper/gh100	dev_mmu.h	NV_MMU_VER2_DUAL_PDE_NO_ATS_TRUE	0x1
uvm/hopper/gh100	dev_mmu.h	NV_MMU_VER2_DUAL_PDE_VALID	0:0
uvm/hopper/gh100	dev_mmu.h	NV_MMU_VER2_DUAL_PDE_VALID_FALSE	0x0
uvm/hopper/gh100	dev_mmu.h	NV_MMU_VER2_DUAL_PDE_VALID_TRUE	0x1
uvm/hopper/gh100	dev_mmu.h	NV_MMU_VER2_DUAL_PDE_VOL_BIG	3:3
uvm/hopper/gh100	dev_mmu.h	NV_MMU_VER2_DUAL_PDE_VOL_BIG_FALSE	0x0
uvm/hopper/gh100	dev_mmu.h	NV_MMU_VER2_DUAL_PDE_VOL_BIG_TRUE	0x1
uvm/hopper/gh100	dev_mmu.h	NV_MMU_VER2_DUAL_PDE_VOL_SMALL	67:67
uvm/hopper/gh100	dev_mmu.h	NV_MMU_VER2_DUAL_PDE_VOL_SMALL_FALSE	0x0
uvm/hopper/gh100	dev_mmu.h	NV_MMU_VER2_DUAL_PDE_VOL_SMALL_TRUE	0x1
uvm/hopper/gh100	dev_mmu.h	NV_MMU_VER2_DUAL_PDE__SIZE	0x10
uvm/hopper/gh100	dev_mmu.h	NV_MMU_VER2_PDE_ADDRESS_SHIFT	0xc
uvm/hopper/gh100	dev_mmu.h	NV_MMU_VER2_PDE_ADDRESS_SYS	53:8
uvm/hopper/gh100	dev_mmu.h	NV_MMU_VER2_PDE_ADDRESS_VID	32:8
uvm/hopper/gh100	dev_mmu.h	NV_MMU_VER2_PDE_ADDRESS_VID_PEER	35:33
uvm/hopper/gh100	dev_mmu.h	NV_MMU_VER2_PDE_ADDRESS_VID_PEER_0	0x0
uvm/hopper/gh100	dev_mmu.h	NV_MMU_VER2_PDE_APERTURE	2:1
uvm/hopper/gh100	dev_mmu.h	NV_MMU_VER2_PDE_APERTURE_INVALID	0x0
uvm/hopper/gh100	dev_mmu.h	NV_MMU_VER2_PDE_APERTURE_SYSTEM_COHERENT_MEMORY	0x2
uvm/hopper/gh100	dev_mmu.h	NV_MMU_VER2_PDE_APERTURE_SYSTEM_NON_COHERENT_MEMORY	0x3
uvm/hopper/gh100	dev_mmu.h	NV_MMU_VER2_PDE_APERTURE_VIDEO_MEMORY	0x1
uvm/hopper/gh100	dev_mmu.h	NV_MMU_VER2_PDE_IS_PDE	0:0
uvm/hopper/gh100	dev_mmu.h	NV_MMU_VER2_PDE_IS_PDE_FALSE	0x1
uvm/hopper/gh100	dev_mmu.h	NV_MMU_VER2_PDE_IS_PDE_TRUE	0x0
uvm/hopper/gh100	dev_mmu.h	NV_MMU_VER2_PDE_IS_PTE	0:0
uvm/hopper/gh100	dev_mmu.h	NV_MMU_VER2_PDE_IS_PTE_FALSE	0x0
uvm/hopper/gh100	dev_mmu.h	NV_MMU_VER2_PDE_IS_PTE_TRUE	0x1
uvm/hopper/gh100	dev_mmu.h	NV_MMU_VER2_PDE_NO_ATS	5:5
uvm/hopper/gh100	dev_mmu.h	NV_MMU_VER2_PDE_NO_ATS_FALSE	0x0
uvm/hopper/gh100	dev_mmu.h	NV_MMU_VER2_PDE_NO_ATS_TRUE	0x1
uvm/hopper/gh100	dev_mmu.h	NV_MMU_VER2_PDE_VALID	0:0
uvm/hopper/gh100	dev_mmu.h	NV_MMU_VER2_PDE_VALID_FALSE	0x0
uvm/hopper/gh100	dev_mmu.h	NV_MMU_VER2_PDE_VALID_TRUE	0x1
uvm/hopper/gh100	dev_mmu.h	NV_MMU_VER2_PDE_VOL	3:3
uvm/hopper/gh100	dev_mmu.h	NV_MMU_VER2_PDE_VOL_FALSE	0x0
uvm/hopper/gh100	dev_mmu.h	NV_MMU_VER2_PDE_VOL_TRUE	0x1
uvm/hopper/gh100	dev_mmu.h	NV_MMU_VER2_PDE__SIZE	0x8
uvm/hopper/gh100	dev_mmu.h	NV_MMU_VER2_PTE_ADDRESS_SHIFT	0xc
uvm/hopper/gh100	dev_mmu.h	NV_MMU_VER2_PTE_ADDRESS_SYS	53:8
uvm/hopper/gh100	dev_mmu.h	NV_MMU_VER2_PTE_ADDRESS_VID	32:8
uvm/hopper/gh100	dev_mmu.h	NV_MMU_VER2_PTE_ADDRESS_VID_PEER	35:33
uvm/hopper/gh100	dev_mmu.h	NV_MMU_VER2_PTE_ADDRESS_VID_PEER_0	0x0
uvm/hopper/gh100	dev_mmu.h	NV_MMU_VER2_PTE_ADDRESS_VID_PEER_1	0x1
uvm/hopper/gh100	dev_mmu.h	NV_MMU_VER2_PTE_ADDRESS_VID_PEER_2	0x2
uvm/hopper/gh100	dev_mmu.h	NV_MMU_VER2_PTE_ADDRESS_VID_PEER_3	0x3
uvm/hopper/gh100	dev_mmu.h	NV_MMU_VER2_PTE_ADDRESS_VID_PEER_4	0x4
uvm/hopper/gh100	dev_mmu.h	NV_MMU_VER2_PTE_ADDRESS_VID_PEER_5	0x5
uvm/hopper/gh100	dev_mmu.h	NV_MMU_VER2_PTE_ADDRESS_VID_PEER_6	0x6
uvm/hopper/gh100	dev_mmu.h	NV_MMU_VER2_PTE_ADDRESS_VID_PEER_7	0x7
uvm/hopper/gh100	dev_mmu.h	NV_MMU_VER2_PTE_APERTURE	2:1
uvm/hopper/gh100	dev_mmu.h	NV_MMU_VER2_PTE_APERTURE_PEER_MEMORY	0x1
uvm/hopper/gh100	dev_mmu.h	NV_MMU_VER2_PTE_APERTURE_SYSTEM_COHERENT_MEMORY	0x2
uvm/hopper/gh100	dev_mmu.h	NV_MMU_VER2_PTE_APERTURE_SYSTEM_NON_COHERENT_MEMORY	0x3
uvm/hopper/gh100	dev_mmu.h	NV_MMU_VER2_PTE_APERTURE_VIDEO_MEMORY	0x0
uvm/hopper/gh100	dev_mmu.h	NV_MMU_VER2_PTE_ATOMIC_DISABLE	7:7
uvm/hopper/gh100	dev_mmu.h	NV_MMU_VER2_PTE_ATOMIC_DISABLE_FALSE	0x0
uvm/hopper/gh100	dev_mmu.h	NV_MMU_VER2_PTE_ATOMIC_DISABLE_TRUE	0x1
uvm/hopper/gh100	dev_mmu.h	NV_MMU_VER2_PTE_COMPTAGLINE	55:36
uvm/hopper/gh100	dev_mmu.h	NV_MMU_VER2_PTE_ENCRYPTED	4:4
uvm/hopper/gh100	dev_mmu.h	NV_MMU_VER2_PTE_ENCRYPTED_FALSE	0x0
uvm/hopper/gh100	dev_mmu.h	NV_MMU_VER2_PTE_ENCRYPTED_TRUE	0x1
uvm/hopper/gh100	dev_mmu.h	NV_MMU_VER2_PTE_KIND	63:56
uvm/hopper/gh100	dev_mmu.h	NV_MMU_VER2_PTE_PRIVILEGE	5:5
uvm/hopper/gh100	dev_mmu.h	NV_MMU_VER2_PTE_PRIVILEGE_FALSE	0x0
uvm/hopper/gh100	dev_mmu.h	NV_MMU_VER2_PTE_PRIVILEGE_TRUE	0x1
uvm/hopper/gh100	dev_mmu.h	NV_MMU_VER2_PTE_READ_ONLY	6:6
uvm/hopper/gh100	dev_mmu.h	NV_MMU_VER2_PTE_READ_ONLY_FALSE	0x0
uvm/hopper/gh100	dev_mmu.h	NV_MMU_VER2_PTE_READ_ONLY_TRUE	0x1
uvm/hopper/gh100	dev_mmu.h	NV_MMU_VER2_PTE_VALID	0:0
uvm/hopper/gh100	dev_mmu.h	NV_MMU_VER2_PTE_VALID_FALSE	0x0
uvm/hopper/gh100	dev_mmu.h	NV_MMU_VER2_PTE_VALID_TRUE	0x1
uvm/hopper/gh100	dev_mmu.h	NV_MMU_VER2_PTE_VOL	3:3
uvm/hopper/gh100	dev_mmu.h	NV_MMU_VER2_PTE_VOL_FALSE	0x0
uvm/hopper/gh100	dev_mmu.h	NV_MMU_VER2_PTE_VOL_TRUE	0x1
uvm/hopper/gh100	dev_mmu.h	NV_MMU_VER2_PTE__SIZE	0x8
uvm/hopper/gh100	dev_mmu.h	NV_MMU_VER3_DUAL_PDE_ADDRESS_BIG	51:8
uvm/hopper/gh100	dev_mmu.h	NV_MMU_VER3_DUAL_PDE_ADDRESS_BIG_SHIFT	0x8
uvm/hopper/gh100	dev_mmu.h	NV_MMU_VER3_DUAL_PDE_ADDRESS_SHIFT	0xc
uvm/hopper/gh100	dev_mmu.h	NV_MMU_VER3_DUAL_PDE_ADDRESS_SMALL	115:76
uvm/hopper/gh100	dev_mmu.h	NV_MMU_VER3_DUAL_PDE_APERTURE_BIG	2:1
uvm/hopper/gh100	dev_mmu.h	NV_MMU_VER3_DUAL_PDE_APERTURE_BIG_INVALID	0x0
uvm/hopper/gh100	dev_mmu.h	NV_MMU_VER3_DUAL_PDE_APERTURE_BIG_SYSTEM_COHERENT_MEMORY	0x2
uvm/hopper/gh100	dev_mmu.h	NV_MMU_VER3_DUAL_PDE_APERTURE_BIG_SYSTEM_NON_COHERENT_MEMORY	0x3
uvm/hopper/gh100	dev_mmu.h	NV_MMU_VER3_DUAL_PDE_APERTURE_BIG_VIDEO_MEMORY	0x1
uvm/hopper/gh100	dev_mmu.h	NV_MMU_VER3_DUAL_PDE_APERTURE_SMALL	66:65
uvm/hopper/gh100	dev_mmu.h	NV_MMU_VER3_DUAL_PDE_APERTURE_SMALL_INVALID	0x0
uvm/hopper/gh100	dev_mmu.h	NV_MMU_VER3_DUAL_PDE_APERTURE_SMALL_SYSTEM_COHERENT_MEMORY	0x2
uvm/hopper/gh100	dev_mmu.h	NV_MMU_VER3_DUAL_PDE_APERTURE_SMALL_SYSTEM_NON_COHERENT_MEMORY	0x3
uvm/hopper/gh100	dev_mmu.h	NV_MMU_VER3_DUAL_PDE_APERTURE_SMALL_VIDEO_MEMORY	0x1
uvm/hopper/gh100	dev_mmu.h	NV_MMU_VER3_DUAL_PDE_IS_PTE	0:0
uvm/hopper/gh100	dev_mmu.h	NV_MMU_VER3_DUAL_PDE_IS_PTE_FALSE	0x0
uvm/hopper/gh100	dev_mmu.h	NV_MMU_VER3_DUAL_PDE_IS_PTE_TRUE	0x1
uvm/hopper/gh100	dev_mmu.h	NV_MMU_VER3_DUAL_PDE_PCF_BIG	5:3
uvm/hopper/gh100	dev_mmu.h	NV_MMU_VER3_DUAL_PDE_PCF_BIG_INVALID_ATS_ALLOWED	0x0
uvm/hopper/gh100	dev_mmu.h	NV_MMU_VER3_DUAL_PDE_PCF_BIG_INVALID_ATS_NOT_ALLOWED	0x2
uvm/hopper/gh100	dev_mmu.h	NV_MMU_VER3_DUAL_PDE_PCF_BIG_SPARSE_ATS_ALLOWED	0x1
uvm/hopper/gh100	dev_mmu.h	NV_MMU_VER3_DUAL_PDE_PCF_BIG_SPARSE_ATS_NOT_ALLOWED	0x3
uvm/hopper/gh100	dev_mmu.h	NV_MMU_VER3_DUAL_PDE_PCF_BIG_VALID_CACHED_ATS_ALLOWED	0x0
uvm/hopper/gh100	dev_mmu.h	NV_MMU_VER3_DUAL_PDE_PCF_BIG_VALID_CACHED_ATS_ALLOWED__OR__INVALID_ATS_ALLOWED	0x0
uvm/hopper/gh100	dev_mmu.h	NV_MMU_VER3_DUAL_PDE_PCF_BIG_VALID_CACHED_ATS_NOT_ALLOWED	0x2
uvm/hopper/gh100	dev_mmu.h	NV_MMU_VER3_DUAL_PDE_PCF_BIG_VALID_CACHED_ATS_NOT_ALLOWED__OR__INVALID_ATS_NOT_ALLOWED	0x2
uvm/hopper/gh100	dev_mmu.h	NV_MMU_VER3_DUAL_PDE_PCF_BIG_VALID_UNCACHED_ATS_ALLOWED	0x1
uvm/hopper/gh100	dev_mmu.h	NV_MMU_VER3_DUAL_PDE_PCF_BIG_VALID_UNCACHED_ATS_ALLOWED__OR__SPARSE_ATS_ALLOWED	0x1
uvm/hopper/gh100	dev_mmu.h	NV_MMU_VER3_DUAL_PDE_PCF_BIG_VALID_UNCACHED_ATS_NOT_ALLOWED	0x3
uvm/hopper/gh100	dev_mmu.h	NV_MMU_VER3_DUAL_PDE_PCF_BIG_VALID_UNCACHED_ATS_NOT_ALLOWED__OR__SPARSE_ATS_NOT_ALLOWED	0x3
uvm/hopper/gh100	dev_mmu.h	NV_MMU_VER3_DUAL_PDE_PCF_SMALL	69:67
uvm/hopper/gh100	dev_mmu.h	NV_MMU_VER3_DUAL_PDE_PCF_SMALL_INVALID_ATS_ALLOWED	0x0
uvm/hopper/gh100	dev_mmu.h	NV_MMU_VER3_DUAL_PDE_PCF_SMALL_INVALID_ATS_NOT_ALLOWED	0x2
uvm/hopper/gh100	dev_mmu.h	NV_MMU_VER3_DUAL_PDE_PCF_SMALL_SPARSE_ATS_ALLOWED	0x1
uvm/hopper/gh100	dev_mmu.h	NV_MMU_VER3_DUAL_PDE_PCF_SMALL_SPARSE_ATS_NOT_ALLOWED	0x3
uvm/hopper/gh100	dev_mmu.h	NV_MMU_VER3_DUAL_PDE_PCF_SMALL_VALID_CACHED_ATS_ALLOWED	0x0
uvm/hopper/gh100	dev_mmu.h	NV_MMU_VER3_DUAL_PDE_PCF_SMALL_VALID_CACHED_ATS_ALLOWED__OR__INVALID_ATS_ALLOWED	0x0
uvm/hopper/gh100	dev_mmu.h	NV_MMU_VER3_DUAL_PDE_PCF_SMALL_VALID_CACHED_ATS_NOT_ALLOWED	0x2
uvm/hopper/gh100	dev_mmu.h	NV_MMU_VER3_DUAL_PDE_PCF_SMALL_VALID_CACHED_ATS_NOT_ALLOWED__OR__INVALID_ATS_NOT_ALLOWED	0x2
uvm/hopper/gh100	dev_mmu.h	NV_MMU_VER3_DUAL_PDE_PCF_SMALL_VALID_UNCACHED_ATS_ALLOWED	0x1
uvm/hopper/gh100	dev_mmu.h	NV_MMU_VER3_DUAL_PDE_PCF_SMALL_VALID_UNCACHED_ATS_ALLOWED__OR__SPARSE_ATS_ALLOWED	0x1
uvm/hopper/gh100	dev_mmu.h	NV_MMU_VER3_DUAL_PDE_PCF_SMALL_VALID_UNCACHED_ATS_NOT_ALLOWED	0x3
uvm/hopper/gh100	dev_mmu.h	NV_MMU_VER3_DUAL_PDE_PCF_SMALL_VALID_UNCACHED_ATS_NOT_ALLOWED__OR__SPARSE_ATS_NOT_ALLOWED	0x3
uvm/hopper/gh100	dev_mmu.h	NV_MMU_VER3_DUAL_PDE_VALID	0:0
uvm/hopper/gh100	dev_mmu.h	NV_MMU_VER3_DUAL_PDE_VALID_FALSE	0x0
uvm/hopper/gh100	dev_mmu.h	NV_MMU_VER3_DUAL_PDE_VALID_TRUE	0x1
uvm/hopper/gh100	dev_mmu.h	NV_MMU_VER3_DUAL_PDE__SIZE	0x10
uvm/hopper/gh100	dev_mmu.h	NV_MMU_VER3_PDE_ADDRESS	51:12
uvm/hopper/gh100	dev_mmu.h	NV_MMU_VER3_PDE_ADDRESS_SHIFT	0xc
uvm/hopper/gh100	dev_mmu.h	NV_MMU_VER3_PDE_APERTURE	2:1
uvm/hopper/gh100	dev_mmu.h	NV_MMU_VER3_PDE_APERTURE_INVALID	0x0
uvm/hopper/gh100	dev_mmu.h	NV_MMU_VER3_PDE_APERTURE_SYSTEM_COHERENT_MEMORY	0x2
uvm/hopper/gh100	dev_mmu.h	NV_MMU_VER3_PDE_APERTURE_SYSTEM_NON_COHERENT_MEMORY	0x3
uvm/hopper/gh100	dev_mmu.h	NV_MMU_VER3_PDE_APERTURE_VIDEO_MEMORY	0x1
uvm/hopper/gh100	dev_mmu.h	NV_MMU_VER3_PDE_IS_PTE	0:0
uvm/hopper/gh100	dev_mmu.h	NV_MMU_VER3_PDE_IS_PTE_FALSE	0x0
uvm/hopper/gh100	dev_mmu.h	NV_MMU_VER3_PDE_IS_PTE_TRUE	0x1
uvm/hopper/gh100	dev_mmu.h	NV_MMU_VER3_PDE_PCF	5:3
uvm/hopper/gh100	dev_mmu.h	NV_MMU_VER3_PDE_PCF_INVALID_ATS_ALLOWED	0x0
uvm/hopper/gh100	dev_mmu.h	NV_MMU_VER3_PDE_PCF_INVALID_ATS_NOT_ALLOWED	0x2
uvm/hopper/gh100	dev_mmu.h	NV_MMU_VER3_PDE_PCF_SPARSE_ATS_ALLOWED	0x1
uvm/hopper/gh100	dev_mmu.h	NV_MMU_VER3_PDE_PCF_SPARSE_ATS_NOT_ALLOWED	0x3
uvm/hopper/gh100	dev_mmu.h	NV_MMU_VER3_PDE_PCF_VALID_CACHED_ATS_ALLOWED	0x0
uvm/hopper/gh100	dev_mmu.h	NV_MMU_VER3_PDE_PCF_VALID_CACHED_ATS_ALLOWED__OR__INVALID_ATS_ALLOWED	0x0
uvm/hopper/gh100	dev_mmu.h	NV_MMU_VER3_PDE_PCF_VALID_CACHED_ATS_NOT_ALLOWED	0x2
uvm/hopper/gh100	dev_mmu.h	NV_MMU_VER3_PDE_PCF_VALID_CACHED_ATS_NOT_ALLOWED__OR__INVALID_ATS_NOT_ALLOWED	0x2
uvm/hopper/gh100	dev_mmu.h	NV_MMU_VER3_PDE_PCF_VALID_UNCACHED_ATS_ALLOWED	0x1
uvm/hopper/gh100	dev_mmu.h	NV_MMU_VER3_PDE_PCF_VALID_UNCACHED_ATS_ALLOWED__OR__SPARSE_ATS_ALLOWED	0x1
uvm/hopper/gh100	dev_mmu.h	NV_MMU_VER3_PDE_PCF_VALID_UNCACHED_ATS_NOT_ALLOWED	0x3
uvm/hopper/gh100	dev_mmu.h	NV_MMU_VER3_PDE_PCF_VALID_UNCACHED_ATS_NOT_ALLOWED__OR__SPARSE_ATS_NOT_ALLOWED	0x3
uvm/hopper/gh100	dev_mmu.h	NV_MMU_VER3_PDE_VALID	0:0
uvm/hopper/gh100	dev_mmu.h	NV_MMU_VER3_PDE_VALID_FALSE	0x0
uvm/hopper/gh100	dev_mmu.h	NV_MMU_VER3_PDE_VALID_TRUE	0x1
uvm/hopper/gh100	dev_mmu.h	NV_MMU_VER3_PDE__SIZE	0x8
uvm/hopper/gh100	dev_mmu.h	NV_MMU_VER3_PTE_ADDRESS	51:12
uvm/hopper/gh100	dev_mmu.h	NV_MMU_VER3_PTE_ADDRESS_SHIFT	0xc
uvm/hopper/gh100	dev_mmu.h	NV_MMU_VER3_PTE_APERTURE	2:1
uvm/hopper/gh100	dev_mmu.h	NV_MMU_VER3_PTE_APERTURE_PEER_MEMORY	0x1
uvm/hopper/gh100	dev_mmu.h	NV_MMU_VER3_PTE_APERTURE_SYSTEM_COHERENT_MEMORY	0x2
uvm/hopper/gh100	dev_mmu.h	NV_MMU_VER3_PTE_APERTURE_SYSTEM_NON_COHERENT_MEMORY	0x3
uvm/hopper/gh100	dev_mmu.h	NV_MMU_VER3_PTE_APERTURE_VIDEO_MEMORY	0x0
uvm/hopper/gh100	dev_mmu.h	NV_MMU_VER3_PTE_KIND	11:8
uvm/hopper/gh100	dev_mmu.h	NV_MMU_VER3_PTE_PCF	7:3
uvm/hopper/gh100	dev_mmu.h	NV_MMU_VER3_PTE_PCF_INVALID	0x0
uvm/hopper/gh100	dev_mmu.h	NV_MMU_VER3_PTE_PCF_MAPPING_NOWHERE	0x2
uvm/hopper/gh100	dev_mmu.h	NV_MMU_VER3_PTE_PCF_NO_VALID_4KB_PAGE	0x3
uvm/hopper/gh100	dev_mmu.h	NV_MMU_VER3_PTE_PCF_PRIVILEGE_RO_ATOMIC_CACHED_ACD	0x16
uvm/hopper/gh100	dev_mmu.h	NV_MMU_VER3_PTE_PCF_PRIVILEGE_RO_ATOMIC_CACHED_ACE	0x6
uvm/hopper/gh100	dev_mmu.h	NV_MMU_VER3_PTE_PCF_PRIVILEGE_RO_ATOMIC_UNCACHED_ACD	0x17
uvm/hopper/gh100	dev_mmu.h	NV_MMU_VER3_PTE_PCF_PRIVILEGE_RO_ATOMIC_UNCACHED_ACE	0x7
uvm/hopper/gh100	dev_mmu.h	NV_MMU_VER3_PTE_PCF_PRIVILEGE_RO_NO_ATOMIC_CACHED_ACD	0x1e
uvm/hopper/gh100	dev_mmu.h	NV_MMU_VER3_PTE_PCF_PRIVILEGE_RO_NO_ATOMIC_CACHED_ACE	0xe
uvm/hopper/gh100	dev_mmu.h	NV_MMU_VER3_PTE_PCF_PRIVILEGE_RO_NO_ATOMIC_UNCACHED_ACD	0x1f
uvm/hopper/gh100	dev_mmu.h	NV_MMU_VER3_PTE_PCF_PRIVILEGE_RO_NO_ATOMIC_UNCACHED_ACE	0xf
uvm/hopper/gh100	dev_mmu.h	NV_MMU_VER3_PTE_PCF_PRIVILEGE_RW_ATOMIC_CACHED_ACD	0x12
uvm/hopper/gh100	dev_mmu.h	NV_MMU_VER3_PTE_PCF_PRIVILEGE_RW_ATOMIC_CACHED_ACE	0x2
uvm/hopper/gh100	dev_mmu.h	NV_MMU_VER3_PTE_PCF_PRIVILEGE_RW_ATOMIC_UNCACHED_ACD	0x13
uvm/hopper/gh100	dev_mmu.h	NV_MMU_VER3_PTE_PCF_PRIVILEGE_RW_ATOMIC_UNCACHED_ACE	0x3
uvm/hopper/gh100	dev_mmu.h	NV_MMU_VER3_PTE_PCF_PRIVILEGE_RW_NO_ATOMIC_CACHED_ACD	0x1a
uvm/hopper/gh100	dev_mmu.h	NV_MMU_VER3_PTE_PCF_PRIVILEGE_RW_NO_ATOMIC_CACHED_ACE	0xa
uvm/hopper/gh100	dev_mmu.h	NV_MMU_VER3_PTE_PCF_PRIVILEGE_RW_NO_ATOMIC_UNCACHED_ACD	0x1b
uvm/hopper/gh100	dev_mmu.h	NV_MMU_VER3_PTE_PCF_PRIVILEGE_RW_NO_ATOMIC_UNCACHED_ACE	0xb
uvm/hopper/gh100	dev_mmu.h	NV_MMU_VER3_PTE_PCF_REGULAR_RO_ATOMIC_CACHED_ACD	0x14
uvm/hopper/gh100	dev_mmu.h	NV_MMU_VER3_PTE_PCF_REGULAR_RO_ATOMIC_CACHED_ACE	0x4
uvm/hopper/gh100	dev_mmu.h	NV_MMU_VER3_PTE_PCF_REGULAR_RO_ATOMIC_UNCACHED_ACD	0x15
uvm/hopper/gh100	dev_mmu.h	NV_MMU_VER3_PTE_PCF_REGULAR_RO_ATOMIC_UNCACHED_ACE	0x5
uvm/hopper/gh100	dev_mmu.h	NV_MMU_VER3_PTE_PCF_REGULAR_RO_NO_ATOMIC_CACHED_ACD	0x1c
uvm/hopper/gh100	dev_mmu.h	NV_MMU_VER3_PTE_PCF_REGULAR_RO_NO_ATOMIC_CACHED_ACE	0xc
uvm/hopper/gh100	dev_mmu.h	NV_MMU_VER3_PTE_PCF_REGULAR_RO_NO_ATOMIC_UNCACHED_ACD	0x1d
uvm/hopper/gh100	dev_mmu.h	NV_MMU_VER3_PTE_PCF_REGULAR_RO_NO_ATOMIC_UNCACHED_ACE	0xd
uvm/hopper/gh100	dev_mmu.h	NV_MMU_VER3_PTE_PCF_REGULAR_RW_ATOMIC_CACHED_ACD	0x10
uvm/hopper/gh100	dev_mmu.h	NV_MMU_VER3_PTE_PCF_REGULAR_RW_ATOMIC_CACHED_ACE	0x0
uvm/hopper/gh100	dev_mmu.h	NV_MMU_VER3_PTE_PCF_REGULAR_RW_ATOMIC_UNCACHED_ACD	0x11
uvm/hopper/gh100	dev_mmu.h	NV_MMU_VER3_PTE_PCF_REGULAR_RW_ATOMIC_UNCACHED_ACE	0x1
uvm/hopper/gh100	dev_mmu.h	NV_MMU_VER3_PTE_PCF_REGULAR_RW_NO_ATOMIC_CACHED_ACD	0x18
uvm/hopper/gh100	dev_mmu.h	NV_MMU_VER3_PTE_PCF_REGULAR_RW_NO_ATOMIC_CACHED_ACE	0x8
uvm/hopper/gh100	dev_mmu.h	NV_MMU_VER3_PTE_PCF_REGULAR_RW_NO_ATOMIC_UNCACHED_ACD	0x19
uvm/hopper/gh100	dev_mmu.h	NV_MMU_VER3_PTE_PCF_REGULAR_RW_NO_ATOMIC_UNCACHED_ACE	0x9
uvm/hopper/gh100	dev_mmu.h	NV_MMU_VER3_PTE_PCF_SPARSE	0x1
uvm/hopper/gh100	dev_mmu.h	NV_MMU_VER3_PTE_PEER_ID	63:61
uvm/hopper/gh100	dev_mmu.h	NV_MMU_VER3_PTE_PEER_ID_0	0x0
uvm/hopper/gh100	dev_mmu.h	NV_MMU_VER3_PTE_PEER_ID_1	0x1
uvm/hopper/gh100	dev_mmu.h	NV_MMU_VER3_PTE_PEER_ID_2	0x2
uvm/hopper/gh100	dev_mmu.h	NV_MMU_VER3_PTE_PEER_ID_3	0x3
uvm/hopper/gh100	dev_mmu.h	NV_MMU_VER3_PTE_PEER_ID_4	0x4
uvm/hopper/gh100	dev_mmu.h	NV_MMU_VER3_PTE_PEER_ID_5	0x5
uvm/hopper/gh100	dev_mmu.h	NV_MMU_VER3_PTE_PEER_ID_6	0x6
uvm/hopper/gh100	dev_mmu.h	NV_MMU_VER3_PTE_PEER_ID_7	0x7
uvm/hopper/gh100	dev_mmu.h	NV_MMU_VER3_PTE_VALID	0:0
uvm/hopper/gh100	dev_mmu.h	NV_MMU_VER3_PTE_VALID_FALSE	0x0
uvm/hopper/gh100	dev_mmu.h	NV_MMU_VER3_PTE_VALID_TRUE	0x1
uvm/hopper/gh100	dev_mmu.h	NV_MMU_VER3_PTE__SIZE	0x8
uvm/hopper/gh100	dev_fault.h	NV_PFAULT_ACCESS_TYPE_ATOMIC	0x2
uvm/hopper/gh100	dev_fault.h	NV_PFAULT_ACCESS_TYPE_PHYS_ATOMIC	0xa
uvm/hopper/gh100	dev_fault.h	NV_PFAULT_ACCESS_TYPE_PHYS_PREFETCH	0xb
uvm/hopper/gh100	dev_fault.h	NV_PFAULT_ACCESS_TYPE_PHYS_READ	0x8
uvm/hopper/gh100	dev_fault.h	NV_PFAULT_ACCESS_TYPE_PHYS_WRITE	0x9
uvm/hopper/gh100	dev_fault.h	NV_PFAULT_ACCESS_TYPE_PREFETCH	0x3
uvm/hopper/gh100	dev_fault.h	NV_PFAULT_ACCESS_TYPE_READ	0x0
uvm/hopper/gh100	dev_fault.h	NV_PFAULT_ACCESS_TYPE_VIRT_ATOMIC	0x2
uvm/hopper/gh100	dev_fault.h	NV_PFAULT_ACCESS_TYPE_VIRT_ATOMIC_STRONG	0x2
uvm/hopper/gh100	dev_fault.h	NV_PFAULT_ACCESS_TYPE_VIRT_ATOMIC_WEAK	0x4
uvm/hopper/gh100	dev_fault.h	NV_PFAULT_ACCESS_TYPE_VIRT_PREFETCH	0x3
uvm/hopper/gh100	dev_fault.h	NV_PFAULT_ACCESS_TYPE_VIRT_READ	0x0
uvm/hopper/gh100	dev_fault.h	NV_PFAULT_ACCESS_TYPE_VIRT_WRITE	0x1
uvm/hopper/gh100	dev_fault.h	NV_PFAULT_ACCESS_TYPE_WRITE	0x1
uvm/hopper/gh100	dev_fault.h	NV_PFAULT_FAULT_TYPE_ATOMIC_VIOLATION	0xf
uvm/hopper/gh100	dev_fault.h	NV_PFAULT_FAULT_TYPE_COMPRESSION_FAILURE	0xb
uvm/hopper/gh100	dev_fault.h	NV_PFAULT_FAULT_TYPE_PDE	0x0
uvm/hopper/gh100	dev_fault.h	NV_PFAULT_FAULT_TYPE_PDE_SIZE	0x1
uvm/hopper/gh100	dev_fault.h	NV_PFAULT_FAULT_TYPE_PITCH_MASK_VIOLATION	0x8
uvm/hopper/gh100	dev_fault.h	NV_PFAULT_FAULT_TYPE_POISONED	0xe
uvm/hopper/gh100	dev_fault.h	NV_PFAULT_FAULT_TYPE_PRIV_VIOLATION	0x5
uvm/hopper/gh100	dev_fault.h	NV_PFAULT_FAULT_TYPE_PTE	0x2
uvm/hopper/gh100	dev_fault.h	NV_PFAULT_FAULT_TYPE_REGION_VIOLATION	0xd
uvm/hopper/gh100	dev_fault.h	NV_PFAULT_FAULT_TYPE_RO_VIOLATION	0x6
uvm/hopper/gh100	dev_fault.h	NV_PFAULT_FAULT_TYPE_UNBOUND_INST_BLOCK	0x4
uvm/hopper/gh100	dev_fault.h	NV_PFAULT_FAULT_TYPE_UNSUPPORTED_APERTURE	0xa
uvm/hopper/gh100	dev_fault.h	NV_PFAULT_FAULT_TYPE_UNSUPPORTED_KIND	0xc
uvm/hopper/gh100	dev_fault.h	NV_PFAULT_FAULT_TYPE_VA_LIMIT_VIOLATION	0x3
uvm/hopper/gh100	dev_fault.h	NV_PFAULT_FAULT_TYPE_WORK_CREATION	0x9
uvm/hopper/gh100	dev_fault.h	NV_PFAULT_FAULT_TYPE_WO_VIOLATION	0x7
uvm/hopper/gh100	dev_fault.h	NV_PFAULT_MMU_CLIENT_TYPE_GPC	0x0
uvm/hopper/gh100	dev_fault.h	NV_PFAULT_MMU_CLIENT_TYPE_HUB	0x1
uvm/hopper/gh100	dev_fault.h	NV_PFAULT_MMU_ENG_ID_BAR1	0x100
uvm/hopper/gh100	dev_fault.h	NV_PFAULT_MMU_ENG_ID_BAR1_FN0	0x100
uvm/hopper/gh100	dev_fault.h	NV_PFAULT_MMU_ENG_ID_BAR1_FN1	0x101
uvm/hopper/gh100	dev_fault.h	NV_PFAULT_MMU_ENG_ID_BAR1_FN10	0x10a
uvm/hopper/gh100	dev_fault.h	NV_PFAULT_MMU_ENG_ID_BAR1_FN11	0x10b
uvm/hopper/gh100	dev_fault.h	NV_PFAULT_MMU_ENG_ID_BAR1_FN12	0x10c
uvm/hopper/gh100	dev_fault.h	NV_PFAULT_MMU_ENG_ID_BAR1_FN13	0x10d
uvm/hopper/gh100	dev_fault.h	NV_PFAULT_MMU_ENG_ID_BAR1_FN14	0x10e
uvm/hopper/gh100	dev_fault.h	NV_PFAULT_MMU_ENG_ID_BAR1_FN15	0x10f
uvm/hopper/gh100	dev_fault.h	NV_PFAULT_MMU_ENG_ID_BAR1_FN16	0x110
uvm/hopper/gh100	dev_fault.h	NV_PFAULT_MMU_ENG_ID_BAR1_FN17	0x111
uvm/hopper/gh100	dev_fault.h	NV_PFAULT_MMU_ENG_ID_BAR1_FN18	0x112
uvm/hopper/gh100	dev_fault.h	NV_PFAULT_MMU_ENG_ID_BAR1_FN19	0x113
uvm/hopper/gh100	dev_fault.h	NV_PFAULT_MMU_ENG_ID_BAR1_FN2	0x102
uvm/hopper/gh100	dev_fault.h	NV_PFAULT_MMU_ENG_ID_BAR1_FN20	0x114
uvm/hopper/gh100	dev_fault.h	NV_PFAULT_MMU_ENG_ID_BAR1_FN21	0x115
uvm/hopper/gh100	dev_fault.h	NV_PFAULT_MMU_ENG_ID_BAR1_FN22	0x116
uvm/hopper/gh100	dev_fault.h	NV_PFAULT_MMU_ENG_ID_BAR1_FN23	0x117
uvm/hopper/gh100	dev_fault.h	NV_PFAULT_MMU_ENG_ID_BAR1_FN24	0x118
uvm/hopper/gh100	dev_fault.h	NV_PFAULT_MMU_ENG_ID_BAR1_FN25	0x119
uvm/hopper/gh100	dev_fault.h	NV_PFAULT_MMU_ENG_ID_BAR1_FN26	0x11a
uvm/hopper/gh100	dev_fault.h	NV_PFAULT_MMU_ENG_ID_BAR1_FN27	0x11b
uvm/hopper/gh100	dev_fault.h	NV_PFAULT_MMU_ENG_ID_BAR1_FN28	0x11c
uvm/hopper/gh100	dev_fault.h	NV_PFAULT_MMU_ENG_ID_BAR1_FN29	0x11d
uvm/hopper/gh100	dev_fault.h	NV_PFAULT_MMU_ENG_ID_BAR1_FN3	0x103
uvm/hopper/gh100	dev_fault.h	NV_PFAULT_MMU_ENG_ID_BAR1_FN30	0x11e
uvm/hopper/gh100	dev_fault.h	NV_PFAULT_MMU_ENG_ID_BAR1_FN31	0x11f
uvm/hopper/gh100	dev_fault.h	NV_PFAULT_MMU_ENG_ID_BAR1_FN32	0x120
uvm/hopper/gh100	dev_fault.h	NV_PFAULT_MMU_ENG_ID_BAR1_FN33	0x121
uvm/hopper/gh100	dev_fault.h	NV_PFAULT_MMU_ENG_ID_BAR1_FN34	0x122
uvm/hopper/gh100	dev_fault.h	NV_PFAULT_MMU_ENG_ID_BAR1_FN35	0x123
uvm/hopper/gh100	dev_fault.h	NV_PFAULT_MMU_ENG_ID_BAR1_FN36	0x124
uvm/hopper/gh100	dev_fault.h	NV_PFAULT_MMU_ENG_ID_BAR1_FN37	0x125
uvm/hopper/gh100	dev_fault.h	NV_PFAULT_MMU_ENG_ID_BAR1_FN38	0x126
uvm/hopper/gh100	dev_fault.h	NV_PFAULT_MMU_ENG_ID_BAR1_FN39	0x127
uvm/hopper/gh100	dev_fault.h	NV_PFAULT_MMU_ENG_ID_BAR1_FN4	0x104
uvm/hopper/gh100	dev_fault.h	NV_PFAULT_MMU_ENG_ID_BAR1_FN40	0x128
uvm/hopper/gh100	dev_fault.h	NV_PFAULT_MMU_ENG_ID_BAR1_FN41	0x129
uvm/hopper/gh100	dev_fault.h	NV_PFAULT_MMU_ENG_ID_BAR1_FN42	0x12a
uvm/hopper/gh100	dev_fault.h	NV_PFAULT_MMU_ENG_ID_BAR1_FN43	0x12b
uvm/hopper/gh100	dev_fault.h	NV_PFAULT_MMU_ENG_ID_BAR1_FN44	0x12c
uvm/hopper/gh100	dev_fault.h	NV_PFAULT_MMU_ENG_ID_BAR1_FN45	0x12d
uvm/hopper/gh100	dev_fault.h	NV_PFAULT_MMU_ENG_ID_BAR1_FN46	0x12e
uvm/hopper/gh100	dev_fault.h	NV_PFAULT_MMU_ENG_ID_BAR1_FN47	0x12f
uvm/hopper/gh100	dev_fault.h	NV_PFAULT_MMU_ENG_ID_BAR1_FN48	0x130
uvm/hopper/gh100	dev_fault.h	NV_PFAULT_MMU_ENG_ID_BAR1_FN49	0x131
uvm/hopper/gh100	dev_fault.h	NV_PFAULT_MMU_ENG_ID_BAR1_FN5	0x105
uvm/hopper/gh100	dev_fault.h	NV_PFAULT_MMU_ENG_ID_BAR1_FN50	0x132
uvm/hopper/gh100	dev_fault.h	NV_PFAULT_MMU_ENG_ID_BAR1_FN51	0x133
uvm/hopper/gh100	dev_fault.h	NV_PFAULT_MMU_ENG_ID_BAR1_FN52	0x134
uvm/hopper/gh100	dev_fault.h	NV_PFAULT_MMU_ENG_ID_BAR1_FN53	0x135
uvm/hopper/gh100	dev_fault.h	NV_PFAULT_MMU_ENG_ID_BAR1_FN54	0x136
uvm/hopper/gh100	dev_fault.h	NV_PFAULT_MMU_ENG_ID_BAR1_FN55	0x137
uvm/hopper/gh100	dev_fault.h	NV_PFAULT_MMU_ENG_ID_BAR1_FN56	0x138
uvm/hopper/gh100	dev_fault.h	NV_PFAULT_MMU_ENG_ID_BAR1_FN57	0x139
uvm/hopper/gh100	dev_fault.h	NV_PFAULT_MMU_ENG_ID_BAR1_FN58	0x13a
uvm/hopper/gh100	dev_fault.h	NV_PFAULT_MMU_ENG_ID_BAR1_FN59	0x13b
uvm/hopper/gh100	dev_fault.h	NV_PFAULT_MMU_ENG_ID_BAR1_FN6	0x106
uvm/hopper/gh100	dev_fault.h	NV_PFAULT_MMU_ENG_ID_BAR1_FN60	0x13c
uvm/hopper/gh100	dev_fault.h	NV_PFAULT_MMU_ENG_ID_BAR1_FN61	0x13d
uvm/hopper/gh100	dev_fault.h	NV_PFAULT_MMU_ENG_ID_BAR1_FN62	0x13e
uvm/hopper/gh100	dev_fault.h	NV_PFAULT_MMU_ENG_ID_BAR1_FN63	0x13f
uvm/hopper/gh100	dev_fault.h	NV_PFAULT_MMU_ENG_ID_BAR1_FN7	0x107
uvm/hopper/gh100	dev_fault.h	NV_PFAULT_MMU_ENG_ID_BAR1_FN8	0x108
uvm/hopper/gh100	dev_fault.h	NV_PFAULT_MMU_ENG_ID_BAR1_FN9	0x109
uvm/hopper/gh100	dev_fault.h	NV_PFAULT_MMU_ENG_ID_BAR2	0x140
uvm/hopper/gh100	dev_fault.h	NV_PFAULT_MMU_ENG_ID_BAR2_FN0	0x140
uvm/hopper/gh100	dev_fault.h	NV_PFAULT_MMU_ENG_ID_BAR2_FN1	0x141
uvm/hopper/gh100	dev_fault.h	NV_PFAULT_MMU_ENG_ID_BAR2_FN10	0x14a
uvm/hopper/gh100	dev_fault.h	NV_PFAULT_MMU_ENG_ID_BAR2_FN11	0x14b
uvm/hopper/gh100	dev_fault.h	NV_PFAULT_MMU_ENG_ID_BAR2_FN12	0x14c
uvm/hopper/gh100	dev_fault.h	NV_PFAULT_MMU_ENG_ID_BAR2_FN13	0x14d
uvm/hopper/gh100	dev_fault.h	NV_PFAULT_MMU_ENG_ID_BAR2_FN14	0x14e
uvm/hopper/gh100	dev_fault.h	NV_PFAULT_MMU_ENG_ID_BAR2_FN15	0x14f
uvm/hopper/gh100	dev_fault.h	NV_PFAULT_MMU_ENG_ID_BAR2_FN16	0x150
uvm/hopper/gh100	dev_fault.h	NV_PFAULT_MMU_ENG_ID_BAR2_FN17	0x151
uvm/hopper/gh100	dev_fault.h	NV_PFAULT_MMU_ENG_ID_BAR2_FN18	0x152
uvm/hopper/gh100	dev_fault.h	NV_PFAULT_MMU_ENG_ID_BAR2_FN19	0x153
uvm/hopper/gh100	dev_fault.h	NV_PFAULT_MMU_ENG_ID_BAR2_FN2	0x142
uvm/hopper/gh100	dev_fault.h	NV_PFAULT_MMU_ENG_ID_BAR2_FN20	0x154
uvm/hopper/gh100	dev_fault.h	NV_PFAULT_MMU_ENG_ID_BAR2_FN21	0x155
uvm/hopper/gh100	dev_fault.h	NV_PFAULT_MMU_ENG_ID_BAR2_FN22	0x156
uvm/hopper/gh100	dev_fault.h	NV_PFAULT_MMU_ENG_ID_BAR2_FN23	0x157
uvm/hopper/gh100	dev_fault.h	NV_PFAULT_MMU_ENG_ID_BAR2_FN24	0x158
uvm/hopper/gh100	dev_fault.h	NV_PFAULT_MMU_ENG_ID_BAR2_FN25	0x159
uvm/hopper/gh100	dev_fault.h	NV_PFAULT_MMU_ENG_ID_BAR2_FN26	0x15a
uvm/hopper/gh100	dev_fault.h	NV_PFAULT_MMU_ENG_ID_BAR2_FN27	0x15b
uvm/hopper/gh100	dev_fault.h	NV_PFAULT_MMU_ENG_ID_BAR2_FN28	0x15c
uvm/hopper/gh100	dev_fault.h	NV_PFAULT_MMU_ENG_ID_BAR2_FN29	0x15d
uvm/hopper/gh100	dev_fault.h	NV_PFAULT_MMU_ENG_ID_BAR2_FN3	0x143
uvm/hopper/gh100	dev_fault.h	NV_PFAULT_MMU_ENG_ID_BAR2_FN30	0x15e
uvm/hopper/gh100	dev_fault.h	NV_PFAULT_MMU_ENG_ID_BAR2_FN31	0x15f
uvm/hopper/gh100	dev_fault.h	NV_PFAULT_MMU_ENG_ID_BAR2_FN32	0x160
uvm/hopper/gh100	dev_fault.h	NV_PFAULT_MMU_ENG_ID_BAR2_FN33	0x161
uvm/hopper/gh100	dev_fault.h	NV_PFAULT_MMU_ENG_ID_BAR2_FN34	0x162
uvm/hopper/gh100	dev_fault.h	NV_PFAULT_MMU_ENG_ID_BAR2_FN35	0x163
uvm/hopper/gh100	dev_fault.h	NV_PFAULT_MMU_ENG_ID_BAR2_FN36	0x164
uvm/hopper/gh100	dev_fault.h	NV_PFAULT_MMU_ENG_ID_BAR2_FN37	0x165
uvm/hopper/gh100	dev_fault.h	NV_PFAULT_MMU_ENG_ID_BAR2_FN38	0x166
uvm/hopper/gh100	dev_fault.h	NV_PFAULT_MMU_ENG_ID_BAR2_FN39	0x167
uvm/hopper/gh100	dev_fault.h	NV_PFAULT_MMU_ENG_ID_BAR2_FN4	0x144
uvm/hopper/gh100	dev_fault.h	NV_PFAULT_MMU_ENG_ID_BAR2_FN40	0x168
uvm/hopper/gh100	dev_fault.h	NV_PFAULT_MMU_ENG_ID_BAR2_FN41	0x169
uvm/hopper/gh100	dev_fault.h	NV_PFAULT_MMU_ENG_ID_BAR2_FN42	0x16a
uvm/hopper/gh100	dev_fault.h	NV_PFAULT_MMU_ENG_ID_BAR2_FN43	0x16b
uvm/hopper/gh100	dev_fault.h	NV_PFAULT_MMU_ENG_ID_BAR2_FN44	0x16c
uvm/hopper/gh100	dev_fault.h	NV_PFAULT_MMU_ENG_ID_BAR2_FN45	0x16d
uvm/hopper/gh100	dev_fault.h	NV_PFAULT_MMU_ENG_ID_BAR2_FN46	0x16e
uvm/hopper/gh100	dev_fault.h	NV_PFAULT_MMU_ENG_ID_BAR2_FN47	0x16f
uvm/hopper/gh100	dev_fault.h	NV_PFAULT_MMU_ENG_ID_BAR2_FN48	0x170
uvm/hopper/gh100	dev_fault.h	NV_PFAULT_MMU_ENG_ID_BAR2_FN49	0x171
uvm/hopper/gh100	dev_fault.h	NV_PFAULT_MMU_ENG_ID_BAR2_FN5	0x145
uvm/hopper/gh100	dev_fault.h	NV_PFAULT_MMU_ENG_ID_BAR2_FN50	0x172
uvm/hopper/gh100	dev_fault.h	NV_PFAULT_MMU_ENG_ID_BAR2_FN51	0x173
uvm/hopper/gh100	dev_fault.h	NV_PFAULT_MMU_ENG_ID_BAR2_FN52	0x174
uvm/hopper/gh100	dev_fault.h	NV_PFAULT_MMU_ENG_ID_BAR2_FN53	0x175
uvm/hopper/gh100	dev_fault.h	NV_PFAULT_MMU_ENG_ID_BAR2_FN54	0x176
uvm/hopper/gh100	dev_fault.h	NV_PFAULT_MMU_ENG_ID_BAR2_FN55	0x177
uvm/hopper/gh100	dev_fault.h	NV_PFAULT_MMU_ENG_ID_BAR2_FN56	0x178
uvm/hopper/gh100	dev_fault.h	NV_PFAULT_MMU_ENG_ID_BAR2_FN57	0x179
uvm/hopper/gh100	dev_fault.h	NV_PFAULT_MMU_ENG_ID_BAR2_FN58	0x17a
uvm/hopper/gh100	dev_fault.h	NV_PFAULT_MMU_ENG_ID_BAR2_FN59	0x17b
uvm/hopper/gh100	dev_fault.h	NV_PFAULT_MMU_ENG_ID_BAR2_FN6	0x146
uvm/hopper/gh100	dev_fault.h	NV_PFAULT_MMU_ENG_ID_BAR2_FN60	0x17c
uvm/hopper/gh100	dev_fault.h	NV_PFAULT_MMU_ENG_ID_BAR2_FN61	0x17d
uvm/hopper/gh100	dev_fault.h	NV_PFAULT_MMU_ENG_ID_BAR2_FN62	0x17e
uvm/hopper/gh100	dev_fault.h	NV_PFAULT_MMU_ENG_ID_BAR2_FN63	0x17f
uvm/hopper/gh100	dev_fault.h	NV_PFAULT_MMU_ENG_ID_BAR2_FN7	0x147
uvm/hopper/gh100	dev_fault.h	NV_PFAULT_MMU_ENG_ID_BAR2_FN8	0x148
uvm/hopper/gh100	dev_fault.h	NV_PFAULT_MMU_ENG_ID_BAR2_FN9	0x149
uvm/hopper/gh100	dev_fault.h	NV_PFAULT_MMU_ENG_ID_CE0	0x2b
uvm/hopper/gh100	dev_fault.h	NV_PFAULT_MMU_ENG_ID_CE1	0x2c
uvm/hopper/gh100	dev_fault.h	NV_PFAULT_MMU_ENG_ID_CE2	0x2d
uvm/hopper/gh100	dev_fault.h	NV_PFAULT_MMU_ENG_ID_CE3	0x2e
uvm/hopper/gh100	dev_fault.h	NV_PFAULT_MMU_ENG_ID_CE4	0x2f
uvm/hopper/gh100	dev_fault.h	NV_PFAULT_MMU_ENG_ID_CE5	0x30
uvm/hopper/gh100	dev_fault.h	NV_PFAULT_MMU_ENG_ID_CE6	0x31
uvm/hopper/gh100	dev_fault.h	NV_PFAULT_MMU_ENG_ID_CE7	0x32
uvm/hopper/gh100	dev_fault.h	NV_PFAULT_MMU_ENG_ID_CE8	0x33
uvm/hopper/gh100	dev_fault.h	NV_PFAULT_MMU_ENG_ID_CE9	0x34
uvm/hopper/gh100	dev_fault.h	NV_PFAULT_MMU_ENG_ID_DISPLAY	0x1
uvm/hopper/gh100	dev_fault.h	NV_PFAULT_MMU_ENG_ID_FLA	0x4
uvm/hopper/gh100	dev_fault.h	NV_PFAULT_MMU_ENG_ID_FSP	0x7
uvm/hopper/gh100	dev_fault.h	NV_PFAULT_MMU_ENG_ID_GRAPHICS	0x180
uvm/hopper/gh100	dev_fault.h	NV_PFAULT_MMU_ENG_ID_GRCOPY	0x2b
uvm/hopper/gh100	dev_fault.h	NV_PFAULT_MMU_ENG_ID_GSP	0x2
uvm/hopper/gh100	dev_fault.h	NV_PFAULT_MMU_ENG_ID_HOST0	0x40
uvm/hopper/gh100	dev_fault.h	NV_PFAULT_MMU_ENG_ID_HOST1	0x41
uvm/hopper/gh100	dev_fault.h	NV_PFAULT_MMU_ENG_ID_HOST10	0x4a
uvm/hopper/gh100	dev_fault.h	NV_PFAULT_MMU_ENG_ID_HOST11	0x4b
uvm/hopper/gh100	dev_fault.h	NV_PFAULT_MMU_ENG_ID_HOST12	0x4c
uvm/hopper/gh100	dev_fault.h	NV_PFAULT_MMU_ENG_ID_HOST13	0x4d
uvm/hopper/gh100	dev_fault.h	NV_PFAULT_MMU_ENG_ID_HOST14	0x4e
uvm/hopper/gh100	dev_fault.h	NV_PFAULT_MMU_ENG_ID_HOST15	0x4f
uvm/hopper/gh100	dev_fault.h	NV_PFAULT_MMU_ENG_ID_HOST16	0x50
uvm/hopper/gh100	dev_fault.h	NV_PFAULT_MMU_ENG_ID_HOST17	0x51
uvm/hopper/gh100	dev_fault.h	NV_PFAULT_MMU_ENG_ID_HOST18	0x52
uvm/hopper/gh100	dev_fault.h	NV_PFAULT_MMU_ENG_ID_HOST19	0x53
uvm/hopper/gh100	dev_fault.h	NV_PFAULT_MMU_ENG_ID_HOST2	0x42
uvm/hopper/gh100	dev_fault.h	NV_PFAULT_MMU_ENG_ID_HOST20	0x54
uvm/hopper/gh100	dev_fault.h	NV_PFAULT_MMU_ENG_ID_HOST21	0x55
uvm/hopper/gh100	dev_fault.h	NV_PFAULT_MMU_ENG_ID_HOST22	0x56
uvm/hopper/gh100	dev_fault.h	NV_PFAULT_MMU_ENG_ID_HOST23	0x57
uvm/hopper/gh100	dev_fault.h	NV_PFAULT_MMU_ENG_ID_HOST24	0x58
uvm/hopper/gh100	dev_fault.h	NV_PFAULT_MMU_ENG_ID_HOST25	0x59
uvm/hopper/gh100	dev_fault.h	NV_PFAULT_MMU_ENG_ID_HOST26	0x5a
uvm/hopper/gh100	dev_fault.h	NV_PFAULT_MMU_ENG_ID_HOST27	0x5b
uvm/hopper/gh100	dev_fault.h	NV_PFAULT_MMU_ENG_ID_HOST28	0x5c
uvm/hopper/gh100	dev_fault.h	NV_PFAULT_MMU_ENG_ID_HOST29	0x5d
uvm/hopper/gh100	dev_fault.h	NV_PFAULT_MMU_ENG_ID_HOST3	0x43
uvm/hopper/gh100	dev_fault.h	NV_PFAULT_MMU_ENG_ID_HOST30	0x5e
uvm/hopper/gh100	dev_fault.h	NV_PFAULT_MMU_ENG_ID_HOST31	0x5f
uvm/hopper/gh100	dev_fault.h	NV_PFAULT_MMU_ENG_ID_HOST32	0x60
uvm/hopper/gh100	dev_fault.h	NV_PFAULT_MMU_ENG_ID_HOST33	0x61
uvm/hopper/gh100	dev_fault.h	NV_PFAULT_MMU_ENG_ID_HOST34	0x62
uvm/hopper/gh100	dev_fault.h	NV_PFAULT_MMU_ENG_ID_HOST35	0x63
uvm/hopper/gh100	dev_fault.h	NV_PFAULT_MMU_ENG_ID_HOST36	0x64
uvm/hopper/gh100	dev_fault.h	NV_PFAULT_MMU_ENG_ID_HOST37	0x65
uvm/hopper/gh100	dev_fault.h	NV_PFAULT_MMU_ENG_ID_HOST38	0x66
uvm/hopper/gh100	dev_fault.h	NV_PFAULT_MMU_ENG_ID_HOST39	0x67
uvm/hopper/gh100	dev_fault.h	NV_PFAULT_MMU_ENG_ID_HOST4	0x44
uvm/hopper/gh100	dev_fault.h	NV_PFAULT_MMU_ENG_ID_HOST40	0x68
uvm/hopper/gh100	dev_fault.h	NV_PFAULT_MMU_ENG_ID_HOST41	0x69
uvm/hopper/gh100	dev_fault.h	NV_PFAULT_MMU_ENG_ID_HOST42	0x6a
uvm/hopper/gh100	dev_fault.h	NV_PFAULT_MMU_ENG_ID_HOST43	0x6b
uvm/hopper/gh100	dev_fault.h	NV_PFAULT_MMU_ENG_ID_HOST44	0x6c
uvm/hopper/gh100	dev_fault.h	NV_PFAULT_MMU_ENG_ID_HOST5	0x45
uvm/hopper/gh100	dev_fault.h	NV_PFAULT_MMU_ENG_ID_HOST6	0x46
uvm/hopper/gh100	dev_fault.h	NV_PFAULT_MMU_ENG_ID_HOST7	0x47
uvm/hopper/gh100	dev_fault.h	NV_PFAULT_MMU_ENG_ID_HOST8	0x48
uvm/hopper/gh100	dev_fault.h	NV_PFAULT_MMU_ENG_ID_HOST9	0x49
uvm/hopper/gh100	dev_fault.h	NV_PFAULT_MMU_ENG_ID_IFB	0x37
uvm/hopper/gh100	dev_fault.h	NV_PFAULT_MMU_ENG_ID_NVDEC	0x13
uvm/hopper/gh100	dev_fault.h	NV_PFAULT_MMU_ENG_ID_NVDEC0	0x13
uvm/hopper/gh100	dev_fault.h	NV_PFAULT_MMU_ENG_ID_NVDEC1	0x14
uvm/hopper/gh100	dev_fault.h	NV_PFAULT_MMU_ENG_ID_NVDEC2	0x15
uvm/hopper/gh100	dev_fault.h	NV_PFAULT_MMU_ENG_ID_NVDEC3	0x16
uvm/hopper/gh100	dev_fault.h	NV_PFAULT_MMU_ENG_ID_NVDEC4	0x17
uvm/hopper/gh100	dev_fault.h	NV_PFAULT_MMU_ENG_ID_NVDEC5	0x18
uvm/hopper/gh100	dev_fault.h	NV_PFAULT_MMU_ENG_ID_NVDEC6	0x19
uvm/hopper/gh100	dev_fault.h	NV_PFAULT_MMU_ENG_ID_NVDEC7	0x1a
uvm/hopper/gh100	dev_fault.h	NV_PFAULT_MMU_ENG_ID_NVENC0	0x23
uvm/hopper/gh100	dev_fault.h	NV_PFAULT_MMU_ENG_ID_NVENC1	0x24
uvm/hopper/gh100	dev_fault.h	NV_PFAULT_MMU_ENG_ID_NVENC2	0x25
uvm/hopper/gh100	dev_fault.h	NV_PFAULT_MMU_ENG_ID_NVJPG0	0x1b
uvm/hopper/gh100	dev_fault.h	NV_PFAULT_MMU_ENG_ID_NVJPG1	0x1c
uvm/hopper/gh100	dev_fault.h	NV_PFAULT_MMU_ENG_ID_NVJPG2	0x1d
uvm/hopper/gh100	dev_fault.h	NV_PFAULT_MMU_ENG_ID_NVJPG3	0x1e
uvm/hopper/gh100	dev_fault.h	NV_PFAULT_MMU_ENG_ID_NVJPG4	0x1f
uvm/hopper/gh100	dev_fault.h	NV_PFAULT_MMU_ENG_ID_NVJPG5	0x20
uvm/hopper/gh100	dev_fault.h	NV_PFAULT_MMU_ENG_ID_NVJPG6	0x21
uvm/hopper/gh100	dev_fault.h	NV_PFAULT_MMU_ENG_ID_NVJPG7	0x22
uvm/hopper/gh100	dev_fault.h	NV_PFAULT_MMU_ENG_ID_OFA0	0x35
uvm/hopper/gh100	dev_fault.h	NV_PFAULT_MMU_ENG_ID_PERF	0xa
uvm/hopper/gh100	dev_fault.h	NV_PFAULT_MMU_ENG_ID_PERF0	0xa
uvm/hopper/gh100	dev_fault.h	NV_PFAULT_MMU_ENG_ID_PERF1	0xb
uvm/hopper/gh100	dev_fault.h	NV_PFAULT_MMU_ENG_ID_PERF2	0xc
uvm/hopper/gh100	dev_fault.h	NV_PFAULT_MMU_ENG_ID_PERF3	0xd
uvm/hopper/gh100	dev_fault.h	NV_PFAULT_MMU_ENG_ID_PERF4	0xe
uvm/hopper/gh100	dev_fault.h	NV_PFAULT_MMU_ENG_ID_PERF5	0xf
uvm/hopper/gh100	dev_fault.h	NV_PFAULT_MMU_ENG_ID_PERF6	0x10
uvm/hopper/gh100	dev_fault.h	NV_PFAULT_MMU_ENG_ID_PERF7	0x11
uvm/hopper/gh100	dev_fault.h	NV_PFAULT_MMU_ENG_ID_PERF8	0x12
uvm/hopper/gh100	dev_fault.h	NV_PFAULT_MMU_ENG_ID_PHYSICAL	0x38
uvm/hopper/gh100	dev_fault.h	NV_PFAULT_MMU_ENG_ID_PTP	0x3
uvm/hopper/gh100	dev_fault.h	NV_PFAULT_MMU_ENG_ID_PWR_PMU	0x5
uvm/hopper/gh100	dev_fault.h	NV_PFAULT_MMU_ENG_ID_SEC	0x6
uvm/maxwell/gm107	dev_mmu.h	NV_MMU_PTE_KIND_C128_2C	0xf4
uvm/maxwell/gm107	dev_mmu.h	NV_MMU_PTE_KIND_C128_2CR	0xf5
uvm/maxwell/gm107	dev_mmu.h	NV_MMU_PTE_KIND_C128_MS2_2C	0xf6
uvm/maxwell/gm107	dev_mmu.h	NV_MMU_PTE_KIND_C128_MS2_2CR	0xf7
uvm/maxwell/gm107	dev_mmu.h	NV_MMU_PTE_KIND_C128_MS4_2C	0xf8
uvm/maxwell/gm107	dev_mmu.h	NV_MMU_PTE_KIND_C128_MS4_2CR	0xf9
uvm/maxwell/gm107	dev_mmu.h	NV_MMU_PTE_KIND_C128_MS8_MS16_2C	0xfa
uvm/maxwell/gm107	dev_mmu.h	NV_MMU_PTE_KIND_C128_MS8_MS16_2CR	0xfb
uvm/maxwell/gm107	dev_mmu.h	NV_MMU_PTE_KIND_C32_2BRA	0xdc
uvm/maxwell/gm107	dev_mmu.h	NV_MMU_PTE_KIND_C32_2C	0xd8
uvm/maxwell/gm107	dev_mmu.h	NV_MMU_PTE_KIND_C32_2CBA	0xda
uvm/maxwell/gm107	dev_mmu.h	NV_MMU_PTE_KIND_C32_2CBR	0xd9
uvm/maxwell/gm107	dev_mmu.h	NV_MMU_PTE_KIND_C32_2CRA	0xdb
uvm/maxwell/gm107	dev_mmu.h	NV_MMU_PTE_KIND_C32_MS2_2C	0xdd
uvm/maxwell/gm107	dev_mmu.h	NV_MMU_PTE_KIND_C32_MS2_2CBR	0xde
uvm/maxwell/gm107	dev_mmu.h	NV_MMU_PTE_KIND_C32_MS2_2CRA	0xcc
uvm/maxwell/gm107	dev_mmu.h	NV_MMU_PTE_KIND_C32_MS4_2BRA	0xe3
uvm/maxwell/gm107	dev_mmu.h	NV_MMU_PTE_KIND_C32_MS4_2C	0xdf
uvm/maxwell/gm107	dev_mmu.h	NV_MMU_PTE_KIND_C32_MS4_2CBA	0xe1
uvm/maxwell/gm107	dev_mmu.h	NV_MMU_PTE_KIND_C32_MS4_2CBR	0xe0
uvm/maxwell/gm107	dev_mmu.h	NV_MMU_PTE_KIND_C32_MS4_2CRA	0xe2
uvm/maxwell/gm107	dev_mmu.h	NV_MMU_PTE_KIND_C32_MS8_MS16_2C	0xe4
uvm/maxwell/gm107	dev_mmu.h	NV_MMU_PTE_KIND_C32_MS8_MS16_2CRA	0xe5
uvm/maxwell/gm107	dev_mmu.h	NV_MMU_PTE_KIND_C64_2BRA	0xea
uvm/maxwell/gm107	dev_mmu.h	NV_MMU_PTE_KIND_C64_2C	0xe6
uvm/maxwell/gm107	dev_mmu.h	NV_MMU_PTE_KIND_C64_2CBA	0xe8
uvm/maxwell/gm107	dev_mmu.h	NV_MMU_PTE_KIND_C64_2CBR	0xe7
uvm/maxwell/gm107	dev_mmu.h	NV_MMU_PTE_KIND_C64_2CRA	0xe9
uvm/maxwell/gm107	dev_mmu.h	NV_MMU_PTE_KIND_C64_MS2_2C	0xeb
uvm/maxwell/gm107	dev_mmu.h	NV_MMU_PTE_KIND_C64_MS2_2CBR	0xec
uvm/maxwell/gm107	dev_mmu.h	NV_MMU_PTE_KIND_C64_MS2_2CRA	0xcd
uvm/maxwell/gm107	dev_mmu.h	NV_MMU_PTE_KIND_C64_MS4_2BRA	0xf1
uvm/maxwell/gm107	dev_mmu.h	NV_MMU_PTE_KIND_C64_MS4_2C	0xed
uvm/maxwell/gm107	dev_mmu.h	NV_MMU_PTE_KIND_C64_MS4_2CBA	0xef
uvm/maxwell/gm107	dev_mmu.h	NV_MMU_PTE_KIND_C64_MS4_2CBR	0xee
uvm/maxwell/gm107	dev_mmu.h	NV_MMU_PTE_KIND_C64_MS4_2CRA	0xf0
uvm/maxwell/gm107	dev_mmu.h	NV_MMU_PTE_KIND_C64_MS8_MS16_2C	0xf2
uvm/maxwell/gm107	dev_mmu.h	NV_MMU_PTE_KIND_C64_MS8_MS16_2CRA	0xf3
uvm/maxwell/gm107	dev_mmu.h	NV_MMU_PTE_KIND_GENERIC_16BX2	0xfe
uvm/maxwell/gm107	dev_mmu.h	NV_MMU_PTE_KIND_INVALID	0xff
uvm/maxwell/gm107	dev_mmu.h	NV_MMU_PTE_KIND_PITCH	0x0
uvm/maxwell/gm107	dev_mmu.h	NV_MMU_PTE_KIND_PITCH_NO_SWIZZLE	0xfd
uvm/maxwell/gm107	dev_mmu.h	NV_MMU_PTE_KIND_S8Z24	0x11
uvm/maxwell/gm107	dev_mmu.h	NV_MMU_PTE_KIND_S8Z24_1Z	0x12
uvm/maxwell/gm107	dev_mmu.h	NV_MMU_PTE_KIND_S8Z24_2CS	0x1c
uvm/maxwell/gm107	dev_mmu.h	NV_MMU_PTE_KIND_S8Z24_2CZ	0x17
uvm/maxwell/gm107	dev_mmu.h	NV_MMU_PTE_KIND_S8Z24_4CSZV	0x21
uvm/maxwell/gm107	dev_mmu.h	NV_MMU_PTE_KIND_S8Z24_MS16_1Z	0x16
uvm/maxwell/gm107	dev_mmu.h	NV_MMU_PTE_KIND_S8Z24_MS16_2CS	0x20
uvm/maxwell/gm107	dev_mmu.h	NV_MMU_PTE_KIND_S8Z24_MS16_2CZ	0x1b
uvm/maxwell/gm107	dev_mmu.h	NV_MMU_PTE_KIND_S8Z24_MS16_4CSZV	0x25
uvm/maxwell/gm107	dev_mmu.h	NV_MMU_PTE_KIND_S8Z24_MS2_1Z	0x13
uvm/maxwell/gm107	dev_mmu.h	NV_MMU_PTE_KIND_S8Z24_MS2_2CS	0x1d
uvm/maxwell/gm107	dev_mmu.h	NV_MMU_PTE_KIND_S8Z24_MS2_2CZ	0x18
uvm/maxwell/gm107	dev_mmu.h	NV_MMU_PTE_KIND_S8Z24_MS2_4CSZV	0x22
uvm/maxwell/gm107	dev_mmu.h	NV_MMU_PTE_KIND_S8Z24_MS4_1Z	0x14
uvm/maxwell/gm107	dev_mmu.h	NV_MMU_PTE_KIND_S8Z24_MS4_2CS	0x1e
uvm/maxwell/gm107	dev_mmu.h	NV_MMU_PTE_KIND_S8Z24_MS4_2CZ	0x19
uvm/maxwell/gm107	dev_mmu.h	NV_MMU_PTE_KIND_S8Z24_MS4_4CSZV	0x23
uvm/maxwell/gm107	dev_mmu.h	NV_MMU_PTE_KIND_S8Z24_MS8_1Z	0x15
uvm/maxwell/gm107	dev_mmu.h	NV_MMU_PTE_KIND_S8Z24_MS8_2CS	0x1f
uvm/maxwell/gm107	dev_mmu.h	NV_MMU_PTE_KIND_S8Z24_MS8_2CZ	0x1a
uvm/maxwell/gm107	dev_mmu.h	NV_MMU_PTE_KIND_S8Z24_MS8_4CSZV	0x24
uvm/maxwell/gm107	dev_mmu.h	NV_MMU_PTE_KIND_SMHOST_MESSAGE	0xcb
uvm/maxwell/gm107	dev_mmu.h	NV_MMU_PTE_KIND_SMSKED_MESSAGE	0xca
uvm/maxwell/gm107	dev_mmu.h	NV_MMU_PTE_KIND_V8Z24_MS4_VC12	0x26
uvm/maxwell/gm107	dev_mmu.h	NV_MMU_PTE_KIND_V8Z24_MS4_VC12_1ZV	0x2e
uvm/maxwell/gm107	dev_mmu.h	NV_MMU_PTE_KIND_V8Z24_MS4_VC12_2CS	0x32
uvm/maxwell/gm107	dev_mmu.h	NV_MMU_PTE_KIND_V8Z24_MS4_VC12_2CZV	0x3a
uvm/maxwell/gm107	dev_mmu.h	NV_MMU_PTE_KIND_V8Z24_MS4_VC12_2ZV	0x3e
uvm/maxwell/gm107	dev_mmu.h	NV_MMU_PTE_KIND_V8Z24_MS4_VC12_4CSZV	0x42
uvm/maxwell/gm107	dev_mmu.h	NV_MMU_PTE_KIND_V8Z24_MS4_VC4	0x27
uvm/maxwell/gm107	dev_mmu.h	NV_MMU_PTE_KIND_V8Z24_MS4_VC4_1ZV	0x2f
uvm/maxwell/gm107	dev_mmu.h	NV_MMU_PTE_KIND_V8Z24_MS4_VC4_2CS	0x33
uvm/maxwell/gm107	dev_mmu.h	NV_MMU_PTE_KIND_V8Z24_MS4_VC4_2CZV	0x3b
uvm/maxwell/gm107	dev_mmu.h	NV_MMU_PTE_KIND_V8Z24_MS4_VC4_2ZV	0x3f
uvm/maxwell/gm107	dev_mmu.h	NV_MMU_PTE_KIND_V8Z24_MS4_VC4_4CSZV	0x43
uvm/maxwell/gm107	dev_mmu.h	NV_MMU_PTE_KIND_V8Z24_MS8_VC24	0x29
uvm/maxwell/gm107	dev_mmu.h	NV_MMU_PTE_KIND_V8Z24_MS8_VC24_1ZV	0x31
uvm/maxwell/gm107	dev_mmu.h	NV_MMU_PTE_KIND_V8Z24_MS8_VC24_2CS	0x35
uvm/maxwell/gm107	dev_mmu.h	NV_MMU_PTE_KIND_V8Z24_MS8_VC24_2CZV	0x3d
uvm/maxwell/gm107	dev_mmu.h	NV_MMU_PTE_KIND_V8Z24_MS8_VC24_2ZV	0x41
uvm/maxwell/gm107	dev_mmu.h	NV_MMU_PTE_KIND_V8Z24_MS8_VC24_4CSZV	0x45
uvm/maxwell/gm107	dev_mmu.h	NV_MMU_PTE_KIND_V8Z24_MS8_VC8	0x28
uvm/maxwell/gm107	dev_mmu.h	NV_MMU_PTE_KIND_V8Z24_MS8_VC8_1ZV	0x30
uvm/maxwell/gm107	dev_mmu.h	NV_MMU_PTE_KIND_V8Z24_MS8_VC8_2CS	0x34
uvm/maxwell/gm107	dev_mmu.h	NV_MMU_PTE_KIND_V8Z24_MS8_VC8_2CZV	0x3c
uvm/maxwell/gm107	dev_mmu.h	NV_MMU_PTE_KIND_V8Z24_MS8_VC8_2ZV	0x40
uvm/maxwell/gm107	dev_mmu.h	NV_MMU_PTE_KIND_V8Z24_MS8_VC8_4CSZV	0x44
uvm/maxwell/gm107	dev_mmu.h	NV_MMU_PTE_KIND_X8C24	0xfc
uvm/maxwell/gm107	dev_mmu.h	NV_MMU_PTE_KIND_X8Z24_X16V8S8_MS4_VC12	0x8b
uvm/maxwell/gm107	dev_mmu.h	NV_MMU_PTE_KIND_X8Z24_X16V8S8_MS4_VC12_1CS	0x8f
uvm/maxwell/gm107	dev_mmu.h	NV_MMU_PTE_KIND_X8Z24_X16V8S8_MS4_VC12_1CZV	0x9b
uvm/maxwell/gm107	dev_mmu.h	NV_MMU_PTE_KIND_X8Z24_X16V8S8_MS4_VC12_1ZV	0x97
uvm/maxwell/gm107	dev_mmu.h	NV_MMU_PTE_KIND_X8Z24_X16V8S8_MS4_VC12_2CS	0x9f
uvm/maxwell/gm107	dev_mmu.h	NV_MMU_PTE_KIND_X8Z24_X16V8S8_MS4_VC12_2CSZV	0xa3
uvm/maxwell/gm107	dev_mmu.h	NV_MMU_PTE_KIND_X8Z24_X16V8S8_MS4_VC4	0x8c
uvm/maxwell/gm107	dev_mmu.h	NV_MMU_PTE_KIND_X8Z24_X16V8S8_MS4_VC4_1CS	0x90
uvm/maxwell/gm107	dev_mmu.h	NV_MMU_PTE_KIND_X8Z24_X16V8S8_MS4_VC4_1CZV	0x9c
uvm/maxwell/gm107	dev_mmu.h	NV_MMU_PTE_KIND_X8Z24_X16V8S8_MS4_VC4_1ZV	0x98
uvm/maxwell/gm107	dev_mmu.h	NV_MMU_PTE_KIND_X8Z24_X16V8S8_MS4_VC4_2CS	0xa0
uvm/maxwell/gm107	dev_mmu.h	NV_MMU_PTE_KIND_X8Z24_X16V8S8_MS4_VC4_2CSZV	0xa4
uvm/maxwell/gm107	dev_mmu.h	NV_MMU_PTE_KIND_X8Z24_X16V8S8_MS8_VC24	0x8e
uvm/maxwell/gm107	dev_mmu.h	NV_MMU_PTE_KIND_X8Z24_X16V8S8_MS8_VC24_1CS	0x92
uvm/maxwell/gm107	dev_mmu.h	NV_MMU_PTE_KIND_X8Z24_X16V8S8_MS8_VC24_1CZV	0x9e
uvm/maxwell/gm107	dev_mmu.h	NV_MMU_PTE_KIND_X8Z24_X16V8S8_MS8_VC24_1ZV	0x9a
uvm/maxwell/gm107	dev_mmu.h	NV_MMU_PTE_KIND_X8Z24_X16V8S8_MS8_VC24_2CS	0xa2
uvm/maxwell/gm107	dev_mmu.h	NV_MMU_PTE_KIND_X8Z24_X16V8S8_MS8_VC24_2CSZV	0xa6
uvm/maxwell/gm107	dev_mmu.h	NV_MMU_PTE_KIND_X8Z24_X16V8S8_MS8_VC8	0x8d
uvm/maxwell/gm107	dev_mmu.h	NV_MMU_PTE_KIND_X8Z24_X16V8S8_MS8_VC8_1CS	0x91
uvm/maxwell/gm107	dev_mmu.h	NV_MMU_PTE_KIND_X8Z24_X16V8S8_MS8_VC8_1CZV	0x9d
uvm/maxwell/gm107	dev_mmu.h	NV_MMU_PTE_KIND_X8Z24_X16V8S8_MS8_VC8_1ZV	0x99
uvm/maxwell/gm107	dev_mmu.h	NV_MMU_PTE_KIND_X8Z24_X16V8S8_MS8_VC8_2CS	0xa1
uvm/maxwell/gm107	dev_mmu.h	NV_MMU_PTE_KIND_X8Z24_X16V8S8_MS8_VC8_2CSZV	0xa5
uvm/maxwell/gm107	dev_mmu.h	NV_MMU_PTE_KIND_Z16	0x1
uvm/maxwell/gm107	dev_mmu.h	NV_MMU_PTE_KIND_Z16_2C	0x2
uvm/maxwell/gm107	dev_mmu.h	NV_MMU_PTE_KIND_Z16_2Z	0x7
uvm/maxwell/gm107	dev_mmu.h	NV_MMU_PTE_KIND_Z16_4CZ	0xc
uvm/maxwell/gm107	dev_mmu.h	NV_MMU_PTE_KIND_Z16_MS16_2C	0x6
uvm/maxwell/gm107	dev_mmu.h	NV_MMU_PTE_KIND_Z16_MS16_2Z	0xb
uvm/maxwell/gm107	dev_mmu.h	NV_MMU_PTE_KIND_Z16_MS16_4CZ	0x10
uvm/maxwell/gm107	dev_mmu.h	NV_MMU_PTE_KIND_Z16_MS2_2C	0x3
uvm/maxwell/gm107	dev_mmu.h	NV_MMU_PTE_KIND_Z16_MS2_2Z	0x8
uvm/maxwell/gm107	dev_mmu.h	NV_MMU_PTE_KIND_Z16_MS2_4CZ	0xd
uvm/maxwell/gm107	dev_mmu.h	NV_MMU_PTE_KIND_Z16_MS4_2C	0x4
uvm/maxwell/gm107	dev_mmu.h	NV_MMU_PTE_KIND_Z16_MS4_2Z	0x9
uvm/maxwell/gm107	dev_mmu.h	NV_MMU_PTE_KIND_Z16_MS4_4CZ	0xe
uvm/maxwell/gm107	dev_mmu.h	NV_MMU_PTE_KIND_Z16_MS8_2C	0x5
uvm/maxwell/gm107	dev_mmu.h	NV_MMU_PTE_KIND_Z16_MS8_2Z	0xa
uvm/maxwell/gm107	dev_mmu.h	NV_MMU_PTE_KIND_Z16_MS8_4CZ	0xf
uvm/maxwell/gm107	dev_mmu.h	NV_MMU_PTE_KIND_Z24S8	0x46
uvm/maxwell/gm107	dev_mmu.h	NV_MMU_PTE_KIND_Z24S8_1Z	0x47
uvm/maxwell/gm107	dev_mmu.h	NV_MMU_PTE_KIND_Z24S8_2CS	0x4c
uvm/maxwell/gm107	dev_mmu.h	NV_MMU_PTE_KIND_Z24S8_2CZ	0x51
uvm/maxwell/gm107	dev_mmu.h	NV_MMU_PTE_KIND_Z24S8_4CSZV	0x56
uvm/maxwell/gm107	dev_mmu.h	NV_MMU_PTE_KIND_Z24S8_MS16_1Z	0x4b
uvm/maxwell/gm107	dev_mmu.h	NV_MMU_PTE_KIND_Z24S8_MS16_2CS	0x50
uvm/maxwell/gm107	dev_mmu.h	NV_MMU_PTE_KIND_Z24S8_MS16_2CZ	0x55
uvm/maxwell/gm107	dev_mmu.h	NV_MMU_PTE_KIND_Z24S8_MS16_4CSZV	0x5a
uvm/maxwell/gm107	dev_mmu.h	NV_MMU_PTE_KIND_Z24S8_MS2_1Z	0x48
uvm/maxwell/gm107	dev_mmu.h	NV_MMU_PTE_KIND_Z24S8_MS2_2CS	0x4d
uvm/maxwell/gm107	dev_mmu.h	NV_MMU_PTE_KIND_Z24S8_MS2_2CZ	0x52
uvm/maxwell/gm107	dev_mmu.h	NV_MMU_PTE_KIND_Z24S8_MS2_4CSZV	0x57
uvm/maxwell/gm107	dev_mmu.h	NV_MMU_PTE_KIND_Z24S8_MS4_1Z	0x49
uvm/maxwell/gm107	dev_mmu.h	NV_MMU_PTE_KIND_Z24S8_MS4_2CS	0x4e
uvm/maxwell/gm107	dev_mmu.h	NV_MMU_PTE_KIND_Z24S8_MS4_2CZ	0x53
uvm/maxwell/gm107	dev_mmu.h	NV_MMU_PTE_KIND_Z24S8_MS4_4CSZV	0x58
uvm/maxwell/gm107	dev_mmu.h	NV_MMU_PTE_KIND_Z24S8_MS8_1Z	0x4a
uvm/maxwell/gm107	dev_mmu.h	NV_MMU_PTE_KIND_Z24S8_MS8_2CS	0x4f
uvm/maxwell/gm107	dev_mmu.h	NV_MMU_PTE_KIND_Z24S8_MS8_2CZ	0x54
uvm/maxwell/gm107	dev_mmu.h	NV_MMU_PTE_KIND_Z24S8_MS8_4CSZV	0x59
uvm/maxwell/gm107	dev_mmu.h	NV_MMU_PTE_KIND_Z24V8_MS4_VC12	0x5b
uvm/maxwell/gm107	dev_mmu.h	NV_MMU_PTE_KIND_Z24V8_MS4_VC12_1ZV	0x63
uvm/maxwell/gm107	dev_mmu.h	NV_MMU_PTE_KIND_Z24V8_MS4_VC12_2CS	0x67
uvm/maxwell/gm107	dev_mmu.h	NV_MMU_PTE_KIND_Z24V8_MS4_VC12_2CZV	0x6f
uvm/maxwell/gm107	dev_mmu.h	NV_MMU_PTE_KIND_Z24V8_MS4_VC12_2ZV	0x73
uvm/maxwell/gm107	dev_mmu.h	NV_MMU_PTE_KIND_Z24V8_MS4_VC12_4CSZV	0x77
uvm/maxwell/gm107	dev_mmu.h	NV_MMU_PTE_KIND_Z24V8_MS4_VC4	0x5c
uvm/maxwell/gm107	dev_mmu.h	NV_MMU_PTE_KIND_Z24V8_MS4_VC4_1ZV	0x64
uvm/maxwell/gm107	dev_mmu.h	NV_MMU_PTE_KIND_Z24V8_MS4_VC4_2CS	0x68
uvm/maxwell/gm107	dev_mmu.h	NV_MMU_PTE_KIND_Z24V8_MS4_VC4_2CZV	0x70
uvm/maxwell/gm107	dev_mmu.h	NV_MMU_PTE_KIND_Z24V8_MS4_VC4_2ZV	0x74
uvm/maxwell/gm107	dev_mmu.h	NV_MMU_PTE_KIND_Z24V8_MS4_VC4_4CSZV	0x78
uvm/maxwell/gm107	dev_mmu.h	NV_MMU_PTE_KIND_Z24V8_MS8_VC24	0x5e
uvm/maxwell/gm107	dev_mmu.h	NV_MMU_PTE_KIND_Z24V8_MS8_VC24_1ZV	0x66
uvm/maxwell/gm107	dev_mmu.h	NV_MMU_PTE_KIND_Z24V8_MS8_VC24_2CS	0x6a
uvm/maxwell/gm107	dev_mmu.h	NV_MMU_PTE_KIND_Z24V8_MS8_VC24_2CZV	0x72
uvm/maxwell/gm107	dev_mmu.h	NV_MMU_PTE_KIND_Z24V8_MS8_VC24_2ZV	0x76
uvm/maxwell/gm107	dev_mmu.h	NV_MMU_PTE_KIND_Z24V8_MS8_VC24_4CSZV	0x7a
uvm/maxwell/gm107	dev_mmu.h	NV_MMU_PTE_KIND_Z24V8_MS8_VC8	0x5d
uvm/maxwell/gm107	dev_mmu.h	NV_MMU_PTE_KIND_Z24V8_MS8_VC8_1ZV	0x65
uvm/maxwell/gm107	dev_mmu.h	NV_MMU_PTE_KIND_Z24V8_MS8_VC8_2CS	0x69
uvm/maxwell/gm107	dev_mmu.h	NV_MMU_PTE_KIND_Z24V8_MS8_VC8_2CZV	0x71
uvm/maxwell/gm107	dev_mmu.h	NV_MMU_PTE_KIND_Z24V8_MS8_VC8_2ZV	0x75
uvm/maxwell/gm107	dev_mmu.h	NV_MMU_PTE_KIND_Z24V8_MS8_VC8_4CSZV	0x79
uvm/maxwell/gm107	dev_mmu.h	NV_MMU_PTE_KIND_ZF32	0x7b
uvm/maxwell/gm107	dev_mmu.h	NV_MMU_PTE_KIND_ZF32_1Z	0x7c
uvm/maxwell/gm107	dev_mmu.h	NV_MMU_PTE_KIND_ZF32_2CS	0x81
uvm/maxwell/gm107	dev_mmu.h	NV_MMU_PTE_KIND_ZF32_2CZ	0x86
uvm/maxwell/gm107	dev_mmu.h	NV_MMU_PTE_KIND_ZF32_MS16_1Z	0x80
uvm/maxwell/gm107	dev_mmu.h	NV_MMU_PTE_KIND_ZF32_MS16_2CS	0x85
uvm/maxwell/gm107	dev_mmu.h	NV_MMU_PTE_KIND_ZF32_MS16_2CZ	0x8a
uvm/maxwell/gm107	dev_mmu.h	NV_MMU_PTE_KIND_ZF32_MS2_1Z	0x7d
uvm/maxwell/gm107	dev_mmu.h	NV_MMU_PTE_KIND_ZF32_MS2_2CS	0x82
uvm/maxwell/gm107	dev_mmu.h	NV_MMU_PTE_KIND_ZF32_MS2_2CZ	0x87
uvm/maxwell/gm107	dev_mmu.h	NV_MMU_PTE_KIND_ZF32_MS4_1Z	0x7e
uvm/maxwell/gm107	dev_mmu.h	NV_MMU_PTE_KIND_ZF32_MS4_2CS	0x83
uvm/maxwell/gm107	dev_mmu.h	NV_MMU_PTE_KIND_ZF32_MS4_2CZ	0x88
uvm/maxwell/gm107	dev_mmu.h	NV_MMU_PTE_KIND_ZF32_MS8_1Z	0x7f
uvm/maxwell/gm107	dev_mmu.h	NV_MMU_PTE_KIND_ZF32_MS8_2CS	0x84
uvm/maxwell/gm107	dev_mmu.h	NV_MMU_PTE_KIND_ZF32_MS8_2CZ	0x89
uvm/maxwell/gm107	dev_mmu.h	NV_MMU_PTE_KIND_ZF32_X16V8S8_MS4_VC12	0xa7
uvm/maxwell/gm107	dev_mmu.h	NV_MMU_PTE_KIND_ZF32_X16V8S8_MS4_VC12_1CS	0xab
uvm/maxwell/gm107	dev_mmu.h	NV_MMU_PTE_KIND_ZF32_X16V8S8_MS4_VC12_1CZV	0xb7
uvm/maxwell/gm107	dev_mmu.h	NV_MMU_PTE_KIND_ZF32_X16V8S8_MS4_VC12_1ZV	0xb3
uvm/maxwell/gm107	dev_mmu.h	NV_MMU_PTE_KIND_ZF32_X16V8S8_MS4_VC12_2CS	0xbb
uvm/maxwell/gm107	dev_mmu.h	NV_MMU_PTE_KIND_ZF32_X16V8S8_MS4_VC12_2CSZV	0xbf
uvm/maxwell/gm107	dev_mmu.h	NV_MMU_PTE_KIND_ZF32_X16V8S8_MS4_VC4	0xa8
uvm/maxwell/gm107	dev_mmu.h	NV_MMU_PTE_KIND_ZF32_X16V8S8_MS4_VC4_1CS	0xac
uvm/maxwell/gm107	dev_mmu.h	NV_MMU_PTE_KIND_ZF32_X16V8S8_MS4_VC4_1CZV	0xb8
uvm/maxwell/gm107	dev_mmu.h	NV_MMU_PTE_KIND_ZF32_X16V8S8_MS4_VC4_1ZV	0xb4
uvm/maxwell/gm107	dev_mmu.h	NV_MMU_PTE_KIND_ZF32_X16V8S8_MS4_VC4_2CS	0xbc
uvm/maxwell/gm107	dev_mmu.h	NV_MMU_PTE_KIND_ZF32_X16V8S8_MS4_VC4_2CSZV	0xc0
uvm/maxwell/gm107	dev_mmu.h	NV_MMU_PTE_KIND_ZF32_X16V8S8_MS8_VC24	0xaa
uvm/maxwell/gm107	dev_mmu.h	NV_MMU_PTE_KIND_ZF32_X16V8S8_MS8_VC24_1CS	0xae
uvm/maxwell/gm107	dev_mmu.h	NV_MMU_PTE_KIND_ZF32_X16V8S8_MS8_VC24_1CZV	0xba
uvm/maxwell/gm107	dev_mmu.h	NV_MMU_PTE_KIND_ZF32_X16V8S8_MS8_VC24_1ZV	0xb6
uvm/maxwell/gm107	dev_mmu.h	NV_MMU_PTE_KIND_ZF32_X16V8S8_MS8_VC24_2CS	0xbe
uvm/maxwell/gm107	dev_mmu.h	NV_MMU_PTE_KIND_ZF32_X16V8S8_MS8_VC24_2CSZV	0xc2
uvm/maxwell/gm107	dev_mmu.h	NV_MMU_PTE_KIND_ZF32_X16V8S8_MS8_VC8	0xa9
uvm/maxwell/gm107	dev_mmu.h	NV_MMU_PTE_KIND_ZF32_X16V8S8_MS8_VC8_1CS	0xad
uvm/maxwell/gm107	dev_mmu.h	NV_MMU_PTE_KIND_ZF32_X16V8S8_MS8_VC8_1CZV	0xb9
uvm/maxwell/gm107	dev_mmu.h	NV_MMU_PTE_KIND_ZF32_X16V8S8_MS8_VC8_1ZV	0xb5
uvm/maxwell/gm107	dev_mmu.h	NV_MMU_PTE_KIND_ZF32_X16V8S8_MS8_VC8_2CS	0xbd
uvm/maxwell/gm107	dev_mmu.h	NV_MMU_PTE_KIND_ZF32_X16V8S8_MS8_VC8_2CSZV	0xc1
uvm/maxwell/gm107	dev_mmu.h	NV_MMU_PTE_KIND_ZF32_X24S8	0xc3
uvm/maxwell/gm107	dev_mmu.h	NV_MMU_PTE_KIND_ZF32_X24S8_1CS	0xc4
uvm/maxwell/gm107	dev_mmu.h	NV_MMU_PTE_KIND_ZF32_X24S8_2CS	0xd3
uvm/maxwell/gm107	dev_mmu.h	NV_MMU_PTE_KIND_ZF32_X24S8_2CSZV	0xce
uvm/maxwell/gm107	dev_mmu.h	NV_MMU_PTE_KIND_ZF32_X24S8_MS16_1CS	0xc8
uvm/maxwell/gm107	dev_mmu.h	NV_MMU_PTE_KIND_ZF32_X24S8_MS16_2CS	0xd7
uvm/maxwell/gm107	dev_mmu.h	NV_MMU_PTE_KIND_ZF32_X24S8_MS16_2CSZV	0xd2
uvm/maxwell/gm107	dev_mmu.h	NV_MMU_PTE_KIND_ZF32_X24S8_MS2_1CS	0xc5
uvm/maxwell/gm107	dev_mmu.h	NV_MMU_PTE_KIND_ZF32_X24S8_MS2_2CS	0xd4
uvm/maxwell/gm107	dev_mmu.h	NV_MMU_PTE_KIND_ZF32_X24S8_MS2_2CSZV	0xcf
uvm/maxwell/gm107	dev_mmu.h	NV_MMU_PTE_KIND_ZF32_X24S8_MS4_1CS	0xc6
uvm/maxwell/gm107	dev_mmu.h	NV_MMU_PTE_KIND_ZF32_X24S8_MS4_2CS	0xd5
uvm/maxwell/gm107	dev_mmu.h	NV_MMU_PTE_KIND_ZF32_X24S8_MS4_2CSZV	0xd0
uvm/maxwell/gm107	dev_mmu.h	NV_MMU_PTE_KIND_ZF32_X24S8_MS8_1CS	0xc7
uvm/maxwell/gm107	dev_mmu.h	NV_MMU_PTE_KIND_ZF32_X24S8_MS8_2CS	0xd6
uvm/maxwell/gm107	dev_mmu.h	NV_MMU_PTE_KIND_ZF32_X24S8_MS8_2CSZV	0xd1
uvm/pascal/gp100	dev_mmu.h	NV_MMU_PTE_KIND_C128_2C	0xf4
uvm/pascal/gp100	dev_mmu.h	NV_MMU_PTE_KIND_C128_2CR	0xf5
uvm/pascal/gp100	dev_mmu.h	NV_MMU_PTE_KIND_C128_MS2_2C	0xf6
uvm/pascal/gp100	dev_mmu.h	NV_MMU_PTE_KIND_C128_MS2_2CR	0xf7
uvm/pascal/gp100	dev_mmu.h	NV_MMU_PTE_KIND_C128_MS4_2C	0xf8
uvm/pascal/gp100	dev_mmu.h	NV_MMU_PTE_KIND_C128_MS4_2CR	0xf9
uvm/pascal/gp100	dev_mmu.h	NV_MMU_PTE_KIND_C128_MS8_MS16_2C	0xfa
uvm/pascal/gp100	dev_mmu.h	NV_MMU_PTE_KIND_C128_MS8_MS16_2CR	0xfb
uvm/pascal/gp100	dev_mmu.h	NV_MMU_PTE_KIND_C32_2BRA	0xdc
uvm/pascal/gp100	dev_mmu.h	NV_MMU_PTE_KIND_C32_2C	0xd8
uvm/pascal/gp100	dev_mmu.h	NV_MMU_PTE_KIND_C32_2CBA	0xda
uvm/pascal/gp100	dev_mmu.h	NV_MMU_PTE_KIND_C32_2CBR	0xd9
uvm/pascal/gp100	dev_mmu.h	NV_MMU_PTE_KIND_C32_2CRA	0xdb
uvm/pascal/gp100	dev_mmu.h	NV_MMU_PTE_KIND_C32_MS2_2C	0xdd
uvm/pascal/gp100	dev_mmu.h	NV_MMU_PTE_KIND_C32_MS2_2CBR	0xde
uvm/pascal/gp100	dev_mmu.h	NV_MMU_PTE_KIND_C32_MS2_2CRA	0xcc
uvm/pascal/gp100	dev_mmu.h	NV_MMU_PTE_KIND_C32_MS4_2BRA	0xe3
uvm/pascal/gp100	dev_mmu.h	NV_MMU_PTE_KIND_C32_MS4_2C	0xdf
uvm/pascal/gp100	dev_mmu.h	NV_MMU_PTE_KIND_C32_MS4_2CBA	0xe1
uvm/pascal/gp100	dev_mmu.h	NV_MMU_PTE_KIND_C32_MS4_2CBR	0xe0
uvm/pascal/gp100	dev_mmu.h	NV_MMU_PTE_KIND_C32_MS4_2CRA	0xe2
uvm/pascal/gp100	dev_mmu.h	NV_MMU_PTE_KIND_C32_MS4_4CBRA	0x2c
uvm/pascal/gp100	dev_mmu.h	NV_MMU_PTE_KIND_C32_MS8_MS16_2C	0xe4
uvm/pascal/gp100	dev_mmu.h	NV_MMU_PTE_KIND_C32_MS8_MS16_2CRA	0xe5
uvm/pascal/gp100	dev_mmu.h	NV_MMU_PTE_KIND_C64_2BRA	0xea
uvm/pascal/gp100	dev_mmu.h	NV_MMU_PTE_KIND_C64_2C	0xe6
uvm/pascal/gp100	dev_mmu.h	NV_MMU_PTE_KIND_C64_2CBA	0xe8
uvm/pascal/gp100	dev_mmu.h	NV_MMU_PTE_KIND_C64_2CBR	0xe7
uvm/pascal/gp100	dev_mmu.h	NV_MMU_PTE_KIND_C64_2CRA	0xe9
uvm/pascal/gp100	dev_mmu.h	NV_MMU_PTE_KIND_C64_MS2_2C	0xeb
uvm/pascal/gp100	dev_mmu.h	NV_MMU_PTE_KIND_C64_MS2_2CBR	0xec
uvm/pascal/gp100	dev_mmu.h	NV_MMU_PTE_KIND_C64_MS2_2CRA	0xcd
uvm/pascal/gp100	dev_mmu.h	NV_MMU_PTE_KIND_C64_MS4_2BRA	0xf1
uvm/pascal/gp100	dev_mmu.h	NV_MMU_PTE_KIND_C64_MS4_2C	0xed
uvm/pascal/gp100	dev_mmu.h	NV_MMU_PTE_KIND_C64_MS4_2CBA	0xef
uvm/pascal/gp100	dev_mmu.h	NV_MMU_PTE_KIND_C64_MS4_2CBR	0xee
uvm/pascal/gp100	dev_mmu.h	NV_MMU_PTE_KIND_C64_MS4_2CRA	0xf0
uvm/pascal/gp100	dev_mmu.h	NV_MMU_PTE_KIND_C64_MS4_4CBRA	0x2d
uvm/pascal/gp100	dev_mmu.h	NV_MMU_PTE_KIND_C64_MS8_MS16_2C	0xf2
uvm/pascal/gp100	dev_mmu.h	NV_MMU_PTE_KIND_C64_MS8_MS16_2CRA	0xf3
uvm/pascal/gp100	dev_mmu.h	NV_MMU_PTE_KIND_GENERIC_16BX2	0xfe
uvm/pascal/gp100	dev_mmu.h	NV_MMU_PTE_KIND_INVALID	0xff
uvm/pascal/gp100	dev_mmu.h	NV_MMU_PTE_KIND_PITCH	0x0
uvm/pascal/gp100	dev_mmu.h	NV_MMU_PTE_KIND_PITCH_NO_SWIZZLE	0xfd
uvm/pascal/gp100	dev_mmu.h	NV_MMU_PTE_KIND_S8	0x2a
uvm/pascal/gp100	dev_mmu.h	NV_MMU_PTE_KIND_S8Z24	0x11
uvm/pascal/gp100	dev_mmu.h	NV_MMU_PTE_KIND_S8Z24_1Z	0x12
uvm/pascal/gp100	dev_mmu.h	NV_MMU_PTE_KIND_S8Z24_2CS	0x1c
uvm/pascal/gp100	dev_mmu.h	NV_MMU_PTE_KIND_S8Z24_2CZ	0x17
uvm/pascal/gp100	dev_mmu.h	NV_MMU_PTE_KIND_S8Z24_4CSZV	0x21
uvm/pascal/gp100	dev_mmu.h	NV_MMU_PTE_KIND_S8Z24_MS16_1Z	0x16
uvm/pascal/gp100	dev_mmu.h	NV_MMU_PTE_KIND_S8Z24_MS16_2CS	0x20
uvm/pascal/gp100	dev_mmu.h	NV_MMU_PTE_KIND_S8Z24_MS16_2CZ	0x1b
uvm/pascal/gp100	dev_mmu.h	NV_MMU_PTE_KIND_S8Z24_MS16_4CSZV	0x25
uvm/pascal/gp100	dev_mmu.h	NV_MMU_PTE_KIND_S8Z24_MS2_1Z	0x13
uvm/pascal/gp100	dev_mmu.h	NV_MMU_PTE_KIND_S8Z24_MS2_2CS	0x1d
uvm/pascal/gp100	dev_mmu.h	NV_MMU_PTE_KIND_S8Z24_MS2_2CZ	0x18
uvm/pascal/gp100	dev_mmu.h	NV_MMU_PTE_KIND_S8Z24_MS2_4CSZV	0x22
uvm/pascal/gp100	dev_mmu.h	NV_MMU_PTE_KIND_S8Z24_MS4_1Z	0x14
uvm/pascal/gp100	dev_mmu.h	NV_MMU_PTE_KIND_S8Z24_MS4_2CS	0x1e
uvm/pascal/gp100	dev_mmu.h	NV_MMU_PTE_KIND_S8Z24_MS4_2CZ	0x19
uvm/pascal/gp100	dev_mmu.h	NV_MMU_PTE_KIND_S8Z24_MS4_4CSZV	0x23
uvm/pascal/gp100	dev_mmu.h	NV_MMU_PTE_KIND_S8Z24_MS8_1Z	0x15
uvm/pascal/gp100	dev_mmu.h	NV_MMU_PTE_KIND_S8Z24_MS8_2CS	0x1f
uvm/pascal/gp100	dev_mmu.h	NV_MMU_PTE_KIND_S8Z24_MS8_2CZ	0x1a
uvm/pascal/gp100	dev_mmu.h	NV_MMU_PTE_KIND_S8Z24_MS8_4CSZV	0x24
uvm/pascal/gp100	dev_mmu.h	NV_MMU_PTE_KIND_S8_2S	0x2b
uvm/pascal/gp100	dev_mmu.h	NV_MMU_PTE_KIND_SMHOST_MESSAGE	0xcb
uvm/pascal/gp100	dev_mmu.h	NV_MMU_PTE_KIND_SMSKED_MESSAGE	0xca
uvm/pascal/gp100	dev_mmu.h	NV_MMU_PTE_KIND_V8Z24_MS4_VC12	0x26
uvm/pascal/gp100	dev_mmu.h	NV_MMU_PTE_KIND_V8Z24_MS4_VC12_1ZV	0x2e
uvm/pascal/gp100	dev_mmu.h	NV_MMU_PTE_KIND_V8Z24_MS4_VC12_2CS	0x32
uvm/pascal/gp100	dev_mmu.h	NV_MMU_PTE_KIND_V8Z24_MS4_VC12_2CZV	0x3a
uvm/pascal/gp100	dev_mmu.h	NV_MMU_PTE_KIND_V8Z24_MS4_VC12_2ZV	0x3e
uvm/pascal/gp100	dev_mmu.h	NV_MMU_PTE_KIND_V8Z24_MS4_VC12_4CSZV	0x42
uvm/pascal/gp100	dev_mmu.h	NV_MMU_PTE_KIND_V8Z24_MS4_VC4	0x27
uvm/pascal/gp100	dev_mmu.h	NV_MMU_PTE_KIND_V8Z24_MS4_VC4_1ZV	0x2f
uvm/pascal/gp100	dev_mmu.h	NV_MMU_PTE_KIND_V8Z24_MS4_VC4_2CS	0x33
uvm/pascal/gp100	dev_mmu.h	NV_MMU_PTE_KIND_V8Z24_MS4_VC4_2CZV	0x3b
uvm/pascal/gp100	dev_mmu.h	NV_MMU_PTE_KIND_V8Z24_MS4_VC4_2ZV	0x3f
uvm/pascal/gp100	dev_mmu.h	NV_MMU_PTE_KIND_V8Z24_MS4_VC4_4CSZV	0x43
uvm/pascal/gp100	dev_mmu.h	NV_MMU_PTE_KIND_V8Z24_MS8_VC24	0x29
uvm/pascal/gp100	dev_mmu.h	NV_MMU_PTE_KIND_V8Z24_MS8_VC24_1ZV	0x31
uvm/pascal/gp100	dev_mmu.h	NV_MMU_PTE_KIND_V8Z24_MS8_VC24_2CS	0x35
uvm/pascal/gp100	dev_mmu.h	NV_MMU_PTE_KIND_V8Z24_MS8_VC24_2CZV	0x3d
uvm/pascal/gp100	dev_mmu.h	NV_MMU_PTE_KIND_V8Z24_MS8_VC24_2ZV	0x41
uvm/pascal/gp100	dev_mmu.h	NV_MMU_PTE_KIND_V8Z24_MS8_VC24_4CSZV	0x45
uvm/pascal/gp100	dev_mmu.h	NV_MMU_PTE_KIND_V8Z24_MS8_VC8	0x28
uvm/pascal/gp100	dev_mmu.h	NV_MMU_PTE_KIND_V8Z24_MS8_VC8_1ZV	0x30
uvm/pascal/gp100	dev_mmu.h	NV_MMU_PTE_KIND_V8Z24_MS8_VC8_2CS	0x34
uvm/pascal/gp100	dev_mmu.h	NV_MMU_PTE_KIND_V8Z24_MS8_VC8_2CZV	0x3c
uvm/pascal/gp100	dev_mmu.h	NV_MMU_PTE_KIND_V8Z24_MS8_VC8_2ZV	0x40
uvm/pascal/gp100	dev_mmu.h	NV_MMU_PTE_KIND_V8Z24_MS8_VC8_4CSZV	0x44
uvm/pascal/gp100	dev_mmu.h	NV_MMU_PTE_KIND_X8C24	0xfc
uvm/pascal/gp100	dev_mmu.h	NV_MMU_PTE_KIND_X8Z24_X16V8S8_MS4_VC12	0x8b
uvm/pascal/gp100	dev_mmu.h	NV_MMU_PTE_KIND_X8Z24_X16V8S8_MS4_VC12_1CS	0x8f
uvm/pascal/gp100	dev_mmu.h	NV_MMU_PTE_KIND_X8Z24_X16V8S8_MS4_VC12_1CZV	0x9b
uvm/pascal/gp100	dev_mmu.h	NV_MMU_PTE_KIND_X8Z24_X16V8S8_MS4_VC12_1ZV	0x97
uvm/pascal/gp100	dev_mmu.h	NV_MMU_PTE_KIND_X8Z24_X16V8S8_MS4_VC12_2CS	0x9f
uvm/pascal/gp100	dev_mmu.h	NV_MMU_PTE_KIND_X8Z24_X16V8S8_MS4_VC12_2CSZV	0xa3
uvm/pascal/gp100	dev_mmu.h	NV_MMU_PTE_KIND_X8Z24_X16V8S8_MS4_VC4	0x8c
uvm/pascal/gp100	dev_mmu.h	NV_MMU_PTE_KIND_X8Z24_X16V8S8_MS4_VC4_1CS	0x90
uvm/pascal/gp100	dev_mmu.h	NV_MMU_PTE_KIND_X8Z24_X16V8S8_MS4_VC4_1CZV	0x9c
uvm/pascal/gp100	dev_mmu.h	NV_MMU_PTE_KIND_X8Z24_X16V8S8_MS4_VC4_1ZV	0x98
uvm/pascal/gp100	dev_mmu.h	NV_MMU_PTE_KIND_X8Z24_X16V8S8_MS4_VC4_2CS	0xa0
uvm/pascal/gp100	dev_mmu.h	NV_MMU_PTE_KIND_X8Z24_X16V8S8_MS4_VC4_2CSZV	0xa4
uvm/pascal/gp100	dev_mmu.h	NV_MMU_PTE_KIND_X8Z24_X16V8S8_MS8_VC24	0x8e
uvm/pascal/gp100	dev_mmu.h	NV_MMU_PTE_KIND_X8Z24_X16V8S8_MS8_VC24_1CS	0x92
uvm/pascal/gp100	dev_mmu.h	NV_MMU_PTE_KIND_X8Z24_X16V8S8_MS8_VC24_1CZV	0x9e
uvm/pascal/gp100	dev_mmu.h	NV_MMU_PTE_KIND_X8Z24_X16V8S8_MS8_VC24_1ZV	0x9a
uvm/pascal/gp100	dev_mmu.h	NV_MMU_PTE_KIND_X8Z24_X16V8S8_MS8_VC24_2CS	0xa2
uvm/pascal/gp100	dev_mmu.h	NV_MMU_PTE_KIND_X8Z24_X16V8S8_MS8_VC24_2CSZV	0xa6
uvm/pascal/gp100	dev_mmu.h	NV_MMU_PTE_KIND_X8Z24_X16V8S8_MS8_VC8	0x8d
uvm/pascal/gp100	dev_mmu.h	NV_MMU_PTE_KIND_X8Z24_X16V8S8_MS8_VC8_1CS	0x91
uvm/pascal/gp100	dev_mmu.h	NV_MMU_PTE_KIND_X8Z24_X16V8S8_MS8_VC8_1CZV	0x9d
uvm/pascal/gp100	dev_mmu.h	NV_MMU_PTE_KIND_X8Z24_X16V8S8_MS8_VC8_1ZV	0x99
uvm/pascal/gp100	dev_mmu.h	NV_MMU_PTE_KIND_X8Z24_X16V8S8_MS8_VC8_2CS	0xa1
uvm/pascal/gp100	dev_mmu.h	NV_MMU_PTE_KIND_X8Z24_X16V8S8_MS8_VC8_2CSZV	0xa5
uvm/pascal/gp100	dev_mmu.h	NV_MMU_PTE_KIND_Z16	0x1
uvm/pascal/gp100	dev_mmu.h	NV_MMU_PTE_KIND_Z16_2C	0x2
uvm/pascal/gp100	dev_mmu.h	NV_MMU_PTE_KIND_Z16_2CZ	0x36
uvm/pascal/gp100	dev_mmu.h	NV_MMU_PTE_KIND_Z16_2Z	0x7
uvm/pascal/gp100	dev_mmu.h	NV_MMU_PTE_KIND_Z16_4CZ	0xc
uvm/pascal/gp100	dev_mmu.h	NV_MMU_PTE_KIND_Z16_MS16_2C	0x6
uvm/pascal/gp100	dev_mmu.h	NV_MMU_PTE_KIND_Z16_MS16_2CZ	0x5f
uvm/pascal/gp100	dev_mmu.h	NV_MMU_PTE_KIND_Z16_MS16_2Z	0xb
uvm/pascal/gp100	dev_mmu.h	NV_MMU_PTE_KIND_Z16_MS16_4CZ	0x10
uvm/pascal/gp100	dev_mmu.h	NV_MMU_PTE_KIND_Z16_MS2_2C	0x3
uvm/pascal/gp100	dev_mmu.h	NV_MMU_PTE_KIND_Z16_MS2_2CZ	0x37
uvm/pascal/gp100	dev_mmu.h	NV_MMU_PTE_KIND_Z16_MS2_2Z	0x8
uvm/pascal/gp100	dev_mmu.h	NV_MMU_PTE_KIND_Z16_MS2_4CZ	0xd
uvm/pascal/gp100	dev_mmu.h	NV_MMU_PTE_KIND_Z16_MS4_2C	0x4
uvm/pascal/gp100	dev_mmu.h	NV_MMU_PTE_KIND_Z16_MS4_2CZ	0x38
uvm/pascal/gp100	dev_mmu.h	NV_MMU_PTE_KIND_Z16_MS4_2Z	0x9
uvm/pascal/gp100	dev_mmu.h	NV_MMU_PTE_KIND_Z16_MS4_4CZ	0xe
uvm/pascal/gp100	dev_mmu.h	NV_MMU_PTE_KIND_Z16_MS8_2C	0x5
uvm/pascal/gp100	dev_mmu.h	NV_MMU_PTE_KIND_Z16_MS8_2CZ	0x39
uvm/pascal/gp100	dev_mmu.h	NV_MMU_PTE_KIND_Z16_MS8_2Z	0xa
uvm/pascal/gp100	dev_mmu.h	NV_MMU_PTE_KIND_Z16_MS8_4CZ	0xf
uvm/pascal/gp100	dev_mmu.h	NV_MMU_PTE_KIND_Z24S8	0x46
uvm/pascal/gp100	dev_mmu.h	NV_MMU_PTE_KIND_Z24S8_1Z	0x47
uvm/pascal/gp100	dev_mmu.h	NV_MMU_PTE_KIND_Z24S8_2CS	0x4c
uvm/pascal/gp100	dev_mmu.h	NV_MMU_PTE_KIND_Z24S8_2CZ	0x51
uvm/pascal/gp100	dev_mmu.h	NV_MMU_PTE_KIND_Z24S8_4CSZV	0x56
uvm/pascal/gp100	dev_mmu.h	NV_MMU_PTE_KIND_Z24S8_MS16_1Z	0x4b
uvm/pascal/gp100	dev_mmu.h	NV_MMU_PTE_KIND_Z24S8_MS16_2CS	0x50
uvm/pascal/gp100	dev_mmu.h	NV_MMU_PTE_KIND_Z24S8_MS16_2CZ	0x55
uvm/pascal/gp100	dev_mmu.h	NV_MMU_PTE_KIND_Z24S8_MS16_4CSZV	0x5a
uvm/pascal/gp100	dev_mmu.h	NV_MMU_PTE_KIND_Z24S8_MS2_1Z	0x48
uvm/pascal/gp100	dev_mmu.h	NV_MMU_PTE_KIND_Z24S8_MS2_2CS	0x4d
uvm/pascal/gp100	dev_mmu.h	NV_MMU_PTE_KIND_Z24S8_MS2_2CZ	0x52
uvm/pascal/gp100	dev_mmu.h	NV_MMU_PTE_KIND_Z24S8_MS2_4CSZV	0x57
uvm/pascal/gp100	dev_mmu.h	NV_MMU_PTE_KIND_Z24S8_MS4_1Z	0x49
uvm/pascal/gp100	dev_mmu.h	NV_MMU_PTE_KIND_Z24S8_MS4_2CS	0x4e
uvm/pascal/gp100	dev_mmu.h	NV_MMU_PTE_KIND_Z24S8_MS4_2CZ	0x53
uvm/pascal/gp100	dev_mmu.h	NV_MMU_PTE_KIND_Z24S8_MS4_4CSZV	0x58
uvm/pascal/gp100	dev_mmu.h	NV_MMU_PTE_KIND_Z24S8_MS8_1Z	0x4a
uvm/pascal/gp100	dev_mmu.h	NV_MMU_PTE_KIND_Z24S8_MS8_2CS	0x4f
uvm/pascal/gp100	dev_mmu.h	NV_MMU_PTE_KIND_Z24S8_MS8_2CZ	0x54
uvm/pascal/gp100	dev_mmu.h	NV_MMU_PTE_KIND_Z24S8_MS8_4CSZV	0x59
uvm/pascal/gp100	dev_mmu.h	NV_MMU_PTE_KIND_Z24V8_MS4_VC12	0x5b
uvm/pascal/gp100	dev_mmu.h	NV_MMU_PTE_KIND_Z24V8_MS4_VC12_1ZV	0x63
uvm/pascal/gp100	dev_mmu.h	NV_MMU_PTE_KIND_Z24V8_MS4_VC12_2CS	0x67
uvm/pascal/gp100	dev_mmu.h	NV_MMU_PTE_KIND_Z24V8_MS4_VC12_2CZV	0x6f
uvm/pascal/gp100	dev_mmu.h	NV_MMU_PTE_KIND_Z24V8_MS4_VC12_2ZV	0x73
uvm/pascal/gp100	dev_mmu.h	NV_MMU_PTE_KIND_Z24V8_MS4_VC12_4CSZV	0x77
uvm/pascal/gp100	dev_mmu.h	NV_MMU_PTE_KIND_Z24V8_MS4_VC4	0x5c
uvm/pascal/gp100	dev_mmu.h	NV_MMU_PTE_KIND_Z24V8_MS4_VC4_1ZV	0x64
uvm/pascal/gp100	dev_mmu.h	NV_MMU_PTE_KIND_Z24V8_MS4_VC4_2CS	0x68
uvm/pascal/gp100	dev_mmu.h	NV_MMU_PTE_KIND_Z24V8_MS4_VC4_2CZV	0x70
uvm/pascal/gp100	dev_mmu.h	NV_MMU_PTE_KIND_Z24V8_MS4_VC4_2ZV	0x74
uvm/pascal/gp100	dev_mmu.h	NV_MMU_PTE_KIND_Z24V8_MS4_VC4_4CSZV	0x78
uvm/pascal/gp100	dev_mmu.h	NV_MMU_PTE_KIND_Z24V8_MS8_VC24	0x5e
uvm/pascal/gp100	dev_mmu.h	NV_MMU_PTE_KIND_Z24V8_MS8_VC24_1ZV	0x66
uvm/pascal/gp100	dev_mmu.h	NV_MMU_PTE_KIND_Z24V8_MS8_VC24_2CS	0x6a
uvm/pascal/gp100	dev_mmu.h	NV_MMU_PTE_KIND_Z24V8_MS8_VC24_2CZV	0x72
uvm/pascal/gp100	dev_mmu.h	NV_MMU_PTE_KIND_Z24V8_MS8_VC24_2ZV	0x76
uvm/pascal/gp100	dev_mmu.h	NV_MMU_PTE_KIND_Z24V8_MS8_VC24_4CSZV	0x7a
uvm/pascal/gp100	dev_mmu.h	NV_MMU_PTE_KIND_Z24V8_MS8_VC8	0x5d
uvm/pascal/gp100	dev_mmu.h	NV_MMU_PTE_KIND_Z24V8_MS8_VC8_1ZV	0x65
uvm/pascal/gp100	dev_mmu.h	NV_MMU_PTE_KIND_Z24V8_MS8_VC8_2CS	0x69
uvm/pascal/gp100	dev_mmu.h	NV_MMU_PTE_KIND_Z24V8_MS8_VC8_2CZV	0x71
uvm/pascal/gp100	dev_mmu.h	NV_MMU_PTE_KIND_Z24V8_MS8_VC8_2ZV	0x75
uvm/pascal/gp100	dev_mmu.h	NV_MMU_PTE_KIND_Z24V8_MS8_VC8_4CSZV	0x79
uvm/pascal/gp100	dev_mmu.h	NV_MMU_PTE_KIND_ZF32	0x7b
uvm/pascal/gp100	dev_mmu.h	NV_MMU_PTE_KIND_ZF32_1Z	0x7c
uvm/pascal/gp100	dev_mmu.h	NV_MMU_PTE_KIND_ZF32_2CS	0x81
uvm/pascal/gp100	dev_mmu.h	NV_MMU_PTE_KIND_ZF32_2CZ	0x86
uvm/pascal/gp100	dev_mmu.h	NV_MMU_PTE_KIND_ZF32_MS16_1Z	0x80
uvm/pascal/gp100	dev_mmu.h	NV_MMU_PTE_KIND_ZF32_MS16_2CS	0x85
uvm/pascal/gp100	dev_mmu.h	NV_MMU_PTE_KIND_ZF32_MS16_2CZ	0x8a
uvm/pascal/gp100	dev_mmu.h	NV_MMU_PTE_KIND_ZF32_MS2_1Z	0x7d
uvm/pascal/gp100	dev_mmu.h	NV_MMU_PTE_KIND_ZF32_MS2_2CS	0x82
uvm/pascal/gp100	dev_mmu.h	NV_MMU_PTE_KIND_ZF32_MS2_2CZ	0x87
uvm/pascal/gp100	dev_mmu.h	NV_MMU_PTE_KIND_ZF32_MS4_1Z	0x7e
uvm/pascal/gp100	dev_mmu.h	NV_MMU_PTE_KIND_ZF32_MS4_2CS	0x83
uvm/pascal/gp100	dev_mmu.h	NV_MMU_PTE_KIND_ZF32_MS4_2CZ	0x88
uvm/pascal/gp100	dev_mmu.h	NV_MMU_PTE_KIND_ZF32_MS8_1Z	0x7f
uvm/pascal/gp100	dev_mmu.h	NV_MMU_PTE_KIND_ZF32_MS8_2CS	0x84
uvm/pascal/gp100	dev_mmu.h	NV_MMU_PTE_KIND_ZF32_MS8_2CZ	0x89
uvm/pascal/gp100	dev_mmu.h	NV_MMU_PTE_KIND_ZF32_X16V8S8_MS4_VC12	0xa7
uvm/pascal/gp100	dev_mmu.h	NV_MMU_PTE_KIND_ZF32_X16V8S8_MS4_VC12_1CS	0xab
uvm/pascal/gp100	dev_mmu.h	NV_MMU_PTE_KIND_ZF32_X16V8S8_MS4_VC12_1CZV	0xb7
uvm/pascal/gp100	dev_mmu.h	NV_MMU_PTE_KIND_ZF32_X16V8S8_MS4_VC12_1ZV	0xb3
uvm/pascal/gp100	dev_mmu.h	NV_MMU_PTE_KIND_ZF32_X16V8S8_MS4_VC12_2CS	0xbb
uvm/pascal/gp100	dev_mmu.h	NV_MMU_PTE_KIND_ZF32_X16V8S8_MS4_VC12_2CSZV	0xbf
uvm/pascal/gp100	dev_mmu.h	NV_MMU_PTE_KIND_ZF32_X16V8S8_MS4_VC4	0xa8
uvm/pascal/gp100	dev_mmu.h	NV_MMU_PTE_KIND_ZF32_X16V8S8_MS4_VC4_1CS	0xac
uvm/pascal/gp100	dev_mmu.h	NV_MMU_PTE_KIND_ZF32_X16V8S8_MS4_VC4_1CZV	0xb8
uvm/pascal/gp100	dev_mmu.h	NV_MMU_PTE_KIND_ZF32_X16V8S8_MS4_VC4_1ZV	0xb4
uvm/pascal/gp100	dev_mmu.h	NV_MMU_PTE_KIND_ZF32_X16V8S8_MS4_VC4_2CS	0xbc
uvm/pascal/gp100	dev_mmu.h	NV_MMU_PTE_KIND_ZF32_X16V8S8_MS4_VC4_2CSZV	0xc0
uvm/pascal/gp100	dev_mmu.h	NV_MMU_PTE_KIND_ZF32_X16V8S8_MS8_VC24	0xaa
uvm/pascal/gp100	dev_mmu.h	NV_MMU_PTE_KIND_ZF32_X16V8S8_MS8_VC24_1CS	0xae
uvm/pascal/gp100	dev_mmu.h	NV_MMU_PTE_KIND_ZF32_X16V8S8_MS8_VC24_1CZV	0xba
uvm/pascal/gp100	dev_mmu.h	NV_MMU_PTE_KIND_ZF32_X16V8S8_MS8_VC24_1ZV	0xb6
uvm/pascal/gp100	dev_mmu.h	NV_MMU_PTE_KIND_ZF32_X16V8S8_MS8_VC24_2CS	0xbe
uvm/pascal/gp100	dev_mmu.h	NV_MMU_PTE_KIND_ZF32_X16V8S8_MS8_VC24_2CSZV	0xc2
uvm/pascal/gp100	dev_mmu.h	NV_MMU_PTE_KIND_ZF32_X16V8S8_MS8_VC8	0xa9
uvm/pascal/gp100	dev_mmu.h	NV_MMU_PTE_KIND_ZF32_X16V8S8_MS8_VC8_1CS	0xad
uvm/pascal/gp100	dev_mmu.h	NV_MMU_PTE_KIND_ZF32_X16V8S8_MS8_VC8_1CZV	0xb9
uvm/pascal/gp100	dev_mmu.h	NV_MMU_PTE_KIND_ZF32_X16V8S8_MS8_VC8_1ZV	0xb5
uvm/pascal/gp100	dev_mmu.h	NV_MMU_PTE_KIND_ZF32_X16V8S8_MS8_VC8_2CS	0xbd
uvm/pascal/gp100	dev_mmu.h	NV_MMU_PTE_KIND_ZF32_X16V8S8_MS8_VC8_2CSZV	0xc1
uvm/pascal/gp100	dev_mmu.h	NV_MMU_PTE_KIND_ZF32_X24S8	0xc3
uvm/pascal/gp100	dev_mmu.h	NV_MMU_PTE_KIND_ZF32_X24S8_1CS	0xc4
uvm/pascal/gp100	dev_mmu.h	NV_MMU_PTE_KIND_ZF32_X24S8_2CS	0xd3
uvm/pascal/gp100	dev_mmu.h	NV_MMU_PTE_KIND_ZF32_X24S8_2CSZV	0xce
uvm/pascal/gp100	dev_mmu.h	NV_MMU_PTE_KIND_ZF32_X24S8_MS16_1CS	0xc8
uvm/pascal/gp100	dev_mmu.h	NV_MMU_PTE_KIND_ZF32_X24S8_MS16_2CS	0xd7
uvm/pascal/gp100	dev_mmu.h	NV_MMU_PTE_KIND_ZF32_X24S8_MS16_2CSZV	0xd2
uvm/pascal/gp100	dev_mmu.h	NV_MMU_PTE_KIND_ZF32_X24S8_MS2_1CS	0xc5
uvm/pascal/gp100	dev_mmu.h	NV_MMU_PTE_KIND_ZF32_X24S8_MS2_2CS	0xd4
uvm/pascal/gp100	dev_mmu.h	NV_MMU_PTE_KIND_ZF32_X24S8_MS2_2CSZV	0xcf
uvm/pascal/gp100	dev_mmu.h	NV_MMU_PTE_KIND_ZF32_X24S8_MS4_1CS	0xc6
uvm/pascal/gp100	dev_mmu.h	NV_MMU_PTE_KIND_ZF32_X24S8_MS4_2CS	0xd5
uvm/pascal/gp100	dev_mmu.h	NV_MMU_PTE_KIND_ZF32_X24S8_MS4_2CSZV	0xd0
uvm/pascal/gp100	dev_mmu.h	NV_MMU_PTE_KIND_ZF32_X24S8_MS8_1CS	0xc7
uvm/pascal/gp100	dev_mmu.h	NV_MMU_PTE_KIND_ZF32_X24S8_MS8_2CS	0xd6
uvm/pascal/gp100	dev_mmu.h	NV_MMU_PTE_KIND_ZF32_X24S8_MS8_2CSZV	0xd1
uvm/pascal/gp100	dev_mmu.h	NV_MMU_VER2_DUAL_PDE_ADDRESS_BIG_SHIFT	0x8
uvm/pascal/gp100	dev_mmu.h	NV_MMU_VER2_DUAL_PDE_ADDRESS_BIG_SYS	53:4
uvm/pascal/gp100	dev_mmu.h	NV_MMU_VER2_DUAL_PDE_ADDRESS_BIG_VID	32:4
uvm/pascal/gp100	dev_mmu.h	NV_MMU_VER2_DUAL_PDE_ADDRESS_BIG_VID_PEER	35:33
uvm/pascal/gp100	dev_mmu.h	NV_MMU_VER2_DUAL_PDE_ADDRESS_BIG_VID_PEER_0	0x0
uvm/pascal/gp100	dev_mmu.h	NV_MMU_VER2_DUAL_PDE_ADDRESS_SHIFT	0xc
uvm/pascal/gp100	dev_mmu.h	NV_MMU_VER2_DUAL_PDE_ADDRESS_SMALL_SYS	117:72
uvm/pascal/gp100	dev_mmu.h	NV_MMU_VER2_DUAL_PDE_ADDRESS_SMALL_VID	96:72
uvm/pascal/gp100	dev_mmu.h	NV_MMU_VER2_DUAL_PDE_ADDRESS_SMALL_VID_PEER	99:97
uvm/pascal/gp100	dev_mmu.h	NV_MMU_VER2_DUAL_PDE_ADDRESS_SMALL_VID_PEER_0	0x0
uvm/pascal/gp100	dev_mmu.h	NV_MMU_VER2_DUAL_PDE_APERTURE_BIG	2:1
uvm/pascal/gp100	dev_mmu.h	NV_MMU_VER2_DUAL_PDE_APERTURE_BIG_INVALID	0x0
uvm/pascal/gp100	dev_mmu.h	NV_MMU_VER2_DUAL_PDE_APERTURE_BIG_SYSTEM_COHERENT_MEMORY	0x2
uvm/pascal/gp100	dev_mmu.h	NV_MMU_VER2_DUAL_PDE_APERTURE_BIG_SYSTEM_NON_COHERENT_MEMORY	0x3
uvm/pascal/gp100	dev_mmu.h	NV_MMU_VER2_DUAL_PDE_APERTURE_BIG_VIDEO_MEMORY	0x1
uvm/pascal/gp100	dev_mmu.h	NV_MMU_VER2_DUAL_PDE_APERTURE_SMALL	66:65
uvm/pascal/gp100	dev_mmu.h	NV_MMU_VER2_DUAL_PDE_APERTURE_SMALL_INVALID	0x0
uvm/pascal/gp100	dev_mmu.h	NV_MMU_VER2_DUAL_PDE_APERTURE_SMALL_SYSTEM_COHERENT_MEMORY	0x2
uvm/pascal/gp100	dev_mmu.h	NV_MMU_VER2_DUAL_PDE_APERTURE_SMALL_SYSTEM_NON_COHERENT_MEMORY	0x3
uvm/pascal/gp100	dev_mmu.h	NV_MMU_VER2_DUAL_PDE_APERTURE_SMALL_VIDEO_MEMORY	0x1
uvm/pascal/gp100	dev_mmu.h	NV_MMU_VER2_DUAL_PDE_IS_PDE	0:0
uvm/pascal/gp100	dev_mmu.h	NV_MMU_VER2_DUAL_PDE_IS_PDE_FALSE	0x1
uvm/pascal/gp100	dev_mmu.h	NV_MMU_VER2_DUAL_PDE_IS_PDE_TRUE	0x0
uvm/pascal/gp100	dev_mmu.h	NV_MMU_VER2_DUAL_PDE_IS_PTE	0:0
uvm/pascal/gp100	dev_mmu.h	NV_MMU_VER2_DUAL_PDE_IS_PTE_FALSE	0x0
uvm/pascal/gp100	dev_mmu.h	NV_MMU_VER2_DUAL_PDE_IS_PTE_TRUE	0x1
uvm/pascal/gp100	dev_mmu.h	NV_MMU_VER2_DUAL_PDE_VALID	0:0
uvm/pascal/gp100	dev_mmu.h	NV_MMU_VER2_DUAL_PDE_VALID_FALSE	0x0
uvm/pascal/gp100	dev_mmu.h	NV_MMU_VER2_DUAL_PDE_VALID_TRUE	0x1
uvm/pascal/gp100	dev_mmu.h	NV_MMU_VER2_DUAL_PDE_VOL_BIG	3:3
uvm/pascal/gp100	dev_mmu.h	NV_MMU_VER2_DUAL_PDE_VOL_BIG_FALSE	0x0
uvm/pascal/gp100	dev_mmu.h	NV_MMU_VER2_DUAL_PDE_VOL_BIG_TRUE	0x1
uvm/pascal/gp100	dev_mmu.h	NV_MMU_VER2_DUAL_PDE_VOL_SMALL	67:67
uvm/pascal/gp100	dev_mmu.h	NV_MMU_VER2_DUAL_PDE_VOL_SMALL_FALSE	0x0
uvm/pascal/gp100	dev_mmu.h	NV_MMU_VER2_DUAL_PDE_VOL_SMALL_TRUE	0x1
uvm/pascal/gp100	dev_mmu.h	NV_MMU_VER2_DUAL_PDE__SIZE	0x10
uvm/pascal/gp100	dev_mmu.h	NV_MMU_VER2_PDE_ADDRESS_SHIFT	0xc
uvm/pascal/gp100	dev_mmu.h	NV_MMU_VER2_PDE_ADDRESS_SYS	53:8
uvm/pascal/gp100	dev_mmu.h	NV_MMU_VER2_PDE_ADDRESS_VID	32:8
uvm/pascal/gp100	dev_mmu.h	NV_MMU_VER2_PDE_ADDRESS_VID_PEER	35:33
uvm/pascal/gp100	dev_mmu.h	NV_MMU_VER2_PDE_ADDRESS_VID_PEER_0	0x0
uvm/pascal/gp100	dev_mmu.h	NV_MMU_VER2_PDE_APERTURE	2:1
uvm/pascal/gp100	dev_mmu.h	NV_MMU_VER2_PDE_APERTURE_INVALID	0x0
uvm/pascal/gp100	dev_mmu.h	NV_MMU_VER2_PDE_APERTURE_SYSTEM_COHERENT_MEMORY	0x2
uvm/pascal/gp100	dev_mmu.h	NV_MMU_VER2_PDE_APERTURE_SYSTEM_NON_COHERENT_MEMORY	0x3
uvm/pascal/gp100	dev_mmu.h	NV_MMU_VER2_PDE_APERTURE_VIDEO_MEMORY	0x1
uvm/pascal/gp100	dev_mmu.h	NV_MMU_VER2_PDE_IS_PDE	0:0
uvm/pascal/gp100	dev_mmu.h	NV_MMU_VER2_PDE_IS_PDE_FALSE	0x1
uvm/pascal/gp100	dev_mmu.h	NV_MMU_VER2_PDE_IS_PDE_TRUE	0x0
uvm/pascal/gp100	dev_mmu.h	NV_MMU_VER2_PDE_IS_PTE	0:0
uvm/pascal/gp100	dev_mmu.h	NV_MMU_VER2_PDE_IS_PTE_FALSE	0x0
uvm/pascal/gp100	dev_mmu.h	NV_MMU_VER2_PDE_IS_PTE_TRUE	0x1
uvm/pascal/gp100	dev_mmu.h	NV_MMU_VER2_PDE_VALID	0:0
uvm/pascal/gp100	dev_mmu.h	NV_MMU_VER2_PDE_VALID_FALSE	0x0
uvm/pascal/gp100	dev_mmu.h	NV_MMU_VER2_PDE_VALID_TRUE	0x1
uvm/pascal/gp100	dev_mmu.h	NV_MMU_VER2_PDE_VOL	3:3
uvm/pascal/gp100	dev_mmu.h	NV_MMU_VER2_PDE_VOL_FALSE	0x0
uvm/pascal/gp100	dev_mmu.h	NV_MMU_VER2_PDE_VOL_TRUE	0x1
uvm/pascal/gp100	dev_mmu.h	NV_MMU_VER2_PDE__SIZE	0x8
uvm/pascal/gp100	dev_mmu.h	NV_MMU_VER2_PTE_ADDRESS_SHIFT	0xc
uvm/pascal/gp100	dev_mmu.h	NV_MMU_VER2_PTE_ADDRESS_SYS	53:8
uvm/pascal/gp100	dev_mmu.h	NV_MMU_VER2_PTE_ADDRESS_VID	32:8
uvm/pascal/gp100	dev_mmu.h	NV_MMU_VER2_PTE_ADDRESS_VID_PEER	35:33
uvm/pascal/gp100	dev_mmu.h	NV_MMU_VER2_PTE_ADDRESS_VID_PEER_0	0x0
uvm/pascal/gp100	dev_mmu.h	NV_MMU_VER2_PTE_ADDRESS_VID_PEER_1	0x1
uvm/pascal/gp100	dev_mmu.h	NV_MMU_VER2_PTE_ADDRESS_VID_PEER_2	0x2
uvm/pascal/gp100	dev_mmu.h	NV_MMU_VER2_PTE_ADDRESS_VID_PEER_3	0x3
uvm/pascal/gp100	dev_mmu.h	NV_MMU_VER2_PTE_ADDRESS_VID_PEER_4	0x4
uvm/pascal/gp100	dev_mmu.h	NV_MMU_VER2_PTE_ADDRESS_VID_PEER_5	0x5
uvm/pascal/gp100	dev_mmu.h	NV_MMU_VER2_PTE_ADDRESS_VID_PEER_6	0x6
uvm/pascal/gp100	dev_mmu.h	NV_MMU_VER2_PTE_ADDRESS_VID_PEER_7	0x7
uvm/pascal/gp100	dev_mmu.h	NV_MMU_VER2_PTE_APERTURE	2:1
uvm/pascal/gp100	dev_mmu.h	NV_MMU_VER2_PTE_APERTURE_PEER_MEMORY	0x1
uvm/pascal/gp100	dev_mmu.h	NV_MMU_VER2_PTE_APERTURE_SYSTEM_COHERENT_MEMORY	0x2
uvm/pascal/gp100	dev_mmu.h	NV_MMU_VER2_PTE_APERTURE_SYSTEM_NON_COHERENT_MEMORY	0x3
uvm/pascal/gp100	dev_mmu.h	NV_MMU_VER2_PTE_APERTURE_VIDEO_MEMORY	0x0
uvm/pascal/gp100	dev_mmu.h	NV_MMU_VER2_PTE_ATOMIC_DISABLE	7:7
uvm/pascal/gp100	dev_mmu.h	NV_MMU_VER2_PTE_ATOMIC_DISABLE_FALSE	0x0
uvm/pascal/gp100	dev_mmu.h	NV_MMU_VER2_PTE_ATOMIC_DISABLE_TRUE	0x1
uvm/pascal/gp100	dev_mmu.h	NV_MMU_VER2_PTE_COMPTAGLINE	53:36
uvm/pascal/gp100	dev_mmu.h	NV_MMU_VER2_PTE_ENCRYPTED	4:4
uvm/pascal/gp100	dev_mmu.h	NV_MMU_VER2_PTE_ENCRYPTED_FALSE	0x0
uvm/pascal/gp100	dev_mmu.h	NV_MMU_VER2_PTE_ENCRYPTED_TRUE	0x1
uvm/pascal/gp100	dev_mmu.h	NV_MMU_VER2_PTE_KIND	63:56
uvm/pascal/gp100	dev_mmu.h	NV_MMU_VER2_PTE_PRIVILEGE	5:5
uvm/pascal/gp100	dev_mmu.h	NV_MMU_VER2_PTE_PRIVILEGE_FALSE	0x0
uvm/pascal/gp100	dev_mmu.h	NV_MMU_VER2_PTE_PRIVILEGE_TRUE	0x1
uvm/pascal/gp100	dev_mmu.h	NV_MMU_VER2_PTE_READ_ONLY	6:6
uvm/pascal/gp100	dev_mmu.h	NV_MMU_VER2_PTE_READ_ONLY_FALSE	0x0
uvm/pascal/gp100	dev_mmu.h	NV_MMU_VER2_PTE_READ_ONLY_TRUE	0x1
uvm/pascal/gp100	dev_mmu.h	NV_MMU_VER2_PTE_VALID	0:0
uvm/pascal/gp100	dev_mmu.h	NV_MMU_VER2_PTE_VALID_FALSE	0x0
uvm/pascal/gp100	dev_mmu.h	NV_MMU_VER2_PTE_VALID_TRUE	0x1
uvm/pascal/gp100	dev_mmu.h	NV_MMU_VER2_PTE_VOL	3:3
uvm/pascal/gp100	dev_mmu.h	NV_MMU_VER2_PTE_VOL_FALSE	0x0
uvm/pascal/gp100	dev_mmu.h	NV_MMU_VER2_PTE_VOL_TRUE	0x1
uvm/pascal/gp100	dev_mmu.h	NV_MMU_VER2_PTE__SIZE	0x8
uvm/pascal/gp100	dev_fault.h	NV_PFAULT_ACCESS_TYPE_ATOMIC	0x2
uvm/pascal/gp100	dev_fault.h	NV_PFAULT_ACCESS_TYPE_PREFETCH	0x3
uvm/pascal/gp100	dev_fault.h	NV_PFAULT_ACCESS_TYPE_READ	0x0
uvm/pascal/gp100	dev_fault.h	NV_PFAULT_ACCESS_TYPE_WRITE	0x1
uvm/pascal/gp100	dev_fault.h	NV_PFAULT_FAULT_TYPE_ATOMIC_VIOLATION	0xf
uvm/pascal/gp100	dev_fault.h	NV_PFAULT_FAULT_TYPE_COMPRESSION_FAILURE	0xb
uvm/pascal/gp100	dev_fault.h	NV_PFAULT_FAULT_TYPE_PDE	0x0
uvm/pascal/gp100	dev_fault.h	NV_PFAULT_FAULT_TYPE_PDE_SIZE	0x1
uvm/pascal/gp100	dev_fault.h	NV_PFAULT_FAULT_TYPE_PITCH_MASK_VIOLATION	0x8
uvm/pascal/gp100	dev_fault.h	NV_PFAULT_FAULT_TYPE_POISONED	0xe
uvm/pascal/gp100	dev_fault.h	NV_PFAULT_FAULT_TYPE_PRIV_VIOLATION	0x5
uvm/pascal/gp100	dev_fault.h	NV_PFAULT_FAULT_TYPE_PTE	0x2
uvm/pascal/gp100	dev_fault.h	NV_PFAULT_FAULT_TYPE_REGION_VIOLATION	0xd
uvm/pascal/gp100	dev_fault.h	NV_PFAULT_FAULT_TYPE_RO_VIOLATION	0x6
uvm/pascal/gp100	dev_fault.h	NV_PFAULT_FAULT_TYPE_UNBOUND_INST_BLOCK	0x4
uvm/pascal/gp100	dev_fault.h	NV_PFAULT_FAULT_TYPE_UNSUPPORTED_APERTURE	0xa
uvm/pascal/gp100	dev_fault.h	NV_PFAULT_FAULT_TYPE_UNSUPPORTED_KIND	0xc
uvm/pascal/gp100	dev_fault.h	NV_PFAULT_FAULT_TYPE_VA_LIMIT_VIOLATION	0x3
uvm/pascal/gp100	dev_fault.h	NV_PFAULT_FAULT_TYPE_WORK_CREATION	0x9
uvm/pascal/gp100	dev_fault.h	NV_PFAULT_MMU_CLIENT_TYPE_GPC	0x0
uvm/pascal/gp100	dev_fault.h	NV_PFAULT_MMU_CLIENT_TYPE_HUB	0x1
uvm/pascal/gp100	dev_fault.h	NV_PFAULT_MMU_ENG_ID_BAR1	0x4
uvm/pascal/gp100	dev_fault.h	NV_PFAULT_MMU_ENG_ID_BAR2	0x5
uvm/pascal/gp100	dev_fault.h	NV_PFAULT_MMU_ENG_ID_CE0	0x15
uvm/pascal/gp100	dev_fault.h	NV_PFAULT_MMU_ENG_ID_CE1	0x16
uvm/pascal/gp100	dev_fault.h	NV_PFAULT_MMU_ENG_ID_CE2	0x1b
uvm/pascal/gp100	dev_fault.h	NV_PFAULT_MMU_ENG_ID_CE3	0x1c
uvm/pascal/gp100	dev_fault.h	NV_PFAULT_MMU_ENG_ID_CE4	0x1d
uvm/pascal/gp100	dev_fault.h	NV_PFAULT_MMU_ENG_ID_CE5	0x1e
uvm/pascal/gp100	dev_fault.h	NV_PFAULT_MMU_ENG_ID_DISPLAY	0x1
uvm/pascal/gp100	dev_fault.h	NV_PFAULT_MMU_ENG_ID_GRAPHICS	0x0
uvm/pascal/gp100	dev_fault.h	NV_PFAULT_MMU_ENG_ID_GRCOPY	0x1b
uvm/pascal/gp100	dev_fault.h	NV_PFAULT_MMU_ENG_ID_HOST0	0x6
uvm/pascal/gp100	dev_fault.h	NV_PFAULT_MMU_ENG_ID_HOST1	0x7
uvm/pascal/gp100	dev_fault.h	NV_PFAULT_MMU_ENG_ID_HOST10	0x10
uvm/pascal/gp100	dev_fault.h	NV_PFAULT_MMU_ENG_ID_HOST2	0x8
uvm/pascal/gp100	dev_fault.h	NV_PFAULT_MMU_ENG_ID_HOST3	0x9
uvm/pascal/gp100	dev_fault.h	NV_PFAULT_MMU_ENG_ID_HOST4	0xa
uvm/pascal/gp100	dev_fault.h	NV_PFAULT_MMU_ENG_ID_HOST5	0xb
uvm/pascal/gp100	dev_fault.h	NV_PFAULT_MMU_ENG_ID_HOST6	0xc
uvm/pascal/gp100	dev_fault.h	NV_PFAULT_MMU_ENG_ID_HOST7	0xd
uvm/pascal/gp100	dev_fault.h	NV_PFAULT_MMU_ENG_ID_HOST8	0xe
uvm/pascal/gp100	dev_fault.h	NV_PFAULT_MMU_ENG_ID_HOST9	0xf
uvm/pascal/gp100	dev_fault.h	NV_PFAULT_MMU_ENG_ID_IFB	0x3
uvm/pascal/gp100	dev_fault.h	NV_PFAULT_MMU_ENG_ID_NVDEC	0x2
uvm/pascal/gp100	dev_fault.h	NV_PFAULT_MMU_ENG_ID_NVENC	0x19
uvm/pascal/gp100	dev_fault.h	NV_PFAULT_MMU_ENG_ID_NVENC0	0x19
uvm/pascal/gp100	dev_fault.h	NV_PFAULT_MMU_ENG_ID_NVENC1	0x11
uvm/pascal/gp100	dev_fault.h	NV_PFAULT_MMU_ENG_ID_NVENC2	0x14
uvm/pascal/gp100	dev_fault.h	NV_PFAULT_MMU_ENG_ID_PERF	0x13
uvm/pascal/gp100	dev_fault.h	NV_PFAULT_MMU_ENG_ID_PHYSICAL	0x1f
uvm/pascal/gp100	dev_fault.h	NV_PFAULT_MMU_ENG_ID_PTP	0x18
uvm/pascal/gp100	dev_fault.h	NV_PFAULT_MMU_ENG_ID_PWR_PMU	0x17
uvm/pascal/gp100	dev_fault.h	NV_PFAULT_MMU_ENG_ID_SEC	0x12
uvm/pascal/gp100	dev_fb.h	NV_PFB_PRI_MMU_INVALIDATE_ACK	8:7
uvm/pascal/gp100	dev_fb.h	NV_PFB_PRI_MMU_INVALIDATE_ACK_GLOBALLY	0x1
uvm/pascal/gp100	dev_fb.h	NV_PFB_PRI_MMU_INVALIDATE_ACK_INTRANODE	0x2
uvm/pascal/gp100	dev_fb.h	NV_PFB_PRI_MMU_INVALIDATE_ACK_NONE_REQUIRED	0x0
uvm/pascal/gp100	dev_fb.h	NV_PFB_PRI_MMU_INVALIDATE_ALL_PDB	1:1
uvm/pascal/gp100	dev_fb.h	NV_PFB_PRI_MMU_INVALIDATE_ALL_PDB_FALSE	0x0
uvm/pascal/gp100	dev_fb.h	NV_PFB_PRI_MMU_INVALIDATE_ALL_PDB_TRUE	0x1
uvm/pascal/gp100	dev_fb.h	NV_PFB_PRI_MMU_INVALIDATE_ALL_VA	0:0
uvm/pascal/gp100	dev_fb.h	NV_PFB_PRI_MMU_INVALIDATE_ALL_VA_FALSE	0x0
uvm/pascal/gp100	dev_fb.h	NV_PFB_PRI_MMU_INVALIDATE_ALL_VA_TRUE	0x1
uvm/pascal/gp100	dev_fb.h	NV_PFB_PRI_MMU_INVALIDATE_CACHE_LEVEL	26:24
uvm/pascal/gp100	dev_fb.h	NV_PFB_PRI_MMU_INVALIDATE_CACHE_LEVEL_ALL	0x0
uvm/pascal/gp100	dev_fb.h	NV_PFB_PRI_MMU_INVALIDATE_CACHE_LEVEL_PTE_ONLY	0x1
uvm/pascal/gp100	dev_fb.h	NV_PFB_PRI_MMU_INVALIDATE_CACHE_LEVEL_UP_TO_PDE0	0x2
uvm/pascal/gp100	dev_fb.h	NV_PFB_PRI_MMU_INVALIDATE_CACHE_LEVEL_UP_TO_PDE1	0x3
uvm/pascal/gp100	dev_fb.h	NV_PFB_PRI_MMU_INVALIDATE_CACHE_LEVEL_UP_TO_PDE2	0x4
uvm/pascal/gp100	dev_fb.h	NV_PFB_PRI_MMU_INVALIDATE_CACHE_LEVEL_UP_TO_PDE3	0x5
uvm/pascal/gp100	dev_fb.h	NV_PFB_PRI_MMU_INVALIDATE_CACHE_LEVEL_UP_TO_PDE4	0x6
uvm/pascal/gp100	dev_fb.h	NV_PFB_PRI_MMU_INVALIDATE_CACHE_LEVEL_UP_TO_PDE5	0x7
uvm/pascal/gp100	dev_fb.h	NV_PFB_PRI_MMU_INVALIDATE_CANCEL_CLIENT_ID	14:9
uvm/pascal/gp100	dev_fb.h	NV_PFB_PRI_MMU_INVALIDATE_CANCEL_CLIENT_TYPE	20:20
uvm/pascal/gp100	dev_fb.h	NV_PFB_PRI_MMU_INVALIDATE_CANCEL_CLIENT_TYPE_GPC	0x0
uvm/pascal/gp100	dev_fb.h	NV_PFB_PRI_MMU_INVALIDATE_CANCEL_CLIENT_TYPE_HUB	0x1
uvm/pascal/gp100	dev_fb.h	NV_PFB_PRI_MMU_INVALIDATE_CANCEL_GPC_ID	19:15
uvm/pascal/gp100	dev_fb.h	NV_PFB_PRI_MMU_INVALIDATE_REPLAY	5:3
uvm/pascal/gp100	dev_fb.h	NV_PFB_PRI_MMU_INVALIDATE_REPLAY_CANCEL	0x4
uvm/pascal/gp100	dev_fb.h	NV_PFB_PRI_MMU_INVALIDATE_REPLAY_CANCEL_GLOBAL	0x4
uvm/pascal/gp100	dev_fb.h	NV_PFB_PRI_MMU_INVALIDATE_REPLAY_CANCEL_TARGETED	0x3
uvm/pascal/gp100	dev_fb.h	NV_PFB_PRI_MMU_INVALIDATE_REPLAY_NONE	0x0
uvm/pascal/gp100	dev_fb.h	NV_PFB_PRI_MMU_INVALIDATE_REPLAY_START	0x1
uvm/pascal/gp100	dev_fb.h	NV_PFB_PRI_MMU_INVALIDATE_REPLAY_START_ACK_ALL	0x2
uvm/pascal/gp100	dev_fb.h	NV_PFB_PRI_MMU_INVALIDATE_SYS_MEMBAR	6:6
uvm/pascal/gp100	dev_fb.h	NV_PFB_PRI_MMU_INVALIDATE_SYS_MEMBAR_FALSE	0x0
uvm/pascal/gp100	dev_fb.h	NV_PFB_PRI_MMU_INVALIDATE_SYS_MEMBAR_TRUE	0x1
uvm/pascal/gp100	dev_fb.h	NV_PFB_PRI_MMU_INVALIDATE_TRIGGER	31:31
uvm/pascal/gp100	dev_fb.h	NV_PFB_PRI_MMU_INVALIDATE_TRIGGER_FALSE	0x0
uvm/pascal/gp100	dev_fb.h	NV_PFB_PRI_MMU_INVALIDATE_TRIGGER_TRUE	0x1
uvm/pascal/gp100	dev_fb.h	NV_PFB_PRI_MMU_PAGE_FAULT_CTRL_PRF_FILTER	1:0
uvm/pascal/gp100	dev_fb.h	NV_PFB_PRI_MMU_PAGE_FAULT_CTRL_PRF_FILTER_SEND_ALL	0x0
uvm/pascal/gp100	dev_fb.h	NV_PFB_PRI_MMU_PAGE_FAULT_CTRL_PRF_FILTER_SEND_NONE	0x3
uvm/turing/tu102	dev_mmu.h	NV_MMU_PTE_KIND_C128_2C	0xf4
uvm/turing/tu102	dev_mmu.h	NV_MMU_PTE_KIND_C128_2CR	0xf5
uvm/turing/tu102	dev_mmu.h	NV_MMU_PTE_KIND_C128_MS2_2C	0xf6
uvm/turing/tu102	dev_mmu.h	NV_MMU_PTE_KIND_C128_MS2_2CR	0xf7
uvm/turing/tu102	dev_mmu.h	NV_MMU_PTE_KIND_C128_MS4_2C	0xf8
uvm/turing/tu102	dev_mmu.h	NV_MMU_PTE_KIND_C128_MS4_2CR	0xf9
uvm/turing/tu102	dev_mmu.h	NV_MMU_PTE_KIND_C128_MS8_MS16_2C	0xfa
uvm/turing/tu102	dev_mmu.h	NV_MMU_PTE_KIND_C128_MS8_MS16_2CR	0xfb
uvm/turing/tu102	dev_mmu.h	NV_MMU_PTE_KIND_C32_2BRA	0xdc
uvm/turing/tu102	dev_mmu.h	NV_MMU_PTE_KIND_C32_2C	0xd8
uvm/turing/tu102	dev_mmu.h	NV_MMU_PTE_KIND_C32_2CBA	0xda
uvm/turing/tu102	dev_mmu.h	NV_MMU_PTE_KIND_C32_2CBR	0xd9
uvm/turing/tu102	dev_mmu.h	NV_MMU_PTE_KIND_C32_2CRA	0xdb
uvm/turing/tu102	dev_mmu.h	NV_MMU_PTE_KIND_C32_MS2_2C	0xdd
uvm/turing/tu102	dev_mmu.h	NV_MMU_PTE_KIND_C32_MS2_2CBR	0xde
uvm/turing/tu102	dev_mmu.h	NV_MMU_PTE_KIND_C32_MS2_4CBRA	0xcc
uvm/turing/tu102	dev_mmu.h	NV_MMU_PTE_KIND_C32_MS4_2BRA	0xe3
uvm/turing/tu102	dev_mmu.h	NV_MMU_PTE_KIND_C32_MS4_2C	0xdf
uvm/turing/tu102	dev_mmu.h	NV_MMU_PTE_KIND_C32_MS4_2CBA	0xe1
uvm/turing/tu102	dev_mmu.h	NV_MMU_PTE_KIND_C32_MS4_2CBR	0xe0
uvm/turing/tu102	dev_mmu.h	NV_MMU_PTE_KIND_C32_MS4_2CRA	0xe2
uvm/turing/tu102	dev_mmu.h	NV_MMU_PTE_KIND_C32_MS4_4CBRA	0x2c
uvm/turing/tu102	dev_mmu.h	NV_MMU_PTE_KIND_C32_MS8_MS16_2C	0xe4
uvm/turing/tu102	dev_mmu.h	NV_MMU_PTE_KIND_C32_MS8_MS16_2CRA	0xe5
uvm/turing/tu102	dev_mmu.h	NV_MMU_PTE_KIND_C64_2BRA	0xea
uvm/turing/tu102	dev_mmu.h	NV_MMU_PTE_KIND_C64_2C	0xe6
uvm/turing/tu102	dev_mmu.h	NV_MMU_PTE_KIND_C64_2CBA	0xe8
uvm/turing/tu102	dev_mmu.h	NV_MMU_PTE_KIND_C64_2CBR	0xe7
uvm/turing/tu102	dev_mmu.h	NV_MMU_PTE_KIND_C64_2CRA	0xe9
uvm/turing/tu102	dev_mmu.h	NV_MMU_PTE_KIND_C64_MS2_2C	0xeb
uvm/turing/tu102	dev_mmu.h	NV_MMU_PTE_KIND_C64_MS2_2CBR	0xec
uvm/turing/tu102	dev_mmu.h	NV_MMU_PTE_KIND_C64_MS2_4CBRA	0xcd
uvm/turing/tu102	dev_mmu.h	NV_MMU_PTE_KIND_C64_MS4_2BRA	0xf1
uvm/turing/tu102	dev_mmu.h	NV_MMU_PTE_KIND_C64_MS4_2C	0xed
uvm/turing/tu102	dev_mmu.h	NV_MMU_PTE_KIND_C64_MS4_2CBA	0xef
uvm/turing/tu102	dev_mmu.h	NV_MMU_PTE_KIND_C64_MS4_2CBR	0xee
uvm/turing/tu102	dev_mmu.h	NV_MMU_PTE_KIND_C64_MS4_2CRA	0xf0
uvm/turing/tu102	dev_mmu.h	NV_MMU_PTE_KIND_C64_MS4_4CBRA	0x2d
uvm/turing/tu102	dev_mmu.h	NV_MMU_PTE_KIND_C64_MS8_MS16_2C	0xf2
uvm/turing/tu102	dev_mmu.h	NV_MMU_PTE_KIND_C64_MS8_MS16_2CRA	0xf3
uvm/turing/tu102	dev_mmu.h	NV_MMU_PTE_KIND_GENERIC_16BX2	0xfe
uvm/turing/tu102	dev_mmu.h	NV_MMU_PTE_KIND_GENERIC_MEMORY	0x6
uvm/turing/tu102	dev_mmu.h	NV_MMU_PTE_KIND_GENERIC_MEMORY_COMPRESSIBLE	0x8
uvm/turing/tu102	dev_mmu.h	NV_MMU_PTE_KIND_GENERIC_MEMORY_COMPRESSIBLE_DISABLE_PLC	0x9
uvm/turing/tu102	dev_mmu.h	NV_MMU_PTE_KIND_INVALID	0x7
uvm/turing/tu102	dev_mmu.h	NV_MMU_PTE_KIND_PITCH	0x0
uvm/turing/tu102	dev_mmu.h	NV_MMU_PTE_KIND_PITCH_NO_SWIZZLE	0xfd
uvm/turing/tu102	dev_mmu.h	NV_MMU_PTE_KIND_S8	0x2
uvm/turing/tu102	dev_mmu.h	NV_MMU_PTE_KIND_S8Z24	0x3
uvm/turing/tu102	dev_mmu.h	NV_MMU_PTE_KIND_S8Z24_1Z	0x12
uvm/turing/tu102	dev_mmu.h	NV_MMU_PTE_KIND_S8Z24_2CS	0x1c
uvm/turing/tu102	dev_mmu.h	NV_MMU_PTE_KIND_S8Z24_2CZ	0x17
uvm/turing/tu102	dev_mmu.h	NV_MMU_PTE_KIND_S8Z24_4CSZV	0x21
uvm/turing/tu102	dev_mmu.h	NV_MMU_PTE_KIND_S8Z24_COMPRESSIBLE_DISABLE_PLC	0xc
uvm/turing/tu102	dev_mmu.h	NV_MMU_PTE_KIND_S8Z24_MS16_1Z	0x16
uvm/turing/tu102	dev_mmu.h	NV_MMU_PTE_KIND_S8Z24_MS16_2CS	0x20
uvm/turing/tu102	dev_mmu.h	NV_MMU_PTE_KIND_S8Z24_MS16_2CZ	0x1b
uvm/turing/tu102	dev_mmu.h	NV_MMU_PTE_KIND_S8Z24_MS16_4CSZV	0x25
uvm/turing/tu102	dev_mmu.h	NV_MMU_PTE_KIND_S8Z24_MS2_1Z	0x13
uvm/turing/tu102	dev_mmu.h	NV_MMU_PTE_KIND_S8Z24_MS2_2CS	0x1d
uvm/turing/tu102	dev_mmu.h	NV_MMU_PTE_KIND_S8Z24_MS2_2CZ	0x18
uvm/turing/tu102	dev_mmu.h	NV_MMU_PTE_KIND_S8Z24_MS2_4CSZV	0x22
uvm/turing/tu102	dev_mmu.h	NV_MMU_PTE_KIND_S8Z24_MS4_1Z	0x14
uvm/turing/tu102	dev_mmu.h	NV_MMU_PTE_KIND_S8Z24_MS4_2CS	0x1e
uvm/turing/tu102	dev_mmu.h	NV_MMU_PTE_KIND_S8Z24_MS4_2CZ	0x19
uvm/turing/tu102	dev_mmu.h	NV_MMU_PTE_KIND_S8Z24_MS4_4CSZV	0x23
uvm/turing/tu102	dev_mmu.h	NV_MMU_PTE_KIND_S8Z24_MS8_1Z	0x15
uvm/turing/tu102	dev_mmu.h	NV_MMU_PTE_KIND_S8Z24_MS8_2CS	0x1f
uvm/turing/tu102	dev_mmu.h	NV_MMU_PTE_KIND_S8Z24_MS8_2CZ	0x1a
uvm/turing/tu102	dev_mmu.h	NV_MMU_PTE_KIND_S8Z24_MS8_4CSZV	0x24
uvm/turing/tu102	dev_mmu.h	NV_MMU_PTE_KIND_S8_2S	0x2b
uvm/turing/tu102	dev_mmu.h	NV_MMU_PTE_KIND_S8_COMPRESSIBLE_DISABLE_PLC	0xa
uvm/turing/tu102	dev_mmu.h	NV_MMU_PTE_KIND_SMHOST_MESSAGE	0xcb
uvm/turing/tu102	dev_mmu.h	NV_MMU_PTE_KIND_SMSKED_MESSAGE	0xf
uvm/turing/tu102	dev_mmu.h	NV_MMU_PTE_KIND_V8Z24_MS4_VC12	0x26
uvm/turing/tu102	dev_mmu.h	NV_MMU_PTE_KIND_V8Z24_MS4_VC12_1ZV	0x2e
uvm/turing/tu102	dev_mmu.h	NV_MMU_PTE_KIND_V8Z24_MS4_VC12_2CS	0x32
uvm/turing/tu102	dev_mmu.h	NV_MMU_PTE_KIND_V8Z24_MS4_VC12_2CZV	0x3a
uvm/turing/tu102	dev_mmu.h	NV_MMU_PTE_KIND_V8Z24_MS4_VC12_2ZV	0x3e
uvm/turing/tu102	dev_mmu.h	NV_MMU_PTE_KIND_V8Z24_MS4_VC12_4CSZV	0x42
uvm/turing/tu102	dev_mmu.h	NV_MMU_PTE_KIND_V8Z24_MS4_VC4	0x27
uvm/turing/tu102	dev_mmu.h	NV_MMU_PTE_KIND_V8Z24_MS4_VC4_1ZV	0x2f
uvm/turing/tu102	dev_mmu.h	NV_MMU_PTE_KIND_V8Z24_MS4_VC4_2CS	0x33
uvm/turing/tu102	dev_mmu.h	NV_MMU_PTE_KIND_V8Z24_MS4_VC4_2CZV	0x3b
uvm/turing/tu102	dev_mmu.h	NV_MMU_PTE_KIND_V8Z24_MS4_VC4_2ZV	0x3f
uvm/turing/tu102	dev_mmu.h	NV_MMU_PTE_KIND_V8Z24_MS4_VC4_4CSZV	0x43
uvm/turing/tu102	dev_mmu.h	NV_MMU_PTE_KIND_V8Z24_MS8_VC24	0x29
uvm/turing/tu102	dev_mmu.h	NV_MMU_PTE_KIND_V8Z24_MS8_VC24_1ZV	0x31
uvm/turing/tu102	dev_mmu.h	NV_MMU_PTE_KIND_V8Z24_MS8_VC24_2CS	0x35
uvm/turing/tu102	dev_mmu.h	NV_MMU_PTE_KIND_V8Z24_MS8_VC24_2CZV	0x3d
uvm/turing/tu102	dev_mmu.h	NV_MMU_PTE_KIND_V8Z24_MS8_VC24_2ZV	0x41
uvm/turing/tu102	dev_mmu.h	NV_MMU_PTE_KIND_V8Z24_MS8_VC24_4CSZV	0x45
uvm/turing/tu102	dev_mmu.h	NV_MMU_PTE_KIND_V8Z24_MS8_VC8	0x28
uvm/turing/tu102	dev_mmu.h	NV_MMU_PTE_KIND_V8Z24_MS8_VC8_1ZV	0x30
uvm/turing/tu102	dev_mmu.h	NV_MMU_PTE_KIND_V8Z24_MS8_VC8_2CS	0x34
uvm/turing/tu102	dev_mmu.h	NV_MMU_PTE_KIND_V8Z24_MS8_VC8_2CZV	0x3c
uvm/turing/tu102	dev_mmu.h	NV_MMU_PTE_KIND_V8Z24_MS8_VC8_2ZV	0x40
uvm/turing/tu102	dev_mmu.h	NV_MMU_PTE_KIND_V8Z24_MS8_VC8_4CSZV	0x44
uvm/turing/tu102	dev_mmu.h	NV_MMU_PTE_KIND_X8C24	0xfc
uvm/turing/tu102	dev_mmu.h	NV_MMU_PTE_KIND_X8Z24_X16V8S8_MS4_VC12	0x8b
uvm/turing/tu102	dev_mmu.h	NV_MMU_PTE_KIND_X8Z24_X16V8S8_MS4_VC12_1CS	0x8f
uvm/turing/tu102	dev_mmu.h	NV_MMU_PTE_KIND_X8Z24_X16V8S8_MS4_VC12_1CZV	0x9b
uvm/turing/tu102	dev_mmu.h	NV_MMU_PTE_KIND_X8Z24_X16V8S8_MS4_VC12_1ZV	0x97
uvm/turing/tu102	dev_mmu.h	NV_MMU_PTE_KIND_X8Z24_X16V8S8_MS4_VC12_2CS	0x9f
uvm/turing/tu102	dev_mmu.h	NV_MMU_PTE_KIND_X8Z24_X16V8S8_MS4_VC12_2CSZV	0xa3
uvm/turing/tu102	dev_mmu.h	NV_MMU_PTE_KIND_X8Z24_X16V8S8_MS4_VC4	0x8c
uvm/turing/tu102	dev_mmu.h	NV_MMU_PTE_KIND_X8Z24_X16V8S8_MS4_VC4_1CS	0x90
uvm/turing/tu102	dev_mmu.h	NV_MMU_PTE_KIND_X8Z24_X16V8S8_MS4_VC4_1CZV	0x9c
uvm/turing/tu102	dev_mmu.h	NV_MMU_PTE_KIND_X8Z24_X16V8S8_MS4_VC4_1ZV	0x98
uvm/turing/tu102	dev_mmu.h	NV_MMU_PTE_KIND_X8Z24_X16V8S8_MS4_VC4_2CS	0xa0
uvm/turing/tu102	dev_mmu.h	NV_MMU_PTE_KIND_X8Z24_X16V8S8_MS4_VC4_2CSZV	0xa4
uvm/turing/tu102	dev_mmu.h	NV_MMU_PTE_KIND_X8Z24_X16V8S8_MS8_VC24	0x8e
uvm/turing/tu102	dev_mmu.h	NV_MMU_PTE_KIND_X8Z24_X16V8S8_MS8_VC24_1CS	0x92
uvm/turing/tu102	dev_mmu.h	NV_MMU_PTE_KIND_X8Z24_X16V8S8_MS8_VC24_1CZV	0x9e
uvm/turing/tu102	dev_mmu.h	NV_MMU_PTE_KIND_X8Z24_X16V8S8_MS8_VC24_1ZV	0x9a
uvm/turing/tu102	dev_mmu.h	NV_MMU_PTE_KIND_X8Z24_X16V8S8_MS8_VC24_2CS	0xa2
uvm/turing/tu102	dev_mmu.h	NV_MMU_PTE_KIND_X8Z24_X16V8S8_MS8_VC24_2CSZV	0xa6
uvm/turing/tu102	dev_mmu.h	NV_MMU_PTE_KIND_X8Z24_X16V8S8_MS8_VC8	0x8d
uvm/turing/tu102	dev_mmu.h	NV_MMU_PTE_KIND_X8Z24_X16V8S8_MS8_VC8_1CS	0x91
uvm/turing/tu102	dev_mmu.h	NV_MMU_PTE_KIND_X8Z24_X16V8S8_MS8_VC8_1CZV	0x9d
uvm/turing/tu102	dev_mmu.h	NV_MMU_PTE_KIND_X8Z24_X16V8S8_MS8_VC8_1ZV	0x99
uvm/turing/tu102	dev_mmu.h	NV_MMU_PTE_KIND_X8Z24_X16V8S8_MS8_VC8_2CS	0xa1
uvm/turing/tu102	dev_mmu.h	NV_MMU_PTE_KIND_X8Z24_X16V8S8_MS8_VC8_2CSZV	0xa5
uvm/turing/tu102	dev_mmu.h	NV_MMU_PTE_KIND_Z16	0x1
uvm/turing/tu102	dev_mmu.h	NV_MMU_PTE_KIND_Z16_2C	0x2a
uvm/turing/tu102	dev_mmu.h	NV_MMU_PTE_KIND_Z16_2CZ	0x36
uvm/turing/tu102	dev_mmu.h	NV_MMU_PTE_KIND_Z16_2Z	0x6b
uvm/turing/tu102	dev_mmu.h	NV_MMU_PTE_KIND_Z16_COMPRESSIBLE_DISABLE_PLC	0xb
uvm/turing/tu102	dev_mmu.h	NV_MMU_PTE_KIND_Z16_MS16_2C	0x6c
uvm/turing/tu102	dev_mmu.h	NV_MMU_PTE_KIND_Z16_MS16_2CZ	0x5f
uvm/turing/tu102	dev_mmu.h	NV_MMU_PTE_KIND_Z16_MS16_2Z	0x62
uvm/turing/tu102	dev_mmu.h	NV_MMU_PTE_KIND_Z16_MS2_2C	0x11
uvm/turing/tu102	dev_mmu.h	NV_MMU_PTE_KIND_Z16_MS2_2CZ	0x37
uvm/turing/tu102	dev_mmu.h	NV_MMU_PTE_KIND_Z16_MS2_2Z	0x10
uvm/turing/tu102	dev_mmu.h	NV_MMU_PTE_KIND_Z16_MS4_2C	0xc3
uvm/turing/tu102	dev_mmu.h	NV_MMU_PTE_KIND_Z16_MS4_2CZ	0x38
uvm/turing/tu102	dev_mmu.h	NV_MMU_PTE_KIND_Z16_MS4_2Z	0x60
uvm/turing/tu102	dev_mmu.h	NV_MMU_PTE_KIND_Z16_MS8_2C	0x46
uvm/turing/tu102	dev_mmu.h	NV_MMU_PTE_KIND_Z16_MS8_2CZ	0x39
uvm/turing/tu102	dev_mmu.h	NV_MMU_PTE_KIND_Z16_MS8_2Z	0x61
uvm/turing/tu102	dev_mmu.h	NV_MMU_PTE_KIND_Z24S8	0x5
uvm/turing/tu102	dev_mmu.h	NV_MMU_PTE_KIND_Z24S8_1Z	0x47
uvm/turing/tu102	dev_mmu.h	NV_MMU_PTE_KIND_Z24S8_2CS	0x4c
uvm/turing/tu102	dev_mmu.h	NV_MMU_PTE_KIND_Z24S8_2CZ	0x51
uvm/turing/tu102	dev_mmu.h	NV_MMU_PTE_KIND_Z24S8_4CSZV	0x56
uvm/turing/tu102	dev_mmu.h	NV_MMU_PTE_KIND_Z24S8_COMPRESSIBLE_DISABLE_PLC	0xe
uvm/turing/tu102	dev_mmu.h	NV_MMU_PTE_KIND_Z24S8_MS16_1Z	0x4b
uvm/turing/tu102	dev_mmu.h	NV_MMU_PTE_KIND_Z24S8_MS16_2CS	0x50
uvm/turing/tu102	dev_mmu.h	NV_MMU_PTE_KIND_Z24S8_MS16_2CZ	0x55
uvm/turing/tu102	dev_mmu.h	NV_MMU_PTE_KIND_Z24S8_MS16_4CSZV	0x5a
uvm/turing/tu102	dev_mmu.h	NV_MMU_PTE_KIND_Z24S8_MS2_1Z	0x48
uvm/turing/tu102	dev_mmu.h	NV_MMU_PTE_KIND_Z24S8_MS2_2CS	0x4d
uvm/turing/tu102	dev_mmu.h	NV_MMU_PTE_KIND_Z24S8_MS2_2CZ	0x52
uvm/turing/tu102	dev_mmu.h	NV_MMU_PTE_KIND_Z24S8_MS2_4CSZV	0x57
uvm/turing/tu102	dev_mmu.h	NV_MMU_PTE_KIND_Z24S8_MS4_1Z	0x49
uvm/turing/tu102	dev_mmu.h	NV_MMU_PTE_KIND_Z24S8_MS4_2CS	0x4e
uvm/turing/tu102	dev_mmu.h	NV_MMU_PTE_KIND_Z24S8_MS4_2CZ	0x53
uvm/turing/tu102	dev_mmu.h	NV_MMU_PTE_KIND_Z24S8_MS4_4CSZV	0x58
uvm/turing/tu102	dev_mmu.h	NV_MMU_PTE_KIND_Z24S8_MS8_1Z	0x4a
uvm/turing/tu102	dev_mmu.h	NV_MMU_PTE_KIND_Z24S8_MS8_2CS	0x4f
uvm/turing/tu102	dev_mmu.h	NV_MMU_PTE_KIND_Z24S8_MS8_2CZ	0x54
uvm/turing/tu102	dev_mmu.h	NV_MMU_PTE_KIND_Z24S8_MS8_4CSZV	0x59
uvm/turing/tu102	dev_mmu.h	NV_MMU_PTE_KIND_Z24V8_MS4_VC12	0x5b
uvm/turing/tu102	dev_mmu.h	NV_MMU_PTE_KIND_Z24V8_MS4_VC12_1ZV	0x63
uvm/turing/tu102	dev_mmu.h	NV_MMU_PTE_KIND_Z24V8_MS4_VC12_2CS	0x67
uvm/turing/tu102	dev_mmu.h	NV_MMU_PTE_KIND_Z24V8_MS4_VC12_2CZV	0x6f
uvm/turing/tu102	dev_mmu.h	NV_MMU_PTE_KIND_Z24V8_MS4_VC12_2ZV	0x73
uvm/turing/tu102	dev_mmu.h	NV_MMU_PTE_KIND_Z24V8_MS4_VC12_4CSZV	0x77
uvm/turing/tu102	dev_mmu.h	NV_MMU_PTE_KIND_Z24V8_MS4_VC4	0x5c
uvm/turing/tu102	dev_mmu.h	NV_MMU_PTE_KIND_Z24V8_MS4_VC4_1ZV	0x64
uvm/turing/tu102	dev_mmu.h	NV_MMU_PTE_KIND_Z24V8_MS4_VC4_2CS	0x68
uvm/turing/tu102	dev_mmu.h	NV_MMU_PTE_KIND_Z24V8_MS4_VC4_2CZV	0x70
uvm/turing/tu102	dev_mmu.h	NV_MMU_PTE_KIND_Z24V8_MS4_VC4_2ZV	0x74
uvm/turing/tu102	dev_mmu.h	NV_MMU_PTE_KIND_Z24V8_MS4_VC4_4CSZV	0x78
uvm/turing/tu102	dev_mmu.h	NV_MMU_PTE_KIND_Z24V8_MS8_VC24	0x5e
uvm/turing/tu102	dev_mmu.h	NV_MMU_PTE_KIND_Z24V8_MS8_VC24_1ZV	0x66
uvm/turing/tu102	dev_mmu.h	NV_MMU_PTE_KIND_Z24V8_MS8_VC24_2CS	0x6a
uvm/turing/tu102	dev_mmu.h	NV_MMU_PTE_KIND_Z24V8_MS8_VC24_2CZV	0x72
uvm/turing/tu102	dev_mmu.h	NV_MMU_PTE_KIND_Z24V8_MS8_VC24_2ZV	0x76
uvm/turing/tu102	dev_mmu.h	NV_MMU_PTE_KIND_Z24V8_MS8_VC24_4CSZV	0x7a
uvm/turing/tu102	dev_mmu.h	NV_MMU_PTE_KIND_Z24V8_MS8_VC8	0x5d
uvm/turing/tu102	dev_mmu.h	NV_MMU_PTE_KIND_Z24V8_MS8_VC8_1ZV	0x65
uvm/turing/tu102	dev_mmu.h	NV_MMU_PTE_KIND_Z24V8_MS8_VC8_2CS	0x69
uvm/turing/tu102	dev_mmu.h	NV_MMU_PTE_KIND_Z24V8_MS8_VC8_2CZV	0x71
uvm/turing/tu102	dev_mmu.h	NV_MMU_PTE_KIND_Z24V8_MS8_VC8_2ZV	0x75
uvm/turing/tu102	dev_mmu.h	NV_MMU_PTE_KIND_Z24V8_MS8_VC8_4CSZV	0x79
uvm/turing/tu102	dev_mmu.h	NV_MMU_PTE_KIND_ZF32	0x7b
uvm/turing/tu102	dev_mmu.h	NV_MMU_PTE_KIND_ZF32_1Z	0x7c
uvm/turing/tu102	dev_mmu.h	NV_MMU_PTE_KIND_ZF32_2CS	0x81
uvm/turing/tu102	dev_mmu.h	NV_MMU_PTE_KIND_ZF32_2CZ	0x86
uvm/turing/tu102	dev_mmu.h	NV_MMU_PTE_KIND_ZF32_MS16_1Z	0x80
uvm/turing/tu102	dev_mmu.h	NV_MMU_PTE_KIND_ZF32_MS16_2CS	0x85
uvm/turing/tu102	dev_mmu.h	NV_MMU_PTE_KIND_ZF32_MS16_2CZ	0x8a
uvm/turing/tu102	dev_mmu.h	NV_MMU_PTE_KIND_ZF32_MS2_1Z	0x7d
uvm/turing/tu102	dev_mmu.h	NV_MMU_PTE_KIND_ZF32_MS2_2CS	0x82
uvm/turing/tu102	dev_mmu.h	NV_MMU_PTE_KIND_ZF32_MS2_2CZ	0x87
uvm/turing/tu102	dev_mmu.h	NV_MMU_PTE_KIND_ZF32_MS4_1Z	0x7e
uvm/turing/tu102	dev_mmu.h	NV_MMU_PTE_KIND_ZF32_MS4_2CS	0x83
uvm/turing/tu102	dev_mmu.h	NV_MMU_PTE_KIND_ZF32_MS4_2CZ	0x88
uvm/turing/tu102	dev_mmu.h	NV_MMU_PTE_KIND_ZF32_MS8_1Z	0x7f
uvm/turing/tu102	dev_mmu.h	NV_MMU_PTE_KIND_ZF32_MS8_2CS	0x84
uvm/turing/tu102	dev_mmu.h	NV_MMU_PTE_KIND_ZF32_MS8_2CZ	0x89
uvm/turing/tu102	dev_mmu.h	NV_MMU_PTE_KIND_ZF32_X16V8S8_MS4_VC12	0xa7
uvm/turing/tu102	dev_mmu.h	NV_MMU_PTE_KIND_ZF32_X16V8S8_MS4_VC12_1CS	0xab
uvm/turing/tu102	dev_mmu.h	NV_MMU_PTE_KIND_ZF32_X16V8S8_MS4_VC12_1CZV	0xb7
uvm/turing/tu102	dev_mmu.h	NV_MMU_PTE_KIND_ZF32_X16V8S8_MS4_VC12_1ZV	0xb3
uvm/turing/tu102	dev_mmu.h	NV_MMU_PTE_KIND_ZF32_X16V8S8_MS4_VC12_2CS	0xbb
uvm/turing/tu102	dev_mmu.h	NV_MMU_PTE_KIND_ZF32_X16V8S8_MS4_VC12_2CSZV	0xbf
uvm/turing/tu102	dev_mmu.h	NV_MMU_PTE_KIND_ZF32_X16V8S8_MS4_VC4	0xa8
uvm/turing/tu102	dev_mmu.h	NV_MMU_PTE_KIND_ZF32_X16V8S8_MS4_VC4_1CS	0xac
uvm/turing/tu102	dev_mmu.h	NV_MMU_PTE_KIND_ZF32_X16V8S8_MS4_VC4_1CZV	0xb8
uvm/turing/tu102	dev_mmu.h	NV_MMU_PTE_KIND_ZF32_X16V8S8_MS4_VC4_1ZV	0xb4
uvm/turing/tu102	dev_mmu.h	NV_MMU_PTE_KIND_ZF32_X16V8S8_MS4_VC4_2CS	0xbc
uvm/turing/tu102	dev_mmu.h	NV_MMU_PTE_KIND_ZF32_X16V8S8_MS4_VC4_2CSZV	0xc0
uvm/turing/tu102	dev_mmu.h	NV_MMU_PTE_KIND_ZF32_X16V8S8_MS8_VC24	0xaa
uvm/turing/tu102	dev_mmu.h	NV_MMU_PTE_KIND_ZF32_X16V8S8_MS8_VC24_1CS	0xae
uvm/turing/tu102	dev_mmu.h	NV_MMU_PTE_KIND_ZF32_X16V8S8_MS8_VC24_1CZV	0xba
uvm/turing/tu102	dev_mmu.h	NV_MMU_PTE_KIND_ZF32_X16V8S8_MS8_VC24_1ZV	0xb6
uvm/turing/tu102	dev_mmu.h	NV_MMU_PTE_KIND_ZF32_X16V8S8_MS8_VC24_2CS	0xbe
uvm/turing/tu102	dev_mmu.h	NV_MMU_PTE_KIND_ZF32_X16V8S8_MS8_VC24_2CSZV	0xc2
uvm/turing/tu102	dev_mmu.h	NV_MMU_PTE_KIND_ZF32_X16V8S8_MS8_VC8	0xa9
uvm/turing/tu102	dev_mmu.h	NV_MMU_PTE_KIND_ZF32_X16V8S8_MS8_VC8_1CS	0xad
uvm/turing/tu102	dev_mmu.h	NV_MMU_PTE_KIND_ZF32_X16V8S8_MS8_VC8_1CZV	0xb9
uvm/turing/tu102	dev_mmu.h	NV_MMU_PTE_KIND_ZF32_X16V8S8_MS8_VC8_1ZV	0xb5
uvm/turing/tu102	dev_mmu.h	NV_MMU_PTE_KIND_ZF32_X16V8S8_MS8_VC8_2CS	0xbd
uvm/turing/tu102	dev_mmu.h	NV_MMU_PTE_KIND_ZF32_X16V8S8_MS8_VC8_2CSZV	0xc1
uvm/turing/tu102	dev_mmu.h	NV_MMU_PTE_KIND_ZF32_X24S8	0x4
uvm/turing/tu102	dev_mmu.h	NV_MMU_PTE_KIND_ZF32_X24S8_1CS	0xc4
uvm/turing/tu102	dev_mmu.h	NV_MMU_PTE_KIND_ZF32_X24S8_2CS	0xd3
uvm/turing/tu102	dev_mmu.h	NV_MMU_PTE_KIND_ZF32_X24S8_2CSZV	0xce
uvm/turing/tu102	dev_mmu.h	NV_MMU_PTE_KIND_ZF32_X24S8_COMPRESSIBLE_DISABLE_PLC	0xd
uvm/turing/tu102	dev_mmu.h	NV_MMU_PTE_KIND_ZF32_X24S8_MS16_1CS	0xc8
uvm/turing/tu102	dev_mmu.h	NV_MMU_PTE_KIND_ZF32_X24S8_MS16_2CS	0xd7
uvm/turing/tu102	dev_mmu.h	NV_MMU_PTE_KIND_ZF32_X24S8_MS16_2CSZV	0xd2
uvm/turing/tu102	dev_mmu.h	NV_MMU_PTE_KIND_ZF32_X24S8_MS2_1CS	0xc5
uvm/turing/tu102	dev_mmu.h	NV_MMU_PTE_KIND_ZF32_X24S8_MS2_2CS	0xd4
uvm/turing/tu102	dev_mmu.h	NV_MMU_PTE_KIND_ZF32_X24S8_MS2_2CSZV	0xcf
uvm/turing/tu102	dev_mmu.h	NV_MMU_PTE_KIND_ZF32_X24S8_MS4_1CS	0xc6
uvm/turing/tu102	dev_mmu.h	NV_MMU_PTE_KIND_ZF32_X24S8_MS4_2CS	0xd5
uvm/turing/tu102	dev_mmu.h	NV_MMU_PTE_KIND_ZF32_X24S8_MS4_2CSZV	0xd0
uvm/turing/tu102	dev_mmu.h	NV_MMU_PTE_KIND_ZF32_X24S8_MS8_1CS	0xc7
uvm/turing/tu102	dev_mmu.h	NV_MMU_PTE_KIND_ZF32_X24S8_MS8_2CS	0xd6
uvm/turing/tu102	dev_mmu.h	NV_MMU_PTE_KIND_ZF32_X24S8_MS8_2CSZV	0xd1
uvm/turing/tu102	dev_mmu.h	NV_MMU_VER2_DUAL_PDE_ADDRESS_BIG_SHIFT	0x8
uvm/turing/tu102	dev_mmu.h	NV_MMU_VER2_DUAL_PDE_ADDRESS_BIG_SYS	53:4
uvm/turing/tu102	dev_mmu.h	NV_MMU_VER2_DUAL_PDE_ADDRESS_BIG_VID	32:4
uvm/turing/tu102	dev_mmu.h	NV_MMU_VER2_DUAL_PDE_ADDRESS_BIG_VID_PEER	35:33
uvm/turing/tu102	dev_mmu.h	NV_MMU_VER2_DUAL_PDE_ADDRESS_BIG_VID_PEER_0	0x0
uvm/turing/tu102	dev_mmu.h	NV_MMU_VER2_DUAL_PDE_ADDRESS_SHIFT	0xc
uvm/turing/tu102	dev_mmu.h	NV_MMU_VER2_DUAL_PDE_ADDRESS_SMALL_SYS	117:72
uvm/turing/tu102	dev_mmu.h	NV_MMU_VER2_DUAL_PDE_ADDRESS_SMALL_VID	96:72
uvm/turing/tu102	dev_mmu.h	NV_MMU_VER2_DUAL_PDE_ADDRESS_SMALL_VID_PEER	99:97
uvm/turing/tu102	dev_mmu.h	NV_MMU_VER2_DUAL_PDE_ADDRESS_SMALL_VID_PEER_0	0x0
uvm/turing/tu102	dev_mmu.h	NV_MMU_VER2_DUAL_PDE_APERTURE_BIG	2:1
uvm/turing/tu102	dev_mmu.h	NV_MMU_VER2_DUAL_PDE_APERTURE_BIG_INVALID	0x0
uvm/turing/tu102	dev_mmu.h	NV_MMU_VER2_DUAL_PDE_APERTURE_BIG_SYSTEM_COHERENT_MEMORY	0x2
uvm/turing/tu102	dev_mmu.h	NV_MMU_VER2_DUAL_PDE_APERTURE_BIG_SYSTEM_NON_COHERENT_MEMORY	0x3
uvm/turing/tu102	dev_mmu.h	NV_MMU_VER2_DUAL_PDE_APERTURE_BIG_VIDEO_MEMORY	0x1
uvm/turing/tu102	dev_mmu.h	NV_MMU_VER2_DUAL_PDE_APERTURE_SMALL	66:65
uvm/turing/tu102	dev_mmu.h	NV_MMU_VER2_DUAL_PDE_APERTURE_SMALL_INVALID	0x0
uvm/turing/tu102	dev_mmu.h	NV_MMU_VER2_DUAL_PDE_APERTURE_SMALL_SYSTEM_COHERENT_MEMORY	0x2
uvm/turing/tu102	dev_mmu.h	NV_MMU_VER2_DUAL_PDE_APERTURE_SMALL_SYSTEM_NON_COHERENT_MEMORY	0x3
uvm/turing/tu102	dev_mmu.h	NV_MMU_VER2_DUAL_PDE_APERTURE_SMALL_VIDEO_MEMORY	0x1
uvm/turing/tu102	dev_mmu.h	NV_MMU_VER2_DUAL_PDE_IS_PDE	0:0
uvm/turing/tu102	dev_mmu.h	NV_MMU_VER2_DUAL_PDE_IS_PDE_FALSE	0x1
uvm/turing/tu102	dev_mmu.h	NV_MMU_VER2_DUAL_PDE_IS_PDE_TRUE	0x0
uvm/turing/tu102	dev_mmu.h	NV_MMU_VER2_DUAL_PDE_IS_PTE	0:0
uvm/turing/tu102	dev_mmu.h	NV_MMU_VER2_DUAL_PDE_IS_PTE_FALSE	0x0
uvm/turing/tu102	dev_mmu.h	NV_MMU_VER2_DUAL_PDE_IS_PTE_TRUE	0x1
uvm/turing/tu102	dev_mmu.h	NV_MMU_VER2_DUAL_PDE_NO_ATS	5:5
uvm/turing/tu102	dev_mmu.h	NV_MMU_VER2_DUAL_PDE_NO_ATS_FALSE	0x0
uvm/turing/tu102	dev_mmu.h	NV_MMU_VER2_DUAL_PDE_NO_ATS_TRUE	0x1
uvm/turing/tu102	dev_mmu.h	NV_MMU_VER2_DUAL_PDE_VALID	0:0
uvm/turing/tu102	dev_mmu.h	NV_MMU_VER2_DUAL_PDE_VALID_FALSE	0x0
uvm/turing/tu102	dev_mmu.h	NV_MMU_VER2_DUAL_PDE_VALID_TRUE	0x1
uvm/turing/tu102	dev_mmu.h	NV_MMU_VER2_DUAL_PDE_VOL_BIG	3:3
uvm/turing/tu102	dev_mmu.h	NV_MMU_VER2_DUAL_PDE_VOL_BIG_FALSE	0x0
uvm/turing/tu102	dev_mmu.h	NV_MMU_VER2_DUAL_PDE_VOL_BIG_TRUE	0x1
uvm/turing/tu102	dev_mmu.h	NV_MMU_VER2_DUAL_PDE_VOL_SMALL	67:67
uvm/turing/tu102	dev_mmu.h	NV_MMU_VER2_DUAL_PDE_VOL_SMALL_FALSE	0x0
uvm/turing/tu102	dev_mmu.h	NV_MMU_VER2_DUAL_PDE_VOL_SMALL_TRUE	0x1
uvm/turing/tu102	dev_mmu.h	NV_MMU_VER2_DUAL_PDE__SIZE	0x10
uvm/turing/tu102	dev_mmu.h	NV_MMU_VER2_PDE_ADDRESS_SHIFT	0xc
uvm/turing/tu102	dev_mmu.h	NV_MMU_VER2_PDE_ADDRESS_SYS	53:8
uvm/turing/tu102	dev_mmu.h	NV_MMU_VER2_PDE_ADDRESS_VID	32:8
uvm/turing/tu102	dev_mmu.h	NV_MMU_VER2_PDE_ADDRESS_VID_PEER	35:33
uvm/turing/tu102	dev_mmu.h	NV_MMU_VER2_PDE_ADDRESS_VID_PEER_0	0x0
uvm/turing/tu102	dev_mmu.h	NV_MMU_VER2_PDE_APERTURE	2:1
uvm/turing/tu102	dev_mmu.h	NV_MMU_VER2_PDE_APERTURE_INVALID	0x0
uvm/turing/tu102	dev_mmu.h	NV_MMU_VER2_PDE_APERTURE_SYSTEM_COHERENT_MEMORY	0x2
uvm/turing/tu102	dev_mmu.h	NV_MMU_VER2_PDE_APERTURE_SYSTEM_NON_COHERENT_MEMORY	0x3
uvm/turing/tu102	dev_mmu.h	NV_MMU_VER2_PDE_APERTURE_VIDEO_MEMORY	0x1
uvm/turing/tu102	dev_mmu.h	NV_MMU_VER2_PDE_IS_PDE	0:0
uvm/turing/tu102	dev_mmu.h	NV_MMU_VER2_PDE_IS_PDE_FALSE	0x1
uvm/turing/tu102	dev_mmu.h	NV_MMU_VER2_PDE_IS_PDE_TRUE	0x0
uvm/turing/tu102	dev_mmu.h	NV_MMU_VER2_PDE_IS_PTE	0:0
uvm/turing/tu102	dev_mmu.h	NV_MMU_VER2_PDE_IS_PTE_FALSE	0x0
uvm/turing/tu102	dev_mmu.h	NV_MMU_VER2_PDE_IS_PTE_TRUE	0x1
uvm/turing/tu102	dev_mmu.h	NV_MMU_VER2_PDE_NO_ATS	5:5
uvm/turing/tu102	dev_mmu.h	NV_MMU_VER2_PDE_NO_ATS_FALSE	0x0
uvm/turing/tu102	dev_mmu.h	NV_MMU_VER2_PDE_NO_ATS_TRUE	0x1
uvm/turing/tu102	dev_mmu.h	NV_MMU_VER2_PDE_VALID	0:0
uvm/turing/tu102	dev_mmu.h	NV_MMU_VER2_PDE_VALID_FALSE	0x0
uvm/turing/tu102	dev_mmu.h	NV_MMU_VER2_PDE_VALID_TRUE	0x1
uvm/turing/tu102	dev_mmu.h	NV_MMU_VER2_PDE_VOL	3:3
uvm/turing/tu102	dev_mmu.h	NV_MMU_VER2_PDE_VOL_FALSE	0x0
uvm/turing/tu102	dev_mmu.h	NV_MMU_VER2_PDE_VOL_TRUE	0x1
uvm/turing/tu102	dev_mmu.h	NV_MMU_VER2_PDE__SIZE	0x8
uvm/turing/tu102	dev_mmu.h	NV_MMU_VER2_PTE_ADDRESS_SHIFT	0xc
uvm/turing/tu102	dev_mmu.h	NV_MMU_VER2_PTE_ADDRESS_SYS	53:8
uvm/turing/tu102	dev_mmu.h	NV_MMU_VER2_PTE_ADDRESS_VID	32:8
uvm/turing/tu102	dev_mmu.h	NV_MMU_VER2_PTE_ADDRESS_VID_PEER	35:33
uvm/turing/tu102	dev_mmu.h	NV_MMU_VER2_PTE_ADDRESS_VID_PEER_0	0x0
uvm/turing/tu102	dev_mmu.h	NV_MMU_VER2_PTE_ADDRESS_VID_PEER_1	0x1
uvm/turing/tu102	dev_mmu.h	NV_MMU_VER2_PTE_ADDRESS_VID_PEER_2	0x2
uvm/turing/tu102	dev_mmu.h	NV_MMU_VER2_PTE_ADDRESS_VID_PEER_3	0x3
uvm/turing/tu102	dev_mmu.h	NV_MMU_VER2_PTE_ADDRESS_VID_PEER_4	0x4
uvm/turing/tu102	dev_mmu.h	NV_MMU_VER2_PTE_ADDRESS_VID_PEER_5	0x5
uvm/turing/tu102	dev_mmu.h	NV_MMU_VER2_PTE_ADDRESS_VID_PEER_6	0x6
uvm/turing/tu102	dev_mmu.h	NV_MMU_VER2_PTE_ADDRESS_VID_PEER_7	0x7
uvm/turing/tu102	dev_mmu.h	NV_MMU_VER2_PTE_APERTURE	2:1
uvm/turing/tu102	dev_mmu.h	NV_MMU_VER2_PTE_APERTURE_PEER_MEMORY	0x1
uvm/turing/tu102	dev_mmu.h	NV_MMU_VER2_PTE_APERTURE_SYSTEM_COHERENT_MEMORY	0x2
uvm/turing/tu102	dev_mmu.h	NV_MMU_VER2_PTE_APERTURE_SYSTEM_NON_COHERENT_MEMORY	0x3
uvm/turing/tu102	dev_mmu.h	NV_MMU_VER2_PTE_APERTURE_VIDEO_MEMORY	0x0
uvm/turing/tu102	dev_mmu.h	NV_MMU_VER2_PTE_ATOMIC_DISABLE	7:7
uvm/turing/tu102	dev_mmu.h	NV_MMU_VER2_PTE_ATOMIC_DISABLE_FALSE	0x0
uvm/turing/tu102	dev_mmu.h	NV_MMU_VER2_PTE_ATOMIC_DISABLE_TRUE	0x1
uvm/turing/tu102	dev_mmu.h	NV_MMU_VER2_PTE_COMPTAGLINE	55:36
uvm/turing/tu102	dev_mmu.h	NV_MMU_VER2_PTE_ENCRYPTED	4:4
uvm/turing/tu102	dev_mmu.h	NV_MMU_VER2_PTE_ENCRYPTED_FALSE	0x0
uvm/turing/tu102	dev_mmu.h	NV_MMU_VER2_PTE_ENCRYPTED_TRUE	0x1
uvm/turing/tu102	dev_mmu.h	NV_MMU_VER2_PTE_KIND	63:56
uvm/turing/tu102	dev_mmu.h	NV_MMU_VER2_PTE_PRIVILEGE	5:5
uvm/turing/tu102	dev_mmu.h	NV_MMU_VER2_PTE_PRIVILEGE_FALSE	0x0
uvm/turing/tu102	dev_mmu.h	NV_MMU_VER2_PTE_PRIVILEGE_TRUE	0x1
uvm/turing/tu102	dev_mmu.h	NV_MMU_VER2_PTE_READ_ONLY	6:6
uvm/turing/tu102	dev_mmu.h	NV_MMU_VER2_PTE_READ_ONLY_FALSE	0x0
uvm/turing/tu102	dev_mmu.h	NV_MMU_VER2_PTE_READ_ONLY_TRUE	0x1
uvm/turing/tu102	dev_mmu.h	NV_MMU_VER2_PTE_VALID	0:0
uvm/turing/tu102	dev_mmu.h	NV_MMU_VER2_PTE_VALID_FALSE	0x0
uvm/turing/tu102	dev_mmu.h	NV_MMU_VER2_PTE_VALID_TRUE	0x1
uvm/turing/tu102	dev_mmu.h	NV_MMU_VER2_PTE_VOL	3:3
uvm/turing/tu102	dev_mmu.h	NV_MMU_VER2_PTE_VOL_FALSE	0x0
uvm/turing/tu102	dev_mmu.h	NV_MMU_VER2_PTE_VOL_TRUE	0x1
uvm/turing/tu102	dev_mmu.h	NV_MMU_VER2_PTE__SIZE	0x8
uvm/turing/tu102	dev_fault.h	NV_PFAULT_ACCESS_TYPE_ATOMIC	0x2
uvm/turing/tu102	dev_fault.h	NV_PFAULT_ACCESS_TYPE_PHYS_ATOMIC	0xa
uvm/turing/tu102	dev_fault.h	NV_PFAULT_ACCESS_TYPE_PHYS_PREFETCH	0xb
uvm/turing/tu102	dev_fault.h	NV_PFAULT_ACCESS_TYPE_PHYS_READ	0x8
uvm/turing/tu102	dev_fault.h	NV_PFAULT_ACCESS_TYPE_PHYS_WRITE	0x9
uvm/turing/tu102	dev_fault.h	NV_PFAULT_ACCESS_TYPE_PREFETCH	0x3
uvm/turing/tu102	dev_fault.h	NV_PFAULT_ACCESS_TYPE_READ	0x0
uvm/turing/tu102	dev_fault.h	NV_PFAULT_ACCESS_TYPE_VIRT_ATOMIC	0x2
uvm/turing/tu102	dev_fault.h	NV_PFAULT_ACCESS_TYPE_VIRT_ATOMIC_STRONG	0x2
uvm/turing/tu102	dev_fault.h	NV_PFAULT_ACCESS_TYPE_VIRT_ATOMIC_WEAK	0x4
uvm/turing/tu102	dev_fault.h	NV_PFAULT_ACCESS_TYPE_VIRT_PREFETCH	0x3
uvm/turing/tu102	dev_fault.h	NV_PFAULT_ACCESS_TYPE_VIRT_READ	0x0
uvm/turing/tu102	dev_fault.h	NV_PFAULT_ACCESS_TYPE_VIRT_WRITE	0x1
uvm/turing/tu102	dev_fault.h	NV_PFAULT_ACCESS_TYPE_WRITE	0x1
uvm/turing/tu102	dev_fault.h	NV_PFAULT_FAULT_TYPE_ATOMIC_VIOLATION	0xf
uvm/turing/tu102	dev_fault.h	NV_PFAULT_FAULT_TYPE_COMPRESSION_FAILURE	0xb
uvm/turing/tu102	dev_fault.h	NV_PFAULT_FAULT_TYPE_PDE	0x0
uvm/turing/tu102	dev_fault.h	NV_PFAULT_FAULT_TYPE_PDE_SIZE	0x1
uvm/turing/tu102	dev_fault.h	NV_PFAULT_FAULT_TYPE_PITCH_MASK_VIOLATION	0x8
uvm/turing/tu102	dev_fault.h	NV_PFAULT_FAULT_TYPE_POISONED	0xe
uvm/turing/tu102	dev_fault.h	NV_PFAULT_FAULT_TYPE_PRIV_VIOLATION	0x5
uvm/turing/tu102	dev_fault.h	NV_PFAULT_FAULT_TYPE_PTE	0x2
uvm/turing/tu102	dev_fault.h	NV_PFAULT_FAULT_TYPE_REGION_VIOLATION	0xd
uvm/turing/tu102	dev_fault.h	NV_PFAULT_FAULT_TYPE_RO_VIOLATION	0x6
uvm/turing/tu102	dev_fault.h	NV_PFAULT_FAULT_TYPE_UNBOUND_INST_BLOCK	0x4
uvm/turing/tu102	dev_fault.h	NV_PFAULT_FAULT_TYPE_UNSUPPORTED_APERTURE	0xa
uvm/turing/tu102	dev_fault.h	NV_PFAULT_FAULT_TYPE_UNSUPPORTED_KIND	0xc
uvm/turing/tu102	dev_fault.h	NV_PFAULT_FAULT_TYPE_VA_LIMIT_VIOLATION	0x3
uvm/turing/tu102	dev_fault.h	NV_PFAULT_FAULT_TYPE_WORK_CREATION	0x9
uvm/turing/tu102	dev_fault.h	NV_PFAULT_FAULT_TYPE_WO_VIOLATION	0x7
uvm/turing/tu102	dev_fault.h	NV_PFAULT_MMU_CLIENT_TYPE_GPC	0x0
uvm/turing/tu102	dev_fault.h	NV_PFAULT_MMU_CLIENT_TYPE_HUB	0x1
uvm/turing/tu102	dev_fault.h	NV_PFAULT_MMU_ENG_ID_BAR1	0x80
uvm/turing/tu102	dev_fault.h	NV_PFAULT_MMU_ENG_ID_BAR1_FN0	0x80
uvm/turing/tu102	dev_fault.h	NV_PFAULT_MMU_ENG_ID_BAR1_FN1	0x81
uvm/turing/tu102	dev_fault.h	NV_PFAULT_MMU_ENG_ID_BAR1_FN10	0x8a
uvm/turing/tu102	dev_fault.h	NV_PFAULT_MMU_ENG_ID_BAR1_FN11	0x8b
uvm/turing/tu102	dev_fault.h	NV_PFAULT_MMU_ENG_ID_BAR1_FN12	0x8c
uvm/turing/tu102	dev_fault.h	NV_PFAULT_MMU_ENG_ID_BAR1_FN13	0x8d
uvm/turing/tu102	dev_fault.h	NV_PFAULT_MMU_ENG_ID_BAR1_FN14	0x8e
uvm/turing/tu102	dev_fault.h	NV_PFAULT_MMU_ENG_ID_BAR1_FN15	0x8f
uvm/turing/tu102	dev_fault.h	NV_PFAULT_MMU_ENG_ID_BAR1_FN16	0x90
uvm/turing/tu102	dev_fault.h	NV_PFAULT_MMU_ENG_ID_BAR1_FN17	0x91
uvm/turing/tu102	dev_fault.h	NV_PFAULT_MMU_ENG_ID_BAR1_FN18	0x92
uvm/turing/tu102	dev_fault.h	NV_PFAULT_MMU_ENG_ID_BAR1_FN19	0x93
uvm/turing/tu102	dev_fault.h	NV_PFAULT_MMU_ENG_ID_BAR1_FN2	0x82
uvm/turing/tu102	dev_fault.h	NV_PFAULT_MMU_ENG_ID_BAR1_FN20	0x94
uvm/turing/tu102	dev_fault.h	NV_PFAULT_MMU_ENG_ID_BAR1_FN21	0x95
uvm/turing/tu102	dev_fault.h	NV_PFAULT_MMU_ENG_ID_BAR1_FN22	0x96
uvm/turing/tu102	dev_fault.h	NV_PFAULT_MMU_ENG_ID_BAR1_FN23	0x97
uvm/turing/tu102	dev_fault.h	NV_PFAULT_MMU_ENG_ID_BAR1_FN24	0x98
uvm/turing/tu102	dev_fault.h	NV_PFAULT_MMU_ENG_ID_BAR1_FN25	0x99
uvm/turing/tu102	dev_fault.h	NV_PFAULT_MMU_ENG_ID_BAR1_FN26	0x9a
uvm/turing/tu102	dev_fault.h	NV_PFAULT_MMU_ENG_ID_BAR1_FN27	0x9b
uvm/turing/tu102	dev_fault.h	NV_PFAULT_MMU_ENG_ID_BAR1_FN28	0x9c
uvm/turing/tu102	dev_fault.h	NV_PFAULT_MMU_ENG_ID_BAR1_FN29	0x9d
uvm/turing/tu102	dev_fault.h	NV_PFAULT_MMU_ENG_ID_BAR1_FN3	0x83
uvm/turing/tu102	dev_fault.h	NV_PFAULT_MMU_ENG_ID_BAR1_FN30	0x9e
uvm/turing/tu102	dev_fault.h	NV_PFAULT_MMU_ENG_ID_BAR1_FN31	0x9f
uvm/turing/tu102	dev_fault.h	NV_PFAULT_MMU_ENG_ID_BAR1_FN32	0xa0
uvm/turing/tu102	dev_fault.h	NV_PFAULT_MMU_ENG_ID_BAR1_FN33	0xa1
uvm/turing/tu102	dev_fault.h	NV_PFAULT_MMU_ENG_ID_BAR1_FN34	0xa2
uvm/turing/tu102	dev_fault.h	NV_PFAULT_MMU_ENG_ID_BAR1_FN35	0xa3
uvm/turing/tu102	dev_fault.h	NV_PFAULT_MMU_ENG_ID_BAR1_FN36	0xa4
uvm/turing/tu102	dev_fault.h	NV_PFAULT_MMU_ENG_ID_BAR1_FN37	0xa5
uvm/turing/tu102	dev_fault.h	NV_PFAULT_MMU_ENG_ID_BAR1_FN38	0xa6
uvm/turing/tu102	dev_fault.h	NV_PFAULT_MMU_ENG_ID_BAR1_FN39	0xa7
uvm/turing/tu102	dev_fault.h	NV_PFAULT_MMU_ENG_ID_BAR1_FN4	0x84
uvm/turing/tu102	dev_fault.h	NV_PFAULT_MMU_ENG_ID_BAR1_FN40	0xa8
uvm/turing/tu102	dev_fault.h	NV_PFAULT_MMU_ENG_ID_BAR1_FN41	0xa9
uvm/turing/tu102	dev_fault.h	NV_PFAULT_MMU_ENG_ID_BAR1_FN42	0xaa
uvm/turing/tu102	dev_fault.h	NV_PFAULT_MMU_ENG_ID_BAR1_FN43	0xab
uvm/turing/tu102	dev_fault.h	NV_PFAULT_MMU_ENG_ID_BAR1_FN44	0xac
uvm/turing/tu102	dev_fault.h	NV_PFAULT_MMU_ENG_ID_BAR1_FN45	0xad
uvm/turing/tu102	dev_fault.h	NV_PFAULT_MMU_ENG_ID_BAR1_FN46	0xae
uvm/turing/tu102	dev_fault.h	NV_PFAULT_MMU_ENG_ID_BAR1_FN47	0xaf
uvm/turing/tu102	dev_fault.h	NV_PFAULT_MMU_ENG_ID_BAR1_FN48	0xb0
uvm/turing/tu102	dev_fault.h	NV_PFAULT_MMU_ENG_ID_BAR1_FN49	0xb1
uvm/turing/tu102	dev_fault.h	NV_PFAULT_MMU_ENG_ID_BAR1_FN5	0x85
uvm/turing/tu102	dev_fault.h	NV_PFAULT_MMU_ENG_ID_BAR1_FN50	0xb2
uvm/turing/tu102	dev_fault.h	NV_PFAULT_MMU_ENG_ID_BAR1_FN51	0xb3
uvm/turing/tu102	dev_fault.h	NV_PFAULT_MMU_ENG_ID_BAR1_FN52	0xb4
uvm/turing/tu102	dev_fault.h	NV_PFAULT_MMU_ENG_ID_BAR1_FN53	0xb5
uvm/turing/tu102	dev_fault.h	NV_PFAULT_MMU_ENG_ID_BAR1_FN54	0xb6
uvm/turing/tu102	dev_fault.h	NV_PFAULT_MMU_ENG_ID_BAR1_FN55	0xb7
uvm/turing/tu102	dev_fault.h	NV_PFAULT_MMU_ENG_ID_BAR1_FN56	0xb8
uvm/turing/tu102	dev_fault.h	NV_PFAULT_MMU_ENG_ID_BAR1_FN57	0xb9
uvm/turing/tu102	dev_fault.h	NV_PFAULT_MMU_ENG_ID_BAR1_FN58	0xba
uvm/turing/tu102	dev_fault.h	NV_PFAULT_MMU_ENG_ID_BAR1_FN59	0xbb
uvm/turing/tu102	dev_fault.h	NV_PFAULT_MMU_ENG_ID_BAR1_FN6	0x86
uvm/turing/tu102	dev_fault.h	NV_PFAULT_MMU_ENG_ID_BAR1_FN60	0xbc
uvm/turing/tu102	dev_fault.h	NV_PFAULT_MMU_ENG_ID_BAR1_FN61	0xbd
uvm/turing/tu102	dev_fault.h	NV_PFAULT_MMU_ENG_ID_BAR1_FN62	0xbe
uvm/turing/tu102	dev_fault.h	NV_PFAULT_MMU_ENG_ID_BAR1_FN63	0xbf
uvm/turing/tu102	dev_fault.h	NV_PFAULT_MMU_ENG_ID_BAR1_FN7	0x87
uvm/turing/tu102	dev_fault.h	NV_PFAULT_MMU_ENG_ID_BAR1_FN8	0x88
uvm/turing/tu102	dev_fault.h	NV_PFAULT_MMU_ENG_ID_BAR1_FN9	0x89
uvm/turing/tu102	dev_fault.h	NV_PFAULT_MMU_ENG_ID_BAR2	0xc0
uvm/turing/tu102	dev_fault.h	NV_PFAULT_MMU_ENG_ID_BAR2_FN0	0xc0
uvm/turing/tu102	dev_fault.h	NV_PFAULT_MMU_ENG_ID_BAR2_FN1	0xc1
uvm/turing/tu102	dev_fault.h	NV_PFAULT_MMU_ENG_ID_BAR2_FN10	0xca
uvm/turing/tu102	dev_fault.h	NV_PFAULT_MMU_ENG_ID_BAR2_FN11	0xcb
uvm/turing/tu102	dev_fault.h	NV_PFAULT_MMU_ENG_ID_BAR2_FN12	0xcc
uvm/turing/tu102	dev_fault.h	NV_PFAULT_MMU_ENG_ID_BAR2_FN13	0xcd
uvm/turing/tu102	dev_fault.h	NV_PFAULT_MMU_ENG_ID_BAR2_FN14	0xce
uvm/turing/tu102	dev_fault.h	NV_PFAULT_MMU_ENG_ID_BAR2_FN15	0xcf
uvm/turing/tu102	dev_fault.h	NV_PFAULT_MMU_ENG_ID_BAR2_FN16	0xd0
uvm/turing/tu102	dev_fault.h	NV_PFAULT_MMU_ENG_ID_BAR2_FN17	0xd1
uvm/turing/tu102	dev_fault.h	NV_PFAULT_MMU_ENG_ID_BAR2_FN18	0xd2
uvm/turing/tu102	dev_fault.h	NV_PFAULT_MMU_ENG_ID_BAR2_FN19	0xd3
uvm/turing/tu102	dev_fault.h	NV_PFAULT_MMU_ENG_ID_BAR2_FN2	0xc2
uvm/turing/tu102	dev_fault.h	NV_PFAULT_MMU_ENG_ID_BAR2_FN20	0xd4
uvm/turing/tu102	dev_fault.h	NV_PFAULT_MMU_ENG_ID_BAR2_FN21	0xd5
uvm/turing/tu102	dev_fault.h	NV_PFAULT_MMU_ENG_ID_BAR2_FN22	0xd6
uvm/turing/tu102	dev_fault.h	NV_PFAULT_MMU_ENG_ID_BAR2_FN23	0xd7
uvm/turing/tu102	dev_fault.h	NV_PFAULT_MMU_ENG_ID_BAR2_FN24	0xd8
uvm/turing/tu102	dev_fault.h	NV_PFAULT_MMU_ENG_ID_BAR2_FN25	0xd9
uvm/turing/tu102	dev_fault.h	NV_PFAULT_MMU_ENG_ID_BAR2_FN26	0xda
uvm/turing/tu102	dev_fault.h	NV_PFAULT_MMU_ENG_ID_BAR2_FN27	0xdb
uvm/turing/tu102	dev_fault.h	NV_PFAULT_MMU_ENG_ID_BAR2_FN28	0xdc
uvm/turing/tu102	dev_fault.h	NV_PFAULT_MMU_ENG_ID_BAR2_FN29	0xdd
uvm/turing/tu102	dev_fault.h	NV_PFAULT_MMU_ENG_ID_BAR2_FN3	0xc3
uvm/turing/tu102	dev_fault.h	NV_PFAULT_MMU_ENG_ID_BAR2_FN30	0xde
uvm/turing/tu102	dev_fault.h	NV_PFAULT_MMU_ENG_ID_BAR2_FN31	0xdf
uvm/turing/tu102	dev_fault.h	NV_PFAULT_MMU_ENG_ID_BAR2_FN32	0xe0
uvm/turing/tu102	dev_fault.h	NV_PFAULT_MMU_ENG_ID_BAR2_FN33	0xe1
uvm/turing/tu102	dev_fault.h	NV_PFAULT_MMU_ENG_ID_BAR2_FN34	0xe2
uvm/turing/tu102	dev_fault.h	NV_PFAULT_MMU_ENG_ID_BAR2_FN35	0xe3
uvm/turing/tu102	dev_fault.h	NV_PFAULT_MMU_ENG_ID_BAR2_FN36	0xe4
uvm/turing/tu102	dev_fault.h	NV_PFAULT_MMU_ENG_ID_BAR2_FN37	0xe5
uvm/turing/tu102	dev_fault.h	NV_PFAULT_MMU_ENG_ID_BAR2_FN38	0xe6
uvm/turing/tu102	dev_fault.h	NV_PFAULT_MMU_ENG_ID_BAR2_FN39	0xe7
uvm/turing/tu102	dev_fault.h	NV_PFAULT_MMU_ENG_ID_BAR2_FN4	0xc4
uvm/turing/tu102	dev_fault.h	NV_PFAULT_MMU_ENG_ID_BAR2_FN40	0xe8
uvm/turing/tu102	dev_fault.h	NV_PFAULT_MMU_ENG_ID_BAR2_FN41	0xe9
uvm/turing/tu102	dev_fault.h	NV_PFAULT_MMU_ENG_ID_BAR2_FN42	0xea
uvm/turing/tu102	dev_fault.h	NV_PFAULT_MMU_ENG_ID_BAR2_FN43	0xeb
uvm/turing/tu102	dev_fault.h	NV_PFAULT_MMU_ENG_ID_BAR2_FN44	0xec
uvm/turing/tu102	dev_fault.h	NV_PFAULT_MMU_ENG_ID_BAR2_FN45	0xed
uvm/turing/tu102	dev_fault.h	NV_PFAULT_MMU_ENG_ID_BAR2_FN46	0xee
uvm/turing/tu102	dev_fault.h	NV_PFAULT_MMU_ENG_ID_BAR2_FN47	0xef
uvm/turing/tu102	dev_fault.h	NV_PFAULT_MMU_ENG_ID_BAR2_FN48	0xf0
uvm/turing/tu102	dev_fault.h	NV_PFAULT_MMU_ENG_ID_BAR2_FN49	0xf1
uvm/turing/tu102	dev_fault.h	NV_PFAULT_MMU_ENG_ID_BAR2_FN5	0xc5
uvm/turing/tu102	dev_fault.h	NV_PFAULT_MMU_ENG_ID_BAR2_FN50	0xf2
uvm/turing/tu102	dev_fault.h	NV_PFAULT_MMU_ENG_ID_BAR2_FN51	0xf3
uvm/turing/tu102	dev_fault.h	NV_PFAULT_MMU_ENG_ID_BAR2_FN52	0xf4
uvm/turing/tu102	dev_fault.h	NV_PFAULT_MMU_ENG_ID_BAR2_FN53	0xf5
uvm/turing/tu102	dev_fault.h	NV_PFAULT_MMU_ENG_ID_BAR2_FN54	0xf6
uvm/turing/tu102	dev_fault.h	NV_PFAULT_MMU_ENG_ID_BAR2_FN55	0xf7
uvm/turing/tu102	dev_fault.h	NV_PFAULT_MMU_ENG_ID_BAR2_FN56	0xf8
uvm/turing/tu102	dev_fault.h	NV_PFAULT_MMU_ENG_ID_BAR2_FN57	0xf9
uvm/turing/tu102	dev_fault.h	NV_PFAULT_MMU_ENG_ID_BAR2_FN58	0xfa
uvm/turing/tu102	dev_fault.h	NV_PFAULT_MMU_ENG_ID_BAR2_FN59	0xfb
uvm/turing/tu102	dev_fault.h	NV_PFAULT_MMU_ENG_ID_BAR2_FN6	0xc6
uvm/turing/tu102	dev_fault.h	NV_PFAULT_MMU_ENG_ID_BAR2_FN60	0xfc
uvm/turing/tu102	dev_fault.h	NV_PFAULT_MMU_ENG_ID_BAR2_FN61	0xfd
uvm/turing/tu102	dev_fault.h	NV_PFAULT_MMU_ENG_ID_BAR2_FN62	0xfe
uvm/turing/tu102	dev_fault.h	NV_PFAULT_MMU_ENG_ID_BAR2_FN63	0xff
uvm/turing/tu102	dev_fault.h	NV_PFAULT_MMU_ENG_ID_BAR2_FN7	0xc7
uvm/turing/tu102	dev_fault.h	NV_PFAULT_MMU_ENG_ID_BAR2_FN8	0xc8
uvm/turing/tu102	dev_fault.h	NV_PFAULT_MMU_ENG_ID_BAR2_FN9	0xc9
uvm/turing/tu102	dev_fault.h	NV_PFAULT_MMU_ENG_ID_CE0	0xf
uvm/turing/tu102	dev_fault.h	NV_PFAULT_MMU_ENG_ID_CE1	0x10
uvm/turing/tu102	dev_fault.h	NV_PFAULT_MMU_ENG_ID_CE2	0x11
uvm/turing/tu102	dev_fault.h	NV_PFAULT_MMU_ENG_ID_CE3	0x12
uvm/turing/tu102	dev_fault.h	NV_PFAULT_MMU_ENG_ID_CE4	0x13
uvm/turing/tu102	dev_fault.h	NV_PFAULT_MMU_ENG_ID_CE5	0x14
uvm/turing/tu102	dev_fault.h	NV_PFAULT_MMU_ENG_ID_CE6	0x15
uvm/turing/tu102	dev_fault.h	NV_PFAULT_MMU_ENG_ID_CE7	0x16
uvm/turing/tu102	dev_fault.h	NV_PFAULT_MMU_ENG_ID_CE8	0x17
uvm/turing/tu102	dev_fault.h	NV_PFAULT_MMU_ENG_ID_DISPLAY	0x1
uvm/turing/tu102	dev_fault.h	NV_PFAULT_MMU_ENG_ID_GRAPHICS	0x40
uvm/turing/tu102	dev_fault.h	NV_PFAULT_MMU_ENG_ID_GRCOPY	0xf
uvm/turing/tu102	dev_fault.h	NV_PFAULT_MMU_ENG_ID_GSP	0x2
uvm/turing/tu102	dev_fault.h	NV_PFAULT_MMU_ENG_ID_HOST0	0x20
uvm/turing/tu102	dev_fault.h	NV_PFAULT_MMU_ENG_ID_HOST1	0x21
uvm/turing/tu102	dev_fault.h	NV_PFAULT_MMU_ENG_ID_HOST10	0x2a
uvm/turing/tu102	dev_fault.h	NV_PFAULT_MMU_ENG_ID_HOST11	0x2b
uvm/turing/tu102	dev_fault.h	NV_PFAULT_MMU_ENG_ID_HOST12	0x2c
uvm/turing/tu102	dev_fault.h	NV_PFAULT_MMU_ENG_ID_HOST13	0x2d
uvm/turing/tu102	dev_fault.h	NV_PFAULT_MMU_ENG_ID_HOST14	0x2e
uvm/turing/tu102	dev_fault.h	NV_PFAULT_MMU_ENG_ID_HOST2	0x22
uvm/turing/tu102	dev_fault.h	NV_PFAULT_MMU_ENG_ID_HOST3	0x23
uvm/turing/tu102	dev_fault.h	NV_PFAULT_MMU_ENG_ID_HOST4	0x24
uvm/turing/tu102	dev_fault.h	NV_PFAULT_MMU_ENG_ID_HOST5	0x25
uvm/turing/tu102	dev_fault.h	NV_PFAULT_MMU_ENG_ID_HOST6	0x26
uvm/turing/tu102	dev_fault.h	NV_PFAULT_MMU_ENG_ID_HOST7	0x27
uvm/turing/tu102	dev_fault.h	NV_PFAULT_MMU_ENG_ID_HOST8	0x28
uvm/turing/tu102	dev_fault.h	NV_PFAULT_MMU_ENG_ID_HOST9	0x29
uvm/turing/tu102	dev_fault.h	NV_PFAULT_MMU_ENG_ID_IFB	0x9
uvm/turing/tu102	dev_fault.h	NV_PFAULT_MMU_ENG_ID_NVDEC	0xa
uvm/turing/tu102	dev_fault.h	NV_PFAULT_MMU_ENG_ID_NVDEC0	0xa
uvm/turing/tu102	dev_fault.h	NV_PFAULT_MMU_ENG_ID_NVDEC1	0x19
uvm/turing/tu102	dev_fault.h	NV_PFAULT_MMU_ENG_ID_NVDEC2	0x1a
uvm/turing/tu102	dev_fault.h	NV_PFAULT_MMU_ENG_ID_NVENC0	0xb
uvm/turing/tu102	dev_fault.h	NV_PFAULT_MMU_ENG_ID_NVENC1	0xc
uvm/turing/tu102	dev_fault.h	NV_PFAULT_MMU_ENG_ID_NVENC2	0xd
uvm/turing/tu102	dev_fault.h	NV_PFAULT_MMU_ENG_ID_NVJPG0	0x18
uvm/turing/tu102	dev_fault.h	NV_PFAULT_MMU_ENG_ID_PERF	0x8
uvm/turing/tu102	dev_fault.h	NV_PFAULT_MMU_ENG_ID_PHYSICAL	0x1f
uvm/turing/tu102	dev_fault.h	NV_PFAULT_MMU_ENG_ID_PTP	0x3
uvm/turing/tu102	dev_fault.h	NV_PFAULT_MMU_ENG_ID_PWR_PMU	0x6
uvm/turing/tu102	dev_fault.h	NV_PFAULT_MMU_ENG_ID_SEC	0xe
uvm/volta/gv100	dev_mmu.h	NV_MMU_PTE_KIND_C128_2C	0xf4
uvm/volta/gv100	dev_mmu.h	NV_MMU_PTE_KIND_C128_2CR	0xf5
uvm/volta/gv100	dev_mmu.h	NV_MMU_PTE_KIND_C128_MS2_2C	0xf6
uvm/volta/gv100	dev_mmu.h	NV_MMU_PTE_KIND_C128_MS2_2CR	0xf7
uvm/volta/gv100	dev_mmu.h	NV_MMU_PTE_KIND_C128_MS4_2C	0xf8
uvm/volta/gv100	dev_mmu.h	NV_MMU_PTE_KIND_C128_MS4_2CR	0xf9
uvm/volta/gv100	dev_mmu.h	NV_MMU_PTE_KIND_C128_MS8_MS16_2C	0xfa
uvm/volta/gv100	dev_mmu.h	NV_MMU_PTE_KIND_C128_MS8_MS16_2CR	0xfb
uvm/volta/gv100	dev_mmu.h	NV_MMU_PTE_KIND_C32_2BRA	0xdc
uvm/volta/gv100	dev_mmu.h	NV_MMU_PTE_KIND_C32_2C	0xd8
uvm/volta/gv100	dev_mmu.h	NV_MMU_PTE_KIND_C32_2CBA	0xda
uvm/volta/gv100	dev_mmu.h	NV_MMU_PTE_KIND_C32_2CBR	0xd9
uvm/volta/gv100	dev_mmu.h	NV_MMU_PTE_KIND_C32_2CRA	0xdb
uvm/volta/gv100	dev_mmu.h	NV_MMU_PTE_KIND_C32_MS2_2C	0xdd
uvm/volta/gv100	dev_mmu.h	NV_MMU_PTE_KIND_C32_MS2_2CBR	0xde
uvm/volta/gv100	dev_mmu.h	NV_MMU_PTE_KIND_C32_MS2_4CBRA	0xcc
uvm/volta/gv100	dev_mmu.h	NV_MMU_PTE_KIND_C32_MS4_2BRA	0xe3
uvm/volta/gv100	dev_mmu.h	NV_MMU_PTE_KIND_C32_MS4_2C	0xdf
uvm/volta/gv100	dev_mmu.h	NV_MMU_PTE_KIND_C32_MS4_2CBA	0xe1
uvm/volta/gv100	dev_mmu.h	NV_MMU_PTE_KIND_C32_MS4_2CBR	0xe0
uvm/volta/gv100	dev_mmu.h	NV_MMU_PTE_KIND_C32_MS4_2CRA	0xe2
uvm/volta/gv100	dev_mmu.h	NV_MMU_PTE_KIND_C32_MS4_4CBRA	0x2c
uvm/volta/gv100	dev_mmu.h	NV_MMU_PTE_KIND_C32_MS8_MS16_2C	0xe4
uvm/volta/gv100	dev_mmu.h	NV_MMU_PTE_KIND_C32_MS8_MS16_2CRA	0xe5
uvm/volta/gv100	dev_mmu.h	NV_MMU_PTE_KIND_C64_2BRA	0xea
uvm/volta/gv100	dev_mmu.h	NV_MMU_PTE_KIND_C64_2C	0xe6
uvm/volta/gv100	dev_mmu.h	NV_MMU_PTE_KIND_C64_2CBA	0xe8
uvm/volta/gv100	dev_mmu.h	NV_MMU_PTE_KIND_C64_2CBR	0xe7
uvm/volta/gv100	dev_mmu.h	NV_MMU_PTE_KIND_C64_2CRA	0xe9
uvm/volta/gv100	dev_mmu.h	NV_MMU_PTE_KIND_C64_MS2_2C	0xeb
uvm/volta/gv100	dev_mmu.h	NV_MMU_PTE_KIND_C64_MS2_2CBR	0xec
uvm/volta/gv100	dev_mmu.h	NV_MMU_PTE_KIND_C64_MS2_4CBRA	0xcd
uvm/volta/gv100	dev_mmu.h	NV_MMU_PTE_KIND_C64_MS4_2BRA	0xf1
uvm/volta/gv100	dev_mmu.h	NV_MMU_PTE_KIND_C64_MS4_2C	0xed
uvm/volta/gv100	dev_mmu.h	NV_MMU_PTE_KIND_C64_MS4_2CBA	0xef
uvm/volta/gv100	dev_mmu.h	NV_MMU_PTE_KIND_C64_MS4_2CBR	0xee
uvm/volta/gv100	dev_mmu.h	NV_MMU_PTE_KIND_C64_MS4_2CRA	0xf0
uvm/volta/gv100	dev_mmu.h	NV_MMU_PTE_KIND_C64_MS4_4CBRA	0x2d
uvm/volta/gv100	dev_mmu.h	NV_MMU_PTE_KIND_C64_MS8_MS16_2C	0xf2
uvm/volta/gv100	dev_mmu.h	NV_MMU_PTE_KIND_C64_MS8_MS16_2CRA	0xf3
uvm/volta/gv100	dev_mmu.h	NV_MMU_PTE_KIND_GENERIC_16BX2	0xfe
uvm/volta/gv100	dev_mmu.h	NV_MMU_PTE_KIND_INVALID	0xff
uvm/volta/gv100	dev_mmu.h	NV_MMU_PTE_KIND_PITCH	0x0
uvm/volta/gv100	dev_mmu.h	NV_MMU_PTE_KIND_PITCH_NO_SWIZZLE	0xfd
uvm/volta/gv100	dev_mmu.h	NV_MMU_PTE_KIND_S8	0x2a
uvm/volta/gv100	dev_mmu.h	NV_MMU_PTE_KIND_S8Z24	0x11
uvm/volta/gv100	dev_mmu.h	NV_MMU_PTE_KIND_S8Z24_1Z	0x12
uvm/volta/gv100	dev_mmu.h	NV_MMU_PTE_KIND_S8Z24_2CS	0x1c
uvm/volta/gv100	dev_mmu.h	NV_MMU_PTE_KIND_S8Z24_2CZ	0x17
uvm/volta/gv100	dev_mmu.h	NV_MMU_PTE_KIND_S8Z24_4CSZV	0x21
uvm/volta/gv100	dev_mmu.h	NV_MMU_PTE_KIND_S8Z24_MS16_1Z	0x16
uvm/volta/gv100	dev_mmu.h	NV_MMU_PTE_KIND_S8Z24_MS16_2CS	0x20
uvm/volta/gv100	dev_mmu.h	NV_MMU_PTE_KIND_S8Z24_MS16_2CZ	0x1b
uvm/volta/gv100	dev_mmu.h	NV_MMU_PTE_KIND_S8Z24_MS16_4CSZV	0x25
uvm/volta/gv100	dev_mmu.h	NV_MMU_PTE_KIND_S8Z24_MS2_1Z	0x13
uvm/volta/gv100	dev_mmu.h	NV_MMU_PTE_KIND_S8Z24_MS2_2CS	0x1d
uvm/volta/gv100	dev_mmu.h	NV_MMU_PTE_KIND_S8Z24_MS2_2CZ	0x18
uvm/volta/gv100	dev_mmu.h	NV_MMU_PTE_KIND_S8Z24_MS2_4CSZV	0x22
uvm/volta/gv100	dev_mmu.h	NV_MMU_PTE_KIND_S8Z24_MS4_1Z	0x14
uvm/volta/gv100	dev_mmu.h	NV_MMU_PTE_KIND_S8Z24_MS4_2CS	0x1e
uvm/volta/gv100	dev_mmu.h	NV_MMU_PTE_KIND_S8Z24_MS4_2CZ	0x19
uvm/volta/gv100	dev_mmu.h	NV_MMU_PTE_KIND_S8Z24_MS4_4CSZV	0x23
uvm/volta/gv100	dev_mmu.h	NV_MMU_PTE_KIND_S8Z24_MS8_1Z	0x15
uvm/volta/gv100	dev_mmu.h	NV_MMU_PTE_KIND_S8Z24_MS8_2CS	0x1f
uvm/volta/gv100	dev_mmu.h	NV_MMU_PTE_KIND_S8Z24_MS8_2CZ	0x1a
uvm/volta/gv100	dev_mmu.h	NV_MMU_PTE_KIND_S8Z24_MS8_4CSZV	0x24
uvm/volta/gv100	dev_mmu.h	NV_MMU_PTE_KIND_S8_2S	0x2b
uvm/volta/gv100	dev_mmu.h	NV_MMU_PTE_KIND_SMHOST_MESSAGE	0xcb
uvm/volta/gv100	dev_mmu.h	NV_MMU_PTE_KIND_SMSKED_MESSAGE	0xca
uvm/volta/gv100	dev_mmu.h	NV_MMU_PTE_KIND_V8Z24_MS4_VC12	0x26
uvm/volta/gv100	dev_mmu.h	NV_MMU_PTE_KIND_V8Z24_MS4_VC12_1ZV	0x2e
uvm/volta/gv100	dev_mmu.h	NV_MMU_PTE_KIND_V8Z24_MS4_VC12_2CS	0x32
uvm/volta/gv100	dev_mmu.h	NV_MMU_PTE_KIND_V8Z24_MS4_VC12_2CZV	0x3a
uvm/volta/gv100	dev_mmu.h	NV_MMU_PTE_KIND_V8Z24_MS4_VC12_2ZV	0x3e
uvm/volta/gv100	dev_mmu.h	NV_MMU_PTE_KIND_V8Z24_MS4_VC12_4CSZV	0x42
uvm/volta/gv100	dev_mmu.h	NV_MMU_PTE_KIND_V8Z24_MS4_VC4	0x27
uvm/volta/gv100	dev_mmu.h	NV_MMU_PTE_KIND_V8Z24_MS4_VC4_1ZV	0x2f
uvm/volta/gv100	dev_mmu.h	NV_MMU_PTE_KIND_V8Z24_MS4_VC4_2CS	0x33
uvm/volta/gv100	dev_mmu.h	NV_MMU_PTE_KIND_V8Z24_MS4_VC4_2CZV	0x3b
uvm/volta/gv100	dev_mmu.h	NV_MMU_PTE_KIND_V8Z24_MS4_VC4_2ZV	0x3f
uvm/volta/gv100	dev_mmu.h	NV_MMU_PTE_KIND_V8Z24_MS4_VC4_4CSZV	0x43
uvm/volta/gv100	dev_mmu.h	NV_MMU_PTE_KIND_V8Z24_MS8_VC24	0x29
uvm/volta/gv100	dev_mmu.h	NV_MMU_PTE_KIND_V8Z24_MS8_VC24_1ZV	0x31
uvm/volta/gv100	dev_mmu.h	NV_MMU_PTE_KIND_V8Z24_MS8_VC24_2CS	0x35
uvm/volta/gv100	dev_mmu.h	NV_MMU_PTE_KIND_V8Z24_MS8_VC24_2CZV	0x3d
uvm/volta/gv100	dev_mmu.h	NV_MMU_PTE_KIND_V8Z24_MS8_VC24_2ZV	0x41
uvm/volta/gv100	dev_mmu.h	NV_MMU_PTE_KIND_V8Z24_MS8_VC24_4CSZV	0x45
uvm/volta/gv100	dev_mmu.h	NV_MMU_PTE_KIND_V8Z24_MS8_VC8	0x28
uvm/volta/gv100	dev_mmu.h	NV_MMU_PTE_KIND_V8Z24_MS8_VC8_1ZV	0x30
uvm/volta/gv100	dev_mmu.h	NV_MMU_PTE_KIND_V8Z24_MS8_VC8_2CS	0x34
uvm/volta/gv100	dev_mmu.h	NV_MMU_PTE_KIND_V8Z24_MS8_VC8_2CZV	0x3c
uvm/volta/gv100	dev_mmu.h	NV_MMU_PTE_KIND_V8Z24_MS8_VC8_2ZV	0x40
uvm/volta/gv100	dev_mmu.h	NV_MMU_PTE_KIND_V8Z24_MS8_VC8_4CSZV	0x44
uvm/volta/gv100	dev_mmu.h	NV_MMU_PTE_KIND_X8C24	0xfc
uvm/volta/gv100	dev_mmu.h	NV_MMU_PTE_KIND_X8Z24_X16V8S8_MS4_VC12	0x8b
uvm/volta/gv100	dev_mmu.h	NV_MMU_PTE_KIND_X8Z24_X16V8S8_MS4_VC12_1CS	0x8f
uvm/volta/gv100	dev_mmu.h	NV_MMU_PTE_KIND_X8Z24_X16V8S8_MS4_VC12_1CZV	0x9b
uvm/volta/gv100	dev_mmu.h	NV_MMU_PTE_KIND_X8Z24_X16V8S8_MS4_VC12_1ZV	0x97
uvm/volta/gv100	dev_mmu.h	NV_MMU_PTE_KIND_X8Z24_X16V8S8_MS4_VC12_2CS	0x9f
uvm/volta/gv100	dev_mmu.h	NV_MMU_PTE_KIND_X8Z24_X16V8S8_MS4_VC12_2CSZV	0xa3
uvm/volta/gv100	dev_mmu.h	NV_MMU_PTE_KIND_X8Z24_X16V8S8_MS4_VC4	0x8c
uvm/volta/gv100	dev_mmu.h	NV_MMU_PTE_KIND_X8Z24_X16V8S8_MS4_VC4_1CS	0x90
uvm/volta/gv100	dev_mmu.h	NV_MMU_PTE_KIND_X8Z24_X16V8S8_MS4_VC4_1CZV	0x9c
uvm/volta/gv100	dev_mmu.h	NV_MMU_PTE_KIND_X8Z24_X16V8S8_MS4_VC4_1ZV	0x98
uvm/volta/gv100	dev_mmu.h	NV_MMU_PTE_KIND_X8Z24_X16V8S8_MS4_VC4_2CS	0xa0
uvm/volta/gv100	dev_mmu.h	NV_MMU_PTE_KIND_X8Z24_X16V8S8_MS4_VC4_2CSZV	0xa4
uvm/volta/gv100	dev_mmu.h	NV_MMU_PTE_KIND_X8Z24_X16V8S8_MS8_VC24	0x8e
uvm/volta/gv100	dev_mmu.h	NV_MMU_PTE_KIND_X8Z24_X16V8S8_MS8_VC24_1CS	0x92
uvm/volta/gv100	dev_mmu.h	NV_MMU_PTE_KIND_X8Z24_X16V8S8_MS8_VC24_1CZV	0x9e
uvm/volta/gv100	dev_mmu.h	NV_MMU_PTE_KIND_X8Z24_X16V8S8_MS8_VC24_1ZV	0x9a
uvm/volta/gv100	dev_mmu.h	NV_MMU_PTE_KIND_X8Z24_X16V8S8_MS8_VC24_2CS	0xa2
uvm/volta/gv100	dev_mmu.h	NV_MMU_PTE_KIND_X8Z24_X16V8S8_MS8_VC24_2CSZV	0xa6
uvm/volta/gv100	dev_mmu.h	NV_MMU_PTE_KIND_X8Z24_X16V8S8_MS8_VC8	0x8d
uvm/volta/gv100	dev_mmu.h	NV_MMU_PTE_KIND_X8Z24_X16V8S8_MS8_VC8_1CS	0x91
uvm/volta/gv100	dev_mmu.h	NV_MMU_PTE_KIND_X8Z24_X16V8S8_MS8_VC8_1CZV	0x9d
uvm/volta/gv100	dev_mmu.h	NV_MMU_PTE_KIND_X8Z24_X16V8S8_MS8_VC8_1ZV	0x99
uvm/volta/gv100	dev_mmu.h	NV_MMU_PTE_KIND_X8Z24_X16V8S8_MS8_VC8_2CS	0xa1
uvm/volta/gv100	dev_mmu.h	NV_MMU_PTE_KIND_X8Z24_X16V8S8_MS8_VC8_2CSZV	0xa5
uvm/volta/gv100	dev_mmu.h	NV_MMU_PTE_KIND_YUV_B10C1_2Y	0x62
uvm/volta/gv100	dev_mmu.h	NV_MMU_PTE_KIND_YUV_B10C2_2Y	0x6b
uvm/volta/gv100	dev_mmu.h	NV_MMU_PTE_KIND_YUV_B12C1_2Y	0x6c
uvm/volta/gv100	dev_mmu.h	NV_MMU_PTE_KIND_YUV_B12C2_2Y	0x6d
uvm/volta/gv100	dev_mmu.h	NV_MMU_PTE_KIND_YUV_B8C1_2Y	0x60
uvm/volta/gv100	dev_mmu.h	NV_MMU_PTE_KIND_YUV_B8C2_2Y	0x61
uvm/volta/gv100	dev_mmu.h	NV_MMU_PTE_KIND_Z16	0x1
uvm/volta/gv100	dev_mmu.h	NV_MMU_PTE_KIND_Z16_2C	0x2
uvm/volta/gv100	dev_mmu.h	NV_MMU_PTE_KIND_Z16_2CZ	0x36
uvm/volta/gv100	dev_mmu.h	NV_MMU_PTE_KIND_Z16_2Z	0x7
uvm/volta/gv100	dev_mmu.h	NV_MMU_PTE_KIND_Z16_4CZ	0xc
uvm/volta/gv100	dev_mmu.h	NV_MMU_PTE_KIND_Z16_MS16_2C	0x6
uvm/volta/gv100	dev_mmu.h	NV_MMU_PTE_KIND_Z16_MS16_2CZ	0x5f
uvm/volta/gv100	dev_mmu.h	NV_MMU_PTE_KIND_Z16_MS16_2Z	0xb
uvm/volta/gv100	dev_mmu.h	NV_MMU_PTE_KIND_Z16_MS16_4CZ	0x10
uvm/volta/gv100	dev_mmu.h	NV_MMU_PTE_KIND_Z16_MS2_2C	0x3
uvm/volta/gv100	dev_mmu.h	NV_MMU_PTE_KIND_Z16_MS2_2CZ	0x37
uvm/volta/gv100	dev_mmu.h	NV_MMU_PTE_KIND_Z16_MS2_2Z	0x8
uvm/volta/gv100	dev_mmu.h	NV_MMU_PTE_KIND_Z16_MS2_4CZ	0xd
uvm/volta/gv100	dev_mmu.h	NV_MMU_PTE_KIND_Z16_MS4_2C	0x4
uvm/volta/gv100	dev_mmu.h	NV_MMU_PTE_KIND_Z16_MS4_2CZ	0x38
uvm/volta/gv100	dev_mmu.h	NV_MMU_PTE_KIND_Z16_MS4_2Z	0x9
uvm/volta/gv100	dev_mmu.h	NV_MMU_PTE_KIND_Z16_MS4_4CZ	0xe
uvm/volta/gv100	dev_mmu.h	NV_MMU_PTE_KIND_Z16_MS8_2C	0x5
uvm/volta/gv100	dev_mmu.h	NV_MMU_PTE_KIND_Z16_MS8_2CZ	0x39
uvm/volta/gv100	dev_mmu.h	NV_MMU_PTE_KIND_Z16_MS8_2Z	0xa
uvm/volta/gv100	dev_mmu.h	NV_MMU_PTE_KIND_Z16_MS8_4CZ	0xf
uvm/volta/gv100	dev_mmu.h	NV_MMU_PTE_KIND_Z24S8	0x46
uvm/volta/gv100	dev_mmu.h	NV_MMU_PTE_KIND_Z24S8_1Z	0x47
uvm/volta/gv100	dev_mmu.h	NV_MMU_PTE_KIND_Z24S8_2CS	0x4c
uvm/volta/gv100	dev_mmu.h	NV_MMU_PTE_KIND_Z24S8_2CZ	0x51
uvm/volta/gv100	dev_mmu.h	NV_MMU_PTE_KIND_Z24S8_4CSZV	0x56
uvm/volta/gv100	dev_mmu.h	NV_MMU_PTE_KIND_Z24S8_MS16_1Z	0x4b
uvm/volta/gv100	dev_mmu.h	NV_MMU_PTE_KIND_Z24S8_MS16_2CS	0x50
uvm/volta/gv100	dev_mmu.h	NV_MMU_PTE_KIND_Z24S8_MS16_2CZ	0x55
uvm/volta/gv100	dev_mmu.h	NV_MMU_PTE_KIND_Z24S8_MS16_4CSZV	0x5a
uvm/volta/gv100	dev_mmu.h	NV_MMU_PTE_KIND_Z24S8_MS2_1Z	0x48
uvm/volta/gv100	dev_mmu.h	NV_MMU_PTE_KIND_Z24S8_MS2_2CS	0x4d
uvm/volta/gv100	dev_mmu.h	NV_MMU_PTE_KIND_Z24S8_MS2_2CZ	0x52
uvm/volta/gv100	dev_mmu.h	NV_MMU_PTE_KIND_Z24S8_MS2_4CSZV	0x57
uvm/volta/gv100	dev_mmu.h	NV_MMU_PTE_KIND_Z24S8_MS4_1Z	0x49
uvm/volta/gv100	dev_mmu.h	NV_MMU_PTE_KIND_Z24S8_MS4_2CS	0x4e
uvm/volta/gv100	dev_mmu.h	NV_MMU_PTE_KIND_Z24S8_MS4_2CZ	0x53
uvm/volta/gv100	dev_mmu.h	NV_MMU_PTE_KIND_Z24S8_MS4_4CSZV	0x58
uvm/volta/gv100	dev_mmu.h	NV_MMU_PTE_KIND_Z24S8_MS8_1Z	0x4a
uvm/volta/gv100	dev_mmu.h	NV_MMU_PTE_KIND_Z24S8_MS8_2CS	0x4f
uvm/volta/gv100	dev_mmu.h	NV_MMU_PTE_KIND_Z24S8_MS8_2CZ	0x54
uvm/volta/gv100	dev_mmu.h	NV_MMU_PTE_KIND_Z24S8_MS8_4CSZV	0x59
uvm/volta/gv100	dev_mmu.h	NV_MMU_PTE_KIND_Z24V8_MS4_VC12	0x5b
uvm/volta/gv100	dev_mmu.h	NV_MMU_PTE_KIND_Z24V8_MS4_VC12_1ZV	0x63
uvm/volta/gv100	dev_mmu.h	NV_MMU_PTE_KIND_Z24V8_MS4_VC12_2CS	0x67
uvm/volta/gv100	dev_mmu.h	NV_MMU_PTE_KIND_Z24V8_MS4_VC12_2CZV	0x6f
uvm/volta/gv100	dev_mmu.h	NV_MMU_PTE_KIND_Z24V8_MS4_VC12_2ZV	0x73
uvm/volta/gv100	dev_mmu.h	NV_MMU_PTE_KIND_Z24V8_MS4_VC12_4CSZV	0x77
uvm/volta/gv100	dev_mmu.h	NV_MMU_PTE_KIND_Z24V8_MS4_VC4	0x5c
uvm/volta/gv100	dev_mmu.h	NV_MMU_PTE_KIND_Z24V8_MS4_VC4_1ZV	0x64
uvm/volta/gv100	dev_mmu.h	NV_MMU_PTE_KIND_Z24V8_MS4_VC4_2CS	0x68
uvm/volta/gv100	dev_mmu.h	NV_MMU_PTE_KIND_Z24V8_MS4_VC4_2CZV	0x70
uvm/volta/gv100	dev_mmu.h	NV_MMU_PTE_KIND_Z24V8_MS4_VC4_2ZV	0x74
uvm/volta/gv100	dev_mmu.h	NV_MMU_PTE_KIND_Z24V8_MS4_VC4_4CSZV	0x78
uvm/volta/gv100	dev_mmu.h	NV_MMU_PTE_KIND_Z24V8_MS8_VC24	0x5e
uvm/volta/gv100	dev_mmu.h	NV_MMU_PTE_KIND_Z24V8_MS8_VC24_1ZV	0x66
uvm/volta/gv100	dev_mmu.h	NV_MMU_PTE_KIND_Z24V8_MS8_VC24_2CS	0x6a
uvm/volta/gv100	dev_mmu.h	NV_MMU_PTE_KIND_Z24V8_MS8_VC24_2CZV	0x72
uvm/volta/gv100	dev_mmu.h	NV_MMU_PTE_KIND_Z24V8_MS8_VC24_2ZV	0x76
uvm/volta/gv100	dev_mmu.h	NV_MMU_PTE_KIND_Z24V8_MS8_VC24_4CSZV	0x7a
uvm/volta/gv100	dev_mmu.h	NV_MMU_PTE_KIND_Z24V8_MS8_VC8	0x5d
uvm/volta/gv100	dev_mmu.h	NV_MMU_PTE_KIND_Z24V8_MS8_VC8_1ZV	0x65
uvm/volta/gv100	dev_mmu.h	NV_MMU_PTE_KIND_Z24V8_MS8_VC8_2CS	0x69
uvm/volta/gv100	dev_mmu.h	NV_MMU_PTE_KIND_Z24V8_MS8_VC8_2CZV	0x71
uvm/volta/gv100	dev_mmu.h	NV_MMU_PTE_KIND_Z24V8_MS8_VC8_2ZV	0x75
uvm/volta/gv100	dev_mmu.h	NV_MMU_PTE_KIND_Z24V8_MS8_VC8_4CSZV	0x79
uvm/volta/gv100	dev_mmu.h	NV_MMU_PTE_KIND_ZF32	0x7b
uvm/volta/gv100	dev_mmu.h	NV_MMU_PTE_KIND_ZF32_1Z	0x7c
uvm/volta/gv100	dev_mmu.h	NV_MMU_PTE_KIND_ZF32_2CS	0x81
uvm/volta/gv100	dev_mmu.h	NV_MMU_PTE_KIND_ZF32_2CZ	0x86
uvm/volta/gv100	dev_mmu.h	NV_MMU_PTE_KIND_ZF32_MS16_1Z	0x80
uvm/volta/gv100	dev_mmu.h	NV_MMU_PTE_KIND_ZF32_MS16_2CS	0x85
uvm/volta/gv100	dev_mmu.h	NV_MMU_PTE_KIND_ZF32_MS16_2CZ	0x8a
uvm/volta/gv100	dev_mmu.h	NV_MMU_PTE_KIND_ZF32_MS2_1Z	0x7d
uvm/volta/gv100	dev_mmu.h	NV_MMU_PTE_KIND_ZF32_MS2_2CS	0x82
uvm/volta/gv100	dev_mmu.h	NV_MMU_PTE_KIND_ZF32_MS2_2CZ	0x87
uvm/volta/gv100	dev_mmu.h	NV_MMU_PTE_KIND_ZF32_MS4_1Z	0x7e
uvm/volta/gv100	dev_mmu.h	NV_MMU_PTE_KIND_ZF32_MS4_2CS	0x83
uvm/volta/gv100	dev_mmu.h	NV_MMU_PTE_KIND_ZF32_MS4_2CZ	0x88
uvm/volta/gv100	dev_mmu.h	NV_MMU_PTE_KIND_ZF32_MS8_1Z	0x7f
uvm/volta/gv100	dev_mmu.h	NV_MMU_PTE_KIND_ZF32_MS8_2CS	0x84
uvm/volta/gv100	dev_mmu.h	NV_MMU_PTE_KIND_ZF32_MS8_2CZ	0x89
uvm/volta/gv100	dev_mmu.h	NV_MMU_PTE_KIND_ZF32_X16V8S8_MS4_VC12	0xa7
uvm/volta/gv100	dev_mmu.h	NV_MMU_PTE_KIND_ZF32_X16V8S8_MS4_VC12_1CS	0xab
uvm/volta/gv100	dev_mmu.h	NV_MMU_PTE_KIND_ZF32_X16V8S8_MS4_VC12_1CZV	0xb7
uvm/volta/gv100	dev_mmu.h	NV_MMU_PTE_KIND_ZF32_X16V8S8_MS4_VC12_1ZV	0xb3
uvm/volta/gv100	dev_mmu.h	NV_MMU_PTE_KIND_ZF32_X16V8S8_MS4_VC12_2CS	0xbb
uvm/volta/gv100	dev_mmu.h	NV_MMU_PTE_KIND_ZF32_X16V8S8_MS4_VC12_2CSZV	0xbf
uvm/volta/gv100	dev_mmu.h	NV_MMU_PTE_KIND_ZF32_X16V8S8_MS4_VC4	0xa8
uvm/volta/gv100	dev_mmu.h	NV_MMU_PTE_KIND_ZF32_X16V8S8_MS4_VC4_1CS	0xac
uvm/volta/gv100	dev_mmu.h	NV_MMU_PTE_KIND_ZF32_X16V8S8_MS4_VC4_1CZV	0xb8
uvm/volta/gv100	dev_mmu.h	NV_MMU_PTE_KIND_ZF32_X16V8S8_MS4_VC4_1ZV	0xb4
uvm/volta/gv100	dev_mmu.h	NV_MMU_PTE_KIND_ZF32_X16V8S8_MS4_VC4_2CS	0xbc
uvm/volta/gv100	dev_mmu.h	NV_MMU_PTE_KIND_ZF32_X16V8S8_MS4_VC4_2CSZV	0xc0
uvm/volta/gv100	dev_mmu.h	NV_MMU_PTE_KIND_ZF32_X16V8S8_MS8_VC24	0xaa
uvm/volta/gv100	dev_mmu.h	NV_MMU_PTE_KIND_ZF32_X16V8S8_MS8_VC24_1CS	0xae
uvm/volta/gv100	dev_mmu.h	NV_MMU_PTE_KIND_ZF32_X16V8S8_MS8_VC24_1CZV	0xba
uvm/volta/gv100	dev_mmu.h	NV_MMU_PTE_KIND_ZF32_X16V8S8_MS8_VC24_1ZV	0xb6
uvm/volta/gv100	dev_mmu.h	NV_MMU_PTE_KIND_ZF32_X16V8S8_MS8_VC24_2CS	0xbe
uvm/volta/gv100	dev_mmu.h	NV_MMU_PTE_KIND_ZF32_X16V8S8_MS8_VC24_2CSZV	0xc2
uvm/volta/gv100	dev_mmu.h	NV_MMU_PTE_KIND_ZF32_X16V8S8_MS8_VC8	0xa9
uvm/volta/gv100	dev_mmu.h	NV_MMU_PTE_KIND_ZF32_X16V8S8_MS8_VC8_1CS	0xad
uvm/volta/gv100	dev_mmu.h	NV_MMU_PTE_KIND_ZF32_X16V8S8_MS8_VC8_1CZV	0xb9
uvm/volta/gv100	dev_mmu.h	NV_MMU_PTE_KIND_ZF32_X16V8S8_MS8_VC8_1ZV	0xb5
uvm/volta/gv100	dev_mmu.h	NV_MMU_PTE_KIND_ZF32_X16V8S8_MS8_VC8_2CS	0xbd
uvm/volta/gv100	dev_mmu.h	NV_MMU_PTE_KIND_ZF32_X16V8S8_MS8_VC8_2CSZV	0xc1
uvm/volta/gv100	dev_mmu.h	NV_MMU_PTE_KIND_ZF32_X24S8	0xc3
uvm/volta/gv100	dev_mmu.h	NV_MMU_PTE_KIND_ZF32_X24S8_1CS	0xc4
uvm/volta/gv100	dev_mmu.h	NV_MMU_PTE_KIND_ZF32_X24S8_2CS	0xd3
uvm/volta/gv100	dev_mmu.h	NV_MMU_PTE_KIND_ZF32_X24S8_2CSZV	0xce
uvm/volta/gv100	dev_mmu.h	NV_MMU_PTE_KIND_ZF32_X24S8_MS16_1CS	0xc8
uvm/volta/gv100	dev_mmu.h	NV_MMU_PTE_KIND_ZF32_X24S8_MS16_2CS	0xd7
uvm/volta/gv100	dev_mmu.h	NV_MMU_PTE_KIND_ZF32_X24S8_MS16_2CSZV	0xd2
uvm/volta/gv100	dev_mmu.h	NV_MMU_PTE_KIND_ZF32_X24S8_MS2_1CS	0xc5
uvm/volta/gv100	dev_mmu.h	NV_MMU_PTE_KIND_ZF32_X24S8_MS2_2CS	0xd4
uvm/volta/gv100	dev_mmu.h	NV_MMU_PTE_KIND_ZF32_X24S8_MS2_2CSZV	0xcf
uvm/volta/gv100	dev_mmu.h	NV_MMU_PTE_KIND_ZF32_X24S8_MS4_1CS	0xc6
uvm/volta/gv100	dev_mmu.h	NV_MMU_PTE_KIND_ZF32_X24S8_MS4_2CS	0xd5
uvm/volta/gv100	dev_mmu.h	NV_MMU_PTE_KIND_ZF32_X24S8_MS4_2CSZV	0xd0
uvm/volta/gv100	dev_mmu.h	NV_MMU_PTE_KIND_ZF32_X24S8_MS8_1CS	0xc7
uvm/volta/gv100	dev_mmu.h	NV_MMU_PTE_KIND_ZF32_X24S8_MS8_2CS	0xd6
uvm/volta/gv100	dev_mmu.h	NV_MMU_PTE_KIND_ZF32_X24S8_MS8_2CSZV	0xd1
uvm/volta/gv100	dev_mmu.h	NV_MMU_VER2_DUAL_PDE_ADDRESS_BIG_SHIFT	0x8
uvm/volta/gv100	dev_mmu.h	NV_MMU_VER2_DUAL_PDE_ADDRESS_BIG_SYS	53:4
uvm/volta/gv100	dev_mmu.h	NV_MMU_VER2_DUAL_PDE_ADDRESS_BIG_VID	32:4
uvm/volta/gv100	dev_mmu.h	NV_MMU_VER2_DUAL_PDE_ADDRESS_BIG_VID_PEER	35:33
uvm/volta/gv100	dev_mmu.h	NV_MMU_VER2_DUAL_PDE_ADDRESS_BIG_VID_PEER_0	0x0
uvm/volta/gv100	dev_mmu.h	NV_MMU_VER2_DUAL_PDE_ADDRESS_SHIFT	0xc
uvm/volta/gv100	dev_mmu.h	NV_MMU_VER2_DUAL_PDE_ADDRESS_SMALL_SYS	117:72
uvm/volta/gv100	dev_mmu.h	NV_MMU_VER2_DUAL_PDE_ADDRESS_SMALL_VID	96:72
uvm/volta/gv100	dev_mmu.h	NV_MMU_VER2_DUAL_PDE_ADDRESS_SMALL_VID_PEER	99:97
uvm/volta/gv100	dev_mmu.h	NV_MMU_VER2_DUAL_PDE_ADDRESS_SMALL_VID_PEER_0	0x0
uvm/volta/gv100	dev_mmu.h	NV_MMU_VER2_DUAL_PDE_APERTURE_BIG	2:1
uvm/volta/gv100	dev_mmu.h	NV_MMU_VER2_DUAL_PDE_APERTURE_BIG_INVALID	0x0
uvm/volta/gv100	dev_mmu.h	NV_MMU_VER2_DUAL_PDE_APERTURE_BIG_SYSTEM_COHERENT_MEMORY	0x2
uvm/volta/gv100	dev_mmu.h	NV_MMU_VER2_DUAL_PDE_APERTURE_BIG_SYSTEM_NON_COHERENT_MEMORY	0x3
uvm/volta/gv100	dev_mmu.h	NV_MMU_VER2_DUAL_PDE_APERTURE_BIG_VIDEO_MEMORY	0x1
uvm/volta/gv100	dev_mmu.h	NV_MMU_VER2_DUAL_PDE_APERTURE_SMALL	66:65
uvm/volta/gv100	dev_mmu.h	NV_MMU_VER2_DUAL_PDE_APERTURE_SMALL_INVALID	0x0
uvm/volta/gv100	dev_mmu.h	NV_MMU_VER2_DUAL_PDE_APERTURE_SMALL_SYSTEM_COHERENT_MEMORY	0x2
uvm/volta/gv100	dev_mmu.h	NV_MMU_VER2_DUAL_PDE_APERTURE_SMALL_SYSTEM_NON_COHERENT_MEMORY	0x3
uvm/volta/gv100	dev_mmu.h	NV_MMU_VER2_DUAL_PDE_APERTURE_SMALL_VIDEO_MEMORY	0x1
uvm/volta/gv100	dev_mmu.h	NV_MMU_VER2_DUAL_PDE_IS_PDE	0:0
uvm/volta/gv100	dev_mmu.h	NV_MMU_VER2_DUAL_PDE_IS_PDE_FALSE	0x1
uvm/volta/gv100	dev_mmu.h	NV_MMU_VER2_DUAL_PDE_IS_PDE_TRUE	0x0
uvm/volta/gv100	dev_mmu.h	NV_MMU_VER2_DUAL_PDE_IS_PTE	0:0
uvm/volta/gv100	dev_mmu.h	NV_MMU_VER2_DUAL_PDE_IS_PTE_FALSE	0x0
uvm/volta/gv100	dev_mmu.h	NV_MMU_VER2_DUAL_PDE_IS_PTE_TRUE	0x1
uvm/volta/gv100	dev_mmu.h	NV_MMU_VER2_DUAL_PDE_NO_ATS	5:5
uvm/volta/gv100	dev_mmu.h	NV_MMU_VER2_DUAL_PDE_NO_ATS_FALSE	0x0
uvm/volta/gv100	dev_mmu.h	NV_MMU_VER2_DUAL_PDE_NO_ATS_TRUE	0x1
uvm/volta/gv100	dev_mmu.h	NV_MMU_VER2_DUAL_PDE_VALID	0:0
uvm/volta/gv100	dev_mmu.h	NV_MMU_VER2_DUAL_PDE_VALID_FALSE	0x0
uvm/volta/gv100	dev_mmu.h	NV_MMU_VER2_DUAL_PDE_VALID_TRUE	0x1
uvm/volta/gv100	dev_mmu.h	NV_MMU_VER2_DUAL_PDE_VOL_BIG	3:3
uvm/volta/gv100	dev_mmu.h	NV_MMU_VER2_DUAL_PDE_VOL_BIG_FALSE	0x0
uvm/volta/gv100	dev_mmu.h	NV_MMU_VER2_DUAL_PDE_VOL_BIG_TRUE	0x1
uvm/volta/gv100	dev_mmu.h	NV_MMU_VER2_DUAL_PDE_VOL_SMALL	67:67
uvm/volta/gv100	dev_mmu.h	NV_MMU_VER2_DUAL_PDE_VOL_SMALL_FALSE	0x0
uvm/volta/gv100	dev_mmu.h	NV_MMU_VER2_DUAL_PDE_VOL_SMALL_TRUE	0x1
uvm/volta/gv100	dev_mmu.h	NV_MMU_VER2_DUAL_PDE__SIZE	0x10
uvm/volta/gv100	dev_mmu.h	NV_MMU_VER2_PDE_ADDRESS_SHIFT	0xc
uvm/volta/gv100	dev_mmu.h	NV_MMU_VER2_PDE_ADDRESS_SYS	53:8
uvm/volta/gv100	dev_mmu.h	NV_MMU_VER2_PDE_ADDRESS_VID	32:8
uvm/volta/gv100	dev_mmu.h	NV_MMU_VER2_PDE_ADDRESS_VID_PEER	35:33
uvm/volta/gv100	dev_mmu.h	NV_MMU_VER2_PDE_ADDRESS_VID_PEER_0	0x0
uvm/volta/gv100	dev_mmu.h	NV_MMU_VER2_PDE_APERTURE	2:1
uvm/volta/gv100	dev_mmu.h	NV_MMU_VER2_PDE_APERTURE_INVALID	0x0
uvm/volta/gv100	dev_mmu.h	NV_MMU_VER2_PDE_APERTURE_SYSTEM_COHERENT_MEMORY	0x2
uvm/volta/gv100	dev_mmu.h	NV_MMU_VER2_PDE_APERTURE_SYSTEM_NON_COHERENT_MEMORY	0x3
uvm/volta/gv100	dev_mmu.h	NV_MMU_VER2_PDE_APERTURE_VIDEO_MEMORY	0x1
uvm/volta/gv100	dev_mmu.h	NV_MMU_VER2_PDE_IS_PDE	0:0
uvm/volta/gv100	dev_mmu.h	NV_MMU_VER2_PDE_IS_PDE_FALSE	0x1
uvm/volta/gv100	dev_mmu.h	NV_MMU_VER2_PDE_IS_PDE_TRUE	0x0
uvm/volta/gv100	dev_mmu.h	NV_MMU_VER2_PDE_IS_PTE	0:0
uvm/volta/gv100	dev_mmu.h	NV_MMU_VER2_PDE_IS_PTE_FALSE	0x0
uvm/volta/gv100	dev_mmu.h	NV_MMU_VER2_PDE_IS_PTE_TRUE	0x1
uvm/volta/gv100	dev_mmu.h	NV_MMU_VER2_PDE_NO_ATS	5:5
uvm/volta/gv100	dev_mmu.h	NV_MMU_VER2_PDE_NO_ATS_FALSE	0x0
uvm/volta/gv100	dev_mmu.h	NV_MMU_VER2_PDE_NO_ATS_TRUE	0x1
uvm/volta/gv100	dev_mmu.h	NV_MMU_VER2_PDE_VALID	0:0
uvm/volta/gv100	dev_mmu.h	NV_MMU_VER2_PDE_VALID_FALSE	0x0
uvm/volta/gv100	dev_mmu.h	NV_MMU_VER2_PDE_VALID_TRUE	0x1
uvm/volta/gv100	dev_mmu.h	NV_MMU_VER2_PDE_VOL	3:3
uvm/volta/gv100	dev_mmu.h	NV_MMU_VER2_PDE_VOL_FALSE	0x0
uvm/volta/gv100	dev_mmu.h	NV_MMU_VER2_PDE_VOL_TRUE	0x1
uvm/volta/gv100	dev_mmu.h	NV_MMU_VER2_PDE__SIZE	0x8
uvm/volta/gv100	dev_mmu.h	NV_MMU_VER2_PTE_ADDRESS_SHIFT	0xc
uvm/volta/gv100	dev_mmu.h	NV_MMU_VER2_PTE_ADDRESS_SYS	53:8
uvm/volta/gv100	dev_mmu.h	NV_MMU_VER2_PTE_ADDRESS_VID	32:8
uvm/volta/gv100	dev_mmu.h	NV_MMU_VER2_PTE_ADDRESS_VID_PEER	35:33
uvm/volta/gv100	dev_mmu.h	NV_MMU_VER2_PTE_ADDRESS_VID_PEER_0	0x0
uvm/volta/gv100	dev_mmu.h	NV_MMU_VER2_PTE_ADDRESS_VID_PEER_1	0x1
uvm/volta/gv100	dev_mmu.h	NV_MMU_VER2_PTE_ADDRESS_VID_PEER_2	0x2
uvm/volta/gv100	dev_mmu.h	NV_MMU_VER2_PTE_ADDRESS_VID_PEER_3	0x3
uvm/volta/gv100	dev_mmu.h	NV_MMU_VER2_PTE_ADDRESS_VID_PEER_4	0x4
uvm/volta/gv100	dev_mmu.h	NV_MMU_VER2_PTE_ADDRESS_VID_PEER_5	0x5
uvm/volta/gv100	dev_mmu.h	NV_MMU_VER2_PTE_ADDRESS_VID_PEER_6	0x6
uvm/volta/gv100	dev_mmu.h	NV_MMU_VER2_PTE_ADDRESS_VID_PEER_7	0x7
uvm/volta/gv100	dev_mmu.h	NV_MMU_VER2_PTE_APERTURE	2:1
uvm/volta/gv100	dev_mmu.h	NV_MMU_VER2_PTE_APERTURE_PEER_MEMORY	0x1
uvm/volta/gv100	dev_mmu.h	NV_MMU_VER2_PTE_APERTURE_SYSTEM_COHERENT_MEMORY	0x2
uvm/volta/gv100	dev_mmu.h	NV_MMU_VER2_PTE_APERTURE_SYSTEM_NON_COHERENT_MEMORY	0x3
uvm/volta/gv100	dev_mmu.h	NV_MMU_VER2_PTE_APERTURE_VIDEO_MEMORY	0x0
uvm/volta/gv100	dev_mmu.h	NV_MMU_VER2_PTE_ATOMIC_DISABLE	7:7
uvm/volta/gv100	dev_mmu.h	NV_MMU_VER2_PTE_ATOMIC_DISABLE_FALSE	0x0
uvm/volta/gv100	dev_mmu.h	NV_MMU_VER2_PTE_ATOMIC_DISABLE_TRUE	0x1
uvm/volta/gv100	dev_mmu.h	NV_MMU_VER2_PTE_COMPTAGLINE	53:36
uvm/volta/gv100	dev_mmu.h	NV_MMU_VER2_PTE_ENCRYPTED	4:4
uvm/volta/gv100	dev_mmu.h	NV_MMU_VER2_PTE_ENCRYPTED_FALSE	0x0
uvm/volta/gv100	dev_mmu.h	NV_MMU_VER2_PTE_ENCRYPTED_TRUE	0x1
uvm/volta/gv100	dev_mmu.h	NV_MMU_VER2_PTE_KIND	63:56
uvm/volta/gv100	dev_mmu.h	NV_MMU_VER2_PTE_PRIVILEGE	5:5
uvm/volta/gv100	dev_mmu.h	NV_MMU_VER2_PTE_PRIVILEGE_FALSE	0x0
uvm/volta/gv100	dev_mmu.h	NV_MMU_VER2_PTE_PRIVILEGE_TRUE	0x1
uvm/volta/gv100	dev_mmu.h	NV_MMU_VER2_PTE_READ_ONLY	6:6
uvm/volta/gv100	dev_mmu.h	NV_MMU_VER2_PTE_READ_ONLY_FALSE	0x0
uvm/volta/gv100	dev_mmu.h	NV_MMU_VER2_PTE_READ_ONLY_TRUE	0x1
uvm/volta/gv100	dev_mmu.h	NV_MMU_VER2_PTE_VALID	0:0
uvm/volta/gv100	dev_mmu.h	NV_MMU_VER2_PTE_VALID_FALSE	0x0
uvm/volta/gv100	dev_mmu.h	NV_MMU_VER2_PTE_VALID_TRUE	0x1
uvm/volta/gv100	dev_mmu.h	NV_MMU_VER2_PTE_VOL	3:3
uvm/volta/gv100	dev_mmu.h	NV_MMU_VER2_PTE_VOL_FALSE	0x0
uvm/volta/gv100	dev_mmu.h	NV_MMU_VER2_PTE_VOL_TRUE	0x1
uvm/volta/gv100	dev_mmu.h	NV_MMU_VER2_PTE__SIZE	0x8
uvm/volta/gv100	dev_fault.h	NV_PFAULT_ACCESS_TYPE_ATOMIC	0x2
uvm/volta/gv100	dev_fault.h	NV_PFAULT_ACCESS_TYPE_PHYS_ATOMIC	0xa
uvm/volta/gv100	dev_fault.h	NV_PFAULT_ACCESS_TYPE_PHYS_PREFETCH	0xb
uvm/volta/gv100	dev_fault.h	NV_PFAULT_ACCESS_TYPE_PHYS_READ	0x8
uvm/volta/gv100	dev_fault.h	NV_PFAULT_ACCESS_TYPE_PHYS_WRITE	0x9
uvm/volta/gv100	dev_fault.h	NV_PFAULT_ACCESS_TYPE_PREFETCH	0x3
uvm/volta/gv100	dev_fault.h	NV_PFAULT_ACCESS_TYPE_READ	0x0
uvm/volta/gv100	dev_fault.h	NV_PFAULT_ACCESS_TYPE_VIRT_ATOMIC	0x2
uvm/volta/gv100	dev_fault.h	NV_PFAULT_ACCESS_TYPE_VIRT_ATOMIC_STRONG	0x2
uvm/volta/gv100	dev_fault.h	NV_PFAULT_ACCESS_TYPE_VIRT_ATOMIC_WEAK	0x4
uvm/volta/gv100	dev_fault.h	NV_PFAULT_ACCESS_TYPE_VIRT_PREFETCH	0x3
uvm/volta/gv100	dev_fault.h	NV_PFAULT_ACCESS_TYPE_VIRT_READ	0x0
uvm/volta/gv100	dev_fault.h	NV_PFAULT_ACCESS_TYPE_VIRT_WRITE	0x1
uvm/volta/gv100	dev_fault.h	NV_PFAULT_ACCESS_TYPE_WRITE	0x1
uvm/volta/gv100	dev_fault.h	NV_PFAULT_FAULT_TYPE_ATOMIC_VIOLATION	0xf
uvm/volta/gv100	dev_fault.h	NV_PFAULT_FAULT_TYPE_COMPRESSION_FAILURE	0xb
uvm/volta/gv100	dev_fault.h	NV_PFAULT_FAULT_TYPE_PDE	0x0
uvm/volta/gv100	dev_fault.h	NV_PFAULT_FAULT_TYPE_PDE_SIZE	0x1
uvm/volta/gv100	dev_fault.h	NV_PFAULT_FAULT_TYPE_PITCH_MASK_VIOLATION	0x8
uvm/volta/gv100	dev_fault.h	NV_PFAULT_FAULT_TYPE_POISONED	0xe
uvm/volta/gv100	dev_fault.h	NV_PFAULT_FAULT_TYPE_PRIV_VIOLATION	0x5
uvm/volta/gv100	dev_fault.h	NV_PFAULT_FAULT_TYPE_PTE	0x2
uvm/volta/gv100	dev_fault.h	NV_PFAULT_FAULT_TYPE_REGION_VIOLATION	0xd
uvm/volta/gv100	dev_fault.h	NV_PFAULT_FAULT_TYPE_RO_VIOLATION	0x6
uvm/volta/gv100	dev_fault.h	NV_PFAULT_FAULT_TYPE_UNBOUND_INST_BLOCK	0x4
uvm/volta/gv100	dev_fault.h	NV_PFAULT_FAULT_TYPE_UNSUPPORTED_APERTURE	0xa
uvm/volta/gv100	dev_fault.h	NV_PFAULT_FAULT_TYPE_UNSUPPORTED_KIND	0xc
uvm/volta/gv100	dev_fault.h	NV_PFAULT_FAULT_TYPE_VA_LIMIT_VIOLATION	0x3
uvm/volta/gv100	dev_fault.h	NV_PFAULT_FAULT_TYPE_WORK_CREATION	0x9
uvm/volta/gv100	dev_fault.h	NV_PFAULT_FAULT_TYPE_WO_VIOLATION	0x7
uvm/volta/gv100	dev_fault.h	NV_PFAULT_MMU_CLIENT_TYPE_GPC	0x0
uvm/volta/gv100	dev_fault.h	NV_PFAULT_MMU_CLIENT_TYPE_HUB	0x1
uvm/volta/gv100	dev_fault.h	NV_PFAULT_MMU_ENG_ID_BAR1	0x4
uvm/volta/gv100	dev_fault.h	NV_PFAULT_MMU_ENG_ID_BAR2	0x5
uvm/volta/gv100	dev_fault.h	NV_PFAULT_MMU_ENG_ID_CE0	0xf
uvm/volta/gv100	dev_fault.h	NV_PFAULT_MMU_ENG_ID_CE1	0x10
uvm/volta/gv100	dev_fault.h	NV_PFAULT_MMU_ENG_ID_CE2	0x11
uvm/volta/gv100	dev_fault.h	NV_PFAULT_MMU_ENG_ID_CE3	0x12
uvm/volta/gv100	dev_fault.h	NV_PFAULT_MMU_ENG_ID_CE4	0x13
uvm/volta/gv100	dev_fault.h	NV_PFAULT_MMU_ENG_ID_CE5	0x14
uvm/volta/gv100	dev_fault.h	NV_PFAULT_MMU_ENG_ID_CE6	0x15
uvm/volta/gv100	dev_fault.h	NV_PFAULT_MMU_ENG_ID_CE7	0x16
uvm/volta/gv100	dev_fault.h	NV_PFAULT_MMU_ENG_ID_CE8	0x17
uvm/volta/gv100	dev_fault.h	NV_PFAULT_MMU_ENG_ID_DISPLAY	0x1
uvm/volta/gv100	dev_fault.h	NV_PFAULT_MMU_ENG_ID_GRAPHICS	0x40
uvm/volta/gv100	dev_fault.h	NV_PFAULT_MMU_ENG_ID_GRCOPY	0xf
uvm/volta/gv100	dev_fault.h	NV_PFAULT_MMU_ENG_ID_GSP	0x2
uvm/volta/gv100	dev_fault.h	NV_PFAULT_MMU_ENG_ID_HOST0	0x20
uvm/volta/gv100	dev_fault.h	NV_PFAULT_MMU_ENG_ID_HOST1	0x21
uvm/volta/gv100	dev_fault.h	NV_PFAULT_MMU_ENG_ID_HOST10	0x2a
uvm/volta/gv100	dev_fault.h	NV_PFAULT_MMU_ENG_ID_HOST11	0x2b
uvm/volta/gv100	dev_fault.h	NV_PFAULT_MMU_ENG_ID_HOST12	0x2c
uvm/volta/gv100	dev_fault.h	NV_PFAULT_MMU_ENG_ID_HOST13	0x2d
uvm/volta/gv100	dev_fault.h	NV_PFAULT_MMU_ENG_ID_HOST2	0x22
uvm/volta/gv100	dev_fault.h	NV_PFAULT_MMU_ENG_ID_HOST3	0x23
uvm/volta/gv100	dev_fault.h	NV_PFAULT_MMU_ENG_ID_HOST4	0x24
uvm/volta/gv100	dev_fault.h	NV_PFAULT_MMU_ENG_ID_HOST5	0x25
uvm/volta/gv100	dev_fault.h	NV_PFAULT_MMU_ENG_ID_HOST6	0x26
uvm/volta/gv100	dev_fault.h	NV_PFAULT_MMU_ENG_ID_HOST7	0x27
uvm/volta/gv100	dev_fault.h	NV_PFAULT_MMU_ENG_ID_HOST8	0x28
uvm/volta/gv100	dev_fault.h	NV_PFAULT_MMU_ENG_ID_HOST9	0x29
uvm/volta/gv100	dev_fault.h	NV_PFAULT_MMU_ENG_ID_IFB	0x8
uvm/volta/gv100	dev_fault.h	NV_PFAULT_MMU_ENG_ID_NVDEC	0xa
uvm/volta/gv100	dev_fault.h	NV_PFAULT_MMU_ENG_ID_NVENC0	0xb
uvm/volta/gv100	dev_fault.h	NV_PFAULT_MMU_ENG_ID_NVENC1	0xc
uvm/volta/gv100	dev_fault.h	NV_PFAULT_MMU_ENG_ID_NVENC2	0xd
uvm/volta/gv100	dev_fault.h	NV_PFAULT_MMU_ENG_ID_PERF	0x9
uvm/volta/gv100	dev_fault.h	NV_PFAULT_MMU_ENG_ID_PHYSICAL	0x1f
uvm/volta/gv100	dev_fault.h	NV_PFAULT_MMU_ENG_ID_PTP	0x3
uvm/volta/gv100	dev_fault.h	NV_PFAULT_MMU_ENG_ID_PWR_PMU	0x6
uvm/volta/gv100	dev_fault.h	NV_PFAULT_MMU_ENG_ID_SEC	0xe
uvm/volta/gv100	dev_fb.h	NV_PFB_PRI_MMU_FAULT_ADDR_HI	0x100e50
uvm/volta/gv100	dev_fb.h	NV_PFB_PRI_MMU_FAULT_ADDR_HI_ADDR	31:0
uvm/volta/gv100	dev_fb.h	NV_PFB_PRI_MMU_FAULT_ADDR_HI_ADDR_RESET	0x0
uvm/volta/gv100	dev_fb.h	NV_PFB_PRI_MMU_FAULT_ADDR_LO	0x100e4c
uvm/volta/gv100	dev_fb.h	NV_PFB_PRI_MMU_FAULT_ADDR_LO_ADDR	31:12
uvm/volta/gv100	dev_fb.h	NV_PFB_PRI_MMU_FAULT_ADDR_LO_ADDR_RESET	0x0
uvm/volta/gv100	dev_fb.h	NV_PFB_PRI_MMU_FAULT_ADDR_LO_PHYS_APERTURE	1:0
uvm/volta/gv100	dev_fb.h	NV_PFB_PRI_MMU_FAULT_ADDR_LO_PHYS_APERTURE_LOCAL	0x0
uvm/volta/gv100	dev_fb.h	NV_PFB_PRI_MMU_FAULT_ADDR_LO_PHYS_APERTURE_PEER	0x1
uvm/volta/gv100	dev_fb.h	NV_PFB_PRI_MMU_FAULT_ADDR_LO_PHYS_APERTURE_SYS_COH	0x2
uvm/volta/gv100	dev_fb.h	NV_PFB_PRI_MMU_FAULT_ADDR_LO_PHYS_APERTURE_SYS_NCOH	0x3
uvm/volta/gv100	dev_fb.h	NV_PFB_PRI_MMU_FAULT_BUFFER_GET(0)	0x100e2c
uvm/volta/gv100	dev_fb.h	NV_PFB_PRI_MMU_FAULT_BUFFER_GET(1)	0x100e40
uvm/volta/gv100	dev_fb.h	NV_PFB_PRI_MMU_FAULT_BUFFER_GET_GETPTR_CORRUPTED	30:30
uvm/volta/gv100	dev_fb.h	NV_PFB_PRI_MMU_FAULT_BUFFER_GET_GETPTR_CORRUPTED_CLEAR	0x1
uvm/volta/gv100	dev_fb.h	NV_PFB_PRI_MMU_FAULT_BUFFER_GET_GETPTR_CORRUPTED_NO	0x0
uvm/volta/gv100	dev_fb.h	NV_PFB_PRI_MMU_FAULT_BUFFER_GET_GETPTR_CORRUPTED_YES	0x1
uvm/volta/gv100	dev_fb.h	NV_PFB_PRI_MMU_FAULT_BUFFER_GET_OVERFLOW	31:31
uvm/volta/gv100	dev_fb.h	NV_PFB_PRI_MMU_FAULT_BUFFER_GET_OVERFLOW_CLEAR	0x1
uvm/volta/gv100	dev_fb.h	NV_PFB_PRI_MMU_FAULT_BUFFER_GET_OVERFLOW_NO	0x0
uvm/volta/gv100	dev_fb.h	NV_PFB_PRI_MMU_FAULT_BUFFER_GET_OVERFLOW_YES	0x1
uvm/volta/gv100	dev_fb.h	NV_PFB_PRI_MMU_FAULT_BUFFER_GET_PTR	19:0
uvm/volta/gv100	dev_fb.h	NV_PFB_PRI_MMU_FAULT_BUFFER_GET_PTR_RESET	0x0
uvm/volta/gv100	dev_fb.h	NV_PFB_PRI_MMU_FAULT_BUFFER_GET__SIZE_1	0x2
uvm/volta/gv100	dev_fb.h	NV_PFB_PRI_MMU_FAULT_BUFFER_HI(0)	0x100e28
uvm/volta/gv100	dev_fb.h	NV_PFB_PRI_MMU_FAULT_BUFFER_HI(1)	0x100e3c
uvm/volta/gv100	dev_fb.h	NV_PFB_PRI_MMU_FAULT_BUFFER_HI_ADDR	31:0
uvm/volta/gv100	dev_fb.h	NV_PFB_PRI_MMU_FAULT_BUFFER_HI__SIZE_1	0x2
uvm/volta/gv100	dev_fb.h	NV_PFB_PRI_MMU_FAULT_BUFFER_LO(0)	0x100e24
uvm/volta/gv100	dev_fb.h	NV_PFB_PRI_MMU_FAULT_BUFFER_LO(1)	0x100e38
uvm/volta/gv100	dev_fb.h	NV_PFB_PRI_MMU_FAULT_BUFFER_LO_ADDR	31:12
uvm/volta/gv100	dev_fb.h	NV_PFB_PRI_MMU_FAULT_BUFFER_LO_ADDR_MODE	0:0
uvm/volta/gv100	dev_fb.h	NV_PFB_PRI_MMU_FAULT_BUFFER_LO_ADDR_MODE_PHYSICAL	0x1
uvm/volta/gv100	dev_fb.h	NV_PFB_PRI_MMU_FAULT_BUFFER_LO_ADDR_MODE_VIRTUAL	0x0
uvm/volta/gv100	dev_fb.h	NV_PFB_PRI_MMU_FAULT_BUFFER_LO_PHYS_APERTURE	2:1
uvm/volta/gv100	dev_fb.h	NV_PFB_PRI_MMU_FAULT_BUFFER_LO_PHYS_APERTURE_LOCAL	0x0
uvm/volta/gv100	dev_fb.h	NV_PFB_PRI_MMU_FAULT_BUFFER_LO_PHYS_APERTURE_SYS_COH	0x2
uvm/volta/gv100	dev_fb.h	NV_PFB_PRI_MMU_FAULT_BUFFER_LO_PHYS_APERTURE_SYS_NCOH	0x3
uvm/volta/gv100	dev_fb.h	NV_PFB_PRI_MMU_FAULT_BUFFER_LO_PHYS_VOL	3:3
uvm/volta/gv100	dev_fb.h	NV_PFB_PRI_MMU_FAULT_BUFFER_LO__SIZE_1	0x2
uvm/volta/gv100	dev_fb.h	NV_PFB_PRI_MMU_FAULT_BUFFER_PUT(0)	0x100e30
uvm/volta/gv100	dev_fb.h	NV_PFB_PRI_MMU_FAULT_BUFFER_PUT(1)	0x100e44
uvm/volta/gv100	dev_fb.h	NV_PFB_PRI_MMU_FAULT_BUFFER_PUT_GETPTR_CORRUPTED	30:30
uvm/volta/gv100	dev_fb.h	NV_PFB_PRI_MMU_FAULT_BUFFER_PUT_GETPTR_CORRUPTED_NO	0x0
uvm/volta/gv100	dev_fb.h	NV_PFB_PRI_MMU_FAULT_BUFFER_PUT_GETPTR_CORRUPTED_YES	0x1
uvm/volta/gv100	dev_fb.h	NV_PFB_PRI_MMU_FAULT_BUFFER_PUT_OVERFLOW	31:31
uvm/volta/gv100	dev_fb.h	NV_PFB_PRI_MMU_FAULT_BUFFER_PUT_OVERFLOW_NO	0x0
uvm/volta/gv100	dev_fb.h	NV_PFB_PRI_MMU_FAULT_BUFFER_PUT_OVERFLOW_YES	0x1
uvm/volta/gv100	dev_fb.h	NV_PFB_PRI_MMU_FAULT_BUFFER_PUT_PTR	19:0
uvm/volta/gv100	dev_fb.h	NV_PFB_PRI_MMU_FAULT_BUFFER_PUT_PTR_RESET	0x0
uvm/volta/gv100	dev_fb.h	NV_PFB_PRI_MMU_FAULT_BUFFER_PUT__SIZE_1	0x2
uvm/volta/gv100	dev_fb.h	NV_PFB_PRI_MMU_FAULT_BUFFER_SIZE(0)	0x100e34
uvm/volta/gv100	dev_fb.h	NV_PFB_PRI_MMU_FAULT_BUFFER_SIZE(1)	0x100e48
uvm/volta/gv100	dev_fb.h	NV_PFB_PRI_MMU_FAULT_BUFFER_SIZE_ENABLE	31:31
uvm/volta/gv100	dev_fb.h	NV_PFB_PRI_MMU_FAULT_BUFFER_SIZE_ENABLE_FALSE	0x0
uvm/volta/gv100	dev_fb.h	NV_PFB_PRI_MMU_FAULT_BUFFER_SIZE_ENABLE_TRUE	0x1
uvm/volta/gv100	dev_fb.h	NV_PFB_PRI_MMU_FAULT_BUFFER_SIZE_OVERFLOW_INTR	29:29
uvm/volta/gv100	dev_fb.h	NV_PFB_PRI_MMU_FAULT_BUFFER_SIZE_OVERFLOW_INTR_DISABLE	0x0
uvm/volta/gv100	dev_fb.h	NV_PFB_PRI_MMU_FAULT_BUFFER_SIZE_OVERFLOW_INTR_ENABLE	0x1
uvm/volta/gv100	dev_fb.h	NV_PFB_PRI_MMU_FAULT_BUFFER_SIZE_SET_DEFAULT	30:30
uvm/volta/gv100	dev_fb.h	NV_PFB_PRI_MMU_FAULT_BUFFER_SIZE_SET_DEFAULT_NO	0x0
uvm/volta/gv100	dev_fb.h	NV_PFB_PRI_MMU_FAULT_BUFFER_SIZE_SET_DEFAULT_YES	0x1
uvm/volta/gv100	dev_fb.h	NV_PFB_PRI_MMU_FAULT_BUFFER_SIZE_VAL	19:0
uvm/volta/gv100	dev_fb.h	NV_PFB_PRI_MMU_FAULT_BUFFER_SIZE_VAL_RESET	0x0
uvm/volta/gv100	dev_fb.h	NV_PFB_PRI_MMU_FAULT_BUFFER_SIZE__SIZE_1	0x2
uvm/volta/gv100	dev_fb.h	NV_PFB_PRI_MMU_FAULT_INST_HI	0x100e58
uvm/volta/gv100	dev_fb.h	NV_PFB_PRI_MMU_FAULT_INST_HI_ADDR	31:0
uvm/volta/gv100	dev_fb.h	NV_PFB_PRI_MMU_FAULT_INST_HI_ADDR_RESET	0x0
uvm/volta/gv100	dev_fb.h	NV_PFB_PRI_MMU_FAULT_INST_LO	0x100e54
uvm/volta/gv100	dev_fb.h	NV_PFB_PRI_MMU_FAULT_INST_LO_ADDR	31:12
uvm/volta/gv100	dev_fb.h	NV_PFB_PRI_MMU_FAULT_INST_LO_ADDR_RESET	0x0
uvm/volta/gv100	dev_fb.h	NV_PFB_PRI_MMU_FAULT_INST_LO_APERTURE	11:10
uvm/volta/gv100	dev_fb.h	NV_PFB_PRI_MMU_FAULT_INST_LO_APERTURE_RESET	0x0
uvm/volta/gv100	dev_fb.h	NV_PFB_PRI_MMU_FAULT_INST_LO_APERTURE_SYS_MEM_COHERENT	0x2
uvm/volta/gv100	dev_fb.h	NV_PFB_PRI_MMU_FAULT_INST_LO_APERTURE_SYS_MEM_NONCOHERENT	0x3
uvm/volta/gv100	dev_fb.h	NV_PFB_PRI_MMU_FAULT_INST_LO_APERTURE_VID_MEM	0x0
uvm/volta/gv100	dev_fb.h	NV_PFB_PRI_MMU_FAULT_INST_LO_ENGINE_ID	8:0
uvm/volta/gv100	dev_fb.h	NV_PFB_PRI_MMU_FAULT_INST_LO_ENGINE_ID_RESET	0x0
volta/gv100	dev_mmu.h	NV_MMU_PTE_KIND_PITCH	0x0
volta/gv100	dev_mmu.h	NV_MMU_VER2_PTE_ADDRESS_SHIFT	0xc
volta/gv100	dev_mmu.h	NV_MMU_VER2_PTE_ADDRESS_VID	32:8
volta/gv100	dev_mmu.h	NV_MMU_VER2_PTE_COMPTAGLINE	53:36
volta/gv100	dev_fault.h	NV_PFAULT_ACCESS_TYPE_PHYS_ATOMIC	0xa
volta/gv100	dev_fault.h	NV_PFAULT_ACCESS_TYPE_PHYS_PREFETCH	0xb
volta/gv100	dev_fault.h	NV_PFAULT_ACCESS_TYPE_PHYS_READ	0x8
volta/gv100	dev_fault.h	NV_PFAULT_ACCESS_TYPE_PHYS_WRITE	0x9
volta/gv100	dev_fault.h	NV_PFAULT_ACCESS_TYPE_VIRT_ATOMIC	0x2
volta/gv100	dev_fault.h	NV_PFAULT_ACCESS_TYPE_VIRT_ATOMIC_STRONG	0x2
volta/gv100	dev_fault.h	NV_PFAULT_ACCESS_TYPE_VIRT_ATOMIC_WEAK	0x4
volta/gv100	dev_fault.h	NV_PFAULT_ACCESS_TYPE_VIRT_PREFETCH	0x3
volta/gv100	dev_fault.h	NV_PFAULT_ACCESS_TYPE_VIRT_READ	0x0
volta/gv100	dev_fault.h	NV_PFAULT_ACCESS_TYPE_VIRT_WRITE	0x1
volta/gv100	dev_fault.h	NV_PFAULT_FAULT_TYPE_ATOMIC_VIOLATION	0xf
volta/gv100	dev_fault.h	NV_PFAULT_FAULT_TYPE_COMPRESSION_FAILURE	0xb
volta/gv100	dev_fault.h	NV_PFAULT_FAULT_TYPE_PDE	0x0
volta/gv100	dev_fault.h	NV_PFAULT_FAULT_TYPE_PDE_SIZE	0x1
volta/gv100	dev_fault.h	NV_PFAULT_FAULT_TYPE_PITCH_MASK_VIOLATION	0x8
volta/gv100	dev_fault.h	NV_PFAULT_FAULT_TYPE_POISONED	0xe
volta/gv100	dev_fault.h	NV_PFAULT_FAULT_TYPE_PRIV_VIOLATION	0x5
volta/gv100	dev_fault.h	NV_PFAULT_FAULT_TYPE_PTE	0x2
volta/gv100	dev_fault.h	NV_PFAULT_FAULT_TYPE_REGION_VIOLATION	0xd
volta/gv100	dev_fault.h	NV_PFAULT_FAULT_TYPE_RO_VIOLATION	0x6
volta/gv100	dev_fault.h	NV_PFAULT_FAULT_TYPE_UNBOUND_INST_BLOCK	0x4
volta/gv100	dev_fault.h	NV_PFAULT_FAULT_TYPE_UNSUPPORTED_APERTURE	0xa
volta/gv100	dev_fault.h	NV_PFAULT_FAULT_TYPE_UNSUPPORTED_KIND	0xc
volta/gv100	dev_fault.h	NV_PFAULT_FAULT_TYPE_VA_LIMIT_VIOLATION	0x3
volta/gv100	dev_fault.h	NV_PFAULT_FAULT_TYPE_WORK_CREATION	0x9
volta/gv100	dev_fault.h	NV_PFAULT_FAULT_TYPE_WO_VIOLATION	0x7
volta/gv100	dev_fault.h	NV_PFAULT_MMU_CLIENT_TYPE_GPC	0x0
volta/gv100	dev_fault.h	NV_PFAULT_MMU_CLIENT_TYPE_HUB	0x1
volta/gv100	dev_fault.h	NV_PFAULT_MMU_ENG_ID_CE0	0xf
volta/gv100	dev_fault.h	NV_PFAULT_MMU_ENG_ID_CE1	0x10
volta/gv100	dev_fault.h	NV_PFAULT_MMU_ENG_ID_CE2	0x11
volta/gv100	dev_fault.h	NV_PFAULT_MMU_ENG_ID_CE3	0x12
volta/gv100	dev_fault.h	NV_PFAULT_MMU_ENG_ID_CE4	0x13
volta/gv100	dev_fault.h	NV_PFAULT_MMU_ENG_ID_CE5	0x14
volta/gv100	dev_fault.h	NV_PFAULT_MMU_ENG_ID_CE6	0x15
volta/gv100	dev_fault.h	NV_PFAULT_MMU_ENG_ID_CE7	0x16
volta/gv100	dev_fault.h	NV_PFAULT_MMU_ENG_ID_CE8	0x17
volta/gv100	dev_fault.h	NV_PFAULT_MMU_ENG_ID_GRAPHICS	0x40
volta/gv100	dev_fault.h	NV_PFAULT_MMU_ENG_ID_PHYSICAL	0x1f
volta/gv100	dev_fb.h	NV_PFB_PRI_MMU_FAULT_ADDR_HI_ADDR	31:0
volta/gv100	dev_fb.h	NV_PFB_PRI_MMU_FAULT_ADDR_LO_ADDR	31:12
volta/gv100	dev_fb.h	NV_PFB_PRI_MMU_FAULT_BUFFER_GET(0)	0x100e2c
volta/gv100	dev_fb.h	NV_PFB_PRI_MMU_FAULT_BUFFER_GET(1)	0x100e40
volta/gv100	dev_fb.h	NV_PFB_PRI_MMU_FAULT_BUFFER_GET_GETPTR_CORRUPTED	30:30
volta/gv100	dev_fb.h	NV_PFB_PRI_MMU_FAULT_BUFFER_GET_GETPTR_CORRUPTED_CLEAR	0x1
volta/gv100	dev_fb.h	NV_PFB_PRI_MMU_FAULT_BUFFER_GET_GETPTR_CORRUPTED_NO	0x0
volta/gv100	dev_fb.h	NV_PFB_PRI_MMU_FAULT_BUFFER_GET_GETPTR_CORRUPTED_YES	0x1
volta/gv100	dev_fb.h	NV_PFB_PRI_MMU_FAULT_BUFFER_GET_OVERFLOW	31:31
volta/gv100	dev_fb.h	NV_PFB_PRI_MMU_FAULT_BUFFER_GET_OVERFLOW_CLEAR	0x1
volta/gv100	dev_fb.h	NV_PFB_PRI_MMU_FAULT_BUFFER_GET_OVERFLOW_NO	0x0
volta/gv100	dev_fb.h	NV_PFB_PRI_MMU_FAULT_BUFFER_GET_OVERFLOW_YES	0x1
volta/gv100	dev_fb.h	NV_PFB_PRI_MMU_FAULT_BUFFER_GET_PTR	19:0
volta/gv100	dev_fb.h	NV_PFB_PRI_MMU_FAULT_BUFFER_GET_PTR_RESET	0x0
volta/gv100	dev_fb.h	NV_PFB_PRI_MMU_FAULT_BUFFER_GET__SIZE_1	0x2
volta/gv100	dev_fb.h	NV_PFB_PRI_MMU_FAULT_BUFFER_PUT(0)	0x100e30
volta/gv100	dev_fb.h	NV_PFB_PRI_MMU_FAULT_BUFFER_PUT(1)	0x100e44
volta/gv100	dev_fb.h	NV_PFB_PRI_MMU_FAULT_BUFFER_PUT_GETPTR_CORRUPTED	30:30
volta/gv100	dev_fb.h	NV_PFB_PRI_MMU_FAULT_BUFFER_PUT_GETPTR_CORRUPTED_NO	0x0
volta/gv100	dev_fb.h	NV_PFB_PRI_MMU_FAULT_BUFFER_PUT_GETPTR_CORRUPTED_YES	0x1
volta/gv100	dev_fb.h	NV_PFB_PRI_MMU_FAULT_BUFFER_PUT_OVERFLOW	31:31
volta/gv100	dev_fb.h	NV_PFB_PRI_MMU_FAULT_BUFFER_PUT_OVERFLOW_NO	0x0
volta/gv100	dev_fb.h	NV_PFB_PRI_MMU_FAULT_BUFFER_PUT_OVERFLOW_YES	0x1
volta/gv100	dev_fb.h	NV_PFB_PRI_MMU_FAULT_BUFFER_PUT_PTR	19:0
volta/gv100	dev_fb.h	NV_PFB_PRI_MMU_FAULT_BUFFER_PUT_PTR_RESET	0x0
volta/gv100	dev_fb.h	NV_PFB_PRI_MMU_FAULT_BUFFER_PUT__SIZE_1	0x2
volta/gv100	dev_fb.h	NV_PFB_PRI_MMU_FAULT_BUFFER_SIZE_ENABLE	31:31
volta/gv100	dev_fb.h	NV_PFB_PRI_MMU_FAULT_BUFFER_SIZE_ENABLE_FALSE	0x0
volta/gv100	dev_fb.h	NV_PFB_PRI_MMU_FAULT_BUFFER_SIZE_ENABLE_TRUE	0x1
volta/gv100	dev_fb.h	NV_PFB_PRI_MMU_FAULT_BUFFER_SIZE_OVERFLOW_INTR	29:29
volta/gv100	dev_fb.h	NV_PFB_PRI_MMU_FAULT_BUFFER_SIZE_OVERFLOW_INTR_DISABLE	0x0
volta/gv100	dev_fb.h	NV_PFB_PRI_MMU_FAULT_BUFFER_SIZE_OVERFLOW_INTR_ENABLE	0x1
volta/gv100	dev_fb.h	NV_PFB_PRI_MMU_FAULT_BUFFER_SIZE_SET_DEFAULT	30:30
volta/gv100	dev_fb.h	NV_PFB_PRI_MMU_FAULT_BUFFER_SIZE_SET_DEFAULT_NO	0x0
volta/gv100	dev_fb.h	NV_PFB_PRI_MMU_FAULT_BUFFER_SIZE_SET_DEFAULT_YES	0x1
volta/gv100	dev_fb.h	NV_PFB_PRI_MMU_FAULT_BUFFER_SIZE_VAL	19:0
volta/gv100	dev_fb.h	NV_PFB_PRI_MMU_FAULT_BUFFER_SIZE_VAL_RESET	0x0
volta/gv100	dev_fb.h	NV_PFB_PRI_MMU_FAULT_INFO_ACCESS_TYPE	19:16
volta/gv100	dev_fb.h	NV_PFB_PRI_MMU_FAULT_INFO_ACCESS_TYPE_ATOMIC	0x2
volta/gv100	dev_fb.h	NV_PFB_PRI_MMU_FAULT_INFO_ACCESS_TYPE_PHYS_ATOMIC	0xa
volta/gv100	dev_fb.h	NV_PFB_PRI_MMU_FAULT_INFO_ACCESS_TYPE_PHYS_PREFETCH	0xb
volta/gv100	dev_fb.h	NV_PFB_PRI_MMU_FAULT_INFO_ACCESS_TYPE_PHYS_READ	0x8
volta/gv100	dev_fb.h	NV_PFB_PRI_MMU_FAULT_INFO_ACCESS_TYPE_PHYS_WRITE	0x9
volta/gv100	dev_fb.h	NV_PFB_PRI_MMU_FAULT_INFO_ACCESS_TYPE_PREFETCH	0x3
volta/gv100	dev_fb.h	NV_PFB_PRI_MMU_FAULT_INFO_ACCESS_TYPE_READ	0x0
volta/gv100	dev_fb.h	NV_PFB_PRI_MMU_FAULT_INFO_ACCESS_TYPE_RESET	0x0
volta/gv100	dev_fb.h	NV_PFB_PRI_MMU_FAULT_INFO_ACCESS_TYPE_VIRT_ATOMIC	0x2
volta/gv100	dev_fb.h	NV_PFB_PRI_MMU_FAULT_INFO_ACCESS_TYPE_VIRT_ATOMIC_STRONG	0x2
volta/gv100	dev_fb.h	NV_PFB_PRI_MMU_FAULT_INFO_ACCESS_TYPE_VIRT_ATOMIC_WEAK	0x4
volta/gv100	dev_fb.h	NV_PFB_PRI_MMU_FAULT_INFO_ACCESS_TYPE_VIRT_PREFETCH	0x3
volta/gv100	dev_fb.h	NV_PFB_PRI_MMU_FAULT_INFO_ACCESS_TYPE_VIRT_READ	0x0
volta/gv100	dev_fb.h	NV_PFB_PRI_MMU_FAULT_INFO_ACCESS_TYPE_VIRT_WRITE	0x1
volta/gv100	dev_fb.h	NV_PFB_PRI_MMU_FAULT_INFO_ACCESS_TYPE_WRITE	0x1
volta/gv100	dev_fb.h	NV_PFB_PRI_MMU_FAULT_INFO_CLIENT	14:8
volta/gv100	dev_fb.h	NV_PFB_PRI_MMU_FAULT_INFO_CLIENT_RESET	0x0
volta/gv100	dev_fb.h	NV_PFB_PRI_MMU_FAULT_INFO_CLIENT_TYPE	20:20
volta/gv100	dev_fb.h	NV_PFB_PRI_MMU_FAULT_INFO_CLIENT_TYPE_RESET	0x0
volta/gv100	dev_fb.h	NV_PFB_PRI_MMU_FAULT_INFO_FAULT_TYPE	4:0
volta/gv100	dev_fb.h	NV_PFB_PRI_MMU_FAULT_INFO_FAULT_TYPE_RESET	0x0
volta/gv100	dev_fb.h	NV_PFB_PRI_MMU_FAULT_INFO_GPC_ID	28:24
volta/gv100	dev_fb.h	NV_PFB_PRI_MMU_FAULT_INFO_GPC_ID_RESET	0x0
volta/gv100	dev_fb.h	NV_PFB_PRI_MMU_FAULT_INFO_PROTECTED_MODE	29:29
volta/gv100	dev_fb.h	NV_PFB_PRI_MMU_FAULT_INFO_PROTECTED_MODE_RESET	0x0
volta/gv100	dev_fb.h	NV_PFB_PRI_MMU_FAULT_INFO_REPLAYABLE_FAULT	7:7
volta/gv100	dev_fb.h	NV_PFB_PRI_MMU_FAULT_INFO_REPLAYABLE_FAULT_EN	30:30
volta/gv100	dev_fb.h	NV_PFB_PRI_MMU_FAULT_INFO_REPLAYABLE_FAULT_EN_RESET	0x0
volta/gv100	dev_fb.h	NV_PFB_PRI_MMU_FAULT_INFO_REPLAYABLE_FAULT_RESET	0x0
volta/gv100	dev_fb.h	NV_PFB_PRI_MMU_FAULT_INFO_VALID	31:31
volta/gv100	dev_fb.h	NV_PFB_PRI_MMU_FAULT_INFO_VALID_RESET	0x0
volta/gv100	dev_fb.h	NV_PFB_PRI_MMU_FAULT_INST_HI_ADDR	31:0
volta/gv100	dev_fb.h	NV_PFB_PRI_MMU_FAULT_INST_LO_ADDR	31:12
volta/gv100	dev_fb.h	NV_PFB_PRI_MMU_FAULT_INST_LO_APERTURE	11:10
volta/gv100	dev_fb.h	NV_PFB_PRI_MMU_FAULT_INST_LO_ENGINE_ID	8:0
volta/gv100	dev_fb.h	NV_PFB_PRI_MMU_FAULT_STATUS	0x100e60
volta/gv100	dev_fb.h	NV_PFB_PRI_MMU_FAULT_STATUS_BUSY	30:30
volta/gv100	dev_fb.h	NV_PFB_PRI_MMU_FAULT_STATUS_BUSY_FALSE	0x0
volta/gv100	dev_fb.h	NV_PFB_PRI_MMU_FAULT_STATUS_BUSY_TRUE	0x1
volta/gv100	dev_fb.h	NV_PFB_PRI_MMU_FAULT_STATUS_DROPPED_BAR1_PHYS	0:0
volta/gv100	dev_fb.h	NV_PFB_PRI_MMU_FAULT_STATUS_DROPPED_BAR1_PHYS_CLEAR	0x1
volta/gv100	dev_fb.h	NV_PFB_PRI_MMU_FAULT_STATUS_DROPPED_BAR1_PHYS_RESET	0x0
volta/gv100	dev_fb.h	NV_PFB_PRI_MMU_FAULT_STATUS_DROPPED_BAR1_PHYS_SET	0x1
volta/gv100	dev_fb.h	NV_PFB_PRI_MMU_FAULT_STATUS_DROPPED_BAR1_VIRT	1:1
volta/gv100	dev_fb.h	NV_PFB_PRI_MMU_FAULT_STATUS_DROPPED_BAR1_VIRT_CLEAR	0x1
volta/gv100	dev_fb.h	NV_PFB_PRI_MMU_FAULT_STATUS_DROPPED_BAR1_VIRT_RESET	0x0
volta/gv100	dev_fb.h	NV_PFB_PRI_MMU_FAULT_STATUS_DROPPED_BAR1_VIRT_SET	0x1
volta/gv100	dev_fb.h	NV_PFB_PRI_MMU_FAULT_STATUS_DROPPED_BAR2_PHYS	2:2
volta/gv100	dev_fb.h	NV_PFB_PRI_MMU_FAULT_STATUS_DROPPED_BAR2_PHYS_CLEAR	0x1
volta/gv100	dev_fb.h	NV_PFB_PRI_MMU_FAULT_STATUS_DROPPED_BAR2_PHYS_RESET	0x0
volta/gv100	dev_fb.h	NV_PFB_PRI_MMU_FAULT_STATUS_DROPPED_BAR2_PHYS_SET	0x1
volta/gv100	dev_fb.h	NV_PFB_PRI_MMU_FAULT_STATUS_DROPPED_BAR2_VIRT	3:3
volta/gv100	dev_fb.h	NV_PFB_PRI_MMU_FAULT_STATUS_DROPPED_BAR2_VIRT_CLEAR	0x1
volta/gv100	dev_fb.h	NV_PFB_PRI_MMU_FAULT_STATUS_DROPPED_BAR2_VIRT_RESET	0x0
volta/gv100	dev_fb.h	NV_PFB_PRI_MMU_FAULT_STATUS_DROPPED_BAR2_VIRT_SET	0x1
volta/gv100	dev_fb.h	NV_PFB_PRI_MMU_FAULT_STATUS_DROPPED_IFB_PHYS	4:4
volta/gv100	dev_fb.h	NV_PFB_PRI_MMU_FAULT_STATUS_DROPPED_IFB_PHYS_CLEAR	0x1
volta/gv100	dev_fb.h	NV_PFB_PRI_MMU_FAULT_STATUS_DROPPED_IFB_PHYS_RESET	0x0
volta/gv100	dev_fb.h	NV_PFB_PRI_MMU_FAULT_STATUS_DROPPED_IFB_PHYS_SET	0x1
volta/gv100	dev_fb.h	NV_PFB_PRI_MMU_FAULT_STATUS_DROPPED_IFB_VIRT	5:5
volta/gv100	dev_fb.h	NV_PFB_PRI_MMU_FAULT_STATUS_DROPPED_IFB_VIRT_CLEAR	0x1
volta/gv100	dev_fb.h	NV_PFB_PRI_MMU_FAULT_STATUS_DROPPED_IFB_VIRT_RESET	0x0
volta/gv100	dev_fb.h	NV_PFB_PRI_MMU_FAULT_STATUS_DROPPED_IFB_VIRT_SET	0x1
volta/gv100	dev_fb.h	NV_PFB_PRI_MMU_FAULT_STATUS_DROPPED_OTHER_PHYS	6:6
volta/gv100	dev_fb.h	NV_PFB_PRI_MMU_FAULT_STATUS_DROPPED_OTHER_PHYS_CLEAR	0x1
volta/gv100	dev_fb.h	NV_PFB_PRI_MMU_FAULT_STATUS_DROPPED_OTHER_PHYS_RESET	0x0
volta/gv100	dev_fb.h	NV_PFB_PRI_MMU_FAULT_STATUS_DROPPED_OTHER_PHYS_SET	0x1
volta/gv100	dev_fb.h	NV_PFB_PRI_MMU_FAULT_STATUS_DROPPED_OTHER_VIRT	7:7
volta/gv100	dev_fb.h	NV_PFB_PRI_MMU_FAULT_STATUS_DROPPED_OTHER_VIRT_CLEAR	0x1
volta/gv100	dev_fb.h	NV_PFB_PRI_MMU_FAULT_STATUS_DROPPED_OTHER_VIRT_RESET	0x0
volta/gv100	dev_fb.h	NV_PFB_PRI_MMU_FAULT_STATUS_DROPPED_OTHER_VIRT_SET	0x1
volta/gv100	dev_fb.h	NV_PFB_PRI_MMU_FAULT_STATUS_NON_REPLAYABLE	9:9
volta/gv100	dev_fb.h	NV_PFB_PRI_MMU_FAULT_STATUS_NON_REPLAYABLE_ERROR	11:11
volta/gv100	dev_fb.h	NV_PFB_PRI_MMU_FAULT_STATUS_NON_REPLAYABLE_ERROR_RESET	0x0
volta/gv100	dev_fb.h	NV_PFB_PRI_MMU_FAULT_STATUS_NON_REPLAYABLE_ERROR_SET	0x1
volta/gv100	dev_fb.h	NV_PFB_PRI_MMU_FAULT_STATUS_NON_REPLAYABLE_GETPTR_CORRUPTED	15:15
volta/gv100	dev_fb.h	NV_PFB_PRI_MMU_FAULT_STATUS_NON_REPLAYABLE_GETPTR_CORRUPTED_RESET	0x0
volta/gv100	dev_fb.h	NV_PFB_PRI_MMU_FAULT_STATUS_NON_REPLAYABLE_GETPTR_CORRUPTED_SET	0x1
volta/gv100	dev_fb.h	NV_PFB_PRI_MMU_FAULT_STATUS_NON_REPLAYABLE_OVERFLOW	13:13
volta/gv100	dev_fb.h	NV_PFB_PRI_MMU_FAULT_STATUS_NON_REPLAYABLE_OVERFLOW_RESET	0x0
volta/gv100	dev_fb.h	NV_PFB_PRI_MMU_FAULT_STATUS_NON_REPLAYABLE_OVERFLOW_SET	0x1
volta/gv100	dev_fb.h	NV_PFB_PRI_MMU_FAULT_STATUS_NON_REPLAYABLE_RESET	0x0
volta/gv100	dev_fb.h	NV_PFB_PRI_MMU_FAULT_STATUS_NON_REPLAYABLE_SET	0x1
volta/gv100	dev_fb.h	NV_PFB_PRI_MMU_FAULT_STATUS_REPLAYABLE	8:8
volta/gv100	dev_fb.h	NV_PFB_PRI_MMU_FAULT_STATUS_REPLAYABLE_ERROR	10:10
volta/gv100	dev_fb.h	NV_PFB_PRI_MMU_FAULT_STATUS_REPLAYABLE_ERROR_RESET	0x0
volta/gv100	dev_fb.h	NV_PFB_PRI_MMU_FAULT_STATUS_REPLAYABLE_ERROR_SET	0x1
volta/gv100	dev_fb.h	NV_PFB_PRI_MMU_FAULT_STATUS_REPLAYABLE_GETPTR_CORRUPTED	14:14
volta/gv100	dev_fb.h	NV_PFB_PRI_MMU_FAULT_STATUS_REPLAYABLE_GETPTR_CORRUPTED_RESET	0x0
volta/gv100	dev_fb.h	NV_PFB_PRI_MMU_FAULT_STATUS_REPLAYABLE_GETPTR_CORRUPTED_SET	0x1
volta/gv100	dev_fb.h	NV_PFB_PRI_MMU_FAULT_STATUS_REPLAYABLE_OVERFLOW	12:12
volta/gv100	dev_fb.h	NV_PFB_PRI_MMU_FAULT_STATUS_REPLAYABLE_OVERFLOW_RESET	0x0
volta/gv100	dev_fb.h	NV_PFB_PRI_MMU_FAULT_STATUS_REPLAYABLE_OVERFLOW_SET	0x1
volta/gv100	dev_fb.h	NV_PFB_PRI_MMU_FAULT_STATUS_REPLAYABLE_RESET	0x0
volta/gv100	dev_fb.h	NV_PFB_PRI_MMU_FAULT_STATUS_REPLAYABLE_SET	0x1
volta/gv100	dev_fb.h	NV_PFB_PRI_MMU_FAULT_STATUS_VALID	31:31
volta/gv100	dev_fb.h	NV_PFB_PRI_MMU_FAULT_STATUS_VALID_CLEAR	0x1
volta/gv100	dev_fb.h	NV_PFB_PRI_MMU_FAULT_STATUS_VALID_RESET	0x0
volta/gv100	dev_fb.h	NV_PFB_PRI_MMU_FAULT_STATUS_VALID_SET	0x1
volta/gv100	dev_fb.h	NV_PFB_PRI_MMU_NON_REPLAY_FAULT_BUFFER	0x0
volta/gv100	dev_fb.h	NV_PFB_PRI_MMU_REPLAY_FAULT_BUFFER	0x1
volta/gv100	dev_ram.h	NV_PRAMIN	0x7fffff:0x700000
volta/gv100	dev_timer.h	NV_PTIMER_TIME_0	0x9400
volta/gv100	dev_timer.h	NV_PTIMER_TIME_1	0x9410
volta/gv100	dev_timer.h	NV_PTIMER_TIME_PRIV_LEVEL_MASK	0x9430
volta/gv100	dev_timer.h	NV_PTIMER_TIME_PRIV_LEVEL_MASK_WRITE_PROTECTION_LEVEL0	4:4
volta/gv100	dev_timer.h	NV_PTIMER_TIME_PRIV_LEVEL_MASK_WRITE_PROTECTION_LEVEL0_DISABLE	0x0
volta/gv100	dev_timer.h	NV_PTIMER_TIME_PRIV_LEVEL_MASK_WRITE_PROTECTION_LEVEL0_ENABLE	0x1
volta/gv100	dev_ram.h	NV_RAMIN_ALLOC_SIZE	0x1000
volta/gv100	dev_ram.h	NV_RAMIN_BASE_SHIFT	0xc
volta/gv100	dev_ram.h	NV_RAMIN_ENABLE_ATS	0x10ff:0x10ff
volta/gv100	dev_ram.h	NV_RAMIN_ENABLE_ATS_FALSE	0x0
volta/gv100	dev_ram.h	NV_RAMIN_ENABLE_ATS_TRUE	0x1
volta/gv100	dev_ram.h	NV_RAMIN_PASID	0x10f3:0x10e0
volta/gv100	dev_ram.h	NV_RAMIN_SC_BIG_PAGE_SIZE(0)	0x150b:0x150b
volta/gv100	dev_ram.h	NV_RAMIN_SC_BIG_PAGE_SIZE(1)	0x158b:0x158b
volta/gv100	dev_ram.h	NV_RAMIN_SC_BIG_PAGE_SIZE_64KB	0x1
volta/gv100	dev_ram.h	NV_RAMIN_SC_BIG_PAGE_SIZE__SIZE_1	0x40
volta/gv100	dev_ram.h	NV_RAMIN_SC_ENABLE_ATS(0)	0x155f:0x155f
volta/gv100	dev_ram.h	NV_RAMIN_SC_ENABLE_ATS(1)	0x15df:0x15df
volta/gv100	dev_ram.h	NV_RAMIN_SC_PAGE_DIR_BASE_FAULT_REPLAY_GCC(0)	0x1505:0x1505
volta/gv100	dev_ram.h	NV_RAMIN_SC_PAGE_DIR_BASE_FAULT_REPLAY_GCC(1)	0x1585:0x1585
volta/gv100	dev_ram.h	NV_RAMIN_SC_PAGE_DIR_BASE_FAULT_REPLAY_GCC_DISABLED	0x0
volta/gv100	dev_ram.h	NV_RAMIN_SC_PAGE_DIR_BASE_FAULT_REPLAY_GCC_ENABLED	0x1
volta/gv100	dev_ram.h	NV_RAMIN_SC_PAGE_DIR_BASE_FAULT_REPLAY_GCC__SIZE_1	0x40
volta/gv100	dev_ram.h	NV_RAMIN_SC_PAGE_DIR_BASE_FAULT_REPLAY_TEX(0)	0x1504:0x1504
volta/gv100	dev_ram.h	NV_RAMIN_SC_PAGE_DIR_BASE_FAULT_REPLAY_TEX(1)	0x1584:0x1584
volta/gv100	dev_ram.h	NV_RAMIN_SC_PAGE_DIR_BASE_FAULT_REPLAY_TEX_DISABLED	0x0
volta/gv100	dev_ram.h	NV_RAMIN_SC_PAGE_DIR_BASE_FAULT_REPLAY_TEX_ENABLED	0x1
volta/gv100	dev_ram.h	NV_RAMIN_SC_PAGE_DIR_BASE_FAULT_REPLAY_TEX__SIZE_1	0x40
volta/gv100	dev_ram.h	NV_RAMIN_SC_PAGE_DIR_BASE_HI(0)	0x153f:0x1520
volta/gv100	dev_ram.h	NV_RAMIN_SC_PAGE_DIR_BASE_HI(1)	0x15bf:0x15a0
volta/gv100	dev_ram.h	NV_RAMIN_SC_PAGE_DIR_BASE_HI__SIZE_1	0x40
volta/gv100	dev_ram.h	NV_RAMIN_SC_PAGE_DIR_BASE_LO(0)	0x151f:0x150c
volta/gv100	dev_ram.h	NV_RAMIN_SC_PAGE_DIR_BASE_LO(1)	0x159f:0x158c
volta/gv100	dev_ram.h	NV_RAMIN_SC_PAGE_DIR_BASE_LO__SIZE_1	0x40
volta/gv100	dev_ram.h	NV_RAMIN_SC_PAGE_DIR_BASE_TARGET(0)	0x1501:0x1500
volta/gv100	dev_ram.h	NV_RAMIN_SC_PAGE_DIR_BASE_TARGET(1)	0x1581:0x1580
volta/gv100	dev_ram.h	NV_RAMIN_SC_PAGE_DIR_BASE_TARGET_INVALID	0x1
volta/gv100	dev_ram.h	NV_RAMIN_SC_PAGE_DIR_BASE_TARGET_SYS_MEM_COHERENT	0x2
volta/gv100	dev_ram.h	NV_RAMIN_SC_PAGE_DIR_BASE_TARGET_SYS_MEM_NONCOHERENT	0x3
volta/gv100	dev_ram.h	NV_RAMIN_SC_PAGE_DIR_BASE_TARGET_VID_MEM	0x0
volta/gv100	dev_ram.h	NV_RAMIN_SC_PAGE_DIR_BASE_TARGET__SIZE_1	0x40
volta/gv100	dev_ram.h	NV_RAMIN_SC_PAGE_DIR_BASE_VOL(0)	0x1502:0x1502
volta/gv100	dev_ram.h	NV_RAMIN_SC_PAGE_DIR_BASE_VOL(1)	0x1582:0x1582
volta/gv100	dev_ram.h	NV_RAMIN_SC_PAGE_DIR_BASE_VOL_FALSE	0x0
volta/gv100	dev_ram.h	NV_RAMIN_SC_PAGE_DIR_BASE_VOL_TRUE	0x1
volta/gv100	dev_ram.h	NV_RAMIN_SC_PAGE_DIR_BASE_VOL__SIZE_1	0x40
volta/gv100	dev_ram.h	NV_RAMIN_SC_PASID(0)	0x1553:0x1540
volta/gv100	dev_ram.h	NV_RAMIN_SC_PASID(1)	0x15d3:0x15c0
volta/gv100	dev_ram.h	NV_RAMIN_SC_USE_VER2_PT_FORMAT(0)	0x150a:0x150a
volta/gv100	dev_ram.h	NV_RAMIN_SC_USE_VER2_PT_FORMAT(1)	0x158a:0x158a
volta/gv100	dev_ram.h	NV_RAMIN_SC_USE_VER2_PT_FORMAT_FALSE	0x0
volta/gv100	dev_ram.h	NV_RAMIN_SC_USE_VER2_PT_FORMAT_TRUE	0x1
volta/gv100	dev_ram.h	NV_RAMIN_SC_USE_VER2_PT_FORMAT__SIZE_1	0x40
