2026-08-12T05:42:27.647530Z qemu-system-x86_64: -device nvkvm-gpu,bar1-size=268435456,bar2-size=33554432,id=kf0: info: nvkvm: presenting 10de:2504 class 030000 rev a1 subsys 1462:397d (8 interrupt vectors)
kayfabe: memfd census — name="memory-backend-memfd" bytes=2147483648 shared_mapped=true (listed at fd 15, reported only: this number MOVED between two physical benches and is never matched on)
kayfabe: memfd census — name="displaysurface" bytes=1228800 shared_mapped=true (listed at fd 23, reported only: this number MOVED between two physical benches and is never matched on)
kayfabe: memfd census — name="kayfabe-isolate" bytes=737952 shared_mapped=false (listed at fd 24, reported only: this number MOVED between two physical benches and is never matched on)
kayfabe: ★★★ GUEST-RAM CROSSING ARMED — adopted the hypervisor's memory-backend-memfd block, 2147483648 bytes, dev=1 ino=1622545. Every isolate this factory spawns is granted a view of it at a fixed descriptor number; nothing is mapped until a grant says so. ⊘ The size is an EXTENT, not a LAYOUT — where in the guest's physical space these bytes appear is stated separately, by the hypervisor's own topology callbacks, and is reported when the memory plane attaches.
kayfabe: EXECUTORS isolate_plane=real ce_executor=local ⇒ local_ce_is_the_only_executor=true
kayfabe: RING-VIDMEM KAYFABE_RING_VIDMEM=1 ⇒ route B ON
kayfabe: FB-JOIN arm=shared exports_directory=true ⇒ leaves are JOINED — one backing, two mappings, ONE memory
kayfabe: GR-ROUTE arm=passthrough ⇒ a GrCompute doorbell is HANDED TO THE CORE — routed, the host channel materialized/scheduled, and its HOST token rung. ⊘ The host engine still fetches NOTHING: the channel's ring and its GP_PUT are both ours (gr_doorbell_passthrough.md §0.3)
kayfabe: GUEST-RING arm=ring host_isolates=true ⇒ the channel's own GPFIFO ring is WALKED to its framebuffer leaf and that leaf is JOINED, at the engine-object latch — i.e. BEFORE the host channel that would name it is born. ⊘ Supply side only: the host channel still declares OUR ring and OUR USERD (legs A2 and B)
kayfabe: ★★★ GUEST-RAM LAYOUT AT MEMORY PLANE ATTACH, AS THE HYPERVISOR STATED IT — dev=1 ino=1622545: 0 contiguous run(s) totalling 0 bytes, out of 0 stated section(s) LIVE over all backing files (0 live run(s) for this block). Section funnel: 0 reported -> 0 classified RAM -> 0 carried a backing file, 0 later withdrawn. ⊘ Every run below arrived on a topology callback; NOTHING here is derived from the machine type or from `-m`, and a guest-physical address outside these runs is refused by name rather than assumed to be its own file offset. ⚠ This is ONE INSTANT: the listener is registered on the device's bus-master address space, which is empty until the guest enables bus mastering, so an empty report here is a statement about WHEN it was taken and not about the machine.
kayfabe: ⊘⊘ ZERO RUNS, and the crossing IS armed — the descriptor was adopted and 0 section(s) stated a run, but none named this block. ★ Where it broke: nothing yet, and at THIS instant that is expected rather than broken — the guest has not enabled bus mastering, so the address space this device listens on is still empty. Read the END OF RUN report instead. Nothing can be mapped until this joins; an empty layout refuses every address, which is correct and is not progress.
kayfabe:   (no backing file stated any run at all, so there is nothing to have matched against)
kayfabe: COMPLETION-OBSERVER started — one thread, one epoll, one armed counter source. ⊘ It READS the addresses the guest declared and can write none of them.
2026-08-12T05:42:27.803681Z qemu-system-x86_64: info: nvkvm: memory plane realized (bar0=0xfd000000 bar1=0xe0000000 bar2=0xf0000000, register plane has guest memory=yes)
2026-08-12T05:43:10.745013Z qemu-system-x86_64: warning: nvkvm: the emulated GSP asked for its STATUS-QUEUE interrupt and this device does not deliver that one. It is the archive's own service cadence, not a guest waiting on anything: delivering it would send one message per doorbell with nothing pending behind it. A guest that BLOCKS on a REGISTERED os-event IS woken — that path latches the GSP engine's stall vector and delivers; see the "os-events" lines in this report for whether it fired.
kayfabe: GR-RING-JOIN arm=ring host_isolates=yes exports_directory=true fb_join=shared pending=1 — the engine-object latch is about to be drained, and every host channel it births is born HERE. ⊘ Nothing below reads a ring byte
kayfabe: GR-RING-JOIN proc=0 chan=0 class=0xc7b5 → ⊘ NOTHING TO ADOPT: ring_va=Some(4832247808) vas_pdb=None vaspace=Some(12). ⚠ `ring_va = Some(0)` would be a VALUE and not a blank — the driver declares `gpFifoOffset = 0` for its golden-context channel — so a `None` here is the channel declaring no ring at all
kayfabe: ENGINE-OBJECT class=0xc7b5 client=0xc1e00005 parent=0x2 params=8B → REFUSED host_chan=NONE NoVas(ChanId(0)) [seen=1 forwarded=0 refused=1]
kayfabe: GR-RING-JOIN arm=ring host_isolates=yes exports_directory=true fb_join=shared pending=1 — the engine-object latch is about to be drained, and every host channel it births is born HERE. ⊘ Nothing below reads a ring byte
kayfabe: GR-RING-JOIN proc=0 chan=1 ring=0x420064000 entries=4096 → ⊘ NOT A FRAMEBUFFER LEAF: GuestRam { gpa: 53108736 }. ⚠ `GuestRam` here is a REAL and SERVED case that belongs to the guest-RAM pin, not to this source; `Unresolved` is a TIMING fact — the guest had not bound its own ring at the instant its engine object was latched — and must NOT be read as `the channel declared no ring`
kayfabe: ENGINE-OBJECT class=0xc7b5 client=0xc1e00006 parent=0x2 params=8B → FORWARDED engine=Ce host_object=0xcafe000a materialized_channel=true reused=false [seen=2 forwarded=1 refused=1]
2026-08-12T05:43:16.537637Z qemu-system-x86_64: info: nvkvm: DOORBELL token 0x00010002 at +0xbb0090 SERVED-LOCAL [CpuCe::ServedLocally]
2026-08-12T05:43:16.539015Z qemu-system-x86_64: info: nvkvm: DOORBELL token 0x00010002 at +0xbb0090 SERVED-LOCAL [CpuCe::ServedLocally]
kayfabe: GR-RING-JOIN arm=ring host_isolates=yes exports_directory=true fb_join=shared pending=1 — the engine-object latch is about to be drained, and every host channel it births is born HERE. ⊘ Nothing below reads a ring byte
kayfabe: GR-RING-JOIN proc=0 chan=2 ring=0x0 entries=32 → ⊘ NOT A FRAMEBUFFER LEAF: Unresolved("CeWalk { va: GpuVa(0), kind: \"Fault\" } at va=0x0: Fault"). ⚠ `GuestRam` here is a REAL and SERVED case that belongs to the guest-RAM pin, not to this source; `Unresolved` is a TIMING fact — the guest had not bound its own ring at the instant its engine object was latched — and must NOT be read as `the channel declared no ring`
kayfabe: ENGINE-OBJECT class=0xc797 client=0xc1e00007 parent=0xbaba0045 params=0B → FORWARDED engine=GrGraphics host_object=0xcafe0011 materialized_channel=true reused=false [seen=3 forwarded=2 refused=1]
2026-08-12T05:43:26.720276Z qemu-system-x86_64: warning: nvkvm: the emulated GSP refused a register write at +0x110c00: GspFault::QueueNotBound
2026-08-12T05:43:26.720656Z qemu-system-x86_64: warning: nvkvm: the emulated GSP refused a register write at +0x110c00: GspFault::QueueNotBound
kayfabe: GR-RING-JOIN arm=ring host_isolates=yes exports_directory=true fb_join=shared pending=1 — the engine-object latch is about to be drained, and every host channel it births is born HERE. ⊘ Nothing below reads a ring byte
kayfabe: GR-RING-JOIN proc=0 chan=3 class=0xc7b5 → ⊘ NOTHING TO ADOPT: ring_va=Some(4832247808) vas_pdb=None vaspace=Some(12). ⚠ `ring_va = Some(0)` would be a VALUE and not a blank — the driver declares `gpFifoOffset = 0` for its golden-context channel — so a `None` here is the channel declaring no ring at all
kayfabe: ENGINE-OBJECT class=0xc7b5 client=0xc1e00010 parent=0x2 params=8B → REFUSED host_chan=NONE NoVas(ChanId(3)) [seen=4 forwarded=2 refused=2]
kayfabe: GR-RING-JOIN arm=ring host_isolates=yes exports_directory=true fb_join=shared pending=1 — the engine-object latch is about to be drained, and every host channel it births is born HERE. ⊘ Nothing below reads a ring byte
kayfabe: GR-RING-JOIN proc=0 chan=4 ring=0x420064000 entries=4096 → ⊘ NOT A FRAMEBUFFER LEAF: GuestRam { gpa: 114118656 }. ⚠ `GuestRam` here is a REAL and SERVED case that belongs to the guest-RAM pin, not to this source; `Unresolved` is a TIMING fact — the guest had not bound its own ring at the instant its engine object was latched — and must NOT be read as `the channel declared no ring`
kayfabe: ENGINE-OBJECT class=0xc7b5 client=0xc1e00011 parent=0x2 params=8B → FORWARDED engine=Ce host_object=0xcafe0018 materialized_channel=true reused=false [seen=5 forwarded=3 refused=2]
2026-08-12T05:43:32.027688Z qemu-system-x86_64: info: nvkvm: DOORBELL token 0x00010002 at +0xbb0090 SERVED-LOCAL [CpuCe::ServedLocally]
2026-08-12T05:43:32.029673Z qemu-system-x86_64: info: nvkvm: DOORBELL token 0x00010002 at +0xbb0090 SERVED-LOCAL [CpuCe::ServedLocally]
kayfabe: GR-RING-JOIN arm=ring host_isolates=yes exports_directory=true fb_join=shared pending=1 — the engine-object latch is about to be drained, and every host channel it births is born HERE. ⊘ Nothing below reads a ring byte
kayfabe: GR-RING-JOIN proc=0 chan=5 ring=0x0 entries=32 → ⊘ NOT A FRAMEBUFFER LEAF: Unresolved("CeWalk { va: GpuVa(0), kind: \"Fault\" } at va=0x0: Fault"). ⚠ `GuestRam` here is a REAL and SERVED case that belongs to the guest-RAM pin, not to this source; `Unresolved` is a TIMING fact — the guest had not bound its own ring at the instant its engine object was latched — and must NOT be read as `the channel declared no ring`
kayfabe: ENGINE-OBJECT class=0xc797 client=0xc1e00012 parent=0xbaba0045 params=0B → FORWARDED engine=GrGraphics host_object=0xcafe001f materialized_channel=true reused=false [seen=6 forwarded=4 refused=2]
kayfabe: GR-RING-JOIN arm=ring host_isolates=yes exports_directory=true fb_join=shared pending=1 — the engine-object latch is about to be drained, and every host channel it births is born HERE. ⊘ Nothing below reads a ring byte
kayfabe: GR-RING-JOIN RING(chan=6 entries=1024 engine=Ce) leaf va=0x121010000 len=0x10000 fb_phys=0x20000 → ⊘ REFUSED BY NAME `SystemDataPlane` — ⊘ NOT retried, NOT downgraded to the vidmem chain, and nothing was adopted. ⚠ If this is `Rm(NoMemory)` it is status 0x51, which is collision-or-exhaustion and CANNOT be told apart
kayfabe: GR-RING-JOIN proc=0 chan=6 ring=0x121010000 → ⊘ THE RING'S LEAF WAS NOT JOINED; the refusal above names why. Nothing is bound and the drain below is unaffected
kayfabe: ENGINE-OBJECT class=0xc7b5 client=0xc1d0000a parent=0xcaf00012 params=8B → FORWARDED engine=Ce host_object=0xcafe0026 materialized_channel=true reused=false [seen=7 forwarded=5 refused=2]
2026-08-12T05:43:36.648893Z qemu-system-x86_64: info: nvkvm: DOORBELL token 0x00010003 at +0xbb0090 SERVED-LOCAL [CpuCe::ServedLocally]
kayfabe: GR-RING-JOIN arm=ring host_isolates=yes exports_directory=true fb_join=shared pending=1 — the engine-object latch is about to be drained, and every host channel it births is born HERE. ⊘ Nothing below reads a ring byte
kayfabe: GR-RING-JOIN RING(chan=7 entries=1024 engine=Ce) leaf va=0x121040000 len=0x10000 fb_phys=0x50000 → ⊘ REFUSED BY NAME `SystemDataPlane` — ⊘ NOT retried, NOT downgraded to the vidmem chain, and nothing was adopted. ⚠ If this is `Rm(NoMemory)` it is status 0x51, which is collision-or-exhaustion and CANNOT be told apart
kayfabe: GR-RING-JOIN proc=0 chan=7 ring=0x121040000 → ⊘ THE RING'S LEAF WAS NOT JOINED; the refusal above names why. Nothing is bound and the drain below is unaffected
kayfabe: ENGINE-OBJECT class=0xc7b5 client=0xc1d0000a parent=0xcaf0001d params=8B → FORWARDED engine=Ce host_object=0xcafe002b materialized_channel=true reused=false [seen=8 forwarded=6 refused=2]
2026-08-12T05:43:36.743371Z qemu-system-x86_64: info: nvkvm: DOORBELL token 0x00010004 at +0xbb0090 SERVED-LOCAL [CpuCe::ServedLocally]
kayfabe: GR-RING-JOIN arm=ring host_isolates=yes exports_directory=true fb_join=shared pending=1 — the engine-object latch is about to be drained, and every host channel it births is born HERE. ⊘ Nothing below reads a ring byte
kayfabe: GR-RING-JOIN RING(chan=8 entries=1024 engine=Ce) leaf va=0x121070000 len=0x10000 fb_phys=0x80000 → ⊘ REFUSED BY NAME `SystemDataPlane` — ⊘ NOT retried, NOT downgraded to the vidmem chain, and nothing was adopted. ⚠ If this is `Rm(NoMemory)` it is status 0x51, which is collision-or-exhaustion and CANNOT be told apart
kayfabe: GR-RING-JOIN proc=0 chan=8 ring=0x121070000 → ⊘ THE RING'S LEAF WAS NOT JOINED; the refusal above names why. Nothing is bound and the drain below is unaffected
kayfabe: ENGINE-OBJECT class=0xc7b5 client=0xc1d0000a parent=0xcaf00028 params=8B → FORWARDED engine=Ce host_object=0xcafe0030 materialized_channel=true reused=false [seen=9 forwarded=7 refused=2]
2026-08-12T05:43:36.825391Z qemu-system-x86_64: info: nvkvm: DOORBELL token 0x00020005 at +0xbb0090 SERVED-LOCAL [CpuCe::ServedLocally]
kayfabe: GR-RING-JOIN arm=ring host_isolates=yes exports_directory=true fb_join=shared pending=1 — the engine-object latch is about to be drained, and every host channel it births is born HERE. ⊘ Nothing below reads a ring byte
kayfabe: GR-RING-JOIN RING(chan=9 entries=1024 engine=Ce) leaf va=0x1210a0000 len=0x10000 fb_phys=0xb0000 → ⊘ REFUSED BY NAME `SystemDataPlane` — ⊘ NOT retried, NOT downgraded to the vidmem chain, and nothing was adopted. ⚠ If this is `Rm(NoMemory)` it is status 0x51, which is collision-or-exhaustion and CANNOT be told apart
kayfabe: GR-RING-JOIN proc=0 chan=9 ring=0x1210a0000 → ⊘ THE RING'S LEAF WAS NOT JOINED; the refusal above names why. Nothing is bound and the drain below is unaffected
kayfabe: ENGINE-OBJECT class=0xc7b5 client=0xc1d0000a parent=0xcaf00033 params=8B → FORWARDED engine=Ce host_object=0xcafe0035 materialized_channel=true reused=false [seen=10 forwarded=8 refused=2]
2026-08-12T05:43:36.898985Z qemu-system-x86_64: info: nvkvm: DOORBELL token 0x00020006 at +0xbb0090 SERVED-LOCAL [CpuCe::ServedLocally]
2026-08-12T05:43:36.899354Z qemu-system-x86_64: info: nvkvm: DOORBELL token 0x00010003 at +0xbb0090 SERVED-LOCAL [CpuCe::ServedLocally]
2026-08-12T05:43:36.941317Z qemu-system-x86_64: info: nvkvm: DOORBELL token 0x00010003 at +0xbb0090 SERVED-LOCAL [CpuCe::ServedLocally]
2026-08-12T05:43:36.951291Z qemu-system-x86_64: info: nvkvm: DOORBELL token 0x00010003 at +0xbb0090 SERVED-LOCAL [CpuCe::ServedLocally]
2026-08-12T05:43:36.952698Z qemu-system-x86_64: info: nvkvm: DOORBELL token 0x00010003 at +0xbb0090 SERVED-LOCAL [CpuCe::ServedLocally]
2026-08-12T05:43:36.955199Z qemu-system-x86_64: info: nvkvm: DOORBELL token 0x00010003 at +0xbb0090 SERVED-LOCAL [CpuCe::ServedLocally]
2026-08-12T05:43:36.956512Z qemu-system-x86_64: info: nvkvm: DOORBELL token 0x00010003 at +0xbb0090 SERVED-LOCAL [CpuCe::ServedLocally]
2026-08-12T05:43:36.959938Z qemu-system-x86_64: info: nvkvm: DOORBELL token 0x00010003 at +0xbb0090 SERVED-LOCAL [CpuCe::ServedLocally]
2026-08-12T05:43:36.962420Z qemu-system-x86_64: info: nvkvm: DOORBELL token 0x00010003 at +0xbb0090 SERVED-LOCAL [CpuCe::ServedLocally]
2026-08-12T05:43:37.350076Z qemu-system-x86_64: info: nvkvm: DOORBELL-HEARTBEAT arrival #32 token 0x00010003
2026-08-12T05:43:37.362871Z qemu-system-x86_64: info: nvkvm: DOORBELL-HEARTBEAT arrival #64 token 0x00010003
kayfabe: GR-RING-JOIN arm=ring host_isolates=yes exports_directory=true fb_join=shared pending=1 — the engine-object latch is about to be drained, and every host channel it births is born HERE. ⊘ Nothing below reads a ring byte
kayfabe: GR-RING-JOIN RING(chan=0 entries=1024 engine=GrCompute) leaf va=0x200200000 len=0x200000 fb_phys=0x1000000 → JOINED (shared) memory=0xcafe0006 host_va=0x200200000 placed_as_asked=true established=0 bytes over 0 page(s), of which 0 NON-ZERO — ★ ONE memory. ⚠ The leaf is host SYSMEM, a named divergence from the C
kayfabe: GR-RING-JOIN   ⊘ the establishment copy was VACUOUS for this leaf: no page of it was resident, so nothing the guest had written came across. That is CORRECT (an unwritten leaf is zeros either way) and it is NOT evidence that the copy works
kayfabe: GR-RING-JOIN proc=2 chan=0 ring=0x200200000 entries=1024 → ★★★★★ THE RING'S OWN LEAF IS JOINED: memory=0xcafe0006 host_va=0x200200000 fb_phys=0x1000000. ⊘ This is the SUPPLY side only — the host channel about to be born still declares OUR ring and OUR USERD, so GP_PUT == GP_GET and the engine fetches nothing (gr_doorbell_passthrough.md §0.3). Legs A2 and B are what consume this
kayfabe: ENGINE-OBJECT class=0xc7c0 client=0xc1d0000c parent=0x5c000019 params=16B → FORWARDED engine=GrCompute host_object=0xcafe000a materialized_channel=true reused=false [seen=11 forwarded=9 refused=2]
kayfabe: GR-RING-JOIN arm=ring host_isolates=yes exports_directory=true fb_join=shared pending=1 — the engine-object latch is about to be drained, and every host channel it births is born HERE. ⊘ Nothing below reads a ring byte
kayfabe: GR-RING-JOIN RING(chan=0 entries=1024 engine=GrCompute) leaf va=0x200200000 → ALREADY JOINED (idempotent replay; no second object, no second descriptor, no second establishment copy) memory=0xcafe0006 host_va=0x200200000
kayfabe: GR-RING-JOIN proc=2 chan=0 ring=0x200200000 entries=1024 → ★★★★★ THE RING'S OWN LEAF IS JOINED: memory=0xcafe0006 host_va=0x200200000 fb_phys=0x1000000. ⊘ This is the SUPPLY side only — the host channel about to be born still declares OUR ring and OUR USERD, so GP_PUT == GP_GET and the engine fetches nothing (gr_doorbell_passthrough.md §0.3). Legs A2 and B are what consume this
kayfabe: ENGINE-OBJECT class=0xc7b5 client=0xc1d0000c parent=0x5c000019 params=8B → FORWARDED engine=Ce host_object=0xcafe000b materialized_channel=false reused=false [seen=12 forwarded=10 refused=2]
kayfabe: GR-RING-JOIN arm=ring host_isolates=yes exports_directory=true fb_join=shared pending=1 — the engine-object latch is about to be drained, and every host channel it births is born HERE. ⊘ Nothing below reads a ring byte
kayfabe: GR-RING-JOIN RING(chan=1 entries=1024 engine=GrCompute) leaf va=0x200200000 → ALREADY JOINED (idempotent replay; no second object, no second descriptor, no second establishment copy) memory=0xcafe0006 host_va=0x200200000
kayfabe: GR-RING-JOIN proc=2 chan=1 ring=0x200203000 entries=1024 → ★★★★★ THE RING'S OWN LEAF IS JOINED: memory=0xcafe0006 host_va=0x200200000 fb_phys=0x1000000. ⊘ This is the SUPPLY side only — the host channel about to be born still declares OUR ring and OUR USERD, so GP_PUT == GP_GET and the engine fetches nothing (gr_doorbell_passthrough.md §0.3). Legs A2 and B are what consume this
kayfabe: ENGINE-OBJECT class=0xc7c0 client=0xc1d0000c parent=0x5c00001f params=16B → FORWARDED engine=GrCompute host_object=0xcafe000f materialized_channel=true reused=false [seen=13 forwarded=11 refused=2]
kayfabe: GR-RING-JOIN arm=ring host_isolates=yes exports_directory=true fb_join=shared pending=1 — the engine-object latch is about to be drained, and every host channel it births is born HERE. ⊘ Nothing below reads a ring byte
kayfabe: GR-RING-JOIN RING(chan=1 entries=1024 engine=GrCompute) leaf va=0x200200000 → ALREADY JOINED (idempotent replay; no second object, no second descriptor, no second establishment copy) memory=0xcafe0006 host_va=0x200200000
kayfabe: GR-RING-JOIN proc=2 chan=1 ring=0x200203000 entries=1024 → ★★★★★ THE RING'S OWN LEAF IS JOINED: memory=0xcafe0006 host_va=0x200200000 fb_phys=0x1000000. ⊘ This is the SUPPLY side only — the host channel about to be born still declares OUR ring and OUR USERD, so GP_PUT == GP_GET and the engine fetches nothing (gr_doorbell_passthrough.md §0.3). Legs A2 and B are what consume this
kayfabe: ENGINE-OBJECT class=0xc7b5 client=0xc1d0000c parent=0x5c00001f params=8B → FORWARDED engine=Ce host_object=0xcafe0010 materialized_channel=false reused=false [seen=14 forwarded=12 refused=2]
kayfabe: GR-RING-JOIN arm=ring host_isolates=yes exports_directory=true fb_join=shared pending=1 — the engine-object latch is about to be drained, and every host channel it births is born HERE. ⊘ Nothing below reads a ring byte
kayfabe: GR-RING-JOIN RING(chan=2 entries=1024 engine=GrCompute) leaf va=0x200200000 → ALREADY JOINED (idempotent replay; no second object, no second descriptor, no second establishment copy) memory=0xcafe0006 host_va=0x200200000
kayfabe: GR-RING-JOIN proc=2 chan=2 ring=0x200206000 entries=1024 → ★★★★★ THE RING'S OWN LEAF IS JOINED: memory=0xcafe0006 host_va=0x200200000 fb_phys=0x1000000. ⊘ This is the SUPPLY side only — the host channel about to be born still declares OUR ring and OUR USERD, so GP_PUT == GP_GET and the engine fetches nothing (gr_doorbell_passthrough.md §0.3). Legs A2 and B are what consume this
kayfabe: ENGINE-OBJECT class=0xc7c0 client=0xc1d0000c parent=0x5c000023 params=16B → FORWARDED engine=GrCompute host_object=0xcafe0014 materialized_channel=true reused=false [seen=15 forwarded=13 refused=2]
kayfabe: GR-RING-JOIN arm=ring host_isolates=yes exports_directory=true fb_join=shared pending=1 — the engine-object latch is about to be drained, and every host channel it births is born HERE. ⊘ Nothing below reads a ring byte
kayfabe: GR-RING-JOIN RING(chan=2 entries=1024 engine=GrCompute) leaf va=0x200200000 → ALREADY JOINED (idempotent replay; no second object, no second descriptor, no second establishment copy) memory=0xcafe0006 host_va=0x200200000
kayfabe: GR-RING-JOIN proc=2 chan=2 ring=0x200206000 entries=1024 → ★★★★★ THE RING'S OWN LEAF IS JOINED: memory=0xcafe0006 host_va=0x200200000 fb_phys=0x1000000. ⊘ This is the SUPPLY side only — the host channel about to be born still declares OUR ring and OUR USERD, so GP_PUT == GP_GET and the engine fetches nothing (gr_doorbell_passthrough.md §0.3). Legs A2 and B are what consume this
kayfabe: ENGINE-OBJECT class=0xc7b5 client=0xc1d0000c parent=0x5c000023 params=8B → FORWARDED engine=Ce host_object=0xcafe0015 materialized_channel=false reused=false [seen=16 forwarded=14 refused=2]
kayfabe: GR-RING-JOIN arm=ring host_isolates=yes exports_directory=true fb_join=shared pending=1 — the engine-object latch is about to be drained, and every host channel it births is born HERE. ⊘ Nothing below reads a ring byte
kayfabe: GR-RING-JOIN RING(chan=3 entries=1024 engine=GrCompute) leaf va=0x200200000 → ALREADY JOINED (idempotent replay; no second object, no second descriptor, no second establishment copy) memory=0xcafe0006 host_va=0x200200000
kayfabe: GR-RING-JOIN proc=2 chan=3 ring=0x200209000 entries=1024 → ★★★★★ THE RING'S OWN LEAF IS JOINED: memory=0xcafe0006 host_va=0x200200000 fb_phys=0x1000000. ⊘ This is the SUPPLY side only — the host channel about to be born still declares OUR ring and OUR USERD, so GP_PUT == GP_GET and the engine fetches nothing (gr_doorbell_passthrough.md §0.3). Legs A2 and B are what consume this
kayfabe: ENGINE-OBJECT class=0xc7c0 client=0xc1d0000c parent=0x5c000027 params=16B → FORWARDED engine=GrCompute host_object=0xcafe0019 materialized_channel=true reused=false [seen=17 forwarded=15 refused=2]
kayfabe: GR-RING-JOIN arm=ring host_isolates=yes exports_directory=true fb_join=shared pending=1 — the engine-object latch is about to be drained, and every host channel it births is born HERE. ⊘ Nothing below reads a ring byte
kayfabe: GR-RING-JOIN RING(chan=3 entries=1024 engine=GrCompute) leaf va=0x200200000 → ALREADY JOINED (idempotent replay; no second object, no second descriptor, no second establishment copy) memory=0xcafe0006 host_va=0x200200000
kayfabe: GR-RING-JOIN proc=2 chan=3 ring=0x200209000 entries=1024 → ★★★★★ THE RING'S OWN LEAF IS JOINED: memory=0xcafe0006 host_va=0x200200000 fb_phys=0x1000000. ⊘ This is the SUPPLY side only — the host channel about to be born still declares OUR ring and OUR USERD, so GP_PUT == GP_GET and the engine fetches nothing (gr_doorbell_passthrough.md §0.3). Legs A2 and B are what consume this
kayfabe: ENGINE-OBJECT class=0xc7b5 client=0xc1d0000c parent=0x5c000027 params=8B → FORWARDED engine=Ce host_object=0xcafe001a materialized_channel=false reused=false [seen=18 forwarded=16 refused=2]
kayfabe: GR-RING-JOIN arm=ring host_isolates=yes exports_directory=true fb_join=shared pending=1 — the engine-object latch is about to be drained, and every host channel it births is born HERE. ⊘ Nothing below reads a ring byte
kayfabe: GR-RING-JOIN RING(chan=4 entries=1024 engine=GrCompute) leaf va=0x200200000 → ALREADY JOINED (idempotent replay; no second object, no second descriptor, no second establishment copy) memory=0xcafe0006 host_va=0x200200000
kayfabe: GR-RING-JOIN proc=2 chan=4 ring=0x20020c000 entries=1024 → ★★★★★ THE RING'S OWN LEAF IS JOINED: memory=0xcafe0006 host_va=0x200200000 fb_phys=0x1000000. ⊘ This is the SUPPLY side only — the host channel about to be born still declares OUR ring and OUR USERD, so GP_PUT == GP_GET and the engine fetches nothing (gr_doorbell_passthrough.md §0.3). Legs A2 and B are what consume this
kayfabe: ENGINE-OBJECT class=0xc7c0 client=0xc1d0000c parent=0x5c00002b params=16B → FORWARDED engine=GrCompute host_object=0xcafe001e materialized_channel=true reused=false [seen=19 forwarded=17 refused=2]
kayfabe: GR-RING-JOIN arm=ring host_isolates=yes exports_directory=true fb_join=shared pending=1 — the engine-object latch is about to be drained, and every host channel it births is born HERE. ⊘ Nothing below reads a ring byte
kayfabe: GR-RING-JOIN RING(chan=4 entries=1024 engine=GrCompute) leaf va=0x200200000 → ALREADY JOINED (idempotent replay; no second object, no second descriptor, no second establishment copy) memory=0xcafe0006 host_va=0x200200000
kayfabe: GR-RING-JOIN proc=2 chan=4 ring=0x20020c000 entries=1024 → ★★★★★ THE RING'S OWN LEAF IS JOINED: memory=0xcafe0006 host_va=0x200200000 fb_phys=0x1000000. ⊘ This is the SUPPLY side only — the host channel about to be born still declares OUR ring and OUR USERD, so GP_PUT == GP_GET and the engine fetches nothing (gr_doorbell_passthrough.md §0.3). Legs A2 and B are what consume this
kayfabe: ENGINE-OBJECT class=0xc7b5 client=0xc1d0000c parent=0x5c00002b params=8B → FORWARDED engine=Ce host_object=0xcafe001f materialized_channel=false reused=false [seen=20 forwarded=18 refused=2]
kayfabe: GR-RING-JOIN arm=ring host_isolates=yes exports_directory=true fb_join=shared pending=1 — the engine-object latch is about to be drained, and every host channel it births is born HERE. ⊘ Nothing below reads a ring byte
kayfabe: GR-RING-JOIN RING(chan=5 entries=1024 engine=GrCompute) leaf va=0x200200000 → ALREADY JOINED (idempotent replay; no second object, no second descriptor, no second establishment copy) memory=0xcafe0006 host_va=0x200200000
kayfabe: GR-RING-JOIN proc=2 chan=5 ring=0x20020f000 entries=1024 → ★★★★★ THE RING'S OWN LEAF IS JOINED: memory=0xcafe0006 host_va=0x200200000 fb_phys=0x1000000. ⊘ This is the SUPPLY side only — the host channel about to be born still declares OUR ring and OUR USERD, so GP_PUT == GP_GET and the engine fetches nothing (gr_doorbell_passthrough.md §0.3). Legs A2 and B are what consume this
kayfabe: ENGINE-OBJECT class=0xc7c0 client=0xc1d0000c parent=0x5c00002f params=16B → FORWARDED engine=GrCompute host_object=0xcafe0023 materialized_channel=true reused=false [seen=21 forwarded=19 refused=2]
kayfabe: GR-RING-JOIN arm=ring host_isolates=yes exports_directory=true fb_join=shared pending=1 — the engine-object latch is about to be drained, and every host channel it births is born HERE. ⊘ Nothing below reads a ring byte
kayfabe: GR-RING-JOIN RING(chan=5 entries=1024 engine=GrCompute) leaf va=0x200200000 → ALREADY JOINED (idempotent replay; no second object, no second descriptor, no second establishment copy) memory=0xcafe0006 host_va=0x200200000
kayfabe: GR-RING-JOIN proc=2 chan=5 ring=0x20020f000 entries=1024 → ★★★★★ THE RING'S OWN LEAF IS JOINED: memory=0xcafe0006 host_va=0x200200000 fb_phys=0x1000000. ⊘ This is the SUPPLY side only — the host channel about to be born still declares OUR ring and OUR USERD, so GP_PUT == GP_GET and the engine fetches nothing (gr_doorbell_passthrough.md §0.3). Legs A2 and B are what consume this
kayfabe: ENGINE-OBJECT class=0xc7b5 client=0xc1d0000c parent=0x5c00002f params=8B → FORWARDED engine=Ce host_object=0xcafe0024 materialized_channel=false reused=false [seen=22 forwarded=20 refused=2]
kayfabe: GR-RING-JOIN arm=ring host_isolates=yes exports_directory=true fb_join=shared pending=1 — the engine-object latch is about to be drained, and every host channel it births is born HERE. ⊘ Nothing below reads a ring byte
kayfabe: GR-RING-JOIN RING(chan=6 entries=1024 engine=GrCompute) leaf va=0x200200000 → ALREADY JOINED (idempotent replay; no second object, no second descriptor, no second establishment copy) memory=0xcafe0006 host_va=0x200200000
kayfabe: GR-RING-JOIN proc=2 chan=6 ring=0x200212000 entries=1024 → ★★★★★ THE RING'S OWN LEAF IS JOINED: memory=0xcafe0006 host_va=0x200200000 fb_phys=0x1000000. ⊘ This is the SUPPLY side only — the host channel about to be born still declares OUR ring and OUR USERD, so GP_PUT == GP_GET and the engine fetches nothing (gr_doorbell_passthrough.md §0.3). Legs A2 and B are what consume this
kayfabe: ENGINE-OBJECT class=0xc7c0 client=0xc1d0000c parent=0x5c000033 params=16B → FORWARDED engine=GrCompute host_object=0xcafe0028 materialized_channel=true reused=false [seen=23 forwarded=21 refused=2]
kayfabe: GR-RING-JOIN arm=ring host_isolates=yes exports_directory=true fb_join=shared pending=1 — the engine-object latch is about to be drained, and every host channel it births is born HERE. ⊘ Nothing below reads a ring byte
kayfabe: GR-RING-JOIN RING(chan=6 entries=1024 engine=GrCompute) leaf va=0x200200000 → ALREADY JOINED (idempotent replay; no second object, no second descriptor, no second establishment copy) memory=0xcafe0006 host_va=0x200200000
kayfabe: GR-RING-JOIN proc=2 chan=6 ring=0x200212000 entries=1024 → ★★★★★ THE RING'S OWN LEAF IS JOINED: memory=0xcafe0006 host_va=0x200200000 fb_phys=0x1000000. ⊘ This is the SUPPLY side only — the host channel about to be born still declares OUR ring and OUR USERD, so GP_PUT == GP_GET and the engine fetches nothing (gr_doorbell_passthrough.md §0.3). Legs A2 and B are what consume this
kayfabe: ENGINE-OBJECT class=0xc7b5 client=0xc1d0000c parent=0x5c000033 params=8B → FORWARDED engine=Ce host_object=0xcafe0029 materialized_channel=false reused=false [seen=24 forwarded=22 refused=2]
kayfabe: GR-RING-JOIN arm=ring host_isolates=yes exports_directory=true fb_join=shared pending=1 — the engine-object latch is about to be drained, and every host channel it births is born HERE. ⊘ Nothing below reads a ring byte
kayfabe: GR-RING-JOIN RING(chan=7 entries=1024 engine=GrCompute) leaf va=0x200200000 → ALREADY JOINED (idempotent replay; no second object, no second descriptor, no second establishment copy) memory=0xcafe0006 host_va=0x200200000
kayfabe: GR-RING-JOIN proc=2 chan=7 ring=0x200215000 entries=1024 → ★★★★★ THE RING'S OWN LEAF IS JOINED: memory=0xcafe0006 host_va=0x200200000 fb_phys=0x1000000. ⊘ This is the SUPPLY side only — the host channel about to be born still declares OUR ring and OUR USERD, so GP_PUT == GP_GET and the engine fetches nothing (gr_doorbell_passthrough.md §0.3). Legs A2 and B are what consume this
kayfabe: ENGINE-OBJECT class=0xc7c0 client=0xc1d0000c parent=0x5c000037 params=16B → FORWARDED engine=GrCompute host_object=0xcafe002d materialized_channel=true reused=false [seen=25 forwarded=23 refused=2]
kayfabe: GR-RING-JOIN arm=ring host_isolates=yes exports_directory=true fb_join=shared pending=1 — the engine-object latch is about to be drained, and every host channel it births is born HERE. ⊘ Nothing below reads a ring byte
kayfabe: GR-RING-JOIN RING(chan=7 entries=1024 engine=GrCompute) leaf va=0x200200000 → ALREADY JOINED (idempotent replay; no second object, no second descriptor, no second establishment copy) memory=0xcafe0006 host_va=0x200200000
kayfabe: GR-RING-JOIN proc=2 chan=7 ring=0x200215000 entries=1024 → ★★★★★ THE RING'S OWN LEAF IS JOINED: memory=0xcafe0006 host_va=0x200200000 fb_phys=0x1000000. ⊘ This is the SUPPLY side only — the host channel about to be born still declares OUR ring and OUR USERD, so GP_PUT == GP_GET and the engine fetches nothing (gr_doorbell_passthrough.md §0.3). Legs A2 and B are what consume this
kayfabe: ENGINE-OBJECT class=0xc7b5 client=0xc1d0000c parent=0x5c000037 params=8B → FORWARDED engine=Ce host_object=0xcafe002e materialized_channel=false reused=false [seen=26 forwarded=24 refused=2]
kayfabe: GR-RING-JOIN arm=ring host_isolates=yes exports_directory=true fb_join=shared pending=1 — the engine-object latch is about to be drained, and every host channel it births is born HERE. ⊘ Nothing below reads a ring byte
kayfabe: GR-RING-JOIN RING(chan=8 entries=1024 engine=Ce) leaf va=0x200200000 → ALREADY JOINED (idempotent replay; no second object, no second descriptor, no second establishment copy) memory=0xcafe0006 host_va=0x200200000
kayfabe: GR-RING-JOIN proc=2 chan=8 ring=0x200218000 entries=1024 → ★★★★★ THE RING'S OWN LEAF IS JOINED: memory=0xcafe0006 host_va=0x200200000 fb_phys=0x1000000. ⊘ This is the SUPPLY side only — the host channel about to be born still declares OUR ring and OUR USERD, so GP_PUT == GP_GET and the engine fetches nothing (gr_doorbell_passthrough.md §0.3). Legs A2 and B are what consume this
kayfabe: ENGINE-OBJECT class=0xc7b5 client=0xc1d0000c parent=0x5c00003d params=8B → FORWARDED engine=Ce host_object=0xcafe0032 materialized_channel=true reused=false [seen=27 forwarded=25 refused=2]
kayfabe: GR-RING-JOIN arm=ring host_isolates=yes exports_directory=true fb_join=shared pending=1 — the engine-object latch is about to be drained, and every host channel it births is born HERE. ⊘ Nothing below reads a ring byte
kayfabe: GR-RING-JOIN RING(chan=9 entries=1024 engine=Ce) leaf va=0x200200000 → ALREADY JOINED (idempotent replay; no second object, no second descriptor, no second establishment copy) memory=0xcafe0006 host_va=0x200200000
kayfabe: GR-RING-JOIN proc=2 chan=9 ring=0x20021b000 entries=1024 → ★★★★★ THE RING'S OWN LEAF IS JOINED: memory=0xcafe0006 host_va=0x200200000 fb_phys=0x1000000. ⊘ This is the SUPPLY side only — the host channel about to be born still declares OUR ring and OUR USERD, so GP_PUT == GP_GET and the engine fetches nothing (gr_doorbell_passthrough.md §0.3). Legs A2 and B are what consume this
kayfabe: ENGINE-OBJECT class=0xc7b5 client=0xc1d0000c parent=0x5c000040 params=8B → FORWARDED engine=Ce host_object=0xcafe0036 materialized_channel=true reused=false [seen=28 forwarded=26 refused=2]
kayfabe: GR-RING-JOIN arm=ring host_isolates=yes exports_directory=true fb_join=shared pending=1 — the engine-object latch is about to be drained, and every host channel it births is born HERE. ⊘ Nothing below reads a ring byte
kayfabe: GR-RING-JOIN RING(chan=10 entries=1024 engine=Ce) leaf va=0x200200000 → ALREADY JOINED (idempotent replay; no second object, no second descriptor, no second establishment copy) memory=0xcafe0006 host_va=0x200200000
kayfabe: GR-RING-JOIN proc=2 chan=10 ring=0x20021e000 entries=1024 → ★★★★★ THE RING'S OWN LEAF IS JOINED: memory=0xcafe0006 host_va=0x200200000 fb_phys=0x1000000. ⊘ This is the SUPPLY side only — the host channel about to be born still declares OUR ring and OUR USERD, so GP_PUT == GP_GET and the engine fetches nothing (gr_doorbell_passthrough.md §0.3). Legs A2 and B are what consume this
kayfabe: ENGINE-OBJECT class=0xc7b5 client=0xc1d0000c parent=0x5c000043 params=8B → FORWARDED engine=Ce host_object=0xcafe003a materialized_channel=true reused=false [seen=29 forwarded=27 refused=2]
kayfabe: GR-RING-JOIN arm=ring host_isolates=yes exports_directory=true fb_join=shared pending=1 — the engine-object latch is about to be drained, and every host channel it births is born HERE. ⊘ Nothing below reads a ring byte
kayfabe: GR-RING-JOIN RING(chan=11 entries=1024 engine=Ce) leaf va=0x200200000 → ALREADY JOINED (idempotent replay; no second object, no second descriptor, no second establishment copy) memory=0xcafe0006 host_va=0x200200000
kayfabe: GR-RING-JOIN proc=2 chan=11 ring=0x200221000 entries=1024 → ★★★★★ THE RING'S OWN LEAF IS JOINED: memory=0xcafe0006 host_va=0x200200000 fb_phys=0x1000000. ⊘ This is the SUPPLY side only — the host channel about to be born still declares OUR ring and OUR USERD, so GP_PUT == GP_GET and the engine fetches nothing (gr_doorbell_passthrough.md §0.3). Legs A2 and B are what consume this
kayfabe: ENGINE-OBJECT class=0xc7b5 client=0xc1d0000c parent=0x5c000046 params=8B → FORWARDED engine=Ce host_object=0xcafe003e materialized_channel=true reused=false [seen=30 forwarded=28 refused=2]
kayfabe: GR-RING-JOIN arm=ring host_isolates=yes exports_directory=true fb_join=shared pending=1 — the engine-object latch is about to be drained, and every host channel it births is born HERE. ⊘ Nothing below reads a ring byte
kayfabe: GR-RING-JOIN RING(chan=12 entries=1024 engine=Ce) leaf va=0x200200000 → ALREADY JOINED (idempotent replay; no second object, no second descriptor, no second establishment copy) memory=0xcafe0006 host_va=0x200200000
kayfabe: GR-RING-JOIN proc=2 chan=12 ring=0x200224000 entries=1024 → ★★★★★ THE RING'S OWN LEAF IS JOINED: memory=0xcafe0006 host_va=0x200200000 fb_phys=0x1000000. ⊘ This is the SUPPLY side only — the host channel about to be born still declares OUR ring and OUR USERD, so GP_PUT == GP_GET and the engine fetches nothing (gr_doorbell_passthrough.md §0.3). Legs A2 and B are what consume this
kayfabe: ENGINE-OBJECT class=0xc7b5 client=0xc1d0000c parent=0x5c00004b params=8B → FORWARDED engine=Ce host_object=0xcafe0042 materialized_channel=true reused=false [seen=31 forwarded=29 refused=2]
kayfabe: GR-RING-JOIN arm=ring host_isolates=yes exports_directory=true fb_join=shared pending=1 — the engine-object latch is about to be drained, and every host channel it births is born HERE. ⊘ Nothing below reads a ring byte
kayfabe: GR-RING-JOIN RING(chan=13 entries=1024 engine=Ce) leaf va=0x200200000 → ALREADY JOINED (idempotent replay; no second object, no second descriptor, no second establishment copy) memory=0xcafe0006 host_va=0x200200000
kayfabe: GR-RING-JOIN proc=2 chan=13 ring=0x200227000 entries=1024 → ★★★★★ THE RING'S OWN LEAF IS JOINED: memory=0xcafe0006 host_va=0x200200000 fb_phys=0x1000000. ⊘ This is the SUPPLY side only — the host channel about to be born still declares OUR ring and OUR USERD, so GP_PUT == GP_GET and the engine fetches nothing (gr_doorbell_passthrough.md §0.3). Legs A2 and B are what consume this
kayfabe: ENGINE-OBJECT class=0xc7b5 client=0xc1d0000c parent=0x5c00004e params=8B → FORWARDED engine=Ce host_object=0xcafe0046 materialized_channel=true reused=false [seen=32 forwarded=30 refused=2]
kayfabe: GR-RING-JOIN arm=ring host_isolates=yes exports_directory=true fb_join=shared pending=1 — the engine-object latch is about to be drained, and every host channel it births is born HERE. ⊘ Nothing below reads a ring byte
kayfabe: GR-RING-JOIN RING(chan=14 entries=1024 engine=Ce) leaf va=0x200200000 → ALREADY JOINED (idempotent replay; no second object, no second descriptor, no second establishment copy) memory=0xcafe0006 host_va=0x200200000
kayfabe: GR-RING-JOIN proc=2 chan=14 ring=0x20022a000 entries=1024 → ★★★★★ THE RING'S OWN LEAF IS JOINED: memory=0xcafe0006 host_va=0x200200000 fb_phys=0x1000000. ⊘ This is the SUPPLY side only — the host channel about to be born still declares OUR ring and OUR USERD, so GP_PUT == GP_GET and the engine fetches nothing (gr_doorbell_passthrough.md §0.3). Legs A2 and B are what consume this
kayfabe: ENGINE-OBJECT class=0xc7b5 client=0xc1d0000c parent=0x5c000051 params=8B → FORWARDED engine=Ce host_object=0xcafe004a materialized_channel=true reused=false [seen=33 forwarded=31 refused=2]
kayfabe: GR-RING-JOIN arm=ring host_isolates=yes exports_directory=true fb_join=shared pending=1 — the engine-object latch is about to be drained, and every host channel it births is born HERE. ⊘ Nothing below reads a ring byte
kayfabe: GR-RING-JOIN RING(chan=15 entries=1024 engine=Ce) leaf va=0x200200000 → ALREADY JOINED (idempotent replay; no second object, no second descriptor, no second establishment copy) memory=0xcafe0006 host_va=0x200200000
kayfabe: GR-RING-JOIN proc=2 chan=15 ring=0x20022d000 entries=1024 → ★★★★★ THE RING'S OWN LEAF IS JOINED: memory=0xcafe0006 host_va=0x200200000 fb_phys=0x1000000. ⊘ This is the SUPPLY side only — the host channel about to be born still declares OUR ring and OUR USERD, so GP_PUT == GP_GET and the engine fetches nothing (gr_doorbell_passthrough.md §0.3). Legs A2 and B are what consume this
kayfabe: ENGINE-OBJECT class=0xc7b5 client=0xc1d0000c parent=0x5c000054 params=8B → FORWARDED engine=Ce host_object=0xcafe004e materialized_channel=true reused=false [seen=34 forwarded=32 refused=2]
kayfabe: GR-PUSHBUFFER token=0x00000007 engine=GrCompute ring=0x200200000 idx=0 entries=1024 ranges=1 methods=86 bytes=864 | range va=0x200400000 len=864
      m[000] hdr=0x20012000 sub=1 addr=0x0000 count=1 secop=1 args=[0x0000c7c0]
      m[001] hdr=0x20012040 sub=1 addr=0x0100 count=1 secop=1 args=[0x00000000]
      m[002] hdr=0x200120a8 sub=1 addr=0x02a0 count=1 secop=1 args=[0x0000742b]
      m[003] hdr=0x200120a9 sub=1 addr=0x02a4 count=1 secop=1 args=[0xb5000000]
      m[004] hdr=0x200120c4 sub=1 addr=0x0310 count=1 secop=1 args=[0x00000806]
      m[005] hdr=0x20012092 sub=1 addr=0x0248 count=1 secop=1 args=[0x0005403f]
      m[006] hdr=0x20012092 sub=1 addr=0x0248 count=1 secop=1 args=[0x0005403e]
      m[007] hdr=0x20012092 sub=1 addr=0x0248 count=1 secop=1 args=[0x0005403d]
      m[008] hdr=0x20012092 sub=1 addr=0x0248 count=1 secop=1 args=[0x0005403c]
      m[009] hdr=0x20012092 sub=1 addr=0x0248 count=1 secop=1 args=[0x0005403b]
      m[010] hdr=0x20012092 sub=1 addr=0x0248 count=1 secop=1 args=[0x0005403a]
      m[011] hdr=0x20012092 sub=1 addr=0x0248 count=1 secop=1 args=[0x00054039]
      m[012] hdr=0x20012092 sub=1 addr=0x0248 count=1 secop=1 args=[0x00054038]
      m[013] hdr=0x20012092 sub=1 addr=0x0248 count=1 secop=1 args=[0x00054037]
      m[014] hdr=0x20012092 sub=1 addr=0x0248 count=1 secop=1 args=[0x00054036]
      m[015] hdr=0x20012092 sub=1 addr=0x0248 count=1 secop=1 args=[0x00054035]
      m[016] hdr=0x20012092 sub=1 addr=0x0248 count=1 secop=1 args=[0x00054034]
      m[017] hdr=0x20012092 sub=1 addr=0x0248 count=1 secop=1 args=[0x00054033]
      m[018] hdr=0x20012092 sub=1 addr=0x0248 count=1 secop=1 args=[0x00054032]
      m[019] hdr=0x20012092 sub=1 addr=0x0248 count=1 secop=1 args=[0x00054031]
      m[020] hdr=0x20012092 sub=1 addr=0x0248 count=1 secop=1 args=[0x00054030]
      m[021] hdr=0x20012092 sub=1 addr=0x0248 count=1 secop=1 args=[0x0005402f]
      m[022] hdr=0x20012092 sub=1 addr=0x0248 count=1 secop=1 args=[0x0005402e]
      m[023] hdr=0x20012092 sub=1 addr=0x0248 count=1 secop=1 args=[0x0005402d]
      m[024] hdr=0x20012092 sub=1 addr=0x0248 count=1 secop=1 args=[0x0005402c]
      m[025] hdr=0x20012092 sub=1 addr=0x0248 count=1 secop=1 args=[0x0005402b]
      m[026] hdr=0x20012092 sub=1 addr=0x0248 count=1 secop=1 args=[0x0005402a]
      m[027] hdr=0x20012092 sub=1 addr=0x0248 count=1 secop=1 args=[0x00054029]
      m[028] hdr=0x20012092 sub=1 addr=0x0248 count=1 secop=1 args=[0x00054028]
      m[029] hdr=0x20012092 sub=1 addr=0x0248 count=1 secop=1 args=[0x00054027]
      m[030] hdr=0x20012092 sub=1 addr=0x0248 count=1 secop=1 args=[0x00054026]
      m[031] hdr=0x20012092 sub=1 addr=0x0248 count=1 secop=1 args=[0x00054025]
      m[032] hdr=0x20012092 sub=1 addr=0x0248 count=1 secop=1 args=[0x00054024]
      m[033] hdr=0x20012092 sub=1 addr=0x0248 count=1 secop=1 args=[0x00054023]
      m[034] hdr=0x20012092 sub=1 addr=0x0248 count=1 secop=1 args=[0x00054022]
      m[035] hdr=0x20012092 sub=1 addr=0x0248 count=1 secop=1 args=[0x00054021]
      m[036] hdr=0x20012092 sub=1 addr=0x0248 count=1 secop=1 args=[0x00054020]
      m[037] hdr=0x20012092 sub=1 addr=0x0248 count=1 secop=1 args=[0x0005401f]
      m[038] hdr=0x20012092 sub=1 addr=0x0248 count=1 secop=1 args=[0x0005401e]
      m[039] hdr=0x20012092 sub=1 addr=0x0248 count=1 secop=1 args=[0x0005401d]
      m[040] hdr=0x20012092 sub=1 addr=0x0248 count=1 secop=1 args=[0x0005401c]
      m[041] hdr=0x20012092 sub=1 addr=0x0248 count=1 secop=1 args=[0x0005401b]
      m[042] hdr=0x20012092 sub=1 addr=0x0248 count=1 secop=1 args=[0x0005401a]
      m[043] hdr=0x20012092 sub=1 addr=0x0248 count=1 secop=1 args=[0x00054019]
      m[044] hdr=0x20012092 sub=1 addr=0x0248 count=1 secop=1 args=[0x00054018]
      m[045] hdr=0x20012092 sub=1 addr=0x0248 count=1 secop=1 args=[0x00054017]
      m[046] hdr=0x20012092 sub=1 addr=0x0248 count=1 secop=1 args=[0x00054016]
      m[047] hdr=0x20012092 sub=1 addr=0x0248 count=1 secop=1 args=[0x00054015]
      m[048] hdr=0x20012092 sub=1 addr=0x0248 count=1 secop=1 args=[0x00054014]
      m[049] hdr=0x20012092 sub=1 addr=0x0248 count=1 secop=1 args=[0x00054013]
      m[050] hdr=0x20012092 sub=1 addr=0x0248 count=1 secop=1 args=[0x00054012]
      m[051] hdr=0x20012092 sub=1 addr=0x0248 count=1 secop=1 args=[0x00054011]
      m[052] hdr=0x20012092 sub=1 addr=0x0248 count=1 secop=1 args=[0x00054010]
      m[053] hdr=0x20012092 sub=1 addr=0x0248 count=1 secop=1 args=[0x0005400f]
      m[054] hdr=0x20012092 sub=1 addr=0x0248 count=1 secop=1 args=[0x0005400e]
      m[055] hdr=0x20012092 sub=1 addr=0x0248 count=1 secop=1 args=[0x0005400d]
      m[056] hdr=0x20012092 sub=1 addr=0x0248 count=1 secop=1 args=[0x0005400c]
      m[057] hdr=0x20012092 sub=1 addr=0x0248 count=1 secop=1 args=[0x0005400b]
      m[058] hdr=0x20012092 sub=1 addr=0x0248 count=1 secop=1 args=[0x0005400a]
      m[059] hdr=0x20012092 sub=1 addr=0x0248 count=1 secop=1 args=[0x00054009]
      m[060] hdr=0x20012092 sub=1 addr=0x0248 count=1 secop=1 args=[0x00054008]
      m[061] hdr=0x20012092 sub=1 addr=0x0248 count=1 secop=1 args=[0x00054007]
      m[062] hdr=0x20012092 sub=1 addr=0x0248 count=1 secop=1 args=[0x00054006]
      m[063] hdr=0x20012092 sub=1 addr=0x0248 count=1 secop=1 args=[0x00054005]
      m[064] hdr=0x20012092 sub=1 addr=0x0248 count=1 secop=1 args=[0x00054004]
      m[065] hdr=0x20012092 sub=1 addr=0x0248 count=1 secop=1 args=[0x00054003]
      m[066] hdr=0x20012092 sub=1 addr=0x0248 count=1 secop=1 args=[0x00054002]
      m[067] hdr=0x20012092 sub=1 addr=0x0248 count=1 secop=1 args=[0x00054001]
      m[068] hdr=0x20012092 sub=1 addr=0x0248 count=1 secop=1 args=[0x00054000]
      m[069] hdr=0x2001208f sub=1 addr=0x023c count=1 secop=1 args=[0x00000001]
      m[070] hdr=0x20032080 sub=1 addr=0x0200 count=3 secop=1 args=[0x00000002,0x00000000,0x000a8000]
      m[071] hdr=0x200120bb sub=1 addr=0x02ec count=1 secop=1 args=[0x0000000e]
      m[072] hdr=0x20012045 sub=1 addr=0x0114 count=1 secop=1 args=[0x00000000]
      m[073] hdr=0x600f2046 sub=1 addr=0x0118 count=15 secop=3 args=[0x00140003,0x1d00001b,0x71c08300,0x00000003,0x18c00000,0xb01c5f00,0x00200003,0x18c00000,..+7]
      m[074] hdr=0x20022047 sub=1 addr=0x011c count=2 secop=1 args=[0x00000000,0x00000000]
      m[075] hdr=0x20012045 sub=1 addr=0x0114 count=1 secop=1 args=[0x0000000f]
      m[076] hdr=0x60182046 sub=1 addr=0x0118 count=24 secop=3 args=[0x00000003,0x1d080000,0x31c00300,0x00540003,0x00c00455,0x31c00300,0x2a200003,0x00c00056,..+16]
      m[077] hdr=0x20022047 sub=1 addr=0x011c count=2 secop=1 args=[0x00000001,0x0000000f]
      m[078] hdr=0x20018000 sub=4 addr=0x0000 count=1 secop=1 args=[0x0000c7b5]
      m[079] hdr=0x2001255d sub=1 addr=0x1574 count=1 secop=1 args=[0x00000100]
      m[080] hdr=0x2001255e sub=1 addr=0x1578 count=1 secop=1 args=[0x00000000]
      m[081] hdr=0x2001255f sub=1 addr=0x157c count=1 secop=1 args=[0x000fffff]
      m[082] hdr=0x20012557 sub=1 addr=0x155c count=1 secop=1 args=[0x00000100]
      m[083] hdr=0x20012558 sub=1 addr=0x1560 count=1 secop=1 args=[0x02000000]
      m[084] hdr=0x20012559 sub=1 addr=0x1564 count=1 secop=1 args=[0x00000000]
      m[085] hdr=0x200426c0 sub=1 addr=0x1b00 count=4 secop=1 args=[0x00000002,0x0440fff0,0x00000001,0x00000000]
kayfabe: COMPLETION-DECLARE token=0x00000007 proc=2 chan=0 engine=GrCompute → DECLARED va=0x20440fff0 payload=0x00000001 awaken=0 four_words=1 op=0 subch=1 class=0xc7c0 site=GuestRam { gpa: 267829232 } (⊘ the observer WATCHES this address; it will never write it)
kayfabe: GR-ADDRESS-CENSUS proc=2 chan=0 class=0xc7c0 operands=5 bound=4 unbound=1 mme_dwords=39 ⊘ a census of what the host GR engine WOULD dereference; nothing here is executed and nothing here is permission
      SET_VALID_SPAN_OVERFLOW_AREA             m=0x0200 sub=1 va=0x200000000 → Framebuffer { phys: 4194304, leaf: FbLeaf { va: 8589934592, len: 2097152, phys: 4194304 } }
      SET_SHADER_SHARED_MEMORY_WINDOW          m=0x02a0 sub=1 va=0x742bb5000000 → Unresolved("CeWalk { va: GpuVa(127731069091840), kind: \"Fault\" } at va=0x742bb5000000: Fault")
      SET_TEX_SAMPLER_POOL                     m=0x155c sub=1 va=0x10002000000 → Framebuffer { phys: 8388608, leaf: FbLeaf { va: 1099545182208, len: 2097152, phys: 8388608 } }
      SET_TEX_HEADER_POOL                      m=0x1574 sub=1 va=0x10000000000 → Framebuffer { phys: 6291456, leaf: FbLeaf { va: 1099511627776, len: 2097152, phys: 6291456 } }
      SET_REPORT_SEMAPHORE                     m=0x1b00 sub=1 va=0x20440fff0 → GuestRam { gpa: 267829232 }
kayfabe: GR-FB-JOIN proc=2 chan=0 SET_VALID_SPAN_OVERFLOW_AREA leaf va=0x200000000 len=0x200000 fb_phys=0x400000 → JOINED (shared) memory=0xcafe004f host_va=0x200000000 placed_as_asked=true established=0 bytes over 0 page(s), of which 0 NON-ZERO — ★ ONE memory. ⚠ The leaf is host SYSMEM, a named divergence from the C
kayfabe: GR-FB-JOIN proc=2 chan=0   ⊘ the establishment copy was VACUOUS for this leaf: no page of it was resident, so nothing the guest had written came across. That is CORRECT (an unwritten leaf is zeros either way) and it is NOT evidence that the copy works
kayfabe: GR-FB-JOIN proc=2 chan=0 SET_TEX_SAMPLER_POOL leaf va=0x10002000000 len=0x200000 fb_phys=0x800000 → JOINED (shared) memory=0xcafe0050 host_va=0x10002000000 placed_as_asked=true established=0 bytes over 0 page(s), of which 0 NON-ZERO — ★ ONE memory. ⚠ The leaf is host SYSMEM, a named divergence from the C
kayfabe: GR-FB-JOIN proc=2 chan=0   ⊘ the establishment copy was VACUOUS for this leaf: no page of it was resident, so nothing the guest had written came across. That is CORRECT (an unwritten leaf is zeros either way) and it is NOT evidence that the copy works
kayfabe: GR-FB-JOIN proc=2 chan=0 SET_TEX_HEADER_POOL leaf va=0x10000000000 len=0x200000 fb_phys=0x600000 → JOINED (shared) memory=0xcafe0051 host_va=0x10000000000 placed_as_asked=true established=0 bytes over 0 page(s), of which 0 NON-ZERO — ★ ONE memory. ⚠ The leaf is host SYSMEM, a named divergence from the C
kayfabe: GR-FB-JOIN proc=2 chan=0   ⊘ the establishment copy was VACUOUS for this leaf: no page of it was resident, so nothing the guest had written came across. That is CORRECT (an unwritten leaf is zeros either way) and it is NOT evidence that the copy works
kayfabe: GR-FB-JOIN proc=2 chan=0 ★ DIRECTION 1 (guest view → isolate view) fb_phys=0x400000 AGREES over 1024 words: what this device's framebuffer window wrote is what the isolate's own mapping — the one RM describes to the GPU — holds
kayfabe: GR-FB-JOIN proc=2 chan=0 ★ DIRECTION 2 (isolate view → guest view) fb_phys=0x400000 AGREES over 1024 words: what the isolate wrote is what this device's framebuffer window reads
kayfabe: GR-ADDRESS-CENSUS (RE-STATED AFTER JOINING) proc=2 chan=0 joined_leaves=3 live_views=3 ⊘ still nothing executed and still nothing is permission
      SET_VALID_SPAN_OVERFLOW_AREA             m=0x0200 sub=1 va=0x200000000 → HostBackedFb { phys: 4194304, leaf: FbLeaf { va: 8589934592, len: 2097152, phys: 4194304 }, host_va: 8589934592, memory: 3405643855 }
      SET_SHADER_SHARED_MEMORY_WINDOW          m=0x02a0 sub=1 va=0x742bb5000000 → Unresolved("CeWalk { va: GpuVa(127731069091840), kind: \"Fault\" } at va=0x742bb5000000: Fault")
      SET_TEX_SAMPLER_POOL                     m=0x155c sub=1 va=0x10002000000 → HostBackedFb { phys: 8388608, leaf: FbLeaf { va: 1099545182208, len: 2097152, phys: 8388608 }, host_va: 1099545182208, memory: 3405643856 }
      SET_TEX_HEADER_POOL                      m=0x1574 sub=1 va=0x10000000000 → HostBackedFb { phys: 6291456, leaf: FbLeaf { va: 1099511627776, len: 2097152, phys: 6291456 }, host_va: 1099511627776, memory: 3405643857 }
      SET_REPORT_SEMAPHORE                     m=0x1b00 sub=1 va=0x20440fff0 → GuestRam { gpa: 267829232 }
kayfabe: RING-PROJ token=0x00000007 proc=2 chan=0 vchid=VChid(0x7) key=0xc1d0000c:0x5c000019 engine=GrCompute vas=0x5c000007 dec=NONE pdb=0x201000 ring=0x200200000 entries=1024 (projection: ce_channel_facts) DESCENT | c=0xc1d0000c vas=0x5c000007 dec=NONE userd=h0x5c000014/off0x2000 root=0x201000/ap1/sh47/va[0x0..0x0] rootsrc=declared(object-model) ring=0x200200000 rng=V:0x1000000 fin=V:0x1008004 gp[0]@0x200200000=0x200400000+0x360 pb=S:0xfee3000 pbm[32w of 864B]: [0]sub1/m0x0/Incrementing/n1=0xc7c0 [1]sub1/m0x100/Incrementing/n1=0x0 [2]sub1/m0x2a0/Incrementing/n1=0x742b [3]sub1/m0x2a4/Incrementing/n1=0xb5000000 [4]sub1/m0x310/Incrementing/n1=0x806 [5]sub1/m0x248/Incrementing/n1=0x5403f [6]sub1/m0x248/Incrementing/n1=0x5403e [7]sub1/m0x248/Incrementing/n1=0x5403d [8]sub1/m0x248/Incrementing/n1=0x5403c [9]sub1/m0x248/Incrementing/n1=0x5403b [10]sub1/m0x248/Incrementing/n1=0x5403a [11]sub1/m0x248/Incrementing/n1=0x54039 scan=1024/1024 declared (COMPLETE: every declared entry was read), unread=0, nonzero=[0]=0x0003620200400000 row=ABSENT-FROM-ROOT-TABLE(11 rows, 0 REFUSED-BY-CAP) fbRING[p0]@0x1000000=0000400002620300000000000000000000000000000000000000000000000000 nz4/4096 resN-NEVER-WRITTEN by? fbRING[p1]@0x1001000=0000000000000000000000000000000000000000000000000000000000000000 nz0/4096 resN-NEVER-WRITTEN by? fbFIN@0x1008004=0000000000000000000000000000000000000000000000000000000000000000 nz0/4096 resN-NEVER-WRITTEN by? walk: L0@0x201000/byEXEC#104[ch1 lf0 sp0 inv3]=PDE@0x0->0x202000/Vidmem L1@0x202000/byEXEC#105[ch3 lf0 sp0 inv509]=PDE@0x0->0x203000/Vidmem L2@0x203000/byEXEC#106[ch1 lf0 sp0 inv511]=PDE@0x200000000->0x204000/Vidmem L3@0x204000/byEXEC#107[ch29 lf7 sp0 inv221]=LEAF@0x200200000->0x1000000/Vidmem/sz0x200000 walkend=LEAF
kayfabe: PT-DECODE token=0x00000007 | EXEC-WITNESS ARMED resident=156 by-executor=39 refused-at-cap=0 | PT-DECODE drained=174 latched=79 unowned_vas=0 requeued=95 rounds=2 → bound=19615 unchanged=4 repointed=0 unbound=0 learned=75 published=75/0 meta_refused=0 unwitnessed=19874 unreachable=0 sparse=0 dropped=0 refusals=255 faults=0 reach_faults=0 retired=0 pass_vas_gone=0 first=StraddlesLiveBinding { va: GpuVa(8655536128) } [witness writes=358267 pending=95 refused=0+0]
kayfabe: VAS-BIND-CENSUS proc=2 gpu=0 pdb=0x201000 va=0x200200000 vas=PRESENT rows=13348 hit=0x1000000/Vidmem/start0x200200000/len0x200000 root=0x201000 root_dirty=N root_wit=Y root_meta=N dirty=0 meta=36 shadow=37 wit=37 published=13344 wit_sample=[0x201000,0x202000,0x203000,0x204000] root_owner=p2:0x201000
kayfabe: GUEST-RAM PIN token=0x00000007 dev=1 ino=1622545 proc=2 chan=0 pdb=0x201000 ring=0x200200000 → NOT IN GUEST RAM (the table binds this VA in aperture Vidmem at 0x1000000; `Binding::phys` is a guest-physical address ONLY for sysmem, so there is no file offset to ask the layout for. ⊘ Refused by name — nothing here reinterprets a framebuffer address as a GPA)
kayfabe: GR-PUSHBUFFER token=0x00000008 engine=GrCompute ring=0x200203000 idx=0 entries=1024 ranges=1 methods=86 bytes=864 | range va=0x200800000 len=864
      m[000] hdr=0x20012000 sub=1 addr=0x0000 count=1 secop=1 args=[0x0000c7c0]
      m[001] hdr=0x20012040 sub=1 addr=0x0100 count=1 secop=1 args=[0x00000000]
      m[002] hdr=0x200120a8 sub=1 addr=0x02a0 count=1 secop=1 args=[0x0000742b]
      m[003] hdr=0x200120a9 sub=1 addr=0x02a4 count=1 secop=1 args=[0xb5000000]
      m[004] hdr=0x200120c4 sub=1 addr=0x0310 count=1 secop=1 args=[0x00000806]
      m[005] hdr=0x20012092 sub=1 addr=0x0248 count=1 secop=1 args=[0x0005403f]
      m[006] hdr=0x20012092 sub=1 addr=0x0248 count=1 secop=1 args=[0x0005403e]
      m[007] hdr=0x20012092 sub=1 addr=0x0248 count=1 secop=1 args=[0x0005403d]
      m[008] hdr=0x20012092 sub=1 addr=0x0248 count=1 secop=1 args=[0x0005403c]
      m[009] hdr=0x20012092 sub=1 addr=0x0248 count=1 secop=1 args=[0x0005403b]
      m[010] hdr=0x20012092 sub=1 addr=0x0248 count=1 secop=1 args=[0x0005403a]
      m[011] hdr=0x20012092 sub=1 addr=0x0248 count=1 secop=1 args=[0x00054039]
      m[012] hdr=0x20012092 sub=1 addr=0x0248 count=1 secop=1 args=[0x00054038]
      m[013] hdr=0x20012092 sub=1 addr=0x0248 count=1 secop=1 args=[0x00054037]
      m[014] hdr=0x20012092 sub=1 addr=0x0248 count=1 secop=1 args=[0x00054036]
      m[015] hdr=0x20012092 sub=1 addr=0x0248 count=1 secop=1 args=[0x00054035]
      m[016] hdr=0x20012092 sub=1 addr=0x0248 count=1 secop=1 args=[0x00054034]
      m[017] hdr=0x20012092 sub=1 addr=0x0248 count=1 secop=1 args=[0x00054033]
      m[018] hdr=0x20012092 sub=1 addr=0x0248 count=1 secop=1 args=[0x00054032]
      m[019] hdr=0x20012092 sub=1 addr=0x0248 count=1 secop=1 args=[0x00054031]
      m[020] hdr=0x20012092 sub=1 addr=0x0248 count=1 secop=1 args=[0x00054030]
      m[021] hdr=0x20012092 sub=1 addr=0x0248 count=1 secop=1 args=[0x0005402f]
      m[022] hdr=0x20012092 sub=1 addr=0x0248 count=1 secop=1 args=[0x0005402e]
      m[023] hdr=0x20012092 sub=1 addr=0x0248 count=1 secop=1 args=[0x0005402d]
      m[024] hdr=0x20012092 sub=1 addr=0x0248 count=1 secop=1 args=[0x0005402c]
      m[025] hdr=0x20012092 sub=1 addr=0x0248 count=1 secop=1 args=[0x0005402b]
      m[026] hdr=0x20012092 sub=1 addr=0x0248 count=1 secop=1 args=[0x0005402a]
      m[027] hdr=0x20012092 sub=1 addr=0x0248 count=1 secop=1 args=[0x00054029]
      m[028] hdr=0x20012092 sub=1 addr=0x0248 count=1 secop=1 args=[0x00054028]
      m[029] hdr=0x20012092 sub=1 addr=0x0248 count=1 secop=1 args=[0x00054027]
      m[030] hdr=0x20012092 sub=1 addr=0x0248 count=1 secop=1 args=[0x00054026]
      m[031] hdr=0x20012092 sub=1 addr=0x0248 count=1 secop=1 args=[0x00054025]
      m[032] hdr=0x20012092 sub=1 addr=0x0248 count=1 secop=1 args=[0x00054024]
      m[033] hdr=0x20012092 sub=1 addr=0x0248 count=1 secop=1 args=[0x00054023]
      m[034] hdr=0x20012092 sub=1 addr=0x0248 count=1 secop=1 args=[0x00054022]
      m[035] hdr=0x20012092 sub=1 addr=0x0248 count=1 secop=1 args=[0x00054021]
      m[036] hdr=0x20012092 sub=1 addr=0x0248 count=1 secop=1 args=[0x00054020]
      m[037] hdr=0x20012092 sub=1 addr=0x0248 count=1 secop=1 args=[0x0005401f]
      m[038] hdr=0x20012092 sub=1 addr=0x0248 count=1 secop=1 args=[0x0005401e]
      m[039] hdr=0x20012092 sub=1 addr=0x0248 count=1 secop=1 args=[0x0005401d]
      m[040] hdr=0x20012092 sub=1 addr=0x0248 count=1 secop=1 args=[0x0005401c]
      m[041] hdr=0x20012092 sub=1 addr=0x0248 count=1 secop=1 args=[0x0005401b]
      m[042] hdr=0x20012092 sub=1 addr=0x0248 count=1 secop=1 args=[0x0005401a]
      m[043] hdr=0x20012092 sub=1 addr=0x0248 count=1 secop=1 args=[0x00054019]
      m[044] hdr=0x20012092 sub=1 addr=0x0248 count=1 secop=1 args=[0x00054018]
      m[045] hdr=0x20012092 sub=1 addr=0x0248 count=1 secop=1 args=[0x00054017]
      m[046] hdr=0x20012092 sub=1 addr=0x0248 count=1 secop=1 args=[0x00054016]
      m[047] hdr=0x20012092 sub=1 addr=0x0248 count=1 secop=1 args=[0x00054015]
      m[048] hdr=0x20012092 sub=1 addr=0x0248 count=1 secop=1 args=[0x00054014]
      m[049] hdr=0x20012092 sub=1 addr=0x0248 count=1 secop=1 args=[0x00054013]
      m[050] hdr=0x20012092 sub=1 addr=0x0248 count=1 secop=1 args=[0x00054012]
      m[051] hdr=0x20012092 sub=1 addr=0x0248 count=1 secop=1 args=[0x00054011]
      m[052] hdr=0x20012092 sub=1 addr=0x0248 count=1 secop=1 args=[0x00054010]
      m[053] hdr=0x20012092 sub=1 addr=0x0248 count=1 secop=1 args=[0x0005400f]
      m[054] hdr=0x20012092 sub=1 addr=0x0248 count=1 secop=1 args=[0x0005400e]
      m[055] hdr=0x20012092 sub=1 addr=0x0248 count=1 secop=1 args=[0x0005400d]
      m[056] hdr=0x20012092 sub=1 addr=0x0248 count=1 secop=1 args=[0x0005400c]
      m[057] hdr=0x20012092 sub=1 addr=0x0248 count=1 secop=1 args=[0x0005400b]
      m[058] hdr=0x20012092 sub=1 addr=0x0248 count=1 secop=1 args=[0x0005400a]
      m[059] hdr=0x20012092 sub=1 addr=0x0248 count=1 secop=1 args=[0x00054009]
      m[060] hdr=0x20012092 sub=1 addr=0x0248 count=1 secop=1 args=[0x00054008]
      m[061] hdr=0x20012092 sub=1 addr=0x0248 count=1 secop=1 args=[0x00054007]
      m[062] hdr=0x20012092 sub=1 addr=0x0248 count=1 secop=1 args=[0x00054006]
      m[063] hdr=0x20012092 sub=1 addr=0x0248 count=1 secop=1 args=[0x00054005]
      m[064] hdr=0x20012092 sub=1 addr=0x0248 count=1 secop=1 args=[0x00054004]
      m[065] hdr=0x20012092 sub=1 addr=0x0248 count=1 secop=1 args=[0x00054003]
      m[066] hdr=0x20012092 sub=1 addr=0x0248 count=1 secop=1 args=[0x00054002]
      m[067] hdr=0x20012092 sub=1 addr=0x0248 count=1 secop=1 args=[0x00054001]
      m[068] hdr=0x20012092 sub=1 addr=0x0248 count=1 secop=1 args=[0x00054000]
      m[069] hdr=0x2001208f sub=1 addr=0x023c count=1 secop=1 args=[0x00000001]
      m[070] hdr=0x20032080 sub=1 addr=0x0200 count=3 secop=1 args=[0x00000002,0x00000000,0x000a8000]
      m[071] hdr=0x200120bb sub=1 addr=0x02ec count=1 secop=1 args=[0x0000000e]
      m[072] hdr=0x20012045 sub=1 addr=0x0114 count=1 secop=1 args=[0x00000000]
      m[073] hdr=0x600f2046 sub=1 addr=0x0118 count=15 secop=3 args=[0x00140003,0x1d00001b,0x71c08300,0x00000003,0x18c00000,0xb01c5f00,0x00200003,0x18c00000,..+7]
      m[074] hdr=0x20022047 sub=1 addr=0x011c count=2 secop=1 args=[0x00000000,0x00000000]
      m[075] hdr=0x20012045 sub=1 addr=0x0114 count=1 secop=1 args=[0x0000000f]
      m[076] hdr=0x60182046 sub=1 addr=0x0118 count=24 secop=3 args=[0x00000003,0x1d080000,0x31c00300,0x00540003,0x00c00455,0x31c00300,0x2a200003,0x00c00056,..+16]
      m[077] hdr=0x20022047 sub=1 addr=0x011c count=2 secop=1 args=[0x00000001,0x0000000f]
      m[078] hdr=0x20018000 sub=4 addr=0x0000 count=1 secop=1 args=[0x0000c7b5]
      m[079] hdr=0x2001255d sub=1 addr=0x1574 count=1 secop=1 args=[0x00000100]
      m[080] hdr=0x2001255e sub=1 addr=0x1578 count=1 secop=1 args=[0x00000000]
      m[081] hdr=0x2001255f sub=1 addr=0x157c count=1 secop=1 args=[0x000fffff]
      m[082] hdr=0x20012557 sub=1 addr=0x155c count=1 secop=1 args=[0x00000100]
      m[083] hdr=0x20012558 sub=1 addr=0x1560 count=1 secop=1 args=[0x02000000]
      m[084] hdr=0x20012559 sub=1 addr=0x1564 count=1 secop=1 args=[0x00000000]
      m[085] hdr=0x200426c0 sub=1 addr=0x1b00 count=4 secop=1 args=[0x00000002,0x0440ffe0,0x00000001,0x00000000]
kayfabe: COMPLETION-DECLARE token=0x00000008 proc=2 chan=1 engine=GrCompute → DECLARED va=0x20440ffe0 payload=0x00000001 awaken=0 four_words=1 op=0 subch=1 class=0xc7c0 site=GuestRam { gpa: 267829216 } (⊘ the observer WATCHES this address; it will never write it)
kayfabe: GR-ADDRESS-CENSUS proc=2 chan=1 class=0xc7c0 operands=5 bound=4 unbound=1 mme_dwords=39 ⊘ a census of what the host GR engine WOULD dereference; nothing here is executed and nothing here is permission
      SET_VALID_SPAN_OVERFLOW_AREA             m=0x0200 sub=1 va=0x200000000 → Framebuffer { phys: 4194304, leaf: FbLeaf { va: 8589934592, len: 2097152, phys: 4194304 } }
      SET_SHADER_SHARED_MEMORY_WINDOW          m=0x02a0 sub=1 va=0x742bb5000000 → Unresolved("CeWalk { va: GpuVa(127731069091840), kind: \"Fault\" } at va=0x742bb5000000: Fault")
      SET_TEX_SAMPLER_POOL                     m=0x155c sub=1 va=0x10002000000 → Framebuffer { phys: 8388608, leaf: FbLeaf { va: 1099545182208, len: 2097152, phys: 8388608 } }
      SET_TEX_HEADER_POOL                      m=0x1574 sub=1 va=0x10000000000 → Framebuffer { phys: 6291456, leaf: FbLeaf { va: 1099511627776, len: 2097152, phys: 6291456 } }
      SET_REPORT_SEMAPHORE                     m=0x1b00 sub=1 va=0x20440ffe0 → GuestRam { gpa: 267829216 }
kayfabe: GR-FB-JOIN proc=2 chan=1 SET_VALID_SPAN_OVERFLOW_AREA leaf va=0x200000000 → ALREADY JOINED (idempotent replay; no second object, no second descriptor, no second establishment copy) memory=0xcafe004f host_va=0x200000000
kayfabe: GR-FB-JOIN proc=2 chan=1 SET_TEX_SAMPLER_POOL leaf va=0x10002000000 → ALREADY JOINED (idempotent replay; no second object, no second descriptor, no second establishment copy) memory=0xcafe0050 host_va=0x10002000000
kayfabe: GR-FB-JOIN proc=2 chan=1 SET_TEX_HEADER_POOL leaf va=0x10000000000 → ALREADY JOINED (idempotent replay; no second object, no second descriptor, no second establishment copy) memory=0xcafe0051 host_va=0x10000000000
kayfabe: GR-FB-JOIN proc=2 chan=1 ⊘ NO PROBE: no leaf reached a live view this doorbell, so there is nothing to ask about. ⊘ That is the absence of a measurement, NOT a measurement of absence
kayfabe: GR-ADDRESS-CENSUS (RE-STATED AFTER JOINING) proc=2 chan=1 joined_leaves=3 live_views=0 ⊘ still nothing executed and still nothing is permission
      SET_VALID_SPAN_OVERFLOW_AREA             m=0x0200 sub=1 va=0x200000000 → HostBackedFb { phys: 4194304, leaf: FbLeaf { va: 8589934592, len: 2097152, phys: 4194304 }, host_va: 8589934592, memory: 3405643855 }
      SET_SHADER_SHARED_MEMORY_WINDOW          m=0x02a0 sub=1 va=0x742bb5000000 → Unresolved("CeWalk { va: GpuVa(127731069091840), kind: \"Fault\" } at va=0x742bb5000000: Fault")
      SET_TEX_SAMPLER_POOL                     m=0x155c sub=1 va=0x10002000000 → HostBackedFb { phys: 8388608, leaf: FbLeaf { va: 1099545182208, len: 2097152, phys: 8388608 }, host_va: 1099545182208, memory: 3405643856 }
      SET_TEX_HEADER_POOL                      m=0x1574 sub=1 va=0x10000000000 → HostBackedFb { phys: 6291456, leaf: FbLeaf { va: 1099511627776, len: 2097152, phys: 6291456 }, host_va: 1099511627776, memory: 3405643857 }
      SET_REPORT_SEMAPHORE                     m=0x1b00 sub=1 va=0x20440ffe0 → GuestRam { gpa: 267829216 }
kayfabe: RING-PROJ token=0x00000008 proc=2 chan=1 vchid=VChid(0x8) key=0xc1d0000c:0x5c00001f engine=GrCompute vas=0x5c000007 dec=NONE pdb=0x201000 ring=0x200203000 entries=1024 (projection: ce_channel_facts) DESCENT | c=0xc1d0000c vas=0x5c000007 dec=NONE userd=h0x5c000014/off0x5000 root=0x201000/ap1/sh47/va[0x0..0x0] rootsrc=declared(object-model) ring=0x200203000 rng=V:0x1003000 fin=V:0x100b004 gp[0]@0x200203000=0x200800000+0x360 pb=S:0x6073000 pbm[32w of 864B]: [0]sub1/m0x0/Incrementing/n1=0xc7c0 [1]sub1/m0x100/Incrementing/n1=0x0 [2]sub1/m0x2a0/Incrementing/n1=0x742b [3]sub1/m0x2a4/Incrementing/n1=0xb5000000 [4]sub1/m0x310/Incrementing/n1=0x806 [5]sub1/m0x248/Incrementing/n1=0x5403f [6]sub1/m0x248/Incrementing/n1=0x5403e [7]sub1/m0x248/Incrementing/n1=0x5403d [8]sub1/m0x248/Incrementing/n1=0x5403c [9]sub1/m0x248/Incrementing/n1=0x5403b [10]sub1/m0x248/Incrementing/n1=0x5403a [11]sub1/m0x248/Incrementing/n1=0x54039 scan=1024/1024 declared (COMPLETE: every declared entry was read), unread=0, nonzero=[0]=0x0003620200800000 row=ABSENT-FROM-ROOT-TABLE(11 rows, 0 REFUSED-BY-CAP) fbRING[p0]@0x1003000=0000800002620300000000000000000000000000000000000000000000000000 nz4/4096 resN-NEVER-WRITTEN by? fbRING[p1]@0x1004000=0000000000000000000000000000000000000000000000000000000000000000 nz0/4096 resN-NEVER-WRITTEN by? fbFIN@0x100b004=0000000000000000000000000000000000000000000000000000000000000000 nz0/4096 resN-NEVER-WRITTEN by? walk: L0@0x201000/byEXEC#104[ch1 lf0 sp0 inv3]=PDE@0x0->0x202000/Vidmem L1@0x202000/byEXEC#105[ch3 lf0 sp0 inv509]=PDE@0x0->0x203000/Vidmem L2@0x203000/byEXEC#106[ch1 lf0 sp0 inv511]=PDE@0x200000000->0x204000/Vidmem L3@0x204000/byEXEC#107[ch29 lf7 sp0 inv221]=LEAF@0x200200000->0x1000000/Vidmem/sz0x200000 walkend=LEAF
kayfabe: PT-DECODE token=0x00000008 | EXEC-WITNESS ARMED resident=156 by-executor=39 refused-at-cap=0 | PT-DECODE drained=135 latched=38 unowned_vas=0 requeued=97 rounds=1 → bound=0 unchanged=0 repointed=0 unbound=0 learned=0 published=0/0 meta_refused=0 unwitnessed=0 unreachable=0 sparse=0 dropped=0 refusals=255 faults=0 reach_faults=0 retired=0 pass_vas_gone=0 first=StraddlesLiveBinding { va: GpuVa(8655536128) } [witness writes=358270 pending=97 refused=0+0]
kayfabe: VAS-BIND-CENSUS proc=2 gpu=0 pdb=0x201000 va=0x200203000 vas=PRESENT rows=13348 hit=0x1003000/Vidmem/start0x200200000/len0x200000 root=0x201000 root_dirty=N root_wit=Y root_meta=N dirty=0 meta=36 shadow=37 wit=37 published=13344 wit_sample=[0x201000,0x202000,0x203000,0x204000] root_owner=p2:0x201000
kayfabe: GUEST-RAM PIN token=0x00000008 dev=1 ino=1622545 proc=2 chan=1 pdb=0x201000 ring=0x200203000 → NOT IN GUEST RAM (the table binds this VA in aperture Vidmem at 0x1003000; `Binding::phys` is a guest-physical address ONLY for sysmem, so there is no file offset to ask the layout for. ⊘ Refused by name — nothing here reinterprets a framebuffer address as a GPA)
kayfabe: COMPLETION-DECLARE token=0x00000009 proc=2 chan=2 engine=GrCompute → DECLARED va=0x20440ffd0 payload=0x00000001 awaken=0 four_words=1 op=0 subch=1 class=0xc7c0 site=GuestRam { gpa: 267829200 } (⊘ the observer WATCHES this address; it will never write it)
kayfabe: GR-ADDRESS-CENSUS proc=2 chan=2 class=0xc7c0 operands=5 bound=4 unbound=1 mme_dwords=39 ⊘ a census of what the host GR engine WOULD dereference; nothing here is executed and nothing here is permission
      SET_VALID_SPAN_OVERFLOW_AREA             m=0x0200 sub=1 va=0x200000000 → Framebuffer { phys: 4194304, leaf: FbLeaf { va: 8589934592, len: 2097152, phys: 4194304 } }
      SET_SHADER_SHARED_MEMORY_WINDOW          m=0x02a0 sub=1 va=0x742bb5000000 → Unresolved("CeWalk { va: GpuVa(127731069091840), kind: \"Fault\" } at va=0x742bb5000000: Fault")
      SET_TEX_SAMPLER_POOL                     m=0x155c sub=1 va=0x10002000000 → Framebuffer { phys: 8388608, leaf: FbLeaf { va: 1099545182208, len: 2097152, phys: 8388608 } }
      SET_TEX_HEADER_POOL                      m=0x1574 sub=1 va=0x10000000000 → Framebuffer { phys: 6291456, leaf: FbLeaf { va: 1099511627776, len: 2097152, phys: 6291456 } }
      SET_REPORT_SEMAPHORE                     m=0x1b00 sub=1 va=0x20440ffd0 → GuestRam { gpa: 267829200 }
kayfabe: GR-FB-JOIN proc=2 chan=2 SET_VALID_SPAN_OVERFLOW_AREA leaf va=0x200000000 → ALREADY JOINED (idempotent replay; no second object, no second descriptor, no second establishment copy) memory=0xcafe004f host_va=0x200000000
kayfabe: GR-FB-JOIN proc=2 chan=2 SET_TEX_SAMPLER_POOL leaf va=0x10002000000 → ALREADY JOINED (idempotent replay; no second object, no second descriptor, no second establishment copy) memory=0xcafe0050 host_va=0x10002000000
kayfabe: GR-FB-JOIN proc=2 chan=2 SET_TEX_HEADER_POOL leaf va=0x10000000000 → ALREADY JOINED (idempotent replay; no second object, no second descriptor, no second establishment copy) memory=0xcafe0051 host_va=0x10000000000
kayfabe: GR-FB-JOIN proc=2 chan=2 ⊘ NO PROBE: no leaf reached a live view this doorbell, so there is nothing to ask about. ⊘ That is the absence of a measurement, NOT a measurement of absence
kayfabe: GR-ADDRESS-CENSUS (RE-STATED AFTER JOINING) proc=2 chan=2 joined_leaves=3 live_views=0 ⊘ still nothing executed and still nothing is permission
      SET_VALID_SPAN_OVERFLOW_AREA             m=0x0200 sub=1 va=0x200000000 → HostBackedFb { phys: 4194304, leaf: FbLeaf { va: 8589934592, len: 2097152, phys: 4194304 }, host_va: 8589934592, memory: 3405643855 }
      SET_SHADER_SHARED_MEMORY_WINDOW          m=0x02a0 sub=1 va=0x742bb5000000 → Unresolved("CeWalk { va: GpuVa(127731069091840), kind: \"Fault\" } at va=0x742bb5000000: Fault")
      SET_TEX_SAMPLER_POOL                     m=0x155c sub=1 va=0x10002000000 → HostBackedFb { phys: 8388608, leaf: FbLeaf { va: 1099545182208, len: 2097152, phys: 8388608 }, host_va: 1099545182208, memory: 3405643856 }
      SET_TEX_HEADER_POOL                      m=0x1574 sub=1 va=0x10000000000 → HostBackedFb { phys: 6291456, leaf: FbLeaf { va: 1099511627776, len: 2097152, phys: 6291456 }, host_va: 1099511627776, memory: 3405643857 }
      SET_REPORT_SEMAPHORE                     m=0x1b00 sub=1 va=0x20440ffd0 → GuestRam { gpa: 267829200 }
kayfabe: RING-PROJ token=0x00000009 proc=2 chan=2 vchid=VChid(0x9) key=0xc1d0000c:0x5c000023 engine=GrCompute vas=0x5c000007 dec=NONE pdb=0x201000 ring=0x200206000 entries=1024 (projection: ce_channel_facts) DESCENT | c=0xc1d0000c vas=0x5c000007 dec=NONE userd=h0x5c000014/off0x8000 root=0x201000/ap1/sh47/va[0x0..0x0] rootsrc=declared(object-model) ring=0x200206000 rng=V:0x1006000 fin=V:0x100e004 gp[0]@0x200206000=0x200c00000+0x360 pb=S:0x6013000 pbm[32w of 864B]: [0]sub1/m0x0/Incrementing/n1=0xc7c0 [1]sub1/m0x100/Incrementing/n1=0x0 [2]sub1/m0x2a0/Incrementing/n1=0x742b [3]sub1/m0x2a4/Incrementing/n1=0xb5000000 [4]sub1/m0x310/Incrementing/n1=0x806 [5]sub1/m0x248/Incrementing/n1=0x5403f [6]sub1/m0x248/Incrementing/n1=0x5403e [7]sub1/m0x248/Incrementing/n1=0x5403d [8]sub1/m0x248/Incrementing/n1=0x5403c [9]sub1/m0x248/Incrementing/n1=0x5403b [10]sub1/m0x248/Incrementing/n1=0x5403a [11]sub1/m0x248/Incrementing/n1=0x54039 scan=1024/1024 declared (COMPLETE: every declared entry was read), unread=0, nonzero=[0]=0x0003620200c00000 row=ABSENT-FROM-ROOT-TABLE(11 rows, 0 REFUSED-BY-CAP) fbRING[p0]@0x1006000=0000c00002620300000000000000000000000000000000000000000000000000 nz4/4096 resN-NEVER-WRITTEN by? fbRING[p1]@0x1007000=0000000000000000000000000000000000000000000000000000000000000000 nz0/4096 resN-NEVER-WRITTEN by? fbFIN@0x100e004=0000000000000000000000000000000000000000000000000000000000000000 nz0/4096 resN-NEVER-WRITTEN by? walk: L0@0x201000/byEXEC#104[ch1 lf0 sp0 inv3]=PDE@0x0->0x202000/Vidmem L1@0x202000/byEXEC#105[ch3 lf0 sp0 inv509]=PDE@0x0->0x203000/Vidmem L2@0x203000/byEXEC#106[ch1 lf0 sp0 inv511]=PDE@0x200000000->0x204000/Vidmem L3@0x204000/byEXEC#107[ch29 lf7 sp0 inv221]=LEAF@0x200200000->0x1000000/Vidmem/sz0x200000 walkend=LEAF
kayfabe: PT-DECODE token=0x00000009 | EXEC-WITNESS ARMED resident=156 by-executor=39 refused-at-cap=0 | PT-DECODE drained=137 latched=38 unowned_vas=0 requeued=99 rounds=1 → bound=0 unchanged=0 repointed=0 unbound=0 learned=0 published=0/0 meta_refused=0 unwitnessed=0 unreachable=0 sparse=0 dropped=0 refusals=255 faults=0 reach_faults=0 retired=0 pass_vas_gone=0 first=StraddlesLiveBinding { va: GpuVa(8655536128) } [witness writes=358273 pending=99 refused=0+0]
kayfabe: VAS-BIND-CENSUS proc=2 gpu=0 pdb=0x201000 va=0x200206000 vas=PRESENT rows=13348 hit=0x1006000/Vidmem/start0x200200000/len0x200000 root=0x201000 root_dirty=N root_wit=Y root_meta=N dirty=0 meta=36 shadow=37 wit=37 published=13344 wit_sample=[0x201000,0x202000,0x203000,0x204000] root_owner=p2:0x201000
kayfabe: GUEST-RAM PIN token=0x00000009 dev=1 ino=1622545 proc=2 chan=2 pdb=0x201000 ring=0x200206000 → NOT IN GUEST RAM (the table binds this VA in aperture Vidmem at 0x1006000; `Binding::phys` is a guest-physical address ONLY for sysmem, so there is no file offset to ask the layout for. ⊘ Refused by name — nothing here reinterprets a framebuffer address as a GPA)
kayfabe: COMPLETION-DECLARE token=0x0000000a proc=2 chan=3 engine=GrCompute → DECLARED va=0x20440ffc0 payload=0x00000001 awaken=0 four_words=1 op=0 subch=1 class=0xc7c0 site=GuestRam { gpa: 267829184 } (⊘ the observer WATCHES this address; it will never write it)
kayfabe: GR-ADDRESS-CENSUS proc=2 chan=3 class=0xc7c0 operands=5 bound=4 unbound=1 mme_dwords=39 ⊘ a census of what the host GR engine WOULD dereference; nothing here is executed and nothing here is permission
      SET_VALID_SPAN_OVERFLOW_AREA             m=0x0200 sub=1 va=0x200000000 → Framebuffer { phys: 4194304, leaf: FbLeaf { va: 8589934592, len: 2097152, phys: 4194304 } }
      SET_SHADER_SHARED_MEMORY_WINDOW          m=0x02a0 sub=1 va=0x742bb5000000 → Unresolved("CeWalk { va: GpuVa(127731069091840), kind: \"Fault\" } at va=0x742bb5000000: Fault")
      SET_TEX_SAMPLER_POOL                     m=0x155c sub=1 va=0x10002000000 → Framebuffer { phys: 8388608, leaf: FbLeaf { va: 1099545182208, len: 2097152, phys: 8388608 } }
      SET_TEX_HEADER_POOL                      m=0x1574 sub=1 va=0x10000000000 → Framebuffer { phys: 6291456, leaf: FbLeaf { va: 1099511627776, len: 2097152, phys: 6291456 } }
      SET_REPORT_SEMAPHORE                     m=0x1b00 sub=1 va=0x20440ffc0 → GuestRam { gpa: 267829184 }
kayfabe: GR-FB-JOIN proc=2 chan=3 SET_VALID_SPAN_OVERFLOW_AREA leaf va=0x200000000 → ALREADY JOINED (idempotent replay; no second object, no second descriptor, no second establishment copy) memory=0xcafe004f host_va=0x200000000
kayfabe: GR-FB-JOIN proc=2 chan=3 SET_TEX_SAMPLER_POOL leaf va=0x10002000000 → ALREADY JOINED (idempotent replay; no second object, no second descriptor, no second establishment copy) memory=0xcafe0050 host_va=0x10002000000
kayfabe: GR-FB-JOIN proc=2 chan=3 SET_TEX_HEADER_POOL leaf va=0x10000000000 → ALREADY JOINED (idempotent replay; no second object, no second descriptor, no second establishment copy) memory=0xcafe0051 host_va=0x10000000000
kayfabe: GR-FB-JOIN proc=2 chan=3 ⊘ NO PROBE: no leaf reached a live view this doorbell, so there is nothing to ask about. ⊘ That is the absence of a measurement, NOT a measurement of absence
kayfabe: GR-ADDRESS-CENSUS (RE-STATED AFTER JOINING) proc=2 chan=3 joined_leaves=3 live_views=0 ⊘ still nothing executed and still nothing is permission
      SET_VALID_SPAN_OVERFLOW_AREA             m=0x0200 sub=1 va=0x200000000 → HostBackedFb { phys: 4194304, leaf: FbLeaf { va: 8589934592, len: 2097152, phys: 4194304 }, host_va: 8589934592, memory: 3405643855 }
      SET_SHADER_SHARED_MEMORY_WINDOW          m=0x02a0 sub=1 va=0x742bb5000000 → Unresolved("CeWalk { va: GpuVa(127731069091840), kind: \"Fault\" } at va=0x742bb5000000: Fault")
      SET_TEX_SAMPLER_POOL                     m=0x155c sub=1 va=0x10002000000 → HostBackedFb { phys: 8388608, leaf: FbLeaf { va: 1099545182208, len: 2097152, phys: 8388608 }, host_va: 1099545182208, memory: 3405643856 }
      SET_TEX_HEADER_POOL                      m=0x1574 sub=1 va=0x10000000000 → HostBackedFb { phys: 6291456, leaf: FbLeaf { va: 1099511627776, len: 2097152, phys: 6291456 }, host_va: 1099511627776, memory: 3405643857 }
      SET_REPORT_SEMAPHORE                     m=0x1b00 sub=1 va=0x20440ffc0 → GuestRam { gpa: 267829184 }
kayfabe: RING-PROJ token=0x0000000a proc=2 chan=3 vchid=VChid(0xa) key=0xc1d0000c:0x5c000027 engine=GrCompute vas=0x5c000007 dec=NONE pdb=0x201000 ring=0x200209000 entries=1024 (projection: ce_channel_facts) DESCENT | c=0xc1d0000c vas=0x5c000007 dec=NONE userd=h0x5c000014/off0xb000 root=0x201000/ap1/sh47/va[0x0..0x0] rootsrc=declared(object-model) ring=0x200209000 rng=V:0x1009000 fin=V:0x1011004 gp[0]@0x200209000=0x201000000+0x360 pb=S:0x5953000 pbm[32w of 864B]: [0]sub1/m0x0/Incrementing/n1=0xc7c0 [1]sub1/m0x100/Incrementing/n1=0x0 [2]sub1/m0x2a0/Incrementing/n1=0x742b [3]sub1/m0x2a4/Incrementing/n1=0xb5000000 [4]sub1/m0x310/Incrementing/n1=0x806 [5]sub1/m0x248/Incrementing/n1=0x5403f [6]sub1/m0x248/Incrementing/n1=0x5403e [7]sub1/m0x248/Incrementing/n1=0x5403d [8]sub1/m0x248/Incrementing/n1=0x5403c [9]sub1/m0x248/Incrementing/n1=0x5403b [10]sub1/m0x248/Incrementing/n1=0x5403a [11]sub1/m0x248/Incrementing/n1=0x54039 scan=1024/1024 declared (COMPLETE: every declared entry was read), unread=0, nonzero=[0]=0x0003620201000000 row=ABSENT-FROM-ROOT-TABLE(11 rows, 0 REFUSED-BY-CAP) fbRING[p0]@0x1009000=0000000102620300000000000000000000000000000000000000000000000000 nz4/4096 resN-NEVER-WRITTEN by? fbRING[p1]@0x100a000=0000000000000000000000000000000000000000000000000000000000000000 nz0/4096 resN-NEVER-WRITTEN by? fbFIN@0x1011004=0000000000000000000000000000000000000000000000000000000000000000 nz0/4096 resN-NEVER-WRITTEN by? walk: L0@0x201000/byEXEC#104[ch1 lf0 sp0 inv3]=PDE@0x0->0x202000/Vidmem L1@0x202000/byEXEC#105[ch3 lf0 sp0 inv509]=PDE@0x0->0x203000/Vidmem L2@0x203000/byEXEC#106[ch1 lf0 sp0 inv511]=PDE@0x200000000->0x204000/Vidmem L3@0x204000/byEXEC#107[ch29 lf7 sp0 inv221]=LEAF@0x200200000->0x1000000/Vidmem/sz0x200000 walkend=LEAF
kayfabe: PT-DECODE token=0x0000000a | EXEC-WITNESS ARMED resident=156 by-executor=39 refused-at-cap=0 | PT-DECODE drained=139 latched=38 unowned_vas=0 requeued=101 rounds=1 → bound=0 unchanged=0 repointed=0 unbound=0 learned=0 published=0/0 meta_refused=0 unwitnessed=0 unreachable=0 sparse=0 dropped=0 refusals=255 faults=0 reach_faults=0 retired=0 pass_vas_gone=0 first=StraddlesLiveBinding { va: GpuVa(8655536128) } [witness writes=358276 pending=101 refused=0+0]
kayfabe: VAS-BIND-CENSUS proc=2 gpu=0 pdb=0x201000 va=0x200209000 vas=PRESENT rows=13348 hit=0x1009000/Vidmem/start0x200200000/len0x200000 root=0x201000 root_dirty=N root_wit=Y root_meta=N dirty=0 meta=36 shadow=37 wit=37 published=13344 wit_sample=[0x201000,0x202000,0x203000,0x204000] root_owner=p2:0x201000
kayfabe: GUEST-RAM PIN token=0x0000000a dev=1 ino=1622545 proc=2 chan=3 pdb=0x201000 ring=0x200209000 → NOT IN GUEST RAM (the table binds this VA in aperture Vidmem at 0x1009000; `Binding::phys` is a guest-physical address ONLY for sysmem, so there is no file offset to ask the layout for. ⊘ Refused by name — nothing here reinterprets a framebuffer address as a GPA)
2026-08-12T05:43:38.800535Z qemu-system-x86_64: info: nvkvm: DOORBELL-HEARTBEAT arrival #96 token 0x0000000a
kayfabe: COMPLETION-DECLARE token=0x0000000b proc=2 chan=4 engine=GrCompute → DECLARED va=0x20440ffb0 payload=0x00000001 awaken=0 four_words=1 op=0 subch=1 class=0xc7c0 site=GuestRam { gpa: 267829168 } (⊘ the observer WATCHES this address; it will never write it)
kayfabe: GR-ADDRESS-CENSUS proc=2 chan=4 class=0xc7c0 operands=5 bound=4 unbound=1 mme_dwords=39 ⊘ a census of what the host GR engine WOULD dereference; nothing here is executed and nothing here is permission
      SET_VALID_SPAN_OVERFLOW_AREA             m=0x0200 sub=1 va=0x200000000 → Framebuffer { phys: 4194304, leaf: FbLeaf { va: 8589934592, len: 2097152, phys: 4194304 } }
      SET_SHADER_SHARED_MEMORY_WINDOW          m=0x02a0 sub=1 va=0x742bb5000000 → Unresolved("CeWalk { va: GpuVa(127731069091840), kind: \"Fault\" } at va=0x742bb5000000: Fault")
      SET_TEX_SAMPLER_POOL                     m=0x155c sub=1 va=0x10002000000 → Framebuffer { phys: 8388608, leaf: FbLeaf { va: 1099545182208, len: 2097152, phys: 8388608 } }
      SET_TEX_HEADER_POOL                      m=0x1574 sub=1 va=0x10000000000 → Framebuffer { phys: 6291456, leaf: FbLeaf { va: 1099511627776, len: 2097152, phys: 6291456 } }
      SET_REPORT_SEMAPHORE                     m=0x1b00 sub=1 va=0x20440ffb0 → GuestRam { gpa: 267829168 }
kayfabe: GR-FB-JOIN proc=2 chan=4 SET_VALID_SPAN_OVERFLOW_AREA leaf va=0x200000000 → ALREADY JOINED (idempotent replay; no second object, no second descriptor, no second establishment copy) memory=0xcafe004f host_va=0x200000000
kayfabe: GR-FB-JOIN proc=2 chan=4 SET_TEX_SAMPLER_POOL leaf va=0x10002000000 → ALREADY JOINED (idempotent replay; no second object, no second descriptor, no second establishment copy) memory=0xcafe0050 host_va=0x10002000000
kayfabe: GR-FB-JOIN proc=2 chan=4 SET_TEX_HEADER_POOL leaf va=0x10000000000 → ALREADY JOINED (idempotent replay; no second object, no second descriptor, no second establishment copy) memory=0xcafe0051 host_va=0x10000000000
kayfabe: GR-FB-JOIN proc=2 chan=4 ⊘ NO PROBE: no leaf reached a live view this doorbell, so there is nothing to ask about. ⊘ That is the absence of a measurement, NOT a measurement of absence
kayfabe: GR-ADDRESS-CENSUS (RE-STATED AFTER JOINING) proc=2 chan=4 joined_leaves=3 live_views=0 ⊘ still nothing executed and still nothing is permission
      SET_VALID_SPAN_OVERFLOW_AREA             m=0x0200 sub=1 va=0x200000000 → HostBackedFb { phys: 4194304, leaf: FbLeaf { va: 8589934592, len: 2097152, phys: 4194304 }, host_va: 8589934592, memory: 3405643855 }
      SET_SHADER_SHARED_MEMORY_WINDOW          m=0x02a0 sub=1 va=0x742bb5000000 → Unresolved("CeWalk { va: GpuVa(127731069091840), kind: \"Fault\" } at va=0x742bb5000000: Fault")
      SET_TEX_SAMPLER_POOL                     m=0x155c sub=1 va=0x10002000000 → HostBackedFb { phys: 8388608, leaf: FbLeaf { va: 1099545182208, len: 2097152, phys: 8388608 }, host_va: 1099545182208, memory: 3405643856 }
      SET_TEX_HEADER_POOL                      m=0x1574 sub=1 va=0x10000000000 → HostBackedFb { phys: 6291456, leaf: FbLeaf { va: 1099511627776, len: 2097152, phys: 6291456 }, host_va: 1099511627776, memory: 3405643857 }
      SET_REPORT_SEMAPHORE                     m=0x1b00 sub=1 va=0x20440ffb0 → GuestRam { gpa: 267829168 }
kayfabe: RING-PROJ token=0x0000000b proc=2 chan=4 vchid=VChid(0xb) key=0xc1d0000c:0x5c00002b engine=GrCompute vas=0x5c000007 dec=NONE pdb=0x201000 ring=0x20020c000 entries=1024 (projection: ce_channel_facts) DESCENT | c=0xc1d0000c vas=0x5c000007 dec=NONE userd=h0x5c000014/off0xe000 root=0x201000/ap1/sh47/va[0x0..0x0] rootsrc=declared(object-model) ring=0x20020c000 rng=V:0x100c000 fin=V:0x1014004 gp[0]@0x20020c000=0x201400000+0x360 pb=S:0x364d3000 pbm[32w of 864B]: [0]sub1/m0x0/Incrementing/n1=0xc7c0 [1]sub1/m0x100/Incrementing/n1=0x0 [2]sub1/m0x2a0/Incrementing/n1=0x742b [3]sub1/m0x2a4/Incrementing/n1=0xb5000000 [4]sub1/m0x310/Incrementing/n1=0x806 [5]sub1/m0x248/Incrementing/n1=0x5403f [6]sub1/m0x248/Incrementing/n1=0x5403e [7]sub1/m0x248/Incrementing/n1=0x5403d [8]sub1/m0x248/Incrementing/n1=0x5403c [9]sub1/m0x248/Incrementing/n1=0x5403b [10]sub1/m0x248/Incrementing/n1=0x5403a [11]sub1/m0x248/Incrementing/n1=0x54039 scan=1024/1024 declared (COMPLETE: every declared entry was read), unread=0, nonzero=[0]=0x0003620201400000 row=ABSENT-FROM-ROOT-TABLE(11 rows, 0 REFUSED-BY-CAP) fbRING[p0]@0x100c000=0000400102620300000000000000000000000000000000000000000000000000 nz5/4096 resN-NEVER-WRITTEN by? fbRING[p1]@0x100d000=0000000000000000000000000000000000000000000000000000000000000000 nz0/4096 resN-NEVER-WRITTEN by? fbFIN@0x1014004=0000000000000000000000000000000000000000000000000000000000000000 nz0/4096 resN-NEVER-WRITTEN by? walk: L0@0x201000/byEXEC#104[ch1 lf0 sp0 inv3]=PDE@0x0->0x202000/Vidmem L1@0x202000/byEXEC#105[ch3 lf0 sp0 inv509]=PDE@0x0->0x203000/Vidmem L2@0x203000/byEXEC#106[ch1 lf0 sp0 inv511]=PDE@0x200000000->0x204000/Vidmem L3@0x204000/byEXEC#107[ch29 lf7 sp0 inv221]=LEAF@0x200200000->0x1000000/Vidmem/sz0x200000 walkend=LEAF
kayfabe: PT-DECODE token=0x0000000b | EXEC-WITNESS ARMED resident=156 by-executor=39 refused-at-cap=0 | PT-DECODE drained=141 latched=38 unowned_vas=0 requeued=103 rounds=1 → bound=0 unchanged=0 repointed=0 unbound=0 learned=0 published=0/0 meta_refused=0 unwitnessed=0 unreachable=0 sparse=0 dropped=0 refusals=255 faults=0 reach_faults=0 retired=0 pass_vas_gone=0 first=StraddlesLiveBinding { va: GpuVa(8655536128) } [witness writes=358279 pending=103 refused=0+0]
kayfabe: VAS-BIND-CENSUS proc=2 gpu=0 pdb=0x201000 va=0x20020c000 vas=PRESENT rows=13348 hit=0x100c000/Vidmem/start0x200200000/len0x200000 root=0x201000 root_dirty=N root_wit=Y root_meta=N dirty=0 meta=36 shadow=37 wit=37 published=13344 wit_sample=[0x201000,0x202000,0x203000,0x204000] root_owner=p2:0x201000
kayfabe: GUEST-RAM PIN token=0x0000000b dev=1 ino=1622545 proc=2 chan=4 pdb=0x201000 ring=0x20020c000 → NOT IN GUEST RAM (the table binds this VA in aperture Vidmem at 0x100c000; `Binding::phys` is a guest-physical address ONLY for sysmem, so there is no file offset to ask the layout for. ⊘ Refused by name — nothing here reinterprets a framebuffer address as a GPA)
kayfabe: COMPLETION-DECLARE token=0x0000000c proc=2 chan=5 engine=GrCompute → DECLARED va=0x20440ffa0 payload=0x00000001 awaken=0 four_words=1 op=0 subch=1 class=0xc7c0 site=GuestRam { gpa: 267829152 } (⊘ the observer WATCHES this address; it will never write it)
kayfabe: GR-ADDRESS-CENSUS proc=2 chan=5 class=0xc7c0 operands=5 bound=4 unbound=1 mme_dwords=39 ⊘ a census of what the host GR engine WOULD dereference; nothing here is executed and nothing here is permission
      SET_VALID_SPAN_OVERFLOW_AREA             m=0x0200 sub=1 va=0x200000000 → Framebuffer { phys: 4194304, leaf: FbLeaf { va: 8589934592, len: 2097152, phys: 4194304 } }
      SET_SHADER_SHARED_MEMORY_WINDOW          m=0x02a0 sub=1 va=0x742bb5000000 → Unresolved("CeWalk { va: GpuVa(127731069091840), kind: \"Fault\" } at va=0x742bb5000000: Fault")
      SET_TEX_SAMPLER_POOL                     m=0x155c sub=1 va=0x10002000000 → Framebuffer { phys: 8388608, leaf: FbLeaf { va: 1099545182208, len: 2097152, phys: 8388608 } }
      SET_TEX_HEADER_POOL                      m=0x1574 sub=1 va=0x10000000000 → Framebuffer { phys: 6291456, leaf: FbLeaf { va: 1099511627776, len: 2097152, phys: 6291456 } }
      SET_REPORT_SEMAPHORE                     m=0x1b00 sub=1 va=0x20440ffa0 → GuestRam { gpa: 267829152 }
kayfabe: GR-FB-JOIN proc=2 chan=5 SET_VALID_SPAN_OVERFLOW_AREA leaf va=0x200000000 → ALREADY JOINED (idempotent replay; no second object, no second descriptor, no second establishment copy) memory=0xcafe004f host_va=0x200000000
kayfabe: GR-FB-JOIN proc=2 chan=5 SET_TEX_SAMPLER_POOL leaf va=0x10002000000 → ALREADY JOINED (idempotent replay; no second object, no second descriptor, no second establishment copy) memory=0xcafe0050 host_va=0x10002000000
kayfabe: GR-FB-JOIN proc=2 chan=5 SET_TEX_HEADER_POOL leaf va=0x10000000000 → ALREADY JOINED (idempotent replay; no second object, no second descriptor, no second establishment copy) memory=0xcafe0051 host_va=0x10000000000
kayfabe: GR-FB-JOIN proc=2 chan=5 ⊘ NO PROBE: no leaf reached a live view this doorbell, so there is nothing to ask about. ⊘ That is the absence of a measurement, NOT a measurement of absence
kayfabe: GR-ADDRESS-CENSUS (RE-STATED AFTER JOINING) proc=2 chan=5 joined_leaves=3 live_views=0 ⊘ still nothing executed and still nothing is permission
      SET_VALID_SPAN_OVERFLOW_AREA             m=0x0200 sub=1 va=0x200000000 → HostBackedFb { phys: 4194304, leaf: FbLeaf { va: 8589934592, len: 2097152, phys: 4194304 }, host_va: 8589934592, memory: 3405643855 }
      SET_SHADER_SHARED_MEMORY_WINDOW          m=0x02a0 sub=1 va=0x742bb5000000 → Unresolved("CeWalk { va: GpuVa(127731069091840), kind: \"Fault\" } at va=0x742bb5000000: Fault")
      SET_TEX_SAMPLER_POOL                     m=0x155c sub=1 va=0x10002000000 → HostBackedFb { phys: 8388608, leaf: FbLeaf { va: 1099545182208, len: 2097152, phys: 8388608 }, host_va: 1099545182208, memory: 3405643856 }
      SET_TEX_HEADER_POOL                      m=0x1574 sub=1 va=0x10000000000 → HostBackedFb { phys: 6291456, leaf: FbLeaf { va: 1099511627776, len: 2097152, phys: 6291456 }, host_va: 1099511627776, memory: 3405643857 }
      SET_REPORT_SEMAPHORE                     m=0x1b00 sub=1 va=0x20440ffa0 → GuestRam { gpa: 267829152 }
kayfabe: RING-PROJ token=0x0000000c proc=2 chan=5 vchid=VChid(0xc) key=0xc1d0000c:0x5c00002f engine=GrCompute vas=0x5c000007 dec=NONE pdb=0x201000 ring=0x20020f000 entries=1024 (projection: ce_channel_facts) DESCENT | c=0xc1d0000c vas=0x5c000007 dec=NONE userd=h0x5c000014/off0x11000 root=0x201000/ap1/sh47/va[0x0..0x0] rootsrc=declared(object-model) ring=0x20020f000 rng=V:0x100f000 fin=V:0x1017004 gp[0]@0x20020f000=0x201800000+0x360 pb=S:0x59d3000 pbm[32w of 864B]: [0]sub1/m0x0/Incrementing/n1=0xc7c0 [1]sub1/m0x100/Incrementing/n1=0x0 [2]sub1/m0x2a0/Incrementing/n1=0x742b [3]sub1/m0x2a4/Incrementing/n1=0xb5000000 [4]sub1/m0x310/Incrementing/n1=0x806 [5]sub1/m0x248/Incrementing/n1=0x5403f [6]sub1/m0x248/Incrementing/n1=0x5403e [7]sub1/m0x248/Incrementing/n1=0x5403d [8]sub1/m0x248/Incrementing/n1=0x5403c [9]sub1/m0x248/Incrementing/n1=0x5403b [10]sub1/m0x248/Incrementing/n1=0x5403a [11]sub1/m0x248/Incrementing/n1=0x54039 scan=1024/1024 declared (COMPLETE: every declared entry was read), unread=0, nonzero=[0]=0x0003620201800000 row=ABSENT-FROM-ROOT-TABLE(11 rows, 0 REFUSED-BY-CAP) fbRING[p0]@0x100f000=0000800102620300000000000000000000000000000000000000000000000000 nz5/4096 resN-NEVER-WRITTEN by? fbRING[p1]@0x1010000=0000000000000000000000000000000000000000000000000000000000000000 nz0/4096 resN-NEVER-WRITTEN by? fbFIN@0x1017004=0000000000000000000000000000000000000000000000000000000000000000 nz2/4096 resN-NEVER-WRITTEN by? walk: L0@0x201000/byEXEC#104[ch1 lf0 sp0 inv3]=PDE@0x0->0x202000/Vidmem L1@0x202000/byEXEC#105[ch3 lf0 sp0 inv509]=PDE@0x0->0x203000/Vidmem L2@0x203000/byEXEC#106[ch1 lf0 sp0 inv511]=PDE@0x200000000->0x204000/Vidmem L3@0x204000/byEXEC#107[ch29 lf7 sp0 inv221]=LEAF@0x200200000->0x1000000/Vidmem/sz0x200000 walkend=LEAF
kayfabe: PT-DECODE token=0x0000000c | EXEC-WITNESS ARMED resident=156 by-executor=39 refused-at-cap=0 | PT-DECODE drained=143 latched=38 unowned_vas=0 requeued=105 rounds=1 → bound=0 unchanged=0 repointed=0 unbound=0 learned=0 published=0/0 meta_refused=0 unwitnessed=0 unreachable=0 sparse=0 dropped=0 refusals=255 faults=0 reach_faults=0 retired=0 pass_vas_gone=0 first=StraddlesLiveBinding { va: GpuVa(8655536128) } [witness writes=358282 pending=105 refused=0+0]
kayfabe: VAS-BIND-CENSUS proc=2 gpu=0 pdb=0x201000 va=0x20020f000 vas=PRESENT rows=13348 hit=0x100f000/Vidmem/start0x200200000/len0x200000 root=0x201000 root_dirty=N root_wit=Y root_meta=N dirty=0 meta=36 shadow=37 wit=37 published=13344 wit_sample=[0x201000,0x202000,0x203000,0x204000] root_owner=p2:0x201000
kayfabe: GUEST-RAM PIN token=0x0000000c dev=1 ino=1622545 proc=2 chan=5 pdb=0x201000 ring=0x20020f000 → NOT IN GUEST RAM (the table binds this VA in aperture Vidmem at 0x100f000; `Binding::phys` is a guest-physical address ONLY for sysmem, so there is no file offset to ask the layout for. ⊘ Refused by name — nothing here reinterprets a framebuffer address as a GPA)
kayfabe: COMPLETION-DECLARE token=0x0000000d proc=2 chan=6 engine=GrCompute → DECLARED va=0x20440ff90 payload=0x00000001 awaken=0 four_words=1 op=0 subch=1 class=0xc7c0 site=GuestRam { gpa: 267829136 } (⊘ the observer WATCHES this address; it will never write it)
kayfabe: GR-ADDRESS-CENSUS proc=2 chan=6 class=0xc7c0 operands=5 bound=4 unbound=1 mme_dwords=39 ⊘ a census of what the host GR engine WOULD dereference; nothing here is executed and nothing here is permission
      SET_VALID_SPAN_OVERFLOW_AREA             m=0x0200 sub=1 va=0x200000000 → Framebuffer { phys: 4194304, leaf: FbLeaf { va: 8589934592, len: 2097152, phys: 4194304 } }
      SET_SHADER_SHARED_MEMORY_WINDOW          m=0x02a0 sub=1 va=0x742bb5000000 → Unresolved("CeWalk { va: GpuVa(127731069091840), kind: \"Fault\" } at va=0x742bb5000000: Fault")
      SET_TEX_SAMPLER_POOL                     m=0x155c sub=1 va=0x10002000000 → Framebuffer { phys: 8388608, leaf: FbLeaf { va: 1099545182208, len: 2097152, phys: 8388608 } }
      SET_TEX_HEADER_POOL                      m=0x1574 sub=1 va=0x10000000000 → Framebuffer { phys: 6291456, leaf: FbLeaf { va: 1099511627776, len: 2097152, phys: 6291456 } }
      SET_REPORT_SEMAPHORE                     m=0x1b00 sub=1 va=0x20440ff90 → GuestRam { gpa: 267829136 }
kayfabe: GR-FB-JOIN proc=2 chan=6 SET_VALID_SPAN_OVERFLOW_AREA leaf va=0x200000000 → ALREADY JOINED (idempotent replay; no second object, no second descriptor, no second establishment copy) memory=0xcafe004f host_va=0x200000000
kayfabe: GR-FB-JOIN proc=2 chan=6 SET_TEX_SAMPLER_POOL leaf va=0x10002000000 → ALREADY JOINED (idempotent replay; no second object, no second descriptor, no second establishment copy) memory=0xcafe0050 host_va=0x10002000000
kayfabe: GR-FB-JOIN proc=2 chan=6 SET_TEX_HEADER_POOL leaf va=0x10000000000 → ALREADY JOINED (idempotent replay; no second object, no second descriptor, no second establishment copy) memory=0xcafe0051 host_va=0x10000000000
kayfabe: GR-FB-JOIN proc=2 chan=6 ⊘ NO PROBE: no leaf reached a live view this doorbell, so there is nothing to ask about. ⊘ That is the absence of a measurement, NOT a measurement of absence
kayfabe: GR-ADDRESS-CENSUS (RE-STATED AFTER JOINING) proc=2 chan=6 joined_leaves=3 live_views=0 ⊘ still nothing executed and still nothing is permission
      SET_VALID_SPAN_OVERFLOW_AREA             m=0x0200 sub=1 va=0x200000000 → HostBackedFb { phys: 4194304, leaf: FbLeaf { va: 8589934592, len: 2097152, phys: 4194304 }, host_va: 8589934592, memory: 3405643855 }
      SET_SHADER_SHARED_MEMORY_WINDOW          m=0x02a0 sub=1 va=0x742bb5000000 → Unresolved("CeWalk { va: GpuVa(127731069091840), kind: \"Fault\" } at va=0x742bb5000000: Fault")
      SET_TEX_SAMPLER_POOL                     m=0x155c sub=1 va=0x10002000000 → HostBackedFb { phys: 8388608, leaf: FbLeaf { va: 1099545182208, len: 2097152, phys: 8388608 }, host_va: 1099545182208, memory: 3405643856 }
      SET_TEX_HEADER_POOL                      m=0x1574 sub=1 va=0x10000000000 → HostBackedFb { phys: 6291456, leaf: FbLeaf { va: 1099511627776, len: 2097152, phys: 6291456 }, host_va: 1099511627776, memory: 3405643857 }
      SET_REPORT_SEMAPHORE                     m=0x1b00 sub=1 va=0x20440ff90 → GuestRam { gpa: 267829136 }
kayfabe: RING-PROJ token=0x0000000d proc=2 chan=6 vchid=VChid(0xd) key=0xc1d0000c:0x5c000033 engine=GrCompute vas=0x5c000007 dec=NONE pdb=0x201000 ring=0x200212000 entries=1024 (projection: ce_channel_facts) DESCENT | c=0xc1d0000c vas=0x5c000007 dec=NONE userd=h0x5c000014/off0x14000 root=0x201000/ap1/sh47/va[0x0..0x0] rootsrc=declared(object-model) ring=0x200212000 rng=V:0x1012000 fin=V:0x101a004 gp[0]@0x200212000=0x201c00000+0x360 pb=S:0x23ad3000 pbm[32w of 864B]: [0]sub1/m0x0/Incrementing/n1=0xc7c0 [1]sub1/m0x100/Incrementing/n1=0x0 [2]sub1/m0x2a0/Incrementing/n1=0x742b [3]sub1/m0x2a4/Incrementing/n1=0xb5000000 [4]sub1/m0x310/Incrementing/n1=0x806 [5]sub1/m0x248/Incrementing/n1=0x5403f [6]sub1/m0x248/Incrementing/n1=0x5403e [7]sub1/m0x248/Incrementing/n1=0x5403d [8]sub1/m0x248/Incrementing/n1=0x5403c [9]sub1/m0x248/Incrementing/n1=0x5403b [10]sub1/m0x248/Incrementing/n1=0x5403a [11]sub1/m0x248/Incrementing/n1=0x54039 scan=1024/1024 declared (COMPLETE: every declared entry was read), unread=0, nonzero=[0]=0x0003620201c00000 row=ABSENT-FROM-ROOT-TABLE(11 rows, 0 REFUSED-BY-CAP) fbRING[p0]@0x1012000=0000c00102620300000000000000000000000000000000000000000000000000 nz5/4096 resN-NEVER-WRITTEN by? fbRING[p1]@0x1013000=0000000000000000000000000000000000000000000000000000000000000000 nz0/4096 resN-NEVER-WRITTEN by? fbFIN@0x101a004=0000000000000000000000000000000000000000000000000000000000000000 nz3/4096 resN-NEVER-WRITTEN by? walk: L0@0x201000/byEXEC#104[ch1 lf0 sp0 inv3]=PDE@0x0->0x202000/Vidmem L1@0x202000/byEXEC#105[ch3 lf0 sp0 inv509]=PDE@0x0->0x203000/Vidmem L2@0x203000/byEXEC#106[ch1 lf0 sp0 inv511]=PDE@0x200000000->0x204000/Vidmem L3@0x204000/byEXEC#107[ch29 lf7 sp0 inv221]=LEAF@0x200200000->0x1000000/Vidmem/sz0x200000 walkend=LEAF
kayfabe: PT-DECODE token=0x0000000d | EXEC-WITNESS ARMED resident=156 by-executor=39 refused-at-cap=0 | PT-DECODE drained=145 latched=38 unowned_vas=0 requeued=107 rounds=1 → bound=0 unchanged=0 repointed=0 unbound=0 learned=0 published=0/0 meta_refused=0 unwitnessed=0 unreachable=0 sparse=0 dropped=0 refusals=255 faults=0 reach_faults=0 retired=0 pass_vas_gone=0 first=StraddlesLiveBinding { va: GpuVa(8655536128) } [witness writes=358285 pending=107 refused=0+0]
kayfabe: VAS-BIND-CENSUS proc=2 gpu=0 pdb=0x201000 va=0x200212000 vas=PRESENT rows=13348 hit=0x1012000/Vidmem/start0x200200000/len0x200000 root=0x201000 root_dirty=N root_wit=Y root_meta=N dirty=0 meta=36 shadow=37 wit=37 published=13344 wit_sample=[0x201000,0x202000,0x203000,0x204000] root_owner=p2:0x201000
kayfabe: GUEST-RAM PIN token=0x0000000d dev=1 ino=1622545 proc=2 chan=6 pdb=0x201000 ring=0x200212000 → NOT IN GUEST RAM (the table binds this VA in aperture Vidmem at 0x1012000; `Binding::phys` is a guest-physical address ONLY for sysmem, so there is no file offset to ask the layout for. ⊘ Refused by name — nothing here reinterprets a framebuffer address as a GPA)
kayfabe: COMPLETION-DECLARE token=0x0000000e proc=2 chan=7 engine=GrCompute → DECLARED va=0x20440ff80 payload=0x00000001 awaken=0 four_words=1 op=0 subch=1 class=0xc7c0 site=GuestRam { gpa: 267829120 } (⊘ the observer WATCHES this address; it will never write it)
kayfabe: GR-ADDRESS-CENSUS proc=2 chan=7 class=0xc7c0 operands=5 bound=4 unbound=1 mme_dwords=39 ⊘ a census of what the host GR engine WOULD dereference; nothing here is executed and nothing here is permission
      SET_VALID_SPAN_OVERFLOW_AREA             m=0x0200 sub=1 va=0x200000000 → Framebuffer { phys: 4194304, leaf: FbLeaf { va: 8589934592, len: 2097152, phys: 4194304 } }
      SET_SHADER_SHARED_MEMORY_WINDOW          m=0x02a0 sub=1 va=0x742bb5000000 → Unresolved("CeWalk { va: GpuVa(127731069091840), kind: \"Fault\" } at va=0x742bb5000000: Fault")
      SET_TEX_SAMPLER_POOL                     m=0x155c sub=1 va=0x10002000000 → Framebuffer { phys: 8388608, leaf: FbLeaf { va: 1099545182208, len: 2097152, phys: 8388608 } }
      SET_TEX_HEADER_POOL                      m=0x1574 sub=1 va=0x10000000000 → Framebuffer { phys: 6291456, leaf: FbLeaf { va: 1099511627776, len: 2097152, phys: 6291456 } }
      SET_REPORT_SEMAPHORE                     m=0x1b00 sub=1 va=0x20440ff80 → GuestRam { gpa: 267829120 }
kayfabe: GR-FB-JOIN proc=2 chan=7 SET_VALID_SPAN_OVERFLOW_AREA leaf va=0x200000000 → ALREADY JOINED (idempotent replay; no second object, no second descriptor, no second establishment copy) memory=0xcafe004f host_va=0x200000000
kayfabe: GR-FB-JOIN proc=2 chan=7 SET_TEX_SAMPLER_POOL leaf va=0x10002000000 → ALREADY JOINED (idempotent replay; no second object, no second descriptor, no second establishment copy) memory=0xcafe0050 host_va=0x10002000000
kayfabe: GR-FB-JOIN proc=2 chan=7 SET_TEX_HEADER_POOL leaf va=0x10000000000 → ALREADY JOINED (idempotent replay; no second object, no second descriptor, no second establishment copy) memory=0xcafe0051 host_va=0x10000000000
kayfabe: GR-FB-JOIN proc=2 chan=7 ⊘ NO PROBE: no leaf reached a live view this doorbell, so there is nothing to ask about. ⊘ That is the absence of a measurement, NOT a measurement of absence
kayfabe: GR-ADDRESS-CENSUS (RE-STATED AFTER JOINING) proc=2 chan=7 joined_leaves=3 live_views=0 ⊘ still nothing executed and still nothing is permission
      SET_VALID_SPAN_OVERFLOW_AREA             m=0x0200 sub=1 va=0x200000000 → HostBackedFb { phys: 4194304, leaf: FbLeaf { va: 8589934592, len: 2097152, phys: 4194304 }, host_va: 8589934592, memory: 3405643855 }
      SET_SHADER_SHARED_MEMORY_WINDOW          m=0x02a0 sub=1 va=0x742bb5000000 → Unresolved("CeWalk { va: GpuVa(127731069091840), kind: \"Fault\" } at va=0x742bb5000000: Fault")
      SET_TEX_SAMPLER_POOL                     m=0x155c sub=1 va=0x10002000000 → HostBackedFb { phys: 8388608, leaf: FbLeaf { va: 1099545182208, len: 2097152, phys: 8388608 }, host_va: 1099545182208, memory: 3405643856 }
      SET_TEX_HEADER_POOL                      m=0x1574 sub=1 va=0x10000000000 → HostBackedFb { phys: 6291456, leaf: FbLeaf { va: 1099511627776, len: 2097152, phys: 6291456 }, host_va: 1099511627776, memory: 3405643857 }
      SET_REPORT_SEMAPHORE                     m=0x1b00 sub=1 va=0x20440ff80 → GuestRam { gpa: 267829120 }
kayfabe: RING-PROJ token=0x0000000e proc=2 chan=7 vchid=VChid(0xe) key=0xc1d0000c:0x5c000037 engine=GrCompute vas=0x5c000007 dec=NONE pdb=0x201000 ring=0x200215000 entries=1024 (projection: ce_channel_facts) DESCENT | c=0xc1d0000c vas=0x5c000007 dec=NONE userd=h0x5c000014/off0x17000 root=0x201000/ap1/sh47/va[0x0..0x0] rootsrc=declared(object-model) ring=0x200215000 rng=V:0x1015000 fin=V:0x101d004 gp[0]@0x200215000=0x202000000+0x360 pb=S:0x2ed3000 pbm[32w of 864B]: [0]sub1/m0x0/Incrementing/n1=0xc7c0 [1]sub1/m0x100/Incrementing/n1=0x0 [2]sub1/m0x2a0/Incrementing/n1=0x742b [3]sub1/m0x2a4/Incrementing/n1=0xb5000000 [4]sub1/m0x310/Incrementing/n1=0x806 [5]sub1/m0x248/Incrementing/n1=0x5403f [6]sub1/m0x248/Incrementing/n1=0x5403e [7]sub1/m0x248/Incrementing/n1=0x5403d [8]sub1/m0x248/Incrementing/n1=0x5403c [9]sub1/m0x248/Incrementing/n1=0x5403b [10]sub1/m0x248/Incrementing/n1=0x5403a [11]sub1/m0x248/Incrementing/n1=0x54039 scan=1024/1024 declared (COMPLETE: every declared entry was read), unread=0, nonzero=[0]=0x0003620202000000 row=ABSENT-FROM-ROOT-TABLE(11 rows, 0 REFUSED-BY-CAP) fbRING[p0]@0x1015000=0000000202620300000000000000000000000000000000000000000000000000 nz4/4096 resN-NEVER-WRITTEN by? fbRING[p1]@0x1016000=0000000000000000000000000000000000000000000000000000000000000000 nz0/4096 resN-NEVER-WRITTEN by? fbFIN@0x101d004=0000000000000000000000000000000000000000000000000000000000000000 nz3/4096 resN-NEVER-WRITTEN by? walk: L0@0x201000/byEXEC#104[ch1 lf0 sp0 inv3]=PDE@0x0->0x202000/Vidmem L1@0x202000/byEXEC#105[ch3 lf0 sp0 inv509]=PDE@0x0->0x203000/Vidmem L2@0x203000/byEXEC#106[ch1 lf0 sp0 inv511]=PDE@0x200000000->0x204000/Vidmem L3@0x204000/byEXEC#107[ch29 lf7 sp0 inv221]=LEAF@0x200200000->0x1000000/Vidmem/sz0x200000 walkend=LEAF
kayfabe: PT-DECODE token=0x0000000e | EXEC-WITNESS ARMED resident=156 by-executor=39 refused-at-cap=0 | PT-DECODE drained=147 latched=38 unowned_vas=0 requeued=109 rounds=1 → bound=0 unchanged=0 repointed=0 unbound=0 learned=0 published=0/0 meta_refused=0 unwitnessed=0 unreachable=0 sparse=0 dropped=0 refusals=255 faults=0 reach_faults=0 retired=0 pass_vas_gone=0 first=StraddlesLiveBinding { va: GpuVa(8655536128) } [witness writes=358288 pending=109 refused=0+0]
kayfabe: VAS-BIND-CENSUS proc=2 gpu=0 pdb=0x201000 va=0x200215000 vas=PRESENT rows=13348 hit=0x1015000/Vidmem/start0x200200000/len0x200000 root=0x201000 root_dirty=N root_wit=Y root_meta=N dirty=0 meta=36 shadow=37 wit=37 published=13344 wit_sample=[0x201000,0x202000,0x203000,0x204000] root_owner=p2:0x201000
kayfabe: GUEST-RAM PIN token=0x0000000e dev=1 ino=1622545 proc=2 chan=7 pdb=0x201000 ring=0x200215000 → NOT IN GUEST RAM (the table binds this VA in aperture Vidmem at 0x1015000; `Binding::phys` is a guest-physical address ONLY for sysmem, so there is no file offset to ask the layout for. ⊘ Refused by name — nothing here reinterprets a framebuffer address as a GPA)
kayfabe: COMPLETION-WATCH proc=2 chan=0 va=0x20440fff0 payload=0x00000001 → NOT-OBSERVED samples=88 last_seen=0x00000000 awaken=0 four_words=1 ⊘ the address WAS readable and the declared payload never appeared — a statement about the completion plane, not about the observer
kayfabe: COMPLETION-WATCH proc=2 chan=1 va=0x20440ffe0 payload=0x00000001 → NOT-OBSERVED samples=87 last_seen=0x00000000 awaken=0 four_words=1 ⊘ the address WAS readable and the declared payload never appeared — a statement about the completion plane, not about the observer
kayfabe: COMPLETION-WATCH proc=2 chan=2 va=0x20440ffd0 payload=0x00000001 → NOT-OBSERVED samples=86 last_seen=0x00000000 awaken=0 four_words=1 ⊘ the address WAS readable and the declared payload never appeared — a statement about the completion plane, not about the observer
kayfabe: COMPLETION-WATCH proc=2 chan=3 va=0x20440ffc0 payload=0x00000001 → NOT-OBSERVED samples=85 last_seen=0x00000000 awaken=0 four_words=1 ⊘ the address WAS readable and the declared payload never appeared — a statement about the completion plane, not about the observer
kayfabe: COMPLETION-WATCH proc=2 chan=4 va=0x20440ffb0 payload=0x00000001 → NOT-OBSERVED samples=84 last_seen=0x00000000 awaken=0 four_words=1 ⊘ the address WAS readable and the declared payload never appeared — a statement about the completion plane, not about the observer
kayfabe: COMPLETION-WATCH proc=2 chan=5 va=0x20440ffa0 payload=0x00000001 → NOT-OBSERVED samples=83 last_seen=0x00000000 awaken=0 four_words=1 ⊘ the address WAS readable and the declared payload never appeared — a statement about the completion plane, not about the observer
kayfabe: COMPLETION-WATCH proc=2 chan=6 va=0x20440ff90 payload=0x00000001 → NOT-OBSERVED samples=82 last_seen=0x00000000 awaken=0 four_words=1 ⊘ the address WAS readable and the declared payload never appeared — a statement about the completion plane, not about the observer
kayfabe: COMPLETION-WATCH proc=2 chan=7 va=0x20440ff80 payload=0x00000001 → NOT-OBSERVED samples=81 last_seen=0x00000000 awaken=0 four_words=1 ⊘ the address WAS readable and the declared payload never appeared — a statement about the completion plane, not about the observer
2026-08-12T05:46:25.874489Z qemu-system-x86_64: info: nvkvm: DOORBELL-HEARTBEAT arrival #128 token 0x00010003
2026-08-12T05:46:25.986965Z qemu-system-x86_64: info: nvkvm: DOORBELL-HEARTBEAT arrival #160 token 0x00010001
kayfabe: RING-ROSTER 26 row(s), 0 dropped past the cap (a non-zero drop count means this list is a PREFIX and its absences prove nothing)
kayfabe:   RING-ROSTER key=0xc1e00005:0x2 ring=0x120064000 entries=4096
kayfabe:   RING-ROSTER key=0xc1e00006:0x2 ring=0x420064000 entries=4096
kayfabe:   RING-ROSTER key=0xc1e00007:0xbaba0045 ring=0x0 entries=32
kayfabe:   RING-ROSTER key=0xc1e00010:0x2 ring=0x120064000 entries=4096
kayfabe:   RING-ROSTER key=0xc1e00011:0x2 ring=0x420064000 entries=4096
kayfabe:   RING-ROSTER key=0xc1e00012:0xbaba0045 ring=0x0 entries=32
kayfabe:   RING-ROSTER key=0xc1d0000a:0xcaf00012 ring=0x121010000 entries=1024
kayfabe:   RING-ROSTER key=0xc1d0000a:0xcaf0001d ring=0x121040000 entries=1024
kayfabe:   RING-ROSTER key=0xc1d0000a:0xcaf00028 ring=0x121070000 entries=1024
kayfabe:   RING-ROSTER key=0xc1d0000a:0xcaf00033 ring=0x1210a0000 entries=1024
kayfabe:   RING-ROSTER key=0xc1d0000c:0x5c000019 ring=0x200200000 entries=1024
kayfabe:   RING-ROSTER key=0xc1d0000c:0x5c00001f ring=0x200203000 entries=1024
kayfabe:   RING-ROSTER key=0xc1d0000c:0x5c000023 ring=0x200206000 entries=1024
kayfabe:   RING-ROSTER key=0xc1d0000c:0x5c000027 ring=0x200209000 entries=1024
kayfabe:   RING-ROSTER key=0xc1d0000c:0x5c00002b ring=0x20020c000 entries=1024
kayfabe:   RING-ROSTER key=0xc1d0000c:0x5c00002f ring=0x20020f000 entries=1024
kayfabe:   RING-ROSTER key=0xc1d0000c:0x5c000033 ring=0x200212000 entries=1024
kayfabe:   RING-ROSTER key=0xc1d0000c:0x5c000037 ring=0x200215000 entries=1024
kayfabe:   RING-ROSTER key=0xc1d0000c:0x5c00003d ring=0x200218000 entries=1024
kayfabe:   RING-ROSTER key=0xc1d0000c:0x5c000040 ring=0x20021b000 entries=1024
kayfabe:   RING-ROSTER key=0xc1d0000c:0x5c000043 ring=0x20021e000 entries=1024
kayfabe:   RING-ROSTER key=0xc1d0000c:0x5c000046 ring=0x200221000 entries=1024
kayfabe:   RING-ROSTER key=0xc1d0000c:0x5c00004b ring=0x200224000 entries=1024
kayfabe:   RING-ROSTER key=0xc1d0000c:0x5c00004e ring=0x200227000 entries=1024
kayfabe:   RING-ROSTER key=0xc1d0000c:0x5c000051 ring=0x20022a000 entries=1024
kayfabe:   RING-ROSTER key=0xc1d0000c:0x5c000054 ring=0x20022d000 entries=1024
kayfabe: UNCLAIMED-CENSUS 64 distinct (bar, offset) pair(s) answered with a DEFAULTED ZERO (⊘ bounded first-N sample — an absence here proves nothing; the totals are the `registers:` line's UNCLAIMED counts)
kayfabe:   UNCLAIMED-CENSUS bar0 off=0x08841c
kayfabe:   UNCLAIMED-CENSUS bar0 off=0x08807c
kayfabe:   UNCLAIMED-CENSUS bar0 off=0x088898
kayfabe:   UNCLAIMED-CENSUS bar0 off=0x088bd8
kayfabe:   UNCLAIMED-CENSUS bar0 off=0x088be0
kayfabe:   UNCLAIMED-CENSUS bar0 off=0x088bf4
kayfabe:   UNCLAIMED-CENSUS bar0 off=0x088bfc
kayfabe:   UNCLAIMED-CENSUS bar0 off=0x100c40
kayfabe:   UNCLAIMED-CENSUS bar0 off=0x100c10
kayfabe:   UNCLAIMED-CENSUS bar0 off=0x001478
kayfabe:   UNCLAIMED-CENSUS bar0 off=0x088080
kayfabe:   UNCLAIMED-CENSUS bar0 off=0x820c04
kayfabe:   UNCLAIMED-CENSUS bar0 off=0x82074c
kayfabe:   UNCLAIMED-CENSUS bar0 off=0x824148
kayfabe:   UNCLAIMED-CENSUS bar0 off=0x009410
kayfabe:   UNCLAIMED-CENSUS bar0 off=0x009400
kayfabe:   UNCLAIMED-CENSUS bar0 off=0x823814
kayfabe:   UNCLAIMED-CENSUS bar0 off=0x625f04
kayfabe:   UNCLAIMED-CENSUS bar0 off=0x8241c0
kayfabe:   UNCLAIMED-CENSUS bar0 off=0x1103c0
kayfabe:   UNCLAIMED-CENSUS bar0 off=0x111668
kayfabe:   UNCLAIMED-CENSUS bar0 off=0x110084
kayfabe:   UNCLAIMED-CENSUS bar0 off=0x110624
kayfabe:   UNCLAIMED-CENSUS bar0 off=0x11010c
kayfabe:   UNCLAIMED-CENSUS bar0 off=0x110600
kayfabe:   UNCLAIMED-CENSUS bar0 off=0x110110
kayfabe:   UNCLAIMED-CENSUS bar0 off=0x110128
kayfabe:   UNCLAIMED-CENSUS bar0 off=0x110114
kayfabe:   UNCLAIMED-CENSUS bar0 off=0x11011c
kayfabe:   UNCLAIMED-CENSUS bar0 off=0x111210
kayfabe:   UNCLAIMED-CENSUS bar0 off=0x11119c
kayfabe:   UNCLAIMED-CENSUS bar0 off=0x111198
kayfabe:   UNCLAIMED-CENSUS bar0 off=0x111180
kayfabe:   UNCLAIMED-CENSUS bar0 off=0x110104
kayfabe:   UNCLAIMED-CENSUS bar0 off=0x001438
kayfabe:   UNCLAIMED-CENSUS bar0 off=0x8400f4
kayfabe:   UNCLAIMED-CENSUS bar0 off=0x8403c0
kayfabe:   UNCLAIMED-CENSUS bar0 off=0x840084
kayfabe:   UNCLAIMED-CENSUS bar0 off=0x840044
kayfabe:   UNCLAIMED-CENSUS bar0 off=0x840624
kayfabe:   UNCLAIMED-CENSUS bar0 off=0x84010c
kayfabe:   UNCLAIMED-CENSUS bar0 off=0x840600
kayfabe:   UNCLAIMED-CENSUS bar0 off=0x840110
kayfabe:   UNCLAIMED-CENSUS bar0 off=0x840128
kayfabe:   UNCLAIMED-CENSUS bar0 off=0x840114
kayfabe:   UNCLAIMED-CENSUS bar0 off=0x84011c
kayfabe:   UNCLAIMED-CENSUS bar0 off=0x841210
kayfabe:   UNCLAIMED-CENSUS bar0 off=0x84119c
kayfabe:   UNCLAIMED-CENSUS bar0 off=0x841198
kayfabe:   UNCLAIMED-CENSUS bar0 off=0x841180
kayfabe:   UNCLAIMED-CENSUS bar0 off=0x840104
kayfabe:   UNCLAIMED-CENSUS bar0 off=0x110080
kayfabe:   UNCLAIMED-CENSUS bar0 off=0x110094
kayfabe:   UNCLAIMED-CENSUS bar0 off=0x088030
kayfabe:   UNCLAIMED-CENSUS bar0 off=0xb830b0
kayfabe:   UNCLAIMED-CENSUS bar0 off=0xb830a0
kayfabe:   UNCLAIMED-CENSUS bar0 off=0xb830a4
kayfabe:   UNCLAIMED-CENSUS bar0 off=0x088068
kayfabe:   UNCLAIMED-CENSUS bar0 off=0x0880c8
kayfabe:   UNCLAIMED-CENSUS bar0 off=0x088424
kayfabe:   UNCLAIMED-CENSUS bar0 off=0x088430
kayfabe:   UNCLAIMED-CENSUS bar0 off=0x088034
kayfabe:   UNCLAIMED-CENSUS bar0 off=0x088038
kayfabe:   UNCLAIMED-CENSUS bar0 off=0x08803c
2026-08-12T05:46:34.672381Z qemu-system-x86_64: info: nvkvm: registers: 11955 reads / 417304 writes (chip-constant 434, rom 4632, gsp 718r/1459w, UNCLAIMED 2875r/2470w), faults 2, guest-RAM refusals 0, interrupt requests dropped 841
2026-08-12T05:46:34.672484Z qemu-system-x86_64: info: nvkvm: timer: 204 counter reads, 0 writes REFUSED (the guest reads the host GPU's counter and may not move it)
2026-08-12T05:46:34.672508Z qemu-system-x86_64: info: nvkvm: interrupts: 196 vectors delivered, 0 undeliverable (guest had not enabled the table), 841 status-queue requests dropped
2026-08-12T05:46:34.672529Z qemu-system-x86_64: info: nvkvm: interrupt tree: 9605 register accesses, 2 guest LEAF_TRIGGER raises, 0 of them would be masked (⊘ if that equals the raises, the ENABLE BOOKKEEPING is blind and every "would be masked" number in this report is meaningless — the loopback self-test enables its leaf immediately before triggering)
2026-08-12T05:46:34.672550Z qemu-system-x86_64: info: nvkvm: completions: 4 announced (non-stall vector raised), 179 UNVECTORED (work done, nothing told the guest), 4 would be masked by the guest's own LEAF_EN
2026-08-12T05:46:34.672571Z qemu-system-x86_64: info: nvkvm: os-events: 3 registered / 3 retired / 0 live (0 malformed, 0 refused-full); 21 POST_EVENT posted in 7 batch(es); gate: 94 gated, 0 not-running, 0 failed, 6 IRQSCLR cleared
2026-08-12T05:46:34.672593Z qemu-system-x86_64: info: nvkvm: os-event announce: 7 GSP stall vector(s) raised, 0 UNVECTORED, 3 would be masked; 0 batch(es) WOKE WITH NOTHING (last join: 164 doorbells served, 8 of them forwarded, 6 new since the previous batch)
2026-08-12T05:46:34.672614Z qemu-system-x86_64: info: nvkvm: framebuffer: 1410 reads / 405167 writes served through the BAR0 moving window (52 window register reads / 42 writes), fb refusals 0, resident 10813440 bytes
2026-08-12T05:46:34.672636Z qemu-system-x86_64: info: nvkvm:   windows with no address model: 0r/0w — read it beside the BAR1 traffic that had to exist for this zero to say anything: 0 translated read(s) / 483 write(s), bar1PdeBase = 0x2f1cac000. ⊘ With 0 BAR1 accesses this line reports nothing about the guest.
2026-08-12T05:46:34.672657Z qemu-system-x86_64: info: nvkvm:   framebuffer residency: 2640 page(s) spanning [0x0..0x2f1cac000] — 3087533 page(s) of extent, so the resident set is SPARSE. ⊘ A page NOT in this set was never written; a page in it that reads zero WAS addressed and given zeros. The byte census alone cannot tell those apart.
2026-08-12T05:46:34.672679Z qemu-system-x86_64: info: nvkvm:   framebuffer FIRST-WRITER census: PRAMIN 21 / BAR1 9 / BAR2 88 / EXEC 2522 / UNATTRIBUTED 0 page(s) — FIRST writer, not last, so this attributes CREATION and not traffic.
2026-08-12T05:46:34.672700Z qemu-system-x86_64: info: nvkvm:   GPFIFO forward search: swept 2640 of 2640 resident page(s), and NO page carries GPFIFO-entry-shaped bytes. ⊘ This says the ring's bytes are not in THIS store — it does not say the guest never wrote them.
2026-08-12T05:46:34.672724Z qemu-system-x86_64: info: nvkvm:   trap-status nvkvm-bar0-regs: base 0xfd000000 -> region 'nvkvm-bar0-regs' (OURS), IO — TRAPPED, every guest access reaches this device. ⇒ a never-written page behind this row IS a statement about the guest, because we would have seen the write.
2026-08-12T05:46:34.672758Z qemu-system-x86_64: info: nvkvm:   trap-status nvkvm-bar1-window: base 0xe0000000 -> region 'nvkvm-bar1-window' (OURS), IO — TRAPPED, every guest access reaches this device. ⇒ a never-written page behind this row IS a statement about the guest, because we would have seen the write.
2026-08-12T05:46:34.672780Z qemu-system-x86_64: info: nvkvm:   trap-status nvkvm-bar2-window: base 0xf0000000 -> region 'nvkvm-bar2-window' (OURS), IO — TRAPPED, every guest access reaches this device. ⇒ a never-written page behind this row IS a statement about the guest, because we would have seen the write.
2026-08-12T05:46:34.672821Z qemu-system-x86_64: info: nvkvm:   trap-status nvkvm-msix: base 0xfe052000 -> region 'msix-table' ⚠ (NOT OURS — it overlays this BAR), IO — TRAPPED, every guest access reaches this device. ⇒ a never-written page behind this row IS a statement about the guest, because we would have seen the write.
2026-08-12T05:46:34.672843Z qemu-system-x86_64: info: nvkvm: discarding reservations: none — every region this device presents either traps to the archive or is the interrupt table. ⊘ This is read off the region table, not off a counter, so it cannot go stale the way an unreachable counter did.
2026-08-12T05:46:34.672864Z qemu-system-x86_64: info: nvkvm:   BAR1 access log: 16 of 483 access(es) recorded in full (FIRST ones, because the write under test precedes the doorbell) — ⊘ BOUNDED-LOG, later accesses are not shown
2026-08-12T05:46:34.672884Z qemu-system-x86_64: info: nvkvm:     BAR1[0] WRITE off=0x90000 size=4 val=0x20000000
2026-08-12T05:46:34.672906Z qemu-system-x86_64: info: nvkvm:     BAR1[1] WRITE off=0x90004 size=4 val=0x2801
2026-08-12T05:46:34.672926Z qemu-system-x86_64: info: nvkvm:     BAR1[2] WRITE off=0xa008c size=4 val=0x1
2026-08-12T05:46:34.672946Z qemu-system-x86_64: info: nvkvm:     BAR1[3] WRITE off=0xb0000 size=4 val=0x20100000
2026-08-12T05:46:34.672966Z qemu-system-x86_64: info: nvkvm:     BAR1[4] WRITE off=0xb0004 size=4 val=0x2801
2026-08-12T05:46:34.672987Z qemu-system-x86_64: info: nvkvm:     BAR1[5] WRITE off=0xc008c size=4 val=0x1
2026-08-12T05:46:34.673007Z qemu-system-x86_64: info: nvkvm:     BAR1[6] WRITE off=0xd0000 size=4 val=0x20200000
2026-08-12T05:46:34.673027Z qemu-system-x86_64: info: nvkvm:     BAR1[7] WRITE off=0xd0004 size=4 val=0x2801
2026-08-12T05:46:34.673047Z qemu-system-x86_64: info: nvkvm:     BAR1[8] WRITE off=0xe008c size=4 val=0x1
2026-08-12T05:46:34.673079Z qemu-system-x86_64: info: nvkvm:     BAR1[9] WRITE off=0xf0000 size=4 val=0x20300000
2026-08-12T05:46:34.673100Z qemu-system-x86_64: info: nvkvm:     BAR1[10] WRITE off=0xf0004 size=4 val=0x2801
2026-08-12T05:46:34.673121Z qemu-system-x86_64: info: nvkvm:     BAR1[11] WRITE off=0x10008c size=4 val=0x1
2026-08-12T05:46:34.673141Z qemu-system-x86_64: info: nvkvm:     BAR1[12] WRITE off=0x90008 size=4 val=0x20400000
2026-08-12T05:46:34.673162Z qemu-system-x86_64: info: nvkvm:     BAR1[13] WRITE off=0x9000c size=4 val=0x6801
2026-08-12T05:46:34.673182Z qemu-system-x86_64: info: nvkvm:     BAR1[14] WRITE off=0xa008c size=4 val=0x2
2026-08-12T05:46:34.673202Z qemu-system-x86_64: info: nvkvm:     BAR1[15] WRITE off=0x90010 size=4 val=0x20500000
2026-08-12T05:46:34.673222Z qemu-system-x86_64: info: nvkvm: BAR2 (translated): 1388 reads / 336728 writes resolved through the GMMU, 0 REFUSED by name; roots published 4 (0 bodies refused), BAR2 root entry 0x0
2026-08-12T05:46:34.673243Z qemu-system-x86_64: info: nvkvm: SET_PAGE_DIRECTORY (0x00801813): 2 ACCEPTED, 0 refused; latest hClient 0xc1d0000a hObject 0xcaf00000 hVASpace 0xcaf00036 physAddress 0x201000 numEntries 4 flags 0x8 (aperture 0)
2026-08-12T05:46:34.673265Z qemu-system-x86_64: info: nvkvm: BAR1 (translated): 0 reads / 483 writes resolved through the GMMU, 0 REFUSED by name; bar1PdeBase = 0x2f1cac000 (the framebuffer address WE published and the walk starts from), root entry published by the guest: no, as ogkm-580's two UPDATE_BAR_PDE call sites predict
2026-08-12T05:46:34.673286Z qemu-system-x86_64: info: nvkvm: VA-space page-directory publications: 12 total, 11 distinct, 0 UNDECODABLE (counted from 0x90f10106 / 0x20800a9f ONLY; ⊘ 0x00801813 publishes a root too and is counted on its own line above, so these totals are NOT every root the guest published)
2026-08-12T05:46:34.673307Z qemu-system-x86_64: info: nvkvm:   of those, 14 reached the object model, 12 ACCEPTED (Vas::pdb populated from the guest's own publication), 0 not an event
2026-08-12T05:46:34.673411Z qemu-system-x86_64: info: nvkvm:   gvas cmd 0x20800a9f hClient 0x00000000 hObject 0x00000000 va [0x0000000100000000..0x000000011fffffff] pageSize 0x200000 levels 4 subdev 0/0 x2
2026-08-12T05:46:34.673440Z qemu-system-x86_64: info: nvkvm:     level[0] ROOT phys 0x00000002efbae000 size 0x20 aperture 1 pageShift 47
2026-08-12T05:46:34.673487Z qemu-system-x86_64: info: nvkvm:     level[1] phys 0x00000002efbad000 size 0x1000 aperture 1 pageShift 38
2026-08-12T05:46:34.673509Z qemu-system-x86_64: info: nvkvm:     level[2] phys 0x00000002efbac000 size 0x1000 aperture 1 pageShift 29
2026-08-12T05:46:34.673529Z qemu-system-x86_64: info: nvkvm:     level[3] phys 0x00000002efbab000 size 0x1000 aperture 1 pageShift 21
2026-08-12T05:46:34.673549Z qemu-system-x86_64: info: nvkvm:   gvas cmd 0x90f10106 hClient 0xc1e00005 hObject 0x0000000c va [0x0000000100000000..0x000000011fffffff] pageSize 0x200000 levels 4 subdev 0/0 x1
2026-08-12T05:46:34.673571Z qemu-system-x86_64: info: nvkvm:     level[0] ROOT phys 0x00000002efba5000 size 0x20 aperture 1 pageShift 47
2026-08-12T05:46:34.673592Z qemu-system-x86_64: info: nvkvm:     level[1] phys 0x00000002efba4000 size 0x1000 aperture 1 pageShift 38
2026-08-12T05:46:34.673612Z qemu-system-x86_64: info: nvkvm:     level[2] phys 0x00000002efba3000 size 0x1000 aperture 1 pageShift 29
2026-08-12T05:46:34.673632Z qemu-system-x86_64: info: nvkvm:     level[3] phys 0x00000002efba2000 size 0x1000 aperture 1 pageShift 21
2026-08-12T05:46:34.673664Z qemu-system-x86_64: info: nvkvm:   gvas cmd 0x90f10106 hClient 0xc1e00006 hObject 0x0000000a va [0x0000000100000000..0x000000011fffffff] pageSize 0x200000 levels 4 subdev 0/0 x1
2026-08-12T05:46:34.673685Z qemu-system-x86_64: info: nvkvm:     level[0] ROOT phys 0x00000002efa9c000 size 0x20 aperture 1 pageShift 47
2026-08-12T05:46:34.673705Z qemu-system-x86_64: info: nvkvm:     level[1] phys 0x00000002efa9b000 size 0x1000 aperture 1 pageShift 38
2026-08-12T05:46:34.673726Z qemu-system-x86_64: info: nvkvm:     level[2] phys 0x00000002efa9a000 size 0x1000 aperture 1 pageShift 29
2026-08-12T05:46:34.673746Z qemu-system-x86_64: info: nvkvm:     level[3] phys 0x00000002efa99000 size 0x1000 aperture 1 pageShift 21
2026-08-12T05:46:34.673766Z qemu-system-x86_64: info: nvkvm:   gvas cmd 0x90f10106 hClient 0xc1e00007 hObject 0xbaba0042 va [0x0000000100000000..0x000000011fffffff] pageSize 0x200000 levels 4 subdev 0/0 x1
2026-08-12T05:46:34.673787Z qemu-system-x86_64: info: nvkvm:     level[0] ROOT phys 0x00000002efa7c000 size 0x20 aperture 1 pageShift 47
2026-08-12T05:46:34.673807Z qemu-system-x86_64: info: nvkvm:     level[1] phys 0x00000002efa7b000 size 0x1000 aperture 1 pageShift 38
2026-08-12T05:46:34.673828Z qemu-system-x86_64: info: nvkvm:     level[2] phys 0x00000002efa7a000 size 0x1000 aperture 1 pageShift 29
2026-08-12T05:46:34.673848Z qemu-system-x86_64: info: nvkvm:     level[3] phys 0x00000002efa79000 size 0x1000 aperture 1 pageShift 21
2026-08-12T05:46:34.673868Z qemu-system-x86_64: info: nvkvm:   gvas cmd 0x90f10106 hClient 0xc1d00008 hObject 0xcaf00000 va [0x0000000100000000..0x000000011fffffff] pageSize 0x200000 levels 4 subdev 0/0 x1
2026-08-12T05:46:34.673889Z qemu-system-x86_64: info: nvkvm:     level[0] ROOT phys 0x00000002efa7c000 size 0x20 aperture 1 pageShift 47
2026-08-12T05:46:34.673918Z qemu-system-x86_64: info: nvkvm:     level[1] phys 0x00000002efa7b000 size 0x1000 aperture 1 pageShift 38
2026-08-12T05:46:34.673940Z qemu-system-x86_64: info: nvkvm:     level[2] phys 0x00000002efa7a000 size 0x1000 aperture 1 pageShift 29
2026-08-12T05:46:34.673960Z qemu-system-x86_64: info: nvkvm:     level[3] phys 0x00000002efa79000 size 0x1000 aperture 1 pageShift 21
2026-08-12T05:46:34.673980Z qemu-system-x86_64: info: nvkvm:   gvas cmd 0x90f10106 hClient 0xc1e00010 hObject 0x0000000c va [0x0000000100000000..0x000000011fffffff] pageSize 0x200000 levels 4 subdev 0/0 x1
2026-08-12T05:46:34.674001Z qemu-system-x86_64: info: nvkvm:     level[0] ROOT phys 0x00000002efba5000 size 0x20 aperture 1 pageShift 47
2026-08-12T05:46:34.674021Z qemu-system-x86_64: info: nvkvm:     level[1] phys 0x00000002efba4000 size 0x1000 aperture 1 pageShift 38
2026-08-12T05:46:34.674053Z qemu-system-x86_64: info: nvkvm:     level[2] phys 0x00000002efba3000 size 0x1000 aperture 1 pageShift 29
2026-08-12T05:46:34.674074Z qemu-system-x86_64: info: nvkvm:     level[3] phys 0x00000002efba2000 size 0x1000 aperture 1 pageShift 21
2026-08-12T05:46:34.674094Z qemu-system-x86_64: info: nvkvm:   gvas cmd 0x90f10106 hClient 0xc1e00011 hObject 0x0000000a va [0x0000000100000000..0x000000011fffffff] pageSize 0x200000 levels 4 subdev 0/0 x1
2026-08-12T05:46:34.674115Z qemu-system-x86_64: info: nvkvm:     level[0] ROOT phys 0x00000002efa9c000 size 0x20 aperture 1 pageShift 47
2026-08-12T05:46:34.674135Z qemu-system-x86_64: info: nvkvm:     level[1] phys 0x00000002efa9b000 size 0x1000 aperture 1 pageShift 38
2026-08-12T05:46:34.674156Z qemu-system-x86_64: info: nvkvm:     level[2] phys 0x00000002efa9a000 size 0x1000 aperture 1 pageShift 29
2026-08-12T05:46:34.674176Z qemu-system-x86_64: info: nvkvm:     level[3] phys 0x00000002efa99000 size 0x1000 aperture 1 pageShift 21
2026-08-12T05:46:34.674207Z qemu-system-x86_64: info: nvkvm:   gvas cmd 0x90f10106 hClient 0xc1e00012 hObject 0xbaba0042 va [0x0000000100000000..0x000000011fffffff] pageSize 0x200000 levels 4 subdev 0/0 x1
2026-08-12T05:46:34.674228Z qemu-system-x86_64: info: nvkvm:     level[0] ROOT phys 0x00000002efa7c000 size 0x20 aperture 1 pageShift 47
2026-08-12T05:46:34.674249Z qemu-system-x86_64: info: nvkvm:     level[1] phys 0x00000002efa7b000 size 0x1000 aperture 1 pageShift 38
2026-08-12T05:46:34.674269Z qemu-system-x86_64: info: nvkvm:     level[2] phys 0x00000002efa7a000 size 0x1000 aperture 1 pageShift 29
2026-08-12T05:46:34.674289Z qemu-system-x86_64: info: nvkvm:     level[3] phys 0x00000002efa79000 size 0x1000 aperture 1 pageShift 21
2026-08-12T05:46:34.674309Z qemu-system-x86_64: info: nvkvm:   gvas cmd 0x90f10106 hClient 0xc1d00013 hObject 0xcaf00000 va [0x0000000100000000..0x000000011fffffff] pageSize 0x200000 levels 4 subdev 0/0 x1
2026-08-12T05:46:34.674330Z qemu-system-x86_64: info: nvkvm:     level[0] ROOT phys 0x00000002efa7c000 size 0x20 aperture 1 pageShift 47
2026-08-12T05:46:34.674378Z qemu-system-x86_64: info: nvkvm:     level[1] phys 0x00000002efa7b000 size 0x1000 aperture 1 pageShift 38
2026-08-12T05:46:34.674400Z qemu-system-x86_64: info: nvkvm:     level[2] phys 0x00000002efa7a000 size 0x1000 aperture 1 pageShift 29
2026-08-12T05:46:34.674421Z qemu-system-x86_64: info: nvkvm:     level[3] phys 0x00000002efa79000 size 0x1000 aperture 1 pageShift 21
2026-08-12T05:46:34.674441Z qemu-system-x86_64: info: nvkvm:   gvas cmd 0x90f10106 hClient 0xc1d0000c hObject 0x5c000008 va [0x0000000100000000..0x000000011fffffff] pageSize 0x200000 levels 4 subdev 0/0 x1
2026-08-12T05:46:34.674484Z qemu-system-x86_64: info: nvkvm:     level[0] ROOT phys 0x0000000000000000 size 0x20 aperture 1 pageShift 47
2026-08-12T05:46:34.674506Z qemu-system-x86_64: info: nvkvm:     level[1] phys 0x0000000000001000 size 0x1000 aperture 1 pageShift 38
2026-08-12T05:46:34.674527Z qemu-system-x86_64: info: nvkvm:     level[2] phys 0x0000000000002000 size 0x1000 aperture 1 pageShift 29
2026-08-12T05:46:34.674547Z qemu-system-x86_64: info: nvkvm:     level[3] phys 0x0000000000003000 size 0x1000 aperture 1 pageShift 21
2026-08-12T05:46:34.674567Z qemu-system-x86_64: info: nvkvm:   gvas cmd 0x90f10106 hClient 0xc1d0000a hObject 0xcaf00005 va [0x0000000100000000..0x000000011fffffff] pageSize 0x200000 levels 4 subdev 0/0 x1
2026-08-12T05:46:34.674588Z qemu-system-x86_64: info: nvkvm:     level[0] ROOT phys 0x0000000000004000 size 0x20 aperture 1 pageShift 47
2026-08-12T05:46:34.674609Z qemu-system-x86_64: info: nvkvm:     level[1] phys 0x0000000000005000 size 0x1000 aperture 1 pageShift 38
2026-08-12T05:46:34.674629Z qemu-system-x86_64: info: nvkvm:     level[2] phys 0x0000000000006000 size 0x1000 aperture 1 pageShift 29
2026-08-12T05:46:34.674649Z qemu-system-x86_64: info: nvkvm:     level[3] phys 0x0000000000007000 size 0x1000 aperture 1 pageShift 21
2026-08-12T05:46:34.674681Z qemu-system-x86_64: info: nvkvm: commands: 843 decoded, 111 UNSERVICED (refused by name; the guest logs these quietly, which is why they are here), 41 distinct
2026-08-12T05:46:34.674702Z qemu-system-x86_64: info: nvkvm:   unserviced fn 76 cmd 0x20800a87
2026-08-12T05:46:34.674722Z qemu-system-x86_64: info: nvkvm:   unserviced fn 76 cmd 0x20800a4b
2026-08-12T05:46:34.674753Z qemu-system-x86_64: info: nvkvm:   unserviced fn 76 cmd 0x20800afe
2026-08-12T05:46:34.674773Z qemu-system-x86_64: info: nvkvm:   unserviced fn 76 cmd 0x20800aff
2026-08-12T05:46:34.674793Z qemu-system-x86_64: info: nvkvm:   unserviced fn 76 cmd 0x20800a70
2026-08-12T05:46:34.674813Z qemu-system-x86_64: info: nvkvm:   unserviced fn 76 cmd 0x20800a80
2026-08-12T05:46:34.674833Z qemu-system-x86_64: info: nvkvm:   unserviced fn 76 cmd 0x20802a0f
2026-08-12T05:46:34.674853Z qemu-system-x86_64: info: nvkvm:   unserviced fn 76 cmd 0x2080017e
2026-08-12T05:46:34.674872Z qemu-system-x86_64: info: nvkvm:   unserviced fn 76 cmd 0x20800a30
2026-08-12T05:46:34.674892Z qemu-system-x86_64: info: nvkvm:   unserviced fn 76 cmd 0x20800a2c
2026-08-12T05:46:34.674912Z qemu-system-x86_64: info: nvkvm:   unserviced fn 76 cmd 0x20800a2e
2026-08-12T05:46:34.674932Z qemu-system-x86_64: info: nvkvm:   unserviced fn 76 cmd 0x20800a34
2026-08-12T05:46:34.674951Z qemu-system-x86_64: info: nvkvm:   unserviced fn 76 cmd 0x20800b03
2026-08-12T05:46:34.674971Z qemu-system-x86_64: info: nvkvm:   unserviced fn 76 cmd 0x20800b05
2026-08-12T05:46:34.674991Z qemu-system-x86_64: info: nvkvm:   unserviced fn 76 cmd 0x20800a3f
2026-08-12T05:46:34.675022Z qemu-system-x86_64: info: nvkvm:   unserviced fn 76 cmd 0x2080013f
2026-08-12T05:46:34.675054Z qemu-system-x86_64: info: nvkvm:   unserviced fn 76 cmd 0x402c0101
2026-08-12T05:46:34.675090Z qemu-system-x86_64: info: nvkvm:   unserviced fn 76 cmd 0x00800294
2026-08-12T05:46:34.675123Z qemu-system-x86_64: info: nvkvm:   unserviced fn 76 cmd 0x20810108
2026-08-12T05:46:34.675155Z qemu-system-x86_64: info: nvkvm:   unserviced fn 76 cmd 0x20810110
2026-08-12T05:46:34.675179Z qemu-system-x86_64: info: nvkvm:   unserviced fn 76 cmd 0x2080014b
2026-08-12T05:46:34.675199Z qemu-system-x86_64: info: nvkvm:   unserviced fn 76 cmd 0x20800157
2026-08-12T05:46:34.675218Z qemu-system-x86_64: info: nvkvm:   unserviced fn 76 cmd 0x20801357
2026-08-12T05:46:34.675238Z qemu-system-x86_64: info: nvkvm:   unserviced fn 76 cmd 0x2080852e
2026-08-12T05:46:34.675258Z qemu-system-x86_64: info: nvkvm:   unserviced fn 76 cmd 0x20808513
2026-08-12T05:46:34.675290Z qemu-system-x86_64: info: nvkvm:   unserviced fn 76 cmd 0x20802068
2026-08-12T05:46:34.675311Z qemu-system-x86_64: info: nvkvm:   unserviced fn 76 cmd 0x2080a618
2026-08-12T05:46:34.675331Z qemu-system-x86_64: info: nvkvm:   unserviced fn 76 cmd 0x2080a612
2026-08-12T05:46:34.675384Z qemu-system-x86_64: info: nvkvm:   unserviced fn 76 cmd 0x20809009
2026-08-12T05:46:34.675405Z qemu-system-x86_64: info: nvkvm:   unserviced fn 76 cmd 0x208f1105
2026-08-12T05:46:34.675425Z qemu-system-x86_64: info: nvkvm:   unserviced fn 76 cmd 0x20800a38
2026-08-12T05:46:34.675445Z qemu-system-x86_64: info: nvkvm:   unserviced fn 76 cmd 0x2080012f
2026-08-12T05:46:34.675494Z qemu-system-x86_64: info: nvkvm:   unserviced fn 76 cmd 0x20802a12
2026-08-12T05:46:34.675515Z qemu-system-x86_64: info: nvkvm:   unserviced fn 76 cmd 0x20800ab8
2026-08-12T05:46:34.675535Z qemu-system-x86_64: info: nvkvm:   unserviced fn 76 cmd 0x20800a9a
2026-08-12T05:46:34.675554Z qemu-system-x86_64: info: nvkvm:   unserviced fn 76 cmd 0xa06f0112
2026-08-12T05:46:34.675574Z qemu-system-x86_64: info: nvkvm:   unserviced fn 76 cmd 0x2080012c
2026-08-12T05:46:34.675594Z qemu-system-x86_64: info: nvkvm:   unserviced fn 76 cmd 0x00801814
2026-08-12T05:46:34.675614Z qemu-system-x86_64: info: nvkvm:   unserviced fn 76 cmd 0x20800a9e
2026-08-12T05:46:34.675633Z qemu-system-x86_64: info: nvkvm:   unserviced fn 76 cmd 0x20800a9c
2026-08-12T05:46:34.675653Z qemu-system-x86_64: info: nvkvm:   unserviced fn 76 cmd 0x20800a1e
2026-08-12T05:46:34.675687Z qemu-system-x86_64: info: nvkvm: bridge refusals: 18 total, 6 distinct (these ANSWER the command and so never reach the unserviced list)
2026-08-12T05:46:34.675710Z qemu-system-x86_64: info: nvkvm:   bridge refusal BridgeRefusal::AllocClassNotPermitted::NotOnAllowlist x2 id=0x0000c36f
2026-08-12T05:46:34.675744Z qemu-system-x86_64: info: nvkvm:   bridge refusal BridgeRefusal::AllocClassNotPermitted::Refused x2 id=0x0000402c
2026-08-12T05:46:34.675765Z qemu-system-x86_64: info: nvkvm:   bridge refusal BridgeRefusal::ReservedClient x2
2026-08-12T05:46:34.675787Z qemu-system-x86_64: info: nvkvm:   bridge refusal BridgeRefusal::UnmappedAllocClass x3 id=0x00000070,0x0000208f
2026-08-12T05:46:34.675807Z qemu-system-x86_64: info: nvkvm:   bridge refusal PromoteFault::UnknownContextObject x2
2026-08-12T05:46:34.675827Z qemu-system-x86_64: info: nvkvm:   bridge refusal RmGraphError::FreeUnknown x7
2026-08-12T05:46:34.675847Z qemu-system-x86_64: info: nvkvm: promote-ctx refusals: 3 distinct kind(s), each with the VA-space census AS IT STOOD AT ITS FIRST refusal
2026-08-12T05:46:34.675868Z qemu-system-x86_64: info: nvkvm:   promote-ctx PromoteFault::UnknownContextObject: UnknownContextObject { client: HClient(3251634184), object: HObject(826366208) } census[2 chans, 2 outcomes] {1x pdb=N own=not-declared cs=not-declared tsg=mid-miss(h0xa,wrong-kind(Device)) dev=dev-default(dev0xa=>h0xc) p0/c0:vc1 emulated Ce c0xc1e00005/0x2} {1x pdb=Y own=ok(h0xa=>c0xc1e00006/0xa) cs=not-attempted tsg=not-attempted dev=not-attempted p0/c1:vc2 emulated Ce c0xc1e00006/0x2}
2026-08-12T05:46:34.675889Z qemu-system-x86_64: info: nvkvm:   promote-ctx promote-ctx ACCEPTED (last, with the census AT it): bound=0 joined=0 joined_global=0 globals_known=1 globals_added=0 already=1 parked=0 half_already=9 half_unusable=0 orphans(awaiting_va=0,awaiting_phys=9) declined.promote_only=10 declined.initialize_only=0 entries=0 halves=10 client=0xc1d0000a chan_client=0xc1d0000c object=0x5c000037 proc=ProcId(2) census[14 chans, 4 outcomes] {1x pdb=N own=not-declared cs=not-declared tsg=mid-miss(h0xa,wrong-kind(Device)) dev=dev-default(dev0xa=>h0xc) p0/c3:vc1 emulated Ce c0xc1e00010/0x2} {1x pdb=Y own=ok(h0xa=>c0xc1e00011/0xa) cs=not-attempted tsg=not-attempted dev=not-attempted p0/c4:vc2 emulated Ce c0xc1e00011/0x2} {4x pdb=Y own=not-declared cs=not-declared tsg=ok(h0xcaf00005=>c0xc1d0000a/0xcaf00005) dev=not-attempted p0/c6:vc3 emulated Ce c0xc1d0000a/0xcaf00012 p0/c7:vc4 emulated Ce c0xc1d0000a/0xcaf0001d p0/c8:vc5 emulated Ce c0xc1d0000a/0xcaf00028 +1 more} {8x pdb=Y own=not-declared cs=ok(h0x5c000007=>c0xc1d0000c/0x5c000007) tsg=not-attempted dev=not-attempted p2/c0:vc7 passthrough GrCompute c0xc1d0000c/0x5c000019 p2/c1:vc8 passthrough GrCompute c0xc1d0000c/0x5c00001f p2/c2:vc9 passthrough GrCompute c0xc1d0000c/0x5c000023 +5 more}
2026-08-12T05:46:34.675909Z qemu-system-x86_64: info: nvkvm:   promote-ctx promote-ctx TALLY (cumulative, all promotions): {bid=0x0 phys=1 va=8 complete=2} {bid=0x1 phys=1 va=8 complete=0} {bid=0x2 phys=1 va=8 complete=2} {bid=0x3 phys=0 va=10 complete=0} {bid=0x4 phys=0 va=10 complete=0} {bid=0x5 phys=0 va=10 complete=0} {bid=0x6 phys=0 va=10 complete=0} {bid=0x9 phys=0 va=8 complete=2} {bid=0xa phys=2 va=8 complete=0} {bid=0xb phys=0 va=8 complete=2} || CUMULATIVE bound=8 joined=4 joined_global=1 already=7 globals_added=1
2026-08-12T05:46:34.675929Z qemu-system-x86_64: info: nvkvm: probe-arm set: EMPTY (shipping configuration: an arming is served only if the index is on SILENT_NOTIFIERS — the event cannot occur — or DELIVERED_NOTIFIERS — this device raises it; all others refused)
2026-08-12T05:46:34.675949Z qemu-system-x86_64: info: nvkvm: controls: 316 answered, 48 distinct cmd/result rows (result 0 = served; non-zero = served-but-REFUSED, which reaches no other list)
2026-08-12T05:46:34.675970Z qemu-system-x86_64: info: nvkvm:   control 0x20800a36 result 0x00000000 x2
2026-08-12T05:46:34.675990Z qemu-system-x86_64: info: nvkvm:   control 0x20800a41 result 0x00000000 x2
2026-08-12T05:46:34.676023Z qemu-system-x86_64: info: nvkvm:   control 0x208001b0 result 0x00000000 x4
2026-08-12T05:46:34.676071Z qemu-system-x86_64: info: nvkvm:   control 0x20800a40 result 0x00000000 x2
2026-08-12T05:46:34.676107Z qemu-system-x86_64: info: nvkvm:   control 0x20801112 result 0x00000000 x2
2026-08-12T05:46:34.676133Z qemu-system-x86_64: info: nvkvm:   control 0x20800a5c result 0x00000000 x2
2026-08-12T05:46:34.676153Z qemu-system-x86_64: info: nvkvm:   control 0x20800a1c result 0x00000000 x2
2026-08-12T05:46:34.676173Z qemu-system-x86_64: info: nvkvm:   control 0x20801803 result 0x00000000 x2
2026-08-12T05:46:34.676193Z qemu-system-x86_64: info: nvkvm:   control 0x20800af3 result 0x00000000 x4
2026-08-12T05:46:34.676213Z qemu-system-x86_64: info: nvkvm:   control 0x20800aac result 0x00000000 x2
2026-08-12T05:46:34.676233Z qemu-system-x86_64: info: nvkvm:   control 0x20800a61 result 0x00000000 x8
2026-08-12T05:46:34.676253Z qemu-system-x86_64: info: nvkvm:   control 0x20802a08 result 0x00000000 x15
2026-08-12T05:46:34.676286Z qemu-system-x86_64: info: nvkvm:   control 0x20800301 result 0x00000000 x6
2026-08-12T05:46:34.676307Z qemu-system-x86_64: info: nvkvm:   control 0x20800a59 result 0x00000000 x2
2026-08-12T05:46:34.676327Z qemu-system-x86_64: info: nvkvm:   control 0x20800a6c result 0x00000000 x8
2026-08-12T05:46:34.676386Z qemu-system-x86_64: info: nvkvm:   control 0x20800a9f result 0x00000000 x2
2026-08-12T05:46:34.676408Z qemu-system-x86_64: info: nvkvm:   control 0x20800a1f result 0x00000000 x2
2026-08-12T05:46:34.676428Z qemu-system-x86_64: info: nvkvm:   control 0x20800a2a result 0x00000000 x2
2026-08-12T05:46:34.676467Z qemu-system-x86_64: info: nvkvm:   control 0x20800a26 result 0x00000000 x2
2026-08-12T05:46:34.676514Z qemu-system-x86_64: info: nvkvm:   control 0x20800a22 result 0x00000000 x2
2026-08-12T05:46:34.676534Z qemu-system-x86_64: info: nvkvm:   control 0x20800a3d result 0x00000000 x2
2026-08-12T05:46:34.676566Z qemu-system-x86_64: info: nvkvm:   control 0x20800a48 result 0x00000000 x2
2026-08-12T05:46:34.676586Z qemu-system-x86_64: info: nvkvm:   control 0x20800a32 result 0x00000000 x2
2026-08-12T05:46:34.676606Z qemu-system-x86_64: info: nvkvm:   control 0x90f10106 result 0x00000000 x10
2026-08-12T05:46:34.676626Z qemu-system-x86_64: info: nvkvm:   control 0xa06f0103 result 0x00000000 x8
2026-08-12T05:46:34.676646Z qemu-system-x86_64: info: nvkvm:   control 0xa06f0104 result 0x00000000 x2
2026-08-12T05:46:34.676666Z qemu-system-x86_64: info: nvkvm:   control 0x2080012b result 0x00000000 x11
2026-08-12T05:46:34.676686Z qemu-system-x86_64: info: nvkvm:   control 0x2080012b result 0x00000056 x2 REFUSED
2026-08-12T05:46:34.676707Z qemu-system-x86_64: info: nvkvm:   control 0x20800a4c result 0x00000000 x5
2026-08-12T05:46:34.676727Z qemu-system-x86_64: info: nvkvm:   control 0x20800102 result 0x00000000 x2
2026-08-12T05:46:34.676746Z qemu-system-x86_64: info: nvkvm:   control 0x20801823 result 0x00000000 x1
2026-08-12T05:46:34.676766Z qemu-system-x86_64: info: nvkvm:   control 0x2080182a result 0x00000000 x1
2026-08-12T05:46:34.676786Z qemu-system-x86_64: info: nvkvm:   control 0x20801303 result 0x00000000 x2
2026-08-12T05:46:34.676806Z qemu-system-x86_64: info: nvkvm:   control 0x20802a0b result 0x00000000 x1
2026-08-12T05:46:34.676836Z qemu-system-x86_64: info: nvkvm:   control 0x20803801 result 0x00000000 x1
2026-08-12T05:46:34.676857Z qemu-system-x86_64: info: nvkvm:   control 0x20803601 result 0x00000000 x1
2026-08-12T05:46:34.676877Z qemu-system-x86_64: info: nvkvm:   control 0x20808159 result 0x00000000 x1
2026-08-12T05:46:34.676897Z qemu-system-x86_64: info: nvkvm:   control 0x20808162 result 0x00000000 x1
2026-08-12T05:46:34.676917Z qemu-system-x86_64: info: nvkvm:   control 0x2080182b result 0x00000000 x1
2026-08-12T05:46:34.676937Z qemu-system-x86_64: info: nvkvm:   control 0x20800a9b result 0x00000000 x1
2026-08-12T05:46:34.676957Z qemu-system-x86_64: info: nvkvm:   control 0x20800a9d result 0x00000000 x1
2026-08-12T05:46:34.676977Z qemu-system-x86_64: info: nvkvm:   control 0x20800a1d result 0x00000000 x1
2026-08-12T05:46:34.677009Z qemu-system-x86_64: info: nvkvm:   control 0x20802a07 result 0x00000000 x4
2026-08-12T05:46:34.677030Z qemu-system-x86_64: info: nvkvm:   control 0x20802a02 result 0x00000000 x4
2026-08-12T05:46:34.677050Z qemu-system-x86_64: info: nvkvm:   control 0xa06c010a result 0x00000000 x5
2026-08-12T05:46:34.677071Z qemu-system-x86_64: info: nvkvm:   control 0x00801813 result 0x00000000 x2
2026-08-12T05:46:34.677118Z qemu-system-x86_64: info: nvkvm:   control 0xa06c0101 result 0x00000000 x3
2026-08-12T05:46:34.677152Z qemu-system-x86_64: info: nvkvm:   control 0x20801702 result 0x00000000 x166
2026-08-12T05:46:34.677185Z qemu-system-x86_64: info: nvkvm:   ⊘ CE COMPLETION is UNBUILT: serving 0x20802a07 and 0x20802a02 is what makes queryCopyEngines set supported=NV_TRUE and UVM treat LCE2/LCE3 as usable async copy engines (ce_is_usable = supported && !grce, uvm_channel.c:2913-2923) — but this port DESCRIBES those engines and does not complete their work, so submitted CE work retires no payload and the guest gets a TIMEOUT plus a blown assertion (scrubberDestruct's 4000 ms wait, then ce_utils.c:349 lastCompletedPayload == lastSubmittedPayload), never an error it can read (execution_plane_increments.md)
2026-08-12T05:46:34.677207Z qemu-system-x86_64: info: nvkvm: notifier armings (0x20800301): 6 total, 6 distinct (result 0xffffffff = nothing answered)
2026-08-12T05:46:34.677227Z qemu-system-x86_64: info: nvkvm:   arming event 194 action 2 client 0xc1e00002 object 0xcaf00001 result 0x00000000 x1
2026-08-12T05:46:34.677248Z qemu-system-x86_64: info: nvkvm:   arming event 35 action 2 client 0xc1e00005 object 0x0000000b result 0x00000000 x1
2026-08-12T05:46:34.677269Z qemu-system-x86_64: info: nvkvm:   arming event 35 action 2 client 0xc1e00006 object 0x0000000c result 0x00000000 x1
2026-08-12T05:46:34.677289Z qemu-system-x86_64: info: nvkvm:   arming event 194 action 2 client 0xc1e0000d object 0xcaf00001 result 0x00000000 x1
2026-08-12T05:46:34.677310Z qemu-system-x86_64: info: nvkvm:   arming event 35 action 2 client 0xc1e00010 object 0x0000000b result 0x00000000 x1
2026-08-12T05:46:34.677330Z qemu-system-x86_64: info: nvkvm:   arming event 35 action 2 client 0xc1e00011 object 0x0000000c result 0x00000000 x1
2026-08-12T05:46:34.677402Z qemu-system-x86_64: info: nvkvm: channel binds (0xa06f0104): 2 total, 2 distinct (result 0xffffffff = nothing answered)
2026-08-12T05:46:34.677426Z qemu-system-x86_64: info: nvkvm:   bind engineType 11 (COPY2) client 0xc1e00006 object 0x00000002 result 0x00000000 x1
2026-08-12T05:46:34.677447Z qemu-system-x86_64: info: nvkvm:   bind engineType 11 (COPY2) client 0xc1e00011 object 0x00000002 result 0x00000000 x1
2026-08-12T05:46:34.677491Z qemu-system-x86_64: info: nvkvm: isolates: 2 materialized, 2 live, 0 refusing (0 no-plane, 0 spawn-failed)
2026-08-12T05:46:34.677512Z qemu-system-x86_64: info: nvkvm: doorbells: 191 arrived, 191 served, 0 REFUSED by name; last token 0x00010001 (16 logged)
2026-08-12T05:46:34.677534Z qemu-system-x86_64: info: nvkvm:   of the served: 183 local (CPU CE, end witnessed), 8 forwarded (host channel rung)
2026-08-12T05:46:34.677558Z qemu-system-x86_64: info: nvkvm:   by engine: GrCompute=8 GrGraphics=0 Ce=183 NvEnc=0 NvDec=0 Other=0 unrouted=0
2026-08-12T05:46:34.677578Z qemu-system-x86_64: info: nvkvm:   last CPU-CE serving: cpu-ce: 1 gp, 9 methods, 1 launch (0 release-only), 1 span, 65536 B, 1 sem fin va=0x12006c004 -> S:0x258c7004
2026-08-12T05:46:34.677599Z qemu-system-x86_64: info: nvkvm: gpfifo rings: 26 declared, 24 with a non-zero address; first 0x0000000120064000 (4096 entries) — GPU VIRTUAL, untranslated
2026-08-12T05:46:34.677619Z qemu-system-x86_64: info: nvkvm: replayable fault buffer: 1 registration(s) SERVED NV_OK; first 0x31000 B = 49 pages, 0 malformed
2026-08-12T05:46:34.677649Z qemu-system-x86_64: info: nvkvm:   ⊘ fault DELIVERY is UNBUILT: this port raises no replayable fault and never advances MMU_FAULT_BUFFER_PUT(1), so a fault the guest should have been told about becomes a HANG inside UVM's replayable-fault service loop, not an error (docs/design/resume_from_fault.md §7 steps 5b-5d)
2026-08-12T05:46:34.677684Z qemu-system-x86_64: info: nvkvm: client shadow fault buffer: 1 registration(s) SERVED NV_OK; first 0x120c20 B = 289 pages, type 0 (0=non-replayable), 0 malformed
2026-08-12T05:46:34.677705Z qemu-system-x86_64: info: nvkvm:   ⊘ shadow-queue PUSH is UNBUILT: on a GSP client the GSP is the WRITER of this queue and this port never enqueues a fault packet, so a non-replayable fault surfaces as an RC on the channel plus an error notifier (simulated_gpu_fault.md 5.2, the deliberate choice) and NEVER as a queue entry the guest is polling for
2026-08-12T05:46:34.677725Z qemu-system-x86_64: info: nvkvm: access counter buffer: 1 registration(s) SERVED NV_OK; first 0x2000 B = 2 pages, 0 malformed
2026-08-12T05:46:34.677745Z qemu-system-x86_64: info: nvkvm:   ⊘ access-counter NOTIFICATION is UNBUILT: this port advertised the buffer's size as a deliberate fiction (BAR0 0xB83110, which read zero and killed cuInit) and writes no entry into it and raises no notification, so UVM's migration heuristics never fire (resume_from_fault.md S2 ruled that acceptable)
kayfabe: ★★★ GUEST-RAM LAYOUT AT END OF RUN, AS THE HYPERVISOR STATED IT — dev=1 ino=1622545: 4 contiguous run(s) totalling 2147135488 bytes, out of 0 stated section(s) LIVE over all backing files (0 live run(s) for this block). Section funnel: 76 reported -> 10 classified RAM -> 8 carried a backing file, 8 later withdrawn. ⊘ Every run below arrived on a topology callback; NOTHING here is derived from the machine type or from `-m`, and a guest-physical address outside these runs is refused by name rather than assumed to be its own file offset. ⚠ This is ONE INSTANT: the listener is registered on the device's bus-master address space, which is empty until the guest enables bus mastering, so an empty report here is a statement about WHEN it was taken and not about the machine.
kayfabe:   gpa 0x0000000000000000..0x00000000000a0000 -> file offset 0x0000000000000000 (655360 bytes) [identity — an OBSERVATION about this run, never a rule]
kayfabe:   gpa 0x00000000000cb000..0x00000000000ce000 -> file offset 0x00000000000cb000 (12288 bytes) [identity — an OBSERVATION about this run, never a rule]
kayfabe:   gpa 0x00000000000e8000..0x00000000000f0000 -> file offset 0x00000000000e8000 (32768 bytes) [identity — an OBSERVATION about this run, never a rule]
kayfabe:   gpa 0x0000000000100000..0x0000000080000000 -> file offset 0x0000000000100000 (2146435072 bytes) [identity — an OBSERVATION about this run, never a rule]
