info  RMLADDER ARGV     = [--gpu 0 --concurrent-fuzz --fuzz-threads 48 --fuzz-iters 200 --fuzz-cores 4]
ok    R2 version         = "580.159.04"
ok    R4 hClient         = 0xc1d00249
ok    R6 hSubdevice      = 0xcafe0002
REV_UNDER_TEST=unknown
W381_PROBE=sem-release
info  W385 fuzz           = GPU 0, euid 0 — 48 threads x 200 iterations over 2 RM client(s), jitter <= 200 us
info  W385 topology       = host offers 19 core(s); the pinned arms use 4 — the bench guest's `-smp` (scripts/bench/boot_nvkvm.sh). ★ In kayfabe EACH GUEST vCPU IS A HOST THREAD, so this is the contention the product must survive
FUZZ_SEED=0x18d2ccc151bceab7
info  W385 replay         = --concurrent-fuzz --seed 1788717132691598007 --fuzz-threads 48 --fuzz-iters 200 --fuzz-clients 2
info  W385 the bar        = five invariants, each refused BY NAME: VA_DOUBLE_BOUND, MAP_NOT_ATOMIC, ALIAS_MISMATCH/ALIAS_REVOKED, CROSS_CLIENT_LEAK, FREED_HANDLE_RESOLVES/VA_NOT_RECOVERED/STALE_READ
⊘     W385 seed scope     = the seed replays the DECISION SEQUENCE, not the OS SCHEDULE. A red names a reproducible program; the interleaving that made it red is not ours to reproduce
info  W385 hClients       = ["0xc1d00249", "0xc1d0024a"] — 2 distinct root(s)

info  W385 CONTROL        = the SAME verbs at T=1 with NO jitter. ⊘ If this reds, the RUNG is broken, not the system, and everything below is UNINTERPRETABLE
kayfabe-isolate: DOORBELL-STORE #1 host_token=0x00000004 runlist=0 chid=4 → storing 32 bits at USERMODE_NOTIFY_CHANNEL_PENDING=0x90 in the mapped usermode window
kayfabe-isolate: DOORBELL-STORE #1 host_token=0x00000004 ★★★ WROTE — the store instruction executed
kayfabe-isolate: DOORBELL-STORE #2 host_token=0x00000004 runlist=0 chid=4 → storing 32 bits at USERMODE_NOTIFY_CHANNEL_PENDING=0x90 in the mapped usermode window
kayfabe-isolate: DOORBELL-STORE #2 host_token=0x00000004 ★★★ WROTE — the store instruction executed
kayfabe-isolate: DOORBELL-STORE #3 host_token=0x00000004 runlist=0 chid=4 → storing 32 bits at USERMODE_NOTIFY_CHANNEL_PENDING=0x90 in the mapped usermode window
kayfabe-isolate: DOORBELL-STORE #3 host_token=0x00000004 ★★★ WROTE — the store instruction executed
kayfabe-isolate: DOORBELL-STORE #4 host_token=0x00000004 runlist=0 chid=4 → storing 32 bits at USERMODE_NOTIFY_CHANNEL_PENDING=0x90 in the mapped usermode window
kayfabe-isolate: DOORBELL-STORE #4 host_token=0x00000004 ★★★ WROTE — the store instruction executed
kayfabe-isolate: DOORBELL-STORE #5 host_token=0x00000004 runlist=0 chid=4 → storing 32 bits at USERMODE_NOTIFY_CHANNEL_PENDING=0x90 in the mapped usermode window
kayfabe-isolate: DOORBELL-STORE #5 host_token=0x00000004 ★★★ WROTE — the store instruction executed
kayfabe-isolate: DOORBELL-STORE #6 host_token=0x00000004 runlist=0 chid=4 → storing 32 bits at USERMODE_NOTIFY_CHANNEL_PENDING=0x90 in the mapped usermode window
kayfabe-isolate: DOORBELL-STORE #6 host_token=0x00000004 ★★★ WROTE — the store instruction executed
kayfabe-isolate: DOORBELL-STORE #7 host_token=0x00000004 runlist=0 chid=4 → storing 32 bits at USERMODE_NOTIFY_CHANNEL_PENDING=0x90 in the mapped usermode window
kayfabe-isolate: DOORBELL-STORE #7 host_token=0x00000004 ★★★ WROTE — the store instruction executed
kayfabe-isolate: DOORBELL-STORE #8 host_token=0x00000004 runlist=0 chid=4 → storing 32 bits at USERMODE_NOTIFY_CHANNEL_PENDING=0x90 in the mapped usermode window
kayfabe-isolate: DOORBELL-STORE #8 host_token=0x00000004 ★★★ WROTE — the store instruction executed
kayfabe-isolate: DOORBELL-STORE #9 host_token=0x00000004 runlist=0 chid=4 → storing 32 bits at USERMODE_NOTIFY_CHANNEL_PENDING=0x90 in the mapped usermode window
kayfabe-isolate: DOORBELL-STORE #9 host_token=0x00000004 ★★★ WROTE — the store instruction executed
kayfabe-isolate: DOORBELL-STORE #10 host_token=0x00000004 runlist=0 chid=4 → storing 32 bits at USERMODE_NOTIFY_CHANNEL_PENDING=0x90 in the mapped usermode window
kayfabe-isolate: DOORBELL-STORE #10 host_token=0x00000004 ★★★ WROTE — the store instruction executed
kayfabe-isolate: DOORBELL-STORE #11 host_token=0x00000004 runlist=0 chid=4 → storing 32 bits at USERMODE_NOTIFY_CHANNEL_PENDING=0x90 in the mapped usermode window
kayfabe-isolate: DOORBELL-STORE #11 host_token=0x00000004 ★★★ WROTE — the store instruction executed
kayfabe-isolate: DOORBELL-STORE #12 host_token=0x00000004 runlist=0 chid=4 → storing 32 bits at USERMODE_NOTIFY_CHANNEL_PENDING=0x90 in the mapped usermode window
kayfabe-isolate: DOORBELL-STORE #12 host_token=0x00000004 ★★★ WROTE — the store instruction executed
kayfabe-isolate: DOORBELL-STORE #13 host_token=0x00000004 runlist=0 chid=4 → storing 32 bits at USERMODE_NOTIFY_CHANNEL_PENDING=0x90 in the mapped usermode window
kayfabe-isolate: DOORBELL-STORE #13 host_token=0x00000004 ★★★ WROTE — the store instruction executed
kayfabe-isolate: DOORBELL-STORE #14 host_token=0x00000004 runlist=0 chid=4 → storing 32 bits at USERMODE_NOTIFY_CHANNEL_PENDING=0x90 in the mapped usermode window
kayfabe-isolate: DOORBELL-STORE #14 host_token=0x00000004 ★★★ WROTE — the store instruction executed
kayfabe-isolate: DOORBELL-STORE #15 host_token=0x00000004 runlist=0 chid=4 → storing 32 bits at USERMODE_NOTIFY_CHANNEL_PENDING=0x90 in the mapped usermode window
kayfabe-isolate: DOORBELL-STORE #15 host_token=0x00000004 ★★★ WROTE — the store instruction executed
kayfabe-isolate: DOORBELL-STORE #16 host_token=0x00000004 runlist=0 chid=4 → storing 32 bits at USERMODE_NOTIFY_CHANNEL_PENDING=0x90 in the mapped usermode window
kayfabe-isolate: DOORBELL-STORE #16 host_token=0x00000004 ★★★ WROTE — the store instruction executed
kayfabe-isolate: DOORBELL-STORE #17 host_token=0x00000004 runlist=0 chid=4 → storing 32 bits at USERMODE_NOTIFY_CHANNEL_PENDING=0x90 in the mapped usermode window
kayfabe-isolate: DOORBELL-STORE #17 host_token=0x00000004 ★★★ WROTE — the store instruction executed
kayfabe-isolate: DOORBELL-STORE #18 host_token=0x00000004 runlist=0 chid=4 → storing 32 bits at USERMODE_NOTIFY_CHANNEL_PENDING=0x90 in the mapped usermode window
kayfabe-isolate: DOORBELL-STORE #18 host_token=0x00000004 ★★★ WROTE — the store instruction executed
kayfabe-isolate: DOORBELL-STORE #19 host_token=0x00000004 runlist=0 chid=4 → storing 32 bits at USERMODE_NOTIFY_CHANNEL_PENDING=0x90 in the mapped usermode window
kayfabe-isolate: DOORBELL-STORE #19 host_token=0x00000004 ★★★ WROTE — the store instruction executed
kayfabe-isolate: DOORBELL-STORE #20 host_token=0x00000004 runlist=0 chid=4 → storing 32 bits at USERMODE_NOTIFY_CHANNEL_PENDING=0x90 in the mapped usermode window
kayfabe-isolate: DOORBELL-STORE #20 host_token=0x00000004 ★★★ WROTE — the store instruction executed
kayfabe-isolate: DOORBELL-STORE #21 host_token=0x00000004 runlist=0 chid=4 → storing 32 bits at USERMODE_NOTIFY_CHANNEL_PENDING=0x90 in the mapped usermode window
kayfabe-isolate: DOORBELL-STORE #21 host_token=0x00000004 ★★★ WROTE — the store instruction executed
kayfabe-isolate: DOORBELL-STORE #22 host_token=0x00000004 runlist=0 chid=4 → storing 32 bits at USERMODE_NOTIFY_CHANNEL_PENDING=0x90 in the mapped usermode window
kayfabe-isolate: DOORBELL-STORE #22 host_token=0x00000004 ★★★ WROTE — the store instruction executed
kayfabe-isolate: DOORBELL-STORE #23 host_token=0x00000004 runlist=0 chid=4 → storing 32 bits at USERMODE_NOTIFY_CHANNEL_PENDING=0x90 in the mapped usermode window
kayfabe-isolate: DOORBELL-STORE #23 host_token=0x00000004 ★★★ WROTE — the store instruction executed
kayfabe-isolate: DOORBELL-STORE #24 host_token=0x00000004 runlist=0 chid=4 → storing 32 bits at USERMODE_NOTIFY_CHANNEL_PENDING=0x90 in the mapped usermode window
kayfabe-isolate: DOORBELL-STORE #24 host_token=0x00000004 ★★★ WROTE — the store instruction executed
kayfabe-isolate: DOORBELL-STORE #25 host_token=0x00000004 runlist=0 chid=4 → storing 32 bits at USERMODE_NOTIFY_CHANNEL_PENDING=0x90 in the mapped usermode window
kayfabe-isolate: DOORBELL-STORE #25 host_token=0x00000004 ★★★ WROTE — the store instruction executed
kayfabe-isolate: DOORBELL-STORE #26 host_token=0x00000004 runlist=0 chid=4 → storing 32 bits at USERMODE_NOTIFY_CHANNEL_PENDING=0x90 in the mapped usermode window
kayfabe-isolate: DOORBELL-STORE #26 host_token=0x00000004 ★★★ WROTE — the store instruction executed
kayfabe-isolate: DOORBELL-STORE #27 host_token=0x00000004 runlist=0 chid=4 → storing 32 bits at USERMODE_NOTIFY_CHANNEL_PENDING=0x90 in the mapped usermode window
kayfabe-isolate: DOORBELL-STORE #27 host_token=0x00000004 ★★★ WROTE — the store instruction executed
kayfabe-isolate: DOORBELL-STORE #28 host_token=0x00000004 runlist=0 chid=4 → storing 32 bits at USERMODE_NOTIFY_CHANNEL_PENDING=0x90 in the mapped usermode window
kayfabe-isolate: DOORBELL-STORE #28 host_token=0x00000004 ★★★ WROTE — the store instruction executed
info  W385 control  census = 96 ops over 1 workers in 25 ms, 0 refused, 1/1 workers finished
info  W385 control  verbs  = alloc=7 map_a=9 map_b=5 write=11 alias_prop=5 unmap_b=2 probe=2 free=4 recycle=6 idle=45
info  W385 control  op us   = n=51 min=71 p50=256 p90=778 p99=1165 max=1180  ⊘ a distribution, because one number is not a measurement
info  W385 control  overlap = 0 pairs of RM-verb intervals from DIFFERENT threads intersected, over 51/51 spans
info  W385 control  handles = 14 minted across 1 worker(s), each checked for collision against every other worker OF THE SAME CLIENT
info  W385 control  pinning = mode unpinned — 0/1 workers accepted a mask; observed core sets {"0-18"}
ok    W385 control        = 96 single-threaded ops of which 18 ran the ENGINE, zero violations — the verbs, the channel and the oracle all work

info  W385 ARM unpinned   = 48 threads across 2 client(s), placement unpinned, seeded jitter <= 200 us
kayfabe-isolate: DOORBELL-STORE #29 host_token=0x00000010 runlist=0 chid=16 → storing 32 bits at USERMODE_NOTIFY_CHANNEL_PENDING=0x90 in the mapped usermode window
kayfabe-isolate: DOORBELL-STORE #29 host_token=0x00000010 ★★★ WROTE — the store instruction executed
kayfabe-isolate: DOORBELL-STORE #30 host_token=0x00000006 runlist=0 chid=6 → storing 32 bits at USERMODE_NOTIFY_CHANNEL_PENDING=0x90 in the mapped usermode window
kayfabe-isolate: DOORBELL-STORE #30 host_token=0x00000006 ★★★ WROTE — the store instruction executed
kayfabe-isolate: DOORBELL-STORE #31 host_token=0x00000007 runlist=0 chid=7 → storing 32 bits at USERMODE_NOTIFY_CHANNEL_PENDING=0x90 in the mapped usermode window
kayfabe-isolate: DOORBELL-STORE #31 host_token=0x00000007 ★★★ WROTE — the store instruction executed
kayfabe-isolate: DOORBELL-STORE #32 host_token=0x0000002a runlist=0 chid=42 → storing 32 bits at USERMODE_NOTIFY_CHANNEL_PENDING=0x90 in the mapped usermode window
kayfabe-isolate: DOORBELL-STORE #33 host_token=0x00000030 runlist=0 chid=48 → storing 32 bits at USERMODE_NOTIFY_CHANNEL_PENDING=0x90 in the mapped usermode window
kayfabe-isolate: DOORBELL-STORE #33 host_token=0x00000030 ★★★ WROTE — the store instruction executed
kayfabe-isolate: DOORBELL-STORE #32 host_token=0x0000002a ★★★ WROTE — the store instruction executed
kayfabe-isolate: DOORBELL-STORE #34 host_token=0x00000005 runlist=0 chid=5 → storing 32 bits at USERMODE_NOTIFY_CHANNEL_PENDING=0x90 in the mapped usermode window
kayfabe-isolate: DOORBELL-STORE #34 host_token=0x00000005 ★★★ WROTE — the store instruction executed
kayfabe-isolate: DOORBELL-STORE #35 host_token=0x00000010 runlist=0 chid=16 → storing 32 bits at USERMODE_NOTIFY_CHANNEL_PENDING=0x90 in the mapped usermode window
kayfabe-isolate: DOORBELL-STORE #35 host_token=0x00000010 ★★★ WROTE — the store instruction executed
kayfabe-isolate: DOORBELL-STORE #36 host_token=0x00000016 runlist=0 chid=22 → storing 32 bits at USERMODE_NOTIFY_CHANNEL_PENDING=0x90 in the mapped usermode window
kayfabe-isolate: DOORBELL-STORE #36 host_token=0x00000016 ★★★ WROTE — the store instruction executed
kayfabe-isolate: DOORBELL-STORE #37 host_token=0x00000006 runlist=0 chid=6 → storing 32 bits at USERMODE_NOTIFY_CHANNEL_PENDING=0x90 in the mapped usermode window
kayfabe-isolate: DOORBELL-STORE #37 host_token=0x00000006 ★★★ WROTE — the store instruction executed
kayfabe-isolate: DOORBELL-STORE #38 host_token=0x0000001d runlist=0 chid=29 → storing 32 bits at USERMODE_NOTIFY_CHANNEL_PENDING=0x90 in the mapped usermode window
kayfabe-isolate: DOORBELL-STORE #38 host_token=0x0000001d ★★★ WROTE — the store instruction executed
kayfabe-isolate: DOORBELL-STORE #39 host_token=0x00000009 runlist=0 chid=9 → storing 32 bits at USERMODE_NOTIFY_CHANNEL_PENDING=0x90 in the mapped usermode window
kayfabe-isolate: DOORBELL-STORE #39 host_token=0x00000009 ★★★ WROTE — the store instruction executed
kayfabe-isolate: DOORBELL-STORE #40 host_token=0x00000024 runlist=0 chid=36 → storing 32 bits at USERMODE_NOTIFY_CHANNEL_PENDING=0x90 in the mapped usermode window
kayfabe-isolate: DOORBELL-STORE #40 host_token=0x00000024 ★★★ WROTE — the store instruction executed
kayfabe-isolate: DOORBELL-STORE #41 host_token=0x00000024 runlist=0 chid=36 → storing 32 bits at USERMODE_NOTIFY_CHANNEL_PENDING=0x90 in the mapped usermode window
kayfabe-isolate: DOORBELL-STORE #41 host_token=0x00000024 ★★★ WROTE — the store instruction executed
kayfabe-isolate: DOORBELL-STORE #42 host_token=0x0000000a runlist=0 chid=10 → storing 32 bits at USERMODE_NOTIFY_CHANNEL_PENDING=0x90 in the mapped usermode window
kayfabe-isolate: DOORBELL-STORE #42 host_token=0x0000000a ★★★ WROTE — the store instruction executed
kayfabe-isolate: DOORBELL-STORE #43 host_token=0x0000000b runlist=0 chid=11 → storing 32 bits at USERMODE_NOTIFY_CHANNEL_PENDING=0x90 in the mapped usermode window
kayfabe-isolate: DOORBELL-STORE #43 host_token=0x0000000b ★★★ WROTE — the store instruction executed
kayfabe-isolate: DOORBELL-STORE #44 host_token=0x0000002b runlist=0 chid=43 → storing 32 bits at USERMODE_NOTIFY_CHANNEL_PENDING=0x90 in the mapped usermode window
kayfabe-isolate: DOORBELL-STORE #44 host_token=0x0000002b ★★★ WROTE — the store instruction executed
kayfabe-isolate: DOORBELL-STORE #45 host_token=0x0000002a runlist=0 chid=42 → storing 32 bits at USERMODE_NOTIFY_CHANNEL_PENDING=0x90 in the mapped usermode window
kayfabe-isolate: DOORBELL-STORE #45 host_token=0x0000002a ★★★ WROTE — the store instruction executed
kayfabe-isolate: DOORBELL-STORE #46 host_token=0x00000011 runlist=0 chid=17 → storing 32 bits at USERMODE_NOTIFY_CHANNEL_PENDING=0x90 in the mapped usermode window
kayfabe-isolate: DOORBELL-STORE #46 host_token=0x00000011 ★★★ WROTE — the store instruction executed
kayfabe-isolate: DOORBELL-STORE #47 host_token=0x0000000e runlist=0 chid=14 → storing 32 bits at USERMODE_NOTIFY_CHANNEL_PENDING=0x90 in the mapped usermode window
kayfabe-isolate: DOORBELL-STORE #47 host_token=0x0000000e ★★★ WROTE — the store instruction executed
kayfabe-isolate: DOORBELL-STORE #48 host_token=0x00000026 runlist=0 chid=38 → storing 32 bits at USERMODE_NOTIFY_CHANNEL_PENDING=0x90 in the mapped usermode window
kayfabe-isolate: DOORBELL-STORE #48 host_token=0x00000026 ★★★ WROTE — the store instruction executed
kayfabe-isolate: DOORBELL-STORE #49 host_token=0x00000008 runlist=0 chid=8 → storing 32 bits at USERMODE_NOTIFY_CHANNEL_PENDING=0x90 in the mapped usermode window
kayfabe-isolate: DOORBELL-STORE #49 host_token=0x00000008 ★★★ WROTE — the store instruction executed
kayfabe-isolate: DOORBELL-STORE #50 host_token=0x00000007 runlist=0 chid=7 → storing 32 bits at USERMODE_NOTIFY_CHANNEL_PENDING=0x90 in the mapped usermode window
kayfabe-isolate: DOORBELL-STORE #50 host_token=0x00000007 ★★★ WROTE — the store instruction executed
kayfabe-isolate: DOORBELL-STORE #51 host_token=0x00000006 runlist=0 chid=6 → storing 32 bits at USERMODE_NOTIFY_CHANNEL_PENDING=0x90 in the mapped usermode window
kayfabe-isolate: DOORBELL-STORE #51 host_token=0x00000006 ★★★ WROTE — the store instruction executed
kayfabe-isolate: DOORBELL-STORE #52 host_token=0x0000001d runlist=0 chid=29 → storing 32 bits at USERMODE_NOTIFY_CHANNEL_PENDING=0x90 in the mapped usermode window
kayfabe-isolate: DOORBELL-STORE #52 host_token=0x0000001d ★★★ WROTE — the store instruction executed
kayfabe-isolate: DOORBELL-STORE #53 host_token=0x00000009 runlist=0 chid=9 → storing 32 bits at USERMODE_NOTIFY_CHANNEL_PENDING=0x90 in the mapped usermode window
kayfabe-isolate: DOORBELL-STORE #53 host_token=0x00000009 ★★★ WROTE — the store instruction executed
kayfabe-isolate: DOORBELL-STORE #54 host_token=0x0000000d runlist=0 chid=13 → storing 32 bits at USERMODE_NOTIFY_CHANNEL_PENDING=0x90 in the mapped usermode window
kayfabe-isolate: DOORBELL-STORE #54 host_token=0x0000000d ★★★ WROTE — the store instruction executed
kayfabe-isolate: DOORBELL-STORE #55 host_token=0x00000011 runlist=0 chid=17 → storing 32 bits at USERMODE_NOTIFY_CHANNEL_PENDING=0x90 in the mapped usermode window
kayfabe-isolate: DOORBELL-STORE #55 host_token=0x00000011 ★★★ WROTE — the store instruction executed
kayfabe-isolate: DOORBELL-STORE #56 host_token=0x00000013 runlist=0 chid=19 → storing 32 bits at USERMODE_NOTIFY_CHANNEL_PENDING=0x90 in the mapped usermode window
kayfabe-isolate: DOORBELL-STORE #56 host_token=0x00000013 ★★★ WROTE — the store instruction executed
kayfabe-isolate: DOORBELL-STORE #57 host_token=0x0000000f runlist=0 chid=15 → storing 32 bits at USERMODE_NOTIFY_CHANNEL_PENDING=0x90 in the mapped usermode window
kayfabe-isolate: DOORBELL-STORE #57 host_token=0x0000000f ★★★ WROTE — the store instruction executed
kayfabe-isolate: DOORBELL-STORE #58 host_token=0x0000002a runlist=0 chid=42 → storing 32 bits at USERMODE_NOTIFY_CHANNEL_PENDING=0x90 in the mapped usermode window
kayfabe-isolate: DOORBELL-STORE #58 host_token=0x0000002a ★★★ WROTE — the store instruction executed
kayfabe-isolate: DOORBELL-STORE #59 host_token=0x00000016 runlist=0 chid=22 → storing 32 bits at USERMODE_NOTIFY_CHANNEL_PENDING=0x90 in the mapped usermode window
kayfabe-isolate: DOORBELL-STORE #59 host_token=0x00000016 ★★★ WROTE — the store instruction executed
kayfabe-isolate: DOORBELL-STORE #60 host_token=0x0000000b runlist=0 chid=11 → storing 32 bits at USERMODE_NOTIFY_CHANNEL_PENDING=0x90 in the mapped usermode window
kayfabe-isolate: DOORBELL-STORE #60 host_token=0x0000000b ★★★ WROTE — the store instruction executed
kayfabe-isolate: DOORBELL-STORE #61 host_token=0x00000010 runlist=0 chid=16 → storing 32 bits at USERMODE_NOTIFY_CHANNEL_PENDING=0x90 in the mapped usermode window
kayfabe-isolate: DOORBELL-STORE #61 host_token=0x00000010 ★★★ WROTE — the store instruction executed
kayfabe-isolate: DOORBELL-STORE #62 host_token=0x00000019 runlist=0 chid=25 → storing 32 bits at USERMODE_NOTIFY_CHANNEL_PENDING=0x90 in the mapped usermode window
kayfabe-isolate: DOORBELL-STORE #62 host_token=0x00000019 ★★★ WROTE — the store instruction executed
kayfabe-isolate: DOORBELL-STORE #63 host_token=0x00000025 runlist=0 chid=37 → storing 32 bits at USERMODE_NOTIFY_CHANNEL_PENDING=0x90 in the mapped usermode window
kayfabe-isolate: DOORBELL-STORE #63 host_token=0x00000025 ★★★ WROTE — the store instruction executed
kayfabe-isolate: DOORBELL-STORE #64 host_token=0x0000002d runlist=0 chid=45 → storing 32 bits at USERMODE_NOTIFY_CHANNEL_PENDING=0x90 in the mapped usermode window
kayfabe-isolate: DOORBELL-STORE #64 host_token=0x0000002d ★★★ WROTE — the store instruction executed
kayfabe-isolate: DOORBELL-STORE #65 host_token=0x00000028 runlist=0 chid=40 → storing 32 bits at USERMODE_NOTIFY_CHANNEL_PENDING=0x90 in the mapped usermode window
kayfabe-isolate: DOORBELL-STORE #65 host_token=0x00000028 ★★★ WROTE — the store instruction executed
kayfabe-isolate: DOORBELL-STORE #66 host_token=0x00000024 runlist=0 chid=36 → storing 32 bits at USERMODE_NOTIFY_CHANNEL_PENDING=0x90 in the mapped usermode window
kayfabe-isolate: DOORBELL-STORE #66 host_token=0x00000024 ★★★ WROTE — the store instruction executed
kayfabe-isolate: DOORBELL-STORE #67 host_token=0x00000005 runlist=0 chid=5 → storing 32 bits at USERMODE_NOTIFY_CHANNEL_PENDING=0x90 in the mapped usermode window
kayfabe-isolate: DOORBELL-STORE #67 host_token=0x00000005 ★★★ WROTE — the store instruction executed
kayfabe-isolate: DOORBELL-STORE #68 host_token=0x00000026 runlist=0 chid=38 → storing 32 bits at USERMODE_NOTIFY_CHANNEL_PENDING=0x90 in the mapped usermode window
kayfabe-isolate: DOORBELL-STORE #68 host_token=0x00000026 ★★★ WROTE — the store instruction executed
kayfabe-isolate: DOORBELL-STORE #69 host_token=0x0000000e runlist=0 chid=14 → storing 32 bits at USERMODE_NOTIFY_CHANNEL_PENDING=0x90 in the mapped usermode window
kayfabe-isolate: DOORBELL-STORE #69 host_token=0x0000000e ★★★ WROTE — the store instruction executed
kayfabe-isolate: DOORBELL-STORE #70 host_token=0x00000031 runlist=0 chid=49 → storing 32 bits at USERMODE_NOTIFY_CHANNEL_PENDING=0x90 in the mapped usermode window
kayfabe-isolate: DOORBELL-STORE #70 host_token=0x00000031 ★★★ WROTE — the store instruction executed
kayfabe-isolate: DOORBELL-STORE #71 host_token=0x00000018 runlist=0 chid=24 → storing 32 bits at USERMODE_NOTIFY_CHANNEL_PENDING=0x90 in the mapped usermode window
kayfabe-isolate: DOORBELL-STORE #71 host_token=0x00000018 ★★★ WROTE — the store instruction executed
kayfabe-isolate: DOORBELL-STORE #72 host_token=0x00000023 runlist=0 chid=35 → storing 32 bits at USERMODE_NOTIFY_CHANNEL_PENDING=0x90 in the mapped usermode window
kayfabe-isolate: DOORBELL-STORE #72 host_token=0x00000023 ★★★ WROTE — the store instruction executed
kayfabe-isolate: DOORBELL-STORE #73 host_token=0x00000004 runlist=0 chid=4 → storing 32 bits at USERMODE_NOTIFY_CHANNEL_PENDING=0x90 in the mapped usermode window
kayfabe-isolate: DOORBELL-STORE #73 host_token=0x00000004 ★★★ WROTE — the store instruction executed
kayfabe-isolate: DOORBELL-STORE #74 host_token=0x00000007 runlist=0 chid=7 → storing 32 bits at USERMODE_NOTIFY_CHANNEL_PENDING=0x90 in the mapped usermode window
kayfabe-isolate: DOORBELL-STORE #74 host_token=0x00000007 ★★★ WROTE — the store instruction executed
kayfabe-isolate: DOORBELL-STORE #75 host_token=0x00000015 runlist=0 chid=21 → storing 32 bits at USERMODE_NOTIFY_CHANNEL_PENDING=0x90 in the mapped usermode window
kayfabe-isolate: DOORBELL-STORE #75 host_token=0x00000015 ★★★ WROTE — the store instruction executed
kayfabe-isolate: DOORBELL-STORE #76 host_token=0x00000012 runlist=0 chid=18 → storing 32 bits at USERMODE_NOTIFY_CHANNEL_PENDING=0x90 in the mapped usermode window
kayfabe-isolate: DOORBELL-STORE #76 host_token=0x00000012 ★★★ WROTE — the store instruction executed
kayfabe-isolate: DOORBELL-STORE #77 host_token=0x00000009 runlist=0 chid=9 → storing 32 bits at USERMODE_NOTIFY_CHANNEL_PENDING=0x90 in the mapped usermode window
kayfabe-isolate: DOORBELL-STORE #77 host_token=0x00000009 ★★★ WROTE — the store instruction executed
kayfabe-isolate: DOORBELL-STORE #78 host_token=0x00000008 runlist=0 chid=8 → storing 32 bits at USERMODE_NOTIFY_CHANNEL_PENDING=0x90 in the mapped usermode window
kayfabe-isolate: DOORBELL-STORE #78 host_token=0x00000008 ★★★ WROTE — the store instruction executed
kayfabe-isolate: DOORBELL-STORE #79 host_token=0x0000000d runlist=0 chid=13 → storing 32 bits at USERMODE_NOTIFY_CHANNEL_PENDING=0x90 in the mapped usermode window
kayfabe-isolate: DOORBELL-STORE #79 host_token=0x0000000d ★★★ WROTE — the store instruction executed
kayfabe-isolate: DOORBELL-STORE #80 host_token=0x0000001d runlist=0 chid=29 → storing 32 bits at USERMODE_NOTIFY_CHANNEL_PENDING=0x90 in the mapped usermode window
kayfabe-isolate: DOORBELL-STORE #80 host_token=0x0000001d ★★★ WROTE — the store instruction executed
kayfabe-isolate: DOORBELL-STORE #81 host_token=0x0000001d runlist=0 chid=29 → storing 32 bits at USERMODE_NOTIFY_CHANNEL_PENDING=0x90 in the mapped usermode window
kayfabe-isolate: DOORBELL-STORE #81 host_token=0x0000001d ★★★ WROTE — the store instruction executed
kayfabe-isolate: DOORBELL-STORE #82 host_token=0x0000001d runlist=0 chid=29 → storing 32 bits at USERMODE_NOTIFY_CHANNEL_PENDING=0x90 in the mapped usermode window
kayfabe-isolate: DOORBELL-STORE #82 host_token=0x0000001d ★★★ WROTE — the store instruction executed
kayfabe-isolate: DOORBELL-STORE #83 host_token=0x00000016 runlist=0 chid=22 → storing 32 bits at USERMODE_NOTIFY_CHANNEL_PENDING=0x90 in the mapped usermode window
kayfabe-isolate: DOORBELL-STORE #83 host_token=0x00000016 ★★★ WROTE — the store instruction executed
kayfabe-isolate: DOORBELL-STORE #84 host_token=0x00000016 runlist=0 chid=22 → storing 32 bits at USERMODE_NOTIFY_CHANNEL_PENDING=0x90 in the mapped usermode window
kayfabe-isolate: DOORBELL-STORE #84 host_token=0x00000016 ★★★ WROTE — the store instruction executed
kayfabe-isolate: DOORBELL-STORE #85 host_token=0x0000002e runlist=0 chid=46 → storing 32 bits at USERMODE_NOTIFY_CHANNEL_PENDING=0x90 in the mapped usermode window
kayfabe-isolate: DOORBELL-STORE #85 host_token=0x0000002e ★★★ WROTE — the store instruction executed
kayfabe-isolate: DOORBELL-STORE #86 host_token=0x00000020 runlist=0 chid=32 → storing 32 bits at USERMODE_NOTIFY_CHANNEL_PENDING=0x90 in the mapped usermode window
kayfabe-isolate: DOORBELL-STORE #86 host_token=0x00000020 ★★★ WROTE — the store instruction executed
kayfabe-isolate: DOORBELL-STORE #87 host_token=0x00000016 runlist=0 chid=22 → storing 32 bits at USERMODE_NOTIFY_CHANNEL_PENDING=0x90 in the mapped usermode window
kayfabe-isolate: DOORBELL-STORE #87 host_token=0x00000016 ★★★ WROTE — the store instruction executed
kayfabe-isolate: DOORBELL-STORE #88 host_token=0x00000006 runlist=0 chid=6 → storing 32 bits at USERMODE_NOTIFY_CHANNEL_PENDING=0x90 in the mapped usermode window
kayfabe-isolate: DOORBELL-STORE #88 host_token=0x00000006 ★★★ WROTE — the store instruction executed
kayfabe-isolate: DOORBELL-STORE #89 host_token=0x0000001b runlist=0 chid=27 → storing 32 bits at USERMODE_NOTIFY_CHANNEL_PENDING=0x90 in the mapped usermode window
kayfabe-isolate: DOORBELL-STORE #89 host_token=0x0000001b ★★★ WROTE — the store instruction executed
kayfabe-isolate: DOORBELL-STORE #91 host_token=0x0000001f runlist=0 chid=31 → storing 32 bits at USERMODE_NOTIFY_CHANNEL_PENDING=0x90 in the mapped usermode window
kayfabe-isolate: DOORBELL-STORE #91 host_token=0x0000001f ★★★ WROTE — the store instruction executed
kayfabe-isolate: DOORBELL-STORE #92 host_token=0x00000010 runlist=0 chid=16 → storing 32 bits at USERMODE_NOTIFY_CHANNEL_PENDING=0x90 in the mapped usermode window
kayfabe-isolate: DOORBELL-STORE #92 host_token=0x00000010 ★★★ WROTE — the store instruction executed
kayfabe-isolate: DOORBELL-STORE #90 host_token=0x00000027 runlist=0 chid=39 → storing 32 bits at USERMODE_NOTIFY_CHANNEL_PENDING=0x90 in the mapped usermode window
kayfabe-isolate: DOORBELL-STORE #90 host_token=0x00000027 ★★★ WROTE — the store instruction executed
kayfabe-isolate: DOORBELL-STORE #93 host_token=0x00000010 runlist=0 chid=16 → storing 32 bits at USERMODE_NOTIFY_CHANNEL_PENDING=0x90 in the mapped usermode window
kayfabe-isolate: DOORBELL-STORE #93 host_token=0x00000010 ★★★ WROTE — the store instruction executed
kayfabe-isolate: DOORBELL-STORE #94 host_token=0x00000006 runlist=0 chid=6 → storing 32 bits at USERMODE_NOTIFY_CHANNEL_PENDING=0x90 in the mapped usermode window
kayfabe-isolate: DOORBELL-STORE #94 host_token=0x00000006 ★★★ WROTE — the store instruction executed
kayfabe-isolate: DOORBELL-STORE #95 host_token=0x00000010 runlist=0 chid=16 → storing 32 bits at USERMODE_NOTIFY_CHANNEL_PENDING=0x90 in the mapped usermode window
kayfabe-isolate: DOORBELL-STORE #95 host_token=0x00000010 ★★★ WROTE — the store instruction executed
kayfabe-isolate: DOORBELL-STORE #96 host_token=0x00000006 runlist=0 chid=6 → storing 32 bits at USERMODE_NOTIFY_CHANNEL_PENDING=0x90 in the mapped usermode window
kayfabe-isolate: DOORBELL-STORE #96 host_token=0x00000006 ★★★ WROTE — the store instruction executed
kayfabe-isolate: DOORBELL-STORE #97 host_token=0x0000001c runlist=0 chid=28 → storing 32 bits at USERMODE_NOTIFY_CHANNEL_PENDING=0x90 in the mapped usermode window
kayfabe-isolate: DOORBELL-STORE #97 host_token=0x0000001c ★★★ WROTE — the store instruction executed
kayfabe-isolate: DOORBELL-STORE #98 host_token=0x00000005 runlist=0 chid=5 → storing 32 bits at USERMODE_NOTIFY_CHANNEL_PENDING=0x90 in the mapped usermode window
kayfabe-isolate: DOORBELL-STORE #98 host_token=0x00000005 ★★★ WROTE — the store instruction executed
kayfabe-isolate: DOORBELL-STORE #99 host_token=0x00000007 runlist=0 chid=7 → storing 32 bits at USERMODE_NOTIFY_CHANNEL_PENDING=0x90 in the mapped usermode window
kayfabe-isolate: DOORBELL-STORE #99 host_token=0x00000007 ★★★ WROTE — the store instruction executed
kayfabe-isolate: DOORBELL-STORE #101 host_token=0x00000005 runlist=0 chid=5 → storing 32 bits at USERMODE_NOTIFY_CHANNEL_PENDING=0x90 in the mapped usermode window
kayfabe-isolate: DOORBELL-STORE #101 host_token=0x00000005 ★★★ WROTE — the store instruction executed
kayfabe-isolate: DOORBELL-STORE #100 host_token=0x00000024 runlist=0 chid=36 → storing 32 bits at USERMODE_NOTIFY_CHANNEL_PENDING=0x90 in the mapped usermode window
kayfabe-isolate: DOORBELL-STORE #103 host_token=0x0000001e runlist=0 chid=30 → storing 32 bits at USERMODE_NOTIFY_CHANNEL_PENDING=0x90 in the mapped usermode window
kayfabe-isolate: DOORBELL-STORE #103 host_token=0x0000001e ★★★ WROTE — the store instruction executed
kayfabe-isolate: DOORBELL-STORE #104 host_token=0x0000002a runlist=0 chid=42 → storing 32 bits at USERMODE_NOTIFY_CHANNEL_PENDING=0x90 in the mapped usermode window
kayfabe-isolate: DOORBELL-STORE #104 host_token=0x0000002a ★★★ WROTE — the store instruction executed
kayfabe-isolate: DOORBELL-STORE #100 host_token=0x00000024 ★★★ WROTE — the store instruction executed
kayfabe-isolate: DOORBELL-STORE #106 host_token=0x00000005 runlist=0 chid=5 → storing 32 bits at USERMODE_NOTIFY_CHANNEL_PENDING=0x90 in the mapped usermode window
kayfabe-isolate: DOORBELL-STORE #106 host_token=0x00000005 ★★★ WROTE — the store instruction executed
kayfabe-isolate: DOORBELL-STORE #102 host_token=0x00000011 runlist=0 chid=17 → storing 32 bits at USERMODE_NOTIFY_CHANNEL_PENDING=0x90 in the mapped usermode window
kayfabe-isolate: DOORBELL-STORE #102 host_token=0x00000011 ★★★ WROTE — the store instruction executed
kayfabe-isolate: DOORBELL-STORE #105 host_token=0x00000007 runlist=0 chid=7 → storing 32 bits at USERMODE_NOTIFY_CHANNEL_PENDING=0x90 in the mapped usermode window
kayfabe-isolate: DOORBELL-STORE #105 host_token=0x00000007 ★★★ WROTE — the store instruction executed
kayfabe-isolate: DOORBELL-STORE #107 host_token=0x0000002a runlist=0 chid=42 → storing 32 bits at USERMODE_NOTIFY_CHANNEL_PENDING=0x90 in the mapped usermode window
kayfabe-isolate: DOORBELL-STORE #107 host_token=0x0000002a ★★★ WROTE — the store instruction executed
kayfabe-isolate: DOORBELL-STORE #109 host_token=0x0000000e runlist=0 chid=14 → storing 32 bits at USERMODE_NOTIFY_CHANNEL_PENDING=0x90 in the mapped usermode window
kayfabe-isolate: DOORBELL-STORE #109 host_token=0x0000000e ★★★ WROTE — the store instruction executed
kayfabe-isolate: DOORBELL-STORE #108 host_token=0x00000024 runlist=0 chid=36 → storing 32 bits at USERMODE_NOTIFY_CHANNEL_PENDING=0x90 in the mapped usermode window
kayfabe-isolate: DOORBELL-STORE #108 host_token=0x00000024 ★★★ WROTE — the store instruction executed
kayfabe-isolate: DOORBELL-STORE #110 host_token=0x00000026 runlist=0 chid=38 → storing 32 bits at USERMODE_NOTIFY_CHANNEL_PENDING=0x90 in the mapped usermode window
kayfabe-isolate: DOORBELL-STORE #110 host_token=0x00000026 ★★★ WROTE — the store instruction executed
kayfabe-isolate: DOORBELL-STORE #111 host_token=0x00000011 runlist=0 chid=17 → storing 32 bits at USERMODE_NOTIFY_CHANNEL_PENDING=0x90 in the mapped usermode window
kayfabe-isolate: DOORBELL-STORE #111 host_token=0x00000011 ★★★ WROTE — the store instruction executed
kayfabe-isolate: DOORBELL-STORE #112 host_token=0x00000007 runlist=0 chid=7 → storing 32 bits at USERMODE_NOTIFY_CHANNEL_PENDING=0x90 in the mapped usermode window
kayfabe-isolate: DOORBELL-STORE #113 host_token=0x0000000e runlist=0 chid=14 → storing 32 bits at USERMODE_NOTIFY_CHANNEL_PENDING=0x90 in the mapped usermode window
kayfabe-isolate: DOORBELL-STORE #113 host_token=0x0000000e ★★★ WROTE — the store instruction executed
kayfabe-isolate: DOORBELL-STORE #112 host_token=0x00000007 ★★★ WROTE — the store instruction executed
kayfabe-isolate: DOORBELL-STORE #114 host_token=0x0000002a runlist=0 chid=42 → storing 32 bits at USERMODE_NOTIFY_CHANNEL_PENDING=0x90 in the mapped usermode window
kayfabe-isolate: DOORBELL-STORE #114 host_token=0x0000002a ★★★ WROTE — the store instruction executed
kayfabe-isolate: DOORBELL-STORE #115 host_token=0x00000026 runlist=0 chid=38 → storing 32 bits at USERMODE_NOTIFY_CHANNEL_PENDING=0x90 in the mapped usermode window
kayfabe-isolate: DOORBELL-STORE #115 host_token=0x00000026 ★★★ WROTE — the store instruction executed
kayfabe-isolate: DOORBELL-STORE #116 host_token=0x0000000b runlist=0 chid=11 → storing 32 bits at USERMODE_NOTIFY_CHANNEL_PENDING=0x90 in the mapped usermode window
kayfabe-isolate: DOORBELL-STORE #116 host_token=0x0000000b ★★★ WROTE — the store instruction executed
kayfabe-isolate: DOORBELL-STORE #117 host_token=0x0000001d runlist=0 chid=29 → storing 32 bits at USERMODE_NOTIFY_CHANNEL_PENDING=0x90 in the mapped usermode window
kayfabe-isolate: DOORBELL-STORE #117 host_token=0x0000001d ★★★ WROTE — the store instruction executed
kayfabe-isolate: DOORBELL-STORE #118 host_token=0x00000011 runlist=0 chid=17 → storing 32 bits at USERMODE_NOTIFY_CHANNEL_PENDING=0x90 in the mapped usermode window
kayfabe-isolate: DOORBELL-STORE #118 host_token=0x00000011 ★★★ WROTE — the store instruction executed
kayfabe-isolate: DOORBELL-STORE #119 host_token=0x00000026 runlist=0 chid=38 → storing 32 bits at USERMODE_NOTIFY_CHANNEL_PENDING=0x90 in the mapped usermode window
kayfabe-isolate: DOORBELL-STORE #119 host_token=0x00000026 ★★★ WROTE — the store instruction executed
kayfabe-isolate: DOORBELL-STORE #120 host_token=0x0000000b runlist=0 chid=11 → storing 32 bits at USERMODE_NOTIFY_CHANNEL_PENDING=0x90 in the mapped usermode window
kayfabe-isolate: DOORBELL-STORE #120 host_token=0x0000000b ★★★ WROTE — the store instruction executed
kayfabe-isolate: DOORBELL-STORE #121 host_token=0x0000001d runlist=0 chid=29 → storing 32 bits at USERMODE_NOTIFY_CHANNEL_PENDING=0x90 in the mapped usermode window
kayfabe-isolate: DOORBELL-STORE #121 host_token=0x0000001d ★★★ WROTE — the store instruction executed
kayfabe-isolate: DOORBELL-STORE #122 host_token=0x0000000b runlist=0 chid=11 → storing 32 bits at USERMODE_NOTIFY_CHANNEL_PENDING=0x90 in the mapped usermode window
kayfabe-isolate: DOORBELL-STORE #124 host_token=0x0000000e runlist=0 chid=14 → storing 32 bits at USERMODE_NOTIFY_CHANNEL_PENDING=0x90 in the mapped usermode window
kayfabe-isolate: DOORBELL-STORE #124 host_token=0x0000000e ★★★ WROTE — the store instruction executed
kayfabe-isolate: DOORBELL-STORE #122 host_token=0x0000000b ★★★ WROTE — the store instruction executed
kayfabe-isolate: DOORBELL-STORE #123 host_token=0x00000024 runlist=0 chid=36 → storing 32 bits at USERMODE_NOTIFY_CHANNEL_PENDING=0x90 in the mapped usermode window
kayfabe-isolate: DOORBELL-STORE #123 host_token=0x00000024 ★★★ WROTE — the store instruction executed
kayfabe-isolate: DOORBELL-STORE #125 host_token=0x0000001d runlist=0 chid=29 → storing 32 bits at USERMODE_NOTIFY_CHANNEL_PENDING=0x90 in the mapped usermode window
kayfabe-isolate: DOORBELL-STORE #125 host_token=0x0000001d ★★★ WROTE — the store instruction executed
kayfabe-isolate: DOORBELL-STORE #126 host_token=0x0000001d runlist=0 chid=29 → storing 32 bits at USERMODE_NOTIFY_CHANNEL_PENDING=0x90 in the mapped usermode window
kayfabe-isolate: DOORBELL-STORE #126 host_token=0x0000001d ★★★ WROTE — the store instruction executed
kayfabe-isolate: DOORBELL-STORE #127 host_token=0x0000001d runlist=0 chid=29 → storing 32 bits at USERMODE_NOTIFY_CHANNEL_PENDING=0x90 in the mapped usermode window
kayfabe-isolate: DOORBELL-STORE #127 host_token=0x0000001d ★★★ WROTE — the store instruction executed
kayfabe-isolate: DOORBELL-STORE #128 host_token=0x00000016 runlist=0 chid=22 → storing 32 bits at USERMODE_NOTIFY_CHANNEL_PENDING=0x90 in the mapped usermode window
kayfabe-isolate: DOORBELL-STORE #128 host_token=0x00000016 ★★★ WROTE — the store instruction executed
kayfabe-isolate: DOORBELL-STORE #129 host_token=0x00000009 runlist=0 chid=9 → storing 32 bits at USERMODE_NOTIFY_CHANNEL_PENDING=0x90 in the mapped usermode window
kayfabe-isolate: DOORBELL-STORE #129 host_token=0x00000009 ★★★ WROTE — the store instruction executed
kayfabe-isolate: DOORBELL-STORE #130 host_token=0x00000008 runlist=0 chid=8 → storing 32 bits at USERMODE_NOTIFY_CHANNEL_PENDING=0x90 in the mapped usermode window
kayfabe-isolate: DOORBELL-STORE #130 host_token=0x00000008 ★★★ WROTE — the store instruction executed
kayfabe-isolate: DOORBELL-STORE #132 host_token=0x00000033 runlist=0 chid=51 → storing 32 bits at USERMODE_NOTIFY_CHANNEL_PENDING=0x90 in the mapped usermode window
kayfabe-isolate: DOORBELL-STORE #132 host_token=0x00000033 ★★★ WROTE — the store instruction executed
kayfabe-isolate: DOORBELL-STORE #131 host_token=0x0000002c runlist=0 chid=44 → storing 32 bits at USERMODE_NOTIFY_CHANNEL_PENDING=0x90 in the mapped usermode window
kayfabe-isolate: DOORBELL-STORE #131 host_token=0x0000002c ★★★ WROTE — the store instruction executed
kayfabe-isolate: DOORBELL-STORE #133 host_token=0x0000000d runlist=0 chid=13 → storing 32 bits at USERMODE_NOTIFY_CHANNEL_PENDING=0x90 in the mapped usermode window
kayfabe-isolate: DOORBELL-STORE #133 host_token=0x0000000d ★★★ WROTE — the store instruction executed
kayfabe-isolate: DOORBELL-STORE #134 host_token=0x00000009 runlist=0 chid=9 → storing 32 bits at USERMODE_NOTIFY_CHANNEL_PENDING=0x90 in the mapped usermode window
kayfabe-isolate: DOORBELL-STORE #134 host_token=0x00000009 ★★★ WROTE — the store instruction executed
kayfabe-isolate: DOORBELL-STORE #135 host_token=0x00000005 runlist=0 chid=5 → storing 32 bits at USERMODE_NOTIFY_CHANNEL_PENDING=0x90 in the mapped usermode window
kayfabe-isolate: DOORBELL-STORE #135 host_token=0x00000005 ★★★ WROTE — the store instruction executed
kayfabe-isolate: DOORBELL-STORE #136 host_token=0x00000008 runlist=0 chid=8 → storing 32 bits at USERMODE_NOTIFY_CHANNEL_PENDING=0x90 in the mapped usermode window
kayfabe-isolate: DOORBELL-STORE #136 host_token=0x00000008 ★★★ WROTE — the store instruction executed
kayfabe-isolate: DOORBELL-STORE #137 host_token=0x00000008 runlist=0 chid=8 → storing 32 bits at USERMODE_NOTIFY_CHANNEL_PENDING=0x90 in the mapped usermode window
kayfabe-isolate: DOORBELL-STORE #137 host_token=0x00000008 ★★★ WROTE — the store instruction executed
kayfabe-isolate: DOORBELL-STORE #138 host_token=0x0000000d runlist=0 chid=13 → storing 32 bits at USERMODE_NOTIFY_CHANNEL_PENDING=0x90 in the mapped usermode window
kayfabe-isolate: DOORBELL-STORE #138 host_token=0x0000000d ★★★ WROTE — the store instruction executed
kayfabe-isolate: DOORBELL-STORE #139 host_token=0x00000005 runlist=0 chid=5 → storing 32 bits at USERMODE_NOTIFY_CHANNEL_PENDING=0x90 in the mapped usermode window
kayfabe-isolate: DOORBELL-STORE #139 host_token=0x00000005 ★★★ WROTE — the store instruction executed
kayfabe-isolate: DOORBELL-STORE #140 host_token=0x00000016 runlist=0 chid=22 → storing 32 bits at USERMODE_NOTIFY_CHANNEL_PENDING=0x90 in the mapped usermode window
kayfabe-isolate: DOORBELL-STORE #140 host_token=0x00000016 ★★★ WROTE — the store instruction executed
kayfabe-isolate: DOORBELL-STORE #141 host_token=0x00000009 runlist=0 chid=9 → storing 32 bits at USERMODE_NOTIFY_CHANNEL_PENDING=0x90 in the mapped usermode window
kayfabe-isolate: DOORBELL-STORE #141 host_token=0x00000009 ★★★ WROTE — the store instruction executed
kayfabe-isolate: DOORBELL-STORE #142 host_token=0x00000011 runlist=0 chid=17 → storing 32 bits at USERMODE_NOTIFY_CHANNEL_PENDING=0x90 in the mapped usermode window
kayfabe-isolate: DOORBELL-STORE #142 host_token=0x00000011 ★★★ WROTE — the store instruction executed
kayfabe-isolate: DOORBELL-STORE #143 host_token=0x0000000e runlist=0 chid=14 → storing 32 bits at USERMODE_NOTIFY_CHANNEL_PENDING=0x90 in the mapped usermode window
kayfabe-isolate: DOORBELL-STORE #143 host_token=0x0000000e ★★★ WROTE — the store instruction executed
kayfabe-isolate: DOORBELL-STORE #144 host_token=0x00000005 runlist=0 chid=5 → storing 32 bits at USERMODE_NOTIFY_CHANNEL_PENDING=0x90 in the mapped usermode window
kayfabe-isolate: DOORBELL-STORE #144 host_token=0x00000005 ★★★ WROTE — the store instruction executed
kayfabe-isolate: DOORBELL-STORE #145 host_token=0x00000008 runlist=0 chid=8 → storing 32 bits at USERMODE_NOTIFY_CHANNEL_PENDING=0x90 in the mapped usermode window
kayfabe-isolate: DOORBELL-STORE #145 host_token=0x00000008 ★★★ WROTE — the store instruction executed
kayfabe-isolate: DOORBELL-STORE #146 host_token=0x00000016 runlist=0 chid=22 → storing 32 bits at USERMODE_NOTIFY_CHANNEL_PENDING=0x90 in the mapped usermode window
kayfabe-isolate: DOORBELL-STORE #146 host_token=0x00000016 ★★★ WROTE — the store instruction executed
kayfabe-isolate: DOORBELL-STORE #147 host_token=0x00000011 runlist=0 chid=17 → storing 32 bits at USERMODE_NOTIFY_CHANNEL_PENDING=0x90 in the mapped usermode window
kayfabe-isolate: DOORBELL-STORE #147 host_token=0x00000011 ★★★ WROTE — the store instruction executed
kayfabe-isolate: DOORBELL-STORE #148 host_token=0x0000000b runlist=0 chid=11 → storing 32 bits at USERMODE_NOTIFY_CHANNEL_PENDING=0x90 in the mapped usermode window
kayfabe-isolate: DOORBELL-STORE #148 host_token=0x0000000b ★★★ WROTE — the store instruction executed
kayfabe-isolate: DOORBELL-STORE #149 host_token=0x0000000e runlist=0 chid=14 → storing 32 bits at USERMODE_NOTIFY_CHANNEL_PENDING=0x90 in the mapped usermode window
kayfabe-isolate: DOORBELL-STORE #149 host_token=0x0000000e ★★★ WROTE — the store instruction executed
kayfabe-isolate: DOORBELL-STORE #150 host_token=0x00000008 runlist=0 chid=8 → storing 32 bits at USERMODE_NOTIFY_CHANNEL_PENDING=0x90 in the mapped usermode window
kayfabe-isolate: DOORBELL-STORE #150 host_token=0x00000008 ★★★ WROTE — the store instruction executed
kayfabe-isolate: DOORBELL-STORE #151 host_token=0x00000011 runlist=0 chid=17 → storing 32 bits at USERMODE_NOTIFY_CHANNEL_PENDING=0x90 in the mapped usermode window
kayfabe-isolate: DOORBELL-STORE #151 host_token=0x00000011 ★★★ WROTE — the store instruction executed
kayfabe-isolate: DOORBELL-STORE #152 host_token=0x0000000b runlist=0 chid=11 → storing 32 bits at USERMODE_NOTIFY_CHANNEL_PENDING=0x90 in the mapped usermode window
kayfabe-isolate: DOORBELL-STORE #152 host_token=0x0000000b ★★★ WROTE — the store instruction executed
kayfabe-isolate: DOORBELL-STORE #153 host_token=0x00000005 runlist=0 chid=5 → storing 32 bits at USERMODE_NOTIFY_CHANNEL_PENDING=0x90 in the mapped usermode window
kayfabe-isolate: DOORBELL-STORE #153 host_token=0x00000005 ★★★ WROTE — the store instruction executed
kayfabe-isolate: DOORBELL-STORE #154 host_token=0x0000000e runlist=0 chid=14 → storing 32 bits at USERMODE_NOTIFY_CHANNEL_PENDING=0x90 in the mapped usermode window
kayfabe-isolate: DOORBELL-STORE #154 host_token=0x0000000e ★★★ WROTE — the store instruction executed
kayfabe-isolate: DOORBELL-STORE #155 host_token=0x00000008 runlist=0 chid=8 → storing 32 bits at USERMODE_NOTIFY_CHANNEL_PENDING=0x90 in the mapped usermode window
kayfabe-isolate: DOORBELL-STORE #155 host_token=0x00000008 ★★★ WROTE — the store instruction executed
kayfabe-isolate: DOORBELL-STORE #156 host_token=0x0000000d runlist=0 chid=13 → storing 32 bits at USERMODE_NOTIFY_CHANNEL_PENDING=0x90 in the mapped usermode window
kayfabe-isolate: DOORBELL-STORE #156 host_token=0x0000000d ★★★ WROTE — the store instruction executed
kayfabe-isolate: DOORBELL-STORE #157 host_token=0x00000016 runlist=0 chid=22 → storing 32 bits at USERMODE_NOTIFY_CHANNEL_PENDING=0x90 in the mapped usermode window
kayfabe-isolate: DOORBELL-STORE #157 host_token=0x00000016 ★★★ WROTE — the store instruction executed
kayfabe-isolate: DOORBELL-STORE #158 host_token=0x0000000b runlist=0 chid=11 → storing 32 bits at USERMODE_NOTIFY_CHANNEL_PENDING=0x90 in the mapped usermode window
kayfabe-isolate: DOORBELL-STORE #158 host_token=0x0000000b ★★★ WROTE — the store instruction executed
kayfabe-isolate: DOORBELL-STORE #159 host_token=0x00000005 runlist=0 chid=5 → storing 32 bits at USERMODE_NOTIFY_CHANNEL_PENDING=0x90 in the mapped usermode window
kayfabe-isolate: DOORBELL-STORE #159 host_token=0x00000005 ★★★ WROTE — the store instruction executed
kayfabe-isolate: DOORBELL-STORE #160 host_token=0x00000011 runlist=0 chid=17 → storing 32 bits at USERMODE_NOTIFY_CHANNEL_PENDING=0x90 in the mapped usermode window
kayfabe-isolate: DOORBELL-STORE #160 host_token=0x00000011 ★★★ WROTE — the store instruction executed
kayfabe-isolate: DOORBELL-STORE #161 host_token=0x00000016 runlist=0 chid=22 → storing 32 bits at USERMODE_NOTIFY_CHANNEL_PENDING=0x90 in the mapped usermode window
kayfabe-isolate: DOORBELL-STORE #161 host_token=0x00000016 ★★★ WROTE — the store instruction executed
kayfabe-isolate: DOORBELL-STORE #162 host_token=0x0000000e runlist=0 chid=14 → storing 32 bits at USERMODE_NOTIFY_CHANNEL_PENDING=0x90 in the mapped usermode window
kayfabe-isolate: DOORBELL-STORE #162 host_token=0x0000000e ★★★ WROTE — the store instruction executed
kayfabe-isolate: DOORBELL-STORE #163 host_token=0x00000008 runlist=0 chid=8 → storing 32 bits at USERMODE_NOTIFY_CHANNEL_PENDING=0x90 in the mapped usermode window
kayfabe-isolate: DOORBELL-STORE #163 host_token=0x00000008 ★★★ WROTE — the store instruction executed
kayfabe-isolate: DOORBELL-STORE #164 host_token=0x0000000e runlist=0 chid=14 → storing 32 bits at USERMODE_NOTIFY_CHANNEL_PENDING=0x90 in the mapped usermode window
kayfabe-isolate: DOORBELL-STORE #164 host_token=0x0000000e ★★★ WROTE — the store instruction executed
kayfabe-isolate: DOORBELL-STORE #165 host_token=0x00000011 runlist=0 chid=17 → storing 32 bits at USERMODE_NOTIFY_CHANNEL_PENDING=0x90 in the mapped usermode window
kayfabe-isolate: DOORBELL-STORE #165 host_token=0x00000011 ★★★ WROTE — the store instruction executed
kayfabe-isolate: DOORBELL-STORE #166 host_token=0x00000008 runlist=0 chid=8 → storing 32 bits at USERMODE_NOTIFY_CHANNEL_PENDING=0x90 in the mapped usermode window
kayfabe-isolate: DOORBELL-STORE #166 host_token=0x00000008 ★★★ WROTE — the store instruction executed
kayfabe-isolate: DOORBELL-STORE #167 host_token=0x00000026 runlist=0 chid=38 → storing 32 bits at USERMODE_NOTIFY_CHANNEL_PENDING=0x90 in the mapped usermode window
kayfabe-isolate: DOORBELL-STORE #167 host_token=0x00000026 ★★★ WROTE — the store instruction executed
kayfabe-isolate: DOORBELL-STORE #168 host_token=0x0000000b runlist=0 chid=11 → storing 32 bits at USERMODE_NOTIFY_CHANNEL_PENDING=0x90 in the mapped usermode window
kayfabe-isolate: DOORBELL-STORE #168 host_token=0x0000000b ★★★ WROTE — the store instruction executed
kayfabe-isolate: DOORBELL-STORE #169 host_token=0x00000026 runlist=0 chid=38 → storing 32 bits at USERMODE_NOTIFY_CHANNEL_PENDING=0x90 in the mapped usermode window
kayfabe-isolate: DOORBELL-STORE #169 host_token=0x00000026 ★★★ WROTE — the store instruction executed
kayfabe-isolate: DOORBELL-STORE #170 host_token=0x0000000b runlist=0 chid=11 → storing 32 bits at USERMODE_NOTIFY_CHANNEL_PENDING=0x90 in the mapped usermode window
kayfabe-isolate: DOORBELL-STORE #170 host_token=0x0000000b ★★★ WROTE — the store instruction executed
kayfabe-isolate: DOORBELL-STORE #171 host_token=0x00000026 runlist=0 chid=38 → storing 32 bits at USERMODE_NOTIFY_CHANNEL_PENDING=0x90 in the mapped usermode window
kayfabe-isolate: DOORBELL-STORE #171 host_token=0x00000026 ★★★ WROTE — the store instruction executed
kayfabe-isolate: DOORBELL-STORE #172 host_token=0x00000026 runlist=0 chid=38 → storing 32 bits at USERMODE_NOTIFY_CHANNEL_PENDING=0x90 in the mapped usermode window
kayfabe-isolate: DOORBELL-STORE #172 host_token=0x00000026 ★★★ WROTE — the store instruction executed
kayfabe-isolate: DOORBELL-STORE #173 host_token=0x00000026 runlist=0 chid=38 → storing 32 bits at USERMODE_NOTIFY_CHANNEL_PENDING=0x90 in the mapped usermode window
kayfabe-isolate: DOORBELL-STORE #173 host_token=0x00000026 ★★★ WROTE — the store instruction executed
kayfabe-isolate: DOORBELL-STORE #174 host_token=0x0000000d runlist=0 chid=13 → storing 32 bits at USERMODE_NOTIFY_CHANNEL_PENDING=0x90 in the mapped usermode window
kayfabe-isolate: DOORBELL-STORE #174 host_token=0x0000000d ★★★ WROTE — the store instruction executed
kayfabe-isolate: DOORBELL-STORE #175 host_token=0x0000000d runlist=0 chid=13 → storing 32 bits at USERMODE_NOTIFY_CHANNEL_PENDING=0x90 in the mapped usermode window
kayfabe-isolate: DOORBELL-STORE #175 host_token=0x0000000d ★★★ WROTE — the store instruction executed
kayfabe-isolate: DOORBELL-STORE #176 host_token=0x0000000d runlist=0 chid=13 → storing 32 bits at USERMODE_NOTIFY_CHANNEL_PENDING=0x90 in the mapped usermode window
kayfabe-isolate: DOORBELL-STORE #176 host_token=0x0000000d ★★★ WROTE — the store instruction executed
kayfabe-isolate: DOORBELL-STORE #177 host_token=0x0000000d runlist=0 chid=13 → storing 32 bits at USERMODE_NOTIFY_CHANNEL_PENDING=0x90 in the mapped usermode window
kayfabe-isolate: DOORBELL-STORE #177 host_token=0x0000000d ★★★ WROTE — the store instruction executed
kayfabe-isolate: DOORBELL-STORE #178 host_token=0x00000006 runlist=0 chid=6 → storing 32 bits at USERMODE_NOTIFY_CHANNEL_PENDING=0x90 in the mapped usermode window
kayfabe-isolate: DOORBELL-STORE #178 host_token=0x00000006 ★★★ WROTE — the store instruction executed
kayfabe-isolate: DOORBELL-STORE #179 host_token=0x0000000d runlist=0 chid=13 → storing 32 bits at USERMODE_NOTIFY_CHANNEL_PENDING=0x90 in the mapped usermode window
kayfabe-isolate: DOORBELL-STORE #179 host_token=0x0000000d ★★★ WROTE — the store instruction executed
kayfabe-isolate: DOORBELL-STORE #180 host_token=0x0000000f runlist=0 chid=15 → storing 32 bits at USERMODE_NOTIFY_CHANNEL_PENDING=0x90 in the mapped usermode window
kayfabe-isolate: DOORBELL-STORE #180 host_token=0x0000000f ★★★ WROTE — the store instruction executed
kayfabe-isolate: DOORBELL-STORE #181 host_token=0x00000025 runlist=0 chid=37 → storing 32 bits at USERMODE_NOTIFY_CHANNEL_PENDING=0x90 in the mapped usermode window
kayfabe-isolate: DOORBELL-STORE #181 host_token=0x00000025 ★★★ WROTE — the store instruction executed
kayfabe-isolate: DOORBELL-STORE #182 host_token=0x00000019 runlist=0 chid=25 → storing 32 bits at USERMODE_NOTIFY_CHANNEL_PENDING=0x90 in the mapped usermode window
kayfabe-isolate: DOORBELL-STORE #182 host_token=0x00000019 ★★★ WROTE — the store instruction executed
kayfabe-isolate: DOORBELL-STORE #183 host_token=0x00000022 runlist=0 chid=34 → storing 32 bits at USERMODE_NOTIFY_CHANNEL_PENDING=0x90 in the mapped usermode window
kayfabe-isolate: DOORBELL-STORE #183 host_token=0x00000022 ★★★ WROTE — the store instruction executed
kayfabe-isolate: DOORBELL-STORE #184 host_token=0x00000021 runlist=0 chid=33 → storing 32 bits at USERMODE_NOTIFY_CHANNEL_PENDING=0x90 in the mapped usermode window
kayfabe-isolate: DOORBELL-STORE #184 host_token=0x00000021 ★★★ WROTE — the store instruction executed
kayfabe-isolate: DOORBELL-STORE #185 host_token=0x00000010 runlist=0 chid=16 → storing 32 bits at USERMODE_NOTIFY_CHANNEL_PENDING=0x90 in the mapped usermode window
kayfabe-isolate: DOORBELL-STORE #185 host_token=0x00000010 ★★★ WROTE — the store instruction executed
kayfabe-isolate: DOORBELL-STORE #186 host_token=0x00000013 runlist=0 chid=19 → storing 32 bits at USERMODE_NOTIFY_CHANNEL_PENDING=0x90 in the mapped usermode window
kayfabe-isolate: DOORBELL-STORE #186 host_token=0x00000013 ★★★ WROTE — the store instruction executed
kayfabe-isolate: DOORBELL-STORE #187 host_token=0x00000024 runlist=0 chid=36 → storing 32 bits at USERMODE_NOTIFY_CHANNEL_PENDING=0x90 in the mapped usermode window
kayfabe-isolate: DOORBELL-STORE #187 host_token=0x00000024 ★★★ WROTE — the store instruction executed
kayfabe-isolate: DOORBELL-STORE #188 host_token=0x0000002a runlist=0 chid=42 → storing 32 bits at USERMODE_NOTIFY_CHANNEL_PENDING=0x90 in the mapped usermode window
kayfabe-isolate: DOORBELL-STORE #188 host_token=0x0000002a ★★★ WROTE — the store instruction executed
kayfabe-isolate: DOORBELL-STORE #189 host_token=0x00000017 runlist=0 chid=23 → storing 32 bits at USERMODE_NOTIFY_CHANNEL_PENDING=0x90 in the mapped usermode window
kayfabe-isolate: DOORBELL-STORE #189 host_token=0x00000017 ★★★ WROTE — the store instruction executed
kayfabe-isolate: DOORBELL-STORE #190 host_token=0x00000007 runlist=0 chid=7 → storing 32 bits at USERMODE_NOTIFY_CHANNEL_PENDING=0x90 in the mapped usermode window
kayfabe-isolate: DOORBELL-STORE #190 host_token=0x00000007 ★★★ WROTE — the store instruction executed
kayfabe-isolate: DOORBELL-STORE #191 host_token=0x00000030 runlist=0 chid=48 → storing 32 bits at USERMODE_NOTIFY_CHANNEL_PENDING=0x90 in the mapped usermode window
kayfabe-isolate: DOORBELL-STORE #191 host_token=0x00000030 ★★★ WROTE — the store instruction executed
kayfabe-isolate: DOORBELL-STORE #192 host_token=0x00000030 runlist=0 chid=48 → storing 32 bits at USERMODE_NOTIFY_CHANNEL_PENDING=0x90 in the mapped usermode window
kayfabe-isolate: DOORBELL-STORE #192 host_token=0x00000030 ★★★ WROTE — the store instruction executed
kayfabe-isolate: DOORBELL-STORE #193 host_token=0x00000030 runlist=0 chid=48 → storing 32 bits at USERMODE_NOTIFY_CHANNEL_PENDING=0x90 in the mapped usermode window
kayfabe-isolate: DOORBELL-STORE #193 host_token=0x00000030 ★★★ WROTE — the store instruction executed
kayfabe-isolate: DOORBELL-STORE #194 host_token=0x0000000a runlist=0 chid=10 → storing 32 bits at USERMODE_NOTIFY_CHANNEL_PENDING=0x90 in the mapped usermode window
kayfabe-isolate: DOORBELL-STORE #194 host_token=0x0000000a ★★★ WROTE — the store instruction executed
kayfabe-isolate: DOORBELL-STORE #195 host_token=0x0000000f runlist=0 chid=15 → storing 32 bits at USERMODE_NOTIFY_CHANNEL_PENDING=0x90 in the mapped usermode window
kayfabe-isolate: DOORBELL-STORE #195 host_token=0x0000000f ★★★ WROTE — the store instruction executed
kayfabe-isolate: DOORBELL-STORE #196 host_token=0x0000000c runlist=0 chid=12 → storing 32 bits at USERMODE_NOTIFY_CHANNEL_PENDING=0x90 in the mapped usermode window
kayfabe-isolate: DOORBELL-STORE #196 host_token=0x0000000c ★★★ WROTE — the store instruction executed
kayfabe-isolate: DOORBELL-STORE #198 host_token=0x00000025 runlist=0 chid=37 → storing 32 bits at USERMODE_NOTIFY_CHANNEL_PENDING=0x90 in the mapped usermode window
kayfabe-isolate: DOORBELL-STORE #198 host_token=0x00000025 ★★★ WROTE — the store instruction executed
kayfabe-isolate: DOORBELL-STORE #197 host_token=0x00000028 runlist=0 chid=40 → storing 32 bits at USERMODE_NOTIFY_CHANNEL_PENDING=0x90 in the mapped usermode window
kayfabe-isolate: DOORBELL-STORE #197 host_token=0x00000028 ★★★ WROTE — the store instruction executed
kayfabe-isolate: DOORBELL-STORE #199 host_token=0x0000002d runlist=0 chid=45 → storing 32 bits at USERMODE_NOTIFY_CHANNEL_PENDING=0x90 in the mapped usermode window
kayfabe-isolate: DOORBELL-STORE #199 host_token=0x0000002d ★★★ WROTE — the store instruction executed
kayfabe-isolate: DOORBELL-STORE #200 host_token=0x00000011 runlist=0 chid=17 → storing 32 bits at USERMODE_NOTIFY_CHANNEL_PENDING=0x90 in the mapped usermode window
kayfabe-isolate: DOORBELL-STORE #200 host_token=0x00000011 ★★★ WROTE — the store instruction executed
kayfabe-isolate: DOORBELL-STORE #201 host_token=0x0000001d runlist=0 chid=29 → storing 32 bits at USERMODE_NOTIFY_CHANNEL_PENDING=0x90 in the mapped usermode window
kayfabe-isolate: DOORBELL-STORE #201 host_token=0x0000001d ★★★ WROTE — the store instruction executed
kayfabe-isolate: DOORBELL-STORE #202 host_token=0x00000019 runlist=0 chid=25 → storing 32 bits at USERMODE_NOTIFY_CHANNEL_PENDING=0x90 in the mapped usermode window
kayfabe-isolate: DOORBELL-STORE #202 host_token=0x00000019 ★★★ WROTE — the store instruction executed
kayfabe-isolate: DOORBELL-STORE #203 host_token=0x00000013 runlist=0 chid=19 → storing 32 bits at USERMODE_NOTIFY_CHANNEL_PENDING=0x90 in the mapped usermode window
kayfabe-isolate: DOORBELL-STORE #203 host_token=0x00000013 ★★★ WROTE — the store instruction executed
kayfabe-isolate: DOORBELL-STORE #204 host_token=0x0000000a runlist=0 chid=10 → storing 32 bits at USERMODE_NOTIFY_CHANNEL_PENDING=0x90 in the mapped usermode window
kayfabe-isolate: DOORBELL-STORE #204 host_token=0x0000000a ★★★ WROTE — the store instruction executed
kayfabe-isolate: DOORBELL-STORE #205 host_token=0x0000001a runlist=0 chid=26 → storing 32 bits at USERMODE_NOTIFY_CHANNEL_PENDING=0x90 in the mapped usermode window
kayfabe-isolate: DOORBELL-STORE #205 host_token=0x0000001a ★★★ WROTE — the store instruction executed
kayfabe-isolate: DOORBELL-STORE #206 host_token=0x00000019 runlist=0 chid=25 → storing 32 bits at USERMODE_NOTIFY_CHANNEL_PENDING=0x90 in the mapped usermode window
kayfabe-isolate: DOORBELL-STORE #206 host_token=0x00000019 ★★★ WROTE — the store instruction executed
kayfabe-isolate: DOORBELL-STORE #207 host_token=0x00000030 runlist=0 chid=48 → storing 32 bits at USERMODE_NOTIFY_CHANNEL_PENDING=0x90 in the mapped usermode window
kayfabe-isolate: DOORBELL-STORE #207 host_token=0x00000030 ★★★ WROTE — the store instruction executed
kayfabe-isolate: DOORBELL-STORE #208 host_token=0x0000001f runlist=0 chid=31 → storing 32 bits at USERMODE_NOTIFY_CHANNEL_PENDING=0x90 in the mapped usermode window
kayfabe-isolate: DOORBELL-STORE #208 host_token=0x0000001f ★★★ WROTE — the store instruction executed
kayfabe-isolate: DOORBELL-STORE #209 host_token=0x00000030 runlist=0 chid=48 → storing 32 bits at USERMODE_NOTIFY_CHANNEL_PENDING=0x90 in the mapped usermode window
kayfabe-isolate: DOORBELL-STORE #209 host_token=0x00000030 ★★★ WROTE — the store instruction executed
kayfabe-isolate: DOORBELL-STORE #210 host_token=0x0000002e runlist=0 chid=46 → storing 32 bits at USERMODE_NOTIFY_CHANNEL_PENDING=0x90 in the mapped usermode window
kayfabe-isolate: DOORBELL-STORE #210 host_token=0x0000002e ★★★ WROTE — the store instruction executed
kayfabe-isolate: DOORBELL-STORE #211 host_token=0x0000001b runlist=0 chid=27 → storing 32 bits at USERMODE_NOTIFY_CHANNEL_PENDING=0x90 in the mapped usermode window
kayfabe-isolate: DOORBELL-STORE #211 host_token=0x0000001b ★★★ WROTE — the store instruction executed
kayfabe-isolate: DOORBELL-STORE #212 host_token=0x00000029 runlist=0 chid=41 → storing 32 bits at USERMODE_NOTIFY_CHANNEL_PENDING=0x90 in the mapped usermode window
kayfabe-isolate: DOORBELL-STORE #212 host_token=0x00000029 ★★★ WROTE — the store instruction executed
kayfabe-isolate: DOORBELL-STORE #213 host_token=0x00000023 runlist=0 chid=35 → storing 32 bits at USERMODE_NOTIFY_CHANNEL_PENDING=0x90 in the mapped usermode window
kayfabe-isolate: DOORBELL-STORE #213 host_token=0x00000023 ★★★ WROTE — the store instruction executed
kayfabe-isolate: DOORBELL-STORE #214 host_token=0x0000002b runlist=0 chid=43 → storing 32 bits at USERMODE_NOTIFY_CHANNEL_PENDING=0x90 in the mapped usermode window
kayfabe-isolate: DOORBELL-STORE #214 host_token=0x0000002b ★★★ WROTE — the store instruction executed
kayfabe-isolate: DOORBELL-STORE #215 host_token=0x00000025 runlist=0 chid=37 → storing 32 bits at USERMODE_NOTIFY_CHANNEL_PENDING=0x90 in the mapped usermode window
kayfabe-isolate: DOORBELL-STORE #215 host_token=0x00000025 ★★★ WROTE — the store instruction executed
kayfabe-isolate: DOORBELL-STORE #216 host_token=0x0000002f runlist=0 chid=47 → storing 32 bits at USERMODE_NOTIFY_CHANNEL_PENDING=0x90 in the mapped usermode window
kayfabe-isolate: DOORBELL-STORE #216 host_token=0x0000002f ★★★ WROTE — the store instruction executed
kayfabe-isolate: DOORBELL-STORE #217 host_token=0x00000028 runlist=0 chid=40 → storing 32 bits at USERMODE_NOTIFY_CHANNEL_PENDING=0x90 in the mapped usermode window
kayfabe-isolate: DOORBELL-STORE #217 host_token=0x00000028 ★★★ WROTE — the store instruction executed
kayfabe-isolate: DOORBELL-STORE #218 host_token=0x0000002d runlist=0 chid=45 → storing 32 bits at USERMODE_NOTIFY_CHANNEL_PENDING=0x90 in the mapped usermode window
kayfabe-isolate: DOORBELL-STORE #218 host_token=0x0000002d ★★★ WROTE — the store instruction executed
kayfabe-isolate: DOORBELL-STORE #219 host_token=0x00000031 runlist=0 chid=49 → storing 32 bits at USERMODE_NOTIFY_CHANNEL_PENDING=0x90 in the mapped usermode window
kayfabe-isolate: DOORBELL-STORE #219 host_token=0x00000031 ★★★ WROTE — the store instruction executed
kayfabe-isolate: DOORBELL-STORE #220 host_token=0x00000004 runlist=0 chid=4 → storing 32 bits at USERMODE_NOTIFY_CHANNEL_PENDING=0x90 in the mapped usermode window
kayfabe-isolate: DOORBELL-STORE #220 host_token=0x00000004 ★★★ WROTE — the store instruction executed
kayfabe-isolate: DOORBELL-STORE #221 host_token=0x00000020 runlist=0 chid=32 → storing 32 bits at USERMODE_NOTIFY_CHANNEL_PENDING=0x90 in the mapped usermode window
kayfabe-isolate: DOORBELL-STORE #221 host_token=0x00000020 ★★★ WROTE — the store instruction executed
kayfabe-isolate: DOORBELL-STORE #222 host_token=0x0000002b runlist=0 chid=43 → storing 32 bits at USERMODE_NOTIFY_CHANNEL_PENDING=0x90 in the mapped usermode window
kayfabe-isolate: DOORBELL-STORE #222 host_token=0x0000002b ★★★ WROTE — the store instruction executed
kayfabe-isolate: DOORBELL-STORE #223 host_token=0x00000030 runlist=0 chid=48 → storing 32 bits at USERMODE_NOTIFY_CHANNEL_PENDING=0x90 in the mapped usermode window
kayfabe-isolate: DOORBELL-STORE #223 host_token=0x00000030 ★★★ WROTE — the store instruction executed
kayfabe-isolate: DOORBELL-STORE #224 host_token=0x00000023 runlist=0 chid=35 → storing 32 bits at USERMODE_NOTIFY_CHANNEL_PENDING=0x90 in the mapped usermode window
kayfabe-isolate: DOORBELL-STORE #224 host_token=0x00000023 ★★★ WROTE — the store instruction executed
kayfabe-isolate: DOORBELL-STORE #225 host_token=0x0000002b runlist=0 chid=43 → storing 32 bits at USERMODE_NOTIFY_CHANNEL_PENDING=0x90 in the mapped usermode window
kayfabe-isolate: DOORBELL-STORE #225 host_token=0x0000002b ★★★ WROTE — the store instruction executed
kayfabe-isolate: DOORBELL-STORE #226 host_token=0x00000030 runlist=0 chid=48 → storing 32 bits at USERMODE_NOTIFY_CHANNEL_PENDING=0x90 in the mapped usermode window
kayfabe-isolate: DOORBELL-STORE #226 host_token=0x00000030 ★★★ WROTE — the store instruction executed
kayfabe-isolate: DOORBELL-STORE #227 host_token=0x00000016 runlist=0 chid=22 → storing 32 bits at USERMODE_NOTIFY_CHANNEL_PENDING=0x90 in the mapped usermode window
kayfabe-isolate: DOORBELL-STORE #227 host_token=0x00000016 ★★★ WROTE — the store instruction executed
kayfabe-isolate: DOORBELL-STORE #228 host_token=0x0000000f runlist=0 chid=15 → storing 32 bits at USERMODE_NOTIFY_CHANNEL_PENDING=0x90 in the mapped usermode window
kayfabe-isolate: DOORBELL-STORE #228 host_token=0x0000000f ★★★ WROTE — the store instruction executed
kayfabe-isolate: DOORBELL-STORE #229 host_token=0x00000014 runlist=0 chid=20 → storing 32 bits at USERMODE_NOTIFY_CHANNEL_PENDING=0x90 in the mapped usermode window
kayfabe-isolate: DOORBELL-STORE #229 host_token=0x00000014 ★★★ WROTE — the store instruction executed
kayfabe-isolate: DOORBELL-STORE #230 host_token=0x0000001f runlist=0 chid=31 → storing 32 bits at USERMODE_NOTIFY_CHANNEL_PENDING=0x90 in the mapped usermode window
kayfabe-isolate: DOORBELL-STORE #230 host_token=0x0000001f ★★★ WROTE — the store instruction executed
kayfabe-isolate: DOORBELL-STORE #231 host_token=0x00000033 runlist=0 chid=51 → storing 32 bits at USERMODE_NOTIFY_CHANNEL_PENDING=0x90 in the mapped usermode window
kayfabe-isolate: DOORBELL-STORE #231 host_token=0x00000033 ★★★ WROTE — the store instruction executed
kayfabe-isolate: DOORBELL-STORE #232 host_token=0x0000000a runlist=0 chid=10 → storing 32 bits at USERMODE_NOTIFY_CHANNEL_PENDING=0x90 in the mapped usermode window
kayfabe-isolate: DOORBELL-STORE #232 host_token=0x0000000a ★★★ WROTE — the store instruction executed
kayfabe-isolate: DOORBELL-STORE #233 host_token=0x00000013 runlist=0 chid=19 → storing 32 bits at USERMODE_NOTIFY_CHANNEL_PENDING=0x90 in the mapped usermode window
kayfabe-isolate: DOORBELL-STORE #233 host_token=0x00000013 ★★★ WROTE — the store instruction executed
kayfabe-isolate: DOORBELL-STORE #234 host_token=0x0000002e runlist=0 chid=46 → storing 32 bits at USERMODE_NOTIFY_CHANNEL_PENDING=0x90 in the mapped usermode window
kayfabe-isolate: DOORBELL-STORE #234 host_token=0x0000002e ★★★ WROTE — the store instruction executed
kayfabe-isolate: DOORBELL-STORE #235 host_token=0x00000032 runlist=0 chid=50 → storing 32 bits at USERMODE_NOTIFY_CHANNEL_PENDING=0x90 in the mapped usermode window
kayfabe-isolate: DOORBELL-STORE #235 host_token=0x00000032 ★★★ WROTE — the store instruction executed
kayfabe-isolate: DOORBELL-STORE #236 host_token=0x00000019 runlist=0 chid=25 → storing 32 bits at USERMODE_NOTIFY_CHANNEL_PENDING=0x90 in the mapped usermode window
kayfabe-isolate: DOORBELL-STORE #236 host_token=0x00000019 ★★★ WROTE — the store instruction executed
kayfabe-isolate: DOORBELL-STORE #237 host_token=0x00000009 runlist=0 chid=9 → storing 32 bits at USERMODE_NOTIFY_CHANNEL_PENDING=0x90 in the mapped usermode window
kayfabe-isolate: DOORBELL-STORE #237 host_token=0x00000009 ★★★ WROTE — the store instruction executed
kayfabe-isolate: DOORBELL-STORE #238 host_token=0x00000025 runlist=0 chid=37 → storing 32 bits at USERMODE_NOTIFY_CHANNEL_PENDING=0x90 in the mapped usermode window
kayfabe-isolate: DOORBELL-STORE #238 host_token=0x00000025 ★★★ WROTE — the store instruction executed
kayfabe-isolate: DOORBELL-STORE #239 host_token=0x00000030 runlist=0 chid=48 → storing 32 bits at USERMODE_NOTIFY_CHANNEL_PENDING=0x90 in the mapped usermode window
kayfabe-isolate: DOORBELL-STORE #239 host_token=0x00000030 ★★★ WROTE — the store instruction executed
kayfabe-isolate: DOORBELL-STORE #240 host_token=0x00000018 runlist=0 chid=24 → storing 32 bits at USERMODE_NOTIFY_CHANNEL_PENDING=0x90 in the mapped usermode window
kayfabe-isolate: DOORBELL-STORE #240 host_token=0x00000018 ★★★ WROTE — the store instruction executed
kayfabe-isolate: DOORBELL-STORE #241 host_token=0x00000028 runlist=0 chid=40 → storing 32 bits at USERMODE_NOTIFY_CHANNEL_PENDING=0x90 in the mapped usermode window
kayfabe-isolate: DOORBELL-STORE #241 host_token=0x00000028 ★★★ WROTE — the store instruction executed
kayfabe-isolate: DOORBELL-STORE #243 host_token=0x0000001b runlist=0 chid=27 → storing 32 bits at USERMODE_NOTIFY_CHANNEL_PENDING=0x90 in the mapped usermode window
kayfabe-isolate: DOORBELL-STORE #242 host_token=0x00000015 runlist=0 chid=21 → storing 32 bits at USERMODE_NOTIFY_CHANNEL_PENDING=0x90 in the mapped usermode window
kayfabe-isolate: DOORBELL-STORE #242 host_token=0x00000015 ★★★ WROTE — the store instruction executed
kayfabe-isolate: DOORBELL-STORE #244 host_token=0x0000002d runlist=0 chid=45 → storing 32 bits at USERMODE_NOTIFY_CHANNEL_PENDING=0x90 in the mapped usermode window
kayfabe-isolate: DOORBELL-STORE #244 host_token=0x0000002d ★★★ WROTE — the store instruction executed
kayfabe-isolate: DOORBELL-STORE #243 host_token=0x0000001b ★★★ WROTE — the store instruction executed
kayfabe-isolate: DOORBELL-STORE #245 host_token=0x00000023 runlist=0 chid=35 → storing 32 bits at USERMODE_NOTIFY_CHANNEL_PENDING=0x90 in the mapped usermode window
kayfabe-isolate: DOORBELL-STORE #245 host_token=0x00000023 ★★★ WROTE — the store instruction executed
kayfabe-isolate: DOORBELL-STORE #246 host_token=0x00000031 runlist=0 chid=49 → storing 32 bits at USERMODE_NOTIFY_CHANNEL_PENDING=0x90 in the mapped usermode window
kayfabe-isolate: DOORBELL-STORE #246 host_token=0x00000031 ★★★ WROTE — the store instruction executed
kayfabe-isolate: DOORBELL-STORE #247 host_token=0x00000005 runlist=0 chid=5 → storing 32 bits at USERMODE_NOTIFY_CHANNEL_PENDING=0x90 in the mapped usermode window
kayfabe-isolate: DOORBELL-STORE #247 host_token=0x00000005 ★★★ WROTE — the store instruction executed
kayfabe-isolate: DOORBELL-STORE #248 host_token=0x00000012 runlist=0 chid=18 → storing 32 bits at USERMODE_NOTIFY_CHANNEL_PENDING=0x90 in the mapped usermode window
kayfabe-isolate: DOORBELL-STORE #248 host_token=0x00000012 ★★★ WROTE — the store instruction executed
kayfabe-isolate: DOORBELL-STORE #249 host_token=0x0000000e runlist=0 chid=14 → storing 32 bits at USERMODE_NOTIFY_CHANNEL_PENDING=0x90 in the mapped usermode window
kayfabe-isolate: DOORBELL-STORE #249 host_token=0x0000000e ★★★ WROTE — the store instruction executed
kayfabe-isolate: DOORBELL-STORE #250 host_token=0x0000001f runlist=0 chid=31 → storing 32 bits at USERMODE_NOTIFY_CHANNEL_PENDING=0x90 in the mapped usermode window
kayfabe-isolate: DOORBELL-STORE #250 host_token=0x0000001f ★★★ WROTE — the store instruction executed
kayfabe-isolate: DOORBELL-STORE #251 host_token=0x00000004 runlist=0 chid=4 → storing 32 bits at USERMODE_NOTIFY_CHANNEL_PENDING=0x90 in the mapped usermode window
kayfabe-isolate: DOORBELL-STORE #251 host_token=0x00000004 ★★★ WROTE — the store instruction executed
kayfabe-isolate: DOORBELL-STORE #252 host_token=0x0000000a runlist=0 chid=10 → storing 32 bits at USERMODE_NOTIFY_CHANNEL_PENDING=0x90 in the mapped usermode window
kayfabe-isolate: DOORBELL-STORE #252 host_token=0x0000000a ★★★ WROTE — the store instruction executed
kayfabe-isolate: DOORBELL-STORE #253 host_token=0x0000001c runlist=0 chid=28 → storing 32 bits at USERMODE_NOTIFY_CHANNEL_PENDING=0x90 in the mapped usermode window
kayfabe-isolate: DOORBELL-STORE #253 host_token=0x0000001c ★★★ WROTE — the store instruction executed
kayfabe-isolate: DOORBELL-STORE #254 host_token=0x00000008 runlist=0 chid=8 → storing 32 bits at USERMODE_NOTIFY_CHANNEL_PENDING=0x90 in the mapped usermode window
kayfabe-isolate: DOORBELL-STORE #254 host_token=0x00000008 ★★★ WROTE — the store instruction executed
kayfabe-isolate: DOORBELL-STORE #255 host_token=0x00000020 runlist=0 chid=32 → storing 32 bits at USERMODE_NOTIFY_CHANNEL_PENDING=0x90 in the mapped usermode window
kayfabe-isolate: DOORBELL-STORE #255 host_token=0x00000020 ★★★ WROTE — the store instruction executed
kayfabe-isolate: DOORBELL-STORE #256 host_token=0x0000000f runlist=0 chid=15 → storing 32 bits at USERMODE_NOTIFY_CHANNEL_PENDING=0x90 in the mapped usermode window
kayfabe-isolate: DOORBELL-STORE #256 host_token=0x0000000f ★★★ WROTE — the store instruction executed
kayfabe-isolate: DOORBELL-STORE #257 host_token=0x00000013 runlist=0 chid=19 → storing 32 bits at USERMODE_NOTIFY_CHANNEL_PENDING=0x90 in the mapped usermode window
kayfabe-isolate: DOORBELL-STORE #257 host_token=0x00000013 ★★★ WROTE — the store instruction executed
kayfabe-isolate: DOORBELL-STORE #258 host_token=0x0000002b runlist=0 chid=43 → storing 32 bits at USERMODE_NOTIFY_CHANNEL_PENDING=0x90 in the mapped usermode window
kayfabe-isolate: DOORBELL-STORE #258 host_token=0x0000002b ★★★ WROTE — the store instruction executed
kayfabe-isolate: DOORBELL-STORE #259 host_token=0x0000002e runlist=0 chid=46 → storing 32 bits at USERMODE_NOTIFY_CHANNEL_PENDING=0x90 in the mapped usermode window
kayfabe-isolate: DOORBELL-STORE #259 host_token=0x0000002e ★★★ WROTE — the store instruction executed
kayfabe-isolate: DOORBELL-STORE #260 host_token=0x00000026 runlist=0 chid=38 → storing 32 bits at USERMODE_NOTIFY_CHANNEL_PENDING=0x90 in the mapped usermode window
kayfabe-isolate: DOORBELL-STORE #260 host_token=0x00000026 ★★★ WROTE — the store instruction executed
kayfabe-isolate: DOORBELL-STORE #261 host_token=0x00000031 runlist=0 chid=49 → storing 32 bits at USERMODE_NOTIFY_CHANNEL_PENDING=0x90 in the mapped usermode window
kayfabe-isolate: DOORBELL-STORE #261 host_token=0x00000031 ★★★ WROTE — the store instruction executed
kayfabe-isolate: DOORBELL-STORE #262 host_token=0x00000033 runlist=0 chid=51 → storing 32 bits at USERMODE_NOTIFY_CHANNEL_PENDING=0x90 in the mapped usermode window
kayfabe-isolate: DOORBELL-STORE #262 host_token=0x00000033 ★★★ WROTE — the store instruction executed
kayfabe-isolate: DOORBELL-STORE #263 host_token=0x0000001e runlist=0 chid=30 → storing 32 bits at USERMODE_NOTIFY_CHANNEL_PENDING=0x90 in the mapped usermode window
kayfabe-isolate: DOORBELL-STORE #263 host_token=0x0000001e ★★★ WROTE — the store instruction executed
kayfabe-isolate: DOORBELL-STORE #264 host_token=0x0000002b runlist=0 chid=43 → storing 32 bits at USERMODE_NOTIFY_CHANNEL_PENDING=0x90 in the mapped usermode window
kayfabe-isolate: DOORBELL-STORE #264 host_token=0x0000002b ★★★ WROTE — the store instruction executed
kayfabe-isolate: DOORBELL-STORE #265 host_token=0x0000002b runlist=0 chid=43 → storing 32 bits at USERMODE_NOTIFY_CHANNEL_PENDING=0x90 in the mapped usermode window
kayfabe-isolate: DOORBELL-STORE #265 host_token=0x0000002b ★★★ WROTE — the store instruction executed
kayfabe-isolate: DOORBELL-STORE #266 host_token=0x00000012 runlist=0 chid=18 → storing 32 bits at USERMODE_NOTIFY_CHANNEL_PENDING=0x90 in the mapped usermode window
kayfabe-isolate: DOORBELL-STORE #266 host_token=0x00000012 ★★★ WROTE — the store instruction executed
kayfabe-isolate: DOORBELL-STORE #267 host_token=0x00000018 runlist=0 chid=24 → storing 32 bits at USERMODE_NOTIFY_CHANNEL_PENDING=0x90 in the mapped usermode window
kayfabe-isolate: DOORBELL-STORE #267 host_token=0x00000018 ★★★ WROTE — the store instruction executed
kayfabe-isolate: DOORBELL-STORE #268 host_token=0x0000000a runlist=0 chid=10 → storing 32 bits at USERMODE_NOTIFY_CHANNEL_PENDING=0x90 in the mapped usermode window
kayfabe-isolate: DOORBELL-STORE #268 host_token=0x0000000a ★★★ WROTE — the store instruction executed
kayfabe-isolate: DOORBELL-STORE #269 host_token=0x00000004 runlist=0 chid=4 → storing 32 bits at USERMODE_NOTIFY_CHANNEL_PENDING=0x90 in the mapped usermode window
kayfabe-isolate: DOORBELL-STORE #269 host_token=0x00000004 ★★★ WROTE — the store instruction executed
kayfabe-isolate: DOORBELL-STORE #270 host_token=0x0000002c runlist=0 chid=44 → storing 32 bits at USERMODE_NOTIFY_CHANNEL_PENDING=0x90 in the mapped usermode window
kayfabe-isolate: DOORBELL-STORE #270 host_token=0x0000002c ★★★ WROTE — the store instruction executed
kayfabe-isolate: DOORBELL-STORE #271 host_token=0x0000001f runlist=0 chid=31 → storing 32 bits at USERMODE_NOTIFY_CHANNEL_PENDING=0x90 in the mapped usermode window
kayfabe-isolate: DOORBELL-STORE #271 host_token=0x0000001f ★★★ WROTE — the store instruction executed
kayfabe-isolate: DOORBELL-STORE #272 host_token=0x0000000a runlist=0 chid=10 → storing 32 bits at USERMODE_NOTIFY_CHANNEL_PENDING=0x90 in the mapped usermode window
kayfabe-isolate: DOORBELL-STORE #272 host_token=0x0000000a ★★★ WROTE — the store instruction executed
kayfabe-isolate: DOORBELL-STORE #273 host_token=0x0000000d runlist=0 chid=13 → storing 32 bits at USERMODE_NOTIFY_CHANNEL_PENDING=0x90 in the mapped usermode window
kayfabe-isolate: DOORBELL-STORE #273 host_token=0x0000000d ★★★ WROTE — the store instruction executed
kayfabe-isolate: DOORBELL-STORE #274 host_token=0x0000001c runlist=0 chid=28 → storing 32 bits at USERMODE_NOTIFY_CHANNEL_PENDING=0x90 in the mapped usermode window
kayfabe-isolate: DOORBELL-STORE #274 host_token=0x0000001c ★★★ WROTE — the store instruction executed
kayfabe-isolate: DOORBELL-STORE #275 host_token=0x00000013 runlist=0 chid=19 → storing 32 bits at USERMODE_NOTIFY_CHANNEL_PENDING=0x90 in the mapped usermode window
kayfabe-isolate: DOORBELL-STORE #275 host_token=0x00000013 ★★★ WROTE — the store instruction executed
kayfabe-isolate: DOORBELL-STORE #276 host_token=0x00000020 runlist=0 chid=32 → storing 32 bits at USERMODE_NOTIFY_CHANNEL_PENDING=0x90 in the mapped usermode window
kayfabe-isolate: DOORBELL-STORE #276 host_token=0x00000020 ★★★ WROTE — the store instruction executed
kayfabe-isolate: DOORBELL-STORE #277 host_token=0x00000013 runlist=0 chid=19 → storing 32 bits at USERMODE_NOTIFY_CHANNEL_PENDING=0x90 in the mapped usermode window
kayfabe-isolate: DOORBELL-STORE #277 host_token=0x00000013 ★★★ WROTE — the store instruction executed
kayfabe-isolate: DOORBELL-STORE #278 host_token=0x00000023 runlist=0 chid=35 → storing 32 bits at USERMODE_NOTIFY_CHANNEL_PENDING=0x90 in the mapped usermode window
kayfabe-isolate: DOORBELL-STORE #278 host_token=0x00000023 ★★★ WROTE — the store instruction executed
kayfabe-isolate: DOORBELL-STORE #279 host_token=0x0000002b runlist=0 chid=43 → storing 32 bits at USERMODE_NOTIFY_CHANNEL_PENDING=0x90 in the mapped usermode window
kayfabe-isolate: DOORBELL-STORE #279 host_token=0x0000002b ★★★ WROTE — the store instruction executed
kayfabe-isolate: DOORBELL-STORE #280 host_token=0x00000013 runlist=0 chid=19 → storing 32 bits at USERMODE_NOTIFY_CHANNEL_PENDING=0x90 in the mapped usermode window
kayfabe-isolate: DOORBELL-STORE #280 host_token=0x00000013 ★★★ WROTE — the store instruction executed
kayfabe-isolate: DOORBELL-STORE #281 host_token=0x0000002b runlist=0 chid=43 → storing 32 bits at USERMODE_NOTIFY_CHANNEL_PENDING=0x90 in the mapped usermode window
kayfabe-isolate: DOORBELL-STORE #281 host_token=0x0000002b ★★★ WROTE — the store instruction executed
kayfabe-isolate: DOORBELL-STORE #282 host_token=0x0000000b runlist=0 chid=11 → storing 32 bits at USERMODE_NOTIFY_CHANNEL_PENDING=0x90 in the mapped usermode window
kayfabe-isolate: DOORBELL-STORE #282 host_token=0x0000000b ★★★ WROTE — the store instruction executed
kayfabe-isolate: DOORBELL-STORE #283 host_token=0x00000013 runlist=0 chid=19 → storing 32 bits at USERMODE_NOTIFY_CHANNEL_PENDING=0x90 in the mapped usermode window
kayfabe-isolate: DOORBELL-STORE #283 host_token=0x00000013 ★★★ WROTE — the store instruction executed
kayfabe-isolate: DOORBELL-STORE #284 host_token=0x00000028 runlist=0 chid=40 → storing 32 bits at USERMODE_NOTIFY_CHANNEL_PENDING=0x90 in the mapped usermode window
kayfabe-isolate: DOORBELL-STORE #284 host_token=0x00000028 ★★★ WROTE — the store instruction executed
kayfabe-isolate: DOORBELL-STORE #285 host_token=0x0000000a runlist=0 chid=10 → storing 32 bits at USERMODE_NOTIFY_CHANNEL_PENDING=0x90 in the mapped usermode window
kayfabe-isolate: DOORBELL-STORE #285 host_token=0x0000000a ★★★ WROTE — the store instruction executed
kayfabe-isolate: DOORBELL-STORE #286 host_token=0x00000013 runlist=0 chid=19 → storing 32 bits at USERMODE_NOTIFY_CHANNEL_PENDING=0x90 in the mapped usermode window
kayfabe-isolate: DOORBELL-STORE #286 host_token=0x00000013 ★★★ WROTE — the store instruction executed
kayfabe-isolate: DOORBELL-STORE #287 host_token=0x0000000f runlist=0 chid=15 → storing 32 bits at USERMODE_NOTIFY_CHANNEL_PENDING=0x90 in the mapped usermode window
kayfabe-isolate: DOORBELL-STORE #287 host_token=0x0000000f ★★★ WROTE — the store instruction executed
kayfabe-isolate: DOORBELL-STORE #288 host_token=0x00000025 runlist=0 chid=37 → storing 32 bits at USERMODE_NOTIFY_CHANNEL_PENDING=0x90 in the mapped usermode window
kayfabe-isolate: DOORBELL-STORE #288 host_token=0x00000025 ★★★ WROTE — the store instruction executed
kayfabe-isolate: DOORBELL-STORE #289 host_token=0x0000000a runlist=0 chid=10 → storing 32 bits at USERMODE_NOTIFY_CHANNEL_PENDING=0x90 in the mapped usermode window
kayfabe-isolate: DOORBELL-STORE #289 host_token=0x0000000a ★★★ WROTE — the store instruction executed
kayfabe-isolate: DOORBELL-STORE #290 host_token=0x00000019 runlist=0 chid=25 → storing 32 bits at USERMODE_NOTIFY_CHANNEL_PENDING=0x90 in the mapped usermode window
kayfabe-isolate: DOORBELL-STORE #290 host_token=0x00000019 ★★★ WROTE — the store instruction executed
kayfabe-isolate: DOORBELL-STORE #291 host_token=0x00000013 runlist=0 chid=19 → storing 32 bits at USERMODE_NOTIFY_CHANNEL_PENDING=0x90 in the mapped usermode window
kayfabe-isolate: DOORBELL-STORE #291 host_token=0x00000013 ★★★ WROTE — the store instruction executed
kayfabe-isolate: DOORBELL-STORE #292 host_token=0x00000025 runlist=0 chid=37 → storing 32 bits at USERMODE_NOTIFY_CHANNEL_PENDING=0x90 in the mapped usermode window
kayfabe-isolate: DOORBELL-STORE #292 host_token=0x00000025 ★★★ WROTE — the store instruction executed
kayfabe-isolate: DOORBELL-STORE #293 host_token=0x00000033 runlist=0 chid=51 → storing 32 bits at USERMODE_NOTIFY_CHANNEL_PENDING=0x90 in the mapped usermode window
kayfabe-isolate: DOORBELL-STORE #293 host_token=0x00000033 ★★★ WROTE — the store instruction executed
kayfabe-isolate: DOORBELL-STORE #294 host_token=0x0000000f runlist=0 chid=15 → storing 32 bits at USERMODE_NOTIFY_CHANNEL_PENDING=0x90 in the mapped usermode window
kayfabe-isolate: DOORBELL-STORE #294 host_token=0x0000000f ★★★ WROTE — the store instruction executed
kayfabe-isolate: DOORBELL-STORE #295 host_token=0x00000031 runlist=0 chid=49 → storing 32 bits at USERMODE_NOTIFY_CHANNEL_PENDING=0x90 in the mapped usermode window
kayfabe-isolate: DOORBELL-STORE #295 host_token=0x00000031 ★★★ WROTE — the store instruction executed
kayfabe-isolate: DOORBELL-STORE #296 host_token=0x00000025 runlist=0 chid=37 → storing 32 bits at USERMODE_NOTIFY_CHANNEL_PENDING=0x90 in the mapped usermode window
kayfabe-isolate: DOORBELL-STORE #296 host_token=0x00000025 ★★★ WROTE — the store instruction executed
kayfabe-isolate: DOORBELL-STORE #297 host_token=0x00000013 runlist=0 chid=19 → storing 32 bits at USERMODE_NOTIFY_CHANNEL_PENDING=0x90 in the mapped usermode window
kayfabe-isolate: DOORBELL-STORE #297 host_token=0x00000013 ★★★ WROTE — the store instruction executed
kayfabe-isolate: DOORBELL-STORE #298 host_token=0x00000012 runlist=0 chid=18 → storing 32 bits at USERMODE_NOTIFY_CHANNEL_PENDING=0x90 in the mapped usermode window
kayfabe-isolate: DOORBELL-STORE #298 host_token=0x00000012 ★★★ WROTE — the store instruction executed
kayfabe-isolate: DOORBELL-STORE #299 host_token=0x00000019 runlist=0 chid=25 → storing 32 bits at USERMODE_NOTIFY_CHANNEL_PENDING=0x90 in the mapped usermode window
kayfabe-isolate: DOORBELL-STORE #299 host_token=0x00000019 ★★★ WROTE — the store instruction executed
kayfabe-isolate: DOORBELL-STORE #300 host_token=0x0000000f runlist=0 chid=15 → storing 32 bits at USERMODE_NOTIFY_CHANNEL_PENDING=0x90 in the mapped usermode window
kayfabe-isolate: DOORBELL-STORE #300 host_token=0x0000000f ★★★ WROTE — the store instruction executed
kayfabe-isolate: DOORBELL-STORE #301 host_token=0x00000025 runlist=0 chid=37 → storing 32 bits at USERMODE_NOTIFY_CHANNEL_PENDING=0x90 in the mapped usermode window
kayfabe-isolate: DOORBELL-STORE #301 host_token=0x00000025 ★★★ WROTE — the store instruction executed
kayfabe-isolate: DOORBELL-STORE #302 host_token=0x00000018 runlist=0 chid=24 → storing 32 bits at USERMODE_NOTIFY_CHANNEL_PENDING=0x90 in the mapped usermode window
kayfabe-isolate: DOORBELL-STORE #302 host_token=0x00000018 ★★★ WROTE — the store instruction executed
kayfabe-isolate: DOORBELL-STORE #303 host_token=0x0000000a runlist=0 chid=10 → storing 32 bits at USERMODE_NOTIFY_CHANNEL_PENDING=0x90 in the mapped usermode window
kayfabe-isolate: DOORBELL-STORE #303 host_token=0x0000000a ★★★ WROTE — the store instruction executed
kayfabe-isolate: DOORBELL-STORE #304 host_token=0x0000001b runlist=0 chid=27 → storing 32 bits at USERMODE_NOTIFY_CHANNEL_PENDING=0x90 in the mapped usermode window
kayfabe-isolate: DOORBELL-STORE #304 host_token=0x0000001b ★★★ WROTE — the store instruction executed
kayfabe-isolate: DOORBELL-STORE #305 host_token=0x00000013 runlist=0 chid=19 → storing 32 bits at USERMODE_NOTIFY_CHANNEL_PENDING=0x90 in the mapped usermode window
kayfabe-isolate: DOORBELL-STORE #305 host_token=0x00000013 ★★★ WROTE — the store instruction executed
kayfabe-isolate: DOORBELL-STORE #306 host_token=0x00000004 runlist=0 chid=4 → storing 32 bits at USERMODE_NOTIFY_CHANNEL_PENDING=0x90 in the mapped usermode window
kayfabe-isolate: DOORBELL-STORE #306 host_token=0x00000004 ★★★ WROTE — the store instruction executed
kayfabe-isolate: DOORBELL-STORE #307 host_token=0x0000002c runlist=0 chid=44 → storing 32 bits at USERMODE_NOTIFY_CHANNEL_PENDING=0x90 in the mapped usermode window
kayfabe-isolate: DOORBELL-STORE #307 host_token=0x0000002c ★★★ WROTE — the store instruction executed
kayfabe-isolate: DOORBELL-STORE #308 host_token=0x0000000a runlist=0 chid=10 → storing 32 bits at USERMODE_NOTIFY_CHANNEL_PENDING=0x90 in the mapped usermode window
kayfabe-isolate: DOORBELL-STORE #308 host_token=0x0000000a ★★★ WROTE — the store instruction executed
kayfabe-isolate: DOORBELL-STORE #309 host_token=0x00000013 runlist=0 chid=19 → storing 32 bits at USERMODE_NOTIFY_CHANNEL_PENDING=0x90 in the mapped usermode window
kayfabe-isolate: DOORBELL-STORE #309 host_token=0x00000013 ★★★ WROTE — the store instruction executed
kayfabe-isolate: DOORBELL-STORE #310 host_token=0x0000000a runlist=0 chid=10 → storing 32 bits at USERMODE_NOTIFY_CHANNEL_PENDING=0x90 in the mapped usermode window
kayfabe-isolate: DOORBELL-STORE #310 host_token=0x0000000a ★★★ WROTE — the store instruction executed
kayfabe-isolate: DOORBELL-STORE #311 host_token=0x00000019 runlist=0 chid=25 → storing 32 bits at USERMODE_NOTIFY_CHANNEL_PENDING=0x90 in the mapped usermode window
kayfabe-isolate: DOORBELL-STORE #311 host_token=0x00000019 ★★★ WROTE — the store instruction executed
kayfabe-isolate: DOORBELL-STORE #312 host_token=0x00000027 runlist=0 chid=39 → storing 32 bits at USERMODE_NOTIFY_CHANNEL_PENDING=0x90 in the mapped usermode window
kayfabe-isolate: DOORBELL-STORE #312 host_token=0x00000027 ★★★ WROTE — the store instruction executed
kayfabe-isolate: DOORBELL-STORE #313 host_token=0x00000019 runlist=0 chid=25 → storing 32 bits at USERMODE_NOTIFY_CHANNEL_PENDING=0x90 in the mapped usermode window
kayfabe-isolate: DOORBELL-STORE #313 host_token=0x00000019 ★★★ WROTE — the store instruction executed
kayfabe-isolate: DOORBELL-STORE #314 host_token=0x0000000a runlist=0 chid=10 → storing 32 bits at USERMODE_NOTIFY_CHANNEL_PENDING=0x90 in the mapped usermode window
kayfabe-isolate: DOORBELL-STORE #314 host_token=0x0000000a ★★★ WROTE — the store instruction executed
kayfabe-isolate: DOORBELL-STORE #315 host_token=0x00000013 runlist=0 chid=19 → storing 32 bits at USERMODE_NOTIFY_CHANNEL_PENDING=0x90 in the mapped usermode window
kayfabe-isolate: DOORBELL-STORE #315 host_token=0x00000013 ★★★ WROTE — the store instruction executed
kayfabe-isolate: DOORBELL-STORE #316 host_token=0x0000000a runlist=0 chid=10 → storing 32 bits at USERMODE_NOTIFY_CHANNEL_PENDING=0x90 in the mapped usermode window
kayfabe-isolate: DOORBELL-STORE #316 host_token=0x0000000a ★★★ WROTE — the store instruction executed
kayfabe-isolate: DOORBELL-STORE #317 host_token=0x0000002c runlist=0 chid=44 → storing 32 bits at USERMODE_NOTIFY_CHANNEL_PENDING=0x90 in the mapped usermode window
kayfabe-isolate: DOORBELL-STORE #317 host_token=0x0000002c ★★★ WROTE — the store instruction executed
kayfabe-isolate: DOORBELL-STORE #318 host_token=0x0000000f runlist=0 chid=15 → storing 32 bits at USERMODE_NOTIFY_CHANNEL_PENDING=0x90 in the mapped usermode window
kayfabe-isolate: DOORBELL-STORE #318 host_token=0x0000000f ★★★ WROTE — the store instruction executed
kayfabe-isolate: DOORBELL-STORE #319 host_token=0x00000030 runlist=0 chid=48 → storing 32 bits at USERMODE_NOTIFY_CHANNEL_PENDING=0x90 in the mapped usermode window
kayfabe-isolate: DOORBELL-STORE #319 host_token=0x00000030 ★★★ WROTE — the store instruction executed
kayfabe-isolate: DOORBELL-STORE #320 host_token=0x0000002d runlist=0 chid=45 → storing 32 bits at USERMODE_NOTIFY_CHANNEL_PENDING=0x90 in the mapped usermode window
kayfabe-isolate: DOORBELL-STORE #320 host_token=0x0000002d ★★★ WROTE — the store instruction executed
kayfabe-isolate: DOORBELL-STORE #321 host_token=0x00000013 runlist=0 chid=19 → storing 32 bits at USERMODE_NOTIFY_CHANNEL_PENDING=0x90 in the mapped usermode window
kayfabe-isolate: DOORBELL-STORE #321 host_token=0x00000013 ★★★ WROTE — the store instruction executed
kayfabe-isolate: DOORBELL-STORE #322 host_token=0x00000030 runlist=0 chid=48 → storing 32 bits at USERMODE_NOTIFY_CHANNEL_PENDING=0x90 in the mapped usermode window
kayfabe-isolate: DOORBELL-STORE #322 host_token=0x00000030 ★★★ WROTE — the store instruction executed
kayfabe-isolate: DOORBELL-STORE #323 host_token=0x0000000a runlist=0 chid=10 → storing 32 bits at USERMODE_NOTIFY_CHANNEL_PENDING=0x90 in the mapped usermode window
kayfabe-isolate: DOORBELL-STORE #323 host_token=0x0000000a ★★★ WROTE — the store instruction executed
kayfabe-isolate: DOORBELL-STORE #324 host_token=0x00000023 runlist=0 chid=35 → storing 32 bits at USERMODE_NOTIFY_CHANNEL_PENDING=0x90 in the mapped usermode window
kayfabe-isolate: DOORBELL-STORE #324 host_token=0x00000023 ★★★ WROTE — the store instruction executed
kayfabe-isolate: DOORBELL-STORE #325 host_token=0x00000019 runlist=0 chid=25 → storing 32 bits at USERMODE_NOTIFY_CHANNEL_PENDING=0x90 in the mapped usermode window
kayfabe-isolate: DOORBELL-STORE #325 host_token=0x00000019 ★★★ WROTE — the store instruction executed
kayfabe-isolate: DOORBELL-STORE #326 host_token=0x00000030 runlist=0 chid=48 → storing 32 bits at USERMODE_NOTIFY_CHANNEL_PENDING=0x90 in the mapped usermode window
kayfabe-isolate: DOORBELL-STORE #326 host_token=0x00000030 ★★★ WROTE — the store instruction executed
kayfabe-isolate: DOORBELL-STORE #327 host_token=0x00000023 runlist=0 chid=35 → storing 32 bits at USERMODE_NOTIFY_CHANNEL_PENDING=0x90 in the mapped usermode window
kayfabe-isolate: DOORBELL-STORE #327 host_token=0x00000023 ★★★ WROTE — the store instruction executed
kayfabe-isolate: DOORBELL-STORE #329 host_token=0x00000019 runlist=0 chid=25 → storing 32 bits at USERMODE_NOTIFY_CHANNEL_PENDING=0x90 in the mapped usermode window
kayfabe-isolate: DOORBELL-STORE #329 host_token=0x00000019 ★★★ WROTE — the store instruction executed
kayfabe-isolate: DOORBELL-STORE #330 host_token=0x0000002e runlist=0 chid=46 → storing 32 bits at USERMODE_NOTIFY_CHANNEL_PENDING=0x90 in the mapped usermode window
kayfabe-isolate: DOORBELL-STORE #330 host_token=0x0000002e ★★★ WROTE — the store instruction executed
kayfabe-isolate: DOORBELL-STORE #328 host_token=0x00000028 runlist=0 chid=40 → storing 32 bits at USERMODE_NOTIFY_CHANNEL_PENDING=0x90 in the mapped usermode window
kayfabe-isolate: DOORBELL-STORE #328 host_token=0x00000028 ★★★ WROTE — the store instruction executed
kayfabe-isolate: DOORBELL-STORE #331 host_token=0x0000000f runlist=0 chid=15 → storing 32 bits at USERMODE_NOTIFY_CHANNEL_PENDING=0x90 in the mapped usermode window
kayfabe-isolate: DOORBELL-STORE #331 host_token=0x0000000f ★★★ WROTE — the store instruction executed
kayfabe-isolate: DOORBELL-STORE #332 host_token=0x00000023 runlist=0 chid=35 → storing 32 bits at USERMODE_NOTIFY_CHANNEL_PENDING=0x90 in the mapped usermode window
kayfabe-isolate: DOORBELL-STORE #332 host_token=0x00000023 ★★★ WROTE — the store instruction executed
kayfabe-isolate: DOORBELL-STORE #333 host_token=0x0000001f runlist=0 chid=31 → storing 32 bits at USERMODE_NOTIFY_CHANNEL_PENDING=0x90 in the mapped usermode window
kayfabe-isolate: DOORBELL-STORE #333 host_token=0x0000001f ★★★ WROTE — the store instruction executed
kayfabe-isolate: DOORBELL-STORE #334 host_token=0x00000019 runlist=0 chid=25 → storing 32 bits at USERMODE_NOTIFY_CHANNEL_PENDING=0x90 in the mapped usermode window
kayfabe-isolate: DOORBELL-STORE #334 host_token=0x00000019 ★★★ WROTE — the store instruction executed
kayfabe-isolate: DOORBELL-STORE #335 host_token=0x0000001e runlist=0 chid=30 → storing 32 bits at USERMODE_NOTIFY_CHANNEL_PENDING=0x90 in the mapped usermode window
kayfabe-isolate: DOORBELL-STORE #335 host_token=0x0000001e ★★★ WROTE — the store instruction executed
kayfabe-isolate: DOORBELL-STORE #336 host_token=0x00000015 runlist=0 chid=21 → storing 32 bits at USERMODE_NOTIFY_CHANNEL_PENDING=0x90 in the mapped usermode window
kayfabe-isolate: DOORBELL-STORE #336 host_token=0x00000015 ★★★ WROTE — the store instruction executed
kayfabe-isolate: DOORBELL-STORE #337 host_token=0x00000023 runlist=0 chid=35 → storing 32 bits at USERMODE_NOTIFY_CHANNEL_PENDING=0x90 in the mapped usermode window
kayfabe-isolate: DOORBELL-STORE #337 host_token=0x00000023 ★★★ WROTE — the store instruction executed
kayfabe-isolate: DOORBELL-STORE #338 host_token=0x00000019 runlist=0 chid=25 → storing 32 bits at USERMODE_NOTIFY_CHANNEL_PENDING=0x90 in the mapped usermode window
kayfabe-isolate: DOORBELL-STORE #340 host_token=0x0000001c runlist=0 chid=28 → storing 32 bits at USERMODE_NOTIFY_CHANNEL_PENDING=0x90 in the mapped usermode window
kayfabe-isolate: DOORBELL-STORE #340 host_token=0x0000001c ★★★ WROTE — the store instruction executed
kayfabe-isolate: DOORBELL-STORE #339 host_token=0x0000000f runlist=0 chid=15 → storing 32 bits at USERMODE_NOTIFY_CHANNEL_PENDING=0x90 in the mapped usermode window
kayfabe-isolate: DOORBELL-STORE #339 host_token=0x0000000f ★★★ WROTE — the store instruction executed
kayfabe-isolate: DOORBELL-STORE #341 host_token=0x00000028 runlist=0 chid=40 → storing 32 bits at USERMODE_NOTIFY_CHANNEL_PENDING=0x90 in the mapped usermode window
kayfabe-isolate: DOORBELL-STORE #341 host_token=0x00000028 ★★★ WROTE — the store instruction executed
kayfabe-isolate: DOORBELL-STORE #338 host_token=0x00000019 ★★★ WROTE — the store instruction executed
kayfabe-isolate: DOORBELL-STORE #342 host_token=0x00000025 runlist=0 chid=37 → storing 32 bits at USERMODE_NOTIFY_CHANNEL_PENDING=0x90 in the mapped usermode window
kayfabe-isolate: DOORBELL-STORE #342 host_token=0x00000025 ★★★ WROTE — the store instruction executed
kayfabe-isolate: DOORBELL-STORE #343 host_token=0x0000002d runlist=0 chid=45 → storing 32 bits at USERMODE_NOTIFY_CHANNEL_PENDING=0x90 in the mapped usermode window
kayfabe-isolate: DOORBELL-STORE #343 host_token=0x0000002d ★★★ WROTE — the store instruction executed
kayfabe-isolate: DOORBELL-STORE #344 host_token=0x0000000a runlist=0 chid=10 → storing 32 bits at USERMODE_NOTIFY_CHANNEL_PENDING=0x90 in the mapped usermode window
kayfabe-isolate: DOORBELL-STORE #344 host_token=0x0000000a ★★★ WROTE — the store instruction executed
kayfabe-isolate: DOORBELL-STORE #345 host_token=0x0000000f runlist=0 chid=15 → storing 32 bits at USERMODE_NOTIFY_CHANNEL_PENDING=0x90 in the mapped usermode window
kayfabe-isolate: DOORBELL-STORE #345 host_token=0x0000000f ★★★ WROTE — the store instruction executed
kayfabe-isolate: DOORBELL-STORE #346 host_token=0x00000028 runlist=0 chid=40 → storing 32 bits at USERMODE_NOTIFY_CHANNEL_PENDING=0x90 in the mapped usermode window
kayfabe-isolate: DOORBELL-STORE #346 host_token=0x00000028 ★★★ WROTE — the store instruction executed
kayfabe-isolate: DOORBELL-STORE #347 host_token=0x00000019 runlist=0 chid=25 → storing 32 bits at USERMODE_NOTIFY_CHANNEL_PENDING=0x90 in the mapped usermode window
kayfabe-isolate: DOORBELL-STORE #347 host_token=0x00000019 ★★★ WROTE — the store instruction executed
kayfabe-isolate: DOORBELL-STORE #348 host_token=0x00000020 runlist=0 chid=32 → storing 32 bits at USERMODE_NOTIFY_CHANNEL_PENDING=0x90 in the mapped usermode window
kayfabe-isolate: DOORBELL-STORE #348 host_token=0x00000020 ★★★ WROTE — the store instruction executed
kayfabe-isolate: DOORBELL-STORE #349 host_token=0x00000025 runlist=0 chid=37 → storing 32 bits at USERMODE_NOTIFY_CHANNEL_PENDING=0x90 in the mapped usermode window
kayfabe-isolate: DOORBELL-STORE #349 host_token=0x00000025 ★★★ WROTE — the store instruction executed
kayfabe-isolate: DOORBELL-STORE #350 host_token=0x0000000f runlist=0 chid=15 → storing 32 bits at USERMODE_NOTIFY_CHANNEL_PENDING=0x90 in the mapped usermode window
kayfabe-isolate: DOORBELL-STORE #350 host_token=0x0000000f ★★★ WROTE — the store instruction executed
kayfabe-isolate: DOORBELL-STORE #351 host_token=0x00000025 runlist=0 chid=37 → storing 32 bits at USERMODE_NOTIFY_CHANNEL_PENDING=0x90 in the mapped usermode window
kayfabe-isolate: DOORBELL-STORE #351 host_token=0x00000025 ★★★ WROTE — the store instruction executed
kayfabe-isolate: DOORBELL-STORE #352 host_token=0x00000028 runlist=0 chid=40 → storing 32 bits at USERMODE_NOTIFY_CHANNEL_PENDING=0x90 in the mapped usermode window
kayfabe-isolate: DOORBELL-STORE #352 host_token=0x00000028 ★★★ WROTE — the store instruction executed
kayfabe-isolate: DOORBELL-STORE #353 host_token=0x00000023 runlist=0 chid=35 → storing 32 bits at USERMODE_NOTIFY_CHANNEL_PENDING=0x90 in the mapped usermode window
kayfabe-isolate: DOORBELL-STORE #353 host_token=0x00000023 ★★★ WROTE — the store instruction executed
kayfabe-isolate: DOORBELL-STORE #354 host_token=0x00000025 runlist=0 chid=37 → storing 32 bits at USERMODE_NOTIFY_CHANNEL_PENDING=0x90 in the mapped usermode window
kayfabe-isolate: DOORBELL-STORE #354 host_token=0x00000025 ★★★ WROTE — the store instruction executed
kayfabe-isolate: DOORBELL-STORE #355 host_token=0x00000030 runlist=0 chid=48 → storing 32 bits at USERMODE_NOTIFY_CHANNEL_PENDING=0x90 in the mapped usermode window
kayfabe-isolate: DOORBELL-STORE #355 host_token=0x00000030 ★★★ WROTE — the store instruction executed
kayfabe-isolate: DOORBELL-STORE #356 host_token=0x00000019 runlist=0 chid=25 → storing 32 bits at USERMODE_NOTIFY_CHANNEL_PENDING=0x90 in the mapped usermode window
kayfabe-isolate: DOORBELL-STORE #356 host_token=0x00000019 ★★★ WROTE — the store instruction executed
kayfabe-isolate: DOORBELL-STORE #357 host_token=0x0000001f runlist=0 chid=31 → storing 32 bits at USERMODE_NOTIFY_CHANNEL_PENDING=0x90 in the mapped usermode window
kayfabe-isolate: DOORBELL-STORE #357 host_token=0x0000001f ★★★ WROTE — the store instruction executed
kayfabe-isolate: DOORBELL-STORE #358 host_token=0x0000000f runlist=0 chid=15 → storing 32 bits at USERMODE_NOTIFY_CHANNEL_PENDING=0x90 in the mapped usermode window
kayfabe-isolate: DOORBELL-STORE #358 host_token=0x0000000f ★★★ WROTE — the store instruction executed
kayfabe-isolate: DOORBELL-STORE #360 host_token=0x00000023 runlist=0 chid=35 → storing 32 bits at USERMODE_NOTIFY_CHANNEL_PENDING=0x90 in the mapped usermode window
kayfabe-isolate: DOORBELL-STORE #360 host_token=0x00000023 ★★★ WROTE — the store instruction executed
kayfabe-isolate: DOORBELL-STORE #361 host_token=0x0000001f runlist=0 chid=31 → storing 32 bits at USERMODE_NOTIFY_CHANNEL_PENDING=0x90 in the mapped usermode window
kayfabe-isolate: DOORBELL-STORE #361 host_token=0x0000001f ★★★ WROTE — the store instruction executed
kayfabe-isolate: DOORBELL-STORE #363 host_token=0x00000019 runlist=0 chid=25 → storing 32 bits at USERMODE_NOTIFY_CHANNEL_PENDING=0x90 in the mapped usermode window
kayfabe-isolate: DOORBELL-STORE #363 host_token=0x00000019 ★★★ WROTE — the store instruction executed
kayfabe-isolate: DOORBELL-STORE #364 host_token=0x00000023 runlist=0 chid=35 → storing 32 bits at USERMODE_NOTIFY_CHANNEL_PENDING=0x90 in the mapped usermode window
kayfabe-isolate: DOORBELL-STORE #364 host_token=0x00000023 ★★★ WROTE — the store instruction executed
kayfabe-isolate: DOORBELL-STORE #365 host_token=0x0000001f runlist=0 chid=31 → storing 32 bits at USERMODE_NOTIFY_CHANNEL_PENDING=0x90 in the mapped usermode window
kayfabe-isolate: DOORBELL-STORE #365 host_token=0x0000001f ★★★ WROTE — the store instruction executed
kayfabe-isolate: DOORBELL-STORE #366 host_token=0x00000012 runlist=0 chid=18 → storing 32 bits at USERMODE_NOTIFY_CHANNEL_PENDING=0x90 in the mapped usermode window
kayfabe-isolate: DOORBELL-STORE #366 host_token=0x00000012 ★★★ WROTE — the store instruction executed
kayfabe-isolate: DOORBELL-STORE #368 host_token=0x00000031 runlist=0 chid=49 → storing 32 bits at USERMODE_NOTIFY_CHANNEL_PENDING=0x90 in the mapped usermode window
kayfabe-isolate: DOORBELL-STORE #368 host_token=0x00000031 ★★★ WROTE — the store instruction executed
kayfabe-isolate: DOORBELL-STORE #369 host_token=0x00000004 runlist=0 chid=4 → storing 32 bits at USERMODE_NOTIFY_CHANNEL_PENDING=0x90 in the mapped usermode window
kayfabe-isolate: DOORBELL-STORE #369 host_token=0x00000004 ★★★ WROTE — the store instruction executed
kayfabe-isolate: DOORBELL-STORE #370 host_token=0x00000023 runlist=0 chid=35 → storing 32 bits at USERMODE_NOTIFY_CHANNEL_PENDING=0x90 in the mapped usermode window
kayfabe-isolate: DOORBELL-STORE #370 host_token=0x00000023 ★★★ WROTE — the store instruction executed
kayfabe-isolate: DOORBELL-STORE #367 host_token=0x00000028 runlist=0 chid=40 → storing 32 bits at USERMODE_NOTIFY_CHANNEL_PENDING=0x90 in the mapped usermode window
kayfabe-isolate: DOORBELL-STORE #367 host_token=0x00000028 ★★★ WROTE — the store instruction executed
kayfabe-isolate: DOORBELL-STORE #371 host_token=0x0000000f runlist=0 chid=15 → storing 32 bits at USERMODE_NOTIFY_CHANNEL_PENDING=0x90 in the mapped usermode window
kayfabe-isolate: DOORBELL-STORE #371 host_token=0x0000000f ★★★ WROTE — the store instruction executed
kayfabe-isolate: DOORBELL-STORE #359 host_token=0x00000025 runlist=0 chid=37 → storing 32 bits at USERMODE_NOTIFY_CHANNEL_PENDING=0x90 in the mapped usermode window
kayfabe-isolate: DOORBELL-STORE #359 host_token=0x00000025 ★★★ WROTE — the store instruction executed
kayfabe-isolate: DOORBELL-STORE #362 host_token=0x00000030 runlist=0 chid=48 → storing 32 bits at USERMODE_NOTIFY_CHANNEL_PENDING=0x90 in the mapped usermode window
kayfabe-isolate: DOORBELL-STORE #362 host_token=0x00000030 ★★★ WROTE — the store instruction executed
kayfabe-isolate: DOORBELL-STORE #372 host_token=0x00000028 runlist=0 chid=40 → storing 32 bits at USERMODE_NOTIFY_CHANNEL_PENDING=0x90 in the mapped usermode window
kayfabe-isolate: DOORBELL-STORE #372 host_token=0x00000028 ★★★ WROTE — the store instruction executed
kayfabe-isolate: DOORBELL-STORE #373 host_token=0x00000004 runlist=0 chid=4 → storing 32 bits at USERMODE_NOTIFY_CHANNEL_PENDING=0x90 in the mapped usermode window
kayfabe-isolate: DOORBELL-STORE #373 host_token=0x00000004 ★★★ WROTE — the store instruction executed
kayfabe-isolate: DOORBELL-STORE #374 host_token=0x0000001d runlist=0 chid=29 → storing 32 bits at USERMODE_NOTIFY_CHANNEL_PENDING=0x90 in the mapped usermode window
kayfabe-isolate: DOORBELL-STORE #374 host_token=0x0000001d ★★★ WROTE — the store instruction executed
kayfabe-isolate: DOORBELL-STORE #375 host_token=0x00000030 runlist=0 chid=48 → storing 32 bits at USERMODE_NOTIFY_CHANNEL_PENDING=0x90 in the mapped usermode window
kayfabe-isolate: DOORBELL-STORE #375 host_token=0x00000030 ★★★ WROTE — the store instruction executed
kayfabe-isolate: DOORBELL-STORE #376 host_token=0x0000002c runlist=0 chid=44 → storing 32 bits at USERMODE_NOTIFY_CHANNEL_PENDING=0x90 in the mapped usermode window
kayfabe-isolate: DOORBELL-STORE #376 host_token=0x0000002c ★★★ WROTE — the store instruction executed
kayfabe-isolate: DOORBELL-STORE #377 host_token=0x00000028 runlist=0 chid=40 → storing 32 bits at USERMODE_NOTIFY_CHANNEL_PENDING=0x90 in the mapped usermode window
kayfabe-isolate: DOORBELL-STORE #377 host_token=0x00000028 ★★★ WROTE — the store instruction executed
kayfabe-isolate: DOORBELL-STORE #378 host_token=0x00000031 runlist=0 chid=49 → storing 32 bits at USERMODE_NOTIFY_CHANNEL_PENDING=0x90 in the mapped usermode window
kayfabe-isolate: DOORBELL-STORE #378 host_token=0x00000031 ★★★ WROTE — the store instruction executed
kayfabe-isolate: DOORBELL-STORE #379 host_token=0x00000027 runlist=0 chid=39 → storing 32 bits at USERMODE_NOTIFY_CHANNEL_PENDING=0x90 in the mapped usermode window
kayfabe-isolate: DOORBELL-STORE #381 host_token=0x0000000f runlist=0 chid=15 → storing 32 bits at USERMODE_NOTIFY_CHANNEL_PENDING=0x90 in the mapped usermode window
kayfabe-isolate: DOORBELL-STORE #381 host_token=0x0000000f ★★★ WROTE — the store instruction executed
kayfabe-isolate: DOORBELL-STORE #379 host_token=0x00000027 ★★★ WROTE — the store instruction executed
kayfabe-isolate: DOORBELL-STORE #380 host_token=0x00000004 runlist=0 chid=4 → storing 32 bits at USERMODE_NOTIFY_CHANNEL_PENDING=0x90 in the mapped usermode window
kayfabe-isolate: DOORBELL-STORE #380 host_token=0x00000004 ★★★ WROTE — the store instruction executed
kayfabe-isolate: DOORBELL-STORE #382 host_token=0x00000025 runlist=0 chid=37 → storing 32 bits at USERMODE_NOTIFY_CHANNEL_PENDING=0x90 in the mapped usermode window
kayfabe-isolate: DOORBELL-STORE #382 host_token=0x00000025 ★★★ WROTE — the store instruction executed
kayfabe-isolate: DOORBELL-STORE #383 host_token=0x00000031 runlist=0 chid=49 → storing 32 bits at USERMODE_NOTIFY_CHANNEL_PENDING=0x90 in the mapped usermode window
kayfabe-isolate: DOORBELL-STORE #383 host_token=0x00000031 ★★★ WROTE — the store instruction executed
kayfabe-isolate: DOORBELL-STORE #384 host_token=0x00000028 runlist=0 chid=40 → storing 32 bits at USERMODE_NOTIFY_CHANNEL_PENDING=0x90 in the mapped usermode window
kayfabe-isolate: DOORBELL-STORE #384 host_token=0x00000028 ★★★ WROTE — the store instruction executed
kayfabe-isolate: DOORBELL-STORE #385 host_token=0x00000004 runlist=0 chid=4 → storing 32 bits at USERMODE_NOTIFY_CHANNEL_PENDING=0x90 in the mapped usermode window
kayfabe-isolate: DOORBELL-STORE #385 host_token=0x00000004 ★★★ WROTE — the store instruction executed
kayfabe-isolate: DOORBELL-STORE #386 host_token=0x00000031 runlist=0 chid=49 → storing 32 bits at USERMODE_NOTIFY_CHANNEL_PENDING=0x90 in the mapped usermode window
kayfabe-isolate: DOORBELL-STORE #386 host_token=0x00000031 ★★★ WROTE — the store instruction executed
kayfabe-isolate: DOORBELL-STORE #387 host_token=0x00000028 runlist=0 chid=40 → storing 32 bits at USERMODE_NOTIFY_CHANNEL_PENDING=0x90 in the mapped usermode window
kayfabe-isolate: DOORBELL-STORE #387 host_token=0x00000028 ★★★ WROTE — the store instruction executed
kayfabe-isolate: DOORBELL-STORE #388 host_token=0x00000025 runlist=0 chid=37 → storing 32 bits at USERMODE_NOTIFY_CHANNEL_PENDING=0x90 in the mapped usermode window
kayfabe-isolate: DOORBELL-STORE #388 host_token=0x00000025 ★★★ WROTE — the store instruction executed
kayfabe-isolate: DOORBELL-STORE #389 host_token=0x0000002d runlist=0 chid=45 → storing 32 bits at USERMODE_NOTIFY_CHANNEL_PENDING=0x90 in the mapped usermode window
kayfabe-isolate: DOORBELL-STORE #389 host_token=0x0000002d ★★★ WROTE — the store instruction executed
kayfabe-isolate: DOORBELL-STORE #390 host_token=0x00000023 runlist=0 chid=35 → storing 32 bits at USERMODE_NOTIFY_CHANNEL_PENDING=0x90 in the mapped usermode window
kayfabe-isolate: DOORBELL-STORE #390 host_token=0x00000023 ★★★ WROTE — the store instruction executed
kayfabe-isolate: DOORBELL-STORE #391 host_token=0x0000002d runlist=0 chid=45 → storing 32 bits at USERMODE_NOTIFY_CHANNEL_PENDING=0x90 in the mapped usermode window
kayfabe-isolate: DOORBELL-STORE #391 host_token=0x0000002d ★★★ WROTE — the store instruction executed
kayfabe-isolate: DOORBELL-STORE #392 host_token=0x0000002d runlist=0 chid=45 → storing 32 bits at USERMODE_NOTIFY_CHANNEL_PENDING=0x90 in the mapped usermode window
kayfabe-isolate: DOORBELL-STORE #392 host_token=0x0000002d ★★★ WROTE — the store instruction executed
kayfabe-isolate: DOORBELL-STORE #393 host_token=0x0000001f runlist=0 chid=31 → storing 32 bits at USERMODE_NOTIFY_CHANNEL_PENDING=0x90 in the mapped usermode window
kayfabe-isolate: DOORBELL-STORE #393 host_token=0x0000001f ★★★ WROTE — the store instruction executed
kayfabe-isolate: DOORBELL-STORE #394 host_token=0x00000028 runlist=0 chid=40 → storing 32 bits at USERMODE_NOTIFY_CHANNEL_PENDING=0x90 in the mapped usermode window
kayfabe-isolate: DOORBELL-STORE #394 host_token=0x00000028 ★★★ WROTE — the store instruction executed
kayfabe-isolate: DOORBELL-STORE #395 host_token=0x00000031 runlist=0 chid=49 → storing 32 bits at USERMODE_NOTIFY_CHANNEL_PENDING=0x90 in the mapped usermode window
kayfabe-isolate: DOORBELL-STORE #397 host_token=0x00000033 runlist=0 chid=51 → storing 32 bits at USERMODE_NOTIFY_CHANNEL_PENDING=0x90 in the mapped usermode window
kayfabe-isolate: DOORBELL-STORE #397 host_token=0x00000033 ★★★ WROTE — the store instruction executed
kayfabe-isolate: DOORBELL-STORE #396 host_token=0x00000004 runlist=0 chid=4 → storing 32 bits at USERMODE_NOTIFY_CHANNEL_PENDING=0x90 in the mapped usermode window
kayfabe-isolate: DOORBELL-STORE #396 host_token=0x00000004 ★★★ WROTE — the store instruction executed
kayfabe-isolate: DOORBELL-STORE #398 host_token=0x00000023 runlist=0 chid=35 → storing 32 bits at USERMODE_NOTIFY_CHANNEL_PENDING=0x90 in the mapped usermode window
kayfabe-isolate: DOORBELL-STORE #398 host_token=0x00000023 ★★★ WROTE — the store instruction executed
kayfabe-isolate: DOORBELL-STORE #399 host_token=0x0000002b runlist=0 chid=43 → storing 32 bits at USERMODE_NOTIFY_CHANNEL_PENDING=0x90 in the mapped usermode window
kayfabe-isolate: DOORBELL-STORE #399 host_token=0x0000002b ★★★ WROTE — the store instruction executed
kayfabe-isolate: DOORBELL-STORE #400 host_token=0x0000001e runlist=0 chid=30 → storing 32 bits at USERMODE_NOTIFY_CHANNEL_PENDING=0x90 in the mapped usermode window
kayfabe-isolate: DOORBELL-STORE #400 host_token=0x0000001e ★★★ WROTE — the store instruction executed
kayfabe-isolate: DOORBELL-STORE #401 host_token=0x0000001f runlist=0 chid=31 → storing 32 bits at USERMODE_NOTIFY_CHANNEL_PENDING=0x90 in the mapped usermode window
kayfabe-isolate: DOORBELL-STORE #401 host_token=0x0000001f ★★★ WROTE — the store instruction executed
kayfabe-isolate: DOORBELL-STORE #395 host_token=0x00000031 ★★★ WROTE — the store instruction executed
kayfabe-isolate: DOORBELL-STORE #402 host_token=0x00000020 runlist=0 chid=32 → storing 32 bits at USERMODE_NOTIFY_CHANNEL_PENDING=0x90 in the mapped usermode window
kayfabe-isolate: DOORBELL-STORE #402 host_token=0x00000020 ★★★ WROTE — the store instruction executed
kayfabe-isolate: DOORBELL-STORE #403 host_token=0x0000001c runlist=0 chid=28 → storing 32 bits at USERMODE_NOTIFY_CHANNEL_PENDING=0x90 in the mapped usermode window
kayfabe-isolate: DOORBELL-STORE #403 host_token=0x0000001c ★★★ WROTE — the store instruction executed
kayfabe-isolate: DOORBELL-STORE #405 host_token=0x00000023 runlist=0 chid=35 → storing 32 bits at USERMODE_NOTIFY_CHANNEL_PENDING=0x90 in the mapped usermode window
kayfabe-isolate: DOORBELL-STORE #405 host_token=0x00000023 ★★★ WROTE — the store instruction executed
kayfabe-isolate: DOORBELL-STORE #406 host_token=0x00000004 runlist=0 chid=4 → storing 32 bits at USERMODE_NOTIFY_CHANNEL_PENDING=0x90 in the mapped usermode window
kayfabe-isolate: DOORBELL-STORE #407 host_token=0x0000002d runlist=0 chid=45 → storing 32 bits at USERMODE_NOTIFY_CHANNEL_PENDING=0x90 in the mapped usermode window
kayfabe-isolate: DOORBELL-STORE #407 host_token=0x0000002d ★★★ WROTE — the store instruction executed
kayfabe-isolate: DOORBELL-STORE #406 host_token=0x00000004 ★★★ WROTE — the store instruction executed
kayfabe-isolate: DOORBELL-STORE #408 host_token=0x0000001f runlist=0 chid=31 → storing 32 bits at USERMODE_NOTIFY_CHANNEL_PENDING=0x90 in the mapped usermode window
kayfabe-isolate: DOORBELL-STORE #408 host_token=0x0000001f ★★★ WROTE — the store instruction executed
kayfabe-isolate: DOORBELL-STORE #409 host_token=0x0000001b runlist=0 chid=27 → storing 32 bits at USERMODE_NOTIFY_CHANNEL_PENDING=0x90 in the mapped usermode window
kayfabe-isolate: DOORBELL-STORE #409 host_token=0x0000001b ★★★ WROTE — the store instruction executed
kayfabe-isolate: DOORBELL-STORE #404 host_token=0x0000002b runlist=0 chid=43 → storing 32 bits at USERMODE_NOTIFY_CHANNEL_PENDING=0x90 in the mapped usermode window
kayfabe-isolate: DOORBELL-STORE #404 host_token=0x0000002b ★★★ WROTE — the store instruction executed
kayfabe-isolate: DOORBELL-STORE #410 host_token=0x00000028 runlist=0 chid=40 → storing 32 bits at USERMODE_NOTIFY_CHANNEL_PENDING=0x90 in the mapped usermode window
kayfabe-isolate: DOORBELL-STORE #410 host_token=0x00000028 ★★★ WROTE — the store instruction executed
kayfabe-isolate: DOORBELL-STORE #411 host_token=0x00000031 runlist=0 chid=49 → storing 32 bits at USERMODE_NOTIFY_CHANNEL_PENDING=0x90 in the mapped usermode window
kayfabe-isolate: DOORBELL-STORE #411 host_token=0x00000031 ★★★ WROTE — the store instruction executed
kayfabe-isolate: DOORBELL-STORE #412 host_token=0x0000002e runlist=0 chid=46 → storing 32 bits at USERMODE_NOTIFY_CHANNEL_PENDING=0x90 in the mapped usermode window
kayfabe-isolate: DOORBELL-STORE #412 host_token=0x0000002e ★★★ WROTE — the store instruction executed
kayfabe-isolate: DOORBELL-STORE #413 host_token=0x00000012 runlist=0 chid=18 → storing 32 bits at USERMODE_NOTIFY_CHANNEL_PENDING=0x90 in the mapped usermode window
kayfabe-isolate: DOORBELL-STORE #413 host_token=0x00000012 ★★★ WROTE — the store instruction executed
kayfabe-isolate: DOORBELL-STORE #414 host_token=0x00000004 runlist=0 chid=4 → storing 32 bits at USERMODE_NOTIFY_CHANNEL_PENDING=0x90 in the mapped usermode window
kayfabe-isolate: DOORBELL-STORE #414 host_token=0x00000004 ★★★ WROTE — the store instruction executed
kayfabe-isolate: DOORBELL-STORE #415 host_token=0x0000002d runlist=0 chid=45 → storing 32 bits at USERMODE_NOTIFY_CHANNEL_PENDING=0x90 in the mapped usermode window
kayfabe-isolate: DOORBELL-STORE #415 host_token=0x0000002d ★★★ WROTE — the store instruction executed
kayfabe-isolate: DOORBELL-STORE #416 host_token=0x0000001f runlist=0 chid=31 → storing 32 bits at USERMODE_NOTIFY_CHANNEL_PENDING=0x90 in the mapped usermode window
kayfabe-isolate: DOORBELL-STORE #416 host_token=0x0000001f ★★★ WROTE — the store instruction executed
kayfabe-isolate: DOORBELL-STORE #417 host_token=0x0000002b runlist=0 chid=43 → storing 32 bits at USERMODE_NOTIFY_CHANNEL_PENDING=0x90 in the mapped usermode window
kayfabe-isolate: DOORBELL-STORE #417 host_token=0x0000002b ★★★ WROTE — the store instruction executed
kayfabe-isolate: DOORBELL-STORE #418 host_token=0x00000018 runlist=0 chid=24 → storing 32 bits at USERMODE_NOTIFY_CHANNEL_PENDING=0x90 in the mapped usermode window
kayfabe-isolate: DOORBELL-STORE #418 host_token=0x00000018 ★★★ WROTE — the store instruction executed
kayfabe-isolate: DOORBELL-STORE #419 host_token=0x00000004 runlist=0 chid=4 → storing 32 bits at USERMODE_NOTIFY_CHANNEL_PENDING=0x90 in the mapped usermode window
kayfabe-isolate: DOORBELL-STORE #419 host_token=0x00000004 ★★★ WROTE — the store instruction executed
kayfabe-isolate: DOORBELL-STORE #420 host_token=0x0000002e runlist=0 chid=46 → storing 32 bits at USERMODE_NOTIFY_CHANNEL_PENDING=0x90 in the mapped usermode window
kayfabe-isolate: DOORBELL-STORE #420 host_token=0x0000002e ★★★ WROTE — the store instruction executed
kayfabe-isolate: DOORBELL-STORE #421 host_token=0x0000002d runlist=0 chid=45 → storing 32 bits at USERMODE_NOTIFY_CHANNEL_PENDING=0x90 in the mapped usermode window
kayfabe-isolate: DOORBELL-STORE #421 host_token=0x0000002d ★★★ WROTE — the store instruction executed
kayfabe-isolate: DOORBELL-STORE #422 host_token=0x00000012 runlist=0 chid=18 → storing 32 bits at USERMODE_NOTIFY_CHANNEL_PENDING=0x90 in the mapped usermode window
kayfabe-isolate: DOORBELL-STORE #422 host_token=0x00000012 ★★★ WROTE — the store instruction executed
kayfabe-isolate: DOORBELL-STORE #423 host_token=0x00000020 runlist=0 chid=32 → storing 32 bits at USERMODE_NOTIFY_CHANNEL_PENDING=0x90 in the mapped usermode window
kayfabe-isolate: DOORBELL-STORE #423 host_token=0x00000020 ★★★ WROTE — the store instruction executed
kayfabe-isolate: DOORBELL-STORE #424 host_token=0x0000001f runlist=0 chid=31 → storing 32 bits at USERMODE_NOTIFY_CHANNEL_PENDING=0x90 in the mapped usermode window
kayfabe-isolate: DOORBELL-STORE #424 host_token=0x0000001f ★★★ WROTE — the store instruction executed
kayfabe-isolate: DOORBELL-STORE #425 host_token=0x0000002e runlist=0 chid=46 → storing 32 bits at USERMODE_NOTIFY_CHANNEL_PENDING=0x90 in the mapped usermode window
kayfabe-isolate: DOORBELL-STORE #425 host_token=0x0000002e ★★★ WROTE — the store instruction executed
kayfabe-isolate: DOORBELL-STORE #426 host_token=0x00000020 runlist=0 chid=32 → storing 32 bits at USERMODE_NOTIFY_CHANNEL_PENDING=0x90 in the mapped usermode window
kayfabe-isolate: DOORBELL-STORE #426 host_token=0x00000020 ★★★ WROTE — the store instruction executed
kayfabe-isolate: DOORBELL-STORE #427 host_token=0x0000002e runlist=0 chid=46 → storing 32 bits at USERMODE_NOTIFY_CHANNEL_PENDING=0x90 in the mapped usermode window
kayfabe-isolate: DOORBELL-STORE #427 host_token=0x0000002e ★★★ WROTE — the store instruction executed
kayfabe-isolate: DOORBELL-STORE #428 host_token=0x00000004 runlist=0 chid=4 → storing 32 bits at USERMODE_NOTIFY_CHANNEL_PENDING=0x90 in the mapped usermode window
kayfabe-isolate: DOORBELL-STORE #428 host_token=0x00000004 ★★★ WROTE — the store instruction executed
kayfabe-isolate: DOORBELL-STORE #429 host_token=0x0000002c runlist=0 chid=44 → storing 32 bits at USERMODE_NOTIFY_CHANNEL_PENDING=0x90 in the mapped usermode window
kayfabe-isolate: DOORBELL-STORE #429 host_token=0x0000002c ★★★ WROTE — the store instruction executed
kayfabe-isolate: DOORBELL-STORE #430 host_token=0x00000020 runlist=0 chid=32 → storing 32 bits at USERMODE_NOTIFY_CHANNEL_PENDING=0x90 in the mapped usermode window
kayfabe-isolate: DOORBELL-STORE #430 host_token=0x00000020 ★★★ WROTE — the store instruction executed
kayfabe-isolate: DOORBELL-STORE #431 host_token=0x0000002d runlist=0 chid=45 → storing 32 bits at USERMODE_NOTIFY_CHANNEL_PENDING=0x90 in the mapped usermode window
kayfabe-isolate: DOORBELL-STORE #431 host_token=0x0000002d ★★★ WROTE — the store instruction executed
kayfabe-isolate: DOORBELL-STORE #432 host_token=0x00000012 runlist=0 chid=18 → storing 32 bits at USERMODE_NOTIFY_CHANNEL_PENDING=0x90 in the mapped usermode window
kayfabe-isolate: DOORBELL-STORE #432 host_token=0x00000012 ★★★ WROTE — the store instruction executed
kayfabe-isolate: DOORBELL-STORE #433 host_token=0x0000001d runlist=0 chid=29 → storing 32 bits at USERMODE_NOTIFY_CHANNEL_PENDING=0x90 in the mapped usermode window
kayfabe-isolate: DOORBELL-STORE #433 host_token=0x0000001d ★★★ WROTE — the store instruction executed
kayfabe-isolate: DOORBELL-STORE #434 host_token=0x00000027 runlist=0 chid=39 → storing 32 bits at USERMODE_NOTIFY_CHANNEL_PENDING=0x90 in the mapped usermode window
kayfabe-isolate: DOORBELL-STORE #434 host_token=0x00000027 ★★★ WROTE — the store instruction executed
kayfabe-isolate: DOORBELL-STORE #435 host_token=0x00000030 runlist=0 chid=48 → storing 32 bits at USERMODE_NOTIFY_CHANNEL_PENDING=0x90 in the mapped usermode window
kayfabe-isolate: DOORBELL-STORE #435 host_token=0x00000030 ★★★ WROTE — the store instruction executed
kayfabe-isolate: DOORBELL-STORE #436 host_token=0x0000002c runlist=0 chid=44 → storing 32 bits at USERMODE_NOTIFY_CHANNEL_PENDING=0x90 in the mapped usermode window
kayfabe-isolate: DOORBELL-STORE #436 host_token=0x0000002c ★★★ WROTE — the store instruction executed
kayfabe-isolate: DOORBELL-STORE #437 host_token=0x00000031 runlist=0 chid=49 → storing 32 bits at USERMODE_NOTIFY_CHANNEL_PENDING=0x90 in the mapped usermode window
kayfabe-isolate: DOORBELL-STORE #439 host_token=0x0000001c runlist=0 chid=28 → storing 32 bits at USERMODE_NOTIFY_CHANNEL_PENDING=0x90 in the mapped usermode window
kayfabe-isolate: DOORBELL-STORE #439 host_token=0x0000001c ★★★ WROTE — the store instruction executed
kayfabe-isolate: DOORBELL-STORE #437 host_token=0x00000031 ★★★ WROTE — the store instruction executed
kayfabe-isolate: DOORBELL-STORE #438 host_token=0x0000001f runlist=0 chid=31 → storing 32 bits at USERMODE_NOTIFY_CHANNEL_PENDING=0x90 in the mapped usermode window
kayfabe-isolate: DOORBELL-STORE #438 host_token=0x0000001f ★★★ WROTE — the store instruction executed
kayfabe-isolate: DOORBELL-STORE #440 host_token=0x0000002b runlist=0 chid=43 → storing 32 bits at USERMODE_NOTIFY_CHANNEL_PENDING=0x90 in the mapped usermode window
kayfabe-isolate: DOORBELL-STORE #440 host_token=0x0000002b ★★★ WROTE — the store instruction executed
kayfabe-isolate: DOORBELL-STORE #441 host_token=0x00000004 runlist=0 chid=4 → storing 32 bits at USERMODE_NOTIFY_CHANNEL_PENDING=0x90 in the mapped usermode window
kayfabe-isolate: DOORBELL-STORE #441 host_token=0x00000004 ★★★ WROTE — the store instruction executed
kayfabe-isolate: DOORBELL-STORE #442 host_token=0x00000030 runlist=0 chid=48 → storing 32 bits at USERMODE_NOTIFY_CHANNEL_PENDING=0x90 in the mapped usermode window
kayfabe-isolate: DOORBELL-STORE #442 host_token=0x00000030 ★★★ WROTE — the store instruction executed
kayfabe-isolate: DOORBELL-STORE #443 host_token=0x0000002c runlist=0 chid=44 → storing 32 bits at USERMODE_NOTIFY_CHANNEL_PENDING=0x90 in the mapped usermode window
kayfabe-isolate: DOORBELL-STORE #443 host_token=0x0000002c ★★★ WROTE — the store instruction executed
kayfabe-isolate: DOORBELL-STORE #445 host_token=0x0000001c runlist=0 chid=28 → storing 32 bits at USERMODE_NOTIFY_CHANNEL_PENDING=0x90 in the mapped usermode window
kayfabe-isolate: DOORBELL-STORE #445 host_token=0x0000001c ★★★ WROTE — the store instruction executed
kayfabe-isolate: DOORBELL-STORE #448 host_token=0x0000002e runlist=0 chid=46 → storing 32 bits at USERMODE_NOTIFY_CHANNEL_PENDING=0x90 in the mapped usermode window
kayfabe-isolate: DOORBELL-STORE #448 host_token=0x0000002e ★★★ WROTE — the store instruction executed
kayfabe-isolate: DOORBELL-STORE #447 host_token=0x00000013 runlist=0 chid=19 → storing 32 bits at USERMODE_NOTIFY_CHANNEL_PENDING=0x90 in the mapped usermode window
kayfabe-isolate: DOORBELL-STORE #447 host_token=0x00000013 ★★★ WROTE — the store instruction executed
kayfabe-isolate: DOORBELL-STORE #449 host_token=0x0000002b runlist=0 chid=43 → storing 32 bits at USERMODE_NOTIFY_CHANNEL_PENDING=0x90 in the mapped usermode window
kayfabe-isolate: DOORBELL-STORE #449 host_token=0x0000002b ★★★ WROTE — the store instruction executed
kayfabe-isolate: DOORBELL-STORE #450 host_token=0x0000001f runlist=0 chid=31 → storing 32 bits at USERMODE_NOTIFY_CHANNEL_PENDING=0x90 in the mapped usermode window
kayfabe-isolate: DOORBELL-STORE #450 host_token=0x0000001f ★★★ WROTE — the store instruction executed
kayfabe-isolate: DOORBELL-STORE #451 host_token=0x00000030 runlist=0 chid=48 → storing 32 bits at USERMODE_NOTIFY_CHANNEL_PENDING=0x90 in the mapped usermode window
kayfabe-isolate: DOORBELL-STORE #451 host_token=0x00000030 ★★★ WROTE — the store instruction executed
kayfabe-isolate: DOORBELL-STORE #444 host_token=0x00000031 runlist=0 chid=49 → storing 32 bits at USERMODE_NOTIFY_CHANNEL_PENDING=0x90 in the mapped usermode window
kayfabe-isolate: DOORBELL-STORE #444 host_token=0x00000031 ★★★ WROTE — the store instruction executed
kayfabe-isolate: DOORBELL-STORE #446 host_token=0x0000002d runlist=0 chid=45 → storing 32 bits at USERMODE_NOTIFY_CHANNEL_PENDING=0x90 in the mapped usermode window
kayfabe-isolate: DOORBELL-STORE #446 host_token=0x0000002d ★★★ WROTE — the store instruction executed
kayfabe-isolate: DOORBELL-STORE #455 host_token=0x0000002b runlist=0 chid=43 → storing 32 bits at USERMODE_NOTIFY_CHANNEL_PENDING=0x90 in the mapped usermode window
kayfabe-isolate: DOORBELL-STORE #455 host_token=0x0000002b ★★★ WROTE — the store instruction executed
kayfabe-isolate: DOORBELL-STORE #454 host_token=0x00000004 runlist=0 chid=4 → storing 32 bits at USERMODE_NOTIFY_CHANNEL_PENDING=0x90 in the mapped usermode window
kayfabe-isolate: DOORBELL-STORE #454 host_token=0x00000004 ★★★ WROTE — the store instruction executed
kayfabe-isolate: DOORBELL-STORE #452 host_token=0x0000002c runlist=0 chid=44 → storing 32 bits at USERMODE_NOTIFY_CHANNEL_PENDING=0x90 in the mapped usermode window
kayfabe-isolate: DOORBELL-STORE #452 host_token=0x0000002c ★★★ WROTE — the store instruction executed
kayfabe-isolate: DOORBELL-STORE #453 host_token=0x0000001c runlist=0 chid=28 → storing 32 bits at USERMODE_NOTIFY_CHANNEL_PENDING=0x90 in the mapped usermode window
kayfabe-isolate: DOORBELL-STORE #453 host_token=0x0000001c ★★★ WROTE — the store instruction executed
kayfabe-isolate: DOORBELL-STORE #457 host_token=0x00000020 runlist=0 chid=32 → storing 32 bits at USERMODE_NOTIFY_CHANNEL_PENDING=0x90 in the mapped usermode window
kayfabe-isolate: DOORBELL-STORE #457 host_token=0x00000020 ★★★ WROTE — the store instruction executed
kayfabe-isolate: DOORBELL-STORE #458 host_token=0x00000033 runlist=0 chid=51 → storing 32 bits at USERMODE_NOTIFY_CHANNEL_PENDING=0x90 in the mapped usermode window
kayfabe-isolate: DOORBELL-STORE #458 host_token=0x00000033 ★★★ WROTE — the store instruction executed
kayfabe-isolate: DOORBELL-STORE #456 host_token=0x0000001e runlist=0 chid=30 → storing 32 bits at USERMODE_NOTIFY_CHANNEL_PENDING=0x90 in the mapped usermode window
kayfabe-isolate: DOORBELL-STORE #456 host_token=0x0000001e ★★★ WROTE — the store instruction executed
kayfabe-isolate: DOORBELL-STORE #461 host_token=0x0000002d runlist=0 chid=45 → storing 32 bits at USERMODE_NOTIFY_CHANNEL_PENDING=0x90 in the mapped usermode window
kayfabe-isolate: DOORBELL-STORE #462 host_token=0x0000001b runlist=0 chid=27 → storing 32 bits at USERMODE_NOTIFY_CHANNEL_PENDING=0x90 in the mapped usermode window
kayfabe-isolate: DOORBELL-STORE #462 host_token=0x0000001b ★★★ WROTE — the store instruction executed
kayfabe-isolate: DOORBELL-STORE #463 host_token=0x00000015 runlist=0 chid=21 → storing 32 bits at USERMODE_NOTIFY_CHANNEL_PENDING=0x90 in the mapped usermode window
kayfabe-isolate: DOORBELL-STORE #463 host_token=0x00000015 ★★★ WROTE — the store instruction executed
kayfabe-isolate: DOORBELL-STORE #459 host_token=0x0000002b runlist=0 chid=43 → storing 32 bits at USERMODE_NOTIFY_CHANNEL_PENDING=0x90 in the mapped usermode window
kayfabe-isolate: DOORBELL-STORE #459 host_token=0x0000002b ★★★ WROTE — the store instruction executed
kayfabe-isolate: DOORBELL-STORE #464 host_token=0x00000033 runlist=0 chid=51 → storing 32 bits at USERMODE_NOTIFY_CHANNEL_PENDING=0x90 in the mapped usermode window
kayfabe-isolate: DOORBELL-STORE #464 host_token=0x00000033 ★★★ WROTE — the store instruction executed
kayfabe-isolate: DOORBELL-STORE #460 host_token=0x00000031 runlist=0 chid=49 → storing 32 bits at USERMODE_NOTIFY_CHANNEL_PENDING=0x90 in the mapped usermode window
kayfabe-isolate: DOORBELL-STORE #465 host_token=0x00000020 runlist=0 chid=32 → storing 32 bits at USERMODE_NOTIFY_CHANNEL_PENDING=0x90 in the mapped usermode window
kayfabe-isolate: DOORBELL-STORE #465 host_token=0x00000020 ★★★ WROTE — the store instruction executed
kayfabe-isolate: DOORBELL-STORE #461 host_token=0x0000002d ★★★ WROTE — the store instruction executed
kayfabe-isolate: DOORBELL-STORE #460 host_token=0x00000031 ★★★ WROTE — the store instruction executed
kayfabe-isolate: DOORBELL-STORE #466 host_token=0x00000012 runlist=0 chid=18 → storing 32 bits at USERMODE_NOTIFY_CHANNEL_PENDING=0x90 in the mapped usermode window
kayfabe-isolate: DOORBELL-STORE #466 host_token=0x00000012 ★★★ WROTE — the store instruction executed
kayfabe-isolate: DOORBELL-STORE #467 host_token=0x00000020 runlist=0 chid=32 → storing 32 bits at USERMODE_NOTIFY_CHANNEL_PENDING=0x90 in the mapped usermode window
kayfabe-isolate: DOORBELL-STORE #467 host_token=0x00000020 ★★★ WROTE — the store instruction executed
kayfabe-isolate: DOORBELL-STORE #468 host_token=0x0000002d runlist=0 chid=45 → storing 32 bits at USERMODE_NOTIFY_CHANNEL_PENDING=0x90 in the mapped usermode window
kayfabe-isolate: DOORBELL-STORE #468 host_token=0x0000002d ★★★ WROTE — the store instruction executed
kayfabe-isolate: DOORBELL-STORE #469 host_token=0x0000002e runlist=0 chid=46 → storing 32 bits at USERMODE_NOTIFY_CHANNEL_PENDING=0x90 in the mapped usermode window
kayfabe-isolate: DOORBELL-STORE #469 host_token=0x0000002e ★★★ WROTE — the store instruction executed
kayfabe-isolate: DOORBELL-STORE #470 host_token=0x0000001c runlist=0 chid=28 → storing 32 bits at USERMODE_NOTIFY_CHANNEL_PENDING=0x90 in the mapped usermode window
kayfabe-isolate: DOORBELL-STORE #470 host_token=0x0000001c ★★★ WROTE — the store instruction executed
kayfabe-isolate: DOORBELL-STORE #471 host_token=0x0000002e runlist=0 chid=46 → storing 32 bits at USERMODE_NOTIFY_CHANNEL_PENDING=0x90 in the mapped usermode window
kayfabe-isolate: DOORBELL-STORE #471 host_token=0x0000002e ★★★ WROTE — the store instruction executed
kayfabe-isolate: DOORBELL-STORE #473 host_token=0x0000002b runlist=0 chid=43 → storing 32 bits at USERMODE_NOTIFY_CHANNEL_PENDING=0x90 in the mapped usermode window
kayfabe-isolate: DOORBELL-STORE #473 host_token=0x0000002b ★★★ WROTE — the store instruction executed
kayfabe-isolate: DOORBELL-STORE #474 host_token=0x00000031 runlist=0 chid=49 → storing 32 bits at USERMODE_NOTIFY_CHANNEL_PENDING=0x90 in the mapped usermode window
kayfabe-isolate: DOORBELL-STORE #474 host_token=0x00000031 ★★★ WROTE — the store instruction executed
kayfabe-isolate: DOORBELL-STORE #472 host_token=0x00000020 runlist=0 chid=32 → storing 32 bits at USERMODE_NOTIFY_CHANNEL_PENDING=0x90 in the mapped usermode window
kayfabe-isolate: DOORBELL-STORE #476 host_token=0x0000002e runlist=0 chid=46 → storing 32 bits at USERMODE_NOTIFY_CHANNEL_PENDING=0x90 in the mapped usermode window
kayfabe-isolate: DOORBELL-STORE #476 host_token=0x0000002e ★★★ WROTE — the store instruction executed
kayfabe-isolate: DOORBELL-STORE #472 host_token=0x00000020 ★★★ WROTE — the store instruction executed
kayfabe-isolate: DOORBELL-STORE #477 host_token=0x0000001b runlist=0 chid=27 → storing 32 bits at USERMODE_NOTIFY_CHANNEL_PENDING=0x90 in the mapped usermode window
kayfabe-isolate: DOORBELL-STORE #477 host_token=0x0000001b ★★★ WROTE — the store instruction executed
kayfabe-isolate: DOORBELL-STORE #478 host_token=0x0000002b runlist=0 chid=43 → storing 32 bits at USERMODE_NOTIFY_CHANNEL_PENDING=0x90 in the mapped usermode window
kayfabe-isolate: DOORBELL-STORE #478 host_token=0x0000002b ★★★ WROTE — the store instruction executed
kayfabe-isolate: DOORBELL-STORE #475 host_token=0x00000011 runlist=0 chid=17 → storing 32 bits at USERMODE_NOTIFY_CHANNEL_PENDING=0x90 in the mapped usermode window
kayfabe-isolate: DOORBELL-STORE #475 host_token=0x00000011 ★★★ WROTE — the store instruction executed
kayfabe-isolate: DOORBELL-STORE #479 host_token=0x00000033 runlist=0 chid=51 → storing 32 bits at USERMODE_NOTIFY_CHANNEL_PENDING=0x90 in the mapped usermode window
kayfabe-isolate: DOORBELL-STORE #479 host_token=0x00000033 ★★★ WROTE — the store instruction executed
kayfabe-isolate: DOORBELL-STORE #480 host_token=0x00000012 runlist=0 chid=18 → storing 32 bits at USERMODE_NOTIFY_CHANNEL_PENDING=0x90 in the mapped usermode window
kayfabe-isolate: DOORBELL-STORE #482 host_token=0x0000002c runlist=0 chid=44 → storing 32 bits at USERMODE_NOTIFY_CHANNEL_PENDING=0x90 in the mapped usermode window
kayfabe-isolate: DOORBELL-STORE #482 host_token=0x0000002c ★★★ WROTE — the store instruction executed
kayfabe-isolate: DOORBELL-STORE #484 host_token=0x00000033 runlist=0 chid=51 → storing 32 bits at USERMODE_NOTIFY_CHANNEL_PENDING=0x90 in the mapped usermode window
kayfabe-isolate: DOORBELL-STORE #484 host_token=0x00000033 ★★★ WROTE — the store instruction executed
kayfabe-isolate: DOORBELL-STORE #481 host_token=0x0000002e runlist=0 chid=46 → storing 32 bits at USERMODE_NOTIFY_CHANNEL_PENDING=0x90 in the mapped usermode window
kayfabe-isolate: DOORBELL-STORE #481 host_token=0x0000002e ★★★ WROTE — the store instruction executed
kayfabe-isolate: DOORBELL-STORE #485 host_token=0x00000018 runlist=0 chid=24 → storing 32 bits at USERMODE_NOTIFY_CHANNEL_PENDING=0x90 in the mapped usermode window
kayfabe-isolate: DOORBELL-STORE #485 host_token=0x00000018 ★★★ WROTE — the store instruction executed
kayfabe-isolate: DOORBELL-STORE #480 host_token=0x00000012 ★★★ WROTE — the store instruction executed
kayfabe-isolate: DOORBELL-STORE #483 host_token=0x00000031 runlist=0 chid=49 → storing 32 bits at USERMODE_NOTIFY_CHANNEL_PENDING=0x90 in the mapped usermode window
kayfabe-isolate: DOORBELL-STORE #483 host_token=0x00000031 ★★★ WROTE — the store instruction executed
kayfabe-isolate: DOORBELL-STORE #486 host_token=0x0000002c runlist=0 chid=44 → storing 32 bits at USERMODE_NOTIFY_CHANNEL_PENDING=0x90 in the mapped usermode window
kayfabe-isolate: DOORBELL-STORE #486 host_token=0x0000002c ★★★ WROTE — the store instruction executed
kayfabe-isolate: DOORBELL-STORE #487 host_token=0x0000001d runlist=0 chid=29 → storing 32 bits at USERMODE_NOTIFY_CHANNEL_PENDING=0x90 in the mapped usermode window
kayfabe-isolate: DOORBELL-STORE #487 host_token=0x0000001d ★★★ WROTE — the store instruction executed
kayfabe-isolate: DOORBELL-STORE #488 host_token=0x00000020 runlist=0 chid=32 → storing 32 bits at USERMODE_NOTIFY_CHANNEL_PENDING=0x90 in the mapped usermode window
kayfabe-isolate: DOORBELL-STORE #488 host_token=0x00000020 ★★★ WROTE — the store instruction executed
kayfabe-isolate: DOORBELL-STORE #489 host_token=0x00000022 runlist=0 chid=34 → storing 32 bits at USERMODE_NOTIFY_CHANNEL_PENDING=0x90 in the mapped usermode window
kayfabe-isolate: DOORBELL-STORE #489 host_token=0x00000022 ★★★ WROTE — the store instruction executed
kayfabe-isolate: DOORBELL-STORE #490 host_token=0x00000027 runlist=0 chid=39 → storing 32 bits at USERMODE_NOTIFY_CHANNEL_PENDING=0x90 in the mapped usermode window
kayfabe-isolate: DOORBELL-STORE #490 host_token=0x00000027 ★★★ WROTE — the store instruction executed
kayfabe-isolate: DOORBELL-STORE #491 host_token=0x0000001b runlist=0 chid=27 → storing 32 bits at USERMODE_NOTIFY_CHANNEL_PENDING=0x90 in the mapped usermode window
kayfabe-isolate: DOORBELL-STORE #491 host_token=0x0000001b ★★★ WROTE — the store instruction executed
kayfabe-isolate: DOORBELL-STORE #492 host_token=0x0000001a runlist=0 chid=26 → storing 32 bits at USERMODE_NOTIFY_CHANNEL_PENDING=0x90 in the mapped usermode window
kayfabe-isolate: DOORBELL-STORE #492 host_token=0x0000001a ★★★ WROTE — the store instruction executed
kayfabe-isolate: DOORBELL-STORE #493 host_token=0x00000012 runlist=0 chid=18 → storing 32 bits at USERMODE_NOTIFY_CHANNEL_PENDING=0x90 in the mapped usermode window
kayfabe-isolate: DOORBELL-STORE #493 host_token=0x00000012 ★★★ WROTE — the store instruction executed
kayfabe-isolate: DOORBELL-STORE #494 host_token=0x00000018 runlist=0 chid=24 → storing 32 bits at USERMODE_NOTIFY_CHANNEL_PENDING=0x90 in the mapped usermode window
kayfabe-isolate: DOORBELL-STORE #494 host_token=0x00000018 ★★★ WROTE — the store instruction executed
kayfabe-isolate: DOORBELL-STORE #495 host_token=0x0000002c runlist=0 chid=44 → storing 32 bits at USERMODE_NOTIFY_CHANNEL_PENDING=0x90 in the mapped usermode window
kayfabe-isolate: DOORBELL-STORE #495 host_token=0x0000002c ★★★ WROTE — the store instruction executed
kayfabe-isolate: DOORBELL-STORE #496 host_token=0x0000002e runlist=0 chid=46 → storing 32 bits at USERMODE_NOTIFY_CHANNEL_PENDING=0x90 in the mapped usermode window
kayfabe-isolate: DOORBELL-STORE #496 host_token=0x0000002e ★★★ WROTE — the store instruction executed
kayfabe-isolate: DOORBELL-STORE #497 host_token=0x00000028 runlist=0 chid=40 → storing 32 bits at USERMODE_NOTIFY_CHANNEL_PENDING=0x90 in the mapped usermode window
kayfabe-isolate: DOORBELL-STORE #497 host_token=0x00000028 ★★★ WROTE — the store instruction executed
kayfabe-isolate: DOORBELL-STORE #498 host_token=0x00000008 runlist=0 chid=8 → storing 32 bits at USERMODE_NOTIFY_CHANNEL_PENDING=0x90 in the mapped usermode window
kayfabe-isolate: DOORBELL-STORE #498 host_token=0x00000008 ★★★ WROTE — the store instruction executed
kayfabe-isolate: DOORBELL-STORE #499 host_token=0x00000018 runlist=0 chid=24 → storing 32 bits at USERMODE_NOTIFY_CHANNEL_PENDING=0x90 in the mapped usermode window
kayfabe-isolate: DOORBELL-STORE #499 host_token=0x00000018 ★★★ WROTE — the store instruction executed
kayfabe-isolate: DOORBELL-STORE #500 host_token=0x0000002e runlist=0 chid=46 → storing 32 bits at USERMODE_NOTIFY_CHANNEL_PENDING=0x90 in the mapped usermode window
kayfabe-isolate: DOORBELL-STORE #500 host_token=0x0000002e ★★★ WROTE — the store instruction executed
kayfabe-isolate: DOORBELL-STORE #501 host_token=0x00000020 runlist=0 chid=32 → storing 32 bits at USERMODE_NOTIFY_CHANNEL_PENDING=0x90 in the mapped usermode window
kayfabe-isolate: DOORBELL-STORE #501 host_token=0x00000020 ★★★ WROTE — the store instruction executed
kayfabe-isolate: DOORBELL-STORE #502 host_token=0x00000028 runlist=0 chid=40 → storing 32 bits at USERMODE_NOTIFY_CHANNEL_PENDING=0x90 in the mapped usermode window
kayfabe-isolate: DOORBELL-STORE #502 host_token=0x00000028 ★★★ WROTE — the store instruction executed
kayfabe-isolate: DOORBELL-STORE #503 host_token=0x0000001c runlist=0 chid=28 → storing 32 bits at USERMODE_NOTIFY_CHANNEL_PENDING=0x90 in the mapped usermode window
kayfabe-isolate: DOORBELL-STORE #503 host_token=0x0000001c ★★★ WROTE — the store instruction executed
kayfabe-isolate: DOORBELL-STORE #505 host_token=0x00000012 runlist=0 chid=18 → storing 32 bits at USERMODE_NOTIFY_CHANNEL_PENDING=0x90 in the mapped usermode window
kayfabe-isolate: DOORBELL-STORE #505 host_token=0x00000012 ★★★ WROTE — the store instruction executed
kayfabe-isolate: DOORBELL-STORE #504 host_token=0x00000018 runlist=0 chid=24 → storing 32 bits at USERMODE_NOTIFY_CHANNEL_PENDING=0x90 in the mapped usermode window
kayfabe-isolate: DOORBELL-STORE #504 host_token=0x00000018 ★★★ WROTE — the store instruction executed
kayfabe-isolate: DOORBELL-STORE #506 host_token=0x00000019 runlist=0 chid=25 → storing 32 bits at USERMODE_NOTIFY_CHANNEL_PENDING=0x90 in the mapped usermode window
kayfabe-isolate: DOORBELL-STORE #506 host_token=0x00000019 ★★★ WROTE — the store instruction executed
kayfabe-isolate: DOORBELL-STORE #507 host_token=0x0000001b runlist=0 chid=27 → storing 32 bits at USERMODE_NOTIFY_CHANNEL_PENDING=0x90 in the mapped usermode window
kayfabe-isolate: DOORBELL-STORE #507 host_token=0x0000001b ★★★ WROTE — the store instruction executed
kayfabe-isolate: DOORBELL-STORE #508 host_token=0x00000008 runlist=0 chid=8 → storing 32 bits at USERMODE_NOTIFY_CHANNEL_PENDING=0x90 in the mapped usermode window
kayfabe-isolate: DOORBELL-STORE #508 host_token=0x00000008 ★★★ WROTE — the store instruction executed
kayfabe-isolate: DOORBELL-STORE #509 host_token=0x00000012 runlist=0 chid=18 → storing 32 bits at USERMODE_NOTIFY_CHANNEL_PENDING=0x90 in the mapped usermode window
kayfabe-isolate: DOORBELL-STORE #511 host_token=0x00000016 runlist=0 chid=22 → storing 32 bits at USERMODE_NOTIFY_CHANNEL_PENDING=0x90 in the mapped usermode window
kayfabe-isolate: DOORBELL-STORE #511 host_token=0x00000016 ★★★ WROTE — the store instruction executed
kayfabe-isolate: DOORBELL-STORE #512 host_token=0x00000005 runlist=0 chid=5 → storing 32 bits at USERMODE_NOTIFY_CHANNEL_PENDING=0x90 in the mapped usermode window
kayfabe-isolate: DOORBELL-STORE #512 host_token=0x00000005 ★★★ WROTE — the store instruction executed
kayfabe-isolate: DOORBELL-STORE #510 host_token=0x00000020 runlist=0 chid=32 → storing 32 bits at USERMODE_NOTIFY_CHANNEL_PENDING=0x90 in the mapped usermode window
kayfabe-isolate: DOORBELL-STORE #510 host_token=0x00000020 ★★★ WROTE — the store instruction executed
kayfabe-isolate: DOORBELL-STORE #509 host_token=0x00000012 ★★★ WROTE — the store instruction executed
kayfabe-isolate: DOORBELL-STORE tally: 1024 stores attempted; the last 512 were NOT printed individually (cap 512) — ⊘ this is a statement about the log, not about the stores
kayfabe-isolate: DOORBELL-STORE tally: 1536 stores attempted; the last 1024 were NOT printed individually (cap 512) — ⊘ this is a statement about the log, not about the stores
kayfabe-isolate: DOORBELL-STORE tally: 2048 stores attempted; the last 1536 were NOT printed individually (cap 512) — ⊘ this is a statement about the log, not about the stores
info  W385 unpinned census = 9600 ops over 48 workers in 1674 ms, 0 refused, 48/48 workers finished
info  W385 unpinned verbs  = alloc=597 map_a=693 map_b=592 write=1240 alias_prop=308 unmap_b=222 probe=259 free=482 recycle=417 idle=4790
info  W385 unpinned op us   = n=4810 min=89 p50=8014 p90=34726 p99=71337 max=109107  ⊘ a distribution, because one number is not a measurement
info  W385 unpinned overlap = 206866 pairs of RM-verb intervals from DIFFERENT threads intersected, over 4810/4810 spans
info  W385 unpinned handles = 1062 minted across 48 worker(s), each checked for collision against every other worker OF THE SAME CLIENT
info  W385 unpinned pinning = mode unpinned — 0/48 workers accepted a mask; observed core sets {"0-18"}
FUZZ_ARM=unpinned verdict=PASS threads=48 pin=unpinned cores=4 ops=9600 engine_ops=1770 alias_ops=308 overlap=206866 viol=0 refused=0 pinned=0/48 finished=48/48

info  W385 ARM percore    = 4 threads across 2 client(s), placement percore, seeded jitter <= 200 us
kayfabe-isolate: DOORBELL-STORE tally: 2560 stores attempted; the last 2048 were NOT printed individually (cap 512) — ⊘ this is a statement about the log, not about the stores
info  W385 percore  census = 800 ops over 4 workers in 125 ms, 0 refused, 4/4 workers finished
info  W385 percore  verbs  = alloc=51 map_a=57 map_b=47 write=113 alias_prop=27 unmap_b=16 probe=28 free=41 recycle=31 idle=389
info  W385 percore  op us   = n=411 min=77 p50=548 p90=1540 p99=2925 max=4208  ⊘ a distribution, because one number is not a measurement
info  W385 percore  overlap = 810 pairs of RM-verb intervals from DIFFERENT threads intersected, over 411/411 spans
info  W385 percore  handles = 86 minted across 4 worker(s), each checked for collision against every other worker OF THE SAME CLIENT
info  W385 percore  pinning = mode percore — 4/4 workers accepted a mask; observed core sets {"0", "1", "2", "3"}
FUZZ_ARM=percore verdict=PASS threads=4 pin=percore cores=4 ops=800 engine_ops=156 alias_ops=27 overlap=810 viol=0 refused=0 pinned=4/4 finished=4/4

info  W385 ARM crowd-free = 48 threads across 2 client(s), placement unpinned, seeded jitter <= 200 us
kayfabe-isolate: DOORBELL-STORE tally: 3072 stores attempted; the last 2560 were NOT printed individually (cap 512) — ⊘ this is a statement about the log, not about the stores
kayfabe-isolate: DOORBELL-STORE tally: 3584 stores attempted; the last 3072 were NOT printed individually (cap 512) — ⊘ this is a statement about the log, not about the stores
kayfabe-isolate: DOORBELL-STORE tally: 4096 stores attempted; the last 3584 were NOT printed individually (cap 512) — ⊘ this is a statement about the log, not about the stores
kayfabe-isolate: DOORBELL-STORE tally: 4608 stores attempted; the last 4096 were NOT printed individually (cap 512) — ⊘ this is a statement about the log, not about the stores
info  W385 crowd-free census = 9600 ops over 48 workers in 1663 ms, 0 refused, 48/48 workers finished
info  W385 crowd-free verbs  = alloc=597 map_a=693 map_b=592 write=1240 alias_prop=308 unmap_b=222 probe=259 free=482 recycle=417 idle=4790
info  W385 crowd-free op us   = n=4810 min=87 p50=7677 p90=34937 p99=70212 max=105234  ⊘ a distribution, because one number is not a measurement
info  W385 crowd-free overlap = 206231 pairs of RM-verb intervals from DIFFERENT threads intersected, over 4810/4810 spans
info  W385 crowd-free handles = 1062 minted across 48 worker(s), each checked for collision against every other worker OF THE SAME CLIENT
info  W385 crowd-free pinning = mode unpinned — 0/48 workers accepted a mask; observed core sets {"0-18"}
FUZZ_ARM=crowd-free verdict=PASS threads=48 pin=unpinned cores=4 ops=9600 engine_ops=1770 alias_ops=308 overlap=206231 viol=0 refused=0 pinned=0/48 finished=48/48

info  W385 ARM crowd      = 48 threads across 2 client(s), placement crowd, seeded jitter <= 200 us
kayfabe-isolate: DOORBELL-STORE tally: 5120 stores attempted; the last 4608 were NOT printed individually (cap 512) — ⊘ this is a statement about the log, not about the stores
kayfabe-isolate: DOORBELL-STORE tally: 5632 stores attempted; the last 5120 were NOT printed individually (cap 512) — ⊘ this is a statement about the log, not about the stores
kayfabe-isolate: DOORBELL-STORE tally: 6144 stores attempted; the last 5632 were NOT printed individually (cap 512) — ⊘ this is a statement about the log, not about the stores
kayfabe-isolate: DOORBELL-STORE tally: 6656 stores attempted; the last 6144 were NOT printed individually (cap 512) — ⊘ this is a statement about the log, not about the stores
kayfabe-isolate: DOORBELL-STORE tally: 7168 stores attempted; the last 6656 were NOT printed individually (cap 512) — ⊘ this is a statement about the log, not about the stores
info  W385 crowd    census = 9600 ops over 48 workers in 1347 ms, 0 refused, 48/48 workers finished
info  W385 crowd    verbs  = alloc=597 map_a=693 map_b=592 write=1240 alias_prop=308 unmap_b=222 probe=259 free=482 recycle=417 idle=4790
info  W385 crowd    op us   = n=4810 min=50 p50=6652 p90=27091 p99=57010 max=110446  ⊘ a distribution, because one number is not a measurement
info  W385 crowd    overlap = 201288 pairs of RM-verb intervals from DIFFERENT threads intersected, over 4810/4810 spans
info  W385 crowd    handles = 1062 minted across 48 worker(s), each checked for collision against every other worker OF THE SAME CLIENT
info  W385 crowd    pinning = mode crowd — 48/48 workers accepted a mask; observed core sets {"0-3"}
FUZZ_ARM=crowd verdict=PASS threads=48 pin=crowd cores=4 ops=9600 engine_ops=1770 alias_ops=308 overlap=201288 viol=0 refused=0 pinned=48/48 finished=48/48
FUZZ_THREADS=48
FUZZ_CORES=4
FUZZ_ITERS=200
FUZZ_CLIENTS=2
FUZZ_ARMS=4
FUZZ_OPS=29600
FUZZ_OVERLAP_PAIRS=615195
FUZZ_VIOLATIONS=0
FUZZ_REFUSED=0
info  W385 pairing        = percore=PASS vs unpinned=PASS — placement did not change the answer
info  W385 pairing        = crowd=PASS vs crowd-free=PASS — placement did not change the answer
FUZZ_REASON=CLEAN
★     W385 FUZZ CLEAN     = 29600 operations over 4 arms (up to 48 threads, 2 client(s), 4 cores), 615195 measured cross-thread overlaps, zero invariant violations. ⚠ THAT IS A BUDGET, NOT A PROOF: absence of a red is not absence of a race, and every arm sampled ONE schedule of one seed
RUNGCTL_concurrent_fuzz=PASS
RUNG_concurrent_fuzz=PASS
done — w385 concurrent fuzz only
