kf3: host facts: GSS 0x2080a028 [(0, 1), (8, 1), (c, 100000), (20c, 100000)]: the background probe was refused or changed the answer — zero-probe bytes only
kf3: host facts: GSS 0x2080a028 [(0, 1), (8, 1), (c, 1), (20c, 1)]: the background probe was refused or changed the answer — zero-probe bytes only
kf3: permission policy: READ_ONLY+VOLATILE carried to the host map, PRIVILEGED leaves withheld from user twins, ATOMIC_DISABLE not carried (KF3_CARRY_ATOMIC_DISABLE=1 enables it once fault delivery exists) (key_perm=0x68)
kf3: host GPU minor=0 bdf=0000:00:08.0 gpuId=0x8 rm_device_instance=0 cuda_device="NVIDIA GeForce RTX 3060" store=8192 MiB
kf3: guest driver 580.159.04 (defaulted to the host's); measured ABI: static-info Pre610, element Pre610, init-args FourField, rm-control params@40, vgx Some((43, 19))
kf3: channel plane: Translated rings on host COPY2 (engine 0xb); completions on FIFO_EVENT_MTHD + CE2
kf3: interrupt plane: host non-stall events -> guest vectors [GR0->Some(0) CE0->Some(0) CE1->Some(0) CE2->Some(1) CE3->Some(2) NVENC0->Some(4) NVDEC0->Some(3) OFA->Some(5)]
kf3: P4 memory plane: store 8192 MiB (imported into the walker), walker pools 236 MiB of host GPU memory (walk pool 1048576 runs, slot pool 2097152 runs (2097152 free), max per space 1048576, slots held 0, grows 0, retries 0, ceilings 0, largest slot 0, largest walk 0), roots bar1=0x1f1cac000 bar2=0x1f3392000, PRAMIN one map+mmap per move, trigger @0xb830b0
2026-09-28T18:37:35.227977Z qemu-system-x86_64: -device kf3-gpu,fb-mb=8192,bar1-size=134217728,bar2-size=33554432,id=kf0: info: kf3: family=Ampere phase=Cold trapped=0 applied=0 refused=0 serviced=0 ram_refused=0 unshadowed_writes=2 read_exits=0 last_off=0x0 mem[inval=0 walks=0/0 cleared=0 superseded=0 named_missed=0 unreconciled=0 mapped=0 unmapped=0 clipped=0x0 held=0 vmm_overlaps=0 priv_withheld=0 priv_withheld_bytes=0x0 priv_mirrored=0 fn70=0 roots=0 root_moves=0 stmts=0/0 refused=0 pramin_repoints=0 pramin_miss=0 last_miss=0x0 pramin_worst_us=0 (map 0 mmap 0) pramin_maps=0 pramin_mmaps=0 inline_opens=0 reaped=0 cache_ops=0 sys (BAR0 pieces=5)
kf3: guest-RAM object 0xcafe0010 over 0x80000000 bytes of the guest memfd
kf3: mem t=1.903s [1/3] prewarm: spare host space 0xcafe0011 ready before the guest runs — vaspace 1784 us, ram_obj 1766130 us (0xcafe0010+0x80000000), fb_window 1159 us, ram_window 82768 us (total 1851885 us)
kf3: family=Ampere phase=Cold trapped=0 applied=0 refused=0 serviced=0 ram_refused=0 unshadowed_writes=2 read_exits=0 last_off=0x0 mem[inval=0 walks=0/0 cleared=0 superseded=0 named_missed=0 unreconciled=0 mapped=0 unmapped=0 clipped=0x0 held=0 vmm_overlaps=0 priv_withheld=0 priv_withheld_bytes=0x0 priv_mirrored=0 fn70=0 roots=0 root_moves=0 stmts=0/0 refused=0 pramin_repoints=0 pramin_miss=0 last_miss=0x0 pramin_worst_us=0 (map 0 mmap 0) pramin_maps=0 pramin_mmaps=0 inline_opens=0 reaped=0 cache_ops=0 sysmembars=0 root_unsets=0] mirrors=0 reused=0 prewarmed=1 mirror_avg_us=0 mirror_max_us=0 vat[invals=0 arrive->clear_avg_us=0 max_us=0 walks=0 walk_avg_us=0 gpu_avg_us=0 plan_avg_us=0 apply_avg_us=0 leaves=0 host_calls=0] chan[births=0 pt_births=0 acts=0/0refused worst_act_us=0 nsi=[] served=0 parks=81 host_rings=0 contended=0 poisoned=0 tokens=[]] views[armed=1 released=0 refused=0 held=1] rc[armed=0 unarmed=0 wakes=0 seen=0 posted=0] irq[writes=0 raised=0 held=0 oor=0] unserviced=[] gsp_refusals[total=0 distinct=0 []]
kf3: mem t=2.041s [2/3] prewarm: spare host space 0xcafe0015 ready before the guest runs — vaspace 3266 us, ram_obj 0 us (0xcafe0010+0x80000000), fb_window 832 us, ram_window 84042 us (total 88152 us)
kf3: mem t=2.176s [3/3] prewarm: spare host space 0xcafe0019 ready before the guest runs — vaspace 2861 us, ram_obj 0 us (0xcafe0010+0x80000000), fb_window 983 us, ram_window 80630 us (total 84488 us)
kf3: family=Ampere phase=Cold trapped=0 applied=0 refused=0 serviced=0 ram_refused=0 unshadowed_writes=2 read_exits=0 last_off=0x0 mem[inval=0 walks=0/0 cleared=0 superseded=0 named_missed=0 unreconciled=0 mapped=0 unmapped=0 clipped=0x0 held=0 vmm_overlaps=0 priv_withheld=0 priv_withheld_bytes=0x0 priv_mirrored=0 fn70=0 roots=0 root_moves=0 stmts=0/0 refused=0 pramin_repoints=0 pramin_miss=0 last_miss=0x0 pramin_worst_us=0 (map 0 mmap 0) pramin_maps=0 pramin_mmaps=0 inline_opens=0 reaped=0 cache_ops=0 sysmembars=0 root_unsets=0] mirrors=0 reused=0 prewarmed=3 mirror_avg_us=0 mirror_max_us=0 vat[invals=0 arrive->clear_avg_us=0 max_us=0 walks=0 walk_avg_us=0 gpu_avg_us=0 plan_avg_us=0 apply_avg_us=0 leaves=0 host_calls=0] chan[births=0 pt_births=0 acts=0/0refused worst_act_us=0 nsi=[] served=0 parks=161 host_rings=0 contended=0 poisoned=0 tokens=[]] views[armed=1 released=0 refused=0 held=1] rc[armed=0 unarmed=0 wakes=0 seen=0 posted=0] irq[writes=0 raised=0 held=0 oor=0] unserviced=[] gsp_refusals[total=0 distinct=0 []]
kf3: family=Ampere phase=Cold trapped=0 applied=0 refused=0 serviced=0 ram_refused=0 unshadowed_writes=2 read_exits=0 last_off=0x0 mem[inval=0 walks=0/0 cleared=0 superseded=0 named_missed=0 unreconciled=0 mapped=0 unmapped=0 clipped=0x0 held=0 vmm_overlaps=0 priv_withheld=0 priv_withheld_bytes=0x0 priv_mirrored=0 fn70=0 roots=0 root_moves=0 stmts=0/0 refused=0 pramin_repoints=0 pramin_miss=0 last_miss=0x0 pramin_worst_us=0 (map 0 mmap 0) pramin_maps=0 pramin_mmaps=0 inline_opens=0 reaped=0 cache_ops=0 sysmembars=0 root_unsets=0] mirrors=0 reused=0 prewarmed=3 mirror_avg_us=0 mirror_max_us=0 vat[invals=0 arrive->clear_avg_us=0 max_us=0 walks=0 walk_avg_us=0 gpu_avg_us=0 plan_avg_us=0 apply_avg_us=0 leaves=0 host_calls=0] chan[births=0 pt_births=0 acts=0/0refused worst_act_us=0 nsi=[] served=0 parks=242 host_rings=0 contended=0 poisoned=0 tokens=[]] views[armed=1 released=0 refused=0 held=1] rc[armed=0 unarmed=0 wakes=0 seen=0 posted=0] irq[writes=0 raised=0 held=0 oor=0] unserviced=[] gsp_refusals[total=0 distinct=0 []]
kf3: family=Ampere phase=Cold trapped=0 applied=0 refused=0 serviced=0 ram_refused=0 unshadowed_writes=2 read_exits=0 last_off=0x0 mem[inval=0 walks=0/0 cleared=0 superseded=0 named_missed=0 unreconciled=0 mapped=0 unmapped=0 clipped=0x0 held=0 vmm_overlaps=0 priv_withheld=0 priv_withheld_bytes=0x0 priv_mirrored=0 fn70=0 roots=0 root_moves=0 stmts=0/0 refused=0 pramin_repoints=0 pramin_miss=0 last_miss=0x0 pramin_worst_us=0 (map 0 mmap 0) pramin_maps=0 pramin_mmaps=0 inline_opens=0 reaped=0 cache_ops=0 sysmembars=0 root_unsets=0] mirrors=0 reused=0 prewarmed=3 mirror_avg_us=0 mirror_max_us=0 vat[invals=0 arrive->clear_avg_us=0 max_us=0 walks=0 walk_avg_us=0 gpu_avg_us=0 plan_avg_us=0 apply_avg_us=0 leaves=0 host_calls=0] chan[births=0 pt_births=0 acts=0/0refused worst_act_us=0 nsi=[] served=0 parks=322 host_rings=0 contended=0 poisoned=0 tokens=[]] views[armed=1 released=0 refused=0 held=1] rc[armed=0 unarmed=0 wakes=0 seen=0 posted=0] irq[writes=0 raised=0 held=0 oor=0] unserviced=[] gsp_refusals[total=0 distinct=0 []]
kf3: family=Ampere phase=Cold trapped=0 applied=0 refused=0 serviced=0 ram_refused=0 unshadowed_writes=2 read_exits=0 last_off=0x0 mem[inval=0 walks=0/0 cleared=0 superseded=0 named_missed=0 unreconciled=0 mapped=0 unmapped=0 clipped=0x0 held=0 vmm_overlaps=0 priv_withheld=0 priv_withheld_bytes=0x0 priv_mirrored=0 fn70=0 roots=0 root_moves=0 stmts=0/0 refused=0 pramin_repoints=0 pramin_miss=0 last_miss=0x0 pramin_worst_us=0 (map 0 mmap 0) pramin_maps=0 pramin_mmaps=0 inline_opens=0 reaped=0 cache_ops=0 sysmembars=0 root_unsets=0] mirrors=0 reused=0 prewarmed=3 mirror_avg_us=0 mirror_max_us=0 vat[invals=0 arrive->clear_avg_us=0 max_us=0 walks=0 walk_avg_us=0 gpu_avg_us=0 plan_avg_us=0 apply_avg_us=0 leaves=0 host_calls=0] chan[births=0 pt_births=0 acts=0/0refused worst_act_us=0 nsi=[] served=0 parks=402 host_rings=0 contended=0 poisoned=0 tokens=[]] views[armed=1 released=0 refused=0 held=1] rc[armed=0 unarmed=0 wakes=0 seen=0 posted=0] irq[writes=0 raised=0 held=0 oor=0] unserviced=[] gsp_refusals[total=0 distinct=0 []]
kf3: family=Ampere phase=Cold trapped=0 applied=0 refused=0 serviced=0 ram_refused=0 unshadowed_writes=2 read_exits=0 last_off=0x0 mem[inval=0 walks=0/0 cleared=0 superseded=0 named_missed=0 unreconciled=0 mapped=0 unmapped=0 clipped=0x0 held=0 vmm_overlaps=0 priv_withheld=0 priv_withheld_bytes=0x0 priv_mirrored=0 fn70=0 roots=0 root_moves=0 stmts=0/0 refused=0 pramin_repoints=0 pramin_miss=0 last_miss=0x0 pramin_worst_us=0 (map 0 mmap 0) pramin_maps=0 pramin_mmaps=0 inline_opens=0 reaped=0 cache_ops=0 sysmembars=0 root_unsets=0] mirrors=0 reused=0 prewarmed=3 mirror_avg_us=0 mirror_max_us=0 vat[invals=0 arrive->clear_avg_us=0 max_us=0 walks=0 walk_avg_us=0 gpu_avg_us=0 plan_avg_us=0 apply_avg_us=0 leaves=0 host_calls=0] chan[births=0 pt_births=0 acts=0/0refused worst_act_us=0 nsi=[] served=0 parks=482 host_rings=0 contended=0 poisoned=0 tokens=[]] views[armed=1 released=0 refused=0 held=1] rc[armed=0 unarmed=0 wakes=0 seen=0 posted=0] irq[writes=0 raised=0 held=0 oor=0] unserviced=[] gsp_refusals[total=0 distinct=0 []]
kf3: family=Ampere phase=Cold trapped=0 applied=0 refused=0 serviced=0 ram_refused=0 unshadowed_writes=2 read_exits=0 last_off=0x0 mem[inval=0 walks=0/0 cleared=0 superseded=0 named_missed=0 unreconciled=0 mapped=0 unmapped=0 clipped=0x0 held=0 vmm_overlaps=0 priv_withheld=0 priv_withheld_bytes=0x0 priv_mirrored=0 fn70=0 roots=0 root_moves=0 stmts=0/0 refused=0 pramin_repoints=0 pramin_miss=0 last_miss=0x0 pramin_worst_us=0 (map 0 mmap 0) pramin_maps=0 pramin_mmaps=0 inline_opens=0 reaped=0 cache_ops=0 sysmembars=0 root_unsets=0] mirrors=0 reused=0 prewarmed=3 mirror_avg_us=0 mirror_max_us=0 vat[invals=0 arrive->clear_avg_us=0 max_us=0 walks=0 walk_avg_us=0 gpu_avg_us=0 plan_avg_us=0 apply_avg_us=0 leaves=0 host_calls=0] chan[births=0 pt_births=0 acts=0/0refused worst_act_us=0 nsi=[] served=0 parks=562 host_rings=0 contended=0 poisoned=0 tokens=[]] views[armed=1 released=0 refused=0 held=1] rc[armed=0 unarmed=0 wakes=0 seen=0 posted=0] irq[writes=0 raised=0 held=0 oor=0] unserviced=[] gsp_refusals[total=0 distinct=0 []]
kf3: family=Ampere phase=Cold trapped=0 applied=0 refused=0 serviced=0 ram_refused=0 unshadowed_writes=2 read_exits=0 last_off=0x0 mem[inval=0 walks=0/0 cleared=0 superseded=0 named_missed=0 unreconciled=0 mapped=0 unmapped=0 clipped=0x0 held=0 vmm_overlaps=0 priv_withheld=0 priv_withheld_bytes=0x0 priv_mirrored=0 fn70=0 roots=0 root_moves=0 stmts=0/0 refused=0 pramin_repoints=0 pramin_miss=0 last_miss=0x0 pramin_worst_us=0 (map 0 mmap 0) pramin_maps=0 pramin_mmaps=0 inline_opens=0 reaped=0 cache_ops=0 sysmembars=0 root_unsets=0] mirrors=0 reused=0 prewarmed=3 mirror_avg_us=0 mirror_max_us=0 vat[invals=0 arrive->clear_avg_us=0 max_us=0 walks=0 walk_avg_us=0 gpu_avg_us=0 plan_avg_us=0 apply_avg_us=0 leaves=0 host_calls=0] chan[births=0 pt_births=0 acts=0/0refused worst_act_us=0 nsi=[] served=0 parks=642 host_rings=0 contended=0 poisoned=0 tokens=[]] views[armed=1 released=0 refused=0 held=1] rc[armed=0 unarmed=0 wakes=0 seen=0 posted=0] irq[writes=0 raised=0 held=0 oor=0] unserviced=[] gsp_refusals[total=0 distinct=0 []]
kf3: w#0 bar0 @0x100c40 = 0x0 phase=Cold
kf3: w#1 bar0 @0x100c10 = 0xdc460 phase=Cold
kf3: w#2 bar0 @0x088080 = 0x10 phase=Cold
kf3: w#3 bar0 @0x088080 = 0x10 phase=Cold
kf3: w#4 bar0 @0x110c00 = 0x0 phase=Cold
kf3: w#5 bar0 @0x110c00 = 0x0 phase=Cold
kf3: w#6 bar0 @0x1103c0 = 0x1 phase=Cold
kf3: w#7 bar0 @0x1103c0 = 0x0 phase=Cold
kf3: w#8 bar0 @0x110084 = 0x176000a1 phase=Cold
kf3: w#9 bar0 @0x110624 = 0x80 phase=Cold
kf3: w#10 bar0 @0x11010c = 0x0 phase=Cold
kf3: w#11 bar0 @0x110600 = 0x5 phase=Cold
kf3: w#12 bar0 @0x110110 = 0x7b4ae0 phase=Cold
kf3: w#13 bar0 @0x110128 = 0x0 phase=Cold
kf3: w#14 bar0 @0x110114 = 0x0 phase=Cold
kf3: w#15 bar0 @0x11011c = 0x0 phase=Cold
kf3: w#16 bar0 @0x110118 = 0x614 phase=Cold
kf3: w#17 bar0 @0x110114 = 0x100 phase=Cold
kf3: w#18 bar0 @0x11011c = 0x100 phase=Cold
kf3: w#19 bar0 @0x110118 = 0x614 phase=Cold
kf3: w#20 bar0 @0x110114 = 0x200 phase=Cold
kf3: w#21 bar0 @0x11011c = 0x200 phase=Cold
kf3: w#22 bar0 @0x110118 = 0x614 phase=Cold
kf3: w#23 bar0 @0x110114 = 0x300 phase=Cold
kf3: w#24 bar0 @0x11011c = 0x300 phase=Cold
kf3: w#25 bar0 @0x110118 = 0x614 phase=Cold
kf3: w#26 bar0 @0x110114 = 0x400 phase=Cold
kf3: w#27 bar0 @0x11011c = 0x400 phase=Cold
kf3: w#28 bar0 @0x110118 = 0x614 phase=Cold
kf3: w#29 bar0 @0x110114 = 0x500 phase=Cold
kf3: w#30 bar0 @0x11011c = 0x500 phase=Cold
kf3: w#31 bar0 @0x110118 = 0x614 phase=Cold
kf3: w#32 bar0 @0x110114 = 0x600 phase=Cold
kf3: w#33 bar0 @0x11011c = 0x600 phase=Cold
kf3: w#34 bar0 @0x110118 = 0x614 phase=Cold
kf3: w#35 bar0 @0x110114 = 0x700 phase=Cold
kf3: w#36 bar0 @0x11011c = 0x700 phase=Cold
kf3: w#37 bar0 @0x110118 = 0x614 phase=Cold
kf3: w#38 bar0 @0x110114 = 0x800 phase=Cold
kf3: w#39 bar0 @0x11011c = 0x800 phase=Cold
kf3: w#40 bar0 @0x110118 = 0x614 phase=Cold
kf3: w#41 bar0 @0x110114 = 0x900 phase=Cold
kf3: w#42 bar0 @0x11011c = 0x900 phase=Cold
kf3: w#43 bar0 @0x110118 = 0x614 phase=Cold
kf3: w#44 bar0 @0x110114 = 0xa00 phase=Cold
kf3: w#45 bar0 @0x11011c = 0xa00 phase=Cold
kf3: w#46 bar0 @0x110118 = 0x614 phase=Cold
kf3: w#47 bar0 @0x110114 = 0xb00 phase=Cold
kf3: w#48 bar0 @0x11011c = 0xb00 phase=Cold
kf3: w#49 bar0 @0x110118 = 0x614 phase=Cold
kf3: w#50 bar0 @0x110114 = 0xc00 phase=Cold
kf3: w#51 bar0 @0x11011c = 0xc00 phase=Cold
kf3: w#52 bar0 @0x110118 = 0x614 phase=Cold
kf3: w#53 bar0 @0x110114 = 0xd00 phase=Cold
kf3: w#54 bar0 @0x11011c = 0xd00 phase=Cold
kf3: w#55 bar0 @0x110118 = 0x614 phase=Cold
kf3: w#56 bar0 @0x110114 = 0xe00 phase=Cold
kf3: w#57 bar0 @0x11011c = 0xe00 phase=Cold
kf3: w#58 bar0 @0x110118 = 0x614 phase=Cold
kf3: w#59 bar0 @0x110114 = 0xf00 phase=Cold
kf3: w#60 bar0 @0x11011c = 0xf00 phase=Cold
kf3: w#61 bar0 @0x110118 = 0x614 phase=Cold
kf3: w#62 bar0 @0x110110 = 0x7b4af0 phase=Cold
kf3: w#63 bar0 @0x110128 = 0x0 phase=Cold
kf3: w#64 bar0 @0x110114 = 0x0 phase=Cold
kf3: w#65 bar0 @0x11011c = 0x0 phase=Cold
kf3: w#66 bar0 @0x110118 = 0x600 phase=Cold
kf3: w#67 bar0 @0x110114 = 0x100 phase=Cold
kf3: w#68 bar0 @0x11011c = 0x100 phase=Cold
kf3: w#69 bar0 @0x110118 = 0x600 phase=Cold
kf3: w#70 bar0 @0x110114 = 0x200 phase=Cold
kf3: w#71 bar0 @0x11011c = 0x200 phase=Cold
kf3: w#72 bar0 @0x110118 = 0x600 phase=Cold
kf3: w#73 bar0 @0x110114 = 0x300 phase=Cold
kf3: w#74 bar0 @0x11011c = 0x300 phase=Cold
kf3: w#75 bar0 @0x110118 = 0x600 phase=Cold
kf3: w#76 bar0 @0x110114 = 0x400 phase=Cold
kf3: w#77 bar0 @0x11011c = 0x400 phase=Cold
kf3: w#78 bar0 @0x110118 = 0x600 phase=Cold
kf3: w#79 bar0 @0x110114 = 0x500 phase=Cold
kf3: w#80 bar0 @0x11011c = 0x500 phase=Cold
kf3: w#81 bar0 @0x110118 = 0x600 phase=Cold
kf3: w#82 bar0 @0x110114 = 0x600 phase=Cold
kf3: w#83 bar0 @0x11011c = 0x600 phase=Cold
kf3: w#84 bar0 @0x110118 = 0x600 phase=Cold
kf3: w#85 bar0 @0x110114 = 0x700 phase=Cold
kf3: w#86 bar0 @0x11011c = 0x700 phase=Cold
kf3: w#87 bar0 @0x110118 = 0x600 phase=Cold
kf3: w#88 bar0 @0x110114 = 0x800 phase=Cold
kf3: w#89 bar0 @0x11011c = 0x800 phase=Cold
kf3: w#90 bar0 @0x110118 = 0x600 phase=Cold
kf3: w#91 bar0 @0x110114 = 0x900 phase=Cold
kf3: w#92 bar0 @0x11011c = 0x900 phase=Cold
kf3: w#93 bar0 @0x110118 = 0x600 phase=Cold
kf3: w#94 bar0 @0x110114 = 0xa00 phase=Cold
kf3: w#95 bar0 @0x11011c = 0xa00 phase=Cold
kf3: w#96 bar0 @0x110118 = 0x600 phase=Cold
kf3: w#97 bar0 @0x110114 = 0xb00 phase=Cold
kf3: w#98 bar0 @0x11011c = 0xb00 phase=Cold
kf3: w#99 bar0 @0x110118 = 0x600 phase=Cold
kf3: w#100 bar0 @0x110114 = 0xc00 phase=Cold
kf3: w#101 bar0 @0x11011c = 0xc00 phase=Cold
kf3: w#102 bar0 @0x110118 = 0x600 phase=Cold
kf3: w#103 bar0 @0x110114 = 0xd00 phase=Cold
kf3: w#104 bar0 @0x11011c = 0xd00 phase=Cold
kf3: w#105 bar0 @0x110118 = 0x600 phase=Cold
kf3: w#106 bar0 @0x110114 = 0xe00 phase=Cold
kf3: w#107 bar0 @0x11011c = 0xe00 phase=Cold
kf3: w#108 bar0 @0x110118 = 0x600 phase=Cold
kf3: w#109 bar0 @0x110114 = 0xf00 phase=Cold
kf3: w#110 bar0 @0x11011c = 0xf00 phase=Cold
kf3: w#111 bar0 @0x110118 = 0x600 phase=Cold
kf3: w#112 bar0 @0x111210 = 0x800 phase=Cold
kf3: w#113 bar0 @0x11119c = 0x1 phase=Cold
kf3: w#114 bar0 @0x111198 = 0x1 phase=Cold
kf3: w#115 bar0 @0x111180 = 0x1 phase=Cold
kf3: w#116 bar0 @0x110104 = 0x0 phase=Cold
kf3: w#117 bar0 @0x110100 = 0x2 phase=Cold
kf3: GSP phase Cold -> ProtectedRegionUp
kf3: GSP WPR2 up at the guest's FWSEC-FRTS command: frts_offset=0x1ffe00000 → served WPR2_ADDR_LO=Some(Ok("0x1ffe000"))
kf3: w#118 bar0 @0x1103c0 = 0x1 phase=ProtectedRegionUp
kf3: w#119 bar0 @0x1103c0 = 0x0 phase=ProtectedRegionUp
kf3: w#120 bar0 @0x111668 = 0x111 phase=ProtectedRegionUp
kf3: w#121 bar0 @0x110040 = 0x3b44000 phase=ProtectedRegionUp
kf3: w#122 bar0 @0x110044 = 0x0 phase=ProtectedRegionUp
kayfabe: GSP-PUBLISH gpa=0x8200000 gpa_same=false seq_last=Some(1) cmd_seq=0 ⇒ same_instance=false
kf3: GSP rpc GspSetSystemInfo seq=0
kf3: GSP rpc SetRegistry seq=0
kf3: w#123 bar0 @0x8403c0 = 0x1 phase=ProtectedRegionUp
kf3: w#124 bar0 @0x8403c0 = 0x0 phase=ProtectedRegionUp
kf3: w#125 bar0 @0x840084 = 0x176000a1 phase=ProtectedRegionUp
kf3: w#126 bar0 @0x840624 = 0x80 phase=ProtectedRegionUp
kf3: w#127 bar0 @0x84010c = 0x0 phase=ProtectedRegionUp
kf3: w#128 bar0 @0x840600 = 0x5 phase=ProtectedRegionUp
kf3: w#129 bar0 @0x840110 = 0x80800 phase=ProtectedRegionUp
kf3: w#130 bar0 @0x840128 = 0x0 phase=ProtectedRegionUp
kf3: w#131 bar0 @0x840114 = 0x0 phase=ProtectedRegionUp
kf3: w#132 bar0 @0x84011c = 0x100 phase=ProtectedRegionUp
kf3: w#133 bar0 @0x840118 = 0x614 phase=ProtectedRegionUp
kf3: w#134 bar0 @0x840114 = 0x100 phase=ProtectedRegionUp
kf3: w#135 bar0 @0x84011c = 0x200 phase=ProtectedRegionUp
kf3: w#136 bar0 @0x840118 = 0x614 phase=ProtectedRegionUp
kf3: w#137 bar0 @0x840114 = 0x200 phase=ProtectedRegionUp
kf3: w#138 bar0 @0x84011c = 0x300 phase=ProtectedRegionUp
kf3: w#139 bar0 @0x840118 = 0x614 phase=ProtectedRegionUp
kf3: w#140 bar0 @0x840114 = 0x300 phase=ProtectedRegionUp
kf3: w#141 bar0 @0x84011c = 0x400 phase=ProtectedRegionUp
kf3: w#142 bar0 @0x840118 = 0x614 phase=ProtectedRegionUp
kf3: w#143 bar0 @0x840114 = 0x400 phase=ProtectedRegionUp
kf3: w#144 bar0 @0x84011c = 0x500 phase=ProtectedRegionUp
kf3: w#145 bar0 @0x840118 = 0x614 phase=ProtectedRegionUp
kf3: w#146 bar0 @0x840114 = 0x500 phase=ProtectedRegionUp
kf3: w#147 bar0 @0x84011c = 0x600 phase=ProtectedRegionUp
kf3: w#148 bar0 @0x840118 = 0x614 phase=ProtectedRegionUp
kf3: w#149 bar0 @0x840114 = 0x600 phase=ProtectedRegionUp
kf3: w#150 bar0 @0x84011c = 0x700 phase=ProtectedRegionUp
kf3: w#151 bar0 @0x840118 = 0x614 phase=ProtectedRegionUp
kf3: w#152 bar0 @0x840114 = 0x700 phase=ProtectedRegionUp
kf3: w#153 bar0 @0x84011c = 0x800 phase=ProtectedRegionUp
kf3: w#154 bar0 @0x840118 = 0x614 phase=ProtectedRegionUp
kf3: w#155 bar0 @0x840114 = 0x800 phase=ProtectedRegionUp
kf3: w#156 bar0 @0x84011c = 0x900 phase=ProtectedRegionUp
kf3: w#157 bar0 @0x840118 = 0x614 phase=ProtectedRegionUp
kf3: w#158 bar0 @0x840114 = 0x900 phase=ProtectedRegionUp
kf3: w#159 bar0 @0x84011c = 0xa00 phase=ProtectedRegionUp
kf3: w#160 bar0 @0x840118 = 0x614 phase=ProtectedRegionUp
kf3: w#161 bar0 @0x840114 = 0xa00 phase=ProtectedRegionUp
kf3: w#162 bar0 @0x84011c = 0xb00 phase=ProtectedRegionUp
kf3: w#163 bar0 @0x840118 = 0x614 phase=ProtectedRegionUp
kf3: w#164 bar0 @0x840114 = 0xb00 phase=ProtectedRegionUp
kf3: w#165 bar0 @0x84011c = 0xc00 phase=ProtectedRegionUp
kf3: w#166 bar0 @0x840118 = 0x614 phase=ProtectedRegionUp
kf3: w#167 bar0 @0x840114 = 0xc00 phase=ProtectedRegionUp
kf3: w#168 bar0 @0x84011c = 0xd00 phase=ProtectedRegionUp
kf3: w#169 bar0 @0x840118 = 0x614 phase=ProtectedRegionUp
kf3: w#170 bar0 @0x840114 = 0xd00 phase=ProtectedRegionUp
kf3: w#171 bar0 @0x84011c = 0xe00 phase=ProtectedRegionUp
kf3: w#172 bar0 @0x840118 = 0x614 phase=ProtectedRegionUp
kf3: w#173 bar0 @0x840114 = 0xe00 phase=ProtectedRegionUp
kf3: w#174 bar0 @0x84011c = 0xf00 phase=ProtectedRegionUp
kf3: w#175 bar0 @0x840118 = 0x614 phase=ProtectedRegionUp
kf3: w#176 bar0 @0x840114 = 0xf00 phase=ProtectedRegionUp
kf3: w#177 bar0 @0x84011c = 0x1000 phase=ProtectedRegionUp
kf3: w#178 bar0 @0x840118 = 0x614 phase=ProtectedRegionUp
kf3: w#179 bar0 @0x840114 = 0x1000 phase=ProtectedRegionUp
kf3: w#180 bar0 @0x84011c = 0x1100 phase=ProtectedRegionUp
kf3: w#181 bar0 @0x840118 = 0x614 phase=ProtectedRegionUp
kf3: w#182 bar0 @0x840114 = 0x1100 phase=ProtectedRegionUp
kf3: w#183 bar0 @0x84011c = 0x1200 phase=ProtectedRegionUp
kf3: w#184 bar0 @0x840118 = 0x614 phase=ProtectedRegionUp
kf3: w#185 bar0 @0x840114 = 0x1200 phase=ProtectedRegionUp
kf3: w#186 bar0 @0x84011c = 0x1300 phase=ProtectedRegionUp
kf3: w#187 bar0 @0x840118 = 0x614 phase=ProtectedRegionUp
kf3: w#188 bar0 @0x840114 = 0x1300 phase=ProtectedRegionUp
kf3: w#189 bar0 @0x84011c = 0x1400 phase=ProtectedRegionUp
kf3: w#190 bar0 @0x840118 = 0x614 phase=ProtectedRegionUp
kf3: w#191 bar0 @0x840114 = 0x1400 phase=ProtectedRegionUp
kf3: w#192 bar0 @0x84011c = 0x1500 phase=ProtectedRegionUp
kf3: w#193 bar0 @0x840118 = 0x614 phase=ProtectedRegionUp
kf3: w#194 bar0 @0x840114 = 0x1500 phase=ProtectedRegionUp
kf3: w#195 bar0 @0x84011c = 0x1600 phase=ProtectedRegionUp
kf3: w#196 bar0 @0x840118 = 0x614 phase=ProtectedRegionUp
kf3: w#197 bar0 @0x840114 = 0x1600 phase=ProtectedRegionUp
kf3: w#198 bar0 @0x84011c = 0x1700 phase=ProtectedRegionUp
kf3: w#199 bar0 @0x840118 = 0x614 phase=ProtectedRegionUp
kf3: w#200 bar0 @0x840114 = 0x1700 phase=ProtectedRegionUp
kf3: w#201 bar0 @0x84011c = 0x1800 phase=ProtectedRegionUp
kf3: w#202 bar0 @0x840118 = 0x614 phase=ProtectedRegionUp
kf3: w#203 bar0 @0x840114 = 0x1800 phase=ProtectedRegionUp
kf3: w#204 bar0 @0x84011c = 0x1900 phase=ProtectedRegionUp
kf3: w#205 bar0 @0x840118 = 0x614 phase=ProtectedRegionUp
kf3: w#206 bar0 @0x840114 = 0x1900 phase=ProtectedRegionUp
kf3: w#207 bar0 @0x84011c = 0x1a00 phase=ProtectedRegionUp
kf3: w#208 bar0 @0x840118 = 0x614 phase=ProtectedRegionUp
kf3: w#209 bar0 @0x840114 = 0x1a00 phase=ProtectedRegionUp
kf3: w#210 bar0 @0x84011c = 0x1b00 phase=ProtectedRegionUp
kf3: w#211 bar0 @0x840118 = 0x614 phase=ProtectedRegionUp
kf3: w#212 bar0 @0x840114 = 0x1b00 phase=ProtectedRegionUp
kf3: w#213 bar0 @0x84011c = 0x1c00 phase=ProtectedRegionUp
kf3: w#214 bar0 @0x840118 = 0x614 phase=ProtectedRegionUp
kf3: w#215 bar0 @0x840114 = 0x1c00 phase=ProtectedRegionUp
kf3: w#216 bar0 @0x84011c = 0x1d00 phase=ProtectedRegionUp
kf3: w#217 bar0 @0x840118 = 0x614 phase=ProtectedRegionUp
kf3: w#218 bar0 @0x840114 = 0x1d00 phase=ProtectedRegionUp
kf3: w#219 bar0 @0x84011c = 0x1e00 phase=ProtectedRegionUp
kf3: w#220 bar0 @0x840118 = 0x614 phase=ProtectedRegionUp
kf3: w#221 bar0 @0x840114 = 0x1e00 phase=ProtectedRegionUp
kf3: w#222 bar0 @0x84011c = 0x1f00 phase=ProtectedRegionUp
kf3: w#223 bar0 @0x840118 = 0x614 phase=ProtectedRegionUp
kf3: w#224 bar0 @0x840114 = 0x1f00 phase=ProtectedRegionUp
kf3: w#225 bar0 @0x84011c = 0x2000 phase=ProtectedRegionUp
kf3: w#226 bar0 @0x840118 = 0x614 phase=ProtectedRegionUp
kf3: w#227 bar0 @0x840114 = 0x2000 phase=ProtectedRegionUp
kf3: w#228 bar0 @0x84011c = 0x2100 phase=ProtectedRegionUp
kf3: w#229 bar0 @0x840118 = 0x614 phase=ProtectedRegionUp
kf3: w#230 bar0 @0x840114 = 0x2100 phase=ProtectedRegionUp
kf3: w#231 bar0 @0x84011c = 0x2200 phase=ProtectedRegionUp
kf3: w#232 bar0 @0x840118 = 0x614 phase=ProtectedRegionUp
kf3: w#233 bar0 @0x840114 = 0x2200 phase=ProtectedRegionUp
kf3: w#234 bar0 @0x84011c = 0x2300 phase=ProtectedRegionUp
kf3: w#235 bar0 @0x840118 = 0x614 phase=ProtectedRegionUp
kf3: w#236 bar0 @0x840114 = 0x2300 phase=ProtectedRegionUp
kf3: w#237 bar0 @0x84011c = 0x2400 phase=ProtectedRegionUp
kf3: w#238 bar0 @0x840118 = 0x614 phase=ProtectedRegionUp
kf3: w#239 bar0 @0x840114 = 0x2400 phase=ProtectedRegionUp
kf3: w#240 bar0 @0x84011c = 0x2500 phase=ProtectedRegionUp
kf3: w#241 bar0 @0x840118 = 0x614 phase=ProtectedRegionUp
kf3: w#242 bar0 @0x840114 = 0x2500 phase=ProtectedRegionUp
kf3: w#243 bar0 @0x84011c = 0x2600 phase=ProtectedRegionUp
kf3: w#244 bar0 @0x840118 = 0x614 phase=ProtectedRegionUp
kf3: w#245 bar0 @0x840114 = 0x2600 phase=ProtectedRegionUp
kf3: w#246 bar0 @0x84011c = 0x2700 phase=ProtectedRegionUp
kf3: w#247 bar0 @0x840118 = 0x614 phase=ProtectedRegionUp
kf3: w#248 bar0 @0x840114 = 0x2700 phase=ProtectedRegionUp
kf3: w#249 bar0 @0x84011c = 0x2800 phase=ProtectedRegionUp
kf3: w#250 bar0 @0x840118 = 0x614 phase=ProtectedRegionUp
kf3: w#251 bar0 @0x840114 = 0x2800 phase=ProtectedRegionUp
kf3: w#252 bar0 @0x84011c = 0x2900 phase=ProtectedRegionUp
kf3: w#253 bar0 @0x840118 = 0x614 phase=ProtectedRegionUp
kf3: w#254 bar0 @0x840114 = 0x2900 phase=ProtectedRegionUp
kf3: w#255 bar0 @0x84011c = 0x2a00 phase=ProtectedRegionUp
kf3: w#256 bar0 @0x840118 = 0x614 phase=ProtectedRegionUp
kf3: w#257 bar0 @0x840114 = 0x2a00 phase=ProtectedRegionUp
kf3: w#258 bar0 @0x84011c = 0x2b00 phase=ProtectedRegionUp
kf3: w#259 bar0 @0x840118 = 0x614 phase=ProtectedRegionUp
kf3: w#260 bar0 @0x840114 = 0x2b00 phase=ProtectedRegionUp
kf3: w#261 bar0 @0x84011c = 0x2c00 phase=ProtectedRegionUp
kf3: w#262 bar0 @0x840118 = 0x614 phase=ProtectedRegionUp
kf3: w#263 bar0 @0x840114 = 0x2c00 phase=ProtectedRegionUp
kf3: w#264 bar0 @0x84011c = 0x2d00 phase=ProtectedRegionUp
kf3: w#265 bar0 @0x840118 = 0x614 phase=ProtectedRegionUp
kf3: w#266 bar0 @0x840114 = 0x2d00 phase=ProtectedRegionUp
kf3: w#267 bar0 @0x84011c = 0x2e00 phase=ProtectedRegionUp
kf3: w#268 bar0 @0x840118 = 0x614 phase=ProtectedRegionUp
kf3: w#269 bar0 @0x840114 = 0x2e00 phase=ProtectedRegionUp
kf3: w#270 bar0 @0x84011c = 0x2f00 phase=ProtectedRegionUp
kf3: w#271 bar0 @0x840118 = 0x614 phase=ProtectedRegionUp
kf3: w#272 bar0 @0x840114 = 0x2f00 phase=ProtectedRegionUp
kf3: w#273 bar0 @0x84011c = 0x3000 phase=ProtectedRegionUp
kf3: w#274 bar0 @0x840118 = 0x614 phase=ProtectedRegionUp
kf3: w#275 bar0 @0x840114 = 0x3000 phase=ProtectedRegionUp
kf3: w#276 bar0 @0x84011c = 0x3100 phase=ProtectedRegionUp
kf3: w#277 bar0 @0x840118 = 0x614 phase=ProtectedRegionUp
kf3: w#278 bar0 @0x840114 = 0x3100 phase=ProtectedRegionUp
kf3: w#279 bar0 @0x84011c = 0x3200 phase=ProtectedRegionUp
kf3: w#280 bar0 @0x840118 = 0x614 phase=ProtectedRegionUp
kf3: w#281 bar0 @0x840114 = 0x3200 phase=ProtectedRegionUp
kf3: w#282 bar0 @0x84011c = 0x3300 phase=ProtectedRegionUp
kf3: w#283 bar0 @0x840118 = 0x614 phase=ProtectedRegionUp
kf3: w#284 bar0 @0x840114 = 0x3300 phase=ProtectedRegionUp
kf3: w#285 bar0 @0x84011c = 0x3400 phase=ProtectedRegionUp
kf3: w#286 bar0 @0x840118 = 0x614 phase=ProtectedRegionUp
kf3: w#287 bar0 @0x840114 = 0x3400 phase=ProtectedRegionUp
kf3: w#288 bar0 @0x84011c = 0x3500 phase=ProtectedRegionUp
kf3: w#289 bar0 @0x840118 = 0x614 phase=ProtectedRegionUp
kf3: w#290 bar0 @0x840114 = 0x3500 phase=ProtectedRegionUp
kf3: w#291 bar0 @0x84011c = 0x3600 phase=ProtectedRegionUp
kf3: w#292 bar0 @0x840118 = 0x614 phase=ProtectedRegionUp
kf3: w#293 bar0 @0x840114 = 0x3600 phase=ProtectedRegionUp
kf3: w#294 bar0 @0x84011c = 0x3700 phase=ProtectedRegionUp
kf3: w#295 bar0 @0x840118 = 0x614 phase=ProtectedRegionUp
kf3: w#296 bar0 @0x840114 = 0x3700 phase=ProtectedRegionUp
kf3: w#297 bar0 @0x84011c = 0x3800 phase=ProtectedRegionUp
kf3: w#298 bar0 @0x840118 = 0x614 phase=ProtectedRegionUp
kf3: w#299 bar0 @0x840114 = 0x3800 phase=ProtectedRegionUp
kf3: w#300 bar0 @0x84011c = 0x3900 phase=ProtectedRegionUp
kf3: w#301 bar0 @0x840118 = 0x614 phase=ProtectedRegionUp
kf3: w#302 bar0 @0x840114 = 0x3900 phase=ProtectedRegionUp
kf3: w#303 bar0 @0x84011c = 0x3a00 phase=ProtectedRegionUp
kf3: w#304 bar0 @0x840118 = 0x614 phase=ProtectedRegionUp
kf3: w#305 bar0 @0x840114 = 0x3a00 phase=ProtectedRegionUp
kf3: w#306 bar0 @0x84011c = 0x3b00 phase=ProtectedRegionUp
kf3: w#307 bar0 @0x840118 = 0x614 phase=ProtectedRegionUp
kf3: w#308 bar0 @0x840114 = 0x3b00 phase=ProtectedRegionUp
kf3: w#309 bar0 @0x84011c = 0x3c00 phase=ProtectedRegionUp
kf3: w#310 bar0 @0x840118 = 0x614 phase=ProtectedRegionUp
kf3: w#311 bar0 @0x840114 = 0x3c00 phase=ProtectedRegionUp
kf3: w#312 bar0 @0x84011c = 0x3d00 phase=ProtectedRegionUp
kf3: w#313 bar0 @0x840118 = 0x614 phase=ProtectedRegionUp
kf3: w#314 bar0 @0x840114 = 0x3d00 phase=ProtectedRegionUp
kf3: w#315 bar0 @0x84011c = 0x3e00 phase=ProtectedRegionUp
kf3: w#316 bar0 @0x840118 = 0x614 phase=ProtectedRegionUp
kf3: w#317 bar0 @0x840114 = 0x3e00 phase=ProtectedRegionUp
kf3: w#318 bar0 @0x84011c = 0x3f00 phase=ProtectedRegionUp
kf3: w#319 bar0 @0x840118 = 0x614 phase=ProtectedRegionUp
kf3: w#320 bar0 @0x840114 = 0x3f00 phase=ProtectedRegionUp
kf3: w#321 bar0 @0x84011c = 0x4000 phase=ProtectedRegionUp
kf3: w#322 bar0 @0x840118 = 0x614 phase=ProtectedRegionUp
kf3: w#323 bar0 @0x840114 = 0x4000 phase=ProtectedRegionUp
kf3: w#324 bar0 @0x84011c = 0x4100 phase=ProtectedRegionUp
kf3: w#325 bar0 @0x840118 = 0x614 phase=ProtectedRegionUp
kf3: w#326 bar0 @0x840114 = 0x4100 phase=ProtectedRegionUp
kf3: w#327 bar0 @0x84011c = 0x4200 phase=ProtectedRegionUp
kf3: w#328 bar0 @0x840118 = 0x614 phase=ProtectedRegionUp
kf3: w#329 bar0 @0x840114 = 0x4200 phase=ProtectedRegionUp
kf3: w#330 bar0 @0x84011c = 0x4300 phase=ProtectedRegionUp
kf3: w#331 bar0 @0x840118 = 0x614 phase=ProtectedRegionUp
kf3: w#332 bar0 @0x840114 = 0x4300 phase=ProtectedRegionUp
kf3: w#333 bar0 @0x84011c = 0x4400 phase=ProtectedRegionUp
kf3: w#334 bar0 @0x840118 = 0x614 phase=ProtectedRegionUp
kf3: w#335 bar0 @0x840114 = 0x4400 phase=ProtectedRegionUp
kf3: w#336 bar0 @0x84011c = 0x4500 phase=ProtectedRegionUp
kf3: w#337 bar0 @0x840118 = 0x614 phase=ProtectedRegionUp
kf3: w#338 bar0 @0x840114 = 0x4500 phase=ProtectedRegionUp
kf3: w#339 bar0 @0x84011c = 0x4600 phase=ProtectedRegionUp
kf3: w#340 bar0 @0x840118 = 0x614 phase=ProtectedRegionUp
kf3: w#341 bar0 @0x840114 = 0x4600 phase=ProtectedRegionUp
kf3: w#342 bar0 @0x84011c = 0x4700 phase=ProtectedRegionUp
kf3: w#343 bar0 @0x840118 = 0x614 phase=ProtectedRegionUp
kf3: w#344 bar0 @0x840114 = 0x4700 phase=ProtectedRegionUp
kf3: w#345 bar0 @0x84011c = 0x4800 phase=ProtectedRegionUp
kf3: w#346 bar0 @0x840118 = 0x614 phase=ProtectedRegionUp
kf3: w#347 bar0 @0x840114 = 0x4800 phase=ProtectedRegionUp
kf3: w#348 bar0 @0x84011c = 0x4900 phase=ProtectedRegionUp
kf3: w#349 bar0 @0x840118 = 0x614 phase=ProtectedRegionUp
kf3: w#350 bar0 @0x840114 = 0x4900 phase=ProtectedRegionUp
kf3: w#351 bar0 @0x84011c = 0x4a00 phase=ProtectedRegionUp
kf3: w#352 bar0 @0x840118 = 0x614 phase=ProtectedRegionUp
kf3: w#353 bar0 @0x840114 = 0x4a00 phase=ProtectedRegionUp
kf3: w#354 bar0 @0x84011c = 0x4b00 phase=ProtectedRegionUp
kf3: w#355 bar0 @0x840118 = 0x614 phase=ProtectedRegionUp
kf3: w#356 bar0 @0x840114 = 0x4b00 phase=ProtectedRegionUp
kf3: w#357 bar0 @0x84011c = 0x4c00 phase=ProtectedRegionUp
kf3: w#358 bar0 @0x840118 = 0x614 phase=ProtectedRegionUp
kf3: w#359 bar0 @0x840114 = 0x4c00 phase=ProtectedRegionUp
kf3: w#360 bar0 @0x84011c = 0x4d00 phase=ProtectedRegionUp
kf3: w#361 bar0 @0x840118 = 0x614 phase=ProtectedRegionUp
kf3: w#362 bar0 @0x840114 = 0x4d00 phase=ProtectedRegionUp
kf3: w#363 bar0 @0x84011c = 0x4e00 phase=ProtectedRegionUp
kf3: w#364 bar0 @0x840118 = 0x614 phase=ProtectedRegionUp
kf3: w#365 bar0 @0x840114 = 0x4e00 phase=ProtectedRegionUp
kf3: w#366 bar0 @0x84011c = 0x4f00 phase=ProtectedRegionUp
kf3: w#367 bar0 @0x840118 = 0x614 phase=ProtectedRegionUp
kf3: w#368 bar0 @0x840114 = 0x4f00 phase=ProtectedRegionUp
kf3: w#369 bar0 @0x84011c = 0x5000 phase=ProtectedRegionUp
kf3: w#370 bar0 @0x840118 = 0x614 phase=ProtectedRegionUp
kf3: w#371 bar0 @0x840114 = 0x5000 phase=ProtectedRegionUp
kf3: w#372 bar0 @0x84011c = 0x5100 phase=ProtectedRegionUp
kf3: w#373 bar0 @0x840118 = 0x614 phase=ProtectedRegionUp
kf3: w#374 bar0 @0x840114 = 0x5100 phase=ProtectedRegionUp
kf3: w#375 bar0 @0x84011c = 0x5200 phase=ProtectedRegionUp
kf3: w#376 bar0 @0x840118 = 0x614 phase=ProtectedRegionUp
kf3: w#377 bar0 @0x840114 = 0x5200 phase=ProtectedRegionUp
kf3: w#378 bar0 @0x84011c = 0x5300 phase=ProtectedRegionUp
kf3: w#379 bar0 @0x840118 = 0x614 phase=ProtectedRegionUp
kf3: w#380 bar0 @0x840114 = 0x5300 phase=ProtectedRegionUp
kf3: w#381 bar0 @0x84011c = 0x5400 phase=ProtectedRegionUp
kf3: w#382 bar0 @0x840118 = 0x614 phase=ProtectedRegionUp
kf3: w#383 bar0 @0x840114 = 0x5400 phase=ProtectedRegionUp
kf3: w#384 bar0 @0x84011c = 0x5500 phase=ProtectedRegionUp
kf3: w#385 bar0 @0x840118 = 0x614 phase=ProtectedRegionUp
kf3: w#386 bar0 @0x840114 = 0x5500 phase=ProtectedRegionUp
kf3: w#387 bar0 @0x84011c = 0x5600 phase=ProtectedRegionUp
kf3: w#388 bar0 @0x840118 = 0x614 phase=ProtectedRegionUp
kf3: w#389 bar0 @0x840114 = 0x5600 phase=ProtectedRegionUp
kf3: w#390 bar0 @0x84011c = 0x5700 phase=ProtectedRegionUp
kf3: w#391 bar0 @0x840118 = 0x614 phase=ProtectedRegionUp
kf3: w#392 bar0 @0x840114 = 0x5700 phase=ProtectedRegionUp
kf3: w#393 bar0 @0x84011c = 0x5800 phase=ProtectedRegionUp
kf3: w#394 bar0 @0x840118 = 0x614 phase=ProtectedRegionUp
kf3: w#395 bar0 @0x840114 = 0x5800 phase=ProtectedRegionUp
kf3: w#396 bar0 @0x84011c = 0x5900 phase=ProtectedRegionUp
kf3: w#397 bar0 @0x840118 = 0x614 phase=ProtectedRegionUp
kf3: w#398 bar0 @0x840114 = 0x5900 phase=ProtectedRegionUp
kf3: w#399 bar0 @0x84011c = 0x5a00 phase=ProtectedRegionUp
kf3: w#400 bar0 @0x840118 = 0x614 phase=ProtectedRegionUp
kf3: w#401 bar0 @0x840114 = 0x5a00 phase=ProtectedRegionUp
kf3: w#402 bar0 @0x84011c = 0x5b00 phase=ProtectedRegionUp
kf3: w#403 bar0 @0x840118 = 0x614 phase=ProtectedRegionUp
kf3: w#404 bar0 @0x840114 = 0x5b00 phase=ProtectedRegionUp
kf3: w#405 bar0 @0x84011c = 0x5c00 phase=ProtectedRegionUp
kf3: w#406 bar0 @0x840118 = 0x614 phase=ProtectedRegionUp
kf3: w#407 bar0 @0x840114 = 0x5c00 phase=ProtectedRegionUp
kf3: w#408 bar0 @0x84011c = 0x5d00 phase=ProtectedRegionUp
kf3: w#409 bar0 @0x840118 = 0x614 phase=ProtectedRegionUp
kf3: w#410 bar0 @0x840114 = 0x5d00 phase=ProtectedRegionUp
kf3: w#411 bar0 @0x84011c = 0x5e00 phase=ProtectedRegionUp
kf3: w#412 bar0 @0x840118 = 0x614 phase=ProtectedRegionUp
kf3: w#413 bar0 @0x840114 = 0x5e00 phase=ProtectedRegionUp
kf3: w#414 bar0 @0x84011c = 0x5f00 phase=ProtectedRegionUp
kf3: w#415 bar0 @0x840118 = 0x614 phase=ProtectedRegionUp
kf3: w#416 bar0 @0x840114 = 0x5f00 phase=ProtectedRegionUp
kf3: w#417 bar0 @0x84011c = 0x6000 phase=ProtectedRegionUp
kf3: w#418 bar0 @0x840118 = 0x614 phase=ProtectedRegionUp
kf3: w#419 bar0 @0x840114 = 0x6000 phase=ProtectedRegionUp
kf3: w#420 bar0 @0x84011c = 0x6100 phase=ProtectedRegionUp
kf3: w#421 bar0 @0x840118 = 0x614 phase=ProtectedRegionUp
kf3: w#422 bar0 @0x840114 = 0x6100 phase=ProtectedRegionUp
kf3: w#423 bar0 @0x84011c = 0x6200 phase=ProtectedRegionUp
kf3: w#424 bar0 @0x840118 = 0x614 phase=ProtectedRegionUp
kf3: w#425 bar0 @0x840114 = 0x6200 phase=ProtectedRegionUp
kf3: w#426 bar0 @0x84011c = 0x6300 phase=ProtectedRegionUp
kf3: w#427 bar0 @0x840118 = 0x614 phase=ProtectedRegionUp
kf3: w#428 bar0 @0x840114 = 0x6300 phase=ProtectedRegionUp
kf3: w#429 bar0 @0x84011c = 0x6400 phase=ProtectedRegionUp
kf3: w#430 bar0 @0x840118 = 0x614 phase=ProtectedRegionUp
kf3: w#431 bar0 @0x840114 = 0x6400 phase=ProtectedRegionUp
kf3: w#432 bar0 @0x84011c = 0x6500 phase=ProtectedRegionUp
kf3: w#433 bar0 @0x840118 = 0x614 phase=ProtectedRegionUp
kf3: w#434 bar0 @0x840114 = 0x6500 phase=ProtectedRegionUp
kf3: w#435 bar0 @0x84011c = 0x6600 phase=ProtectedRegionUp
kf3: w#436 bar0 @0x840118 = 0x614 phase=ProtectedRegionUp
kf3: w#437 bar0 @0x840114 = 0x6600 phase=ProtectedRegionUp
kf3: w#438 bar0 @0x84011c = 0x6700 phase=ProtectedRegionUp
kf3: w#439 bar0 @0x840118 = 0x614 phase=ProtectedRegionUp
kf3: w#440 bar0 @0x840114 = 0x6700 phase=ProtectedRegionUp
kf3: w#441 bar0 @0x84011c = 0x6800 phase=ProtectedRegionUp
kf3: w#442 bar0 @0x840118 = 0x614 phase=ProtectedRegionUp
kf3: w#443 bar0 @0x840114 = 0x6800 phase=ProtectedRegionUp
kf3: w#444 bar0 @0x84011c = 0x6900 phase=ProtectedRegionUp
kf3: w#445 bar0 @0x840118 = 0x614 phase=ProtectedRegionUp
kf3: w#446 bar0 @0x840114 = 0x6900 phase=ProtectedRegionUp
kf3: w#447 bar0 @0x84011c = 0x6a00 phase=ProtectedRegionUp
kf3: w#448 bar0 @0x840118 = 0x614 phase=ProtectedRegionUp
kf3: w#449 bar0 @0x840114 = 0x6a00 phase=ProtectedRegionUp
kf3: w#450 bar0 @0x84011c = 0x6b00 phase=ProtectedRegionUp
kf3: w#451 bar0 @0x840118 = 0x614 phase=ProtectedRegionUp
kf3: w#452 bar0 @0x840114 = 0x6b00 phase=ProtectedRegionUp
kf3: w#453 bar0 @0x84011c = 0x6c00 phase=ProtectedRegionUp
kf3: w#454 bar0 @0x840118 = 0x614 phase=ProtectedRegionUp
kf3: w#455 bar0 @0x840114 = 0x6c00 phase=ProtectedRegionUp
kf3: w#456 bar0 @0x84011c = 0x6d00 phase=ProtectedRegionUp
kf3: w#457 bar0 @0x840118 = 0x614 phase=ProtectedRegionUp
kf3: w#458 bar0 @0x840114 = 0x6d00 phase=ProtectedRegionUp
kf3: w#459 bar0 @0x84011c = 0x6e00 phase=ProtectedRegionUp
kf3: w#460 bar0 @0x840118 = 0x614 phase=ProtectedRegionUp
kf3: w#461 bar0 @0x840114 = 0x6e00 phase=ProtectedRegionUp
kf3: w#462 bar0 @0x84011c = 0x6f00 phase=ProtectedRegionUp
kf3: w#463 bar0 @0x840118 = 0x614 phase=ProtectedRegionUp
kf3: w#464 bar0 @0x840114 = 0x6f00 phase=ProtectedRegionUp
kf3: w#465 bar0 @0x84011c = 0x7000 phase=ProtectedRegionUp
kf3: w#466 bar0 @0x840118 = 0x614 phase=ProtectedRegionUp
kf3: w#467 bar0 @0x840114 = 0x7000 phase=ProtectedRegionUp
kf3: w#468 bar0 @0x84011c = 0x7100 phase=ProtectedRegionUp
kf3: w#469 bar0 @0x840118 = 0x614 phase=ProtectedRegionUp
kf3: w#470 bar0 @0x840114 = 0x7100 phase=ProtectedRegionUp
kf3: w#471 bar0 @0x84011c = 0x7200 phase=ProtectedRegionUp
kf3: w#472 bar0 @0x840118 = 0x614 phase=ProtectedRegionUp
kf3: w#473 bar0 @0x840114 = 0x7200 phase=ProtectedRegionUp
kf3: w#474 bar0 @0x84011c = 0x7300 phase=ProtectedRegionUp
kf3: w#475 bar0 @0x840118 = 0x614 phase=ProtectedRegionUp
kf3: w#476 bar0 @0x840114 = 0x7300 phase=ProtectedRegionUp
kf3: w#477 bar0 @0x84011c = 0x7400 phase=ProtectedRegionUp
kf3: w#478 bar0 @0x840118 = 0x614 phase=ProtectedRegionUp
kf3: w#479 bar0 @0x840114 = 0x7400 phase=ProtectedRegionUp
kf3: w#480 bar0 @0x84011c = 0x7500 phase=ProtectedRegionUp
kf3: w#481 bar0 @0x840118 = 0x614 phase=ProtectedRegionUp
kf3: w#482 bar0 @0x840114 = 0x7500 phase=ProtectedRegionUp
kf3: w#483 bar0 @0x84011c = 0x7600 phase=ProtectedRegionUp
kf3: w#484 bar0 @0x840118 = 0x614 phase=ProtectedRegionUp
kf3: w#485 bar0 @0x840114 = 0x7600 phase=ProtectedRegionUp
kf3: w#486 bar0 @0x84011c = 0x7700 phase=ProtectedRegionUp
kf3: w#487 bar0 @0x840118 = 0x614 phase=ProtectedRegionUp
kf3: w#488 bar0 @0x840114 = 0x7700 phase=ProtectedRegionUp
kf3: w#489 bar0 @0x84011c = 0x7800 phase=ProtectedRegionUp
kf3: w#490 bar0 @0x840118 = 0x614 phase=ProtectedRegionUp
kf3: w#491 bar0 @0x840114 = 0x7800 phase=ProtectedRegionUp
kf3: w#492 bar0 @0x84011c = 0x7900 phase=ProtectedRegionUp
kf3: w#493 bar0 @0x840118 = 0x614 phase=ProtectedRegionUp
kf3: w#494 bar0 @0x840114 = 0x7900 phase=ProtectedRegionUp
kf3: w#495 bar0 @0x84011c = 0x7a00 phase=ProtectedRegionUp
kf3: w#496 bar0 @0x840118 = 0x614 phase=ProtectedRegionUp
kf3: w#497 bar0 @0x840114 = 0x7a00 phase=ProtectedRegionUp
kf3: w#498 bar0 @0x84011c = 0x7b00 phase=ProtectedRegionUp
kf3: w#499 bar0 @0x840118 = 0x614 phase=ProtectedRegionUp
kf3: w#500 bar0 @0x840114 = 0x7b00 phase=ProtectedRegionUp
kf3: w#501 bar0 @0x84011c = 0x7c00 phase=ProtectedRegionUp
kf3: w#502 bar0 @0x840118 = 0x614 phase=ProtectedRegionUp
kf3: w#503 bar0 @0x840114 = 0x7c00 phase=ProtectedRegionUp
kf3: w#504 bar0 @0x84011c = 0x7d00 phase=ProtectedRegionUp
kf3: w#505 bar0 @0x840118 = 0x614 phase=ProtectedRegionUp
kf3: w#506 bar0 @0x840114 = 0x7d00 phase=ProtectedRegionUp
kf3: w#507 bar0 @0x84011c = 0x7e00 phase=ProtectedRegionUp
kf3: w#508 bar0 @0x840118 = 0x614 phase=ProtectedRegionUp
kf3: w#509 bar0 @0x840114 = 0x7e00 phase=ProtectedRegionUp
kf3: w#510 bar0 @0x84011c = 0x7f00 phase=ProtectedRegionUp
kf3: w#511 bar0 @0x840118 = 0x614 phase=ProtectedRegionUp
kf3: GSP phase ProtectedRegionUp -> Booted
kf3: GSP rpc SetGuestSystemInfo seq=0
kf3: GSP phase Booted -> Running
kf3: GSP rpc GetGspStaticInfo seq=1
kf3: GSP rpc InitGspTraceCrashBuffer seq=2
kf3: GSP rpc RmControl seq=3
kf3: GSP rpc RmControl seq=4
kf3: GSP rpc RmControl seq=5
kf3: GSP rpc RmControl seq=6
kf3: GSP rpc RmControl seq=7
kf3: GSP rpc UNSERVICED Unserviced { code: 76, sequence: 7 }
kf3: GSP REFUSED fn76/0x20800a87=0x56 (GSP_RM_CONTROL) first_seq=7 — the guest read a non-OK status
kf3: GSP rpc RmControl seq=8
kf3: GSP rpc RmControl seq=9
kf3: GSP rpc RmControl seq=10
kf3: GSP rpc RmControl seq=11
kf3: GSP rpc RmControl seq=12
kf3: GSP rpc RmControl seq=13
kf3: GSP rpc UNSERVICED Unserviced { code: 76, sequence: 13 }
kf3: GSP REFUSED fn76/0x20800a4b=0x56 (GSP_RM_CONTROL) first_seq=13 — the guest read a non-OK status
kf3: GSP rpc RmControl seq=14
kf3: GSP rpc RmControl seq=15
kf3: GSP rpc RmControl seq=16
kf3: GSP rpc RmControl seq=17
kf3: GSP rpc RmControl seq=18
kf3: GSP rpc RmControl seq=19
kf3: GSP rpc RmControl seq=20
kf3: GSP rpc UNSERVICED Unserviced { code: 76, sequence: 20 }
kf3: GSP REFUSED fn76/0x20800afe=0x56 (GSP_RM_CONTROL) first_seq=20 — the guest read a non-OK status
kf3: GSP rpc RmControl seq=21
kf3: GSP rpc UNSERVICED Unserviced { code: 76, sequence: 21 }
kf3: GSP REFUSED fn76/0x20800aff=0x56 (GSP_RM_CONTROL) first_seq=21 — the guest read a non-OK status
kf-rm: chanlink: client 0xc1e00003 root: kernel=true internal=true
kf3: GSP rpc RmAlloc seq=22
kf3: GSP rpc RmAlloc seq=23
kf3: GSP rpc RmAlloc seq=24
kf3: GSP rpc RmAlloc seq=25
kf3: GSP rpc RmControl seq=26
kf3: GSP rpc RmControl seq=27
kayfabe: HELD-REPLY fn=UpdateBarPde depth=1 — this map reply WAITS for its rows
kf3: GSP rpc UpdateBarPde seq=28
kf3: mem t=17.508s fn70 Bar2 entry=0x1efbc302 shift=47 -> our root @0x1f3392000, walk scheduled
kf3: mem t=17.509s walk reconciled [0xffffffff00000002:+0-0r0] completed=[] unreconciled=[]
kayfabe: HELD-REPLY-POSTED n=1 — their rows are on the host now
kayfabe: HELD-REPLY fn=RmControl depth=1 — this map reply WAITS for its rows
kf3: GSP rpc RmControl seq=29
kf3: mem t=17.510s sysmembar #1: host FB_FLUSH_GPU_CACHE(FB_FLUSH_YES) in 331 us
kayfabe: HELD-REPLY-POSTED n=1 — their rows are on the host now
kf3: mem t=17.511s walk reconciled [0xffffffff00000002:+1-0r0] completed=[(0, Cleared)] unreconciled=[]
kayfabe: HELD-REPLY fn=RmControl depth=1 — this map reply WAITS for its rows
kf3: GSP rpc RmControl seq=30
kf3: mem t=17.512s sysmembar #2: host FB_FLUSH_GPU_CACHE(FB_FLUSH_YES) in 267 us
kayfabe: HELD-REPLY-POSTED n=1 — their rows are on the host now
kf3: mem t=17.513s walk reconciled [0xffffffff00000002:+1-0r0] completed=[(1, Cleared)] unreconciled=[]
kf3: mem t=17.513s walk reconciled [0xffffffff00000002:+1-0r0] completed=[(2, Cleared)] unreconciled=[]
kf3: GSP rpc RmControl seq=31
kf3: GSP rpc RmControl seq=32
kf3: GSP rpc RmControl seq=33
kf3: GSP rpc RmControl seq=34
kf3: GSP rpc UNSERVICED Unserviced { code: 76, sequence: 34 }
kf3: GSP REFUSED fn76/0x20800a80=0x56 (GSP_RM_CONTROL) first_seq=34 — the guest read a non-OK status
kf3: GSP rpc RmControl seq=35
kf-rm: chanlink: client 0xc1e00004 root: kernel=true internal=true
kf3: GSP rpc RmAlloc seq=36
kf3: GSP rpc RmAlloc seq=37
kf3: GSP rpc RmAlloc seq=38
kf3: GSP rpc RmControl seq=39
kf3: GSP rpc UNSERVICED Unserviced { code: 76, sequence: 39 }
kf3: GSP rpc RmControl seq=40
kf3: GSP rpc UNSERVICED Unserviced { code: 76, sequence: 40 }
kf3: GSP REFUSED fn76/0x20802a0f=0x56 (GSP_RM_CONTROL) first_seq=40 — the guest read a non-OK status
kf3: mem t=17.558s walk reconciled [0xffffffff00000002:+1-1r0] completed=[(3, Cleared)] unreconciled=[]
kf3: mem t=17.558s walk reconciled [0xffffffff00000002:+1-0r0] completed=[(4, Cleared)] unreconciled=[]
kf3: mem t=17.559s walk reconciled [0xffffffff00000002:+1-0r0] completed=[(5, Cleared)] unreconciled=[]
kf3: GSP rpc RmControl seq=41
kf3: GSP rpc UNSERVICED Unserviced { code: 76, sequence: 41 }
kf3: GSP REFUSED fn76/0x2080017e=0x56 (GSP_RM_CONTROL) first_seq=41 — the guest read a non-OK status
kf3: GSP rpc RmControl seq=42
kf3: mem t=17.562s walk reconciled [0xffffffff00000002:+1-0r0] completed=[(6, Cleared)] unreconciled=[]
kf3: mem t=17.562s walk reconciled [0xffffffff00000002:+1-0r0] completed=[(7, Cleared)] unreconciled=[]
kf3: mem t=17.563s walk reconciled [0xffffffff00000002:+1-0r0] completed=[(8, Cleared)] unreconciled=[]
kf3: mem t=17.564s walk reconciled [0xffffffff00000002:+1-0r0] completed=[(9, Cleared)] unreconciled=[]
kf3: GSP rpc RmControl seq=43
kf3: mem t=17.564s walk reconciled [0xffffffff00000002:+1-0r0] completed=[(10, Cleared)] unreconciled=[]
kf3: mem t=17.565s walk reconciled [0xffffffff00000002:+1-0r0] completed=[(11, Cleared)] unreconciled=[]
kf3: mem t=17.566s walk reconciled [0xffffffff00000002:+1-0r0] completed=[(12, Cleared)] unreconciled=[]
kf3: mem t=17.566s walk reconciled [0xffffffff00000002:+1-0r0] completed=[(13, Cleared)] unreconciled=[]
kf3: mem t=17.567s walk reconciled [0xffffffff00000002:+1-0r0] completed=[(15, Cleared)] unreconciled=[]
kf3: mem t=17.568s walk reconciled [0xffffffff00000001:+0-0r0] completed=[(16, Cleared)] unreconciled=[]
kf-rm: chanlink: client 0xc1e00005 root: kernel=true internal=true
kf3: GSP rpc RmAlloc seq=44
kf3: GSP rpc RmAlloc seq=45
kf3: GSP rpc RmAlloc seq=46
kf3: GSP rpc RmControl seq=47
kf3: GSP rpc RmControl seq=48
kf3: GSP rpc RmControl seq=49
kf3: GSP rpc RmControl seq=50
kf3: GSP rpc RmControl seq=51
kf3: GSP rpc UNSERVICED Unserviced { code: 76, sequence: 51 }
kf3: GSP REFUSED fn76/0x20800a30=0x56 (GSP_RM_CONTROL) first_seq=51 — the guest read a non-OK status
kf3: GSP rpc RmControl seq=52
kf3: GSP rpc RmControl seq=53
kf3: GSP rpc UNSERVICED Unserviced { code: 76, sequence: 53 }
kf3: GSP REFUSED fn76/0x20800a2e=0x56 (GSP_RM_CONTROL) first_seq=53 — the guest read a non-OK status
kf3: GSP rpc RmControl seq=54
kf3: GSP rpc RmControl seq=55
kf3: GSP rpc UNSERVICED Unserviced { code: 76, sequence: 55 }
kf3: GSP REFUSED fn76/0x20800b03=0x56 (GSP_RM_CONTROL) first_seq=55 — the guest read a non-OK status
kf3: GSP rpc RmControl seq=56
kf3: GSP rpc UNSERVICED Unserviced { code: 76, sequence: 56 }
kf3: GSP REFUSED fn76/0x20800b05=0x56 (GSP_RM_CONTROL) first_seq=56 — the guest read a non-OK status
kf3: GSP rpc RmControl seq=57
kf3: GSP rpc RmControl seq=58
kf3: GSP rpc UNSERVICED Unserviced { code: 76, sequence: 58 }
kf3: GSP REFUSED fn76/0x20800a3f=0x56 (GSP_RM_CONTROL) first_seq=58 — the guest read a non-OK status
kf3: GSP rpc RmControl seq=59
kf3: GSP rpc RmControl seq=60
kf3: GSP rpc Free seq=61
kf3: GSP rpc Free seq=62
kf3: GSP rpc Free seq=63
kf3: mem t=17.571s walk reconciled [0xffffffff00000001:+0-0r0] completed=[(17, Cleared)] unreconciled=[]
kf3: mem t=17.571s walk reconciled [0xffffffff00000002:+0-0r0] completed=[(18, Cleared)] unreconciled=[]
kf3: mem t=17.572s walk reconciled [0xffffffff00000001:+1-0r0] completed=[(19, Cleared)] unreconciled=[]
kf-rm: chanlink: client 0xc1e00006 root: kernel=true internal=true
kf3: GSP rpc RmAlloc seq=64
kf3: GSP rpc RmAlloc seq=65
kf3: GSP rpc RmAlloc seq=66
kf3: mem t=17.575s walk reconciled [0xffffffff00000002:+1-0r0] completed=[(20, Cleared)] unreconciled=[]
kf3: mem t=17.576s walk reconciled [0xffffffff00000002:+1-0r0] completed=[(21, Cleared)] unreconciled=[]
kf3: mem t=17.577s walk reconciled [0xffffffff00000002:+1-0r0] completed=[(22, Cleared)] unreconciled=[]
kf3: mem t=17.577s walk reconciled [0xffffffff00000002:+1-0r0] completed=[(23, Cleared)] unreconciled=[]
kf-rm: chanlink: FERMI_VASPACE_A 0xc1e00006:0xc under 0xa (device default for it: 0xc)
kf3: GSP rpc RmAlloc seq=67
kayfabe: HELD-REPLY fn=RmControl depth=1 — this map reply WAITS for its rows
kf3: GSP rpc RmControl seq=68
kf3: mem t=17.578s pagedir VasKey(13970166069873082380) root=0x1efba5000 First
kf3: mem t=17.578s walk reconciled [0xc1e000060000000c:+0-0r0] completed=[] unreconciled=[]
kayfabe: HELD-REPLY-POSTED n=1 — their rows are on the host now
kf3: GSP rpc Free seq=69
kf3: mem t=17.579s walk reconciled [0xffffffff00000002:+1-0r0] completed=[(24, Cleared)] unreconciled=[]
kf3: mem t=17.579s walk reconciled [0xffffffff00000002:+1-0r0] completed=[(25, Cleared)] unreconciled=[]
kf3: mem t=17.580s walk reconciled [0xffffffff00000002:+1-0r0] completed=[(26, Cleared)] unreconciled=[]
kf-host: map_scattered 9 pieces 0x6d000 bytes: stitch 96 us, descriptor 256 us, hand view to reaper 124 us, map 342 us
kf3: mem t=17.581s walk reconciled [0xc1e000060000000c:+9-0r0] completed=[(27, Cleared)] unreconciled=[]
kf3: mem t=17.582s walk reconciled [0xc1e000060000000c:+1-0r0] completed=[(28, Cleared)] unreconciled=[]
kf3: GSP rpc RmControl seq=70
kf3: mem t=17.583s walk reconciled [0xffffffff00000002:+1-0r0] completed=[(29, Cleared)] unreconciled=[]
kayfabe: HELD-REPLY fn=RmAlloc depth=1 — this map reply WAITS for its rows
kf3: GSP rpc RmAlloc seq=71
kf3: act birth translated: chan 0xc1e00006:0x2 BORN Translated: token 0x801 -> host 0x10018 in VasKey(13970166069873082380) gpfifo=0x120064000x4096 userd=Some(Framebuffer { base: 8254128128, size: 512 }) engine=0xb tsg=None kernel_by=PRIVILEGE=KERNEL rm-internal ring_va=0xff00000000 userd_at_birth(GP_PUT,GP_GET)=(Some(0), Some(0)) zeroed=512B (4588 us, off the GSP lock)
kayfabe: HELD-REPLY-POSTED n=1 — their rows are on the host now
kf3: mem t=17.589s walk reconciled [0xffffffff00000001:+0-0r0] completed=[(30, Cleared)] unreconciled=[]
kf3: mem t=17.590s walk reconciled [0xffffffff00000002:+1-0r0] completed=[(31, Cleared)] unreconciled=[]
kf3: mem t=17.591s walk reconciled [0xffffffff00000001:+1-0r0] completed=[(32, Cleared)] unreconciled=[]
kf3: GSP rpc RmAlloc seq=72
kf3: chan 0xc1e00006:0x2 GPFIFO_SCHEDULE enable=true (token 0x801, host 0x10018)
kf3: GSP rpc RmControl seq=73
kf3: GSP rpc RmAlloc seq=74
kf3: GSP rpc RmControl seq=75
kf-rm: chanlink: client 0xc1e00007 root: kernel=true internal=true
kf3: GSP rpc RmAlloc seq=76
kf3: GSP rpc RmAlloc seq=77
kf3: GSP rpc RmAlloc seq=78
kf-rm: chanlink: FERMI_VASPACE_A 0xc1e00007:0xa under 0xb (device default for it: 0xa)
kf3: GSP rpc RmAlloc seq=79
kf3: chan token 0x801: GP_PUT=0 at USERD+0x0+0x8c; non-zero words in its page: []
kf3: mem t=17.599s walk reconciled [0xffffffff00000002:+1-0r0] completed=[(33, Cleared)] unreconciled=[]
kf3: mem t=17.600s walk reconciled [0xffffffff00000002:+1-0r0] completed=[(34, Cleared)] unreconciled=[]
kf3: mem t=17.601s walk reconciled [0xffffffff00000002:+1-0r0] completed=[(35, Cleared)] unreconciled=[]
kf3: mem t=17.602s walk reconciled [0xffffffff00000002:+1-0r0] completed=[(36, Cleared)] unreconciled=[]
kayfabe: HELD-REPLY fn=RmControl depth=1 — this map reply WAITS for its rows
kf3: GSP rpc RmControl seq=80
kf3: mem t=17.602s pagedir VasKey(13970166074168049674) root=0x1efa6c000 First
kf3: mem t=17.602s walk reconciled [0xc1e000070000000a:+0-0r0] completed=[] unreconciled=[]
kayfabe: HELD-REPLY-POSTED n=1 — their rows are on the host now
kf3: mem t=17.603s walk reconciled [0xffffffff00000002:+1-0r0] completed=[(37, Cleared)] unreconciled=[]
kf3: mem t=17.604s walk reconciled [0xffffffff00000002:+1-0r0] completed=[(38, Cleared)] unreconciled=[]
kf3: mem t=17.605s walk reconciled [0xffffffff00000002:+1-0r0] completed=[(39, Cleared)] unreconciled=[]
kf3: mem t=17.605s walk reconciled [0xffffffff00000002:+1-0r0] completed=[(40, Cleared)] unreconciled=[]
kf3: mem t=17.606s walk reconciled [0xffffffff00000002:+1-0r0] completed=[(41, Cleared)] unreconciled=[]
kf3: mem t=17.607s walk reconciled [0xffffffff00000002:+1-0r0] completed=[(42, Cleared)] unreconciled=[]
kf3: mem t=17.607s walk reconciled [0xffffffff00000002:+1-0r0] completed=[(43, Cleared)] unreconciled=[]
kf3: mem t=17.609s walk reconciled [0xffffffff00000002:+1-0r0] completed=[(44, Cleared)] unreconciled=[]
kf3: mem t=17.610s walk reconciled [0xffffffff00000002:+1-0r0] completed=[(45, Cleared)] unreconciled=[]
kf3: mem t=17.610s walk reconciled [0xffffffff00000002:+1-0r0] completed=[(46, Cleared)] unreconciled=[]
kf3: mem t=17.611s walk reconciled [0xffffffff00000002:+1-0r0] completed=[(47, Cleared)] unreconciled=[]
kf3: mem t=17.612s walk reconciled [0xffffffff00000002:+1-0r0] completed=[(48, Cleared)] unreconciled=[]
kf3: mem t=17.612s walk reconciled [0xffffffff00000002:+1-0r0] completed=[(49, Cleared)] unreconciled=[]
kf3: mem t=17.613s walk reconciled [0xffffffff00000002:+1-0r0] completed=[(50, Cleared)] unreconciled=[]
kf3: mem t=17.614s walk reconciled [0xffffffff00000002:+1-0r0] completed=[(51, Cleared)] unreconciled=[]
kf3: mem t=17.614s walk reconciled [0xffffffff00000002:+1-0r0] completed=[(52, Cleared)] unreconciled=[]
kf3: mem t=17.857s walk reconciled [0xc1e000070000000a:+2-0r0] completed=[(53, Cleared)] unreconciled=[]
kf3: mem t=17.864s walk reconciled [0xffffffff00000002:+1-0r0] completed=[(54, Cleared)] unreconciled=[]
kf3: mem t=17.865s walk reconciled [0xffffffff00000002:+1-0r0] completed=[(55, Cleared)] unreconciled=[]
kf3: mem t=17.866s walk reconciled [0xffffffff00000002:+1-0r0] completed=[(56, Cleared)] unreconciled=[]
kf3: mem t=17.867s walk reconciled [0xc1e000070000000a:+1-0r0] completed=[(57, Cleared)] unreconciled=[]
kf3: mem t=17.867s walk reconciled [0xc1e000070000000a:+1-0r0] completed=[(58, Cleared)] unreconciled=[]
kf3: GSP rpc RmControl seq=81
kf3: mem t=17.868s walk reconciled [0xffffffff00000002:+1-0r0] completed=[(59, Cleared)] unreconciled=[]
kayfabe: HELD-REPLY fn=RmAlloc depth=1 — this map reply WAITS for its rows
kf3: GSP rpc RmAlloc seq=82
kf3: act birth translated: chan 0xc1e00007:0x2 BORN Translated: token 0x802 -> host 0x10019 in VasKey(13970166074168049674) gpfifo=0x320064000x4096 userd=Some(Framebuffer { base: 8254193664, size: 512 }) engine=0xb tsg=None kernel_by=PRIVILEGE=KERNEL rm-internal ring_va=0xff00000000 userd_at_birth(GP_PUT,GP_GET)=(Some(0), Some(0)) zeroed=512B (4910 us, off the GSP lock)
kayfabe: HELD-REPLY-POSTED n=1 — their rows are on the host now
kf3: mem t=17.874s walk reconciled [0xffffffff00000002:+1-0r0] completed=[(60, Cleared)] unreconciled=[]
kf3: GSP rpc RmAlloc seq=83
kf3: chan 0xc1e00007:0x2 BIND engine=0xb (host 0x10019)
kf3: GSP rpc RmControl seq=84
kf3: chan 0xc1e00007:0x2 GPFIFO_SCHEDULE enable=true (token 0x802, host 0x10019)
kf3: GSP rpc RmControl seq=85
kf3: GSP rpc RmAlloc seq=86
kf3: GSP rpc RmControl seq=87
kf3: chan token 0x802: GP_PUT=0 at USERD+0x0+0x8c; non-zero words in its page: []
kf3: mem t=17.883s walk reconciled [0xffffffff00000002:+1-0r0] completed=[(61, Cleared)] unreconciled=[]
kf-rm: chanlink: client 0xc1e00008 root: kernel=true internal=true
kf3: GSP rpc RmAlloc seq=88
kf3: GSP rpc RmAlloc seq=89
kf3: GSP rpc RmAlloc seq=90
kf-rm: chanlink: FERMI_VASPACE_A 0xc1e00008:0xbaba0042 under 0xcaf00000 (device default for it: 0xbaba0042)
kf3: GSP rpc RmAlloc seq=91
kf3: mem t=17.884s walk reconciled [0xffffffff00000002:+0-0r0] completed=[(62, Cleared)] unreconciled=[]
kf3: mem t=17.885s walk reconciled [0xffffffff00000002:+1-0r0] completed=[(63, Cleared)] unreconciled=[]
kf3: mem t=17.885s walk reconciled [0xffffffff00000002:+1-0r0] completed=[(64, Cleared)] unreconciled=[]
kf3: mem t=17.886s walk reconciled [0xffffffff00000002:+1-0r0] completed=[(65, Cleared)] unreconciled=[]
kayfabe: HELD-REPLY fn=RmControl depth=1 — this map reply WAITS for its rows
kf3: GSP rpc RmControl seq=92
kf3: mem t=17.886s pagedir VasKey(13970166081595768898) root=0x1efa54000 First
kf3: mem t=17.886s walk reconciled [0xc1e00008baba0042:+0-0r0] completed=[] unreconciled=[]
kayfabe: HELD-REPLY-POSTED n=1 — their rows are on the host now
kf3: mem t=17.888s walk reconciled [0xffffffff00000002:+1-0r0] completed=[(66, Cleared)] unreconciled=[]
kf3: mem t=17.888s walk reconciled [0xffffffff00000002:+1-0r0] completed=[(67, Cleared)] unreconciled=[]
kf3: mem t=17.889s walk reconciled [0xffffffff00000002:+1-0r0] completed=[(68, Cleared)] unreconciled=[]
kf3: GSP rpc RmControl seq=93
kf3: mem t=17.890s walk reconciled [0xffffffff00000002:+1-0r0] completed=[(69, Cleared)] unreconciled=[]
kf3: chan 0xc1e00008:0xbaba0045 class=0xc56f engine=0x1 kernel=true vaspace=Some(baba0042) chid=Some(3) — a KERNEL non-CE channel: not born (kernel GR is P7)
kf3: GSP rpc RmAlloc seq=94
kf3: VasKey(13970166081595768898) root 0x1efa54000: 1 privileged run(s) mirrored — a guest-kernel space or CPU window
kf3: mem t=17.891s walk reconciled [0xc1e00008baba0042:+1-0r0] completed=[(70, Cleared)] unreconciled=[]
kf3: VasKey(13970166081595768898) root 0x1efa54000: 1 privileged run(s) mirrored — a guest-kernel space or CPU window
kf3: mem t=17.892s walk reconciled [0xc1e00008baba0042:+1-0r0] completed=[(71, Cleared)] unreconciled=[]
kf3: mem t=17.892s walk reconciled [0xc1e00008baba0042:+1-0r0] completed=[(72, Cleared)] unreconciled=[]
kf3: mem t=17.893s walk reconciled [0xc1e00008baba0042:+1-0r0] completed=[(73, Cleared)] unreconciled=[]
kf3: VasKey(13970166081595768898) root 0x1efa54000: 1 privileged run(s) mirrored — a guest-kernel space or CPU window
kf3: mem t=17.893s walk reconciled [0xc1e00008baba0042:+1-0r0] completed=[(74, Cleared)] unreconciled=[]
kf3: VasKey(13970166081595768898) root 0x1efa54000: 1 privileged run(s) mirrored — a guest-kernel space or CPU window
kf3: mem t=17.894s walk reconciled [0xc1e00008baba0042:+1-0r0] completed=[(75, Cleared)] unreconciled=[]
kf3: VasKey(13970166081595768898) root 0x1efa54000: 1 privileged run(s) mirrored — a guest-kernel space or CPU window
kf3: mem t=17.895s walk reconciled [0xc1e00008baba0042:+1-0r0] completed=[(76, Cleared)] unreconciled=[]
kf3: mem t=17.896s walk reconciled [0xffffffff00000002:+1-0r0] completed=[(77, Cleared)] unreconciled=[]
kf3: VasKey(13970166081595768898) root 0x1efa54000: 1 privileged run(s) mirrored — a guest-kernel space or CPU window
kf3: mem t=17.896s walk reconciled [0xc1e00008baba0042:+1-0r0] completed=[(78, Cleared)] unreconciled=[]
kf-rm: chanlink: GPU_PROMOTE_CTX on 0xc1e00008:0xcaf00001 params=560 rpc_flags=0x0
kf3: chan 0xc1e00008:0xbaba0045 GPU_PROMOTE_CTX: no passthrough twin — not ours (entries=9)
kf3: GSP rpc RmControl seq=95
kf3: GSP rpc UNSERVICED Unserviced { code: 76, sequence: 95 }
kf3: GSP REFUSED fn76/0x2080012b=0x56 (GSP_RM_CONTROL) first_seq=95 — the guest read a non-OK status
kf3: mem t=17.907s walk reconciled [0xc1e00008baba0042:+0-1r0] completed=[(79, Cleared)] unreconciled=[]
kf3: GSP rpc Free seq=96
kf3: mem t=17.919s walk reconciled [0xc1e00008baba0042:+0-1r0] completed=[(80, Cleared)] unreconciled=[]
kf3: mem t=17.919s walk reconciled [0xc1e00008baba0042:+0-1r0] completed=[(81, Cleared)] unreconciled=[]
kf3: mem t=17.920s walk reconciled [0xc1e00008baba0042:+0-1r0] completed=[(82, Cleared)] unreconciled=[]
kf3: mem t=17.934s walk reconciled [0xc1e00008baba0042:+0-0r0] completed=[(83, Cleared)] unreconciled=[]
kf3: mem t=17.935s walk reconciled [0xc1e00008baba0042:+0-1r0] completed=[(84, Cleared)] unreconciled=[]
kf3: mem t=17.936s walk reconciled [0xc1e00008baba0042:+0-1r0] completed=[(85, Cleared)] unreconciled=[]
kf3: mem t=17.937s walk reconciled [0xc1e00008baba0042:+0-1r0] completed=[(86, Cleared)] unreconciled=[]
kf3: mem t=17.938s walk reconciled [0xc1e00008baba0042:+0-1r0] completed=[(87, Cleared)] unreconciled=[]
kf3: GSP rpc Free seq=97
kf3: mem t=17.938s retire VasKey(13970166081595768898): 0 row(s) unmapped (0 refused) in 2 us, 0 host call(s), host space 0xcafe0011 kept as a spare — host RM over its life: 8 map call(s) (8 per-run, 0 batch(es) x2 carrying 0 runs, 0 batch(es) refused) in 0 ms; 8 unmap call(s) (0 range(s)) + 0 free(s) in 0 ms
kf3: GSP rpc Free seq=98
kf3: GSP rpc Free seq=99
kf3: GSP rpc Free seq=100
kf3: GSP rpc RmControl seq=101
kf3: GSP rpc UNSERVICED Unserviced { code: 76, sequence: 101 }
kf3: GSP REFUSED fn76/0x2080013f=0x56 (GSP_RM_CONTROL) first_seq=101 — the guest read a non-OK status
kf-rm: chanlink: client 0xc1d00009 root: kernel=true internal=false
kf3: GSP rpc RmAlloc seq=102
kf3: GSP rpc RmAlloc seq=103
kf3: GSP rpc RmAlloc seq=104
kf3: GSP rpc RmAlloc seq=105
kf3: mem t=17.955s walk reconciled [0xffffffff00000002:+0-0r0] completed=[(88, Cleared)] unreconciled=[]
kf3: mem t=17.955s walk reconciled [0xffffffff00000002:+0-0r0] completed=[(89, Cleared)] unreconciled=[]
kf3: mem t=17.956s walk reconciled [0xffffffff00000002:+0-0r0] completed=[(90, Cleared)] unreconciled=[]
kf3: mem t=17.956s walk reconciled [0xffffffff00000002:+0-0r0] completed=[(91, Cleared)] unreconciled=[]
kf-rm: chanlink: FERMI_VASPACE_A 0xc1d00009:0xcaf00000 under 0x31415903 (device default for it: 0xcaf00000)
kf3: GSP rpc RmAlloc seq=106
kayfabe: HELD-REPLY fn=RmControl depth=1 — this map reply WAITS for its rows
kf3: GSP rpc RmControl seq=107
kf3: mem t=17.957s pagedir VasKey(13965662486535340032) root=0x1efa54000 First
kf3: mem t=17.957s walk reconciled [0xc1d00009caf00000:+0-0r0] completed=[] unreconciled=[]
kayfabe: HELD-REPLY-POSTED n=1 — their rows are on the host now
kf3: GSP rpc Free seq=108
kf3: mem t=17.958s walk reconciled [0xffffffff00000002:+0-0r0] completed=[(92, Cleared)] unreconciled=[]
kf3: mem t=17.958s walk reconciled [0xffffffff00000002:+0-0r0] completed=[(93, Cleared)] unreconciled=[]
kf3: mem t=17.959s walk reconciled [0xc1d00009caf00000:+1-0r0] completed=[(94, Cleared)] unreconciled=[]
kf3: GSP rpc RmControl seq=109
kf3: mem t=17.960s walk reconciled [0xffffffff00000002:+0-0r0] completed=[(95, Cleared)] unreconciled=[]
kf-rm: RPC-REFUSED #1 AllocClassNotPermitted { class: 50031, denial: NotOnAllowlist } ⇒ answered NV_ERR_NOT_SUPPORTED (0x56). ⊘ The guest sees only the status; this line is the only place the REASON exists. (printing the first 24; the total rides the refusal census)
kf3: GSP rpc RmAlloc seq=110
kf3: GSP REFUSED fn103/0x0000c36f=0x56 (GSP_RM_ALLOC) first_seq=110 — the guest read a non-OK status
kf3: mem t=17.994s walk reconciled [0xc1d00009caf00000:+0-1r0] completed=[(96, Cleared)] unreconciled=[]
kf3: GSP rpc Free seq=111
kf3: GSP rpc Free seq=112
kf3: GSP rpc Free seq=113
kf3: GSP rpc Free seq=114
kf3: mem t=17.994s retire VasKey(13965662486535340032): 0 row(s) unmapped (0 refused) in 1 us, 0 host call(s), host space 0xcafe0011 kept as a spare — host RM over its life: 1 map call(s) (1 per-run, 0 batch(es) x2 carrying 0 runs, 0 batch(es) refused) in 0 ms; 1 unmap call(s) (0 range(s)) + 0 free(s) in 0 ms
kf-rm: chanlink: client 0xc1d0000a root: kernel=true internal=false
kf3: GSP rpc RmAlloc seq=115
kf3: GSP rpc RmAlloc seq=116
kf3: GSP rpc RmAlloc seq=117
kf-rm: RPC-REFUSED #2 AllocClassNotPermitted { class: 16428, denial: Refused { name: "NV40_I2C", why: NoPhysicalBoardBus } } ⇒ answered NV_ERR_NOT_SUPPORTED (0x56). ⊘ The guest sees only the status; this line is the only place the REASON exists. (printing the first 24; the total rides the refusal census)
kf3: GSP rpc RmAlloc seq=118
kf3: GSP REFUSED fn103/0x0000402c=0x56 (GSP_RM_ALLOC) first_seq=118 — the guest read a non-OK status
kf-rm: chanlink: client 0xc1d0000b root: kernel=false internal=false
kf3: GSP rpc RmAlloc seq=119
kf3: GSP rpc RmAlloc seq=120
kf3: GSP rpc RmAlloc seq=121
kf-rm: chanlink: FERMI_VASPACE_A 0xc1d0000b:0xcafe0004 under 0xcafe0001 (device default for it: 0xcafe0004)
kf3: GSP rpc RmAlloc seq=122
kf3: mem t=18.012s walk reconciled [0xffffffff00000002:+1-1r0] completed=[(97, Cleared)] unreconciled=[]
kf3: mem t=18.013s walk reconciled [0xffffffff00000002:+1-1r0] completed=[(98, Cleared)] unreconciled=[]
kf3: mem t=18.014s walk reconciled [0xffffffff00000002:+1-1r0] completed=[(99, Cleared)] unreconciled=[]
kf3: mem t=18.015s walk reconciled [0xffffffff00000002:+1-1r0] completed=[(100, Cleared)] unreconciled=[]
kayfabe: HELD-REPLY fn=RmControl depth=1 — this map reply WAITS for its rows
kf3: GSP rpc RmControl seq=123
kf3: mem t=18.015s pagedir VasKey(13965662495126192132) root=0x0 First
kf3: mem t=18.016s walk reconciled [0xc1d0000bcafe0004:+0-0r0] completed=[] unreconciled=[]
kayfabe: HELD-REPLY-POSTED n=1 — their rows are on the host now
kf3: GSP rpc RmAlloc seq=124
kf3: mem t=18.018s walk reconciled [0xffffffff00000002:+1-1r0] completed=[(101, Cleared)] unreconciled=[]
kf3: mem t=18.019s walk reconciled [0xffffffff00000002:+1-1r0] completed=[(102, Cleared)] unreconciled=[]
kf3: mem t=18.020s walk reconciled [0xc1d0000bcafe0004:+1-0r0] completed=[(103, Cleared)] unreconciled=[]
kf-rm: chanlink: FERMI_VASPACE_A 0xc1d0000b:0xcafe0007 under 0xcafe0001 (device default for it: 0xcafe0004)
kf3: GSP rpc RmAlloc seq=125
kf3: mem t=18.021s walk reconciled [0xffffffff00000002:+1-1r0] completed=[(104, Cleared)] unreconciled=[]
kf3: mem t=18.022s walk reconciled [0xffffffff00000002:+1-1r0] completed=[(105, Cleared)] unreconciled=[]
kf3: mem t=18.024s walk reconciled [0xffffffff00000002:+1-1r0] completed=[(106, Cleared)] unreconciled=[]
kf3: mem t=18.025s walk reconciled [0xffffffff00000002:+1-0r0] completed=[(107, Cleared)] unreconciled=[]
kayfabe: HELD-REPLY fn=RmControl depth=1 — this map reply WAITS for its rows
kf3: GSP rpc RmControl seq=126
kf3: family=Ampere phase=Running trapped=1620 applied=997 refused=2 serviced=129 ram_refused=0 unshadowed_writes=2 read_exits=0 last_off=0x110c00 mem[inval=108 walks=113/113 cleared=108 superseded=0 named_missed=1 unreconciled=0 mapped=94 unmapped=19 clipped=0x0 held=0 vmm_overlaps=0 priv_withheld=0 priv_withheld_bytes=0x0 priv_mirrored=6 fn70=1 roots=5 root_moves=0 stmts=11/10 refused=0 pramin_repoints=18 pramin_miss=0 last_miss=0x0 pramin_worst_us=410 (map 356 mmap 66) pramin_maps=18 pramin_mmaps=18 inline_opens=0 reaped=17 cache_ops=0 sysmembars=2 root_unsets=0] mirrors=0 reused=5 prewarmed=3 mirror_avg_us=0 mirror_max_us=0 vat[invals=107 arrive->clear_avg_us=2834 max_us=243009 walks=113 walk_avg_us=376 gpu_avg_us=166 plan_avg_us=0 apply_avg_us=2276 leaves=1 host_calls=199] chan[births=2 pt_births=0 acts=2/0refused worst_act_us=4910 nsi=[GR0:113/0raised CE2:2/0raised] served=6 parks=836 host_rings=2 contended=0 poisoned=0 tokens=[0x801:fwd=0,subs=0,serves=1,put=Some(0),gp_get=None 0x802:fwd=2,subs=2,serves=5,put=Some(2),gp_get=Some(2)]] views[armed=93 released=27 refused=0 held=66] rc[armed=0 unarmed=0 wakes=0 seen=0 posted=0] irq[writes=295 raised=1 held=0 oor=0] unserviced=[0x20800a87,0x20800a4b,0x20800afe,0x20800aff,0x20800a80,0x20802a0f,0x2080017e,0x20800a30,0x20800a2e,0x20800b03,0x20800b05,0x20800a3f,0x2080012b,0x2080013f] gsp_refusals[total=17 distinct=16 [fn76/0x20800a87=0x56x1 fn76/0x20800a4b=0x56x1 fn76/0x20800afe=0x56x1 fn76/0x20800aff=0x56x1 fn76/0x20800a80=0x56x2 fn76/0x20802a0f=0x56x1 fn76/0x2080017e=0x56x1 fn76/0x20800a30=0x56x1 fn76/0x20800a2e=0x56x1 fn76/0x20800b03=0x56x1 fn76/0x20800b05=0x56x1 fn76/0x20800a3f=0x56x1 fn76/0x2080012b=0x56x1 fn76/0x2080013f=0x56x1 fn103/0x0000c36f=0x56x1 fn103/0x0000402c=0x56x1]]
kf3: VasKey(13965662495126192135) mirror space=0xcafe0026: windows fb=0x1fffe00000000+0x200000000 ram=0x1fffd80000000+0x80000000 rings=0xff00000000+0x100000000 (116586 us: vaspace 1887 ram_obj 0 fb_window 1884 ram_window 112785)
kf3: mem t=18.142s pagedir VasKey(13965662495126192135) root=0x6000 First
kf3: mem t=18.143s walk reconciled [0xc1d0000bcafe0007:+0-0r0] completed=[] unreconciled=[]
kayfabe: HELD-REPLY-POSTED n=1 — their rows are on the host now
kf3: GSP rpc RmAlloc seq=127
kf3: mem t=18.144s walk reconciled [0xffffffff00000002:+1-0r0] completed=[(108, Cleared)] unreconciled=[]
kf3: mem t=18.145s walk reconciled [0xffffffff00000002:+1-0r0] completed=[(109, Cleared)] unreconciled=[]
kf3: mem t=18.145s walk reconciled [0xc1d0000bcafe0007:+1-0r0] completed=[(110, Cleared)] unreconciled=[]
kf3: mem t=18.147s walk reconciled [0xc1d0000bcafe0004:+1-0r0] completed=[(111, Cleared)] unreconciled=[]
kf3: mem t=18.147s walk reconciled [0xc1d0000bcafe0007:+1-0r0] completed=[(112, Cleared)] unreconciled=[]
kf3: mem t=18.148s walk reconciled [0xc1d0000bcafe0004:+1-0r0] completed=[(113, Cleared)] unreconciled=[]
kf3: mem t=18.149s walk reconciled [0xc1d0000bcafe0007:+1-0r0] completed=[(114, Cleared)] unreconciled=[]
kf3: mem t=18.151s walk reconciled [0xc1d0000bcafe0004:+1-0r0] completed=[(115, Cleared)] unreconciled=[]
kf3: mem t=18.151s walk reconciled [0xc1d0000bcafe0007:+1-0r0] completed=[(116, Cleared)] unreconciled=[]
kf3: mem t=18.153s walk reconciled [0xc1d0000bcafe0004:+1-0r0] completed=[(117, Cleared)] unreconciled=[]
kf3: mem t=18.153s walk reconciled [0xc1d0000bcafe0007:+1-0r0] completed=[(118, Cleared)] unreconciled=[]
kf3: mem t=18.155s walk reconciled [0xc1d0000bcafe0004:+1-0r0] completed=[(119, Cleared)] unreconciled=[]
kf3: mem t=18.156s walk reconciled [0xc1d0000bcafe0007:+1-0r0] completed=[(120, Cleared)] unreconciled=[]
kf3: mem t=18.158s walk reconciled [0xc1d0000bcafe0004:+1-0r0] completed=[(121, Cleared)] unreconciled=[]
kf3: mem t=18.158s walk reconciled [0xc1d0000bcafe0007:+1-0r0] completed=[(122, Cleared)] unreconciled=[]
kf3: mem t=18.160s walk reconciled [0xc1d0000bcafe0004:+1-0r0] completed=[(123, Cleared)] unreconciled=[]
kf3: mem t=18.161s walk reconciled [0xc1d0000bcafe0007:+1-0r0] completed=[(124, Cleared)] unreconciled=[]
kf3: mem t=18.163s walk reconciled [0xc1d0000bcafe0004:+1-0r0] completed=[(125, Cleared)] unreconciled=[]
kf3: mem t=18.164s walk reconciled [0xc1d0000bcafe0007:+1-0r0] completed=[(126, Cleared)] unreconciled=[]
kf3: mem t=18.165s walk reconciled [0xc1d0000bcafe0004:+1-0r0] completed=[(127, Cleared)] unreconciled=[]
kf3: mem t=18.166s walk reconciled [0xc1d0000bcafe0007:+1-0r0] completed=[(128, Cleared)] unreconciled=[]
kf3: mem t=18.167s walk reconciled [0xc1d0000bcafe0004:+1-0r0] completed=[(129, Cleared)] unreconciled=[]
kf3: mem t=18.168s walk reconciled [0xc1d0000bcafe0007:+1-0r0] completed=[(130, Cleared)] unreconciled=[]
kf3: mem t=18.170s walk reconciled [0xc1d0000bcafe0004:+1-0r0] completed=[(131, Cleared)] unreconciled=[]
kf3: mem t=18.171s walk reconciled [0xc1d0000bcafe0007:+1-0r0] completed=[(132, Cleared)] unreconciled=[]
kf3: mem t=18.172s walk reconciled [0xc1d0000bcafe0004:+1-0r0] completed=[(133, Cleared)] unreconciled=[]
kf3: mem t=18.173s walk reconciled [0xc1d0000bcafe0007:+1-0r0] completed=[(134, Cleared)] unreconciled=[]
kf3: mem t=18.174s walk reconciled [0xc1d0000bcafe0004:+1-0r0] completed=[(135, Cleared)] unreconciled=[]
kf3: mem t=18.175s walk reconciled [0xc1d0000bcafe0007:+1-0r0] completed=[(136, Cleared)] unreconciled=[]
kf3: mem t=18.177s walk reconciled [0xc1d0000bcafe0004:+1-0r0] completed=[(137, Cleared)] unreconciled=[]
kf3: mem t=18.178s walk reconciled [0xc1d0000bcafe0007:+1-0r0] completed=[(138, Cleared)] unreconciled=[]
kf3: mem t=18.179s walk reconciled [0xc1d0000bcafe0004:+1-0r0] completed=[(139, Cleared)] unreconciled=[]
kf3: mem t=18.180s walk reconciled [0xc1d0000bcafe0007:+1-0r0] completed=[(140, Cleared)] unreconciled=[]
kf3: mem t=18.182s walk reconciled [0xc1d0000bcafe0004:+1-0r0] completed=[(141, Cleared)] unreconciled=[]
kf3: mem t=18.182s walk reconciled [0xc1d0000bcafe0007:+1-0r0] completed=[(142, Cleared)] unreconciled=[]
kf3: mem t=18.184s walk reconciled [0xc1d0000bcafe0004:+1-0r0] completed=[(143, Cleared)] unreconciled=[]
kf3: mem t=18.185s walk reconciled [0xc1d0000bcafe0007:+1-0r0] completed=[(144, Cleared)] unreconciled=[]
kf3: mem t=18.186s walk reconciled [0xc1d0000bcafe0004:+1-0r0] completed=[(145, Cleared)] unreconciled=[]
kf3: mem t=18.187s walk reconciled [0xc1d0000bcafe0007:+1-0r0] completed=[(146, Cleared)] unreconciled=[]
kf3: mem t=18.189s walk reconciled [0xc1d0000bcafe0004:+1-0r0] completed=[(147, Cleared)] unreconciled=[]
kf3: mem t=18.190s walk reconciled [0xc1d0000bcafe0007:+1-0r0] completed=[(148, Cleared)] unreconciled=[]
kf3: mem t=18.191s walk reconciled [0xc1d0000bcafe0004:+1-0r0] completed=[(149, Cleared)] unreconciled=[]
kf3: mem t=18.192s walk reconciled [0xc1d0000bcafe0007:+1-0r0] completed=[(150, Cleared)] unreconciled=[]
kf3: mem t=18.194s walk reconciled [0xc1d0000bcafe0004:+1-0r0] completed=[(151, Cleared)] unreconciled=[]
kf3: mem t=18.194s walk reconciled [0xc1d0000bcafe0007:+1-0r0] completed=[(152, Cleared)] unreconciled=[]
kf3: mem t=18.196s walk reconciled [0xc1d0000bcafe0004:+1-0r0] completed=[(153, Cleared)] unreconciled=[]
kf3: mem t=18.196s walk reconciled [0xc1d0000bcafe0007:+1-0r0] completed=[(154, Cleared)] unreconciled=[]
kf3: mem t=18.198s walk reconciled [0xc1d0000bcafe0004:+1-0r0] completed=[(155, Cleared)] unreconciled=[]
kf3: mem t=18.199s walk reconciled [0xc1d0000bcafe0007:+1-0r0] completed=[(156, Cleared)] unreconciled=[]
kf3: mem t=18.201s walk reconciled [0xc1d0000bcafe0004:+1-0r0] completed=[(157, Cleared)] unreconciled=[]
kf3: mem t=18.202s walk reconciled [0xc1d0000bcafe0007:+1-0r0] completed=[(158, Cleared)] unreconciled=[]
kf3: mem t=18.203s walk reconciled [0xc1d0000bcafe0004:+1-0r0] completed=[(159, Cleared)] unreconciled=[]
kf3: mem t=18.205s walk reconciled [0xc1d0000bcafe0007:+1-0r0] completed=[(160, Cleared)] unreconciled=[]
kf3: mem t=18.206s walk reconciled [0xc1d0000bcafe0004:+1-0r0] completed=[(161, Cleared)] unreconciled=[]
kf3: mem t=18.207s walk reconciled [0xc1d0000bcafe0007:+1-0r0] completed=[(162, Cleared)] unreconciled=[]
kf3: mem t=18.208s walk reconciled [0xc1d0000bcafe0004:+1-0r0] completed=[(163, Cleared)] unreconciled=[]
kf3: mem t=18.209s walk reconciled [0xc1d0000bcafe0007:+1-0r0] completed=[(164, Cleared)] unreconciled=[]
kf3: mem t=18.210s walk reconciled [0xc1d0000bcafe0004:+1-0r0] completed=[(165, Cleared)] unreconciled=[]
kf3: mem t=18.212s walk reconciled [0xc1d0000bcafe0007:+1-0r0] completed=[(166, Cleared)] unreconciled=[]
kf3: mem t=18.213s walk reconciled [0xc1d0000bcafe0004:+1-0r0] completed=[(167, Cleared)] unreconciled=[]
kf3: mem t=18.214s walk reconciled [0xc1d0000bcafe0007:+1-0r0] completed=[(168, Cleared)] unreconciled=[]
kf3: mem t=18.215s walk reconciled [0xc1d0000bcafe0004:+1-0r0] completed=[(169, Cleared)] unreconciled=[]
kf3: mem t=18.216s walk reconciled [0xc1d0000bcafe0007:+1-0r0] completed=[(170, Cleared)] unreconciled=[]
kf3: mem t=18.218s walk reconciled [0xc1d0000bcafe0004:+1-0r0] completed=[(171, Cleared)] unreconciled=[]
kf3: mem t=18.219s walk reconciled [0xc1d0000bcafe0007:+1-0r0] completed=[(172, Cleared)] unreconciled=[]
kf3: mem t=18.220s walk reconciled [0xc1d0000bcafe0004:+1-0r0] completed=[(173, Cleared)] unreconciled=[]
kf3: mem t=18.221s walk reconciled [0xc1d0000bcafe0007:+1-0r0] completed=[(174, Cleared)] unreconciled=[]
kf3: mem t=18.222s walk reconciled [0xc1d0000bcafe0004:+1-0r0] completed=[(175, Cleared)] unreconciled=[]
kf3: mem t=18.223s walk reconciled [0xc1d0000bcafe0007:+1-0r0] completed=[(176, Cleared)] unreconciled=[]
kf3: mem t=18.225s walk reconciled [0xc1d0000bcafe0004:+1-0r0] completed=[(177, Cleared)] unreconciled=[]
kf3: mem t=18.226s walk reconciled [0xc1d0000bcafe0007:+1-0r0] completed=[(178, Cleared)] unreconciled=[]
kf3: mem t=18.227s walk reconciled [0xc1d0000bcafe0004:+1-0r0] completed=[(179, Cleared)] unreconciled=[]
kf3: mem t=18.228s walk reconciled [0xc1d0000bcafe0007:+1-0r0] completed=[(180, Cleared)] unreconciled=[]
kf3: mem t=18.229s walk reconciled [0xc1d0000bcafe0004:+1-0r0] completed=[(181, Cleared)] unreconciled=[]
kf3: mem t=18.230s walk reconciled [0xc1d0000bcafe0007:+1-0r0] completed=[(182, Cleared)] unreconciled=[]
kf3: mem t=18.232s walk reconciled [0xc1d0000bcafe0004:+1-0r0] completed=[(183, Cleared)] unreconciled=[]
kf3: mem t=18.233s walk reconciled [0xc1d0000bcafe0007:+1-0r0] completed=[(184, Cleared)] unreconciled=[]
kf3: mem t=18.234s walk reconciled [0xc1d0000bcafe0004:+1-0r0] completed=[(185, Cleared)] unreconciled=[]
kf3: mem t=18.235s walk reconciled [0xc1d0000bcafe0007:+1-0r0] completed=[(186, Cleared)] unreconciled=[]
kf3: mem t=18.236s walk reconciled [0xc1d0000bcafe0004:+1-0r0] completed=[(187, Cleared)] unreconciled=[]
kf3: mem t=18.237s walk reconciled [0xc1d0000bcafe0007:+1-0r0] completed=[(188, Cleared)] unreconciled=[]
kf3: mem t=18.239s walk reconciled [0xc1d0000bcafe0004:+1-0r0] completed=[(189, Cleared)] unreconciled=[]
kf3: mem t=18.240s walk reconciled [0xc1d0000bcafe0007:+1-0r0] completed=[(190, Cleared)] unreconciled=[]
kf3: mem t=18.241s walk reconciled [0xc1d0000bcafe0004:+1-0r0] completed=[(191, Cleared)] unreconciled=[]
kf3: mem t=18.242s walk reconciled [0xc1d0000bcafe0007:+1-0r0] completed=[(192, Cleared)] unreconciled=[]
kf3: mem t=18.243s walk reconciled [0xc1d0000bcafe0004:+1-0r0] completed=[(193, Cleared)] unreconciled=[]
kf3: mem t=18.244s walk reconciled [0xc1d0000bcafe0007:+1-0r0] completed=[(194, Cleared)] unreconciled=[]
kf3: mem t=18.246s walk reconciled [0xc1d0000bcafe0004:+1-0r0] completed=[(195, Cleared)] unreconciled=[]
kf3: mem t=18.247s walk reconciled [0xc1d0000bcafe0007:+1-0r0] completed=[(196, Cleared)] unreconciled=[]
kf3: mem t=18.248s walk reconciled [0xc1d0000bcafe0004:+1-0r0] completed=[(197, Cleared)] unreconciled=[]
kf3: mem t=18.249s walk reconciled [0xc1d0000bcafe0007:+1-0r0] completed=[(198, Cleared)] unreconciled=[]
kf3: mem t=18.250s walk reconciled [0xc1d0000bcafe0004:+1-0r0] completed=[(199, Cleared)] unreconciled=[]
kf3: mem t=18.251s walk reconciled [0xc1d0000bcafe0007:+1-0r0] completed=[(200, Cleared)] unreconciled=[]
kf3: mem t=18.253s walk reconciled [0xc1d0000bcafe0004:+1-0r0] completed=[(201, Cleared)] unreconciled=[]
kf3: mem t=18.254s walk reconciled [0xc1d0000bcafe0007:+1-0r0] completed=[(202, Cleared)] unreconciled=[]
kf3: mem t=18.255s walk reconciled [0xc1d0000bcafe0004:+1-0r0] completed=[(203, Cleared)] unreconciled=[]
kf3: mem t=18.256s walk reconciled [0xc1d0000bcafe0007:+1-0r0] completed=[(204, Cleared)] unreconciled=[]
kf3: mem t=18.257s walk reconciled [0xc1d0000bcafe0004:+1-0r0] completed=[(205, Cleared)] unreconciled=[]
kf3: mem t=18.258s walk reconciled [0xc1d0000bcafe0007:+1-0r0] completed=[(206, Cleared)] unreconciled=[]
kf3: mem t=18.260s walk reconciled [0xc1d0000bcafe0004:+1-0r0] completed=[(207, Cleared)] unreconciled=[]
kf3: mem t=18.261s walk reconciled [0xc1d0000bcafe0007:+1-0r0] completed=[(208, Cleared)] unreconciled=[]
kf3: mem t=18.262s walk reconciled [0xc1d0000bcafe0004:+1-0r0] completed=[(209, Cleared)] unreconciled=[]
kf3: mem t=18.263s walk reconciled [0xc1d0000bcafe0007:+1-0r0] completed=[(210, Cleared)] unreconciled=[]
kf3: mem t=18.264s walk reconciled [0xc1d0000bcafe0004:+1-0r0] completed=[(211, Cleared)] unreconciled=[]
kf3: mem t=18.265s walk reconciled [0xc1d0000bcafe0007:+1-0r0] completed=[(212, Cleared)] unreconciled=[]
kf3: mem t=18.266s walk reconciled [0xc1d0000bcafe0004:+1-0r0] completed=[(213, Cleared)] unreconciled=[]
kf3: mem t=18.267s walk reconciled [0xc1d0000bcafe0007:+1-0r0] completed=[(214, Cleared)] unreconciled=[]
kf3: mem t=18.268s walk reconciled [0xc1d0000bcafe0004:+1-0r0] completed=[(215, Cleared)] unreconciled=[]
kf3: mem t=18.269s walk reconciled [0xc1d0000bcafe0007:+1-0r0] completed=[(216, Cleared)] unreconciled=[]
kf3: mem t=18.270s walk reconciled [0xc1d0000bcafe0004:+1-0r0] completed=[(217, Cleared)] unreconciled=[]
kf3: mem t=18.271s walk reconciled [0xc1d0000bcafe0007:+1-0r0] completed=[(218, Cleared)] unreconciled=[]
kf3: mem t=18.272s walk reconciled [0xc1d0000bcafe0004:+1-0r0] completed=[(219, Cleared)] unreconciled=[]
kf3: mem t=18.273s walk reconciled [0xc1d0000bcafe0007:+1-0r0] completed=[(220, Cleared)] unreconciled=[]
kf3: mem t=18.274s walk reconciled [0xc1d0000bcafe0004:+1-0r0] completed=[(221, Cleared)] unreconciled=[]
kf3: mem t=18.275s walk reconciled [0xc1d0000bcafe0007:+1-0r0] completed=[(222, Cleared)] unreconciled=[]
kf3: mem t=18.276s walk reconciled [0xc1d0000bcafe0004:+1-0r0] completed=[(223, Cleared)] unreconciled=[]
kf3: mem t=18.277s walk reconciled [0xc1d0000bcafe0007:+1-0r0] completed=[(224, Cleared)] unreconciled=[]
kf3: mem t=18.279s walk reconciled [0xc1d0000bcafe0004:+1-0r0] completed=[(225, Cleared)] unreconciled=[]
kf3: mem t=18.279s walk reconciled [0xc1d0000bcafe0007:+1-0r0] completed=[(226, Cleared)] unreconciled=[]
kf3: mem t=18.281s walk reconciled [0xc1d0000bcafe0004:+1-0r0] completed=[(227, Cleared)] unreconciled=[]
kf3: mem t=18.281s walk reconciled [0xc1d0000bcafe0007:+1-0r0] completed=[(228, Cleared)] unreconciled=[]
kf3: mem t=18.283s walk reconciled [0xc1d0000bcafe0004:+1-0r0] completed=[(229, Cleared)] unreconciled=[]
kf3: mem t=18.284s walk reconciled [0xc1d0000bcafe0007:+1-0r0] completed=[(230, Cleared)] unreconciled=[]
kf3: mem t=18.285s walk reconciled [0xc1d0000bcafe0004:+1-0r0] completed=[(231, Cleared)] unreconciled=[]
kf3: mem t=18.286s walk reconciled [0xc1d0000bcafe0007:+1-0r0] completed=[(232, Cleared)] unreconciled=[]
kf3: mem t=18.287s walk reconciled [0xc1d0000bcafe0004:+1-0r0] completed=[(233, Cleared)] unreconciled=[]
kf3: mem t=18.288s walk reconciled [0xc1d0000bcafe0007:+1-0r0] completed=[(234, Cleared)] unreconciled=[]
kf3: mem t=18.289s walk reconciled [0xc1d0000bcafe0004:+1-0r0] completed=[(235, Cleared)] unreconciled=[]
kf3: mem t=18.290s walk reconciled [0xc1d0000bcafe0007:+1-0r0] completed=[(236, Cleared)] unreconciled=[]
kf3: mem t=18.291s walk reconciled [0xc1d0000bcafe0004:+1-0r0] completed=[(237, Cleared)] unreconciled=[]
kf3: mem t=18.292s walk reconciled [0xc1d0000bcafe0007:+1-0r0] completed=[(238, Cleared)] unreconciled=[]
kf3: family=Ampere phase=Running trapped=27662 applied=998 refused=2 serviced=130 ram_refused=0 unshadowed_writes=2 read_exits=0 last_off=0xb830b0 mem[inval=1847 walks=1852/1853 cleared=1846 superseded=0 named_missed=1 unreconciled=0 mapped=1832 unmapped=19 clipped=0x0 held=0 vmm_overlaps=0 priv_withheld=0 priv_withheld_bytes=0x0 priv_mirrored=6 fn70=1 roots=6 root_moves=0 stmts=11/11 refused=0 pramin_repoints=18 pramin_miss=0 last_miss=0x0 pramin_worst_us=410 (map 356 mmap 66) pramin_maps=18 pramin_mmaps=18 inline_opens=0 reaped=17 cache_ops=0 sysmembars=2 root_unsets=0] mirrors=1 reused=5 prewarmed=3 mirror_avg_us=116586 mirror_max_us=116586 vat[invals=1738 arrive->clear_avg_us=578 max_us=243009 walks=1739 walk_avg_us=404 gpu_avg_us=187 plan_avg_us=0 apply_avg_us=116 leaves=1 host_calls=3476] chan[births=2 pt_births=0 acts=2/0refused worst_act_us=4910 nsi=[GR0:1853/0raised CE2:2/0raised] served=6 parks=2608 host_rings=2 contended=0 poisoned=0 tokens=[0x801:fwd=0,subs=0,serves=1,put=Some(0),gp_get=None 0x802:fwd=2,subs=2,serves=5,put=Some(2),gp_get=Some(2)]] views[armed=97 released=27 refused=0 held=70] rc[armed=0 unarmed=0 wakes=0 seen=0 posted=0] irq[writes=21119 raised=1 held=0 oor=0] unserviced=[0x20800a87,0x20800a4b,0x20800afe,0x20800aff,0x20800a80,0x20802a0f,0x2080017e,0x20800a30,0x20800a2e,0x20800b03,0x20800b05,0x20800a3f,0x2080012b,0x2080013f] gsp_refusals[total=17 distinct=16 [fn76/0x20800a87=0x56x1 fn76/0x20800a4b=0x56x1 fn76/0x20800afe=0x56x1 fn76/0x20800aff=0x56x1 fn76/0x20800a80=0x56x2 fn76/0x20802a0f=0x56x1 fn76/0x2080017e=0x56x1 fn76/0x20800a30=0x56x1 fn76/0x20800a2e=0x56x1 fn76/0x20800b03=0x56x1 fn76/0x20800b05=0x56x1 fn76/0x20800a3f=0x56x1 fn76/0x2080012b=0x56x1 fn76/0x2080013f=0x56x1 fn103/0x0000c36f=0x56x1 fn103/0x0000402c=0x56x1]]
kf3: walk capacity: slot 6 grown 1024 → 1792 runs
kf3: walk capacity: re-walk (needs s6:1025); walk pool 1048576 runs, slot pool 2097152 runs (2090240 free), max per space 1048576, slots held 6, grows 1, retries 1, ceilings 0, largest slot 1792, largest walk 1024
kf3: walk capacity: slot 7 grown 1024 → 1792 runs
kf3: walk capacity: re-walk (needs s7:1025); walk pool 1048576 runs, slot pool 2097152 runs (2089472 free), max per space 1048576, slots held 6, grows 2, retries 2, ceilings 0, largest slot 1792, largest walk 1792
kf3: family=Ampere phase=Running trapped=53883 applied=998 refused=2 serviced=130 ram_refused=0 unshadowed_writes=2 read_exits=0 last_off=0xb830b0 mem[inval=3597 walks=3603/3603 cleared=3597 superseded=0 named_missed=1 unreconciled=0 mapped=3583 unmapped=19 clipped=0x0 held=0 vmm_overlaps=0 priv_withheld=0 priv_withheld_bytes=0x0 priv_mirrored=6 fn70=1 roots=6 root_moves=0 stmts=11/11 refused=0 pramin_repoints=18 pramin_miss=0 last_miss=0x0 pramin_worst_us=410 (map 356 mmap 66) pramin_maps=18 pramin_mmaps=18 inline_opens=0 reaped=17 cache_ops=0 sysmembars=2 root_unsets=0] mirrors=1 reused=5 prewarmed=3 mirror_avg_us=116586 mirror_max_us=116586 vat[invals=1751 arrive->clear_avg_us=617 max_us=243009 walks=1751 walk_avg_us=446 gpu_avg_us=216 plan_avg_us=0 apply_avg_us=114 leaves=1 host_calls=3502] chan[births=2 pt_births=0 acts=2/0refused worst_act_us=4910 nsi=[GR0:3605/0raised CE2:2/0raised] served=6 parks=4384 host_rings=2 contended=0 poisoned=0 tokens=[0x801:fwd=0,subs=0,serves=1,put=Some(0),gp_get=None 0x802:fwd=2,subs=2,serves=5,put=Some(2),gp_get=Some(2)]] views[armed=101 released=27 refused=0 held=74] rc[armed=0 unarmed=0 wakes=0 seen=0 posted=0] irq[writes=42087 raised=1 held=0 oor=0] unserviced=[0x20800a87,0x20800a4b,0x20800afe,0x20800aff,0x20800a80,0x20802a0f,0x2080017e,0x20800a30,0x20800a2e,0x20800b03,0x20800b05,0x20800a3f,0x2080012b,0x2080013f] gsp_refusals[total=17 distinct=16 [fn76/0x20800a87=0x56x1 fn76/0x20800a4b=0x56x1 fn76/0x20800afe=0x56x1 fn76/0x20800aff=0x56x1 fn76/0x20800a80=0x56x2 fn76/0x20802a0f=0x56x1 fn76/0x2080017e=0x56x1 fn76/0x20800a30=0x56x1 fn76/0x20800a2e=0x56x1 fn76/0x20800b03=0x56x1 fn76/0x20800b05=0x56x1 fn76/0x20800a3f=0x56x1 fn76/0x2080012b=0x56x1 fn76/0x2080013f=0x56x1 fn103/0x0000c36f=0x56x1 fn103/0x0000402c=0x56x1]]
kf3: walk capacity: slot 6 grown 1792 → 2816 runs
kf3: walk capacity: re-walk (needs s6:1793); walk pool 1048576 runs, slot pool 2097152 runs (2088448 free), max per space 1048576, slots held 6, grows 3, retries 3, ceilings 0, largest slot 2816, largest walk 1792
kf3: walk capacity: slot 7 grown 1792 → 2816 runs
kf3: walk capacity: re-walk (needs s7:1793); walk pool 1048576 runs, slot pool 2097152 runs (2087424 free), max per space 1048576, slots held 6, grows 4, retries 4, ceilings 0, largest slot 2816, largest walk 2816
kf3: family=Ampere phase=Running trapped=79943 applied=998 refused=2 serviced=130 ram_refused=0 unshadowed_writes=2 read_exits=0 last_off=0xb81608 mem[inval=5338 walks=5344/5344 cleared=5338 superseded=0 named_missed=1 unreconciled=0 mapped=5324 unmapped=19 clipped=0x0 held=0 vmm_overlaps=0 priv_withheld=0 priv_withheld_bytes=0x0 priv_mirrored=6 fn70=1 roots=6 root_moves=0 stmts=11/11 refused=0 pramin_repoints=18 pramin_miss=0 last_miss=0x0 pramin_worst_us=410 (map 356 mmap 66) pramin_maps=18 pramin_mmaps=18 inline_opens=0 reaped=17 cache_ops=0 sysmembars=2 root_unsets=0] mirrors=1 reused=5 prewarmed=3 mirror_avg_us=116586 mirror_max_us=116586 vat[invals=1741 arrive->clear_avg_us=629 max_us=243009 walks=1741 walk_avg_us=456 gpu_avg_us=249 plan_avg_us=0 apply_avg_us=117 leaves=1 host_calls=3482] chan[births=2 pt_births=0 acts=2/0refused worst_act_us=4910 nsi=[GR0:5348/0raised CE2:2/0raised] served=6 parks=6149 host_rings=2 contended=0 poisoned=0 tokens=[0x801:fwd=0,subs=0,serves=1,put=Some(0),gp_get=None 0x802:fwd=2,subs=2,serves=5,put=Some(2),gp_get=Some(2)]] views[armed=105 released=27 refused=0 held=78] rc[armed=0 unarmed=0 wakes=0 seen=0 posted=0] irq[writes=62927 raised=1 held=0 oor=0] unserviced=[0x20800a87,0x20800a4b,0x20800afe,0x20800aff,0x20800a80,0x20802a0f,0x2080017e,0x20800a30,0x20800a2e,0x20800b03,0x20800b05,0x20800a3f,0x2080012b,0x2080013f] gsp_refusals[total=17 distinct=16 [fn76/0x20800a87=0x56x1 fn76/0x20800a4b=0x56x1 fn76/0x20800afe=0x56x1 fn76/0x20800aff=0x56x1 fn76/0x20800a80=0x56x2 fn76/0x20802a0f=0x56x1 fn76/0x2080017e=0x56x1 fn76/0x20800a30=0x56x1 fn76/0x20800a2e=0x56x1 fn76/0x20800b03=0x56x1 fn76/0x20800b05=0x56x1 fn76/0x20800a3f=0x56x1 fn76/0x2080012b=0x56x1 fn76/0x2080013f=0x56x1 fn103/0x0000c36f=0x56x1 fn103/0x0000402c=0x56x1]]
kf3: walk capacity: slot 6 grown 2816 → 4352 runs
kf3: walk capacity: re-walk (needs s6:2817); walk pool 1048576 runs, slot pool 2097152 runs (2085888 free), max per space 1048576, slots held 6, grows 5, retries 5, ceilings 0, largest slot 4352, largest walk 2816
kf3: walk capacity: slot 7 grown 2816 → 4352 runs
kf3: walk capacity: re-walk (needs s7:2817); walk pool 1048576 runs, slot pool 2097152 runs (2084352 free), max per space 1048576, slots held 6, grows 6, retries 6, ceilings 0, largest slot 4352, largest walk 4352
kf3: family=Ampere phase=Running trapped=105401 applied=998 refused=2 serviced=130 ram_refused=0 unshadowed_writes=2 read_exits=0 last_off=0xb81208 mem[inval=7037 walks=7043/7043 cleared=7037 superseded=0 named_missed=1 unreconciled=0 mapped=7023 unmapped=19 clipped=0x0 held=0 vmm_overlaps=0 priv_withheld=0 priv_withheld_bytes=0x0 priv_mirrored=6 fn70=1 roots=6 root_moves=0 stmts=11/11 refused=0 pramin_repoints=18 pramin_miss=0 last_miss=0x0 pramin_worst_us=410 (map 356 mmap 66) pramin_maps=18 pramin_mmaps=18 inline_opens=0 reaped=17 cache_ops=0 sysmembars=2 root_unsets=0] mirrors=1 reused=5 prewarmed=3 mirror_avg_us=116586 mirror_max_us=116586 vat[invals=1699 arrive->clear_avg_us=670 max_us=243009 walks=1699 walk_avg_us=506 gpu_avg_us=282 plan_avg_us=0 apply_avg_us=110 leaves=1 host_calls=3398] chan[births=2 pt_births=0 acts=2/0refused worst_act_us=4910 nsi=[GR0:7049/0raised CE2:2/0raised] served=6 parks=7875 host_rings=2 contended=0 poisoned=0 tokens=[0x801:fwd=0,subs=0,serves=1,put=Some(0),gp_get=None 0x802:fwd=2,subs=2,serves=5,put=Some(2),gp_get=Some(2)]] views[armed=107 released=27 refused=0 held=80] rc[armed=0 unarmed=0 wakes=0 seen=0 posted=0] irq[writes=83288 raised=1 held=0 oor=0] unserviced=[0x20800a87,0x20800a4b,0x20800afe,0x20800aff,0x20800a80,0x20802a0f,0x2080017e,0x20800a30,0x20800a2e,0x20800b03,0x20800b05,0x20800a3f,0x2080012b,0x2080013f] gsp_refusals[total=17 distinct=16 [fn76/0x20800a87=0x56x1 fn76/0x20800a4b=0x56x1 fn76/0x20800afe=0x56x1 fn76/0x20800aff=0x56x1 fn76/0x20800a80=0x56x2 fn76/0x20802a0f=0x56x1 fn76/0x2080017e=0x56x1 fn76/0x20800a30=0x56x1 fn76/0x20800a2e=0x56x1 fn76/0x20800b03=0x56x1 fn76/0x20800b05=0x56x1 fn76/0x20800a3f=0x56x1 fn76/0x2080012b=0x56x1 fn76/0x2080013f=0x56x1 fn103/0x0000c36f=0x56x1 fn103/0x0000402c=0x56x1]]
kf3: family=Ampere phase=Running trapped=131795 applied=998 refused=2 serviced=130 ram_refused=0 unshadowed_writes=2 read_exits=0 last_off=0xb81210 mem[inval=8800 walks=8806/8806 cleared=8800 superseded=0 named_missed=1 unreconciled=0 mapped=8786 unmapped=19 clipped=0x0 held=0 vmm_overlaps=0 priv_withheld=0 priv_withheld_bytes=0x0 priv_mirrored=6 fn70=1 roots=6 root_moves=0 stmts=11/11 refused=0 pramin_repoints=18 pramin_miss=0 last_miss=0x0 pramin_worst_us=410 (map 356 mmap 66) pramin_maps=18 pramin_mmaps=18 inline_opens=0 reaped=17 cache_ops=0 sysmembars=2 root_unsets=0] mirrors=1 reused=5 prewarmed=3 mirror_avg_us=116586 mirror_max_us=116586 vat[invals=1763 arrive->clear_avg_us=638 max_us=243009 walks=1763 walk_avg_us=505 gpu_avg_us=297 plan_avg_us=0 apply_avg_us=89 leaves=1 host_calls=3526] chan[births=2 pt_births=0 acts=2/0refused worst_act_us=4910 nsi=[GR0:8812/0raised CE2:2/0raised] served=6 parks=9666 host_rings=2 contended=0 poisoned=0 tokens=[0x801:fwd=0,subs=0,serves=1,put=Some(0),gp_get=None 0x802:fwd=2,subs=2,serves=5,put=Some(2),gp_get=Some(2)]] views[armed=111 released=27 refused=0 held=84] rc[armed=0 unarmed=0 wakes=0 seen=0 posted=0] irq[writes=104393 raised=1 held=0 oor=0] unserviced=[0x20800a87,0x20800a4b,0x20800afe,0x20800aff,0x20800a80,0x20802a0f,0x2080017e,0x20800a30,0x20800a2e,0x20800b03,0x20800b05,0x20800a3f,0x2080012b,0x2080013f] gsp_refusals[total=17 distinct=16 [fn76/0x20800a87=0x56x1 fn76/0x20800a4b=0x56x1 fn76/0x20800afe=0x56x1 fn76/0x20800aff=0x56x1 fn76/0x20800a80=0x56x2 fn76/0x20802a0f=0x56x1 fn76/0x2080017e=0x56x1 fn76/0x20800a30=0x56x1 fn76/0x20800a2e=0x56x1 fn76/0x20800b03=0x56x1 fn76/0x20800b05=0x56x1 fn76/0x20800a3f=0x56x1 fn76/0x2080012b=0x56x1 fn76/0x2080013f=0x56x1 fn103/0x0000c36f=0x56x1 fn103/0x0000402c=0x56x1]]
kf3: walk capacity: slot 6 grown 4352 → 6656 runs
kf3: walk capacity: re-walk (needs s6:4353); walk pool 1048576 runs, slot pool 2097152 runs (2082048 free), max per space 1048576, slots held 6, grows 7, retries 7, ceilings 0, largest slot 6656, largest walk 4352
kf3: walk capacity: slot 7 grown 4352 → 6656 runs
kf3: walk capacity: re-walk (needs s7:4353); walk pool 1048576 runs, slot pool 2097152 runs (2079744 free), max per space 1048576, slots held 6, grows 8, retries 8, ceilings 0, largest slot 6656, largest walk 6656
kf3: family=Ampere phase=Running trapped=156375 applied=998 refused=2 serviced=130 ram_refused=0 unshadowed_writes=2 read_exits=0 last_off=0xb830b0 mem[inval=10442 walks=10447/10448 cleared=10441 superseded=0 named_missed=1 unreconciled=0 mapped=10427 unmapped=19 clipped=0x0 held=0 vmm_overlaps=0 priv_withheld=0 priv_withheld_bytes=0x0 priv_mirrored=6 fn70=1 roots=6 root_moves=0 stmts=11/11 refused=0 pramin_repoints=18 pramin_miss=0 last_miss=0x0 pramin_worst_us=410 (map 356 mmap 66) pramin_maps=18 pramin_mmaps=18 inline_opens=0 reaped=17 cache_ops=0 sysmembars=2 root_unsets=0] mirrors=1 reused=5 prewarmed=3 mirror_avg_us=116586 mirror_max_us=116586 vat[invals=1641 arrive->clear_avg_us=709 max_us=243009 walks=1641 walk_avg_us=560 gpu_avg_us=339 plan_avg_us=0 apply_avg_us=101 leaves=1 host_calls=3282] chan[births=2 pt_births=0 acts=2/0refused worst_act_us=4910 nsi=[GR0:10456/0raised CE2:2/0raised] served=6 parks=11336 host_rings=2 contended=0 poisoned=0 tokens=[0x801:fwd=0,subs=0,serves=1,put=Some(0),gp_get=None 0x802:fwd=2,subs=2,serves=5,put=Some(2),gp_get=Some(2)]] views[armed=115 released=27 refused=0 held=88] rc[armed=0 unarmed=0 wakes=0 seen=0 posted=0] irq[writes=124047 raised=1 held=0 oor=0] unserviced=[0x20800a87,0x20800a4b,0x20800afe,0x20800aff,0x20800a80,0x20802a0f,0x2080017e,0x20800a30,0x20800a2e,0x20800b03,0x20800b05,0x20800a3f,0x2080012b,0x2080013f] gsp_refusals[total=17 distinct=16 [fn76/0x20800a87=0x56x1 fn76/0x20800a4b=0x56x1 fn76/0x20800afe=0x56x1 fn76/0x20800aff=0x56x1 fn76/0x20800a80=0x56x2 fn76/0x20802a0f=0x56x1 fn76/0x2080017e=0x56x1 fn76/0x20800a30=0x56x1 fn76/0x20800a2e=0x56x1 fn76/0x20800b03=0x56x1 fn76/0x20800b05=0x56x1 fn76/0x20800a3f=0x56x1 fn76/0x2080012b=0x56x1 fn76/0x2080013f=0x56x1 fn103/0x0000c36f=0x56x1 fn103/0x0000402c=0x56x1]]
kf3: family=Ampere phase=Running trapped=179287 applied=998 refused=2 serviced=130 ram_refused=0 unshadowed_writes=2 read_exits=0 last_off=0xb81608 mem[inval=11970 walks=11976/11976 cleared=11970 superseded=0 named_missed=1 unreconciled=0 mapped=11956 unmapped=19 clipped=0x0 held=0 vmm_overlaps=0 priv_withheld=0 priv_withheld_bytes=0x0 priv_mirrored=6 fn70=1 roots=6 root_moves=0 stmts=11/11 refused=0 pramin_repoints=18 pramin_miss=0 last_miss=0x0 pramin_worst_us=410 (map 356 mmap 66) pramin_maps=18 pramin_mmaps=18 inline_opens=0 reaped=17 cache_ops=0 sysmembars=2 root_unsets=0] mirrors=1 reused=5 prewarmed=3 mirror_avg_us=116586 mirror_max_us=116586 vat[invals=1529 arrive->clear_avg_us=797 max_us=243009 walks=1529 walk_avg_us=636 gpu_avg_us=382 plan_avg_us=0 apply_avg_us=109 leaves=1 host_calls=3058] chan[births=2 pt_births=0 acts=2/0refused worst_act_us=4910 nsi=[GR0:11984/0raised CE2:2/0raised] served=6 parks=12885 host_rings=2 contended=0 poisoned=0 tokens=[0x801:fwd=0,subs=0,serves=1,put=Some(0),gp_get=None 0x802:fwd=2,subs=2,serves=5,put=Some(2),gp_get=Some(2)]] views[armed=117 released=27 refused=0 held=90] rc[armed=0 unarmed=0 wakes=0 seen=0 posted=0] irq[writes=142374 raised=1 held=0 oor=0] unserviced=[0x20800a87,0x20800a4b,0x20800afe,0x20800aff,0x20800a80,0x20802a0f,0x2080017e,0x20800a30,0x20800a2e,0x20800b03,0x20800b05,0x20800a3f,0x2080012b,0x2080013f] gsp_refusals[total=17 distinct=16 [fn76/0x20800a87=0x56x1 fn76/0x20800a4b=0x56x1 fn76/0x20800afe=0x56x1 fn76/0x20800aff=0x56x1 fn76/0x20800a80=0x56x2 fn76/0x20802a0f=0x56x1 fn76/0x2080017e=0x56x1 fn76/0x20800a30=0x56x1 fn76/0x20800a2e=0x56x1 fn76/0x20800b03=0x56x1 fn76/0x20800b05=0x56x1 fn76/0x20800a3f=0x56x1 fn76/0x2080012b=0x56x1 fn76/0x2080013f=0x56x1 fn103/0x0000c36f=0x56x1 fn103/0x0000402c=0x56x1]]
kf3: walk capacity: slot 6 grown 6656 → 10240 runs
kf3: walk capacity: re-walk (needs s6:6657); walk pool 1048576 runs, slot pool 2097152 runs (2076160 free), max per space 1048576, slots held 6, grows 9, retries 9, ceilings 0, largest slot 10240, largest walk 6656
kf3: walk capacity: slot 7 grown 6656 → 10240 runs
kf3: walk capacity: re-walk (needs s7:6657); walk pool 1048576 runs, slot pool 2097152 runs (2072576 free), max per space 1048576, slots held 6, grows 10, retries 10, ceilings 0, largest slot 10240, largest walk 10240
kf3: family=Ampere phase=Running trapped=202312 applied=998 refused=2 serviced=130 ram_refused=0 unshadowed_writes=2 read_exits=0 last_off=0xb830b0 mem[inval=13509 walks=13514/13515 cleared=13508 superseded=0 named_missed=1 unreconciled=0 mapped=13494 unmapped=19 clipped=0x0 held=0 vmm_overlaps=0 priv_withheld=0 priv_withheld_bytes=0x0 priv_mirrored=6 fn70=1 roots=6 root_moves=0 stmts=11/11 refused=0 pramin_repoints=18 pramin_miss=0 last_miss=0x0 pramin_worst_us=410 (map 356 mmap 66) pramin_maps=18 pramin_mmaps=18 inline_opens=0 reaped=17 cache_ops=0 sysmembars=2 root_unsets=0] mirrors=1 reused=5 prewarmed=3 mirror_avg_us=116586 mirror_max_us=116586 vat[invals=1538 arrive->clear_avg_us=774 max_us=243009 walks=1538 walk_avg_us=621 gpu_avg_us=390 plan_avg_us=0 apply_avg_us=102 leaves=1 host_calls=3076] chan[births=2 pt_births=0 acts=2/0refused worst_act_us=4910 nsi=[GR0:13525/0raised CE2:2/0raised] served=6 parks=14444 host_rings=2 contended=0 poisoned=0 tokens=[0x801:fwd=0,subs=0,serves=1,put=Some(0),gp_get=None 0x802:fwd=2,subs=2,serves=5,put=Some(2),gp_get=Some(2)]] views[armed=121 released=27 refused=0 held=94] rc[armed=0 unarmed=0 wakes=0 seen=0 posted=0] irq[writes=160783 raised=1 held=0 oor=0] unserviced=[0x20800a87,0x20800a4b,0x20800afe,0x20800aff,0x20800a80,0x20802a0f,0x2080017e,0x20800a30,0x20800a2e,0x20800b03,0x20800b05,0x20800a3f,0x2080012b,0x2080013f] gsp_refusals[total=17 distinct=16 [fn76/0x20800a87=0x56x1 fn76/0x20800a4b=0x56x1 fn76/0x20800afe=0x56x1 fn76/0x20800aff=0x56x1 fn76/0x20800a80=0x56x2 fn76/0x20802a0f=0x56x1 fn76/0x2080017e=0x56x1 fn76/0x20800a30=0x56x1 fn76/0x20800a2e=0x56x1 fn76/0x20800b03=0x56x1 fn76/0x20800b05=0x56x1 fn76/0x20800a3f=0x56x1 fn76/0x2080012b=0x56x1 fn76/0x2080013f=0x56x1 fn103/0x0000c36f=0x56x1 fn103/0x0000402c=0x56x1]]
kf3: family=Ampere phase=Running trapped=224779 applied=998 refused=2 serviced=130 ram_refused=0 unshadowed_writes=2 read_exits=0 last_off=0xb81210 mem[inval=15008 walks=15014/15014 cleared=15008 superseded=0 named_missed=1 unreconciled=0 mapped=14994 unmapped=19 clipped=0x0 held=0 vmm_overlaps=0 priv_withheld=0 priv_withheld_bytes=0x0 priv_mirrored=6 fn70=1 roots=6 root_moves=0 stmts=11/11 refused=0 pramin_repoints=18 pramin_miss=0 last_miss=0x0 pramin_worst_us=410 (map 356 mmap 66) pramin_maps=18 pramin_mmaps=18 inline_opens=0 reaped=17 cache_ops=0 sysmembars=2 root_unsets=0] mirrors=1 reused=5 prewarmed=3 mirror_avg_us=116586 mirror_max_us=116586 vat[invals=1500 arrive->clear_avg_us=813 max_us=243009 walks=1500 walk_avg_us=647 gpu_avg_us=403 plan_avg_us=0 apply_avg_us=111 leaves=1 host_calls=3000] chan[births=2 pt_births=0 acts=2/0refused worst_act_us=4910 nsi=[GR0:15024/0raised CE2:2/0raised] served=6 parks=15972 host_rings=2 contended=0 poisoned=0 tokens=[0x801:fwd=0,subs=0,serves=1,put=Some(0),gp_get=None 0x802:fwd=2,subs=2,serves=5,put=Some(2),gp_get=Some(2)]] views[armed=123 released=27 refused=0 held=96] rc[armed=0 unarmed=0 wakes=0 seen=0 posted=0] irq[writes=178753 raised=1 held=0 oor=0] unserviced=[0x20800a87,0x20800a4b,0x20800afe,0x20800aff,0x20800a80,0x20802a0f,0x2080017e,0x20800a30,0x20800a2e,0x20800b03,0x20800b05,0x20800a3f,0x2080012b,0x2080013f] gsp_refusals[total=17 distinct=16 [fn76/0x20800a87=0x56x1 fn76/0x20800a4b=0x56x1 fn76/0x20800afe=0x56x1 fn76/0x20800aff=0x56x1 fn76/0x20800a80=0x56x2 fn76/0x20802a0f=0x56x1 fn76/0x2080017e=0x56x1 fn76/0x20800a30=0x56x1 fn76/0x20800a2e=0x56x1 fn76/0x20800b03=0x56x1 fn76/0x20800b05=0x56x1 fn76/0x20800a3f=0x56x1 fn76/0x2080012b=0x56x1 fn76/0x2080013f=0x56x1 fn103/0x0000c36f=0x56x1 fn103/0x0000402c=0x56x1]]
kf3: family=Ampere phase=Running trapped=247163 applied=998 refused=2 serviced=130 ram_refused=0 unshadowed_writes=2 read_exits=0 last_off=0xb81608 mem[inval=16501 walks=16507/16507 cleared=16501 superseded=0 named_missed=1 unreconciled=0 mapped=16487 unmapped=19 clipped=0x0 held=0 vmm_overlaps=0 priv_withheld=0 priv_withheld_bytes=0x0 priv_mirrored=6 fn70=1 roots=6 root_moves=0 stmts=11/11 refused=0 pramin_repoints=18 pramin_miss=0 last_miss=0x0 pramin_worst_us=410 (map 356 mmap 66) pramin_maps=18 pramin_mmaps=18 inline_opens=0 reaped=17 cache_ops=0 sysmembars=2 root_unsets=0] mirrors=1 reused=5 prewarmed=3 mirror_avg_us=116586 mirror_max_us=116586 vat[invals=1493 arrive->clear_avg_us=825 max_us=243009 walks=1493 walk_avg_us=660 gpu_avg_us=428 plan_avg_us=0 apply_avg_us=112 leaves=1 host_calls=2986] chan[births=2 pt_births=0 acts=2/0refused worst_act_us=4910 nsi=[GR0:16517/0raised CE2:2/0raised] served=6 parks=17486 host_rings=2 contended=0 poisoned=0 tokens=[0x801:fwd=0,subs=0,serves=1,put=Some(0),gp_get=None 0x802:fwd=2,subs=2,serves=5,put=Some(2),gp_get=Some(2)]] views[armed=125 released=27 refused=0 held=98] rc[armed=0 unarmed=0 wakes=0 seen=0 posted=0] irq[writes=196658 raised=1 held=0 oor=0] unserviced=[0x20800a87,0x20800a4b,0x20800afe,0x20800aff,0x20800a80,0x20802a0f,0x2080017e,0x20800a30,0x20800a2e,0x20800b03,0x20800b05,0x20800a3f,0x2080012b,0x2080013f] gsp_refusals[total=17 distinct=16 [fn76/0x20800a87=0x56x1 fn76/0x20800a4b=0x56x1 fn76/0x20800afe=0x56x1 fn76/0x20800aff=0x56x1 fn76/0x20800a80=0x56x2 fn76/0x20802a0f=0x56x1 fn76/0x2080017e=0x56x1 fn76/0x20800a30=0x56x1 fn76/0x20800a2e=0x56x1 fn76/0x20800b03=0x56x1 fn76/0x20800b05=0x56x1 fn76/0x20800a3f=0x56x1 fn76/0x2080012b=0x56x1 fn76/0x2080013f=0x56x1 fn103/0x0000c36f=0x56x1 fn103/0x0000402c=0x56x1]]
kf3: family=Ampere phase=Running trapped=268873 applied=998 refused=2 serviced=130 ram_refused=0 unshadowed_writes=2 read_exits=0 last_off=0xb830b0 mem[inval=17952 walks=17957/17958 cleared=17951 superseded=0 named_missed=1 unreconciled=0 mapped=17937 unmapped=19 clipped=0x0 held=0 vmm_overlaps=0 priv_withheld=0 priv_withheld_bytes=0x0 priv_mirrored=6 fn70=1 roots=6 root_moves=0 stmts=11/11 refused=0 pramin_repoints=18 pramin_miss=0 last_miss=0x0 pramin_worst_us=410 (map 356 mmap 66) pramin_maps=18 pramin_mmaps=18 inline_opens=0 reaped=17 cache_ops=0 sysmembars=2 root_unsets=0] mirrors=1 reused=5 prewarmed=3 mirror_avg_us=116586 mirror_max_us=116586 vat[invals=1450 arrive->clear_avg_us=859 max_us=243009 walks=1450 walk_avg_us=694 gpu_avg_us=451 plan_avg_us=0 apply_avg_us=111 leaves=1 host_calls=2900] chan[births=2 pt_births=0 acts=2/0refused worst_act_us=4910 nsi=[GR0:17968/0raised CE2:2/0raised] served=6 parks=18959 host_rings=2 contended=0 poisoned=0 tokens=[0x801:fwd=0,subs=0,serves=1,put=Some(0),gp_get=None 0x802:fwd=2,subs=2,serves=5,put=Some(2),gp_get=Some(2)]] views[armed=129 released=27 refused=0 held=102] rc[armed=0 unarmed=0 wakes=0 seen=0 posted=0] irq[writes=214015 raised=1 held=0 oor=0] unserviced=[0x20800a87,0x20800a4b,0x20800afe,0x20800aff,0x20800a80,0x20802a0f,0x2080017e,0x20800a30,0x20800a2e,0x20800b03,0x20800b05,0x20800a3f,0x2080012b,0x2080013f] gsp_refusals[total=17 distinct=16 [fn76/0x20800a87=0x56x1 fn76/0x20800a4b=0x56x1 fn76/0x20800afe=0x56x1 fn76/0x20800aff=0x56x1 fn76/0x20800a80=0x56x2 fn76/0x20802a0f=0x56x1 fn76/0x2080017e=0x56x1 fn76/0x20800a30=0x56x1 fn76/0x20800a2e=0x56x1 fn76/0x20800b03=0x56x1 fn76/0x20800b05=0x56x1 fn76/0x20800a3f=0x56x1 fn76/0x2080012b=0x56x1 fn76/0x2080013f=0x56x1 fn103/0x0000c36f=0x56x1 fn103/0x0000402c=0x56x1]]
kf3: family=Ampere phase=Running trapped=290288 applied=998 refused=2 serviced=130 ram_refused=0 unshadowed_writes=2 read_exits=0 last_off=0xb830b0 mem[inval=19381 walks=19386/19387 cleared=19380 superseded=0 named_missed=1 unreconciled=0 mapped=19366 unmapped=19 clipped=0x0 held=0 vmm_overlaps=0 priv_withheld=0 priv_withheld_bytes=0x0 priv_mirrored=6 fn70=1 roots=6 root_moves=0 stmts=11/11 refused=0 pramin_repoints=18 pramin_miss=0 last_miss=0x0 pramin_worst_us=410 (map 356 mmap 66) pramin_maps=18 pramin_mmaps=18 inline_opens=0 reaped=17 cache_ops=0 sysmembars=2 root_unsets=0] mirrors=1 reused=5 prewarmed=3 mirror_avg_us=116586 mirror_max_us=116586 vat[invals=1429 arrive->clear_avg_us=886 max_us=243009 walks=1429 walk_avg_us=718 gpu_avg_us=475 plan_avg_us=0 apply_avg_us=112 leaves=1 host_calls=2858] chan[births=2 pt_births=0 acts=2/0refused worst_act_us=4910 nsi=[GR0:19396/0raised CE2:2/0raised] served=6 parks=20416 host_rings=2 contended=0 poisoned=0 tokens=[0x801:fwd=0,subs=0,serves=1,put=Some(0),gp_get=None 0x802:fwd=2,subs=2,serves=5,put=Some(2),gp_get=Some(2)]] views[armed=131 released=27 refused=0 held=104] rc[armed=0 unarmed=0 wakes=0 seen=0 posted=0] irq[writes=231143 raised=1 held=0 oor=0] unserviced=[0x20800a87,0x20800a4b,0x20800afe,0x20800aff,0x20800a80,0x20802a0f,0x2080017e,0x20800a30,0x20800a2e,0x20800b03,0x20800b05,0x20800a3f,0x2080012b,0x2080013f] gsp_refusals[total=17 distinct=16 [fn76/0x20800a87=0x56x1 fn76/0x20800a4b=0x56x1 fn76/0x20800afe=0x56x1 fn76/0x20800aff=0x56x1 fn76/0x20800a80=0x56x2 fn76/0x20802a0f=0x56x1 fn76/0x2080017e=0x56x1 fn76/0x20800a30=0x56x1 fn76/0x20800a2e=0x56x1 fn76/0x20800b03=0x56x1 fn76/0x20800b05=0x56x1 fn76/0x20800a3f=0x56x1 fn76/0x2080012b=0x56x1 fn76/0x2080013f=0x56x1 fn103/0x0000c36f=0x56x1 fn103/0x0000402c=0x56x1]]
kf3: walk capacity: slot 6 grown 10240 → 15616 runs
kf3: walk capacity: re-walk (needs s6:10241); walk pool 1048576 runs, slot pool 2097152 runs (2067200 free), max per space 1048576, slots held 6, grows 11, retries 11, ceilings 0, largest slot 15616, largest walk 10240
kf3: walk capacity: slot 7 grown 10240 → 15616 runs
kf3: walk capacity: re-walk (needs s7:10241); walk pool 1048576 runs, slot pool 2097152 runs (2061824 free), max per space 1048576, slots held 6, grows 12, retries 12, ceilings 0, largest slot 15616, largest walk 15616
kf3: family=Ampere phase=Running trapped=311289 applied=998 refused=2 serviced=130 ram_refused=0 unshadowed_writes=2 read_exits=0 last_off=0xb830b0 mem[inval=20784 walks=20789/20790 cleared=20783 superseded=0 named_missed=1 unreconciled=0 mapped=20769 unmapped=19 clipped=0x0 held=0 vmm_overlaps=0 priv_withheld=0 priv_withheld_bytes=0x0 priv_mirrored=6 fn70=1 roots=6 root_moves=0 stmts=11/11 refused=0 pramin_repoints=18 pramin_miss=0 last_miss=0x0 pramin_worst_us=410 (map 356 mmap 66) pramin_maps=18 pramin_mmaps=18 inline_opens=0 reaped=17 cache_ops=0 sysmembars=2 root_unsets=0] mirrors=1 reused=5 prewarmed=3 mirror_avg_us=116586 mirror_max_us=116586 vat[invals=1403 arrive->clear_avg_us=880 max_us=243009 walks=1403 walk_avg_us=719 gpu_avg_us=499 plan_avg_us=0 apply_avg_us=108 leaves=1 host_calls=2806] chan[births=2 pt_births=0 acts=2/0refused worst_act_us=4910 nsi=[GR0:20801/0raised CE2:2/0raised] served=6 parks=21852 host_rings=2 contended=0 poisoned=0 tokens=[0x801:fwd=0,subs=0,serves=1,put=Some(0),gp_get=None 0x802:fwd=2,subs=2,serves=5,put=Some(2),gp_get=Some(2)]] views[armed=135 released=27 refused=0 held=108] rc[armed=0 unarmed=0 wakes=0 seen=0 posted=0] irq[writes=247935 raised=1 held=0 oor=0] unserviced=[0x20800a87,0x20800a4b,0x20800afe,0x20800aff,0x20800a80,0x20802a0f,0x2080017e,0x20800a30,0x20800a2e,0x20800b03,0x20800b05,0x20800a3f,0x2080012b,0x2080013f] gsp_refusals[total=17 distinct=16 [fn76/0x20800a87=0x56x1 fn76/0x20800a4b=0x56x1 fn76/0x20800afe=0x56x1 fn76/0x20800aff=0x56x1 fn76/0x20800a80=0x56x2 fn76/0x20802a0f=0x56x1 fn76/0x2080017e=0x56x1 fn76/0x20800a30=0x56x1 fn76/0x20800a2e=0x56x1 fn76/0x20800b03=0x56x1 fn76/0x20800b05=0x56x1 fn76/0x20800a3f=0x56x1 fn76/0x2080012b=0x56x1 fn76/0x2080013f=0x56x1 fn103/0x0000c36f=0x56x1 fn103/0x0000402c=0x56x1]]
kf3: family=Ampere phase=Running trapped=331586 applied=998 refused=2 serviced=130 ram_refused=0 unshadowed_writes=2 read_exits=0 last_off=0xb830b0 mem[inval=22139 walks=22144/22145 cleared=22138 superseded=0 named_missed=1 unreconciled=0 mapped=22124 unmapped=19 clipped=0x0 held=0 vmm_overlaps=0 priv_withheld=0 priv_withheld_bytes=0x0 priv_mirrored=6 fn70=1 roots=6 root_moves=0 stmts=11/11 refused=0 pramin_repoints=18 pramin_miss=0 last_miss=0x0 pramin_worst_us=410 (map 356 mmap 66) pramin_maps=18 pramin_mmaps=18 inline_opens=0 reaped=17 cache_ops=0 sysmembars=2 root_unsets=0] mirrors=1 reused=5 prewarmed=3 mirror_avg_us=116586 mirror_max_us=116586 vat[invals=1355 arrive->clear_avg_us=912 max_us=243009 walks=1355 walk_avg_us=738 gpu_avg_us=508 plan_avg_us=0 apply_avg_us=118 leaves=1 host_calls=2710] chan[births=2 pt_births=0 acts=2/0refused worst_act_us=4910 nsi=[GR0:22157/0raised CE2:2/0raised] served=6 parks=23232 host_rings=2 contended=0 poisoned=0 tokens=[0x801:fwd=0,subs=0,serves=1,put=Some(0),gp_get=None 0x802:fwd=2,subs=2,serves=5,put=Some(2),gp_get=Some(2)]] views[armed=137 released=27 refused=0 held=110] rc[armed=0 unarmed=0 wakes=0 seen=0 posted=0] irq[writes=264167 raised=1 held=0 oor=0] unserviced=[0x20800a87,0x20800a4b,0x20800afe,0x20800aff,0x20800a80,0x20802a0f,0x2080017e,0x20800a30,0x20800a2e,0x20800b03,0x20800b05,0x20800a3f,0x2080012b,0x2080013f] gsp_refusals[total=17 distinct=16 [fn76/0x20800a87=0x56x1 fn76/0x20800a4b=0x56x1 fn76/0x20800afe=0x56x1 fn76/0x20800aff=0x56x1 fn76/0x20800a80=0x56x2 fn76/0x20802a0f=0x56x1 fn76/0x2080017e=0x56x1 fn76/0x20800a30=0x56x1 fn76/0x20800a2e=0x56x1 fn76/0x20800b03=0x56x1 fn76/0x20800b05=0x56x1 fn76/0x20800a3f=0x56x1 fn76/0x2080012b=0x56x1 fn76/0x2080013f=0x56x1 fn103/0x0000c36f=0x56x1 fn103/0x0000402c=0x56x1]]
kf3: family=Ampere phase=Running trapped=352518 applied=998 refused=2 serviced=130 ram_refused=0 unshadowed_writes=2 read_exits=0 last_off=0xb81608 mem[inval=23535 walks=23541/23541 cleared=23535 superseded=0 named_missed=1 unreconciled=0 mapped=23521 unmapped=19 clipped=0x0 held=0 vmm_overlaps=0 priv_withheld=0 priv_withheld_bytes=0x0 priv_mirrored=6 fn70=1 roots=6 root_moves=0 stmts=11/11 refused=0 pramin_repoints=18 pramin_miss=0 last_miss=0x0 pramin_worst_us=410 (map 356 mmap 66) pramin_maps=18 pramin_mmaps=18 inline_opens=0 reaped=17 cache_ops=0 sysmembars=2 root_unsets=0] mirrors=1 reused=5 prewarmed=3 mirror_avg_us=116586 mirror_max_us=116586 vat[invals=1397 arrive->clear_avg_us=877 max_us=243009 walks=1397 walk_avg_us=710 gpu_avg_us=513 plan_avg_us=0 apply_avg_us=112 leaves=1 host_calls=2794] chan[births=2 pt_births=0 acts=2/0refused worst_act_us=4910 nsi=[GR0:23553/0raised CE2:2/0raised] served=6 parks=24651 host_rings=2 contended=0 poisoned=0 tokens=[0x801:fwd=0,subs=0,serves=1,put=Some(0),gp_get=None 0x802:fwd=2,subs=2,serves=5,put=Some(2),gp_get=Some(2)]] views[armed=139 released=27 refused=0 held=112] rc[armed=0 unarmed=0 wakes=0 seen=0 posted=0] irq[writes=280911 raised=1 held=0 oor=0] unserviced=[0x20800a87,0x20800a4b,0x20800afe,0x20800aff,0x20800a80,0x20802a0f,0x2080017e,0x20800a30,0x20800a2e,0x20800b03,0x20800b05,0x20800a3f,0x2080012b,0x2080013f] gsp_refusals[total=17 distinct=16 [fn76/0x20800a87=0x56x1 fn76/0x20800a4b=0x56x1 fn76/0x20800afe=0x56x1 fn76/0x20800aff=0x56x1 fn76/0x20800a80=0x56x2 fn76/0x20802a0f=0x56x1 fn76/0x2080017e=0x56x1 fn76/0x20800a30=0x56x1 fn76/0x20800a2e=0x56x1 fn76/0x20800b03=0x56x1 fn76/0x20800b05=0x56x1 fn76/0x20800a3f=0x56x1 fn76/0x2080012b=0x56x1 fn76/0x2080013f=0x56x1 fn103/0x0000c36f=0x56x1 fn103/0x0000402c=0x56x1]]
kf3: family=Ampere phase=Running trapped=371804 applied=998 refused=2 serviced=130 ram_refused=0 unshadowed_writes=2 read_exits=0 last_off=0xb830b0 mem[inval=24825 walks=24830/24830 cleared=24824 superseded=0 named_missed=1 unreconciled=0 mapped=24810 unmapped=19 clipped=0x0 held=0 vmm_overlaps=0 priv_withheld=0 priv_withheld_bytes=0x0 priv_mirrored=6 fn70=1 roots=6 root_moves=0 stmts=11/11 refused=0 pramin_repoints=18 pramin_miss=0 last_miss=0x0 pramin_worst_us=410 (map 356 mmap 66) pramin_maps=18 pramin_mmaps=18 inline_opens=0 reaped=17 cache_ops=0 sysmembars=2 root_unsets=0] mirrors=1 reused=5 prewarmed=3 mirror_avg_us=116586 mirror_max_us=116586 vat[invals=1289 arrive->clear_avg_us=929 max_us=243009 walks=1289 walk_avg_us=742 gpu_avg_us=532 plan_avg_us=0 apply_avg_us=128 leaves=1 host_calls=2578] chan[births=2 pt_births=0 acts=2/0refused worst_act_us=4910 nsi=[GR0:24842/0raised CE2:2/0raised] served=6 parks=25966 host_rings=2 contended=0 poisoned=0 tokens=[0x801:fwd=0,subs=0,serves=1,put=Some(0),gp_get=None 0x802:fwd=2,subs=2,serves=5,put=Some(2),gp_get=Some(2)]] views[armed=143 released=27 refused=0 held=116] rc[armed=0 unarmed=0 wakes=0 seen=0 posted=0] irq[writes=296327 raised=1 held=0 oor=0] unserviced=[0x20800a87,0x20800a4b,0x20800afe,0x20800aff,0x20800a80,0x20802a0f,0x2080017e,0x20800a30,0x20800a2e,0x20800b03,0x20800b05,0x20800a3f,0x2080012b,0x2080013f] gsp_refusals[total=17 distinct=16 [fn76/0x20800a87=0x56x1 fn76/0x20800a4b=0x56x1 fn76/0x20800afe=0x56x1 fn76/0x20800aff=0x56x1 fn76/0x20800a80=0x56x2 fn76/0x20802a0f=0x56x1 fn76/0x2080017e=0x56x1 fn76/0x20800a30=0x56x1 fn76/0x20800a2e=0x56x1 fn76/0x20800b03=0x56x1 fn76/0x20800b05=0x56x1 fn76/0x20800a3f=0x56x1 fn76/0x2080012b=0x56x1 fn76/0x2080013f=0x56x1 fn103/0x0000c36f=0x56x1 fn103/0x0000402c=0x56x1]]
kf3: family=Ampere phase=Running trapped=390639 applied=998 refused=2 serviced=130 ram_refused=0 unshadowed_writes=2 read_exits=0 last_off=0xb830b0 mem[inval=26082 walks=26087/26088 cleared=26081 superseded=0 named_missed=1 unreconciled=0 mapped=26067 unmapped=19 clipped=0x0 held=0 vmm_overlaps=0 priv_withheld=0 priv_withheld_bytes=0x0 priv_mirrored=6 fn70=1 roots=6 root_moves=0 stmts=11/11 refused=0 pramin_repoints=18 pramin_miss=0 last_miss=0x0 pramin_worst_us=410 (map 356 mmap 66) pramin_maps=18 pramin_mmaps=18 inline_opens=0 reaped=17 cache_ops=0 sysmembars=2 root_unsets=0] mirrors=1 reused=5 prewarmed=3 mirror_avg_us=116586 mirror_max_us=116586 vat[invals=1257 arrive->clear_avg_us=940 max_us=243009 walks=1257 walk_avg_us=752 gpu_avg_us=552 plan_avg_us=0 apply_avg_us=129 leaves=1 host_calls=2514] chan[births=2 pt_births=0 acts=2/0refused worst_act_us=4910 nsi=[GR0:26099/0raised CE2:2/0raised] served=6 parks=27253 host_rings=2 contended=0 poisoned=0 tokens=[0x801:fwd=0,subs=0,serves=1,put=Some(0),gp_get=None 0x802:fwd=2,subs=2,serves=5,put=Some(2),gp_get=Some(2)]] views[armed=145 released=27 refused=0 held=118] rc[armed=0 unarmed=0 wakes=0 seen=0 posted=0] irq[writes=311391 raised=1 held=0 oor=0] unserviced=[0x20800a87,0x20800a4b,0x20800afe,0x20800aff,0x20800a80,0x20802a0f,0x2080017e,0x20800a30,0x20800a2e,0x20800b03,0x20800b05,0x20800a3f,0x2080012b,0x2080013f] gsp_refusals[total=17 distinct=16 [fn76/0x20800a87=0x56x1 fn76/0x20800a4b=0x56x1 fn76/0x20800afe=0x56x1 fn76/0x20800aff=0x56x1 fn76/0x20800a80=0x56x2 fn76/0x20802a0f=0x56x1 fn76/0x2080017e=0x56x1 fn76/0x20800a30=0x56x1 fn76/0x20800a2e=0x56x1 fn76/0x20800b03=0x56x1 fn76/0x20800b05=0x56x1 fn76/0x20800a3f=0x56x1 fn76/0x2080012b=0x56x1 fn76/0x2080013f=0x56x1 fn103/0x0000c36f=0x56x1 fn103/0x0000402c=0x56x1]]
kf3: GSP rpc RmControl seq=128
kf3: GSP rpc RmAlloc seq=129
kf3: GSP rpc RmControl seq=130
kayfabe: HELD-REPLY fn=RmAlloc depth=1 — this map reply WAITS for its rows
kf3: GSP rpc RmAlloc seq=131
kf3: act birth passthrough: chan 0xc1d0000b:0xcafe32d4 BORN Passthrough: token 0x3 -> host 0x1a in VasKey(13965662495126192135) gpfifo=0x1232d1000x64 userd=Store { store: 3405643781, off: 339968 } engine=0x9 declared_kernel_pid=false privilege=1 rc=none (2852 us, off the GSP lock)
kayfabe: HELD-REPLY-POSTED n=1 — their rows are on the host now
kf3: chan 0xc1d0000b:0xcafe32d4 BIND engine=0x9 (passthrough host 0x1a)
kf3: GSP rpc RmControl seq=132
kayfabe: HELD-REPLY fn=RmAlloc depth=1 — this map reply WAITS for its rows
kf3: GSP rpc RmAlloc seq=133
kf3: act engine object: 0xc1d0000b:0xcafe32d5 class 0xc7b5 (DmaCopy) on twin host 0x1a -> host object 0xcafe002c (361 us, off the GSP lock)
kayfabe: HELD-REPLY-POSTED n=1 — their rows are on the host now
kayfabe: HELD-REPLY fn=RmControl depth=1 — this map reply WAITS for its rows
kf3: GSP rpc RmControl seq=134
kf3: act schedule: 0xc1d0000b:0xcafe32d3 GPFIFO_SCHEDULE enable=true on 1 twin(s) (0 restarted after STOP) (437 us, off the GSP lock)
kayfabe: HELD-REPLY-POSTED n=1 — their rows are on the host now
kf3: family=Ampere phase=Running trapped=406633 applied=1005 refused=2 serviced=137 ram_refused=0 unshadowed_writes=2 read_exits=0 last_off=0xb830b0 mem[inval=27144 walks=27149/27150 cleared=27143 superseded=0 named_missed=1 unreconciled=0 mapped=26153 unmapped=994 clipped=0x0 held=0 vmm_overlaps=0 priv_withheld=0 priv_withheld_bytes=0x0 priv_mirrored=6 fn70=1 roots=6 root_moves=0 stmts=11/11 refused=0 pramin_repoints=18 pramin_miss=0 last_miss=0x0 pramin_worst_us=410 (map 356 mmap 66) pramin_maps=18 pramin_mmaps=18 inline_opens=0 reaped=17 cache_ops=0 sysmembars=2 root_unsets=0] mirrors=1 reused=5 prewarmed=3 mirror_avg_us=116586 mirror_max_us=116586 vat[invals=1062 arrive->clear_avg_us=1189 max_us=243009 walks=1062 walk_avg_us=796 gpu_avg_us=555 plan_avg_us=0 apply_avg_us=345 leaves=1 host_calls=2122] chan[births=2 pt_births=1 acts=5/0refused worst_act_us=4910 nsi=[GR0:27162/0raised CE2:2/0raised] served=6 parks=28342 host_rings=2 contended=0 poisoned=0 tokens=[0x801:fwd=0,subs=0,serves=1,put=Some(0),gp_get=None 0x802:fwd=2,subs=2,serves=5,put=Some(2),gp_get=Some(2)]] views[armed=148 released=27 refused=0 held=121] rc[armed=0 unarmed=0 wakes=0 seen=0 posted=0] irq[writes=324191 raised=1 held=0 oor=0] unserviced=[0x20800a87,0x20800a4b,0x20800afe,0x20800aff,0x20800a80,0x20802a0f,0x2080017e,0x20800a30,0x20800a2e,0x20800b03,0x20800b05,0x20800a3f,0x2080012b,0x2080013f] gsp_refusals[total=17 distinct=16 [fn76/0x20800a87=0x56x1 fn76/0x20800a4b=0x56x1 fn76/0x20800afe=0x56x1 fn76/0x20800aff=0x56x1 fn76/0x20800a80=0x56x2 fn76/0x20802a0f=0x56x1 fn76/0x2080017e=0x56x1 fn76/0x20800a30=0x56x1 fn76/0x20800a2e=0x56x1 fn76/0x20800b03=0x56x1 fn76/0x20800b05=0x56x1 fn76/0x20800a3f=0x56x1 fn76/0x2080012b=0x56x1 fn76/0x2080013f=0x56x1 fn103/0x0000c36f=0x56x1 fn103/0x0000402c=0x56x1]]
kf3: family=Ampere phase=Running trapped=421813 applied=1005 refused=2 serviced=137 ram_refused=0 unshadowed_writes=2 read_exits=0 last_off=0xb830b0 mem[inval=28156 walks=28161/28162 cleared=28155 superseded=0 named_missed=1 unreconciled=0 mapped=26153 unmapped=2006 clipped=0x0 held=0 vmm_overlaps=0 priv_withheld=0 priv_withheld_bytes=0x0 priv_mirrored=6 fn70=1 roots=6 root_moves=0 stmts=11/11 refused=0 pramin_repoints=18 pramin_miss=0 last_miss=0x0 pramin_worst_us=410 (map 356 mmap 66) pramin_maps=18 pramin_mmaps=18 inline_opens=0 reaped=17 cache_ops=0 sysmembars=2 root_unsets=0] mirrors=1 reused=5 prewarmed=3 mirror_avg_us=116586 mirror_max_us=116586 vat[invals=1012 arrive->clear_avg_us=1251 max_us=243009 walks=1012 walk_avg_us=807 gpu_avg_us=541 plan_avg_us=0 apply_avg_us=392 leaves=1 host_calls=2024] chan[births=2 pt_births=1 acts=5/0refused worst_act_us=4910 nsi=[GR0:28173/0raised CE2:2/0raised] served=6 parks=29376 host_rings=2 contended=0 poisoned=0 tokens=[0x801:fwd=0,subs=0,serves=1,put=Some(0),gp_get=None 0x802:fwd=2,subs=2,serves=5,put=Some(2),gp_get=Some(2)]] views[armed=148 released=27 refused=0 held=121] rc[armed=0 unarmed=0 wakes=0 seen=0 posted=0] irq[writes=336335 raised=1 held=0 oor=0] unserviced=[0x20800a87,0x20800a4b,0x20800afe,0x20800aff,0x20800a80,0x20802a0f,0x2080017e,0x20800a30,0x20800a2e,0x20800b03,0x20800b05,0x20800a3f,0x2080012b,0x2080013f] gsp_refusals[total=17 distinct=16 [fn76/0x20800a87=0x56x1 fn76/0x20800a4b=0x56x1 fn76/0x20800afe=0x56x1 fn76/0x20800aff=0x56x1 fn76/0x20800a80=0x56x2 fn76/0x20802a0f=0x56x1 fn76/0x2080017e=0x56x1 fn76/0x20800a30=0x56x1 fn76/0x20800a2e=0x56x1 fn76/0x20800b03=0x56x1 fn76/0x20800b05=0x56x1 fn76/0x20800a3f=0x56x1 fn76/0x2080012b=0x56x1 fn76/0x2080013f=0x56x1 fn103/0x0000c36f=0x56x1 fn103/0x0000402c=0x56x1]]
kf3: family=Ampere phase=Running trapped=435433 applied=1005 refused=2 serviced=137 ram_refused=0 unshadowed_writes=2 read_exits=0 last_off=0xb830b0 mem[inval=29064 walks=29069/29070 cleared=29063 superseded=0 named_missed=1 unreconciled=0 mapped=26153 unmapped=2914 clipped=0x0 held=0 vmm_overlaps=0 priv_withheld=0 priv_withheld_bytes=0x0 priv_mirrored=6 fn70=1 roots=6 root_moves=0 stmts=11/11 refused=0 pramin_repoints=18 pramin_miss=0 last_miss=0x0 pramin_worst_us=410 (map 356 mmap 66) pramin_maps=18 pramin_mmaps=18 inline_opens=0 reaped=17 cache_ops=0 sysmembars=2 root_unsets=0] mirrors=1 reused=5 prewarmed=3 mirror_avg_us=116586 mirror_max_us=116586 vat[invals=908 arrive->clear_avg_us=1436 max_us=243009 walks=908 walk_avg_us=788 gpu_avg_us=541 plan_avg_us=0 apply_avg_us=586 leaves=1 host_calls=1816] chan[births=2 pt_births=1 acts=5/0refused worst_act_us=4910 nsi=[GR0:29081/0raised CE2:2/0raised] served=6 parks=30307 host_rings=2 contended=0 poisoned=0 tokens=[0x801:fwd=0,subs=0,serves=1,put=Some(0),gp_get=None 0x802:fwd=2,subs=2,serves=5,put=Some(2),gp_get=Some(2)]] views[armed=148 released=27 refused=0 held=121] rc[armed=0 unarmed=0 wakes=0 seen=0 posted=0] irq[writes=347231 raised=1 held=0 oor=0] unserviced=[0x20800a87,0x20800a4b,0x20800afe,0x20800aff,0x20800a80,0x20802a0f,0x2080017e,0x20800a30,0x20800a2e,0x20800b03,0x20800b05,0x20800a3f,0x2080012b,0x2080013f] gsp_refusals[total=17 distinct=16 [fn76/0x20800a87=0x56x1 fn76/0x20800a4b=0x56x1 fn76/0x20800afe=0x56x1 fn76/0x20800aff=0x56x1 fn76/0x20800a80=0x56x2 fn76/0x20802a0f=0x56x1 fn76/0x2080017e=0x56x1 fn76/0x20800a30=0x56x1 fn76/0x20800a2e=0x56x1 fn76/0x20800b03=0x56x1 fn76/0x20800b05=0x56x1 fn76/0x20800a3f=0x56x1 fn76/0x2080012b=0x56x1 fn76/0x2080013f=0x56x1 fn103/0x0000c36f=0x56x1 fn103/0x0000402c=0x56x1]]
kf3: family=Ampere phase=Running trapped=450553 applied=1005 refused=2 serviced=137 ram_refused=0 unshadowed_writes=2 read_exits=0 last_off=0xb830b0 mem[inval=30072 walks=30077/30078 cleared=30071 superseded=0 named_missed=1 unreconciled=0 mapped=26153 unmapped=3922 clipped=0x0 held=0 vmm_overlaps=0 priv_withheld=0 priv_withheld_bytes=0x0 priv_mirrored=6 fn70=1 roots=6 root_moves=0 stmts=11/11 refused=0 pramin_repoints=18 pramin_miss=0 last_miss=0x0 pramin_worst_us=410 (map 356 mmap 66) pramin_maps=18 pramin_mmaps=18 inline_opens=0 reaped=17 cache_ops=0 sysmembars=2 root_unsets=0] mirrors=1 reused=5 prewarmed=3 mirror_avg_us=116586 mirror_max_us=116586 vat[invals=1008 arrive->clear_avg_us=1248 max_us=243009 walks=1008 walk_avg_us=694 gpu_avg_us=518 plan_avg_us=0 apply_avg_us=486 leaves=1 host_calls=2016] chan[births=2 pt_births=1 acts=5/0refused worst_act_us=4910 nsi=[GR0:30089/0raised CE2:2/0raised] served=6 parks=31352 host_rings=2 contended=0 poisoned=0 tokens=[0x801:fwd=0,subs=0,serves=1,put=Some(0),gp_get=None 0x802:fwd=2,subs=2,serves=5,put=Some(2),gp_get=Some(2)]] views[armed=148 released=27 refused=0 held=121] rc[armed=0 unarmed=0 wakes=0 seen=0 posted=0] irq[writes=359327 raised=1 held=0 oor=0] unserviced=[0x20800a87,0x20800a4b,0x20800afe,0x20800aff,0x20800a80,0x20802a0f,0x2080017e,0x20800a30,0x20800a2e,0x20800b03,0x20800b05,0x20800a3f,0x2080012b,0x2080013f] gsp_refusals[total=17 distinct=16 [fn76/0x20800a87=0x56x1 fn76/0x20800a4b=0x56x1 fn76/0x20800afe=0x56x1 fn76/0x20800aff=0x56x1 fn76/0x20800a80=0x56x2 fn76/0x20802a0f=0x56x1 fn76/0x2080017e=0x56x1 fn76/0x20800a30=0x56x1 fn76/0x20800a2e=0x56x1 fn76/0x20800b03=0x56x1 fn76/0x20800b05=0x56x1 fn76/0x20800a3f=0x56x1 fn76/0x2080012b=0x56x1 fn76/0x2080013f=0x56x1 fn103/0x0000c36f=0x56x1 fn103/0x0000402c=0x56x1]]
kf3: family=Ampere phase=Running trapped=466502 applied=1005 refused=2 serviced=137 ram_refused=0 unshadowed_writes=2 read_exits=0 last_off=0xb830b0 mem[inval=31135 walks=31140/31141 cleared=31134 superseded=0 named_missed=1 unreconciled=0 mapped=26153 unmapped=4985 clipped=0x0 held=0 vmm_overlaps=0 priv_withheld=0 priv_withheld_bytes=0x0 priv_mirrored=6 fn70=1 roots=6 root_moves=0 stmts=11/11 refused=0 pramin_repoints=18 pramin_miss=0 last_miss=0x0 pramin_worst_us=410 (map 356 mmap 66) pramin_maps=18 pramin_mmaps=18 inline_opens=0 reaped=17 cache_ops=0 sysmembars=2 root_unsets=0] mirrors=1 reused=5 prewarmed=3 mirror_avg_us=116586 mirror_max_us=116586 vat[invals=1063 arrive->clear_avg_us=1178 max_us=243009 walks=1063 walk_avg_us=712 gpu_avg_us=516 plan_avg_us=0 apply_avg_us=411 leaves=1 host_calls=2126] chan[births=2 pt_births=1 acts=5/0refused worst_act_us=4910 nsi=[GR0:31153/0raised CE2:2/0raised] served=6 parks=32456 host_rings=2 contended=0 poisoned=0 tokens=[0x801:fwd=0,subs=0,serves=1,put=Some(0),gp_get=None 0x802:fwd=2,subs=2,serves=5,put=Some(2),gp_get=Some(2)]] views[armed=148 released=27 refused=0 held=121] rc[armed=0 unarmed=0 wakes=0 seen=0 posted=0] irq[writes=372087 raised=1 held=0 oor=0] unserviced=[0x20800a87,0x20800a4b,0x20800afe,0x20800aff,0x20800a80,0x20802a0f,0x2080017e,0x20800a30,0x20800a2e,0x20800b03,0x20800b05,0x20800a3f,0x2080012b,0x2080013f] gsp_refusals[total=17 distinct=16 [fn76/0x20800a87=0x56x1 fn76/0x20800a4b=0x56x1 fn76/0x20800afe=0x56x1 fn76/0x20800aff=0x56x1 fn76/0x20800a80=0x56x2 fn76/0x20802a0f=0x56x1 fn76/0x2080017e=0x56x1 fn76/0x20800a30=0x56x1 fn76/0x20800a2e=0x56x1 fn76/0x20800b03=0x56x1 fn76/0x20800b05=0x56x1 fn76/0x20800a3f=0x56x1 fn76/0x2080012b=0x56x1 fn76/0x2080013f=0x56x1 fn103/0x0000c36f=0x56x1 fn103/0x0000402c=0x56x1]]
kf3: family=Ampere phase=Running trapped=482148 applied=1005 refused=2 serviced=137 ram_refused=0 unshadowed_writes=2 read_exits=0 last_off=0xb830b0 mem[inval=32177 walks=32182/32183 cleared=32176 superseded=0 named_missed=1 unreconciled=0 mapped=26153 unmapped=6027 clipped=0x0 held=0 vmm_overlaps=0 priv_withheld=0 priv_withheld_bytes=0x0 priv_mirrored=6 fn70=1 roots=6 root_moves=0 stmts=11/11 refused=0 pramin_repoints=18 pramin_miss=0 last_miss=0x0 pramin_worst_us=410 (map 356 mmap 66) pramin_maps=18 pramin_mmaps=18 inline_opens=0 reaped=17 cache_ops=0 sysmembars=2 root_unsets=0] mirrors=1 reused=5 prewarmed=3 mirror_avg_us=116586 mirror_max_us=116586 vat[invals=1042 arrive->clear_avg_us=1221 max_us=243009 walks=1042 walk_avg_us=723 gpu_avg_us=494 plan_avg_us=0 apply_avg_us=434 leaves=1 host_calls=2084] chan[births=2 pt_births=1 acts=5/0refused worst_act_us=4910 nsi=[GR0:32194/0raised CE2:2/0raised] served=6 parks=33535 host_rings=2 contended=0 poisoned=0 tokens=[0x801:fwd=0,subs=0,serves=1,put=Some(0),gp_get=None 0x802:fwd=2,subs=2,serves=5,put=Some(2),gp_get=Some(2)]] views[armed=148 released=27 refused=0 held=121] rc[armed=0 unarmed=0 wakes=0 seen=0 posted=0] irq[writes=384607 raised=1 held=0 oor=0] unserviced=[0x20800a87,0x20800a4b,0x20800afe,0x20800aff,0x20800a80,0x20802a0f,0x2080017e,0x20800a30,0x20800a2e,0x20800b03,0x20800b05,0x20800a3f,0x2080012b,0x2080013f] gsp_refusals[total=17 distinct=16 [fn76/0x20800a87=0x56x1 fn76/0x20800a4b=0x56x1 fn76/0x20800afe=0x56x1 fn76/0x20800aff=0x56x1 fn76/0x20800a80=0x56x2 fn76/0x20802a0f=0x56x1 fn76/0x2080017e=0x56x1 fn76/0x20800a30=0x56x1 fn76/0x20800a2e=0x56x1 fn76/0x20800b03=0x56x1 fn76/0x20800b05=0x56x1 fn76/0x20800a3f=0x56x1 fn76/0x2080012b=0x56x1 fn76/0x2080013f=0x56x1 fn103/0x0000c36f=0x56x1 fn103/0x0000402c=0x56x1]]
kf3: family=Ampere phase=Running trapped=497628 applied=1005 refused=2 serviced=137 ram_refused=0 unshadowed_writes=2 read_exits=0 last_off=0xb81608 mem[inval=33208 walks=33214/33214 cleared=33208 superseded=0 named_missed=1 unreconciled=0 mapped=26153 unmapped=7059 clipped=0x0 held=0 vmm_overlaps=0 priv_withheld=0 priv_withheld_bytes=0x0 priv_mirrored=6 fn70=1 roots=6 root_moves=0 stmts=11/11 refused=0 pramin_repoints=18 pramin_miss=0 last_miss=0x0 pramin_worst_us=410 (map 356 mmap 66) pramin_maps=18 pramin_mmaps=18 inline_opens=0 reaped=17 cache_ops=0 sysmembars=2 root_unsets=0] mirrors=1 reused=5 prewarmed=3 mirror_avg_us=116586 mirror_max_us=116586 vat[invals=1032 arrive->clear_avg_us=1247 max_us=243009 walks=1032 walk_avg_us=730 gpu_avg_us=481 plan_avg_us=0 apply_avg_us=448 leaves=1 host_calls=2064] chan[births=2 pt_births=1 acts=5/0refused worst_act_us=4910 nsi=[GR0:33226/0raised CE2:2/0raised] served=6 parks=34607 host_rings=2 contended=0 poisoned=0 tokens=[0x801:fwd=0,subs=0,serves=1,put=Some(0),gp_get=None 0x802:fwd=2,subs=2,serves=5,put=Some(2),gp_get=Some(2)]] views[armed=148 released=27 refused=0 held=121] rc[armed=0 unarmed=0 wakes=0 seen=0 posted=0] irq[writes=396994 raised=1 held=0 oor=0] unserviced=[0x20800a87,0x20800a4b,0x20800afe,0x20800aff,0x20800a80,0x20802a0f,0x2080017e,0x20800a30,0x20800a2e,0x20800b03,0x20800b05,0x20800a3f,0x2080012b,0x2080013f] gsp_refusals[total=17 distinct=16 [fn76/0x20800a87=0x56x1 fn76/0x20800a4b=0x56x1 fn76/0x20800afe=0x56x1 fn76/0x20800aff=0x56x1 fn76/0x20800a80=0x56x2 fn76/0x20802a0f=0x56x1 fn76/0x2080017e=0x56x1 fn76/0x20800a30=0x56x1 fn76/0x20800a2e=0x56x1 fn76/0x20800b03=0x56x1 fn76/0x20800b05=0x56x1 fn76/0x20800a3f=0x56x1 fn76/0x2080012b=0x56x1 fn76/0x2080013f=0x56x1 fn103/0x0000c36f=0x56x1 fn103/0x0000402c=0x56x1]]
kf3: family=Ampere phase=Running trapped=513080 applied=1005 refused=2 serviced=137 ram_refused=0 unshadowed_writes=2 read_exits=0 last_off=0xb81408 mem[inval=34238 walks=34244/34244 cleared=34238 superseded=0 named_missed=1 unreconciled=0 mapped=26153 unmapped=8089 clipped=0x0 held=0 vmm_overlaps=0 priv_withheld=0 priv_withheld_bytes=0x0 priv_mirrored=6 fn70=1 roots=6 root_moves=0 stmts=11/11 refused=0 pramin_repoints=18 pramin_miss=0 last_miss=0x0 pramin_worst_us=410 (map 356 mmap 66) pramin_maps=18 pramin_mmaps=18 inline_opens=0 reaped=17 cache_ops=0 sysmembars=2 root_unsets=0] mirrors=1 reused=5 prewarmed=3 mirror_avg_us=116586 mirror_max_us=116586 vat[invals=1030 arrive->clear_avg_us=1258 max_us=243009 walks=1030 walk_avg_us=712 gpu_avg_us=474 plan_avg_us=0 apply_avg_us=473 leaves=1 host_calls=2060] chan[births=2 pt_births=1 acts=5/0refused worst_act_us=4910 nsi=[GR0:34256/0raised CE2:2/0raised] served=6 parks=35676 host_rings=2 contended=0 poisoned=0 tokens=[0x801:fwd=0,subs=0,serves=1,put=Some(0),gp_get=None 0x802:fwd=2,subs=2,serves=5,put=Some(2),gp_get=Some(2)]] views[armed=148 released=27 refused=0 held=121] rc[armed=0 unarmed=0 wakes=0 seen=0 posted=0] irq[writes=409356 raised=1 held=0 oor=0] unserviced=[0x20800a87,0x20800a4b,0x20800afe,0x20800aff,0x20800a80,0x20802a0f,0x2080017e,0x20800a30,0x20800a2e,0x20800b03,0x20800b05,0x20800a3f,0x2080012b,0x2080013f] gsp_refusals[total=17 distinct=16 [fn76/0x20800a87=0x56x1 fn76/0x20800a4b=0x56x1 fn76/0x20800afe=0x56x1 fn76/0x20800aff=0x56x1 fn76/0x20800a80=0x56x2 fn76/0x20802a0f=0x56x1 fn76/0x2080017e=0x56x1 fn76/0x20800a30=0x56x1 fn76/0x20800a2e=0x56x1 fn76/0x20800b03=0x56x1 fn76/0x20800b05=0x56x1 fn76/0x20800a3f=0x56x1 fn76/0x2080012b=0x56x1 fn76/0x2080013f=0x56x1 fn103/0x0000c36f=0x56x1 fn103/0x0000402c=0x56x1]]
kf3: family=Ampere phase=Running trapped=529717 applied=1005 refused=2 serviced=137 ram_refused=0 unshadowed_writes=2 read_exits=0 last_off=0xb830b0 mem[inval=35348 walks=35353/35353 cleared=35347 superseded=0 named_missed=1 unreconciled=0 mapped=26153 unmapped=9198 clipped=0x0 held=0 vmm_overlaps=0 priv_withheld=0 priv_withheld_bytes=0x0 priv_mirrored=6 fn70=1 roots=6 root_moves=0 stmts=11/11 refused=0 pramin_repoints=18 pramin_miss=0 last_miss=0x0 pramin_worst_us=410 (map 356 mmap 66) pramin_maps=18 pramin_mmaps=18 inline_opens=0 reaped=17 cache_ops=0 sysmembars=2 root_unsets=0] mirrors=1 reused=5 prewarmed=3 mirror_avg_us=116586 mirror_max_us=116586 vat[invals=1109 arrive->clear_avg_us=1125 max_us=243009 walks=1109 walk_avg_us=655 gpu_avg_us=450 plan_avg_us=0 apply_avg_us=405 leaves=1 host_calls=2218] chan[births=2 pt_births=1 acts=5/0refused worst_act_us=4910 nsi=[GR0:35365/0raised CE2:2/0raised] served=6 parks=36825 host_rings=2 contended=0 poisoned=0 tokens=[0x801:fwd=0,subs=0,serves=1,put=Some(0),gp_get=None 0x802:fwd=2,subs=2,serves=5,put=Some(2),gp_get=Some(2)]] views[armed=148 released=27 refused=0 held=121] rc[armed=0 unarmed=0 wakes=0 seen=0 posted=0] irq[writes=422663 raised=1 held=0 oor=0] unserviced=[0x20800a87,0x20800a4b,0x20800afe,0x20800aff,0x20800a80,0x20802a0f,0x2080017e,0x20800a30,0x20800a2e,0x20800b03,0x20800b05,0x20800a3f,0x2080012b,0x2080013f] gsp_refusals[total=17 distinct=16 [fn76/0x20800a87=0x56x1 fn76/0x20800a4b=0x56x1 fn76/0x20800afe=0x56x1 fn76/0x20800aff=0x56x1 fn76/0x20800a80=0x56x2 fn76/0x20802a0f=0x56x1 fn76/0x2080017e=0x56x1 fn76/0x20800a30=0x56x1 fn76/0x20800a2e=0x56x1 fn76/0x20800b03=0x56x1 fn76/0x20800b05=0x56x1 fn76/0x20800a3f=0x56x1 fn76/0x2080012b=0x56x1 fn76/0x2080013f=0x56x1 fn103/0x0000c36f=0x56x1 fn103/0x0000402c=0x56x1]]
kf3: family=Ampere phase=Running trapped=546945 applied=1005 refused=2 serviced=137 ram_refused=0 unshadowed_writes=2 read_exits=0 last_off=0xb81608 mem[inval=36496 walks=36502/36502 cleared=36496 superseded=0 named_missed=1 unreconciled=0 mapped=26153 unmapped=10347 clipped=0x0 held=0 vmm_overlaps=0 priv_withheld=0 priv_withheld_bytes=0x0 priv_mirrored=6 fn70=1 roots=6 root_moves=0 stmts=11/11 refused=0 pramin_repoints=18 pramin_miss=0 last_miss=0x0 pramin_worst_us=410 (map 356 mmap 66) pramin_maps=18 pramin_mmaps=18 inline_opens=0 reaped=17 cache_ops=0 sysmembars=2 root_unsets=0] mirrors=1 reused=5 prewarmed=3 mirror_avg_us=116586 mirror_max_us=116586 vat[invals=1149 arrive->clear_avg_us=1062 max_us=243009 walks=1149 walk_avg_us=649 gpu_avg_us=440 plan_avg_us=0 apply_avg_us=349 leaves=1 host_calls=2298] chan[births=2 pt_births=1 acts=5/0refused worst_act_us=4910 nsi=[GR0:36514/0raised CE2:2/0raised] served=6 parks=38015 host_rings=2 contended=0 poisoned=0 tokens=[0x801:fwd=0,subs=0,serves=1,put=Some(0),gp_get=None 0x802:fwd=2,subs=2,serves=5,put=Some(2),gp_get=Some(2)]] views[armed=148 released=27 refused=0 held=121] rc[armed=0 unarmed=0 wakes=0 seen=0 posted=0] irq[writes=436447 raised=1 held=0 oor=0] unserviced=[0x20800a87,0x20800a4b,0x20800afe,0x20800aff,0x20800a80,0x20802a0f,0x2080017e,0x20800a30,0x20800a2e,0x20800b03,0x20800b05,0x20800a3f,0x2080012b,0x2080013f] gsp_refusals[total=17 distinct=16 [fn76/0x20800a87=0x56x1 fn76/0x20800a4b=0x56x1 fn76/0x20800afe=0x56x1 fn76/0x20800aff=0x56x1 fn76/0x20800a80=0x56x2 fn76/0x20802a0f=0x56x1 fn76/0x2080017e=0x56x1 fn76/0x20800a30=0x56x1 fn76/0x20800a2e=0x56x1 fn76/0x20800b03=0x56x1 fn76/0x20800b05=0x56x1 fn76/0x20800a3f=0x56x1 fn76/0x2080012b=0x56x1 fn76/0x2080013f=0x56x1 fn103/0x0000c36f=0x56x1 fn103/0x0000402c=0x56x1]]
kf3: family=Ampere phase=Running trapped=564247 applied=1005 refused=2 serviced=137 ram_refused=0 unshadowed_writes=2 read_exits=0 last_off=0xb830b0 mem[inval=37650 walks=37655/37656 cleared=37649 superseded=0 named_missed=1 unreconciled=0 mapped=26153 unmapped=11500 clipped=0x0 held=0 vmm_overlaps=0 priv_withheld=0 priv_withheld_bytes=0x0 priv_mirrored=6 fn70=1 roots=6 root_moves=0 stmts=11/11 refused=0 pramin_repoints=18 pramin_miss=0 last_miss=0x0 pramin_worst_us=410 (map 356 mmap 66) pramin_maps=18 pramin_mmaps=18 inline_opens=0 reaped=17 cache_ops=0 sysmembars=2 root_unsets=0] mirrors=1 reused=5 prewarmed=3 mirror_avg_us=116586 mirror_max_us=116586 vat[invals=1153 arrive->clear_avg_us=1067 max_us=243009 walks=1153 walk_avg_us=649 gpu_avg_us=424 plan_avg_us=0 apply_avg_us=352 leaves=1 host_calls=2306] chan[births=2 pt_births=1 acts=5/0refused worst_act_us=4910 nsi=[GR0:37668/0raised CE2:2/0raised] served=6 parks=39209 host_rings=2 contended=0 poisoned=0 tokens=[0x801:fwd=0,subs=0,serves=1,put=Some(0),gp_get=None 0x802:fwd=2,subs=2,serves=5,put=Some(2),gp_get=Some(2)]] views[armed=148 released=27 refused=0 held=121] rc[armed=0 unarmed=0 wakes=0 seen=0 posted=0] irq[writes=450287 raised=1 held=0 oor=0] unserviced=[0x20800a87,0x20800a4b,0x20800afe,0x20800aff,0x20800a80,0x20802a0f,0x2080017e,0x20800a30,0x20800a2e,0x20800b03,0x20800b05,0x20800a3f,0x2080012b,0x2080013f] gsp_refusals[total=17 distinct=16 [fn76/0x20800a87=0x56x1 fn76/0x20800a4b=0x56x1 fn76/0x20800afe=0x56x1 fn76/0x20800aff=0x56x1 fn76/0x20800a80=0x56x2 fn76/0x20802a0f=0x56x1 fn76/0x2080017e=0x56x1 fn76/0x20800a30=0x56x1 fn76/0x20800a2e=0x56x1 fn76/0x20800b03=0x56x1 fn76/0x20800b05=0x56x1 fn76/0x20800a3f=0x56x1 fn76/0x2080012b=0x56x1 fn76/0x2080013f=0x56x1 fn103/0x0000c36f=0x56x1 fn103/0x0000402c=0x56x1]]
kf3: family=Ampere phase=Running trapped=581625 applied=1005 refused=2 serviced=137 ram_refused=0 unshadowed_writes=2 read_exits=0 last_off=0xb81608 mem[inval=38808 walks=38814/38814 cleared=38808 superseded=0 named_missed=1 unreconciled=0 mapped=26153 unmapped=12659 clipped=0x0 held=0 vmm_overlaps=0 priv_withheld=0 priv_withheld_bytes=0x0 priv_mirrored=6 fn70=1 roots=6 root_moves=0 stmts=11/11 refused=0 pramin_repoints=18 pramin_miss=0 last_miss=0x0 pramin_worst_us=410 (map 356 mmap 66) pramin_maps=18 pramin_mmaps=18 inline_opens=0 reaped=17 cache_ops=0 sysmembars=2 root_unsets=0] mirrors=1 reused=5 prewarmed=3 mirror_avg_us=116586 mirror_max_us=116586 vat[invals=1159 arrive->clear_avg_us=1050 max_us=243009 walks=1159 walk_avg_us=613 gpu_avg_us=402 plan_avg_us=0 apply_avg_us=368 leaves=1 host_calls=2318] chan[births=2 pt_births=1 acts=5/0refused worst_act_us=4910 nsi=[GR0:38826/0raised CE2:2/0raised] served=6 parks=40407 host_rings=2 contended=0 poisoned=0 tokens=[0x801:fwd=0,subs=0,serves=1,put=Some(0),gp_get=None 0x802:fwd=2,subs=2,serves=5,put=Some(2),gp_get=Some(2)]] views[armed=148 released=27 refused=0 held=121] rc[armed=0 unarmed=0 wakes=0 seen=0 posted=0] irq[writes=464191 raised=1 held=0 oor=0] unserviced=[0x20800a87,0x20800a4b,0x20800afe,0x20800aff,0x20800a80,0x20802a0f,0x2080017e,0x20800a30,0x20800a2e,0x20800b03,0x20800b05,0x20800a3f,0x2080012b,0x2080013f] gsp_refusals[total=17 distinct=16 [fn76/0x20800a87=0x56x1 fn76/0x20800a4b=0x56x1 fn76/0x20800afe=0x56x1 fn76/0x20800aff=0x56x1 fn76/0x20800a80=0x56x2 fn76/0x20802a0f=0x56x1 fn76/0x2080017e=0x56x1 fn76/0x20800a30=0x56x1 fn76/0x20800a2e=0x56x1 fn76/0x20800b03=0x56x1 fn76/0x20800b05=0x56x1 fn76/0x20800a3f=0x56x1 fn76/0x2080012b=0x56x1 fn76/0x2080013f=0x56x1 fn103/0x0000c36f=0x56x1 fn103/0x0000402c=0x56x1]]
kf3: family=Ampere phase=Running trapped=599194 applied=1005 refused=2 serviced=137 ram_refused=0 unshadowed_writes=2 read_exits=0 last_off=0xb830b0 mem[inval=39979 walks=39984/39985 cleared=39978 superseded=0 named_missed=1 unreconciled=0 mapped=26153 unmapped=13829 clipped=0x0 held=0 vmm_overlaps=0 priv_withheld=0 priv_withheld_bytes=0x0 priv_mirrored=6 fn70=1 roots=6 root_moves=0 stmts=11/11 refused=0 pramin_repoints=18 pramin_miss=0 last_miss=0x0 pramin_worst_us=410 (map 356 mmap 66) pramin_maps=18 pramin_mmaps=18 inline_opens=0 reaped=17 cache_ops=0 sysmembars=2 root_unsets=0] mirrors=1 reused=5 prewarmed=3 mirror_avg_us=116586 mirror_max_us=116586 vat[invals=1170 arrive->clear_avg_us=1018 max_us=243009 walks=1170 walk_avg_us=636 gpu_avg_us=402 plan_avg_us=0 apply_avg_us=316 leaves=1 host_calls=2340] chan[births=2 pt_births=1 acts=5/0refused worst_act_us=4910 nsi=[GR0:39997/0raised CE2:2/0raised] served=6 parks=41618 host_rings=2 contended=0 poisoned=0 tokens=[0x801:fwd=0,subs=0,serves=1,put=Some(0),gp_get=None 0x802:fwd=2,subs=2,serves=5,put=Some(2),gp_get=Some(2)]] views[armed=148 released=27 refused=0 held=121] rc[armed=0 unarmed=0 wakes=0 seen=0 posted=0] irq[writes=478247 raised=1 held=0 oor=0] unserviced=[0x20800a87,0x20800a4b,0x20800afe,0x20800aff,0x20800a80,0x20802a0f,0x2080017e,0x20800a30,0x20800a2e,0x20800b03,0x20800b05,0x20800a3f,0x2080012b,0x2080013f] gsp_refusals[total=17 distinct=16 [fn76/0x20800a87=0x56x1 fn76/0x20800a4b=0x56x1 fn76/0x20800afe=0x56x1 fn76/0x20800aff=0x56x1 fn76/0x20800a80=0x56x2 fn76/0x20802a0f=0x56x1 fn76/0x2080017e=0x56x1 fn76/0x20800a30=0x56x1 fn76/0x20800a2e=0x56x1 fn76/0x20800b03=0x56x1 fn76/0x20800b05=0x56x1 fn76/0x20800a3f=0x56x1 fn76/0x2080012b=0x56x1 fn76/0x2080013f=0x56x1 fn103/0x0000c36f=0x56x1 fn103/0x0000402c=0x56x1]]
kf3: family=Ampere phase=Running trapped=617656 applied=1005 refused=2 serviced=137 ram_refused=0 unshadowed_writes=2 read_exits=0 last_off=0xb830b0 mem[inval=41210 walks=41215/41216 cleared=41209 superseded=0 named_missed=1 unreconciled=0 mapped=26153 unmapped=15060 clipped=0x0 held=0 vmm_overlaps=0 priv_withheld=0 priv_withheld_bytes=0x0 priv_mirrored=6 fn70=1 roots=6 root_moves=0 stmts=11/11 refused=0 pramin_repoints=18 pramin_miss=0 last_miss=0x0 pramin_worst_us=410 (map 356 mmap 66) pramin_maps=18 pramin_mmaps=18 inline_opens=0 reaped=17 cache_ops=0 sysmembars=2 root_unsets=0] mirrors=1 reused=5 prewarmed=3 mirror_avg_us=116586 mirror_max_us=116586 vat[invals=1231 arrive->clear_avg_us=980 max_us=243009 walks=1231 walk_avg_us=611 gpu_avg_us=383 plan_avg_us=0 apply_avg_us=302 leaves=1 host_calls=2462] chan[births=2 pt_births=1 acts=5/0refused worst_act_us=4910 nsi=[GR0:41227/0raised CE2:3/0raised] served=8 parks=42891 host_rings=3 contended=0 poisoned=0 tokens=[0x801:fwd=1,subs=1,serves=3,put=Some(1),gp_get=Some(1) 0x802:fwd=2,subs=2,serves=5,put=Some(2),gp_get=Some(2)]] views[armed=148 released=27 refused=0 held=121] rc[armed=0 unarmed=0 wakes=0 seen=0 posted=0] irq[writes=493015 raised=1 held=0 oor=0] unserviced=[0x20800a87,0x20800a4b,0x20800afe,0x20800aff,0x20800a80,0x20802a0f,0x2080017e,0x20800a30,0x20800a2e,0x20800b03,0x20800b05,0x20800a3f,0x2080012b,0x2080013f] gsp_refusals[total=17 distinct=16 [fn76/0x20800a87=0x56x1 fn76/0x20800a4b=0x56x1 fn76/0x20800afe=0x56x1 fn76/0x20800aff=0x56x1 fn76/0x20800a80=0x56x2 fn76/0x20802a0f=0x56x1 fn76/0x2080017e=0x56x1 fn76/0x20800a30=0x56x1 fn76/0x20800a2e=0x56x1 fn76/0x20800b03=0x56x1 fn76/0x20800b05=0x56x1 fn76/0x20800a3f=0x56x1 fn76/0x2080012b=0x56x1 fn76/0x2080013f=0x56x1 fn103/0x0000c36f=0x56x1 fn103/0x0000402c=0x56x1]]
kf3: family=Ampere phase=Running trapped=637202 applied=1005 refused=2 serviced=137 ram_refused=0 unshadowed_writes=2 read_exits=0 last_off=0xb81608 mem[inval=42512 walks=42518/42518 cleared=42512 superseded=0 named_missed=1 unreconciled=0 mapped=26153 unmapped=16363 clipped=0x0 held=0 vmm_overlaps=0 priv_withheld=0 priv_withheld_bytes=0x0 priv_mirrored=6 fn70=1 roots=6 root_moves=0 stmts=11/11 refused=0 pramin_repoints=18 pramin_miss=0 last_miss=0x0 pramin_worst_us=410 (map 356 mmap 66) pramin_maps=18 pramin_mmaps=18 inline_opens=0 reaped=17 cache_ops=0 sysmembars=2 root_unsets=0] mirrors=1 reused=5 prewarmed=3 mirror_avg_us=116586 mirror_max_us=116586 vat[invals=1303 arrive->clear_avg_us=909 max_us=243009 walks=1303 walk_avg_us=559 gpu_avg_us=347 plan_avg_us=0 apply_avg_us=286 leaves=1 host_calls=2606] chan[births=2 pt_births=1 acts=5/0refused worst_act_us=4910 nsi=[GR0:42530/0raised CE2:3/0raised] served=8 parks=44234 host_rings=3 contended=0 poisoned=0 tokens=[0x801:fwd=1,subs=1,serves=3,put=Some(1),gp_get=Some(1) 0x802:fwd=2,subs=2,serves=5,put=Some(2),gp_get=Some(2)]] views[armed=148 released=27 refused=0 held=121] rc[armed=0 unarmed=0 wakes=0 seen=0 posted=0] irq[writes=508654 raised=1 held=0 oor=0] unserviced=[0x20800a87,0x20800a4b,0x20800afe,0x20800aff,0x20800a80,0x20802a0f,0x2080017e,0x20800a30,0x20800a2e,0x20800b03,0x20800b05,0x20800a3f,0x2080012b,0x2080013f] gsp_refusals[total=17 distinct=16 [fn76/0x20800a87=0x56x1 fn76/0x20800a4b=0x56x1 fn76/0x20800afe=0x56x1 fn76/0x20800aff=0x56x1 fn76/0x20800a80=0x56x2 fn76/0x20802a0f=0x56x1 fn76/0x2080017e=0x56x1 fn76/0x20800a30=0x56x1 fn76/0x20800a2e=0x56x1 fn76/0x20800b03=0x56x1 fn76/0x20800b05=0x56x1 fn76/0x20800a3f=0x56x1 fn76/0x2080012b=0x56x1 fn76/0x2080013f=0x56x1 fn103/0x0000c36f=0x56x1 fn103/0x0000402c=0x56x1]]
kf3: family=Ampere phase=Running trapped=657755 applied=1005 refused=2 serviced=137 ram_refused=0 unshadowed_writes=2 read_exits=0 last_off=0xb830b0 mem[inval=43883 walks=43888/43889 cleared=43882 superseded=0 named_missed=1 unreconciled=0 mapped=26153 unmapped=17733 clipped=0x0 held=0 vmm_overlaps=0 priv_withheld=0 priv_withheld_bytes=0x0 priv_mirrored=6 fn70=1 roots=6 root_moves=0 stmts=11/11 refused=0 pramin_repoints=18 pramin_miss=0 last_miss=0x0 pramin_worst_us=410 (map 356 mmap 66) pramin_maps=18 pramin_mmaps=18 inline_opens=0 reaped=17 cache_ops=0 sysmembars=2 root_unsets=0] mirrors=1 reused=5 prewarmed=3 mirror_avg_us=116586 mirror_max_us=116586 vat[invals=1370 arrive->clear_avg_us=844 max_us=243009 walks=1370 walk_avg_us=527 gpu_avg_us=327 plan_avg_us=0 apply_avg_us=253 leaves=1 host_calls=2740] chan[births=2 pt_births=1 acts=5/0refused worst_act_us=4910 nsi=[GR0:43900/0raised CE2:3/0raised] served=8 parks=45644 host_rings=3 contended=0 poisoned=0 tokens=[0x801:fwd=1,subs=1,serves=3,put=Some(1),gp_get=Some(1) 0x802:fwd=2,subs=2,serves=5,put=Some(2),gp_get=Some(2)]] views[armed=148 released=27 refused=0 held=121] rc[armed=0 unarmed=0 wakes=0 seen=0 posted=0] irq[writes=525095 raised=1 held=0 oor=0] unserviced=[0x20800a87,0x20800a4b,0x20800afe,0x20800aff,0x20800a80,0x20802a0f,0x2080017e,0x20800a30,0x20800a2e,0x20800b03,0x20800b05,0x20800a3f,0x2080012b,0x2080013f] gsp_refusals[total=17 distinct=16 [fn76/0x20800a87=0x56x1 fn76/0x20800a4b=0x56x1 fn76/0x20800afe=0x56x1 fn76/0x20800aff=0x56x1 fn76/0x20800a80=0x56x2 fn76/0x20802a0f=0x56x1 fn76/0x2080017e=0x56x1 fn76/0x20800a30=0x56x1 fn76/0x20800a2e=0x56x1 fn76/0x20800b03=0x56x1 fn76/0x20800b05=0x56x1 fn76/0x20800a3f=0x56x1 fn76/0x2080012b=0x56x1 fn76/0x2080013f=0x56x1 fn103/0x0000c36f=0x56x1 fn103/0x0000402c=0x56x1]]
kf3: family=Ampere phase=Running trapped=679614 applied=1005 refused=2 serviced=137 ram_refused=0 unshadowed_writes=2 read_exits=0 last_off=0xb830b0 mem[inval=45340 walks=45345/45346 cleared=45339 superseded=0 named_missed=1 unreconciled=0 mapped=26153 unmapped=19190 clipped=0x0 held=0 vmm_overlaps=0 priv_withheld=0 priv_withheld_bytes=0x0 priv_mirrored=6 fn70=1 roots=6 root_moves=0 stmts=11/11 refused=0 pramin_repoints=18 pramin_miss=0 last_miss=0x0 pramin_worst_us=410 (map 356 mmap 66) pramin_maps=18 pramin_mmaps=18 inline_opens=0 reaped=17 cache_ops=0 sysmembars=2 root_unsets=0] mirrors=1 reused=5 prewarmed=3 mirror_avg_us=116586 mirror_max_us=116586 vat[invals=1457 arrive->clear_avg_us=771 max_us=243009 walks=1457 walk_avg_us=483 gpu_avg_us=296 plan_avg_us=0 apply_avg_us=223 leaves=1 host_calls=2914] chan[births=2 pt_births=1 acts=5/0refused worst_act_us=4910 nsi=[GR0:45357/0raised CE2:3/0raised] served=8 parks=47140 host_rings=3 contended=0 poisoned=0 tokens=[0x801:fwd=1,subs=1,serves=3,put=Some(1),gp_get=Some(1) 0x802:fwd=2,subs=2,serves=5,put=Some(2),gp_get=Some(2)]] views[armed=148 released=27 refused=0 held=121] rc[armed=0 unarmed=0 wakes=0 seen=0 posted=0] irq[writes=542583 raised=1 held=0 oor=0] unserviced=[0x20800a87,0x20800a4b,0x20800afe,0x20800aff,0x20800a80,0x20802a0f,0x2080017e,0x20800a30,0x20800a2e,0x20800b03,0x20800b05,0x20800a3f,0x2080012b,0x2080013f] gsp_refusals[total=17 distinct=16 [fn76/0x20800a87=0x56x1 fn76/0x20800a4b=0x56x1 fn76/0x20800afe=0x56x1 fn76/0x20800aff=0x56x1 fn76/0x20800a80=0x56x2 fn76/0x20802a0f=0x56x1 fn76/0x2080017e=0x56x1 fn76/0x20800a30=0x56x1 fn76/0x20800a2e=0x56x1 fn76/0x20800b03=0x56x1 fn76/0x20800b05=0x56x1 fn76/0x20800a3f=0x56x1 fn76/0x2080012b=0x56x1 fn76/0x2080013f=0x56x1 fn103/0x0000c36f=0x56x1 fn103/0x0000402c=0x56x1]]
kf3: family=Ampere phase=Running trapped=702120 applied=1005 refused=2 serviced=137 ram_refused=0 unshadowed_writes=2 read_exits=0 last_off=0xb81410 mem[inval=46840 walks=46846/46846 cleared=46840 superseded=0 named_missed=1 unreconciled=0 mapped=26153 unmapped=20691 clipped=0x0 held=0 vmm_overlaps=0 priv_withheld=0 priv_withheld_bytes=0x0 priv_mirrored=6 fn70=1 roots=6 root_moves=0 stmts=11/11 refused=0 pramin_repoints=18 pramin_miss=0 last_miss=0x0 pramin_worst_us=410 (map 356 mmap 66) pramin_maps=18 pramin_mmaps=18 inline_opens=0 reaped=17 cache_ops=0 sysmembars=2 root_unsets=0] mirrors=1 reused=5 prewarmed=3 mirror_avg_us=116586 mirror_max_us=116586 vat[invals=1501 arrive->clear_avg_us=744 max_us=243009 walks=1501 walk_avg_us=486 gpu_avg_us=284 plan_avg_us=0 apply_avg_us=194 leaves=1 host_calls=3002] chan[births=2 pt_births=1 acts=5/0refused worst_act_us=4910 nsi=[GR0:46855/0raised CE2:3/0raised] served=8 parks=48677 host_rings=3 contended=0 poisoned=0 tokens=[0x801:fwd=1,subs=1,serves=3,put=Some(1),gp_get=Some(1) 0x802:fwd=2,subs=2,serves=5,put=Some(2),gp_get=Some(2)]] views[armed=148 released=27 refused=0 held=121] rc[armed=0 unarmed=0 wakes=0 seen=0 posted=0] irq[writes=560589 raised=1 held=0 oor=0] unserviced=[0x20800a87,0x20800a4b,0x20800afe,0x20800aff,0x20800a80,0x20802a0f,0x2080017e,0x20800a30,0x20800a2e,0x20800b03,0x20800b05,0x20800a3f,0x2080012b,0x2080013f] gsp_refusals[total=17 distinct=16 [fn76/0x20800a87=0x56x1 fn76/0x20800a4b=0x56x1 fn76/0x20800afe=0x56x1 fn76/0x20800aff=0x56x1 fn76/0x20800a80=0x56x2 fn76/0x20802a0f=0x56x1 fn76/0x2080017e=0x56x1 fn76/0x20800a30=0x56x1 fn76/0x20800a2e=0x56x1 fn76/0x20800b03=0x56x1 fn76/0x20800b05=0x56x1 fn76/0x20800a3f=0x56x1 fn76/0x2080012b=0x56x1 fn76/0x2080013f=0x56x1 fn103/0x0000c36f=0x56x1 fn103/0x0000402c=0x56x1]]
kf3: family=Ampere phase=Running trapped=725342 applied=1005 refused=2 serviced=137 ram_refused=0 unshadowed_writes=2 read_exits=0 last_off=0xb81608 mem[inval=48388 walks=48394/48394 cleared=48388 superseded=0 named_missed=1 unreconciled=0 mapped=26153 unmapped=22239 clipped=0x0 held=0 vmm_overlaps=0 priv_withheld=0 priv_withheld_bytes=0x0 priv_mirrored=6 fn70=1 roots=6 root_moves=0 stmts=11/11 refused=0 pramin_repoints=18 pramin_miss=0 last_miss=0x0 pramin_worst_us=410 (map 356 mmap 66) pramin_maps=18 pramin_mmaps=18 inline_opens=0 reaped=17 cache_ops=0 sysmembars=2 root_unsets=0] mirrors=1 reused=5 prewarmed=3 mirror_avg_us=116586 mirror_max_us=116586 vat[invals=1548 arrive->clear_avg_us=701 max_us=243009 walks=1548 walk_avg_us=456 gpu_avg_us=253 plan_avg_us=0 apply_avg_us=180 leaves=1 host_calls=3096] chan[births=2 pt_births=1 acts=5/0refused worst_act_us=4910 nsi=[GR0:48403/0raised CE2:3/0raised] served=8 parks=50263 host_rings=3 contended=0 poisoned=0 tokens=[0x801:fwd=1,subs=1,serves=3,put=Some(1),gp_get=Some(1) 0x802:fwd=2,subs=2,serves=5,put=Some(2),gp_get=Some(2)]] views[armed=148 released=27 refused=0 held=121] rc[armed=0 unarmed=0 wakes=0 seen=0 posted=0] irq[writes=579167 raised=1 held=0 oor=0] unserviced=[0x20800a87,0x20800a4b,0x20800afe,0x20800aff,0x20800a80,0x20802a0f,0x2080017e,0x20800a30,0x20800a2e,0x20800b03,0x20800b05,0x20800a3f,0x2080012b,0x2080013f] gsp_refusals[total=17 distinct=16 [fn76/0x20800a87=0x56x1 fn76/0x20800a4b=0x56x1 fn76/0x20800afe=0x56x1 fn76/0x20800aff=0x56x1 fn76/0x20800a80=0x56x2 fn76/0x20802a0f=0x56x1 fn76/0x2080017e=0x56x1 fn76/0x20800a30=0x56x1 fn76/0x20800a2e=0x56x1 fn76/0x20800b03=0x56x1 fn76/0x20800b05=0x56x1 fn76/0x20800a3f=0x56x1 fn76/0x2080012b=0x56x1 fn76/0x2080013f=0x56x1 fn103/0x0000c36f=0x56x1 fn103/0x0000402c=0x56x1]]
kf3: family=Ampere phase=Running trapped=750824 applied=1005 refused=2 serviced=137 ram_refused=0 unshadowed_writes=2 read_exits=0 last_off=0xb830b0 mem[inval=50087 walks=50092/50092 cleared=50086 superseded=0 named_missed=1 unreconciled=0 mapped=26153 unmapped=23937 clipped=0x0 held=0 vmm_overlaps=0 priv_withheld=0 priv_withheld_bytes=0x0 priv_mirrored=6 fn70=1 roots=6 root_moves=0 stmts=11/11 refused=0 pramin_repoints=18 pramin_miss=0 last_miss=0x0 pramin_worst_us=410 (map 356 mmap 66) pramin_maps=18 pramin_mmaps=18 inline_opens=0 reaped=17 cache_ops=0 sysmembars=2 root_unsets=0] mirrors=1 reused=5 prewarmed=3 mirror_avg_us=116586 mirror_max_us=116586 vat[invals=1698 arrive->clear_avg_us=620 max_us=243009 walks=1698 walk_avg_us=422 gpu_avg_us=219 plan_avg_us=0 apply_avg_us=139 leaves=1 host_calls=3396] chan[births=2 pt_births=1 acts=5/0refused worst_act_us=4910 nsi=[GR0:50101/0raised CE2:4/0raised] served=10 parks=52001 host_rings=4 contended=0 poisoned=0 tokens=[0x801:fwd=2,subs=2,serves=5,put=Some(2),gp_get=Some(2) 0x802:fwd=2,subs=2,serves=5,put=Some(2),gp_get=Some(2)]] views[armed=148 released=27 refused=0 held=121] rc[armed=0 unarmed=0 wakes=0 seen=0 posted=0] irq[writes=599551 raised=1 held=0 oor=0] unserviced=[0x20800a87,0x20800a4b,0x20800afe,0x20800aff,0x20800a80,0x20802a0f,0x2080017e,0x20800a30,0x20800a2e,0x20800b03,0x20800b05,0x20800a3f,0x2080012b,0x2080013f] gsp_refusals[total=17 distinct=16 [fn76/0x20800a87=0x56x1 fn76/0x20800a4b=0x56x1 fn76/0x20800afe=0x56x1 fn76/0x20800aff=0x56x1 fn76/0x20800a80=0x56x2 fn76/0x20802a0f=0x56x1 fn76/0x2080017e=0x56x1 fn76/0x20800a30=0x56x1 fn76/0x20800a2e=0x56x1 fn76/0x20800b03=0x56x1 fn76/0x20800b05=0x56x1 fn76/0x20800a3f=0x56x1 fn76/0x2080012b=0x56x1 fn76/0x2080013f=0x56x1 fn103/0x0000c36f=0x56x1 fn103/0x0000402c=0x56x1]]
kf3: family=Ampere phase=Running trapped=777985 applied=1005 refused=2 serviced=137 ram_refused=0 unshadowed_writes=2 read_exits=0 last_off=0xb830b0 mem[inval=51898 walks=51903/51904 cleared=51897 superseded=0 named_missed=1 unreconciled=0 mapped=26153 unmapped=25748 clipped=0x0 held=0 vmm_overlaps=0 priv_withheld=0 priv_withheld_bytes=0x0 priv_mirrored=6 fn70=1 roots=6 root_moves=0 stmts=11/11 refused=0 pramin_repoints=18 pramin_miss=0 last_miss=0x0 pramin_worst_us=410 (map 356 mmap 66) pramin_maps=18 pramin_mmaps=18 inline_opens=0 reaped=17 cache_ops=0 sysmembars=2 root_unsets=0] mirrors=1 reused=5 prewarmed=3 mirror_avg_us=116586 mirror_max_us=116586 vat[invals=1811 arrive->clear_avg_us=556 max_us=243009 walks=1811 walk_avg_us=368 gpu_avg_us=184 plan_avg_us=0 apply_avg_us=124 leaves=1 host_calls=3622] chan[births=2 pt_births=1 acts=5/0refused worst_act_us=4910 nsi=[GR0:51912/0raised CE2:4/0raised] served=10 parks=53852 host_rings=4 contended=0 poisoned=0 tokens=[0x801:fwd=2,subs=2,serves=5,put=Some(2),gp_get=Some(2) 0x802:fwd=2,subs=2,serves=5,put=Some(2),gp_get=Some(2)]] views[armed=148 released=27 refused=0 held=121] rc[armed=0 unarmed=0 wakes=0 seen=0 posted=0] irq[writes=621279 raised=1 held=0 oor=0] unserviced=[0x20800a87,0x20800a4b,0x20800afe,0x20800aff,0x20800a80,0x20802a0f,0x2080017e,0x20800a30,0x20800a2e,0x20800b03,0x20800b05,0x20800a3f,0x2080012b,0x2080013f] gsp_refusals[total=17 distinct=16 [fn76/0x20800a87=0x56x1 fn76/0x20800a4b=0x56x1 fn76/0x20800afe=0x56x1 fn76/0x20800aff=0x56x1 fn76/0x20800a80=0x56x2 fn76/0x20802a0f=0x56x1 fn76/0x2080017e=0x56x1 fn76/0x20800a30=0x56x1 fn76/0x20800a2e=0x56x1 fn76/0x20800b03=0x56x1 fn76/0x20800b05=0x56x1 fn76/0x20800a3f=0x56x1 fn76/0x2080012b=0x56x1 fn76/0x2080013f=0x56x1 fn103/0x0000c36f=0x56x1 fn103/0x0000402c=0x56x1]]
kayfabe: HELD-REPLY fn=Free depth=1 — this map reply WAITS for its rows
kf3: GSP rpc Free seq=135
kf3: act free: 0xc1d0000b:0xcafe32d5: engine object host 0xcafe002c freed (695 us, off the GSP lock)
kayfabe: HELD-REPLY-POSTED n=1 — their rows are on the host now
kayfabe: HELD-REPLY fn=Free depth=1 — this map reply WAITS for its rows
kf3: GSP rpc Free seq=136
kf3: DOORBELL-LEDGER tok=0x00000003 route=passthrough rung=1 emulated=0 forwarded=1 host=0x1a
kf3: act free: 0xc1d0000b:0xcafe32d4: passthrough 0xc1d0000b:0xcafe32d4 token 0x3 host 0x1a objects=0 ctx=CtxBind { initialized: 0, va_bound: 0, bound: false, promotes: 0, evicts: 0 } freed (1732 us, off the GSP lock)
kayfabe: HELD-REPLY-POSTED n=1 — their rows are on the host now
kf3: GSP rpc Free seq=137
kf3: GSP rpc Free seq=138
kf3: GSP rpc Free seq=139
kf3: GSP rpc Free seq=140
kf3: GSP rpc Free seq=141
kf3: GSP rpc Free seq=142
kf3: GSP rpc Free seq=143
kf3: GSP rpc Free seq=144
kf3: GSP rpc Free seq=145
kayfabe: HELD-REPLY fn=Free depth=1 — this map reply WAITS for its rows
kf3: GSP rpc Free seq=146
kf3: DOORBELL-LEDGER tok=0x00000802 route=translated emulated=0 forwarded=2 host=0x10019
kf3: chan token 0x802 (host 0x10019) RETIRED, forwarded=2 submissions=2 splits=0/0 serves=5 last_put=Some(2) gp_get=Some(2) store_views=0 privilege=Some(ChannelPrivilege { level: 2, uvm_owned: false }) dead=None
kf3: act free: 0xc1e00007:0x2: translated host 0x10019 (2778 us, off the GSP lock)
kayfabe: HELD-REPLY-POSTED n=1 — their rows are on the host now
kf3: GSP rpc Free seq=147
kf3: GSP rpc Free seq=148
kf3: GSP rpc Free seq=149
kf3: GSP rpc Free seq=150
kf3: GSP rpc Free seq=151
kf3: GSP rpc Free seq=152
kayfabe: HELD-REPLY fn=Free depth=1 — this map reply WAITS for its rows
kf3: GSP rpc Free seq=153
kf3: DOORBELL-LEDGER tok=0x00000801 route=translated emulated=0 forwarded=7 host=0x10018
kf3: chan token 0x801 (host 0x10018) RETIRED, forwarded=7 submissions=7 splits=0/0 serves=12 last_put=Some(7) gp_get=Some(7) store_views=0 privilege=Some(ChannelPrivilege { level: 2, uvm_owned: false }) dead=None
kf3: act free: 0xc1e00006:0x2: translated host 0x10018 (2807 us, off the GSP lock)
kayfabe: HELD-REPLY-POSTED n=1 — their rows are on the host now
kf3: GSP rpc Free seq=154
kf3: GSP rpc Free seq=155
kf3: GSP rpc Free seq=156
kf3: GSP rpc Free seq=157
kayfabe: HELD-REPLY fn=RmControl depth=1 — this map reply WAITS for its rows
kf3: GSP rpc RmControl seq=158
kayfabe: HELD-REPLY-POSTED n=1 — their rows are on the host now
kf3: GSP rpc RmControl seq=159
kf3: GSP rpc Free seq=160
kf3: GSP rpc Free seq=161
kf3: GSP rpc Free seq=162
kf3: GSP rpc Free seq=163
kf3: GSP rpc Free seq=164
kf3: GSP rpc Free seq=165
kf3: GSP rpc RmControl seq=166
kf3: GSP rpc UNSERVICED Unserviced { code: 76, sequence: 166 }
kf3: GSP REFUSED fn76/0x20800a38=0x56 (GSP_RM_CONTROL) first_seq=166 — the guest read a non-OK status
kayfabe: HELD-REPLY fn=UpdateBarPde depth=1 — this map reply WAITS for its rows
kf3: GSP rpc UpdateBarPde seq=167
kayfabe: HELD-REPLY-POSTED n=1 — their rows are on the host now
kf3: GSP rpc Free seq=168
kf3: GSP rpc Free seq=169
kf3: GSP rpc Free seq=170
kf3: GSP rpc Free seq=171
kf3: GSP rpc RmControl seq=172
kf3: GSP rpc UNSERVICED Unserviced { code: 76, sequence: 172 }
kf3: GSP rpc UnloadingGuestDriver seq=173
kf3: GSP phase Running -> Suspending
kf3: GSP phase Suspending -> Halted
