kf-host: HOST-ABI REFUSED control 0x20809064: host control 0x20809064 has no public header (kf_abi::gssreplay ROWS (measured on 580.159.04 hosts)); its layout at host driver 595.91.07 was never measured
kf-host: HOST-ABI REFUSED control 0x2080a028: host control 0x2080a028 has no public header (kf_abi::gssreplay ROWS (measured on 580.159.04 hosts)); its layout at host driver 595.91.07 was never measured
kf-host: HOST-ABI REFUSED control 0x2080a028: host control 0x2080a028 has no public header (kf_abi::gssreplay ROWS (measured on 580.159.04 hosts)); its layout at host driver 595.91.07 was never measured
kf-host: HOST-ABI REFUSED control 0x2080a084: host control 0x2080a084 has no public header (kf_abi::gssreplay ROWS (measured on 580.159.04 hosts)); its layout at host driver 595.91.07 was never measured
kf-host: HOST-ABI REFUSED control 0x2080a026: host control 0x2080a026 has no public header (kf_abi::gssreplay ROWS (measured on 580.159.04 hosts)); its layout at host driver 595.91.07 was never measured
qemu-system-x86_64: -device kf3-gpu,fb-mb=4096,bar1-size=134217728,bar2-size=33554432,display=on,guest-driver=580.65.06,bus=pci.0,addr=0x6,id=kf0: info: kf3: family=Ada phase=Cold trapped=0 applied=0 refused=0 serviced=0 ram_refused=0 unshadowed_writes=2 read_exits=0 last_off=0x0 mem[inval=0 walks=0/0 cleared=0 superseded=0 named_missed=0 unreconciled=0 mapped=0 unmapped=0 clipped=0x0 held=0 vmm_overlaps=0 priv_withheld=0 priv_withheld_bytes=0x0 priv_mirrored=0 sked=0/0held carve_gpu=0 carve_kernel=0 carve_cpu=0 fn70=0 roots=0 root_moves=0 stmts=0/0 refused=0 pramin_repoints=0 pramin_miss=0 la
kf3: family=Ada phase=Cold trapped=0 applied=0 refused=0 serviced=0 ram_refused=0 unshadowed_writes=2 read_exits=0 last_off=0x0 mem[inval=0 walks=0/0 cleared=0 superseded=0 named_missed=0 unreconciled=0 mapped=0 unmapped=0 clipped=0x0 held=0 vmm_overlaps=0 priv_withheld=0 priv_withheld_bytes=0x0 priv_mirrored=0 sked=0/0held carve_gpu=0 carve_kernel=0 carve_cpu=0 fn70=0 roots=0 root_moves=0 stmts=0/0 refused=0 pramin_repoints=0 pramin_miss=0 last_miss=0x0 pramin_worst_us=0 (map 0 mmap 0) pramin_maps=0 pramin_mmaps=0 pramin_kept=0 pramin_kept_now=0 window_advice_refused=0 inline_opens=0 reaped=0
kf3: family=Ada phase=Cold trapped=0 applied=0 refused=0 serviced=0 ram_refused=0 unshadowed_writes=2 read_exits=0 last_off=0x0 mem[inval=0 walks=0/0 cleared=0 superseded=0 named_missed=0 unreconciled=0 mapped=0 unmapped=0 clipped=0x0 held=0 vmm_overlaps=0 priv_withheld=0 priv_withheld_bytes=0x0 priv_mirrored=0 sked=0/0held carve_gpu=0 carve_kernel=0 carve_cpu=0 fn70=0 roots=0 root_moves=0 stmts=0/0 refused=0 pramin_repoints=0 pramin_miss=0 last_miss=0x0 pramin_worst_us=0 (map 0 mmap 0) pramin_maps=0 pramin_mmaps=0 pramin_kept=0 pramin_kept_now=0 window_advice_refused=0 inline_opens=0 reaped=0
kf3: family=Ada phase=Cold trapped=0 applied=0 refused=0 serviced=0 ram_refused=0 unshadowed_writes=2 read_exits=0 last_off=0x0 mem[inval=0 walks=0/0 cleared=0 superseded=0 named_missed=0 unreconciled=0 mapped=0 unmapped=0 clipped=0x0 held=0 vmm_overlaps=0 priv_withheld=0 priv_withheld_bytes=0x0 priv_mirrored=0 sked=0/0held carve_gpu=0 carve_kernel=0 carve_cpu=0 fn70=0 roots=0 root_moves=0 stmts=0/0 refused=0 pramin_repoints=0 pramin_miss=0 last_miss=0x0 pramin_worst_us=0 (map 0 mmap 0) pramin_maps=0 pramin_mmaps=0 pramin_kept=0 pramin_kept_now=0 window_advice_refused=0 inline_opens=0 reaped=0
kf3: family=Ada phase=Cold trapped=2 applied=0 refused=0 serviced=0 ram_refused=0 unshadowed_writes=2 read_exits=0 last_off=0x100c10 mem[inval=0 walks=0/0 cleared=0 superseded=0 named_missed=0 unreconciled=0 mapped=0 unmapped=0 clipped=0x0 held=0 vmm_overlaps=0 priv_withheld=0 priv_withheld_bytes=0x0 priv_mirrored=0 sked=0/0held carve_gpu=0 carve_kernel=0 carve_cpu=0 fn70=0 roots=0 root_moves=0 stmts=0/0 refused=0 pramin_repoints=0 pramin_miss=0 last_miss=0x0 pramin_worst_us=0 (map 0 mmap 0) pramin_maps=0 pramin_mmaps=0 pramin_kept=0 pramin_kept_now=0 window_advice_refused=0 inline_opens=0 rea
kf3: GSP REFUSED fn76/0x20800a87=0x56 (GSP_RM_CONTROL) first_seq=0 — the guest read a non-OK status
kf3: GSP REFUSED fn76/0x20800afe=0x56 (GSP_RM_CONTROL) first_seq=0 — the guest read a non-OK status
kf3: GSP REFUSED fn76/0x20800aff=0x56 (GSP_RM_CONTROL) first_seq=0 — the guest read a non-OK status
kf3: GSP REFUSED fn76/0x20800aaf=0x56 (GSP_RM_CONTROL) first_seq=0 — the guest read a non-OK status
kf3: GSP REFUSED fn76/0x00800292=0x56 (GSP_RM_CONTROL) first_seq=0 — the guest read a non-OK status
kf3: GSP REFUSED fn76/0x20800a80=0x56 (GSP_RM_CONTROL) first_seq=0 — the guest read a non-OK status
kf3: GSP REFUSED fn76/0x20802a0f=0x56 (GSP_RM_CONTROL) first_seq=0 — the guest read a non-OK status
kf3: GSP REFUSED fn76/0x2080017e=0x56 (GSP_RM_CONTROL) first_seq=0 — the guest read a non-OK status
kf3: GSP REFUSED fn76/0x20800a30=0x56 (GSP_RM_CONTROL) first_seq=0 — the guest read a non-OK status
kf3: GSP REFUSED fn76/0x20800a2e=0x56 (GSP_RM_CONTROL) first_seq=0 — the guest read a non-OK status
kf3: GSP REFUSED fn76/0x20800b03=0x56 (GSP_RM_CONTROL) first_seq=0 — the guest read a non-OK status
kf3: GSP REFUSED fn76/0x20800b05=0x56 (GSP_RM_CONTROL) first_seq=0 — the guest read a non-OK status
kf3: GSP REFUSED fn76/0x20800a3f=0x56 (GSP_RM_CONTROL) first_seq=0 — the guest read a non-OK status
kf3: act birth translated: chan 0xc1e00007:0xbaba0045 BORN Translated: token 0x1 -> host 0x2e in VasKey(13970166077300801602) gpfifo=0x0x32 userd=Some(Framebuffer { base: 4020568064, size: 512 }) engine=0x1 tsg=None kernel_by=PRIVILEGE=KERNEL rm-internal ring_va=0xff00000000 userd_at_birth(GP_PUT,GP_GET)=(Some(0), Some(0)) zeroed=512B gr_tier=true gp_get_by_engine=true sw_subch_inert=true scheduled_at_birth=false fast=off (5509 us, off the GSP lock)
kf3: act birth translated: chan 0xc1e00008:0x2 BORN Translated: token 0x801 -> host 0x1002e in VasKey(13970166078463016970) gpfifo=0x220064000x4096 userd=Some(Framebuffer { base: 4019388416, size: 512 }) engine=0xb tsg=None kernel_by=PRIVILEGE=KERNEL rm-internal ring_va=0xff00000000 userd_at_birth(GP_PUT,GP_GET)=(Some(0), Some(0)) zeroed=512B gr_tier=false gp_get_by_engine=false sw_subch_inert=true scheduled_at_birth=false fast=off (2453 us, off the GSP lock)
kf3: GSP REFUSED fn76/0x2080013f=0x56 (GSP_RM_CONTROL) first_seq=0 — the guest read a non-OK status
kf3: GSP REFUSED fn76/0x20809004=0x56 (GSP_RM_CONTROL) first_seq=0 — the guest read a non-OK status
kf3: GSP REFUSED fn76/0x20801303=0x56 (GSP_RM_CONTROL) first_seq=0 — the guest read a non-OK status
kf3: GSP REFUSED fn76/0x00801306=0x56 (GSP_RM_CONTROL) first_seq=0 — the guest read a non-OK status
kf3: GSP REFUSED fn76/0x20810108=0x56 (GSP_RM_CONTROL) first_seq=0 — the guest read a non-OK status
kf3: GSP REFUSED fn76/0x20801823=0x56 (GSP_RM_CONTROL) first_seq=0 — the guest read a non-OK status
kf3: GSP REFUSED fn76/0x20800ab8=0x56 (GSP_RM_CONTROL) first_seq=0 — the guest read a non-OK status
kf3: GSP REFUSED fn76/0x20800173=0x56 (GSP_RM_CONTROL) first_seq=0 — the guest read a non-OK status
kf3: GSP REFUSED fn76/0x20802a12=0x56 (GSP_RM_CONTROL) first_seq=0 — the guest read a non-OK status
kf3: GSP REFUSED fn76/0x20800160=0x56 (GSP_RM_CONTROL) first_seq=0 — the guest read a non-OK status
kf3: GSP REFUSED fn76/0x20802801=0x56 (GSP_RM_CONTROL) first_seq=0 — the guest read a non-OK status
kf3: GSP REFUSED fn76/0x2080012f=0x56 (GSP_RM_CONTROL) first_seq=0 — the guest read a non-OK status
kf3: GSP REFUSED fn76/0x20802806=0x56 (GSP_RM_CONTROL) first_seq=0 — the guest read a non-OK status
kf3: GSP REFUSED fn76/0x0073013d=0x56 (GSP_RM_CONTROL) first_seq=0 — the guest read a non-OK status
kf3: GSP REFUSED fn76/0x2080205b=0x56 (GSP_RM_CONTROL) first_seq=0 — the guest read a non-OK status
kf3: GSP REFUSED fn76/0x2080a060=0x56 (GSP_RM_CONTROL) first_seq=0 — the guest read a non-OK status
kf3: GSP REFUSED fn76/0x20802068=0x56 (GSP_RM_CONTROL) first_seq=0 — the guest read a non-OK status
kf3: GSP REFUSED fn76/0x00800106=0x56 (GSP_RM_CONTROL) first_seq=0 — the guest read a non-OK status
kf3: GSP REFUSED fn76/0x2080a70a=0x56 (GSP_RM_CONTROL) first_seq=0 — the guest read a non-OK status
kf3: GSP REFUSED fn76/0x2080a801=0x56 (GSP_RM_CONTROL) first_seq=0 — the guest read a non-OK status
kf3: GSP REFUSED fn76/0x2080a02f=0x56 (GSP_RM_CONTROL) first_seq=0 — the guest read a non-OK status
kf3: GSP REFUSED fn76/0x208081ea=0x56 (GSP_RM_CONTROL) first_seq=0 — the guest read a non-OK status
kf3: GSP REFUSED fn76/0x20808524=0x56 (GSP_RM_CONTROL) first_seq=0 — the guest read a non-OK status
kf3: GSP REFUSED fn76/0x00731369=0x56 (GSP_RM_CONTROL) first_seq=0 — the guest read a non-OK status
kf3: GSP REFUSED fn76/0x0073014b=0x56 (GSP_RM_CONTROL) first_seq=0 — the guest read a non-OK status
kf3: GSP REFUSED fn76/0x00730285=0x56 (GSP_RM_CONTROL) first_seq=0 — the guest read a non-OK status
kf3: GSP REFUSED fn76/0x0073011d=0x56 (GSP_RM_CONTROL) first_seq=0 — the guest read a non-OK status
kf3: GSP REFUSED fn76/0x0073012c=0x56 (GSP_RM_CONTROL) first_seq=0 — the guest read a non-OK status
kf3: GSP REFUSED fn76/0x00730109=0x56 (GSP_RM_CONTROL) first_seq=0 — the guest read a non-OK status
kf-rm: FECS-TRACE GET_FECS_TRACE_HW_ENABLE 0x20800a38: NV_OK bEnable=NV_FALSE (no guest ctxsw trace; the SETs stay unserviced) #1
kf3: GSP REFUSED fn76/0x20800a3a=0x56 (GSP_RM_CONTROL) first_seq=0 — the guest read a non-OK status
kf3: GSP REFUSED fn76/0x20801110=0x56 (GSP_RM_CONTROL) first_seq=0 — the guest read a non-OK status
kf3: GSP REFUSED fn76/0x2080080b=0x56 (GSP_RM_CONTROL) first_seq=0 — the guest read a non-OK status
kf3: GSP REFUSED fn76/0x00730288=0x56 (GSP_RM_CONTROL) first_seq=0 — the guest read a non-OK status
kf3: GSP REFUSED fn76/0x20801220=0x56 (GSP_RM_CONTROL) first_seq=0 — the guest read a non-OK status
kf3: GSP REFUSED fn76/0x20801222=0x56 (GSP_RM_CONTROL) first_seq=0 — the guest read a non-OK status
kf3: act birth translated: chan 0xc1d00013:0xff040000 BORN Translated: token 0x802 -> host 0x1002f in VasKey(13965662457344034928) gpfifo=0x12024b000x16384 userd=Some(Sysmem { base: 9555349504, size: 512 }) engine=0xb tsg=Some(ff0e0000) kernel_by=PRIVILEGE=KERNEL ring_va=0xff00100000 userd_at_birth(GP_PUT,GP_GET)=(Some(0), Some(0)) zeroed=512B gr_tier=false gp_get_by_engine=false sw_subch_inert=true scheduled_at_birth=false fast=off (2374 us, off the GSP lock)
kf3: act birth translated: chan 0xc1d00015:0xff040001 BORN Translated: token 0x3 -> host 0x30 in VasKey(13965662457344034928) gpfifo=0x120276000x8192 userd=Some(Sysmem { base: 9555350016, size: 512 }) engine=0x1 tsg=Some(ff0e0000) kernel_by=PRIVILEGE=KERNEL ring_va=0xff00200000 userd_at_birth(GP_PUT,GP_GET)=(Some(0), Some(0)) zeroed=512B gr_tier=true gp_get_by_engine=true sw_subch_inert=true scheduled_at_birth=false fast=off (5115 us, off the GSP lock)
kf-rm: FECS-TRACE GET_FECS_TRACE_HW_ENABLE 0x20800a38: NV_OK bEnable=NV_FALSE (no guest ctxsw trace; the SETs stay unserviced) #2
kf-rm: FECS-TRACE GET_FECS_TRACE_HW_ENABLE 0x20800a38: NV_OK bEnable=NV_FALSE (no guest ctxsw trace; the SETs stay unserviced) #3
kf-rm: FECS-TRACE GET_FECS_TRACE_HW_ENABLE 0x20800a38: NV_OK bEnable=NV_FALSE (no guest ctxsw trace; the SETs stay unserviced) #4
kf-rm: FECS-TRACE GET_FECS_TRACE_HW_ENABLE 0x20800a38: NV_OK bEnable=NV_FALSE (no guest ctxsw trace; the SETs stay unserviced) #5
kf3: GSP REFUSED fn76/0x20801111=0x56 (GSP_RM_CONTROL) first_seq=0 — the guest read a non-OK status
kf3: act birth translated: chan 0xc1d00016:0xff040002 BORN Translated: token 0x804 -> host 0x10031 in VasKey(13965662457344034928) gpfifo=0x1204f0000x16384 userd=Some(Sysmem { base: 9555350528, size: 512 }) engine=0xb tsg=None kernel_by=PRIVILEGE=KERNEL ring_va=0xff00300000 userd_at_birth(GP_PUT,GP_GET)=(Some(0), Some(0)) zeroed=512B gr_tier=false gp_get_by_engine=false sw_subch_inert=true scheduled_at_birth=false fast=off (2234 us, off the GSP lock)
kf3: act birth translated: chan 0xc1d00018:0xff040003 BORN Translated: token 0x1805 -> host 0x30032 in VasKey(13965662457344034928) gpfifo=0x1203c6000x2048 userd=Some(Sysmem { base: 9555351040, size: 512 }) engine=0x13 tsg=None kernel_by=PRIVILEGE=KERNEL ring_va=0xff00400000 userd_at_birth(GP_PUT,GP_GET)=(Some(0), Some(0)) zeroed=512B gr_tier=false gp_get_by_engine=false sw_subch_inert=true scheduled_at_birth=false fast=off (2566 us, off the GSP lock)
kf3: act birth translated: chan 0xc1d00019:0xff040004 BORN Translated: token 0x806 -> host 0x10033 in VasKey(13965662457344034928) gpfifo=0x12051b000x2048 userd=Some(Sysmem { base: 9555351552, size: 512 }) engine=0xb tsg=Some(ff0e0000) kernel_by=PRIVILEGE=KERNEL ring_va=0xff00500000 userd_at_birth(GP_PUT,GP_GET)=(Some(0), Some(0)) zeroed=512B gr_tier=false gp_get_by_engine=false sw_subch_inert=true scheduled_at_birth=false fast=off (2186 us, off the GSP lock)
kf3: act birth translated: chan 0xc1d0001a:0xff040005 BORN Translated: token 0x2007 -> host 0xc0034 in VasKey(13965662457344034928) gpfifo=0x120522000x2048 userd=Some(Sysmem { base: 9555352064, size: 512 }) engine=0x1c tsg=None kernel_by=PRIVILEGE=KERNEL ring_va=0xff00600000 userd_at_birth(GP_PUT,GP_GET)=(Some(0), Some(0)) zeroed=512B gr_tier=false gp_get_by_engine=false sw_subch_inert=true scheduled_at_birth=false fast=off (2518 us, off the GSP lock)
kf3: act birth translated: chan 0xc1d0001b:0xff040006 BORN Translated: token 0x2008 -> host 0xc0035 in VasKey(13965662457344034928) gpfifo=0x120529000x2048 userd=Some(Sysmem { base: 9555352576, size: 512 }) engine=0x1c tsg=None kernel_by=PRIVILEGE=KERNEL ring_va=0xff00700000 userd_at_birth(GP_PUT,GP_GET)=(Some(0), Some(0)) zeroed=512B gr_tier=false gp_get_by_engine=false sw_subch_inert=true scheduled_at_birth=false fast=off (2384 us, off the GSP lock)
kf3: act birth translated: chan 0xc1d0001c:0xff040007 BORN Translated: token 0x2809 -> host 0x50036 in VasKey(13965662457344034928) gpfifo=0x120530000x2048 userd=Some(Sysmem { base: 9555353088, size: 512 }) engine=0x33 tsg=None kernel_by=PRIVILEGE=KERNEL ring_va=0xff00800000 userd_at_birth(GP_PUT,GP_GET)=(Some(0), Some(0)) zeroed=512B gr_tier=false gp_get_by_engine=false sw_subch_inert=true scheduled_at_birth=false fast=off (2384 us, off the GSP lock)
kf3: act birth translated: chan 0xc1d0001d:0xff040008 BORN Translated: token 0x200a -> host 0xc0037 in VasKey(13965662457344034928) gpfifo=0x120538000x2048 userd=Some(Sysmem { base: 9554300928, size: 512 }) engine=0x1c tsg=None kernel_by=PRIVILEGE=KERNEL ring_va=0xff00900000 userd_at_birth(GP_PUT,GP_GET)=(Some(0), Some(0)) zeroed=512B gr_tier=false gp_get_by_engine=false sw_subch_inert=true scheduled_at_birth=false fast=off (2306 us, off the GSP lock)
kf3: GSP REFUSED fn76/0x007302a3=0x56 (GSP_RM_CONTROL) first_seq=0 — the guest read a non-OK status
kf3: GSP REFUSED fn76/0x00730128=0x56 (GSP_RM_CONTROL) first_seq=0 — the guest read a non-OK status
kf-rm: HOST-STUB 0x2081010d (FINN_NV2081_BINAPI_INTERFACE_ID msg 0xd, retail flags 0x10208) client=0xc1d00002: NV_OK, 0 params byte(s) zeroed — host-owned stub, §S assumed #1
kf3: GSP REFUSED fn76/0x2080a630=0x56 (GSP_RM_CONTROL) first_seq=0 — the guest read a non-OK status
kf3: act birth translated: chan 0xc1d00020:0xff040009 BORN Translated: token 0x80b -> host 0x10038 in VasKey(13965662577603119184) gpfifo=0x1200c4000x4096 userd=Some(Sysmem { base: 9554210816, size: 512 }) engine=0xb tsg=None kernel_by=PRIVILEGE=KERNEL ring_va=0xff00a00000 userd_at_birth(GP_PUT,GP_GET)=(Some(0), Some(0)) zeroed=512B gr_tier=false gp_get_by_engine=false sw_subch_inert=true scheduled_at_birth=false fast=off (2233 us, off the GSP lock)
kf3: GSP REFUSED fn76/0x2080852e=0x56 (GSP_RM_CONTROL) first_seq=0 — the guest read a non-OK status
kf3: GSP REFUSED fn76/0x2080852a=0x56 (GSP_RM_CONTROL) first_seq=0 — the guest read a non-OK status
kf3: act birth translated: chan 0xc1d00023:0xff04000a BORN Translated: token 0x80c -> host 0x10039 in VasKey(13965662590488021072) gpfifo=0x200c4000x16384 userd=Some(Sysmem { base: 9553883136, size: 512 }) engine=0xb tsg=Some(ff0e0000) kernel_by=PRIVILEGE=KERNEL ring_va=0xff00b00000 userd_at_birth(GP_PUT,GP_GET)=(Some(0), Some(0)) zeroed=512B gr_tier=false gp_get_by_engine=false sw_subch_inert=true scheduled_at_birth=false fast=off (2172 us, off the GSP lock)
kf3: act birth translated: chan 0xc1d00024:0xff04000b BORN Translated: token 0xd -> host 0x3a in VasKey(13965662590488021072) gpfifo=0x200ef000x16384 userd=Some(Sysmem { base: 9553883648, size: 512 }) engine=0x1 tsg=Some(ff0e0000) kernel_by=PRIVILEGE=KERNEL ring_va=0xff00c00000 userd_at_birth(GP_PUT,GP_GET)=(Some(0), Some(0)) zeroed=512B gr_tier=true gp_get_by_engine=true sw_subch_inert=true scheduled_at_birth=false fast=off (4921 us, off the GSP lock)
kf-rm: FECS-TRACE GET_FECS_TRACE_HW_ENABLE 0x20800a38: NV_OK bEnable=NV_FALSE (no guest ctxsw trace; the SETs stay unserviced) #6
kf-rm: FECS-TRACE GET_FECS_TRACE_HW_ENABLE 0x20800a38: NV_OK bEnable=NV_FALSE (no guest ctxsw trace; the SETs stay unserviced) #7
kf-rm: FECS-TRACE GET_FECS_TRACE_HW_ENABLE 0x20800a38: NV_OK bEnable=NV_FALSE (no guest ctxsw trace; the SETs stay unserviced) #8
kf-rm: server-context-only PDE copy client=0xc1d00021 vaspace=0xff000850 page_size=0x1000 levels=[shift29 phys=0x0 size=0x1000 ap=1] (inert)
kf-rm: server-context-only PDE copy client=0xc1d00021 vaspace=0xff000850 page_size=0x1000 levels=[shift29 phys=0x0 size=0x1000 ap=1] (inert)
kf3: act birth translated: chan 0xc1d00027:0xff04000c BORN Translated: token 0xe -> host 0x3b in VasKey(13965662607667890256) gpfifo=0x1200c4000x32768 userd=Some(Sysmem { base: 9553309696, size: 512 }) engine=0x1 tsg=Some(ff0e0000) kernel_by=PRIVILEGE=KERNEL ring_va=0xff00d00000 userd_at_birth(GP_PUT,GP_GET)=(Some(0), Some(0)) zeroed=512B gr_tier=true gp_get_by_engine=true sw_subch_inert=true scheduled_at_birth=false fast=off (5344 us, off the GSP lock)
kf3: family=Ada phase=Running trapped=43981 applied=1516 refused=0 serviced=689 ram_refused=0 unshadowed_writes=2 read_exits=84 last_off=0xb81608 mem[inval=2257 walks=2271/2271 cleared=2257 superseded=0 named_missed=0 unreconciled=0 mapped=479 unmapped=122 clipped=0x0 held=0 vmm_overlaps=0 priv_withheld=0 priv_withheld_bytes=0x0 priv_mirrored=29 sked=0/0held carve_gpu=0 carve_kernel=2 carve_cpu=1 fn70=1 roots=8 root_moves=0 stmts=15/15 refused=0 pramin_repoints=18 pramin_miss=0 last_miss=0x0 pramin_worst_us=65 (map 35 mmap 27) pramin_maps=18 pramin_mmaps=18 pramin_kept=0 pramin_kept_now=0 wind
kf3: GSP REFUSED fn76/0x2080b201=0x56 (GSP_RM_CONTROL) first_seq=0 — the guest read a non-OK status
kf3: GSP REFUSED fn76/0x2080852f=0x56 (GSP_RM_CONTROL) first_seq=0 — the guest read a non-OK status
kf3: GSP REFUSED fn76/0x2080a618=0x56 (GSP_RM_CONTROL) first_seq=0 — the guest read a non-OK status
kf3: GSP REFUSED fn76/0x2080a619=0x56 (GSP_RM_CONTROL) first_seq=0 — the guest read a non-OK status
kf3: GSP REFUSED fn76/0x2080853a=0x56 (GSP_RM_CONTROL) first_seq=0 — the guest read a non-OK status
kf3: GSP REFUSED fn76/0x2080853b=0x56 (GSP_RM_CONTROL) first_seq=0 — the guest read a non-OK status
kf-rm: RPC-REFUSED #1 AllocClassNotPermitted { class: 16428, denial: Refused { name: "NV40_I2C", why: NoPhysicalBoardBus } } ⇒ answered NV_ERR_NOT_SUPPORTED (0x56). ⊘ The guest sees only the status; this line is the only place the REASON exists. (printing the first 24; the total rides the refusal census)
kf3: GSP REFUSED fn103/0x0000402c=0x56 (GSP_RM_ALLOC) first_seq=0 — the guest read a non-OK status
kf-rm: RPC-REFUSED #2 AllocClassNotPermitted { class: 16428, denial: Refused { name: "NV40_I2C", why: NoPhysicalBoardBus } } ⇒ answered NV_ERR_NOT_SUPPORTED (0x56). ⊘ The guest sees only the status; this line is the only place the REASON exists. (printing the first 24; the total rides the refusal census)
kf-rm: RPC-REFUSED #3 AllocClassNotPermitted { class: 16428, denial: Refused { name: "NV40_I2C", why: NoPhysicalBoardBus } } ⇒ answered NV_ERR_NOT_SUPPORTED (0x56). ⊘ The guest sees only the status; this line is the only place the REASON exists. (printing the first 24; the total rides the refusal census)
kf-rm: RPC-REFUSED #4 AllocClassNotPermitted { class: 16428, denial: Refused { name: "NV40_I2C", why: NoPhysicalBoardBus } } ⇒ answered NV_ERR_NOT_SUPPORTED (0x56). ⊘ The guest sees only the status; this line is the only place the REASON exists. (printing the first 24; the total rides the refusal census)
kf3: act birth translated: chan 0xc1d0002d:0xff04000c BORN Translated: token 0xe -> host 0x3b in VasKey(13965662620552792144) gpfifo=0x4000000x8192 userd=Some(Sysmem { base: 9553661952, size: 512 }) engine=0x1 tsg=Some(ff0e0000) kernel_by=PRIVILEGE=KERNEL ring_va=0xff00d00000 userd_at_birth(GP_PUT,GP_GET)=(Some(0), Some(0)) zeroed=512B gr_tier=true gp_get_by_engine=true sw_subch_inert=true scheduled_at_birth=false fast=off (5767 us, off the GSP lock)
kf3: GSP REFUSED fn76/0x20801211=0x56 (GSP_RM_CONTROL) first_seq=0 — the guest read a non-OK status
kf3: act birth translated: chan 0xc1d00030:0xff04000c BORN Translated: token 0xe -> host 0x3b in VasKey(13965662646322595920) gpfifo=0x1200c4000x32768 userd=Some(Sysmem { base: 9553289216, size: 512 }) engine=0x1 tsg=Some(ff0e0000) kernel_by=PRIVILEGE=KERNEL ring_va=0xff00d00000 userd_at_birth(GP_PUT,GP_GET)=(Some(0), Some(0)) zeroed=512B gr_tier=true gp_get_by_engine=true sw_subch_inert=true scheduled_at_birth=false fast=off (5145 us, off the GSP lock)
kf3: act birth translated: chan 0xc1d00033:0xff04000c BORN Translated: token 0xe -> host 0x3b in VasKey(13965662659207497808) gpfifo=0x1200c4000x32768 userd=Some(Sysmem { base: 9553313792, size: 512 }) engine=0x1 tsg=Some(ff0e0000) kernel_by=PRIVILEGE=KERNEL ring_va=0xff00d00000 userd_at_birth(GP_PUT,GP_GET)=(Some(0), Some(0)) zeroed=512B gr_tier=true gp_get_by_engine=true sw_subch_inert=true scheduled_at_birth=false fast=off (5187 us, off the GSP lock)
kf3: act birth translated: chan 0xc1d00036:0xff04000c BORN Translated: token 0xe -> host 0x3b in VasKey(13965662672092399696) gpfifo=0x1200c4000x32768 userd=Some(Sysmem { base: 9553289216, size: 512 }) engine=0x1 tsg=Some(ff0e0000) kernel_by=PRIVILEGE=KERNEL ring_va=0xff00d00000 userd_at_birth(GP_PUT,GP_GET)=(Some(0), Some(0)) zeroed=512B gr_tier=true gp_get_by_engine=true sw_subch_inert=true scheduled_at_birth=false fast=off (5101 us, off the GSP lock)
kf3: act birth translated: chan 0xc1d00037:0xff04000c BORN Translated: token 0xe -> host 0x3b in VasKey(13965662620552792144) gpfifo=0x4000000x8192 userd=Some(Sysmem { base: 9553661952, size: 512 }) engine=0x1 tsg=Some(ff0e0000) kernel_by=PRIVILEGE=KERNEL ring_va=0xff00d00000 userd_at_birth(GP_PUT,GP_GET)=(Some(0), Some(0)) zeroed=512B gr_tier=true gp_get_by_engine=true sw_subch_inert=true scheduled_at_birth=false fast=off (5238 us, off the GSP lock)
kf-rm: RPC-REFUSED #5 AllocClassNotPermitted { class: 16428, denial: Refused { name: "NV40_I2C", why: NoPhysicalBoardBus } } ⇒ answered NV_ERR_NOT_SUPPORTED (0x56). ⊘ The guest sees only the status; this line is the only place the REASON exists. (printing the first 24; the total rides the refusal census)
kf-rm: RPC-REFUSED #6 AllocClassNotPermitted { class: 16428, denial: Refused { name: "NV40_I2C", why: NoPhysicalBoardBus } } ⇒ answered NV_ERR_NOT_SUPPORTED (0x56). ⊘ The guest sees only the status; this line is the only place the REASON exists. (printing the first 24; the total rides the refusal census)
kf3: GSP REFUSED fn76/0x2080a088=0x56 (GSP_RM_CONTROL) first_seq=0 — the guest read a non-OK status
kf3: family=Ada phase=Running trapped=50384 applied=1943 refused=0 serviced=1116 ram_refused=0 unshadowed_writes=2 read_exits=580 last_off=0x110c00 mem[inval=2533 walks=2586/2586 cleared=2533 superseded=0 named_missed=0 unreconciled=0 mapped=672 unmapped=224 clipped=0x0 held=0 vmm_overlaps=0 priv_withheld=0 priv_withheld_bytes=0x0 priv_mirrored=57 sked=1/0held carve_gpu=0 carve_kernel=2 carve_cpu=1 fn70=1 roots=12 root_moves=0 stmts=22/22 refused=0 pramin_repoints=18 pramin_miss=0 last_miss=0x0 pramin_worst_us=65 (map 35 mmap 27) pramin_maps=18 pramin_mmaps=18 pramin_kept=0 pramin_kept_now=0 w
kf3: GSP REFUSED fn76/0x00730280=0x56 (GSP_RM_CONTROL) first_seq=0 — the guest read a non-OK status
kf3: act birth translated: chan 0xc1d0003b:0xff04000c BORN Translated: token 0xe -> host 0x3b in VasKey(13965662693567236176) gpfifo=0x4000000x8192 userd=Some(Sysmem { base: 9553661952, size: 512 }) engine=0x1 tsg=Some(ff0e0000) kernel_by=PRIVILEGE=KERNEL ring_va=0xff00d00000 userd_at_birth(GP_PUT,GP_GET)=(Some(0), Some(0)) zeroed=512B gr_tier=true gp_get_by_engine=true sw_subch_inert=true scheduled_at_birth=false fast=off (5970 us, off the GSP lock)
kf3: family=Ada phase=Running trapped=51768 applied=2025 refused=0 serviced=1198 ram_refused=0 unshadowed_writes=2 read_exits=784 last_off=0xb81608 mem[inval=2592 walks=2656/2656 cleared=2592 superseded=0 named_missed=0 unreconciled=0 mapped=709 unmapped=256 clipped=0x0 held=0 vmm_overlaps=0 priv_withheld=0 priv_withheld_bytes=0x0 priv_mirrored=62 sked=2/0held carve_gpu=0 carve_kernel=2 carve_cpu=1 fn70=1 roots=13 root_moves=0 stmts=23/23 refused=0 pramin_repoints=18 pramin_miss=0 last_miss=0x0 pramin_worst_us=65 (map 35 mmap 27) pramin_maps=18 pramin_mmaps=18 pramin_kept=0 pramin_kept_now=0 w
kf3: family=Ada phase=Running trapped=51780 applied=2025 refused=0 serviced=1198 ram_refused=0 unshadowed_writes=2 read_exits=784 last_off=0xb81608 mem[inval=2592 walks=2656/2656 cleared=2592 superseded=0 named_missed=0 unreconciled=0 mapped=709 unmapped=256 clipped=0x0 held=0 vmm_overlaps=0 priv_withheld=0 priv_withheld_bytes=0x0 priv_mirrored=62 sked=2/0held carve_gpu=0 carve_kernel=2 carve_cpu=1 fn70=1 roots=13 root_moves=0 stmts=23/23 refused=0 pramin_repoints=18 pramin_miss=0 last_miss=0x0 pramin_worst_us=65 (map 35 mmap 27) pramin_maps=18 pramin_mmaps=18 pramin_kept=0 pramin_kept_now=0 w
kf3: family=Ada phase=Running trapped=51792 applied=2025 refused=0 serviced=1198 ram_refused=0 unshadowed_writes=2 read_exits=784 last_off=0xb81608 mem[inval=2592 walks=2656/2656 cleared=2592 superseded=0 named_missed=0 unreconciled=0 mapped=709 unmapped=256 clipped=0x0 held=0 vmm_overlaps=0 priv_withheld=0 priv_withheld_bytes=0x0 priv_mirrored=62 sked=2/0held carve_gpu=0 carve_kernel=2 carve_cpu=1 fn70=1 roots=13 root_moves=0 stmts=23/23 refused=0 pramin_repoints=18 pramin_miss=0 last_miss=0x0 pramin_worst_us=65 (map 35 mmap 27) pramin_maps=18 pramin_mmaps=18 pramin_kept=0 pramin_kept_now=0 w
kf3: family=Ada phase=Running trapped=51804 applied=2025 refused=0 serviced=1198 ram_refused=0 unshadowed_writes=2 read_exits=784 last_off=0xb81608 mem[inval=2592 walks=2656/2656 cleared=2592 superseded=0 named_missed=0 unreconciled=0 mapped=709 unmapped=256 clipped=0x0 held=0 vmm_overlaps=0 priv_withheld=0 priv_withheld_bytes=0x0 priv_mirrored=62 sked=2/0held carve_gpu=0 carve_kernel=2 carve_cpu=1 fn70=1 roots=13 root_moves=0 stmts=23/23 refused=0 pramin_repoints=18 pramin_miss=0 last_miss=0x0 pramin_worst_us=65 (map 35 mmap 27) pramin_maps=18 pramin_mmaps=18 pramin_kept=0 pramin_kept_now=0 w
kf3: family=Ada phase=Running trapped=51816 applied=2025 refused=0 serviced=1198 ram_refused=0 unshadowed_writes=2 read_exits=784 last_off=0xb81608 mem[inval=2592 walks=2656/2656 cleared=2592 superseded=0 named_missed=0 unreconciled=0 mapped=709 unmapped=256 clipped=0x0 held=0 vmm_overlaps=0 priv_withheld=0 priv_withheld_bytes=0x0 priv_mirrored=62 sked=2/0held carve_gpu=0 carve_kernel=2 carve_cpu=1 fn70=1 roots=13 root_moves=0 stmts=23/23 refused=0 pramin_repoints=18 pramin_miss=0 last_miss=0x0 pramin_worst_us=65 (map 35 mmap 27) pramin_maps=18 pramin_mmaps=18 pramin_kept=0 pramin_kept_now=0 w
kf3: family=Ada phase=Running trapped=51828 applied=2025 refused=0 serviced=1198 ram_refused=0 unshadowed_writes=2 read_exits=784 last_off=0xb81608 mem[inval=2592 walks=2656/2656 cleared=2592 superseded=0 named_missed=0 unreconciled=0 mapped=709 unmapped=256 clipped=0x0 held=0 vmm_overlaps=0 priv_withheld=0 priv_withheld_bytes=0x0 priv_mirrored=62 sked=2/0held carve_gpu=0 carve_kernel=2 carve_cpu=1 fn70=1 roots=13 root_moves=0 stmts=23/23 refused=0 pramin_repoints=18 pramin_miss=0 last_miss=0x0 pramin_worst_us=65 (map 35 mmap 27) pramin_maps=18 pramin_mmaps=18 pramin_kept=0 pramin_kept_now=0 w
kf3: family=Ada phase=Running trapped=52192 applied=2055 refused=0 serviced=1228 ram_refused=0 unshadowed_writes=2 read_exits=784 last_off=0xb81608 mem[inval=2592 walks=2656/2656 cleared=2592 superseded=0 named_missed=0 unreconciled=0 mapped=709 unmapped=256 clipped=0x0 held=0 vmm_overlaps=0 priv_withheld=0 priv_withheld_bytes=0x0 priv_mirrored=62 sked=2/0held carve_gpu=0 carve_kernel=2 carve_cpu=1 fn70=1 roots=13 root_moves=0 stmts=23/23 refused=0 pramin_repoints=18 pramin_miss=0 last_miss=0x0 pramin_worst_us=65 (map 35 mmap 27) pramin_maps=18 pramin_mmaps=18 pramin_kept=0 pramin_kept_now=0 w
kf3: family=Ada phase=Running trapped=52204 applied=2055 refused=0 serviced=1228 ram_refused=0 unshadowed_writes=2 read_exits=784 last_off=0xb81608 mem[inval=2592 walks=2656/2656 cleared=2592 superseded=0 named_missed=0 unreconciled=0 mapped=709 unmapped=256 clipped=0x0 held=0 vmm_overlaps=0 priv_withheld=0 priv_withheld_bytes=0x0 priv_mirrored=62 sked=2/0held carve_gpu=0 carve_kernel=2 carve_cpu=1 fn70=1 roots=13 root_moves=0 stmts=23/23 refused=0 pramin_repoints=18 pramin_miss=0 last_miss=0x0 pramin_worst_us=65 (map 35 mmap 27) pramin_maps=18 pramin_mmaps=18 pramin_kept=0 pramin_kept_now=0 w
kf3: family=Ada phase=Running trapped=52216 applied=2055 refused=0 serviced=1228 ram_refused=0 unshadowed_writes=2 read_exits=784 last_off=0xb81608 mem[inval=2592 walks=2656/2656 cleared=2592 superseded=0 named_missed=0 unreconciled=0 mapped=709 unmapped=256 clipped=0x0 held=0 vmm_overlaps=0 priv_withheld=0 priv_withheld_bytes=0x0 priv_mirrored=62 sked=2/0held carve_gpu=0 carve_kernel=2 carve_cpu=1 fn70=1 roots=13 root_moves=0 stmts=23/23 refused=0 pramin_repoints=18 pramin_miss=0 last_miss=0x0 pramin_worst_us=65 (map 35 mmap 27) pramin_maps=18 pramin_mmaps=18 pramin_kept=0 pramin_kept_now=0 w
kf3: family=Ada phase=Running trapped=52228 applied=2055 refused=0 serviced=1228 ram_refused=0 unshadowed_writes=2 read_exits=784 last_off=0xb81608 mem[inval=2592 walks=2656/2656 cleared=2592 superseded=0 named_missed=0 unreconciled=0 mapped=709 unmapped=256 clipped=0x0 held=0 vmm_overlaps=0 priv_withheld=0 priv_withheld_bytes=0x0 priv_mirrored=62 sked=2/0held carve_gpu=0 carve_kernel=2 carve_cpu=1 fn70=1 roots=13 root_moves=0 stmts=23/23 refused=0 pramin_repoints=18 pramin_miss=0 last_miss=0x0 pramin_worst_us=65 (map 35 mmap 27) pramin_maps=18 pramin_mmaps=18 pramin_kept=0 pramin_kept_now=0 w
kf3: family=Ada phase=Running trapped=52240 applied=2055 refused=0 serviced=1228 ram_refused=0 unshadowed_writes=2 read_exits=784 last_off=0xb81608 mem[inval=2592 walks=2656/2656 cleared=2592 superseded=0 named_missed=0 unreconciled=0 mapped=709 unmapped=256 clipped=0x0 held=0 vmm_overlaps=0 priv_withheld=0 priv_withheld_bytes=0x0 priv_mirrored=62 sked=2/0held carve_gpu=0 carve_kernel=2 carve_cpu=1 fn70=1 roots=13 root_moves=0 stmts=23/23 refused=0 pramin_repoints=18 pramin_miss=0 last_miss=0x0 pramin_worst_us=65 (map 35 mmap 27) pramin_maps=18 pramin_mmaps=18 pramin_kept=0 pramin_kept_now=0 w
kf3: family=Ada phase=Running trapped=52252 applied=2055 refused=0 serviced=1228 ram_refused=0 unshadowed_writes=2 read_exits=784 last_off=0xb81608 mem[inval=2592 walks=2656/2656 cleared=2592 superseded=0 named_missed=0 unreconciled=0 mapped=709 unmapped=256 clipped=0x0 held=0 vmm_overlaps=0 priv_withheld=0 priv_withheld_bytes=0x0 priv_mirrored=62 sked=2/0held carve_gpu=0 carve_kernel=2 carve_cpu=1 fn70=1 roots=13 root_moves=0 stmts=23/23 refused=0 pramin_repoints=18 pramin_miss=0 last_miss=0x0 pramin_worst_us=65 (map 35 mmap 27) pramin_maps=18 pramin_mmaps=18 pramin_kept=0 pramin_kept_now=0 w
kf3: family=Ada phase=Running trapped=52264 applied=2055 refused=0 serviced=1228 ram_refused=0 unshadowed_writes=2 read_exits=784 last_off=0xb81608 mem[inval=2592 walks=2656/2656 cleared=2592 superseded=0 named_missed=0 unreconciled=0 mapped=709 unmapped=256 clipped=0x0 held=0 vmm_overlaps=0 priv_withheld=0 priv_withheld_bytes=0x0 priv_mirrored=62 sked=2/0held carve_gpu=0 carve_kernel=2 carve_cpu=1 fn70=1 roots=13 root_moves=0 stmts=23/23 refused=0 pramin_repoints=18 pramin_miss=0 last_miss=0x0 pramin_worst_us=65 (map 35 mmap 27) pramin_maps=18 pramin_mmaps=18 pramin_kept=0 pramin_kept_now=0 w
kf3: family=Ada phase=Running trapped=52276 applied=2055 refused=0 serviced=1228 ram_refused=0 unshadowed_writes=2 read_exits=784 last_off=0xb81608 mem[inval=2592 walks=2656/2656 cleared=2592 superseded=0 named_missed=0 unreconciled=0 mapped=709 unmapped=256 clipped=0x0 held=0 vmm_overlaps=0 priv_withheld=0 priv_withheld_bytes=0x0 priv_mirrored=62 sked=2/0held carve_gpu=0 carve_kernel=2 carve_cpu=1 fn70=1 roots=13 root_moves=0 stmts=23/23 refused=0 pramin_repoints=18 pramin_miss=0 last_miss=0x0 pramin_worst_us=65 (map 35 mmap 27) pramin_maps=18 pramin_mmaps=18 pramin_kept=0 pramin_kept_now=0 w
kf3: family=Ada phase=Running trapped=52288 applied=2055 refused=0 serviced=1228 ram_refused=0 unshadowed_writes=2 read_exits=784 last_off=0xb81608 mem[inval=2592 walks=2656/2656 cleared=2592 superseded=0 named_missed=0 unreconciled=0 mapped=709 unmapped=256 clipped=0x0 held=0 vmm_overlaps=0 priv_withheld=0 priv_withheld_bytes=0x0 priv_mirrored=62 sked=2/0held carve_gpu=0 carve_kernel=2 carve_cpu=1 fn70=1 roots=13 root_moves=0 stmts=23/23 refused=0 pramin_repoints=18 pramin_miss=0 last_miss=0x0 pramin_worst_us=65 (map 35 mmap 27) pramin_maps=18 pramin_mmaps=18 pramin_kept=0 pramin_kept_now=0 w
kf3: family=Ada phase=Running trapped=52300 applied=2055 refused=0 serviced=1228 ram_refused=0 unshadowed_writes=2 read_exits=784 last_off=0xb81608 mem[inval=2592 walks=2656/2656 cleared=2592 superseded=0 named_missed=0 unreconciled=0 mapped=709 unmapped=256 clipped=0x0 held=0 vmm_overlaps=0 priv_withheld=0 priv_withheld_bytes=0x0 priv_mirrored=62 sked=2/0held carve_gpu=0 carve_kernel=2 carve_cpu=1 fn70=1 roots=13 root_moves=0 stmts=23/23 refused=0 pramin_repoints=18 pramin_miss=0 last_miss=0x0 pramin_worst_us=65 (map 35 mmap 27) pramin_maps=18 pramin_mmaps=18 pramin_kept=0 pramin_kept_now=0 w
kf3: family=Ada phase=Running trapped=52312 applied=2055 refused=0 serviced=1228 ram_refused=0 unshadowed_writes=2 read_exits=784 last_off=0xb81608 mem[inval=2592 walks=2656/2656 cleared=2592 superseded=0 named_missed=0 unreconciled=0 mapped=709 unmapped=256 clipped=0x0 held=0 vmm_overlaps=0 priv_withheld=0 priv_withheld_bytes=0x0 priv_mirrored=62 sked=2/0held carve_gpu=0 carve_kernel=2 carve_cpu=1 fn70=1 roots=13 root_moves=0 stmts=23/23 refused=0 pramin_repoints=18 pramin_miss=0 last_miss=0x0 pramin_worst_us=65 (map 35 mmap 27) pramin_maps=18 pramin_mmaps=18 pramin_kept=0 pramin_kept_now=0 w
kf3: family=Ada phase=Running trapped=52324 applied=2055 refused=0 serviced=1228 ram_refused=0 unshadowed_writes=2 read_exits=784 last_off=0xb81608 mem[inval=2592 walks=2656/2656 cleared=2592 superseded=0 named_missed=0 unreconciled=0 mapped=709 unmapped=256 clipped=0x0 held=0 vmm_overlaps=0 priv_withheld=0 priv_withheld_bytes=0x0 priv_mirrored=62 sked=2/0held carve_gpu=0 carve_kernel=2 carve_cpu=1 fn70=1 roots=13 root_moves=0 stmts=23/23 refused=0 pramin_repoints=18 pramin_miss=0 last_miss=0x0 pramin_worst_us=65 (map 35 mmap 27) pramin_maps=18 pramin_mmaps=18 pramin_kept=0 pramin_kept_now=0 w
kf3: family=Ada phase=Running trapped=52336 applied=2055 refused=0 serviced=1228 ram_refused=0 unshadowed_writes=2 read_exits=784 last_off=0xb81608 mem[inval=2592 walks=2656/2656 cleared=2592 superseded=0 named_missed=0 unreconciled=0 mapped=709 unmapped=256 clipped=0x0 held=0 vmm_overlaps=0 priv_withheld=0 priv_withheld_bytes=0x0 priv_mirrored=62 sked=2/0held carve_gpu=0 carve_kernel=2 carve_cpu=1 fn70=1 roots=13 root_moves=0 stmts=23/23 refused=0 pramin_repoints=18 pramin_miss=0 last_miss=0x0 pramin_worst_us=65 (map 35 mmap 27) pramin_maps=18 pramin_mmaps=18 pramin_kept=0 pramin_kept_now=0 w
kf3: family=Ada phase=Running trapped=52348 applied=2055 refused=0 serviced=1228 ram_refused=0 unshadowed_writes=2 read_exits=784 last_off=0xb81608 mem[inval=2592 walks=2656/2656 cleared=2592 superseded=0 named_missed=0 unreconciled=0 mapped=709 unmapped=256 clipped=0x0 held=0 vmm_overlaps=0 priv_withheld=0 priv_withheld_bytes=0x0 priv_mirrored=62 sked=2/0held carve_gpu=0 carve_kernel=2 carve_cpu=1 fn70=1 roots=13 root_moves=0 stmts=23/23 refused=0 pramin_repoints=18 pramin_miss=0 last_miss=0x0 pramin_worst_us=65 (map 35 mmap 27) pramin_maps=18 pramin_mmaps=18 pramin_kept=0 pramin_kept_now=0 w
kf3: family=Ada phase=Running trapped=52360 applied=2055 refused=0 serviced=1228 ram_refused=0 unshadowed_writes=2 read_exits=784 last_off=0xb81608 mem[inval=2592 walks=2656/2656 cleared=2592 superseded=0 named_missed=0 unreconciled=0 mapped=709 unmapped=256 clipped=0x0 held=0 vmm_overlaps=0 priv_withheld=0 priv_withheld_bytes=0x0 priv_mirrored=62 sked=2/0held carve_gpu=0 carve_kernel=2 carve_cpu=1 fn70=1 roots=13 root_moves=0 stmts=23/23 refused=0 pramin_repoints=18 pramin_miss=0 last_miss=0x0 pramin_worst_us=65 (map 35 mmap 27) pramin_maps=18 pramin_mmaps=18 pramin_kept=0 pramin_kept_now=0 w
kf3: family=Ada phase=Running trapped=52372 applied=2055 refused=0 serviced=1228 ram_refused=0 unshadowed_writes=2 read_exits=784 last_off=0xb81608 mem[inval=2592 walks=2656/2656 cleared=2592 superseded=0 named_missed=0 unreconciled=0 mapped=709 unmapped=256 clipped=0x0 held=0 vmm_overlaps=0 priv_withheld=0 priv_withheld_bytes=0x0 priv_mirrored=62 sked=2/0held carve_gpu=0 carve_kernel=2 carve_cpu=1 fn70=1 roots=13 root_moves=0 stmts=23/23 refused=0 pramin_repoints=18 pramin_miss=0 last_miss=0x0 pramin_worst_us=65 (map 35 mmap 27) pramin_maps=18 pramin_mmaps=18 pramin_kept=0 pramin_kept_now=0 w
kf3: family=Ada phase=Running trapped=52384 applied=2055 refused=0 serviced=1228 ram_refused=0 unshadowed_writes=2 read_exits=784 last_off=0xb81608 mem[inval=2592 walks=2656/2656 cleared=2592 superseded=0 named_missed=0 unreconciled=0 mapped=709 unmapped=256 clipped=0x0 held=0 vmm_overlaps=0 priv_withheld=0 priv_withheld_bytes=0x0 priv_mirrored=62 sked=2/0held carve_gpu=0 carve_kernel=2 carve_cpu=1 fn70=1 roots=13 root_moves=0 stmts=23/23 refused=0 pramin_repoints=18 pramin_miss=0 last_miss=0x0 pramin_worst_us=65 (map 35 mmap 27) pramin_maps=18 pramin_mmaps=18 pramin_kept=0 pramin_kept_now=0 w
kf3: family=Ada phase=Running trapped=52396 applied=2055 refused=0 serviced=1228 ram_refused=0 unshadowed_writes=2 read_exits=784 last_off=0xb81608 mem[inval=2592 walks=2656/2656 cleared=2592 superseded=0 named_missed=0 unreconciled=0 mapped=709 unmapped=256 clipped=0x0 held=0 vmm_overlaps=0 priv_withheld=0 priv_withheld_bytes=0x0 priv_mirrored=62 sked=2/0held carve_gpu=0 carve_kernel=2 carve_cpu=1 fn70=1 roots=13 root_moves=0 stmts=23/23 refused=0 pramin_repoints=18 pramin_miss=0 last_miss=0x0 pramin_worst_us=65 (map 35 mmap 27) pramin_maps=18 pramin_mmaps=18 pramin_kept=0 pramin_kept_now=0 w
kf3: family=Ada phase=Running trapped=52408 applied=2055 refused=0 serviced=1228 ram_refused=0 unshadowed_writes=2 read_exits=784 last_off=0xb81608 mem[inval=2592 walks=2656/2656 cleared=2592 superseded=0 named_missed=0 unreconciled=0 mapped=709 unmapped=256 clipped=0x0 held=0 vmm_overlaps=0 priv_withheld=0 priv_withheld_bytes=0x0 priv_mirrored=62 sked=2/0held carve_gpu=0 carve_kernel=2 carve_cpu=1 fn70=1 roots=13 root_moves=0 stmts=23/23 refused=0 pramin_repoints=18 pramin_miss=0 last_miss=0x0 pramin_worst_us=65 (map 35 mmap 27) pramin_maps=18 pramin_mmaps=18 pramin_kept=0 pramin_kept_now=0 w
kf3: family=Ada phase=Running trapped=52420 applied=2055 refused=0 serviced=1228 ram_refused=0 unshadowed_writes=2 read_exits=784 last_off=0xb81608 mem[inval=2592 walks=2656/2656 cleared=2592 superseded=0 named_missed=0 unreconciled=0 mapped=709 unmapped=256 clipped=0x0 held=0 vmm_overlaps=0 priv_withheld=0 priv_withheld_bytes=0x0 priv_mirrored=62 sked=2/0held carve_gpu=0 carve_kernel=2 carve_cpu=1 fn70=1 roots=13 root_moves=0 stmts=23/23 refused=0 pramin_repoints=18 pramin_miss=0 last_miss=0x0 pramin_worst_us=65 (map 35 mmap 27) pramin_maps=18 pramin_mmaps=18 pramin_kept=0 pramin_kept_now=0 w
kf3: family=Ada phase=Running trapped=52432 applied=2055 refused=0 serviced=1228 ram_refused=0 unshadowed_writes=2 read_exits=784 last_off=0xb81608 mem[inval=2592 walks=2656/2656 cleared=2592 superseded=0 named_missed=0 unreconciled=0 mapped=709 unmapped=256 clipped=0x0 held=0 vmm_overlaps=0 priv_withheld=0 priv_withheld_bytes=0x0 priv_mirrored=62 sked=2/0held carve_gpu=0 carve_kernel=2 carve_cpu=1 fn70=1 roots=13 root_moves=0 stmts=23/23 refused=0 pramin_repoints=18 pramin_miss=0 last_miss=0x0 pramin_worst_us=65 (map 35 mmap 27) pramin_maps=18 pramin_mmaps=18 pramin_kept=0 pramin_kept_now=0 w
kf3: family=Ada phase=Running trapped=52444 applied=2055 refused=0 serviced=1228 ram_refused=0 unshadowed_writes=2 read_exits=784 last_off=0xb81608 mem[inval=2592 walks=2656/2656 cleared=2592 superseded=0 named_missed=0 unreconciled=0 mapped=709 unmapped=256 clipped=0x0 held=0 vmm_overlaps=0 priv_withheld=0 priv_withheld_bytes=0x0 priv_mirrored=62 sked=2/0held carve_gpu=0 carve_kernel=2 carve_cpu=1 fn70=1 roots=13 root_moves=0 stmts=23/23 refused=0 pramin_repoints=18 pramin_miss=0 last_miss=0x0 pramin_worst_us=65 (map 35 mmap 27) pramin_maps=18 pramin_mmaps=18 pramin_kept=0 pramin_kept_now=0 w
kf3: family=Ada phase=Running trapped=52456 applied=2055 refused=0 serviced=1228 ram_refused=0 unshadowed_writes=2 read_exits=784 last_off=0xb81608 mem[inval=2592 walks=2656/2656 cleared=2592 superseded=0 named_missed=0 unreconciled=0 mapped=709 unmapped=256 clipped=0x0 held=0 vmm_overlaps=0 priv_withheld=0 priv_withheld_bytes=0x0 priv_mirrored=62 sked=2/0held carve_gpu=0 carve_kernel=2 carve_cpu=1 fn70=1 roots=13 root_moves=0 stmts=23/23 refused=0 pramin_repoints=18 pramin_miss=0 last_miss=0x0 pramin_worst_us=65 (map 35 mmap 27) pramin_maps=18 pramin_mmaps=18 pramin_kept=0 pramin_kept_now=0 w
kf3: family=Ada phase=Running trapped=52587 applied=2071 refused=0 serviced=1244 ram_refused=0 unshadowed_writes=2 read_exits=784 last_off=0x110c00 mem[inval=2592 walks=2656/2656 cleared=2592 superseded=0 named_missed=0 unreconciled=0 mapped=709 unmapped=256 clipped=0x0 held=0 vmm_overlaps=0 priv_withheld=0 priv_withheld_bytes=0x0 priv_mirrored=62 sked=2/0held carve_gpu=0 carve_kernel=2 carve_cpu=1 fn70=1 roots=13 root_moves=0 stmts=23/23 refused=0 pramin_repoints=18 pramin_miss=0 last_miss=0x0 pramin_worst_us=65 (map 35 mmap 27) pramin_maps=18 pramin_mmaps=18 pramin_kept=0 pramin_kept_now=0 w
kf3: family=Ada phase=Running trapped=52964 applied=2105 refused=0 serviced=1278 ram_refused=0 unshadowed_writes=2 read_exits=784 last_off=0xb81608 mem[inval=2606 walks=2671/2671 cleared=2606 superseded=0 named_missed=0 unreconciled=0 mapped=721 unmapped=257 clipped=0x0 held=0 vmm_overlaps=0 priv_withheld=0 priv_withheld_bytes=0x0 priv_mirrored=62 sked=2/0held carve_gpu=0 carve_kernel=2 carve_cpu=1 fn70=1 roots=14 root_moves=0 stmts=25/25 refused=0 pramin_repoints=18 pramin_miss=0 last_miss=0x0 pramin_worst_us=65 (map 35 mmap 27) pramin_maps=18 pramin_mmaps=18 pramin_kept=0 pramin_kept_now=0 w
kf3: family=Ada phase=Running trapped=53383 applied=2141 refused=0 serviced=1314 ram_refused=0 unshadowed_writes=2 read_exits=784 last_off=0xb81608 mem[inval=2620 walks=2686/2686 cleared=2620 superseded=0 named_missed=0 unreconciled=0 mapped=734 unmapped=270 clipped=0x0 held=0 vmm_overlaps=0 priv_withheld=0 priv_withheld_bytes=0x0 priv_mirrored=62 sked=2/0held carve_gpu=0 carve_kernel=2 carve_cpu=1 fn70=1 roots=15 root_moves=0 stmts=27/27 refused=0 pramin_repoints=18 pramin_miss=0 last_miss=0x0 pramin_worst_us=65 (map 35 mmap 27) pramin_maps=18 pramin_mmaps=18 pramin_kept=0 pramin_kept_now=0 w
kf3: family=Ada phase=Running trapped=53395 applied=2141 refused=0 serviced=1314 ram_refused=0 unshadowed_writes=2 read_exits=784 last_off=0xb81608 mem[inval=2620 walks=2686/2686 cleared=2620 superseded=0 named_missed=0 unreconciled=0 mapped=734 unmapped=270 clipped=0x0 held=0 vmm_overlaps=0 priv_withheld=0 priv_withheld_bytes=0x0 priv_mirrored=62 sked=2/0held carve_gpu=0 carve_kernel=2 carve_cpu=1 fn70=1 roots=15 root_moves=0 stmts=27/27 refused=0 pramin_repoints=18 pramin_miss=0 last_miss=0x0 pramin_worst_us=65 (map 35 mmap 27) pramin_maps=18 pramin_mmaps=18 pramin_kept=0 pramin_kept_now=0 w
kf3: GSP REFUSED fn76/0x00800294=0x56 (GSP_RM_CONTROL) first_seq=0 — the guest read a non-OK status
kf3: GSP REFUSED fn76/0x2080a097=0x56 (GSP_RM_CONTROL) first_seq=0 — the guest read a non-OK status
kf3: family=Ada phase=Running trapped=53882 applied=2182 refused=0 serviced=1355 ram_refused=0 unshadowed_writes=2 read_exits=784 last_off=0xb81608 mem[inval=2634 walks=2701/2701 cleared=2634 superseded=0 named_missed=0 unreconciled=0 mapped=734 unmapped=270 clipped=0x0 held=0 vmm_overlaps=0 priv_withheld=0 priv_withheld_bytes=0x0 priv_mirrored=62 sked=2/0held carve_gpu=0 carve_kernel=2 carve_cpu=1 fn70=1 roots=16 root_moves=0 stmts=29/29 refused=0 pramin_repoints=18 pramin_miss=0 last_miss=0x0 pramin_worst_us=65 (map 35 mmap 27) pramin_maps=18 pramin_mmaps=18 pramin_kept=0 pramin_kept_now=0 w
kf3: family=Ada phase=Running trapped=54264 applied=2216 refused=0 serviced=1389 ram_refused=0 unshadowed_writes=2 read_exits=784 last_off=0xb81608 mem[inval=2648 walks=2716/2716 cleared=2648 superseded=0 named_missed=0 unreconciled=0 mapped=734 unmapped=270 clipped=0x0 held=0 vmm_overlaps=0 priv_withheld=0 priv_withheld_bytes=0x0 priv_mirrored=62 sked=2/0held carve_gpu=0 carve_kernel=2 carve_cpu=1 fn70=1 roots=17 root_moves=0 stmts=31/31 refused=0 pramin_repoints=18 pramin_miss=0 last_miss=0x0 pramin_worst_us=65 (map 35 mmap 27) pramin_maps=18 pramin_mmaps=18 pramin_kept=0 pramin_kept_now=0 w
kf3: family=Ada phase=Running trapped=54276 applied=2216 refused=0 serviced=1389 ram_refused=0 unshadowed_writes=2 read_exits=784 last_off=0xb81608 mem[inval=2648 walks=2716/2716 cleared=2648 superseded=0 named_missed=0 unreconciled=0 mapped=734 unmapped=270 clipped=0x0 held=0 vmm_overlaps=0 priv_withheld=0 priv_withheld_bytes=0x0 priv_mirrored=62 sked=2/0held carve_gpu=0 carve_kernel=2 carve_cpu=1 fn70=1 roots=17 root_moves=0 stmts=31/31 refused=0 pramin_repoints=18 pramin_miss=0 last_miss=0x0 pramin_worst_us=65 (map 35 mmap 27) pramin_maps=18 pramin_mmaps=18 pramin_kept=0 pramin_kept_now=0 w
kf3: family=Ada phase=Running trapped=54658 applied=2250 refused=0 serviced=1423 ram_refused=0 unshadowed_writes=2 read_exits=784 last_off=0xb81608 mem[inval=2662 walks=2731/2731 cleared=2662 superseded=0 named_missed=0 unreconciled=0 mapped=734 unmapped=270 clipped=0x0 held=0 vmm_overlaps=0 priv_withheld=0 priv_withheld_bytes=0x0 priv_mirrored=62 sked=2/0held carve_gpu=0 carve_kernel=2 carve_cpu=1 fn70=1 roots=18 root_moves=0 stmts=33/33 refused=0 pramin_repoints=18 pramin_miss=0 last_miss=0x0 pramin_worst_us=65 (map 35 mmap 27) pramin_maps=18 pramin_mmaps=18 pramin_kept=0 pramin_kept_now=0 w
kf3: family=Ada phase=Running trapped=54670 applied=2250 refused=0 serviced=1423 ram_refused=0 unshadowed_writes=2 read_exits=784 last_off=0xb81608 mem[inval=2662 walks=2731/2731 cleared=2662 superseded=0 named_missed=0 unreconciled=0 mapped=734 unmapped=270 clipped=0x0 held=0 vmm_overlaps=0 priv_withheld=0 priv_withheld_bytes=0x0 priv_mirrored=62 sked=2/0held carve_gpu=0 carve_kernel=2 carve_cpu=1 fn70=1 roots=18 root_moves=0 stmts=33/33 refused=0 pramin_repoints=18 pramin_miss=0 last_miss=0x0 pramin_worst_us=65 (map 35 mmap 27) pramin_maps=18 pramin_mmaps=18 pramin_kept=0 pramin_kept_now=0 w
kf3: family=Ada phase=Running trapped=54682 applied=2250 refused=0 serviced=1423 ram_refused=0 unshadowed_writes=2 read_exits=784 last_off=0xb81608 mem[inval=2662 walks=2731/2731 cleared=2662 superseded=0 named_missed=0 unreconciled=0 mapped=734 unmapped=270 clipped=0x0 held=0 vmm_overlaps=0 priv_withheld=0 priv_withheld_bytes=0x0 priv_mirrored=62 sked=2/0held carve_gpu=0 carve_kernel=2 carve_cpu=1 fn70=1 roots=18 root_moves=0 stmts=33/33 refused=0 pramin_repoints=18 pramin_miss=0 last_miss=0x0 pramin_worst_us=65 (map 35 mmap 27) pramin_maps=18 pramin_mmaps=18 pramin_kept=0 pramin_kept_now=0 w
kf3: family=Ada phase=Running trapped=54694 applied=2250 refused=0 serviced=1423 ram_refused=0 unshadowed_writes=2 read_exits=784 last_off=0xb81608 mem[inval=2662 walks=2731/2731 cleared=2662 superseded=0 named_missed=0 unreconciled=0 mapped=734 unmapped=270 clipped=0x0 held=0 vmm_overlaps=0 priv_withheld=0 priv_withheld_bytes=0x0 priv_mirrored=62 sked=2/0held carve_gpu=0 carve_kernel=2 carve_cpu=1 fn70=1 roots=18 root_moves=0 stmts=33/33 refused=0 pramin_repoints=18 pramin_miss=0 last_miss=0x0 pramin_worst_us=65 (map 35 mmap 27) pramin_maps=18 pramin_mmaps=18 pramin_kept=0 pramin_kept_now=0 w
kf3: family=Ada phase=Running trapped=54706 applied=2250 refused=0 serviced=1423 ram_refused=0 unshadowed_writes=2 read_exits=784 last_off=0xb81608 mem[inval=2662 walks=2731/2731 cleared=2662 superseded=0 named_missed=0 unreconciled=0 mapped=734 unmapped=270 clipped=0x0 held=0 vmm_overlaps=0 priv_withheld=0 priv_withheld_bytes=0x0 priv_mirrored=62 sked=2/0held carve_gpu=0 carve_kernel=2 carve_cpu=1 fn70=1 roots=18 root_moves=0 stmts=33/33 refused=0 pramin_repoints=18 pramin_miss=0 last_miss=0x0 pramin_worst_us=65 (map 35 mmap 27) pramin_maps=18 pramin_mmaps=18 pramin_kept=0 pramin_kept_now=0 w
kf3: family=Ada phase=Running trapped=55088 applied=2284 refused=0 serviced=1457 ram_refused=0 unshadowed_writes=2 read_exits=784 last_off=0xb81608 mem[inval=2676 walks=2746/2746 cleared=2676 superseded=0 named_missed=0 unreconciled=0 mapped=734 unmapped=270 clipped=0x0 held=0 vmm_overlaps=0 priv_withheld=0 priv_withheld_bytes=0x0 priv_mirrored=62 sked=2/0held carve_gpu=0 carve_kernel=2 carve_cpu=1 fn70=1 roots=19 root_moves=0 stmts=35/35 refused=0 pramin_repoints=18 pramin_miss=0 last_miss=0x0 pramin_worst_us=65 (map 35 mmap 27) pramin_maps=18 pramin_mmaps=18 pramin_kept=0 pramin_kept_now=0 w
kf3: family=Ada phase=Running trapped=55100 applied=2284 refused=0 serviced=1457 ram_refused=0 unshadowed_writes=2 read_exits=784 last_off=0xb81608 mem[inval=2676 walks=2746/2746 cleared=2676 superseded=0 named_missed=0 unreconciled=0 mapped=734 unmapped=270 clipped=0x0 held=0 vmm_overlaps=0 priv_withheld=0 priv_withheld_bytes=0x0 priv_mirrored=62 sked=2/0held carve_gpu=0 carve_kernel=2 carve_cpu=1 fn70=1 roots=19 root_moves=0 stmts=35/35 refused=0 pramin_repoints=18 pramin_miss=0 last_miss=0x0 pramin_worst_us=65 (map 35 mmap 27) pramin_maps=18 pramin_mmaps=18 pramin_kept=0 pramin_kept_now=0 w
kf3: family=Ada phase=Running trapped=55519 applied=2320 refused=0 serviced=1493 ram_refused=0 unshadowed_writes=2 read_exits=784 last_off=0xb81608 mem[inval=2690 walks=2761/2761 cleared=2690 superseded=0 named_missed=0 unreconciled=0 mapped=734 unmapped=270 clipped=0x0 held=0 vmm_overlaps=0 priv_withheld=0 priv_withheld_bytes=0x0 priv_mirrored=62 sked=2/0held carve_gpu=0 carve_kernel=2 carve_cpu=1 fn70=1 roots=20 root_moves=0 stmts=37/37 refused=0 pramin_repoints=18 pramin_miss=0 last_miss=0x0 pramin_worst_us=65 (map 35 mmap 27) pramin_maps=18 pramin_mmaps=18 pramin_kept=0 pramin_kept_now=0 w
kf3: family=Ada phase=Running trapped=56006 applied=2361 refused=0 serviced=1534 ram_refused=0 unshadowed_writes=2 read_exits=784 last_off=0xb81608 mem[inval=2704 walks=2776/2776 cleared=2704 superseded=0 named_missed=0 unreconciled=0 mapped=734 unmapped=270 clipped=0x0 held=0 vmm_overlaps=0 priv_withheld=0 priv_withheld_bytes=0x0 priv_mirrored=62 sked=2/0held carve_gpu=0 carve_kernel=2 carve_cpu=1 fn70=1 roots=21 root_moves=0 stmts=39/39 refused=0 pramin_repoints=18 pramin_miss=0 last_miss=0x0 pramin_worst_us=65 (map 35 mmap 27) pramin_maps=18 pramin_mmaps=18 pramin_kept=0 pramin_kept_now=0 w
kf3: family=Ada phase=Running trapped=56018 applied=2361 refused=0 serviced=1534 ram_refused=0 unshadowed_writes=2 read_exits=784 last_off=0xb81608 mem[inval=2704 walks=2776/2776 cleared=2704 superseded=0 named_missed=0 unreconciled=0 mapped=734 unmapped=270 clipped=0x0 held=0 vmm_overlaps=0 priv_withheld=0 priv_withheld_bytes=0x0 priv_mirrored=62 sked=2/0held carve_gpu=0 carve_kernel=2 carve_cpu=1 fn70=1 roots=21 root_moves=0 stmts=39/39 refused=0 pramin_repoints=18 pramin_miss=0 last_miss=0x0 pramin_worst_us=65 (map 35 mmap 27) pramin_maps=18 pramin_mmaps=18 pramin_kept=0 pramin_kept_now=0 w
kf3: family=Ada phase=Running trapped=56400 applied=2395 refused=0 serviced=1568 ram_refused=0 unshadowed_writes=2 read_exits=784 last_off=0xb81608 mem[inval=2718 walks=2791/2791 cleared=2718 superseded=0 named_missed=0 unreconciled=0 mapped=734 unmapped=270 clipped=0x0 held=0 vmm_overlaps=0 priv_withheld=0 priv_withheld_bytes=0x0 priv_mirrored=62 sked=2/0held carve_gpu=0 carve_kernel=2 carve_cpu=1 fn70=1 roots=22 root_moves=0 stmts=41/41 refused=0 pramin_repoints=18 pramin_miss=0 last_miss=0x0 pramin_worst_us=65 (map 35 mmap 27) pramin_maps=18 pramin_mmaps=18 pramin_kept=0 pramin_kept_now=0 w
kf3: family=Ada phase=Running trapped=56782 applied=2429 refused=0 serviced=1602 ram_refused=0 unshadowed_writes=2 read_exits=784 last_off=0xb81608 mem[inval=2732 walks=2806/2806 cleared=2732 superseded=0 named_missed=0 unreconciled=0 mapped=734 unmapped=270 clipped=0x0 held=0 vmm_overlaps=0 priv_withheld=0 priv_withheld_bytes=0x0 priv_mirrored=62 sked=2/0held carve_gpu=0 carve_kernel=2 carve_cpu=1 fn70=1 roots=23 root_moves=0 stmts=43/43 refused=0 pramin_repoints=18 pramin_miss=0 last_miss=0x0 pramin_worst_us=65 (map 35 mmap 27) pramin_maps=18 pramin_mmaps=18 pramin_kept=0 pramin_kept_now=0 w
kf3: family=Ada phase=Running trapped=56794 applied=2429 refused=0 serviced=1602 ram_refused=0 unshadowed_writes=2 read_exits=784 last_off=0xb81608 mem[inval=2732 walks=2806/2806 cleared=2732 superseded=0 named_missed=0 unreconciled=0 mapped=734 unmapped=270 clipped=0x0 held=0 vmm_overlaps=0 priv_withheld=0 priv_withheld_bytes=0x0 priv_mirrored=62 sked=2/0held carve_gpu=0 carve_kernel=2 carve_cpu=1 fn70=1 roots=23 root_moves=0 stmts=43/43 refused=0 pramin_repoints=18 pramin_miss=0 last_miss=0x0 pramin_worst_us=65 (map 35 mmap 27) pramin_maps=18 pramin_mmaps=18 pramin_kept=0 pramin_kept_now=0 w
kf3: family=Ada phase=Running trapped=56806 applied=2429 refused=0 serviced=1602 ram_refused=0 unshadowed_writes=2 read_exits=784 last_off=0xb81608 mem[inval=2732 walks=2806/2806 cleared=2732 superseded=0 named_missed=0 unreconciled=0 mapped=734 unmapped=270 clipped=0x0 held=0 vmm_overlaps=0 priv_withheld=0 priv_withheld_bytes=0x0 priv_mirrored=62 sked=2/0held carve_gpu=0 carve_kernel=2 carve_cpu=1 fn70=1 roots=23 root_moves=0 stmts=43/43 refused=0 pramin_repoints=18 pramin_miss=0 last_miss=0x0 pramin_worst_us=65 (map 35 mmap 27) pramin_maps=18 pramin_mmaps=18 pramin_kept=0 pramin_kept_now=0 w
kf3: family=Ada phase=Running trapped=56818 applied=2429 refused=0 serviced=1602 ram_refused=0 unshadowed_writes=2 read_exits=784 last_off=0xb81608 mem[inval=2732 walks=2806/2806 cleared=2732 superseded=0 named_missed=0 unreconciled=0 mapped=734 unmapped=270 clipped=0x0 held=0 vmm_overlaps=0 priv_withheld=0 priv_withheld_bytes=0x0 priv_mirrored=62 sked=2/0held carve_gpu=0 carve_kernel=2 carve_cpu=1 fn70=1 roots=23 root_moves=0 stmts=43/43 refused=0 pramin_repoints=18 pramin_miss=0 last_miss=0x0 pramin_worst_us=65 (map 35 mmap 27) pramin_maps=18 pramin_mmaps=18 pramin_kept=0 pramin_kept_now=0 w
kf3: family=Ada phase=Running trapped=56830 applied=2429 refused=0 serviced=1602 ram_refused=0 unshadowed_writes=2 read_exits=784 last_off=0xb81608 mem[inval=2732 walks=2806/2806 cleared=2732 superseded=0 named_missed=0 unreconciled=0 mapped=734 unmapped=270 clipped=0x0 held=0 vmm_overlaps=0 priv_withheld=0 priv_withheld_bytes=0x0 priv_mirrored=62 sked=2/0held carve_gpu=0 carve_kernel=2 carve_cpu=1 fn70=1 roots=23 root_moves=0 stmts=43/43 refused=0 pramin_repoints=18 pramin_miss=0 last_miss=0x0 pramin_worst_us=65 (map 35 mmap 27) pramin_maps=18 pramin_mmaps=18 pramin_kept=0 pramin_kept_now=0 w
kf3: family=Ada phase=Running trapped=56842 applied=2429 refused=0 serviced=1602 ram_refused=0 unshadowed_writes=2 read_exits=784 last_off=0xb81608 mem[inval=2732 walks=2806/2806 cleared=2732 superseded=0 named_missed=0 unreconciled=0 mapped=734 unmapped=270 clipped=0x0 held=0 vmm_overlaps=0 priv_withheld=0 priv_withheld_bytes=0x0 priv_mirrored=62 sked=2/0held carve_gpu=0 carve_kernel=2 carve_cpu=1 fn70=1 roots=23 root_moves=0 stmts=43/43 refused=0 pramin_repoints=18 pramin_miss=0 last_miss=0x0 pramin_worst_us=65 (map 35 mmap 27) pramin_maps=18 pramin_mmaps=18 pramin_kept=0 pramin_kept_now=0 w
kf3: family=Ada phase=Running trapped=56854 applied=2429 refused=0 serviced=1602 ram_refused=0 unshadowed_writes=2 read_exits=784 last_off=0xb81608 mem[inval=2732 walks=2806/2806 cleared=2732 superseded=0 named_missed=0 unreconciled=0 mapped=734 unmapped=270 clipped=0x0 held=0 vmm_overlaps=0 priv_withheld=0 priv_withheld_bytes=0x0 priv_mirrored=62 sked=2/0held carve_gpu=0 carve_kernel=2 carve_cpu=1 fn70=1 roots=23 root_moves=0 stmts=43/43 refused=0 pramin_repoints=18 pramin_miss=0 last_miss=0x0 pramin_worst_us=65 (map 35 mmap 27) pramin_maps=18 pramin_mmaps=18 pramin_kept=0 pramin_kept_now=0 w
kf3: family=Ada phase=Running trapped=56866 applied=2429 refused=0 serviced=1602 ram_refused=0 unshadowed_writes=2 read_exits=784 last_off=0xb81608 mem[inval=2732 walks=2806/2806 cleared=2732 superseded=0 named_missed=0 unreconciled=0 mapped=734 unmapped=270 clipped=0x0 held=0 vmm_overlaps=0 priv_withheld=0 priv_withheld_bytes=0x0 priv_mirrored=62 sked=2/0held carve_gpu=0 carve_kernel=2 carve_cpu=1 fn70=1 roots=23 root_moves=0 stmts=43/43 refused=0 pramin_repoints=18 pramin_miss=0 last_miss=0x0 pramin_worst_us=65 (map 35 mmap 27) pramin_maps=18 pramin_mmaps=18 pramin_kept=0 pramin_kept_now=0 w
kf3: family=Ada phase=Running trapped=56878 applied=2429 refused=0 serviced=1602 ram_refused=0 unshadowed_writes=2 read_exits=784 last_off=0xb81608 mem[inval=2732 walks=2806/2806 cleared=2732 superseded=0 named_missed=0 unreconciled=0 mapped=734 unmapped=270 clipped=0x0 held=0 vmm_overlaps=0 priv_withheld=0 priv_withheld_bytes=0x0 priv_mirrored=62 sked=2/0held carve_gpu=0 carve_kernel=2 carve_cpu=1 fn70=1 roots=23 root_moves=0 stmts=43/43 refused=0 pramin_repoints=18 pramin_miss=0 last_miss=0x0 pramin_worst_us=65 (map 35 mmap 27) pramin_maps=18 pramin_mmaps=18 pramin_kept=0 pramin_kept_now=0 w
kf3: family=Ada phase=Running trapped=56890 applied=2429 refused=0 serviced=1602 ram_refused=0 unshadowed_writes=2 read_exits=784 last_off=0xb81608 mem[inval=2732 walks=2806/2806 cleared=2732 superseded=0 named_missed=0 unreconciled=0 mapped=734 unmapped=270 clipped=0x0 held=0 vmm_overlaps=0 priv_withheld=0 priv_withheld_bytes=0x0 priv_mirrored=62 sked=2/0held carve_gpu=0 carve_kernel=2 carve_cpu=1 fn70=1 roots=23 root_moves=0 stmts=43/43 refused=0 pramin_repoints=18 pramin_miss=0 last_miss=0x0 pramin_worst_us=65 (map 35 mmap 27) pramin_maps=18 pramin_mmaps=18 pramin_kept=0 pramin_kept_now=0 w
kf3: family=Ada phase=Running trapped=56902 applied=2429 refused=0 serviced=1602 ram_refused=0 unshadowed_writes=2 read_exits=784 last_off=0xb81608 mem[inval=2732 walks=2806/2806 cleared=2732 superseded=0 named_missed=0 unreconciled=0 mapped=734 unmapped=270 clipped=0x0 held=0 vmm_overlaps=0 priv_withheld=0 priv_withheld_bytes=0x0 priv_mirrored=62 sked=2/0held carve_gpu=0 carve_kernel=2 carve_cpu=1 fn70=1 roots=23 root_moves=0 stmts=43/43 refused=0 pramin_repoints=18 pramin_miss=0 last_miss=0x0 pramin_worst_us=65 (map 35 mmap 27) pramin_maps=18 pramin_mmaps=18 pramin_kept=0 pramin_kept_now=0 w
kf3: family=Ada phase=Running trapped=56914 applied=2429 refused=0 serviced=1602 ram_refused=0 unshadowed_writes=2 read_exits=784 last_off=0xb81608 mem[inval=2732 walks=2806/2806 cleared=2732 superseded=0 named_missed=0 unreconciled=0 mapped=734 unmapped=270 clipped=0x0 held=0 vmm_overlaps=0 priv_withheld=0 priv_withheld_bytes=0x0 priv_mirrored=62 sked=2/0held carve_gpu=0 carve_kernel=2 carve_cpu=1 fn70=1 roots=23 root_moves=0 stmts=43/43 refused=0 pramin_repoints=18 pramin_miss=0 last_miss=0x0 pramin_worst_us=65 (map 35 mmap 27) pramin_maps=18 pramin_mmaps=18 pramin_kept=0 pramin_kept_now=0 w
kf3: family=Ada phase=Running trapped=56926 applied=2429 refused=0 serviced=1602 ram_refused=0 unshadowed_writes=2 read_exits=784 last_off=0xb81608 mem[inval=2732 walks=2806/2806 cleared=2732 superseded=0 named_missed=0 unreconciled=0 mapped=734 unmapped=270 clipped=0x0 held=0 vmm_overlaps=0 priv_withheld=0 priv_withheld_bytes=0x0 priv_mirrored=62 sked=2/0held carve_gpu=0 carve_kernel=2 carve_cpu=1 fn70=1 roots=23 root_moves=0 stmts=43/43 refused=0 pramin_repoints=18 pramin_miss=0 last_miss=0x0 pramin_worst_us=65 (map 35 mmap 27) pramin_maps=18 pramin_mmaps=18 pramin_kept=0 pramin_kept_now=0 w
kf3: family=Ada phase=Running trapped=56938 applied=2429 refused=0 serviced=1602 ram_refused=0 unshadowed_writes=2 read_exits=784 last_off=0xb81608 mem[inval=2732 walks=2806/2806 cleared=2732 superseded=0 named_missed=0 unreconciled=0 mapped=734 unmapped=270 clipped=0x0 held=0 vmm_overlaps=0 priv_withheld=0 priv_withheld_bytes=0x0 priv_mirrored=62 sked=2/0held carve_gpu=0 carve_kernel=2 carve_cpu=1 fn70=1 roots=23 root_moves=0 stmts=43/43 refused=0 pramin_repoints=18 pramin_miss=0 last_miss=0x0 pramin_worst_us=65 (map 35 mmap 27) pramin_maps=18 pramin_mmaps=18 pramin_kept=0 pramin_kept_now=0 w
kf3: family=Ada phase=Running trapped=56950 applied=2429 refused=0 serviced=1602 ram_refused=0 unshadowed_writes=2 read_exits=784 last_off=0xb81608 mem[inval=2732 walks=2806/2806 cleared=2732 superseded=0 named_missed=0 unreconciled=0 mapped=734 unmapped=270 clipped=0x0 held=0 vmm_overlaps=0 priv_withheld=0 priv_withheld_bytes=0x0 priv_mirrored=62 sked=2/0held carve_gpu=0 carve_kernel=2 carve_cpu=1 fn70=1 roots=23 root_moves=0 stmts=43/43 refused=0 pramin_repoints=18 pramin_miss=0 last_miss=0x0 pramin_worst_us=65 (map 35 mmap 27) pramin_maps=18 pramin_mmaps=18 pramin_kept=0 pramin_kept_now=0 w
kf3: family=Ada phase=Running trapped=56962 applied=2429 refused=0 serviced=1602 ram_refused=0 unshadowed_writes=2 read_exits=784 last_off=0xb81608 mem[inval=2732 walks=2806/2806 cleared=2732 superseded=0 named_missed=0 unreconciled=0 mapped=734 unmapped=270 clipped=0x0 held=0 vmm_overlaps=0 priv_withheld=0 priv_withheld_bytes=0x0 priv_mirrored=62 sked=2/0held carve_gpu=0 carve_kernel=2 carve_cpu=1 fn70=1 roots=23 root_moves=0 stmts=43/43 refused=0 pramin_repoints=18 pramin_miss=0 last_miss=0x0 pramin_worst_us=65 (map 35 mmap 27) pramin_maps=18 pramin_mmaps=18 pramin_kept=0 pramin_kept_now=0 w
kf3: family=Ada phase=Running trapped=56974 applied=2429 refused=0 serviced=1602 ram_refused=0 unshadowed_writes=2 read_exits=784 last_off=0xb81608 mem[inval=2732 walks=2806/2806 cleared=2732 superseded=0 named_missed=0 unreconciled=0 mapped=734 unmapped=270 clipped=0x0 held=0 vmm_overlaps=0 priv_withheld=0 priv_withheld_bytes=0x0 priv_mirrored=62 sked=2/0held carve_gpu=0 carve_kernel=2 carve_cpu=1 fn70=1 roots=23 root_moves=0 stmts=43/43 refused=0 pramin_repoints=18 pramin_miss=0 last_miss=0x0 pramin_worst_us=65 (map 35 mmap 27) pramin_maps=18 pramin_mmaps=18 pramin_kept=0 pramin_kept_now=0 w
kf3: family=Ada phase=Running trapped=56986 applied=2429 refused=0 serviced=1602 ram_refused=0 unshadowed_writes=2 read_exits=784 last_off=0xb81608 mem[inval=2732 walks=2806/2806 cleared=2732 superseded=0 named_missed=0 unreconciled=0 mapped=734 unmapped=270 clipped=0x0 held=0 vmm_overlaps=0 priv_withheld=0 priv_withheld_bytes=0x0 priv_mirrored=62 sked=2/0held carve_gpu=0 carve_kernel=2 carve_cpu=1 fn70=1 roots=23 root_moves=0 stmts=43/43 refused=0 pramin_repoints=18 pramin_miss=0 last_miss=0x0 pramin_worst_us=65 (map 35 mmap 27) pramin_maps=18 pramin_mmaps=18 pramin_kept=0 pramin_kept_now=0 w
kf3: family=Ada phase=Running trapped=56998 applied=2429 refused=0 serviced=1602 ram_refused=0 unshadowed_writes=2 read_exits=784 last_off=0xb81608 mem[inval=2732 walks=2806/2806 cleared=2732 superseded=0 named_missed=0 unreconciled=0 mapped=734 unmapped=270 clipped=0x0 held=0 vmm_overlaps=0 priv_withheld=0 priv_withheld_bytes=0x0 priv_mirrored=62 sked=2/0held carve_gpu=0 carve_kernel=2 carve_cpu=1 fn70=1 roots=23 root_moves=0 stmts=43/43 refused=0 pramin_repoints=18 pramin_miss=0 last_miss=0x0 pramin_worst_us=65 (map 35 mmap 27) pramin_maps=18 pramin_mmaps=18 pramin_kept=0 pramin_kept_now=0 w
kf3: family=Ada phase=Running trapped=57010 applied=2429 refused=0 serviced=1602 ram_refused=0 unshadowed_writes=2 read_exits=784 last_off=0xb81608 mem[inval=2732 walks=2806/2806 cleared=2732 superseded=0 named_missed=0 unreconciled=0 mapped=734 unmapped=270 clipped=0x0 held=0 vmm_overlaps=0 priv_withheld=0 priv_withheld_bytes=0x0 priv_mirrored=62 sked=2/0held carve_gpu=0 carve_kernel=2 carve_cpu=1 fn70=1 roots=23 root_moves=0 stmts=43/43 refused=0 pramin_repoints=18 pramin_miss=0 last_miss=0x0 pramin_worst_us=65 (map 35 mmap 27) pramin_maps=18 pramin_mmaps=18 pramin_kept=0 pramin_kept_now=0 w
kf3: family=Ada phase=Running trapped=57022 applied=2429 refused=0 serviced=1602 ram_refused=0 unshadowed_writes=2 read_exits=784 last_off=0xb81608 mem[inval=2732 walks=2806/2806 cleared=2732 superseded=0 named_missed=0 unreconciled=0 mapped=734 unmapped=270 clipped=0x0 held=0 vmm_overlaps=0 priv_withheld=0 priv_withheld_bytes=0x0 priv_mirrored=62 sked=2/0held carve_gpu=0 carve_kernel=2 carve_cpu=1 fn70=1 roots=23 root_moves=0 stmts=43/43 refused=0 pramin_repoints=18 pramin_miss=0 last_miss=0x0 pramin_worst_us=65 (map 35 mmap 27) pramin_maps=18 pramin_mmaps=18 pramin_kept=0 pramin_kept_now=0 w
kf3: family=Ada phase=Running trapped=57034 applied=2429 refused=0 serviced=1602 ram_refused=0 unshadowed_writes=2 read_exits=784 last_off=0xb81608 mem[inval=2732 walks=2806/2806 cleared=2732 superseded=0 named_missed=0 unreconciled=0 mapped=734 unmapped=270 clipped=0x0 held=0 vmm_overlaps=0 priv_withheld=0 priv_withheld_bytes=0x0 priv_mirrored=62 sked=2/0held carve_gpu=0 carve_kernel=2 carve_cpu=1 fn70=1 roots=23 root_moves=0 stmts=43/43 refused=0 pramin_repoints=18 pramin_miss=0 last_miss=0x0 pramin_worst_us=65 (map 35 mmap 27) pramin_maps=18 pramin_mmaps=18 pramin_kept=0 pramin_kept_now=0 w
kf3: family=Ada phase=Running trapped=57046 applied=2429 refused=0 serviced=1602 ram_refused=0 unshadowed_writes=2 read_exits=784 last_off=0xb81608 mem[inval=2732 walks=2806/2806 cleared=2732 superseded=0 named_missed=0 unreconciled=0 mapped=734 unmapped=270 clipped=0x0 held=0 vmm_overlaps=0 priv_withheld=0 priv_withheld_bytes=0x0 priv_mirrored=62 sked=2/0held carve_gpu=0 carve_kernel=2 carve_cpu=1 fn70=1 roots=23 root_moves=0 stmts=43/43 refused=0 pramin_repoints=18 pramin_miss=0 last_miss=0x0 pramin_worst_us=65 (map 35 mmap 27) pramin_maps=18 pramin_mmaps=18 pramin_kept=0 pramin_kept_now=0 w
kf3: family=Ada phase=Running trapped=57058 applied=2429 refused=0 serviced=1602 ram_refused=0 unshadowed_writes=2 read_exits=784 last_off=0xb81608 mem[inval=2732 walks=2806/2806 cleared=2732 superseded=0 named_missed=0 unreconciled=0 mapped=734 unmapped=270 clipped=0x0 held=0 vmm_overlaps=0 priv_withheld=0 priv_withheld_bytes=0x0 priv_mirrored=62 sked=2/0held carve_gpu=0 carve_kernel=2 carve_cpu=1 fn70=1 roots=23 root_moves=0 stmts=43/43 refused=0 pramin_repoints=18 pramin_miss=0 last_miss=0x0 pramin_worst_us=65 (map 35 mmap 27) pramin_maps=18 pramin_mmaps=18 pramin_kept=0 pramin_kept_now=0 w
kf3: family=Ada phase=Running trapped=57070 applied=2429 refused=0 serviced=1602 ram_refused=0 unshadowed_writes=2 read_exits=784 last_off=0xb81608 mem[inval=2732 walks=2806/2806 cleared=2732 superseded=0 named_missed=0 unreconciled=0 mapped=734 unmapped=270 clipped=0x0 held=0 vmm_overlaps=0 priv_withheld=0 priv_withheld_bytes=0x0 priv_mirrored=62 sked=2/0held carve_gpu=0 carve_kernel=2 carve_cpu=1 fn70=1 roots=23 root_moves=0 stmts=43/43 refused=0 pramin_repoints=18 pramin_miss=0 last_miss=0x0 pramin_worst_us=65 (map 35 mmap 27) pramin_maps=18 pramin_mmaps=18 pramin_kept=0 pramin_kept_now=0 w
kf3: family=Ada phase=Running trapped=57082 applied=2429 refused=0 serviced=1602 ram_refused=0 unshadowed_writes=2 read_exits=784 last_off=0xb81608 mem[inval=2732 walks=2806/2806 cleared=2732 superseded=0 named_missed=0 unreconciled=0 mapped=734 unmapped=270 clipped=0x0 held=0 vmm_overlaps=0 priv_withheld=0 priv_withheld_bytes=0x0 priv_mirrored=62 sked=2/0held carve_gpu=0 carve_kernel=2 carve_cpu=1 fn70=1 roots=23 root_moves=0 stmts=43/43 refused=0 pramin_repoints=18 pramin_miss=0 last_miss=0x0 pramin_worst_us=65 (map 35 mmap 27) pramin_maps=18 pramin_mmaps=18 pramin_kept=0 pramin_kept_now=0 w
kf3: family=Ada phase=Running trapped=57094 applied=2429 refused=0 serviced=1602 ram_refused=0 unshadowed_writes=2 read_exits=784 last_off=0xb81608 mem[inval=2732 walks=2806/2806 cleared=2732 superseded=0 named_missed=0 unreconciled=0 mapped=734 unmapped=270 clipped=0x0 held=0 vmm_overlaps=0 priv_withheld=0 priv_withheld_bytes=0x0 priv_mirrored=62 sked=2/0held carve_gpu=0 carve_kernel=2 carve_cpu=1 fn70=1 roots=23 root_moves=0 stmts=43/43 refused=0 pramin_repoints=18 pramin_miss=0 last_miss=0x0 pramin_worst_us=65 (map 35 mmap 27) pramin_maps=18 pramin_mmaps=18 pramin_kept=0 pramin_kept_now=0 w
kf3: family=Ada phase=Running trapped=57106 applied=2429 refused=0 serviced=1602 ram_refused=0 unshadowed_writes=2 read_exits=784 last_off=0xb81608 mem[inval=2732 walks=2806/2806 cleared=2732 superseded=0 named_missed=0 unreconciled=0 mapped=734 unmapped=270 clipped=0x0 held=0 vmm_overlaps=0 priv_withheld=0 priv_withheld_bytes=0x0 priv_mirrored=62 sked=2/0held carve_gpu=0 carve_kernel=2 carve_cpu=1 fn70=1 roots=23 root_moves=0 stmts=43/43 refused=0 pramin_repoints=18 pramin_miss=0 last_miss=0x0 pramin_worst_us=65 (map 35 mmap 27) pramin_maps=18 pramin_mmaps=18 pramin_kept=0 pramin_kept_now=0 w
kf3: family=Ada phase=Running trapped=57472 applied=2475 refused=0 serviced=1648 ram_refused=0 unshadowed_writes=2 read_exits=784 last_off=0xb81608 mem[inval=2732 walks=2806/2806 cleared=2732 superseded=0 named_missed=0 unreconciled=0 mapped=734 unmapped=270 clipped=0x0 held=0 vmm_overlaps=0 priv_withheld=0 priv_withheld_bytes=0x0 priv_mirrored=62 sked=2/0held carve_gpu=0 carve_kernel=2 carve_cpu=1 fn70=1 roots=23 root_moves=0 stmts=43/43 refused=0 pramin_repoints=18 pramin_miss=0 last_miss=0x0 pramin_worst_us=65 (map 35 mmap 27) pramin_maps=18 pramin_mmaps=18 pramin_kept=0 pramin_kept_now=0 w
kf3: family=Ada phase=Running trapped=57484 applied=2475 refused=0 serviced=1648 ram_refused=0 unshadowed_writes=2 read_exits=784 last_off=0xb81608 mem[inval=2732 walks=2806/2806 cleared=2732 superseded=0 named_missed=0 unreconciled=0 mapped=734 unmapped=270 clipped=0x0 held=0 vmm_overlaps=0 priv_withheld=0 priv_withheld_bytes=0x0 priv_mirrored=62 sked=2/0held carve_gpu=0 carve_kernel=2 carve_cpu=1 fn70=1 roots=23 root_moves=0 stmts=43/43 refused=0 pramin_repoints=18 pramin_miss=0 last_miss=0x0 pramin_worst_us=65 (map 35 mmap 27) pramin_maps=18 pramin_mmaps=18 pramin_kept=0 pramin_kept_now=0 w
kf3: family=Ada phase=Running trapped=57496 applied=2475 refused=0 serviced=1648 ram_refused=0 unshadowed_writes=2 read_exits=784 last_off=0xb81608 mem[inval=2732 walks=2806/2806 cleared=2732 superseded=0 named_missed=0 unreconciled=0 mapped=734 unmapped=270 clipped=0x0 held=0 vmm_overlaps=0 priv_withheld=0 priv_withheld_bytes=0x0 priv_mirrored=62 sked=2/0held carve_gpu=0 carve_kernel=2 carve_cpu=1 fn70=1 roots=23 root_moves=0 stmts=43/43 refused=0 pramin_repoints=18 pramin_miss=0 last_miss=0x0 pramin_worst_us=65 (map 35 mmap 27) pramin_maps=18 pramin_mmaps=18 pramin_kept=0 pramin_kept_now=0 w
kf3: family=Ada phase=Running trapped=57508 applied=2475 refused=0 serviced=1648 ram_refused=0 unshadowed_writes=2 read_exits=784 last_off=0xb81608 mem[inval=2732 walks=2806/2806 cleared=2732 superseded=0 named_missed=0 unreconciled=0 mapped=734 unmapped=270 clipped=0x0 held=0 vmm_overlaps=0 priv_withheld=0 priv_withheld_bytes=0x0 priv_mirrored=62 sked=2/0held carve_gpu=0 carve_kernel=2 carve_cpu=1 fn70=1 roots=23 root_moves=0 stmts=43/43 refused=0 pramin_repoints=18 pramin_miss=0 last_miss=0x0 pramin_worst_us=65 (map 35 mmap 27) pramin_maps=18 pramin_mmaps=18 pramin_kept=0 pramin_kept_now=0 w
kf3: family=Ada phase=Running trapped=57520 applied=2475 refused=0 serviced=1648 ram_refused=0 unshadowed_writes=2 read_exits=784 last_off=0xb81608 mem[inval=2732 walks=2806/2806 cleared=2732 superseded=0 named_missed=0 unreconciled=0 mapped=734 unmapped=270 clipped=0x0 held=0 vmm_overlaps=0 priv_withheld=0 priv_withheld_bytes=0x0 priv_mirrored=62 sked=2/0held carve_gpu=0 carve_kernel=2 carve_cpu=1 fn70=1 roots=23 root_moves=0 stmts=43/43 refused=0 pramin_repoints=18 pramin_miss=0 last_miss=0x0 pramin_worst_us=65 (map 35 mmap 27) pramin_maps=18 pramin_mmaps=18 pramin_kept=0 pramin_kept_now=0 w
kf3: family=Ada phase=Running trapped=57532 applied=2475 refused=0 serviced=1648 ram_refused=0 unshadowed_writes=2 read_exits=784 last_off=0xb81608 mem[inval=2732 walks=2806/2806 cleared=2732 superseded=0 named_missed=0 unreconciled=0 mapped=734 unmapped=270 clipped=0x0 held=0 vmm_overlaps=0 priv_withheld=0 priv_withheld_bytes=0x0 priv_mirrored=62 sked=2/0held carve_gpu=0 carve_kernel=2 carve_cpu=1 fn70=1 roots=23 root_moves=0 stmts=43/43 refused=0 pramin_repoints=18 pramin_miss=0 last_miss=0x0 pramin_worst_us=65 (map 35 mmap 27) pramin_maps=18 pramin_mmaps=18 pramin_kept=0 pramin_kept_now=0 w
kf3: family=Ada phase=Running trapped=57544 applied=2475 refused=0 serviced=1648 ram_refused=0 unshadowed_writes=2 read_exits=784 last_off=0xb81608 mem[inval=2732 walks=2806/2806 cleared=2732 superseded=0 named_missed=0 unreconciled=0 mapped=734 unmapped=270 clipped=0x0 held=0 vmm_overlaps=0 priv_withheld=0 priv_withheld_bytes=0x0 priv_mirrored=62 sked=2/0held carve_gpu=0 carve_kernel=2 carve_cpu=1 fn70=1 roots=23 root_moves=0 stmts=43/43 refused=0 pramin_repoints=18 pramin_miss=0 last_miss=0x0 pramin_worst_us=65 (map 35 mmap 27) pramin_maps=18 pramin_mmaps=18 pramin_kept=0 pramin_kept_now=0 w
kf3: family=Ada phase=Running trapped=57556 applied=2475 refused=0 serviced=1648 ram_refused=0 unshadowed_writes=2 read_exits=784 last_off=0xb81608 mem[inval=2732 walks=2806/2806 cleared=2732 superseded=0 named_missed=0 unreconciled=0 mapped=734 unmapped=270 clipped=0x0 held=0 vmm_overlaps=0 priv_withheld=0 priv_withheld_bytes=0x0 priv_mirrored=62 sked=2/0held carve_gpu=0 carve_kernel=2 carve_cpu=1 fn70=1 roots=23 root_moves=0 stmts=43/43 refused=0 pramin_repoints=18 pramin_miss=0 last_miss=0x0 pramin_worst_us=65 (map 35 mmap 27) pramin_maps=18 pramin_mmaps=18 pramin_kept=0 pramin_kept_now=0 w
kf3: family=Ada phase=Running trapped=57568 applied=2475 refused=0 serviced=1648 ram_refused=0 unshadowed_writes=2 read_exits=784 last_off=0xb81608 mem[inval=2732 walks=2806/2806 cleared=2732 superseded=0 named_missed=0 unreconciled=0 mapped=734 unmapped=270 clipped=0x0 held=0 vmm_overlaps=0 priv_withheld=0 priv_withheld_bytes=0x0 priv_mirrored=62 sked=2/0held carve_gpu=0 carve_kernel=2 carve_cpu=1 fn70=1 roots=23 root_moves=0 stmts=43/43 refused=0 pramin_repoints=18 pramin_miss=0 last_miss=0x0 pramin_worst_us=65 (map 35 mmap 27) pramin_maps=18 pramin_mmaps=18 pramin_kept=0 pramin_kept_now=0 w
kf3: family=Ada phase=Running trapped=57580 applied=2475 refused=0 serviced=1648 ram_refused=0 unshadowed_writes=2 read_exits=784 last_off=0xb81608 mem[inval=2732 walks=2806/2806 cleared=2732 superseded=0 named_missed=0 unreconciled=0 mapped=734 unmapped=270 clipped=0x0 held=0 vmm_overlaps=0 priv_withheld=0 priv_withheld_bytes=0x0 priv_mirrored=62 sked=2/0held carve_gpu=0 carve_kernel=2 carve_cpu=1 fn70=1 roots=23 root_moves=0 stmts=43/43 refused=0 pramin_repoints=18 pramin_miss=0 last_miss=0x0 pramin_worst_us=65 (map 35 mmap 27) pramin_maps=18 pramin_mmaps=18 pramin_kept=0 pramin_kept_now=0 w
kf3: family=Ada phase=Running trapped=57946 applied=2521 refused=0 serviced=1694 ram_refused=0 unshadowed_writes=2 read_exits=784 last_off=0xb81608 mem[inval=2732 walks=2806/2806 cleared=2732 superseded=0 named_missed=0 unreconciled=0 mapped=734 unmapped=270 clipped=0x0 held=0 vmm_overlaps=0 priv_withheld=0 priv_withheld_bytes=0x0 priv_mirrored=62 sked=2/0held carve_gpu=0 carve_kernel=2 carve_cpu=1 fn70=1 roots=23 root_moves=0 stmts=43/43 refused=0 pramin_repoints=18 pramin_miss=0 last_miss=0x0 pramin_worst_us=65 (map 35 mmap 27) pramin_maps=18 pramin_mmaps=18 pramin_kept=0 pramin_kept_now=0 w
kf3: family=Ada phase=Running trapped=57958 applied=2521 refused=0 serviced=1694 ram_refused=0 unshadowed_writes=2 read_exits=784 last_off=0xb81608 mem[inval=2732 walks=2806/2806 cleared=2732 superseded=0 named_missed=0 unreconciled=0 mapped=734 unmapped=270 clipped=0x0 held=0 vmm_overlaps=0 priv_withheld=0 priv_withheld_bytes=0x0 priv_mirrored=62 sked=2/0held carve_gpu=0 carve_kernel=2 carve_cpu=1 fn70=1 roots=23 root_moves=0 stmts=43/43 refused=0 pramin_repoints=18 pramin_miss=0 last_miss=0x0 pramin_worst_us=65 (map 35 mmap 27) pramin_maps=18 pramin_mmaps=18 pramin_kept=0 pramin_kept_now=0 w
kf3: family=Ada phase=Running trapped=57970 applied=2521 refused=0 serviced=1694 ram_refused=0 unshadowed_writes=2 read_exits=784 last_off=0xb81608 mem[inval=2732 walks=2806/2806 cleared=2732 superseded=0 named_missed=0 unreconciled=0 mapped=734 unmapped=270 clipped=0x0 held=0 vmm_overlaps=0 priv_withheld=0 priv_withheld_bytes=0x0 priv_mirrored=62 sked=2/0held carve_gpu=0 carve_kernel=2 carve_cpu=1 fn70=1 roots=23 root_moves=0 stmts=43/43 refused=0 pramin_repoints=18 pramin_miss=0 last_miss=0x0 pramin_worst_us=65 (map 35 mmap 27) pramin_maps=18 pramin_mmaps=18 pramin_kept=0 pramin_kept_now=0 w
kf3: family=Ada phase=Running trapped=57982 applied=2521 refused=0 serviced=1694 ram_refused=0 unshadowed_writes=2 read_exits=784 last_off=0xb81608 mem[inval=2732 walks=2806/2806 cleared=2732 superseded=0 named_missed=0 unreconciled=0 mapped=734 unmapped=270 clipped=0x0 held=0 vmm_overlaps=0 priv_withheld=0 priv_withheld_bytes=0x0 priv_mirrored=62 sked=2/0held carve_gpu=0 carve_kernel=2 carve_cpu=1 fn70=1 roots=23 root_moves=0 stmts=43/43 refused=0 pramin_repoints=18 pramin_miss=0 last_miss=0x0 pramin_worst_us=65 (map 35 mmap 27) pramin_maps=18 pramin_mmaps=18 pramin_kept=0 pramin_kept_now=0 w
kf3: family=Ada phase=Running trapped=57994 applied=2521 refused=0 serviced=1694 ram_refused=0 unshadowed_writes=2 read_exits=784 last_off=0xb81608 mem[inval=2732 walks=2806/2806 cleared=2732 superseded=0 named_missed=0 unreconciled=0 mapped=734 unmapped=270 clipped=0x0 held=0 vmm_overlaps=0 priv_withheld=0 priv_withheld_bytes=0x0 priv_mirrored=62 sked=2/0held carve_gpu=0 carve_kernel=2 carve_cpu=1 fn70=1 roots=23 root_moves=0 stmts=43/43 refused=0 pramin_repoints=18 pramin_miss=0 last_miss=0x0 pramin_worst_us=65 (map 35 mmap 27) pramin_maps=18 pramin_mmaps=18 pramin_kept=0 pramin_kept_now=0 w
kf3: family=Ada phase=Running trapped=58006 applied=2521 refused=0 serviced=1694 ram_refused=0 unshadowed_writes=2 read_exits=784 last_off=0xb81608 mem[inval=2732 walks=2806/2806 cleared=2732 superseded=0 named_missed=0 unreconciled=0 mapped=734 unmapped=270 clipped=0x0 held=0 vmm_overlaps=0 priv_withheld=0 priv_withheld_bytes=0x0 priv_mirrored=62 sked=2/0held carve_gpu=0 carve_kernel=2 carve_cpu=1 fn70=1 roots=23 root_moves=0 stmts=43/43 refused=0 pramin_repoints=18 pramin_miss=0 last_miss=0x0 pramin_worst_us=65 (map 35 mmap 27) pramin_maps=18 pramin_mmaps=18 pramin_kept=0 pramin_kept_now=0 w
kf3: family=Ada phase=Running trapped=58018 applied=2521 refused=0 serviced=1694 ram_refused=0 unshadowed_writes=2 read_exits=784 last_off=0xb81608 mem[inval=2732 walks=2806/2806 cleared=2732 superseded=0 named_missed=0 unreconciled=0 mapped=734 unmapped=270 clipped=0x0 held=0 vmm_overlaps=0 priv_withheld=0 priv_withheld_bytes=0x0 priv_mirrored=62 sked=2/0held carve_gpu=0 carve_kernel=2 carve_cpu=1 fn70=1 roots=23 root_moves=0 stmts=43/43 refused=0 pramin_repoints=18 pramin_miss=0 last_miss=0x0 pramin_worst_us=65 (map 35 mmap 27) pramin_maps=18 pramin_mmaps=18 pramin_kept=0 pramin_kept_now=0 w
kf3: family=Ada phase=Running trapped=58030 applied=2521 refused=0 serviced=1694 ram_refused=0 unshadowed_writes=2 read_exits=784 last_off=0xb81608 mem[inval=2732 walks=2806/2806 cleared=2732 superseded=0 named_missed=0 unreconciled=0 mapped=734 unmapped=270 clipped=0x0 held=0 vmm_overlaps=0 priv_withheld=0 priv_withheld_bytes=0x0 priv_mirrored=62 sked=2/0held carve_gpu=0 carve_kernel=2 carve_cpu=1 fn70=1 roots=23 root_moves=0 stmts=43/43 refused=0 pramin_repoints=18 pramin_miss=0 last_miss=0x0 pramin_worst_us=65 (map 35 mmap 27) pramin_maps=18 pramin_mmaps=18 pramin_kept=0 pramin_kept_now=0 w
kf3: family=Ada phase=Running trapped=58042 applied=2521 refused=0 serviced=1694 ram_refused=0 unshadowed_writes=2 read_exits=784 last_off=0xb81608 mem[inval=2732 walks=2806/2806 cleared=2732 superseded=0 named_missed=0 unreconciled=0 mapped=734 unmapped=270 clipped=0x0 held=0 vmm_overlaps=0 priv_withheld=0 priv_withheld_bytes=0x0 priv_mirrored=62 sked=2/0held carve_gpu=0 carve_kernel=2 carve_cpu=1 fn70=1 roots=23 root_moves=0 stmts=43/43 refused=0 pramin_repoints=18 pramin_miss=0 last_miss=0x0 pramin_worst_us=65 (map 35 mmap 27) pramin_maps=18 pramin_mmaps=18 pramin_kept=0 pramin_kept_now=0 w
kf3: family=Ada phase=Running trapped=58054 applied=2521 refused=0 serviced=1694 ram_refused=0 unshadowed_writes=2 read_exits=784 last_off=0xb81608 mem[inval=2732 walks=2806/2806 cleared=2732 superseded=0 named_missed=0 unreconciled=0 mapped=734 unmapped=270 clipped=0x0 held=0 vmm_overlaps=0 priv_withheld=0 priv_withheld_bytes=0x0 priv_mirrored=62 sked=2/0held carve_gpu=0 carve_kernel=2 carve_cpu=1 fn70=1 roots=23 root_moves=0 stmts=43/43 refused=0 pramin_repoints=18 pramin_miss=0 last_miss=0x0 pramin_worst_us=65 (map 35 mmap 27) pramin_maps=18 pramin_mmaps=18 pramin_kept=0 pramin_kept_now=0 w
kf3: family=Ada phase=Running trapped=58066 applied=2521 refused=0 serviced=1694 ram_refused=0 unshadowed_writes=2 read_exits=784 last_off=0xb81608 mem[inval=2732 walks=2806/2806 cleared=2732 superseded=0 named_missed=0 unreconciled=0 mapped=734 unmapped=270 clipped=0x0 held=0 vmm_overlaps=0 priv_withheld=0 priv_withheld_bytes=0x0 priv_mirrored=62 sked=2/0held carve_gpu=0 carve_kernel=2 carve_cpu=1 fn70=1 roots=23 root_moves=0 stmts=43/43 refused=0 pramin_repoints=18 pramin_miss=0 last_miss=0x0 pramin_worst_us=65 (map 35 mmap 27) pramin_maps=18 pramin_mmaps=18 pramin_kept=0 pramin_kept_now=0 w
kf3: family=Ada phase=Running trapped=58078 applied=2521 refused=0 serviced=1694 ram_refused=0 unshadowed_writes=2 read_exits=784 last_off=0xb81608 mem[inval=2732 walks=2806/2806 cleared=2732 superseded=0 named_missed=0 unreconciled=0 mapped=734 unmapped=270 clipped=0x0 held=0 vmm_overlaps=0 priv_withheld=0 priv_withheld_bytes=0x0 priv_mirrored=62 sked=2/0held carve_gpu=0 carve_kernel=2 carve_cpu=1 fn70=1 roots=23 root_moves=0 stmts=43/43 refused=0 pramin_repoints=18 pramin_miss=0 last_miss=0x0 pramin_worst_us=65 (map 35 mmap 27) pramin_maps=18 pramin_mmaps=18 pramin_kept=0 pramin_kept_now=0 w
kf3: family=Ada phase=Running trapped=58090 applied=2521 refused=0 serviced=1694 ram_refused=0 unshadowed_writes=2 read_exits=784 last_off=0xb81608 mem[inval=2732 walks=2806/2806 cleared=2732 superseded=0 named_missed=0 unreconciled=0 mapped=734 unmapped=270 clipped=0x0 held=0 vmm_overlaps=0 priv_withheld=0 priv_withheld_bytes=0x0 priv_mirrored=62 sked=2/0held carve_gpu=0 carve_kernel=2 carve_cpu=1 fn70=1 roots=23 root_moves=0 stmts=43/43 refused=0 pramin_repoints=18 pramin_miss=0 last_miss=0x0 pramin_worst_us=65 (map 35 mmap 27) pramin_maps=18 pramin_mmaps=18 pramin_kept=0 pramin_kept_now=0 w
kf3: family=Ada phase=Running trapped=58102 applied=2521 refused=0 serviced=1694 ram_refused=0 unshadowed_writes=2 read_exits=784 last_off=0xb81608 mem[inval=2732 walks=2806/2806 cleared=2732 superseded=0 named_missed=0 unreconciled=0 mapped=734 unmapped=270 clipped=0x0 held=0 vmm_overlaps=0 priv_withheld=0 priv_withheld_bytes=0x0 priv_mirrored=62 sked=2/0held carve_gpu=0 carve_kernel=2 carve_cpu=1 fn70=1 roots=23 root_moves=0 stmts=43/43 refused=0 pramin_repoints=18 pramin_miss=0 last_miss=0x0 pramin_worst_us=65 (map 35 mmap 27) pramin_maps=18 pramin_mmaps=18 pramin_kept=0 pramin_kept_now=0 w
kf3: family=Ada phase=Running trapped=58114 applied=2521 refused=0 serviced=1694 ram_refused=0 unshadowed_writes=2 read_exits=784 last_off=0xb81608 mem[inval=2732 walks=2806/2806 cleared=2732 superseded=0 named_missed=0 unreconciled=0 mapped=734 unmapped=270 clipped=0x0 held=0 vmm_overlaps=0 priv_withheld=0 priv_withheld_bytes=0x0 priv_mirrored=62 sked=2/0held carve_gpu=0 carve_kernel=2 carve_cpu=1 fn70=1 roots=23 root_moves=0 stmts=43/43 refused=0 pramin_repoints=18 pramin_miss=0 last_miss=0x0 pramin_worst_us=65 (map 35 mmap 27) pramin_maps=18 pramin_mmaps=18 pramin_kept=0 pramin_kept_now=0 w
kf3: family=Ada phase=Running trapped=58126 applied=2521 refused=0 serviced=1694 ram_refused=0 unshadowed_writes=2 read_exits=784 last_off=0xb81608 mem[inval=2732 walks=2806/2806 cleared=2732 superseded=0 named_missed=0 unreconciled=0 mapped=734 unmapped=270 clipped=0x0 held=0 vmm_overlaps=0 priv_withheld=0 priv_withheld_bytes=0x0 priv_mirrored=62 sked=2/0held carve_gpu=0 carve_kernel=2 carve_cpu=1 fn70=1 roots=23 root_moves=0 stmts=43/43 refused=0 pramin_repoints=18 pramin_miss=0 last_miss=0x0 pramin_worst_us=65 (map 35 mmap 27) pramin_maps=18 pramin_mmaps=18 pramin_kept=0 pramin_kept_now=0 w
kf3: family=Ada phase=Running trapped=58138 applied=2521 refused=0 serviced=1694 ram_refused=0 unshadowed_writes=2 read_exits=784 last_off=0xb81608 mem[inval=2732 walks=2806/2806 cleared=2732 superseded=0 named_missed=0 unreconciled=0 mapped=734 unmapped=270 clipped=0x0 held=0 vmm_overlaps=0 priv_withheld=0 priv_withheld_bytes=0x0 priv_mirrored=62 sked=2/0held carve_gpu=0 carve_kernel=2 carve_cpu=1 fn70=1 roots=23 root_moves=0 stmts=43/43 refused=0 pramin_repoints=18 pramin_miss=0 last_miss=0x0 pramin_worst_us=65 (map 35 mmap 27) pramin_maps=18 pramin_mmaps=18 pramin_kept=0 pramin_kept_now=0 w
kf3: family=Ada phase=Running trapped=58150 applied=2521 refused=0 serviced=1694 ram_refused=0 unshadowed_writes=2 read_exits=784 last_off=0xb81608 mem[inval=2732 walks=2806/2806 cleared=2732 superseded=0 named_missed=0 unreconciled=0 mapped=734 unmapped=270 clipped=0x0 held=0 vmm_overlaps=0 priv_withheld=0 priv_withheld_bytes=0x0 priv_mirrored=62 sked=2/0held carve_gpu=0 carve_kernel=2 carve_cpu=1 fn70=1 roots=23 root_moves=0 stmts=43/43 refused=0 pramin_repoints=18 pramin_miss=0 last_miss=0x0 pramin_worst_us=65 (map 35 mmap 27) pramin_maps=18 pramin_mmaps=18 pramin_kept=0 pramin_kept_now=0 w
kf3: family=Ada phase=Running trapped=58162 applied=2521 refused=0 serviced=1694 ram_refused=0 unshadowed_writes=2 read_exits=784 last_off=0xb81608 mem[inval=2732 walks=2806/2806 cleared=2732 superseded=0 named_missed=0 unreconciled=0 mapped=734 unmapped=270 clipped=0x0 held=0 vmm_overlaps=0 priv_withheld=0 priv_withheld_bytes=0x0 priv_mirrored=62 sked=2/0held carve_gpu=0 carve_kernel=2 carve_cpu=1 fn70=1 roots=23 root_moves=0 stmts=43/43 refused=0 pramin_repoints=18 pramin_miss=0 last_miss=0x0 pramin_worst_us=65 (map 35 mmap 27) pramin_maps=18 pramin_mmaps=18 pramin_kept=0 pramin_kept_now=0 w
kf3: family=Ada phase=Running trapped=58174 applied=2521 refused=0 serviced=1694 ram_refused=0 unshadowed_writes=2 read_exits=784 last_off=0xb81608 mem[inval=2732 walks=2806/2806 cleared=2732 superseded=0 named_missed=0 unreconciled=0 mapped=734 unmapped=270 clipped=0x0 held=0 vmm_overlaps=0 priv_withheld=0 priv_withheld_bytes=0x0 priv_mirrored=62 sked=2/0held carve_gpu=0 carve_kernel=2 carve_cpu=1 fn70=1 roots=23 root_moves=0 stmts=43/43 refused=0 pramin_repoints=18 pramin_miss=0 last_miss=0x0 pramin_worst_us=65 (map 35 mmap 27) pramin_maps=18 pramin_mmaps=18 pramin_kept=0 pramin_kept_now=0 w
kf3: family=Ada phase=Running trapped=58186 applied=2521 refused=0 serviced=1694 ram_refused=0 unshadowed_writes=2 read_exits=784 last_off=0xb81608 mem[inval=2732 walks=2806/2806 cleared=2732 superseded=0 named_missed=0 unreconciled=0 mapped=734 unmapped=270 clipped=0x0 held=0 vmm_overlaps=0 priv_withheld=0 priv_withheld_bytes=0x0 priv_mirrored=62 sked=2/0held carve_gpu=0 carve_kernel=2 carve_cpu=1 fn70=1 roots=23 root_moves=0 stmts=43/43 refused=0 pramin_repoints=18 pramin_miss=0 last_miss=0x0 pramin_worst_us=65 (map 35 mmap 27) pramin_maps=18 pramin_mmaps=18 pramin_kept=0 pramin_kept_now=0 w
kf3: family=Ada phase=Running trapped=58198 applied=2521 refused=0 serviced=1694 ram_refused=0 unshadowed_writes=2 read_exits=784 last_off=0xb81608 mem[inval=2732 walks=2806/2806 cleared=2732 superseded=0 named_missed=0 unreconciled=0 mapped=734 unmapped=270 clipped=0x0 held=0 vmm_overlaps=0 priv_withheld=0 priv_withheld_bytes=0x0 priv_mirrored=62 sked=2/0held carve_gpu=0 carve_kernel=2 carve_cpu=1 fn70=1 roots=23 root_moves=0 stmts=43/43 refused=0 pramin_repoints=18 pramin_miss=0 last_miss=0x0 pramin_worst_us=65 (map 35 mmap 27) pramin_maps=18 pramin_mmaps=18 pramin_kept=0 pramin_kept_now=0 w
kf3: family=Ada phase=Running trapped=58210 applied=2521 refused=0 serviced=1694 ram_refused=0 unshadowed_writes=2 read_exits=784 last_off=0xb81608 mem[inval=2732 walks=2806/2806 cleared=2732 superseded=0 named_missed=0 unreconciled=0 mapped=734 unmapped=270 clipped=0x0 held=0 vmm_overlaps=0 priv_withheld=0 priv_withheld_bytes=0x0 priv_mirrored=62 sked=2/0held carve_gpu=0 carve_kernel=2 carve_cpu=1 fn70=1 roots=23 root_moves=0 stmts=43/43 refused=0 pramin_repoints=18 pramin_miss=0 last_miss=0x0 pramin_worst_us=65 (map 35 mmap 27) pramin_maps=18 pramin_mmaps=18 pramin_kept=0 pramin_kept_now=0 w
kf3: family=Ada phase=Running trapped=58222 applied=2521 refused=0 serviced=1694 ram_refused=0 unshadowed_writes=2 read_exits=784 last_off=0xb81608 mem[inval=2732 walks=2806/2806 cleared=2732 superseded=0 named_missed=0 unreconciled=0 mapped=734 unmapped=270 clipped=0x0 held=0 vmm_overlaps=0 priv_withheld=0 priv_withheld_bytes=0x0 priv_mirrored=62 sked=2/0held carve_gpu=0 carve_kernel=2 carve_cpu=1 fn70=1 roots=23 root_moves=0 stmts=43/43 refused=0 pramin_repoints=18 pramin_miss=0 last_miss=0x0 pramin_worst_us=65 (map 35 mmap 27) pramin_maps=18 pramin_mmaps=18 pramin_kept=0 pramin_kept_now=0 w
kf3: family=Ada phase=Running trapped=58234 applied=2521 refused=0 serviced=1694 ram_refused=0 unshadowed_writes=2 read_exits=784 last_off=0xb81608 mem[inval=2732 walks=2806/2806 cleared=2732 superseded=0 named_missed=0 unreconciled=0 mapped=734 unmapped=270 clipped=0x0 held=0 vmm_overlaps=0 priv_withheld=0 priv_withheld_bytes=0x0 priv_mirrored=62 sked=2/0held carve_gpu=0 carve_kernel=2 carve_cpu=1 fn70=1 roots=23 root_moves=0 stmts=43/43 refused=0 pramin_repoints=18 pramin_miss=0 last_miss=0x0 pramin_worst_us=65 (map 35 mmap 27) pramin_maps=18 pramin_mmaps=18 pramin_kept=0 pramin_kept_now=0 w
kf3: family=Ada phase=Running trapped=58246 applied=2521 refused=0 serviced=1694 ram_refused=0 unshadowed_writes=2 read_exits=784 last_off=0xb81608 mem[inval=2732 walks=2806/2806 cleared=2732 superseded=0 named_missed=0 unreconciled=0 mapped=734 unmapped=270 clipped=0x0 held=0 vmm_overlaps=0 priv_withheld=0 priv_withheld_bytes=0x0 priv_mirrored=62 sked=2/0held carve_gpu=0 carve_kernel=2 carve_cpu=1 fn70=1 roots=23 root_moves=0 stmts=43/43 refused=0 pramin_repoints=18 pramin_miss=0 last_miss=0x0 pramin_worst_us=65 (map 35 mmap 27) pramin_maps=18 pramin_mmaps=18 pramin_kept=0 pramin_kept_now=0 w
kf3: family=Ada phase=Running trapped=58258 applied=2521 refused=0 serviced=1694 ram_refused=0 unshadowed_writes=2 read_exits=784 last_off=0xb81608 mem[inval=2732 walks=2806/2806 cleared=2732 superseded=0 named_missed=0 unreconciled=0 mapped=734 unmapped=270 clipped=0x0 held=0 vmm_overlaps=0 priv_withheld=0 priv_withheld_bytes=0x0 priv_mirrored=62 sked=2/0held carve_gpu=0 carve_kernel=2 carve_cpu=1 fn70=1 roots=23 root_moves=0 stmts=43/43 refused=0 pramin_repoints=18 pramin_miss=0 last_miss=0x0 pramin_worst_us=65 (map 35 mmap 27) pramin_maps=18 pramin_mmaps=18 pramin_kept=0 pramin_kept_now=0 w
kf3: family=Ada phase=Running trapped=58270 applied=2521 refused=0 serviced=1694 ram_refused=0 unshadowed_writes=2 read_exits=784 last_off=0xb81608 mem[inval=2732 walks=2806/2806 cleared=2732 superseded=0 named_missed=0 unreconciled=0 mapped=734 unmapped=270 clipped=0x0 held=0 vmm_overlaps=0 priv_withheld=0 priv_withheld_bytes=0x0 priv_mirrored=62 sked=2/0held carve_gpu=0 carve_kernel=2 carve_cpu=1 fn70=1 roots=23 root_moves=0 stmts=43/43 refused=0 pramin_repoints=18 pramin_miss=0 last_miss=0x0 pramin_worst_us=65 (map 35 mmap 27) pramin_maps=18 pramin_mmaps=18 pramin_kept=0 pramin_kept_now=0 w
kf3: family=Ada phase=Running trapped=58282 applied=2521 refused=0 serviced=1694 ram_refused=0 unshadowed_writes=2 read_exits=784 last_off=0xb81608 mem[inval=2732 walks=2806/2806 cleared=2732 superseded=0 named_missed=0 unreconciled=0 mapped=734 unmapped=270 clipped=0x0 held=0 vmm_overlaps=0 priv_withheld=0 priv_withheld_bytes=0x0 priv_mirrored=62 sked=2/0held carve_gpu=0 carve_kernel=2 carve_cpu=1 fn70=1 roots=23 root_moves=0 stmts=43/43 refused=0 pramin_repoints=18 pramin_miss=0 last_miss=0x0 pramin_worst_us=65 (map 35 mmap 27) pramin_maps=18 pramin_mmaps=18 pramin_kept=0 pramin_kept_now=0 w
kf3: family=Ada phase=Running trapped=58294 applied=2521 refused=0 serviced=1694 ram_refused=0 unshadowed_writes=2 read_exits=784 last_off=0xb81608 mem[inval=2732 walks=2806/2806 cleared=2732 superseded=0 named_missed=0 unreconciled=0 mapped=734 unmapped=270 clipped=0x0 held=0 vmm_overlaps=0 priv_withheld=0 priv_withheld_bytes=0x0 priv_mirrored=62 sked=2/0held carve_gpu=0 carve_kernel=2 carve_cpu=1 fn70=1 roots=23 root_moves=0 stmts=43/43 refused=0 pramin_repoints=18 pramin_miss=0 last_miss=0x0 pramin_worst_us=65 (map 35 mmap 27) pramin_maps=18 pramin_mmaps=18 pramin_kept=0 pramin_kept_now=0 w
kf3: family=Ada phase=Running trapped=58306 applied=2521 refused=0 serviced=1694 ram_refused=0 unshadowed_writes=2 read_exits=784 last_off=0xb81608 mem[inval=2732 walks=2806/2806 cleared=2732 superseded=0 named_missed=0 unreconciled=0 mapped=734 unmapped=270 clipped=0x0 held=0 vmm_overlaps=0 priv_withheld=0 priv_withheld_bytes=0x0 priv_mirrored=62 sked=2/0held carve_gpu=0 carve_kernel=2 carve_cpu=1 fn70=1 roots=23 root_moves=0 stmts=43/43 refused=0 pramin_repoints=18 pramin_miss=0 last_miss=0x0 pramin_worst_us=65 (map 35 mmap 27) pramin_maps=18 pramin_mmaps=18 pramin_kept=0 pramin_kept_now=0 w
kf3: family=Ada phase=Running trapped=58318 applied=2521 refused=0 serviced=1694 ram_refused=0 unshadowed_writes=2 read_exits=784 last_off=0xb81608 mem[inval=2732 walks=2806/2806 cleared=2732 superseded=0 named_missed=0 unreconciled=0 mapped=734 unmapped=270 clipped=0x0 held=0 vmm_overlaps=0 priv_withheld=0 priv_withheld_bytes=0x0 priv_mirrored=62 sked=2/0held carve_gpu=0 carve_kernel=2 carve_cpu=1 fn70=1 roots=23 root_moves=0 stmts=43/43 refused=0 pramin_repoints=18 pramin_miss=0 last_miss=0x0 pramin_worst_us=65 (map 35 mmap 27) pramin_maps=18 pramin_mmaps=18 pramin_kept=0 pramin_kept_now=0 w
kf3: family=Ada phase=Running trapped=58330 applied=2521 refused=0 serviced=1694 ram_refused=0 unshadowed_writes=2 read_exits=784 last_off=0xb81608 mem[inval=2732 walks=2806/2806 cleared=2732 superseded=0 named_missed=0 unreconciled=0 mapped=734 unmapped=270 clipped=0x0 held=0 vmm_overlaps=0 priv_withheld=0 priv_withheld_bytes=0x0 priv_mirrored=62 sked=2/0held carve_gpu=0 carve_kernel=2 carve_cpu=1 fn70=1 roots=23 root_moves=0 stmts=43/43 refused=0 pramin_repoints=18 pramin_miss=0 last_miss=0x0 pramin_worst_us=65 (map 35 mmap 27) pramin_maps=18 pramin_mmaps=18 pramin_kept=0 pramin_kept_now=0 w
kf3: family=Ada phase=Running trapped=58342 applied=2521 refused=0 serviced=1694 ram_refused=0 unshadowed_writes=2 read_exits=784 last_off=0xb81608 mem[inval=2732 walks=2806/2806 cleared=2732 superseded=0 named_missed=0 unreconciled=0 mapped=734 unmapped=270 clipped=0x0 held=0 vmm_overlaps=0 priv_withheld=0 priv_withheld_bytes=0x0 priv_mirrored=62 sked=2/0held carve_gpu=0 carve_kernel=2 carve_cpu=1 fn70=1 roots=23 root_moves=0 stmts=43/43 refused=0 pramin_repoints=18 pramin_miss=0 last_miss=0x0 pramin_worst_us=65 (map 35 mmap 27) pramin_maps=18 pramin_mmaps=18 pramin_kept=0 pramin_kept_now=0 w
kf3: family=Ada phase=Running trapped=58354 applied=2521 refused=0 serviced=1694 ram_refused=0 unshadowed_writes=2 read_exits=784 last_off=0xb81608 mem[inval=2732 walks=2806/2806 cleared=2732 superseded=0 named_missed=0 unreconciled=0 mapped=734 unmapped=270 clipped=0x0 held=0 vmm_overlaps=0 priv_withheld=0 priv_withheld_bytes=0x0 priv_mirrored=62 sked=2/0held carve_gpu=0 carve_kernel=2 carve_cpu=1 fn70=1 roots=23 root_moves=0 stmts=43/43 refused=0 pramin_repoints=18 pramin_miss=0 last_miss=0x0 pramin_worst_us=65 (map 35 mmap 27) pramin_maps=18 pramin_mmaps=18 pramin_kept=0 pramin_kept_now=0 w
kf3: family=Ada phase=Running trapped=58366 applied=2521 refused=0 serviced=1694 ram_refused=0 unshadowed_writes=2 read_exits=784 last_off=0xb81608 mem[inval=2732 walks=2806/2806 cleared=2732 superseded=0 named_missed=0 unreconciled=0 mapped=734 unmapped=270 clipped=0x0 held=0 vmm_overlaps=0 priv_withheld=0 priv_withheld_bytes=0x0 priv_mirrored=62 sked=2/0held carve_gpu=0 carve_kernel=2 carve_cpu=1 fn70=1 roots=23 root_moves=0 stmts=43/43 refused=0 pramin_repoints=18 pramin_miss=0 last_miss=0x0 pramin_worst_us=65 (map 35 mmap 27) pramin_maps=18 pramin_mmaps=18 pramin_kept=0 pramin_kept_now=0 w
kf3: family=Ada phase=Running trapped=58378 applied=2521 refused=0 serviced=1694 ram_refused=0 unshadowed_writes=2 read_exits=784 last_off=0xb81608 mem[inval=2732 walks=2806/2806 cleared=2732 superseded=0 named_missed=0 unreconciled=0 mapped=734 unmapped=270 clipped=0x0 held=0 vmm_overlaps=0 priv_withheld=0 priv_withheld_bytes=0x0 priv_mirrored=62 sked=2/0held carve_gpu=0 carve_kernel=2 carve_cpu=1 fn70=1 roots=23 root_moves=0 stmts=43/43 refused=0 pramin_repoints=18 pramin_miss=0 last_miss=0x0 pramin_worst_us=65 (map 35 mmap 27) pramin_maps=18 pramin_mmaps=18 pramin_kept=0 pramin_kept_now=0 w
kf3: family=Ada phase=Running trapped=58390 applied=2521 refused=0 serviced=1694 ram_refused=0 unshadowed_writes=2 read_exits=784 last_off=0xb81608 mem[inval=2732 walks=2806/2806 cleared=2732 superseded=0 named_missed=0 unreconciled=0 mapped=734 unmapped=270 clipped=0x0 held=0 vmm_overlaps=0 priv_withheld=0 priv_withheld_bytes=0x0 priv_mirrored=62 sked=2/0held carve_gpu=0 carve_kernel=2 carve_cpu=1 fn70=1 roots=23 root_moves=0 stmts=43/43 refused=0 pramin_repoints=18 pramin_miss=0 last_miss=0x0 pramin_worst_us=65 (map 35 mmap 27) pramin_maps=18 pramin_mmaps=18 pramin_kept=0 pramin_kept_now=0 w
kf3: family=Ada phase=Running trapped=58402 applied=2521 refused=0 serviced=1694 ram_refused=0 unshadowed_writes=2 read_exits=784 last_off=0xb81608 mem[inval=2732 walks=2806/2806 cleared=2732 superseded=0 named_missed=0 unreconciled=0 mapped=734 unmapped=270 clipped=0x0 held=0 vmm_overlaps=0 priv_withheld=0 priv_withheld_bytes=0x0 priv_mirrored=62 sked=2/0held carve_gpu=0 carve_kernel=2 carve_cpu=1 fn70=1 roots=23 root_moves=0 stmts=43/43 refused=0 pramin_repoints=18 pramin_miss=0 last_miss=0x0 pramin_worst_us=65 (map 35 mmap 27) pramin_maps=18 pramin_mmaps=18 pramin_kept=0 pramin_kept_now=0 w
kf3: family=Ada phase=Running trapped=58414 applied=2521 refused=0 serviced=1694 ram_refused=0 unshadowed_writes=2 read_exits=784 last_off=0xb81608 mem[inval=2732 walks=2806/2806 cleared=2732 superseded=0 named_missed=0 unreconciled=0 mapped=734 unmapped=270 clipped=0x0 held=0 vmm_overlaps=0 priv_withheld=0 priv_withheld_bytes=0x0 priv_mirrored=62 sked=2/0held carve_gpu=0 carve_kernel=2 carve_cpu=1 fn70=1 roots=23 root_moves=0 stmts=43/43 refused=0 pramin_repoints=18 pramin_miss=0 last_miss=0x0 pramin_worst_us=65 (map 35 mmap 27) pramin_maps=18 pramin_mmaps=18 pramin_kept=0 pramin_kept_now=0 w
kf3: family=Ada phase=Running trapped=58426 applied=2521 refused=0 serviced=1694 ram_refused=0 unshadowed_writes=2 read_exits=784 last_off=0xb81608 mem[inval=2732 walks=2806/2806 cleared=2732 superseded=0 named_missed=0 unreconciled=0 mapped=734 unmapped=270 clipped=0x0 held=0 vmm_overlaps=0 priv_withheld=0 priv_withheld_bytes=0x0 priv_mirrored=62 sked=2/0held carve_gpu=0 carve_kernel=2 carve_cpu=1 fn70=1 roots=23 root_moves=0 stmts=43/43 refused=0 pramin_repoints=18 pramin_miss=0 last_miss=0x0 pramin_worst_us=65 (map 35 mmap 27) pramin_maps=18 pramin_mmaps=18 pramin_kept=0 pramin_kept_now=0 w
kf3: family=Ada phase=Running trapped=58438 applied=2521 refused=0 serviced=1694 ram_refused=0 unshadowed_writes=2 read_exits=784 last_off=0xb81608 mem[inval=2732 walks=2806/2806 cleared=2732 superseded=0 named_missed=0 unreconciled=0 mapped=734 unmapped=270 clipped=0x0 held=0 vmm_overlaps=0 priv_withheld=0 priv_withheld_bytes=0x0 priv_mirrored=62 sked=2/0held carve_gpu=0 carve_kernel=2 carve_cpu=1 fn70=1 roots=23 root_moves=0 stmts=43/43 refused=0 pramin_repoints=18 pramin_miss=0 last_miss=0x0 pramin_worst_us=65 (map 35 mmap 27) pramin_maps=18 pramin_mmaps=18 pramin_kept=0 pramin_kept_now=0 w
kf3: family=Ada phase=Running trapped=58450 applied=2521 refused=0 serviced=1694 ram_refused=0 unshadowed_writes=2 read_exits=784 last_off=0xb81608 mem[inval=2732 walks=2806/2806 cleared=2732 superseded=0 named_missed=0 unreconciled=0 mapped=734 unmapped=270 clipped=0x0 held=0 vmm_overlaps=0 priv_withheld=0 priv_withheld_bytes=0x0 priv_mirrored=62 sked=2/0held carve_gpu=0 carve_kernel=2 carve_cpu=1 fn70=1 roots=23 root_moves=0 stmts=43/43 refused=0 pramin_repoints=18 pramin_miss=0 last_miss=0x0 pramin_worst_us=65 (map 35 mmap 27) pramin_maps=18 pramin_mmaps=18 pramin_kept=0 pramin_kept_now=0 w
kf3: family=Ada phase=Running trapped=58462 applied=2521 refused=0 serviced=1694 ram_refused=0 unshadowed_writes=2 read_exits=784 last_off=0xb81608 mem[inval=2732 walks=2806/2806 cleared=2732 superseded=0 named_missed=0 unreconciled=0 mapped=734 unmapped=270 clipped=0x0 held=0 vmm_overlaps=0 priv_withheld=0 priv_withheld_bytes=0x0 priv_mirrored=62 sked=2/0held carve_gpu=0 carve_kernel=2 carve_cpu=1 fn70=1 roots=23 root_moves=0 stmts=43/43 refused=0 pramin_repoints=18 pramin_miss=0 last_miss=0x0 pramin_worst_us=65 (map 35 mmap 27) pramin_maps=18 pramin_mmaps=18 pramin_kept=0 pramin_kept_now=0 w
kf3: family=Ada phase=Running trapped=58474 applied=2521 refused=0 serviced=1694 ram_refused=0 unshadowed_writes=2 read_exits=784 last_off=0xb81608 mem[inval=2732 walks=2806/2806 cleared=2732 superseded=0 named_missed=0 unreconciled=0 mapped=734 unmapped=270 clipped=0x0 held=0 vmm_overlaps=0 priv_withheld=0 priv_withheld_bytes=0x0 priv_mirrored=62 sked=2/0held carve_gpu=0 carve_kernel=2 carve_cpu=1 fn70=1 roots=23 root_moves=0 stmts=43/43 refused=0 pramin_repoints=18 pramin_miss=0 last_miss=0x0 pramin_worst_us=65 (map 35 mmap 27) pramin_maps=18 pramin_mmaps=18 pramin_kept=0 pramin_kept_now=0 w
kf3: family=Ada phase=Running trapped=58486 applied=2521 refused=0 serviced=1694 ram_refused=0 unshadowed_writes=2 read_exits=784 last_off=0xb81608 mem[inval=2732 walks=2806/2806 cleared=2732 superseded=0 named_missed=0 unreconciled=0 mapped=734 unmapped=270 clipped=0x0 held=0 vmm_overlaps=0 priv_withheld=0 priv_withheld_bytes=0x0 priv_mirrored=62 sked=2/0held carve_gpu=0 carve_kernel=2 carve_cpu=1 fn70=1 roots=23 root_moves=0 stmts=43/43 refused=0 pramin_repoints=18 pramin_miss=0 last_miss=0x0 pramin_worst_us=65 (map 35 mmap 27) pramin_maps=18 pramin_mmaps=18 pramin_kept=0 pramin_kept_now=0 w
kf3: family=Ada phase=Running trapped=58498 applied=2521 refused=0 serviced=1694 ram_refused=0 unshadowed_writes=2 read_exits=784 last_off=0xb81608 mem[inval=2732 walks=2806/2806 cleared=2732 superseded=0 named_missed=0 unreconciled=0 mapped=734 unmapped=270 clipped=0x0 held=0 vmm_overlaps=0 priv_withheld=0 priv_withheld_bytes=0x0 priv_mirrored=62 sked=2/0held carve_gpu=0 carve_kernel=2 carve_cpu=1 fn70=1 roots=23 root_moves=0 stmts=43/43 refused=0 pramin_repoints=18 pramin_miss=0 last_miss=0x0 pramin_worst_us=65 (map 35 mmap 27) pramin_maps=18 pramin_mmaps=18 pramin_kept=0 pramin_kept_now=0 w
kf3: family=Ada phase=Running trapped=58510 applied=2521 refused=0 serviced=1694 ram_refused=0 unshadowed_writes=2 read_exits=784 last_off=0xb81608 mem[inval=2732 walks=2806/2806 cleared=2732 superseded=0 named_missed=0 unreconciled=0 mapped=734 unmapped=270 clipped=0x0 held=0 vmm_overlaps=0 priv_withheld=0 priv_withheld_bytes=0x0 priv_mirrored=62 sked=2/0held carve_gpu=0 carve_kernel=2 carve_cpu=1 fn70=1 roots=23 root_moves=0 stmts=43/43 refused=0 pramin_repoints=18 pramin_miss=0 last_miss=0x0 pramin_worst_us=65 (map 35 mmap 27) pramin_maps=18 pramin_mmaps=18 pramin_kept=0 pramin_kept_now=0 w
kf3: family=Ada phase=Running trapped=58602 applied=2531 refused=0 serviced=1704 ram_refused=0 unshadowed_writes=2 read_exits=784 last_off=0xb81608 mem[inval=2732 walks=2806/2806 cleared=2732 superseded=0 named_missed=0 unreconciled=0 mapped=734 unmapped=270 clipped=0x0 held=0 vmm_overlaps=0 priv_withheld=0 priv_withheld_bytes=0x0 priv_mirrored=62 sked=2/0held carve_gpu=0 carve_kernel=2 carve_cpu=1 fn70=1 roots=23 root_moves=0 stmts=43/43 refused=0 pramin_repoints=18 pramin_miss=0 last_miss=0x0 pramin_worst_us=65 (map 35 mmap 27) pramin_maps=18 pramin_mmaps=18 pramin_kept=0 pramin_kept_now=0 w
