kf3: family=Ada phase=Running trapped=52688 applied=2071 refused=0 serviced=1244 ram_refused=0 unshadowed_writes=2 read_exits=742 last_off=0xb81608 mem[inval=2592 walks=2656/2656 cleared=2592 superseded=0 named_missed=0 unreconciled=0 mapped=702 unmapped=250 clipped=0x0 held=0 vmm_overlaps=0 priv_withheld=0 priv_withheld_bytes=0x0 priv_mirrored=62 sked=2/0held carve_gpu=0 carve_kernel=2 carve_cpu=1 fn70=1 roots=13 root_moves=0 stmts=23/23 refused=0 pramin_repoints=18 pramin_miss=0 last_miss=0x0 pramin_worst_us=61 (map 33 mmap 30) pramin_maps=18 pramin_mmaps=18 pramin_kept=0 pramin_kept_now=0 window_advice_refused=0 inline_opens=0 reaped=17 cache_ops=0 sysmembars=2 root_unsets=0] mirrors=3 reused=10 prewarmed=3 mirror_avg_us=1276 mirror_max_us=1359 vat[invals=0 arrive->clear_avg_us=0 max_us=49523 walks=0 walk_avg_us=0 gpu_avg_us=0 plan_avg_us=0 apply_avg_us=0 leaves=0 host_calls=0] chan[births=21 pt_births=0 acts=75/0refused worst_act_us=5716 nsi=[GR0:2673/7raised CE2:213/198raised] served=529 parks=7606 host_rings=286 contended=0 poisoned=0 tokens=[0x3:fwd=7,subs=16,serves=47,put=Some(7),gp_get=Some(7) 0xd:fwd=0,subs=0,serves=1,put=None,gp_get=None 0x801:fwd=2,subs=2,serves=5,put=Some(2),gp_get=Some(2) 0x802:fwd=1,subs=1,serves=3,put=Some(1),gp_get=Some(1) 0x804:fwd=0,subs=0,serves=1,put=Some(0),gp_get=None 0x806:fwd=0,subs=0,serves=1,put=Some(0),gp_get=None 0x80b:fwd=0,subs=0,serves=1,put=Some(0),gp_get=None 0x80c:fwd=4518,subs=608,serves=458,put=Some(4518),gp_get=Some(4518) 0x1805:fwd=0,subs=0,serves=1,put=Some(0),gp_get=None 0x2007:fwd=0,subs=0,serves=1,put=Some(0),gp_get=None 0x2008:fwd=0,subs=0,serves=1,put=Some(0),gp_get=None 0x200a:fwd=0,subs=0,serves=1,put=Some(0),gp_get=None 0x2809:fwd=0,subs=0,serves=1,put=Some(0),gp_get=None]] views[armed=427 released=161 refused=0 held=266] rc[armed=0 unarmed=0 wakes=0 seen=0 posted=0] inca[strict=yes counted=0 heap_out=0 rows_inexact=0] tspace[built=yes twin_refused=0 tspace_refused=0 slots_leaked=0 twin_freeing=0] irq[writes=42525 raised=207 held=0 oor=0] disp[writes=63 puts=31 methods=8330 updates=0 notifies=0 releases=0 vblanks=0 irqs=0 exceptions=0 refused=0 scanouts=0 scanout_refused=0 scanout_avg_us=0 scanout_max_us=0] fps[cap=75(unset) copies=0.0 checks=0.0 same=0 ondemand=0 over=0] scanout_no_slot=0 scanout_d2h=0 scanout_pack=0 pack_skipped=0 display_vram_mib=0 host_cursor_reads=0 host_cursor_refused=0 dbfast[off regs=0 placed=0/0 sites=0 doorbells=0 wakes=0 rang=0 handed=0 absorbed=0 refused(budget=0 kvm=0 enospc=0 eexist=0 fd=0) deassign_failed=0 ack_timeouts=0 double=0 stale=0 empty=0 polls=0/0 max_batch=0 wake_to_deliver[n=0 p50=0.0us p99=0.0us max=0.0us] ack_wait[n=0 p50=0.0us p99=0.0us max=0.0us]] unserviced=[0x20800a87,0x20800afe,0x20800aff,0x20800aaf,0x00800292,0x20800a80,0x20802a0f,0x2080017e,0x20800a30,0x20800a2e,0x20800b03,0x20800b05,0x20800a3f,0x2080013f,0x20809004,0x00801306,0x20810108,0x20800ab8,0x20800173,0x20802a12,0x20800160,0x20802801,0x2080012f,0x20802806,0x0073013d,0x2080205b,0x2080a060,0x20802068,0x00800106,0x2080a70a,0x2080a801,0x2080a02f,0x208081ea,0x20808524,0x00731369,0x0073014b,0x00730285,0x0073011d,0x0073012c,0x00730109,0x20800a3a,0x20801110,0x2080080b,0x00730288,0x20801220,0x20801222,0x20801111,0x007302a3,0x00730128,0x2080a630,0x2080852e,0x2080852a,0x2080b201,0x2080852f,0x2080a618,0x2080a619,0x2080853a,0x2080853b,0x20801211,0x2080a088,0x00730280] gsp_refusals[total=192 distinct=64 [fn76/0x20800a87=0x56x1 fn76/0x20800afe=0x56x1 fn76/0x20800aff=0x56x7 fn76/0x20800aaf=0x56x1 fn76/0x00800292=0x56x1 fn76/0x20800a80=0x56x2 fn76/0x20802a0f=0x56x1 fn76/0x2080017e=0x56x1 fn76/0x20800a30=0x56x1 fn76/0x20800a2e=0x56x1 fn76/0x20800b03=0x56x1 fn76/0x20800b05=0x56x1 fn76/0x20800a3f=0x56x1 fn76/0x2080013f=0x56x1 fn76/0x20809004=0x56x19 fn76/0x20801303=0x56x1 fn76/0x00801306=0x56x1 fn76/0x20810108=0x56x2 fn76/0x20801823=0x56x1 fn76/0x20800ab8=0x56x1 fn76/0x20800173=0x56x1 fn76/0x20802a12=0x56x8 fn76/0x20800160=0x56x1 fn76/0x20802801=0x56x1 fn76/0x2080012f=0x56x1 fn76/0x20802806=0x56x1 fn76/0x0073013d=0x56x1 fn76/0x2080205b=0x56x1 fn76/0x2080a060=0x56x1 fn76/0x20802068=0x56x1 fn76/0x00800106=0x56x1 fn76/0x2080a70a=0x56x1 fn76/0x2080a801=0x56x2 fn76/0x2080a02f=0x56x1 fn76/0x208081ea=0x56x1 fn76/0x20808524=0x56x1 fn76/0x00731369=0x56x2 fn76/0x0073014b=0x56x1 fn76/0x00730285=0x56x5 fn76/0x0073011d=0x56x1 fn76/0x0073012c=0x56x2 fn76/0x00730109=0x56x1 fn76/0x20800a3a=0x56x37 fn76/0x20801110=0x56x1 fn76/0x2080080b=0x56x1 fn76/0x00730288=0x56x8 fn76/0x20801220=0x56x1 fn76/0x20801222=0x56x1 fn76/0x20801111=0x56x10 fn76/0x007302a3=0x56x1 fn76/0x00730128=0x56x2 fn76/0x2080a630=0x56x1 fn76/0x2080852e=0x56x4 fn76/0x2080852a=0x56x1 fn76/0x2080b201=0x56x11 fn76/0x2080852f=0x56x3 fn76/0x2080a618=0x56x3 fn76/0x2080a619=0x56x3 fn76/0x2080853a=0x56x3 fn76/0x2080853b=0x56x3 fn103/0x0000402c=0x56x6 fn76/0x20801211=0x56x6 fn76/0x2080a088=0x56x2 fn76/0x00730280=0x56x2]]
kf-rm: rpc-trace fn=76 RmControl seq=0 cmd=0x20809064 client=0xc1d00002 object=0xff030000 result=0x0
kf3: GSP rpc RmControl seq=0
W343GSSCENSUS cmd=0x20809004 params_size=1544 params_at=40 payload_len=1584
kf-rm: rpc-trace fn=76 RmControl seq=0 cmd=0x20809004 client=0xc1d00002 object=0xff030000 result=none
kf3: GSP rpc RmControl seq=0
kf3: GSP rpc UNSERVICED Unserviced { code: 76, sequence: 0 }
W343GSSCENSUS cmd=0x2080b201 params_size=2188 params_at=40 payload_len=2228
kf-rm: rpc-trace fn=76 RmControl seq=0 cmd=0x2080b201 client=0xc1d00002 object=0xff030000 result=none
kf3: GSP rpc RmControl seq=0
kf3: GSP rpc UNSERVICED Unserviced { code: 76, sequence: 0 }
kf-rm: rpc-trace fn=76 RmControl seq=0 cmd=0x20809064 client=0xc1d00002 object=0xff030000 result=0x0
kf3: GSP rpc RmControl seq=0
W343GSSCENSUS cmd=0x20809004 params_size=1544 params_at=40 payload_len=1584
kf-rm: rpc-trace fn=76 RmControl seq=0 cmd=0x20809004 client=0xc1d00002 object=0xff030000 result=none
kf3: GSP rpc RmControl seq=0
kf3: GSP rpc UNSERVICED Unserviced { code: 76, sequence: 0 }
W343GSSCENSUS cmd=0x2080852e params_size=528 params_at=40 payload_len=568
kf-rm: rpc-trace fn=76 RmControl seq=0 cmd=0x2080852e client=0xc1d00002 object=0xff030000 result=none
kf3: GSP rpc RmControl seq=0
kf3: GSP rpc UNSERVICED Unserviced { code: 76, sequence: 0 }
W343GSSCENSUS cmd=0x2080852f params_size=776 params_at=40 payload_len=816
kf-rm: rpc-trace fn=76 RmControl seq=0 cmd=0x2080852f client=0xc1d00002 object=0xff030000 result=none
kf3: GSP rpc RmControl seq=0
kf3: GSP rpc UNSERVICED Unserviced { code: 76, sequence: 0 }
W343GSSCENSUS cmd=0x2080a618 params_size=8620 params_at=40 payload_len=8660
kf-rm: rpc-trace fn=76 RmControl seq=0 cmd=0x2080a618 client=0xc1d00002 object=0xff030000 result=none
kf3: GSP rpc RmControl seq=0
kf3: GSP rpc UNSERVICED Unserviced { code: 76, sequence: 0 }
W343GSSCENSUS cmd=0x2080a619 params_size=172080 params_at=40 payload_len=172120
kf-rm: rpc-trace fn=76 RmControl seq=0 cmd=0x2080a619 client=0xc1d00002 object=0xff030000 result=none
kf-gsp: large RPC fn 76 seq 0 joined from 3 fragment(s), 172120 bytes, answered in 3 replies (rpc_result 0x56)
kf3: GSP rpc RmControl seq=0
kf3: GSP rpc UNSERVICED Unserviced { code: 76, sequence: 0 }
W343GSSCENSUS cmd=0x2080853a params_size=1456 params_at=40 payload_len=1496
kf-rm: rpc-trace fn=76 RmControl seq=0 cmd=0x2080853a client=0xc1d00002 object=0xff030000 result=none
kf3: GSP rpc RmControl seq=0
kf3: GSP rpc UNSERVICED Unserviced { code: 76, sequence: 0 }
W343GSSCENSUS cmd=0x2080853b params_size=1832 params_at=40 payload_len=1872
kf-rm: rpc-trace fn=76 RmControl seq=0 cmd=0x2080853b client=0xc1d00002 object=0xff030000 result=none
kf3: GSP rpc RmControl seq=0
kf3: GSP rpc UNSERVICED Unserviced { code: 76, sequence: 0 }
kf-rm: rpc-trace fn=76 RmControl seq=0 cmd=0x20809064 client=0xc1d00002 object=0xff030000 result=0x0
kf3: GSP rpc RmControl seq=0
W343GSSCENSUS cmd=0x20809004 params_size=1544 params_at=40 payload_len=1584
kf-rm: rpc-trace fn=76 RmControl seq=0 cmd=0x20809004 client=0xc1d00002 object=0xff030000 result=none
kf3: GSP rpc RmControl seq=0
kf3: GSP rpc UNSERVICED Unserviced { code: 76, sequence: 0 }
W343GSSCENSUS cmd=0x2080b201 params_size=2188 params_at=40 payload_len=2228
kf-rm: rpc-trace fn=76 RmControl seq=0 cmd=0x2080b201 client=0xc1d00002 object=0xff030000 result=none
kf3: GSP rpc RmControl seq=0
kf3: GSP rpc UNSERVICED Unserviced { code: 76, sequence: 0 }
kf-rm: chanlink: client 0xc1d0003c root: kernel=false internal=false
kf-rm: rpc-trace fn=103 RmAlloc seq=0 class=0x0000 client=0xc1d0003c parent=0x0 handle=0x0 result=0x0
kf3: GSP rpc RmAlloc seq=0
kf-rm: rpc-trace fn=103 RmAlloc seq=0 class=0x0080 client=0xc1d0003c parent=0xc1d0003c handle=0xff020000 device_facts=DeviceAllocFacts { device_id: 0, h_client_share: c1d0003c, h_target_client: c1d00002, h_target_device: ff010000, flags: 131e, va_space_size: 120000000, va_mode: 0 } result=0x0
kf3: GSP rpc RmAlloc seq=0
kf-rm: rpc-trace fn=103 RmAlloc seq=0 class=0x2080 client=0xc1d0003c parent=0xff020000 handle=0xff030000 result=0x0
kf3: GSP rpc RmAlloc seq=0
kf-rm: chanlink: client 0xc1d0003d root: kernel=false internal=false
kf-rm: rpc-trace fn=103 RmAlloc seq=0 class=0x0000 client=0xc1d0003d parent=0x0 handle=0x0 result=0x0
kf3: GSP rpc RmAlloc seq=0
kf-rm: rpc-trace fn=103 RmAlloc seq=0 class=0x0080 client=0xc1d0003d parent=0xc1d0003d handle=0xff020000 device_facts=DeviceAllocFacts { device_id: 0, h_client_share: c1d0003d, h_target_client: c1d0003d, h_target_device: ff020000, flags: 1036, va_space_size: 0, va_mode: 0 } result=0x0
kf3: GSP rpc RmAlloc seq=0
kf-rm: rpc-trace fn=103 RmAlloc seq=0 class=0x2080 client=0xc1d0003d parent=0xff020000 handle=0xff030000 result=0x0
kf3: GSP rpc RmAlloc seq=0
kf-rm: rpc-trace fn=103 RmAlloc seq=0 class=0x0073 client=0xc1d0003d parent=0xff020000 handle=0xff0a0000 result=0x0
kf3: GSP rpc RmAlloc seq=0
kf-rm: chanlink: FERMI_VASPACE_A 0xc1d0003c:0xff000850 under 0xff020000 (device default for it: 0xff000850)
kf-rm: rpc-trace fn=103 RmAlloc seq=0 class=0x90f1 client=0xc1d0003c parent=0xff020000 handle=0xff000850 result=0x0
kf3: GSP rpc RmAlloc seq=0
kf3: maplog t=188622.024841 ARRIVE inval seq=2592 pdb=0xf3392000/Vidmem all_pdb=false all_va=true hub_only=true raw=0x80010005 age_us=0 (inflight walk: none)
kf3: maplog t=188622.033845 walk#2657 SUBMIT wants=[{inval seq=2592 pdb=0xf3392000/Vidmem all_pdb=false all_va=true hub_only=true raw=0x80010005 age_us=8992 -> [0xffffffff00000002]}] walked=[0xffffffff00000002=s0@0xf3392000]
kf3: maplog t=188622.034000 NSI host GR0 wake #2674 raised=false
kf3: maplog t=188622.034023 CLEAR inval seq=2592 Cleared (arrive->clear 9170 us)
kf3: maplog t=188622.034089 ARRIVE inval seq=2593 pdb=0xf3392000/Vidmem all_pdb=false all_va=true hub_only=true raw=0x80010005 age_us=0 (inflight walk: none)
kf3: maplog t=188622.034114 walk#2658 SUBMIT wants=[{inval seq=2593 pdb=0xf3392000/Vidmem all_pdb=false all_va=true hub_only=true raw=0x80010005 age_us=15 -> [0xffffffff00000002]}] walked=[0xffffffff00000002=s0@0xf3392000]
kf3: maplog t=188622.034227 NSI host GR0 wake #2675 raised=false
kf3: maplog t=188622.034299 walk#2658 VasKey(18446744069414584322) root 0xf3392000 MAP va=0xdf000 len=0x1000 at=0xefa09000 ap=0 kind=0x0 ack=1
kf3: maplog t=188622.034330 CLEAR inval seq=2593 Cleared (arrive->clear 232 us)
kf3: maplog t=188622.034385 ARRIVE inval seq=2594 pdb=0xf3392000/Vidmem all_pdb=false all_va=true hub_only=true raw=0x80010005 age_us=0 (inflight walk: none)
kf3: maplog t=188622.034406 walk#2659 SUBMIT wants=[{inval seq=2594 pdb=0xf3392000/Vidmem all_pdb=false all_va=true hub_only=true raw=0x80010005 age_us=12 -> [0xffffffff00000002]}] walked=[0xffffffff00000002=s0@0xf3392000]
kf3: maplog t=188622.034525 NSI host GR0 wake #2676 raised=false
kf3: maplog t=188622.034559 walk#2659 VasKey(18446744069414584322) root 0xf3392000 MAP va=0xe0000 len=0x1000 at=0xefa08000 ap=0 kind=0x0 ack=1
kf3: maplog t=188622.034589 CLEAR inval seq=2594 Cleared (arrive->clear 196 us)
kf3: maplog t=188622.034647 ARRIVE inval seq=2595 pdb=0xf3392000/Vidmem all_pdb=false all_va=true hub_only=true raw=0x80010005 age_us=0 (inflight walk: none)
kf3: maplog t=188622.034675 walk#2660 SUBMIT wants=[{inval seq=2595 pdb=0xf3392000/Vidmem all_pdb=false all_va=true hub_only=true raw=0x80010005 age_us=13 -> [0xffffffff00000002]}] walked=[0xffffffff00000002=s0@0xf3392000]
kf3: maplog t=188622.034788 NSI host GR0 wake #2677 raised=false
kf3: maplog t=188622.034822 walk#2660 VasKey(18446744069414584322) root 0xf3392000 MAP va=0xe1000 len=0x1000 at=0xefa07000 ap=0 kind=0x0 ack=1
kf3: maplog t=188622.034852 CLEAR inval seq=2595 Cleared (arrive->clear 190 us)
kf-rm: rpc-trace fn=76 RmControl seq=0 cmd=0x90f10106 client=0xc1d0003c object=0xff000850 result=0x0
kayfabe: HELD-REPLY fn=RmControl depth=1 — this map reply WAITS for its rows
kf3: GSP rpc RmControl seq=0
kf3: VasKey(13965662706452138064) mirror space=0xcafe00bf: windows=none rings=none (1258 us: vaspace 1256 ram_obj 0)
kf3: maplog t=188622.036190 ARRIVE root VasKey(13965662706452138064) (inflight walk: none)
kf3: maplog t=188622.036218 walk#2661 SUBMIT wants=[{root VasKey(13965662706452138064) -> [0xc1d0003cff000850]}] walked=[0xc1d0003cff000850=s15@0xefa0a000]
kf3: maplog t=188622.036233 STATEMENT pagedir VasKey(13965662706452138064) root=0xefa0a000 First
kf3: maplog t=188622.036311 NSI host GR0 wake #2678 raised=false
kayfabe: HELD-REPLY-POSTED n=1 — their rows are on the host now
kf-rm: chanlink: Device 0xc1d0003c:0xff020000 default VA space set to 0xff000850 (SET_DEFAULT_VASPACE)
kf-rm: rpc-trace fn=76 RmControl seq=0 cmd=0x00801812 client=0xc1d0003c object=0xff020000 result=0x0
kayfabe: HELD-REPLY fn=RmControl depth=1 — this map reply WAITS for its rows
kf3: GSP rpc RmControl seq=0
kayfabe: HELD-REPLY-POSTED n=1 — their rows are on the host now
kf3: maplog t=188622.036702 ARRIVE inval seq=2596 pdb=0xf3392000/Vidmem all_pdb=false all_va=true hub_only=true raw=0x80010005 age_us=0 (inflight walk: none)
kf3: maplog t=188622.036732 walk#2662 SUBMIT wants=[{inval seq=2596 pdb=0xf3392000/Vidmem all_pdb=false all_va=true hub_only=true raw=0x80010005 age_us=18 -> [0xffffffff00000002]}] walked=[0xffffffff00000002=s0@0xf3392000]
kf3: maplog t=188622.036839 NSI host GR0 wake #2679 raised=false
kf3: maplog t=188622.036887 walk#2662 VasKey(18446744069414584322) root 0xf3392000 MAP va=0xe2000 len=0x1000 at=0xefa06000 ap=0 kind=0x0 ack=1
kf3: maplog t=188622.036919 CLEAR inval seq=2596 Cleared (arrive->clear 205 us)
kf3: maplog t=188622.036976 ARRIVE inval seq=2597 pdb=0xf3392000/Vidmem all_pdb=false all_va=true hub_only=true raw=0x80010005 age_us=0 (inflight walk: none)
kf3: maplog t=188622.037018 walk#2663 SUBMIT wants=[{inval seq=2597 pdb=0xf3392000/Vidmem all_pdb=false all_va=true hub_only=true raw=0x80010005 age_us=26 -> [0xffffffff00000002]}] walked=[0xffffffff00000002=s0@0xf3392000]
kf3: maplog t=188622.037129 NSI host GR0 wake #2680 raised=false
kf3: maplog t=188622.037171 walk#2663 VasKey(18446744069414584322) root 0xf3392000 MAP va=0xe3000 len=0x1000 at=0xefa05000 ap=0 kind=0x0 ack=1
kf3: maplog t=188622.037204 CLEAR inval seq=2597 Cleared (arrive->clear 211 us)
kf3: maplog t=188622.037257 ARRIVE inval seq=2598 pdb=0xf3392000/Vidmem all_pdb=false all_va=true hub_only=true raw=0x80010005 age_us=0 (inflight walk: none)
kf3: maplog t=188622.037282 walk#2664 SUBMIT wants=[{inval seq=2598 pdb=0xf3392000/Vidmem all_pdb=false all_va=true hub_only=true raw=0x80010005 age_us=15 -> [0xffffffff00000002]}] walked=[0xffffffff00000002=s0@0xf3392000]
kf3: maplog t=188622.037394 NSI host GR0 wake #2681 raised=false
kf3: maplog t=188622.037425 walk#2664 VasKey(18446744069414584322) root 0xf3392000 MAP va=0xe4000 len=0x1000 at=0xefa02000 ap=0 kind=0x0 ack=1
kf3: maplog t=188622.037455 CLEAR inval seq=2598 Cleared (arrive->clear 189 us)
kf3: maplog t=188622.037512 ARRIVE inval seq=2599 pdb=0xf3392000/Vidmem all_pdb=false all_va=true hub_only=true raw=0x80010005 age_us=0 (inflight walk: none)
kf3: maplog t=188622.037538 walk#2665 SUBMIT wants=[{inval seq=2599 pdb=0xf3392000/Vidmem all_pdb=false all_va=true hub_only=true raw=0x80010005 age_us=15 -> [0xffffffff00000002]}] walked=[0xffffffff00000002=s0@0xf3392000]
kf3: maplog t=188622.037643 NSI host GR0 wake #2682 raised=false
kf3: maplog t=188622.037692 walk#2665 VasKey(18446744069414584322) root 0xf3392000 MAP va=0xe5000 len=0x1000 at=0xefa01000 ap=0 kind=0x0 ack=1
kf3: maplog t=188622.037723 CLEAR inval seq=2599 Cleared (arrive->clear 199 us)
kf3: maplog t=188622.037781 ARRIVE inval seq=2600 pdb=0xf3392000/Vidmem all_pdb=false all_va=true hub_only=true raw=0x80010005 age_us=0 (inflight walk: none)
kf3: maplog t=188622.037803 walk#2666 SUBMIT wants=[{inval seq=2600 pdb=0xf3392000/Vidmem all_pdb=false all_va=true hub_only=true raw=0x80010005 age_us=13 -> [0xffffffff00000002]}] walked=[0xffffffff00000002=s0@0xf3392000]
kf3: maplog t=188622.037907 NSI host GR0 wake #2683 raised=false
kf3: maplog t=188622.037954 walk#2666 VasKey(18446744069414584322) root 0xf3392000 MAP va=0xe6000 len=0x1000 at=0xefa00000 ap=0 kind=0x0 ack=1
kf3: maplog t=188622.037985 CLEAR inval seq=2600 Cleared (arrive->clear 194 us)
kf3: maplog t=188622.038038 ARRIVE inval seq=2601 pdb=0xf3392000/Vidmem all_pdb=false all_va=true hub_only=true raw=0x80010005 age_us=0 (inflight walk: none)
kf3: maplog t=188622.038060 walk#2667 SUBMIT wants=[{inval seq=2601 pdb=0xf3392000/Vidmem all_pdb=false all_va=true hub_only=true raw=0x80010005 age_us=13 -> [0xffffffff00000002]}] walked=[0xffffffff00000002=s0@0xf3392000]
kf3: maplog t=188622.038164 NSI host GR0 wake #2684 raised=false
kf3: maplog t=188622.038232 walk#2667 VasKey(18446744069414584322) root 0xf3392000 MAP va=0xe7000 len=0x1000 at=0xef9ff000 ap=0 kind=0x0 ack=1
kf3: maplog t=188622.038266 CLEAR inval seq=2601 Cleared (arrive->clear 219 us)
kf3: maplog t=188622.038321 ARRIVE inval seq=2602 pdb=0xf3392000/Vidmem all_pdb=false all_va=true hub_only=true raw=0x80010005 age_us=0 (inflight walk: none)
kf3: maplog t=188622.038346 walk#2668 SUBMIT wants=[{inval seq=2602 pdb=0xf3392000/Vidmem all_pdb=false all_va=true hub_only=true raw=0x80010005 age_us=15 -> [0xffffffff00000002]}] walked=[0xffffffff00000002=s0@0xf3392000]
kf3: maplog t=188622.038448 NSI host GR0 wake #2685 raised=false
kf3: maplog t=188622.038495 walk#2668 VasKey(18446744069414584322) root 0xf3392000 MAP va=0xe8000 len=0x1000 at=0xef9fe000 ap=0 kind=0x0 ack=1
kf3: maplog t=188622.038531 CLEAR inval seq=2602 Cleared (arrive->clear 201 us)
kf3: maplog t=188622.038587 ARRIVE inval seq=2603 pdb=0xf3392000/Vidmem all_pdb=false all_va=true hub_only=true raw=0x80010005 age_us=0 (inflight walk: none)
kf3: maplog t=188622.038608 walk#2669 SUBMIT wants=[{inval seq=2603 pdb=0xf3392000/Vidmem all_pdb=false all_va=true hub_only=true raw=0x80010005 age_us=12 -> [0xffffffff00000002]}] walked=[0xffffffff00000002=s0@0xf3392000]
kf3: maplog t=188622.038712 NSI host GR0 wake #2686 raised=false
kf3: maplog t=188622.038752 walk#2669 VasKey(18446744069414584322) root 0xf3392000 MAP va=0xe9000 len=0x1000 at=0xef9fd000 ap=0 kind=0x0 ack=1
kf3: maplog t=188622.038781 CLEAR inval seq=2603 Cleared (arrive->clear 185 us)
kf-rm: rpc-trace fn=103 RmAlloc seq=0 class=0x0070 client=0xc1d0003c parent=0xff020000 handle=0xff000010 result=0x0
kf3: GSP rpc RmAlloc seq=0
kf-rm: rpc-trace fn=103 RmAlloc seq=0 class=0x0070 client=0xc1d0003c parent=0xff020000 handle=0xff1fe038 result=0x0
kf3: GSP rpc RmAlloc seq=0
kf3: maplog t=188622.039400 ARRIVE inval seq=2604 pdb=0xf3392000/Vidmem all_pdb=false all_va=true hub_only=true raw=0x80010005 age_us=0 (inflight walk: none)
kf3: maplog t=188622.039423 walk#2670 SUBMIT wants=[{inval seq=2604 pdb=0xf3392000/Vidmem all_pdb=false all_va=true hub_only=true raw=0x80010005 age_us=14 -> [0xffffffff00000002]}] walked=[0xffffffff00000002=s0@0xf3392000]
kf3: maplog t=188622.039526 NSI host GR0 wake #2687 raised=false
kf3: maplog t=188622.039611 walk#2670 VasKey(18446744069414584322) root 0xf3392000 UNMAP va=0x19000 len=0x1000 at=0xefbad000 ap=0 kind=0x0 ack=1
kf3: maplog t=188622.039611 walk#2670 VasKey(18446744069414584322) root 0xf3392000 MAP va=0x19000 len=0x1000 at=0xef9fc000 ap=0 kind=0x0 ack=1
kf3: maplog t=188622.039674 CLEAR inval seq=2604 Cleared (arrive->clear 265 us)
kf-rm: rpc-trace fn=103 RmAlloc seq=0 class=0x9096 client=0xc1d0003d parent=0xff030000 handle=0xff1fe002 result=0x0
kf3: GSP rpc RmAlloc seq=0
kf-rm: rpc-trace fn=76 RmControl seq=0 cmd=0x20809064 client=0xc1d00002 object=0xff030000 result=0x0
kf3: GSP rpc RmControl seq=0
W343GSSCENSUS cmd=0x20809004 params_size=1544 params_at=40 payload_len=1584
kf-rm: rpc-trace fn=76 RmControl seq=0 cmd=0x20809004 client=0xc1d00002 object=0xff030000 result=none
kf3: GSP rpc RmControl seq=0
kf3: GSP rpc UNSERVICED Unserviced { code: 76, sequence: 0 }
W343GSSCENSUS cmd=0x2080b201 params_size=2188 params_at=40 payload_len=2228
kf-rm: rpc-trace fn=76 RmControl seq=0 cmd=0x2080b201 client=0xc1d00002 object=0xff030000 result=none
kf3: GSP rpc RmControl seq=0
kf3: GSP rpc UNSERVICED Unserviced { code: 76, sequence: 0 }
kf3: family=Ada phase=Running trapped=53007 applied=2103 refused=0 serviced=1276 ram_refused=0 unshadowed_writes=2 read_exits=742 last_off=0x110c00 mem[inval=2605 walks=2670/2670 cleared=2605 superseded=0 named_missed=0 unreconciled=0 mapped=714 unmapped=251 clipped=0x0 held=0 vmm_overlaps=0 priv_withheld=0 priv_withheld_bytes=0x0 priv_mirrored=62 sked=2/0held carve_gpu=0 carve_kernel=2 carve_cpu=1 fn70=1 roots=14 root_moves=0 stmts=24/24 refused=0 pramin_repoints=18 pramin_miss=0 last_miss=0x0 pramin_worst_us=61 (map 33 mmap 30) pramin_maps=18 pramin_mmaps=18 pramin_kept=0 pramin_kept_now=0 window_advice_refused=0 inline_opens=0 reaped=17 cache_ops=0 sysmembars=2 root_unsets=0] mirrors=4 reused=10 prewarmed=3 mirror_avg_us=1271 mirror_max_us=1359 vat[invals=13 arrive->clear_avg_us=907 max_us=49523 walks=14 walk_avg_us=121 gpu_avg_us=91 plan_avg_us=0 apply_avg_us=33 leaves=2 host_calls=25] chan[births=21 pt_births=0 acts=75/0refused worst_act_us=5716 nsi=[GR0:2687/7raised CE2:213/198raised] served=529 parks=7700 host_rings=286 contended=0 poisoned=0 tokens=[0x3:fwd=7,subs=16,serves=47,put=Some(7),gp_get=Some(7) 0xd:fwd=0,subs=0,serves=1,put=None,gp_get=None 0x801:fwd=2,subs=2,serves=5,put=Some(2),gp_get=Some(2) 0x802:fwd=1,subs=1,serves=3,put=Some(1),gp_get=Some(1) 0x804:fwd=0,subs=0,serves=1,put=Some(0),gp_get=None 0x806:fwd=0,subs=0,serves=1,put=Some(0),gp_get=None 0x80b:fwd=0,subs=0,serves=1,put=Some(0),gp_get=None 0x80c:fwd=4518,subs=608,serves=458,put=Some(4518),gp_get=Some(4518) 0x1805:fwd=0,subs=0,serves=1,put=Some(0),gp_get=None 0x2007:fwd=0,subs=0,serves=1,put=Some(0),gp_get=None 0x2008:fwd=0,subs=0,serves=1,put=Some(0),gp_get=None 0x200a:fwd=0,subs=0,serves=1,put=Some(0),gp_get=None 0x2809:fwd=0,subs=0,serves=1,put=Some(0),gp_get=None]] views[armed=439 released=162 refused=0 held=277] rc[armed=0 unarmed=0 wakes=0 seen=0 posted=0] inca[strict=yes counted=0 heap_out=0 rows_inexact=0] tspace[built=yes twin_refused=0 tspace_refused=0 slots_leaked=0 twin_freeing=0] irq[writes=42772 raised=207 held=0 oor=0] disp[writes=63 puts=31 methods=8330 updates=0 notifies=0 releases=0 vblanks=0 irqs=0 exceptions=0 refused=0 scanouts=0 scanout_refused=0 scanout_avg_us=0 scanout_max_us=0] fps[cap=75(unset) copies=0.0 checks=0.0 same=0 ondemand=0 over=0] scanout_no_slot=0 scanout_d2h=0 scanout_pack=0 pack_skipped=0 display_vram_mib=0 host_cursor_reads=0 host_cursor_refused=0 dbfast[off regs=0 placed=0/0 sites=0 doorbells=0 wakes=0 rang=0 handed=0 absorbed=0 refused(budget=0 kvm=0 enospc=0 eexist=0 fd=0) deassign_failed=0 ack_timeouts=0 double=0 stale=0 empty=0 polls=0/0 max_batch=0 wake_to_deliver[n=0 p50=0.0us p99=0.0us max=0.0us] ack_wait[n=0 p50=0.0us p99=0.0us max=0.0us]] unserviced=[0x20800a87,0x20800afe,0x20800aff,0x20800aaf,0x00800292,0x20800a80,0x20802a0f,0x2080017e,0x20800a30,0x20800a2e,0x20800b03,0x20800b05,0x20800a3f,0x2080013f,0x20809004,0x00801306,0x20810108,0x20800ab8,0x20800173,0x20802a12,0x20800160,0x20802801,0x2080012f,0x20802806,0x0073013d,0x2080205b,0x2080a060,0x20802068,0x00800106,0x2080a70a,0x2080a801,0x2080a02f,0x208081ea,0x20808524,0x00731369,0x0073014b,0x00730285,0x0073011d,0x0073012c,0x00730109,0x20800a3a,0x20801110,0x2080080b,0x00730288,0x20801220,0x20801222,0x20801111,0x007302a3,0x00730128,0x2080a630,0x2080852e,0x2080852a,0x2080b201,0x2080852f,0x2080a618,0x2080a619,0x2080853a,0x2080853b,0x20801211,0x2080a088,0x00730280] gsp_refusals[total=205 distinct=64 [fn76/0x20800a87=0x56x1 fn76/0x20800afe=0x56x1 fn76/0x20800aff=0x56x7 fn76/0x20800aaf=0x56x1 fn76/0x00800292=0x56x1 fn76/0x20800a80=0x56x2 fn76/0x20802a0f=0x56x1 fn76/0x2080017e=0x56x1 fn76/0x20800a30=0x56x1 fn76/0x20800a2e=0x56x1 fn76/0x20800b03=0x56x1 fn76/0x20800b05=0x56x1 fn76/0x20800a3f=0x56x1 fn76/0x2080013f=0x56x1 fn76/0x20809004=0x56x23 fn76/0x20801303=0x56x1 fn76/0x00801306=0x56x1 fn76/0x20810108=0x56x2 fn76/0x20801823=0x56x1 fn76/0x20800ab8=0x56x1 fn76/0x20800173=0x56x1 fn76/0x20802a12=0x56x8 fn76/0x20800160=0x56x1 fn76/0x20802801=0x56x1 fn76/0x2080012f=0x56x1 fn76/0x20802806=0x56x1 fn76/0x0073013d=0x56x1 fn76/0x2080205b=0x56x1 fn76/0x2080a060=0x56x1 fn76/0x20802068=0x56x1 fn76/0x00800106=0x56x1 fn76/0x2080a70a=0x56x1 fn76/0x2080a801=0x56x2 fn76/0x2080a02f=0x56x1 fn76/0x208081ea=0x56x1 fn76/0x20808524=0x56x1 fn76/0x00731369=0x56x2 fn76/0x0073014b=0x56x1 fn76/0x00730285=0x56x5 fn76/0x0073011d=0x56x1 fn76/0x0073012c=0x56x2 fn76/0x00730109=0x56x1 fn76/0x20800a3a=0x56x37 fn76/0x20801110=0x56x1 fn76/0x2080080b=0x56x1 fn76/0x00730288=0x56x8 fn76/0x20801220=0x56x1 fn76/0x20801222=0x56x1 fn76/0x20801111=0x56x10 fn76/0x007302a3=0x56x1 fn76/0x00730128=0x56x2 fn76/0x2080a630=0x56x1 fn76/0x2080852e=0x56x5 fn76/0x2080852a=0x56x1 fn76/0x2080b201=0x56x14 fn76/0x2080852f=0x56x4 fn76/0x2080a618=0x56x4 fn76/0x2080a619=0x56x4 fn76/0x2080853a=0x56x4 fn76/0x2080853b=0x56x4 fn103/0x0000402c=0x56x6 fn76/0x20801211=0x56x6 fn76/0x2080a088=0x56x2 fn76/0x00730280=0x56x2]]
kf-rm: rpc-trace fn=76 RmControl seq=0 cmd=0x20809064 client=0xc1d00002 object=0xff030000 result=0x0
kf3: GSP rpc RmControl seq=0
W343GSSCENSUS cmd=0x20809004 params_size=1544 params_at=40 payload_len=1584
kf-rm: rpc-trace fn=76 RmControl seq=0 cmd=0x20809004 client=0xc1d00002 object=0xff030000 result=none
kf3: GSP rpc RmControl seq=0
kf3: GSP rpc UNSERVICED Unserviced { code: 76, sequence: 0 }
kf3: maplog t=188622.229095 NSI host CE2 wake #214 raised=false
kf3: maplog t=188622.229152 NSI host CE2 wake #215 raised=false
kf3: maplog t=188622.229167 SPLIT-REQUEST ticket=51 by channel token 0x80c pdb=Some(efa0a000)
kf3: maplog t=188622.229192 ARRIVE split ticket=51 pdb=Some(efa0a000) space=None (inflight walk: none)
kf3: maplog t=188622.229256 walk#2671 SUBMIT wants=[{split ticket=51 pdb=Some(efa0a000) space=None -> [0xc1d0003cff000850]}] walked=[0xc1d0003cff000850=s15@0xefa0a000]
kf3: maplog t=188622.229354 NSI host GR0 wake #2688 raised=false
kf3: maplog t=188622.229384 SPLIT-DONE ticket=51 ok=true
kf3: maplog t=188622.229440 NSI host CE2 wake #216 raised=false
kf3: maplog t=188622.231419 NSI host CE2 wake #217 raised=false
kf3: maplog t=188622.231479 NSI host CE2 wake #218 raised=false
kf3: maplog t=188622.231493 SPLIT-REQUEST ticket=52 by channel token 0x80c pdb=Some(efa0a000)
kf3: maplog t=188622.231519 ARRIVE split ticket=52 pdb=Some(efa0a000) space=None (inflight walk: none)
kf3: maplog t=188622.231559 walk#2672 SUBMIT wants=[{split ticket=52 pdb=Some(efa0a000) space=None -> [0xc1d0003cff000850]}] walked=[0xc1d0003cff000850=s15@0xefa0a000]
kf-rm: chanlink: client 0xc1d0003e root: kernel=false internal=false
kf-rm: rpc-trace fn=103 RmAlloc seq=0 class=0x0000 client=0xc1d0003e parent=0x0 handle=0x0 result=0x0
kf3: GSP rpc RmAlloc seq=0
kf3: maplog t=188622.231650 NSI host GR0 wake #2689 raised=false
kf3: maplog t=188622.231680 SPLIT-DONE ticket=52 ok=true
kf-rm: rpc-trace fn=103 RmAlloc seq=0 class=0x0080 client=0xc1d0003e parent=0xc1d0003e handle=0xff020000 device_facts=DeviceAllocFacts { device_id: 0, h_client_share: c1d0003c, h_target_client: c1d00002, h_target_device: ff010000, flags: 38, va_space_size: 10000000000, va_mode: 0 } result=0x0
kf3: GSP rpc RmAlloc seq=0
kf3: maplog t=188622.231774 NSI host CE2 wake #219 raised=false
kf3: maplog t=188622.231787 SPLIT-REQUEST ticket=53 by channel token 0x80c pdb=Some(efa0a000)
kf3: maplog t=188622.231809 ARRIVE split ticket=53 pdb=Some(efa0a000) space=None (inflight walk: none)
kf3: maplog t=188622.231850 walk#2673 SUBMIT wants=[{split ticket=53 pdb=Some(efa0a000) space=None -> [0xc1d0003cff000850]}] walked=[0xc1d0003cff000850=s15@0xefa0a000]
kf-rm: rpc-trace fn=103 RmAlloc seq=0 class=0x2080 client=0xc1d0003e parent=0xff020000 handle=0xff030000 result=0x0
kf3: maplog t=188622.231931 NSI host GR0 wake #2690 raised=false
kf3: GSP rpc RmAlloc seq=0
kf3: maplog t=188622.231955 SPLIT-DONE ticket=53 ok=true
kf3: maplog t=188622.232005 NSI host CE2 wake #220 raised=false
kf-rm: rpc-trace fn=103 RmAlloc seq=0 class=0x0070 client=0xc1d0003e parent=0xff020000 handle=0xff000010 result=0x0
kf3: GSP rpc RmAlloc seq=0
kf-rm: rpc-trace fn=103 RmAlloc seq=0 class=0x0070 client=0xc1d0003e parent=0xff020000 handle=0xff1fe038 result=0x0
kf3: GSP rpc RmAlloc seq=0
kf3: FIFO_GET_LATENCY_BUFFER_SIZE engine 0x1: gp=0x240 pb=0x2880 (the host's answer)
kf-rm: rpc-trace fn=76 RmControl seq=0 cmd=0x0080170e client=0xc1d0003e object=0xff020000 result=0x0
kf3: GSP rpc RmControl seq=0
kf3: maplog t=188622.233483 ARRIVE inval seq=2605 pdb=0xefa0a000/Vidmem all_pdb=false all_va=true hub_only=false raw=0x80010001 age_us=0 (inflight walk: none)
kf3: maplog t=188622.233515 walk#2674 SUBMIT wants=[{inval seq=2605 pdb=0xefa0a000/Vidmem all_pdb=false all_va=true hub_only=false raw=0x80010001 age_us=20 -> [0xc1d0003cff000850]}] walked=[0xc1d0003cff000850=s15@0xefa0a000]
kf3: maplog t=188622.233607 NSI host GR0 wake #2691 raised=false
kf3: maplog t=188622.233729 walk#2674 VasKey(13965662706452138064) root 0xefa0a000 MAP va=0x120002000 len=0x10000 at=0xea6d0000 ap=0 kind=0x0 ack=1
kf3: maplog t=188622.233762 CLEAR inval seq=2605 Cleared (arrive->clear 267 us)
kf3: maplog t=188622.233774 APPLIED VasKey(13965662706452138064) +1 -0 host space 0xcafe00bf doorbells []
kf3: maplog t=188622.234152 ARRIVE inval seq=2606 pdb=0xefa0a000/Vidmem all_pdb=false all_va=true hub_only=false raw=0x80010001 age_us=0 (inflight walk: none)
kf3: maplog t=188622.234180 walk#2675 SUBMIT wants=[{inval seq=2606 pdb=0xefa0a000/Vidmem all_pdb=false all_va=true hub_only=false raw=0x80010001 age_us=16 -> [0xc1d0003cff000850]}] walked=[0xc1d0003cff000850=s15@0xefa0a000]
kf3: maplog t=188622.234279 NSI host GR0 wake #2692 raised=false
kf3: maplog t=188622.234326 walk#2675 VasKey(13965662706452138064) root 0xefa0a000 MAP va=0x120012000 len=0x1000 at=0xea6c0000 ap=0 kind=0x0 ack=1
kf3: maplog t=188622.234357 CLEAR inval seq=2606 Cleared (arrive->clear 194 us)
kf3: maplog t=188622.234368 APPLIED VasKey(13965662706452138064) +1 -0 host space 0xcafe00bf doorbells []
kf3: maplog t=188622.234752 ARRIVE inval seq=2607 pdb=0xefa0a000/Vidmem all_pdb=false all_va=true hub_only=false raw=0x80010001 age_us=0 (inflight walk: none)
kf3: maplog t=188622.234782 walk#2676 SUBMIT wants=[{inval seq=2607 pdb=0xefa0a000/Vidmem all_pdb=false all_va=true hub_only=false raw=0x80010001 age_us=16 -> [0xc1d0003cff000850]}] walked=[0xc1d0003cff000850=s15@0xefa0a000]
kf3: maplog t=188622.234881 NSI host GR0 wake #2693 raised=false
kf3: maplog t=188622.234925 walk#2676 VasKey(13965662706452138064) root 0xefa0a000 MAP va=0x120013000 len=0x2000 at=0xea6e0000 ap=0 kind=0x0 ack=1
kf3: maplog t=188622.234956 CLEAR inval seq=2607 Cleared (arrive->clear 191 us)
kf3: maplog t=188622.234967 APPLIED VasKey(13965662706452138064) +1 -0 host space 0xcafe00bf doorbells []
kf3: maplog t=188622.235338 ARRIVE inval seq=2608 pdb=0xefa0a000/Vidmem all_pdb=false all_va=true hub_only=false raw=0x80010001 age_us=0 (inflight walk: none)
kf3: maplog t=188622.235365 walk#2677 SUBMIT wants=[{inval seq=2608 pdb=0xefa0a000/Vidmem all_pdb=false all_va=true hub_only=false raw=0x80010001 age_us=16 -> [0xc1d0003cff000850]}] walked=[0xc1d0003cff000850=s15@0xefa0a000]
kf3: maplog t=188622.235464 NSI host GR0 wake #2694 raised=false
kf3: maplog t=188622.235513 walk#2677 VasKey(13965662706452138064) root 0xefa0a000 MAP va=0x120015000 len=0x20000 at=0xea6f0000 ap=0 kind=0x0 ack=1
kf3: maplog t=188622.235546 CLEAR inval seq=2608 Cleared (arrive->clear 197 us)
kf3: maplog t=188622.235557 APPLIED VasKey(13965662706452138064) +1 -0 host space 0xcafe00bf doorbells []
kf3: maplog t=188622.235934 ARRIVE inval seq=2609 pdb=0xefa0a000/Vidmem all_pdb=false all_va=true hub_only=false raw=0x80010001 age_us=0 (inflight walk: none)
kf3: maplog t=188622.235961 walk#2678 SUBMIT wants=[{inval seq=2609 pdb=0xefa0a000/Vidmem all_pdb=false all_va=true hub_only=false raw=0x80010001 age_us=16 -> [0xc1d0003cff000850]}] walked=[0xc1d0003cff000850=s15@0xefa0a000]
kf3: maplog t=188622.236059 NSI host GR0 wake #2695 raised=false
kf3: maplog t=188622.236127 walk#2678 VasKey(13965662706452138064) root 0xefa0a000 MAP va=0x120035000 len=0x8f000 at=0xea710000 ap=0 kind=0x0 ack=1
kf3: maplog t=188622.236170 CLEAR inval seq=2609 Cleared (arrive->clear 225 us)
kf3: maplog t=188622.236186 APPLIED VasKey(13965662706452138064) +1 -0 host space 0xcafe00bf doorbells []
kf3: maplog t=188622.236477 ARRIVE inval seq=2610 pdb=0xefa0a000/Vidmem all_pdb=false all_va=true hub_only=false raw=0x80010001 age_us=0 (inflight walk: none)
kf3: maplog t=188622.236504 walk#2679 SUBMIT wants=[{inval seq=2610 pdb=0xefa0a000/Vidmem all_pdb=false all_va=true hub_only=false raw=0x80010001 age_us=15 -> [0xc1d0003cff000850]}] walked=[0xc1d0003cff000850=s15@0xefa0a000]
kf3: maplog t=188622.236601 NSI host GR0 wake #2696 raised=false
kf3: maplog t=188622.236653 walk#2679 VasKey(13965662706452138064) root 0xefa0a000 MAP va=0x1200c4000 len=0xb000 at=0x239709000 ap=3 kind=0x0 ack=1
kf3: maplog t=188622.236685 CLEAR inval seq=2610 Cleared (arrive->clear 196 us)
kf3: maplog t=188622.236695 APPLIED VasKey(13965662706452138064) +1 -0 host space 0xcafe00bf doorbells []
kf-rm: rpc-trace fn=76 RmControl seq=0 cmd=0x20802a08 client=0x0 object=0x0 result=0x0
kf3: GSP rpc RmControl seq=0
kf-rm: rpc-trace fn=103 RmAlloc seq=0 class=0xa06c client=0xc1d0003e parent=0xff020000 handle=0xff0e0000 tsg_facts=TsgAllocFacts { h_vaspace: 0, engine_type: 1 } result=0x0
kf3: GSP rpc RmAlloc seq=0
kf-rm: rpc-trace fn=76 RmControl seq=0 cmd=0xa06c010a client=0xc1d0003e object=0xff0e0000 result=0x0
kf3: GSP rpc RmControl seq=0
kf-rm: rpc-trace fn=103 RmAlloc seq=0 class=0x9067 client=0xc1d0003e parent=0xff0e0000 handle=0xff0e0200 result=0x0
kf3: GSP rpc RmAlloc seq=0
kf3: maplog t=188622.237657 ARRIVE inval seq=2611 pdb=0xf3392000/Vidmem all_pdb=false all_va=true hub_only=true raw=0x80010005 age_us=0 (inflight walk: none)
kf3: maplog t=188622.237687 walk#2680 SUBMIT wants=[{inval seq=2611 pdb=0xf3392000/Vidmem all_pdb=false all_va=true hub_only=true raw=0x80010005 age_us=16 -> [0xffffffff00000002]}] walked=[0xffffffff00000002=s0@0xf3392000]
kf3: maplog t=188622.237790 NSI host GR0 wake #2697 raised=false
kf3: maplog t=188622.237910 walk#2680 VasKey(18446744069414584322) root 0xf3392000 UNMAP va=0x1a000 len=0x1000 at=0xefbac000 ap=0 kind=0x0 ack=1
kf3: maplog t=188622.237910 walk#2680 VasKey(18446744069414584322) root 0xf3392000 MAP va=0x1a000 len=0x1000 at=0xef9fb000 ap=0 kind=0x0 ack=1
kf3: maplog t=188622.237972 CLEAR inval seq=2611 Cleared (arrive->clear 301 us)
kf3: VasKey(13965662706452138064) is a guest-KERNEL space (Translated chan 0xc1d0003e:0xff04000c): privileged leaves are mirrored here
kf-rm: rpc-trace fn=103 RmAlloc seq=0 class=0xc56f client=0xc1d0003e parent=0xff0e0000 handle=0xff04000c result=0x0
kayfabe: HELD-REPLY fn=RmAlloc depth=1 — this map reply WAITS for its rows
kf3: GSP rpc RmAlloc seq=0
kf-host: channel birth h=0xcafe00c5 engine=0x1 reply_flags=0x00000080 PRIVILEGED_CHANNEL=0 privilege=USER cap_sys_admin=cleared-for-call
kf-chan: GR tier admitted host channel 0xcafe00c5 (token 0x3b) reply_flags=0x00000080 privilege=USER objects=[(902d, cafe00c8), (a140, cafe00c9), (c997, cafe00ca), (c9c0, cafe00c7)]
kf3: act birth translated: chan 0xc1d0003e:0xff04000c BORN Translated: token 0xe -> host 0x3b in VasKey(13965662706452138064) gpfifo=0x4000000x8192 userd=Some(Sysmem { base: 9553657856, size: 512 }) engine=0x1 tsg=Some(ff0e0000) kernel_by=PRIVILEGE=KERNEL ring_va=0xff00d00000 userd_at_birth(GP_PUT,GP_GET)=(Some(0), Some(0)) zeroed=512B gr_tier=true gp_get_by_engine=true sw_subch_inert=true scheduled_at_birth=false fast=off (5053 us, off the GSP lock)
kayfabe: HELD-REPLY-POSTED n=1 — their rows are on the host now
kf3: chan 0xc1d0003e:0xff04000c: NV50_DEFERRED_API 0xff1fe010 ADMITTED on Translated host 0x3b, software classID Some(1) (OWNER_RULINGS §U.1)
kf-rm: rpc-trace fn=103 RmAlloc seq=0 class=0x5080 client=0xc1d0003e parent=0xff04000c handle=0xff1fe010 result=0x0
kf3: GSP rpc RmAlloc seq=0
kf-rm: rpc-trace fn=103 RmAlloc seq=0 class=0xc7b5 client=0xc1d0003e parent=0xff04000c handle=0xff1fe034 result=0x0
kf3: GSP rpc RmAlloc seq=0
kf3: maplog t=188622.244116 ARRIVE inval seq=2612 pdb=0xefa0a000/Vidmem all_pdb=false all_va=true hub_only=false raw=0x80010001 age_us=0 (inflight walk: none)
kf3: maplog t=188622.244144 walk#2681 SUBMIT wants=[{inval seq=2612 pdb=0xefa0a000/Vidmem all_pdb=false all_va=true hub_only=false raw=0x80010001 age_us=16 -> [0xc1d0003cff000850]}] walked=[0xc1d0003cff000850=s15@0xefa0a000]
kf3: maplog t=188622.244250 NSI host GR0 wake #2698 raised=false
kf3: maplog t=188622.244300 walk#2681 VasKey(13965662706452138064) root 0xefa0a000 MAP va=0x1200cf000 len=0x10000 at=0x23994f000 ap=2 kind=0x0 ack=1
kf3: VasKey(13965662706452138064) root 0xefa0a000: 1 privileged run(s) mirrored — a guest-kernel space or CPU window
kf3: maplog t=188622.244342 CLEAR inval seq=2612 Cleared (arrive->clear 214 us)
kf3: maplog t=188622.244353 APPLIED VasKey(13965662706452138064) +1 -0 host space 0xcafe00bf doorbells []
kf-rm: rpc-trace fn=76 RmControl seq=0 cmd=0x20800a38 client=0x0 object=0x0 result=0x0
kf3: GSP rpc RmControl seq=0
kf-rm: rpc-trace fn=76 RmControl seq=0 cmd=0x20800a3a client=0x0 object=0x0 result=none
kf3: GSP rpc RmControl seq=0
kf3: GSP rpc UNSERVICED Unserviced { code: 76, sequence: 0 }
kf3: maplog t=188622.244624 ARRIVE inval seq=2613 pdb=0xefa0a000/Vidmem all_pdb=false all_va=true hub_only=false raw=0x80010001 age_us=0 (inflight walk: none)
kf3: maplog t=188622.244653 walk#2682 SUBMIT wants=[{inval seq=2613 pdb=0xefa0a000/Vidmem all_pdb=false all_va=true hub_only=false raw=0x80010001 age_us=16 -> [0xc1d0003cff000850]}] walked=[0xc1d0003cff000850=s15@0xefa0a000]
kf3: maplog t=188622.244755 NSI host GR0 wake #2699 raised=false
kf3: maplog t=188622.244803 walk#2682 VasKey(13965662706452138064) root 0xefa0a000 MAP va=0x1200df000 len=0x5000 at=0xef9f6000 ap=0 kind=0x0 ack=1
kf3: maplog t=188622.244835 CLEAR inval seq=2613 Cleared (arrive->clear 198 us)
kf3: maplog t=188622.244846 APPLIED VasKey(13965662706452138064) +1 -0 host space 0xcafe00bf doorbells []
kf3: maplog t=188622.244926 ARRIVE inval seq=2614 pdb=0xf3392000/Vidmem all_pdb=false all_va=true hub_only=true raw=0x80010005 age_us=0 (inflight walk: none)
kf3: maplog t=188622.244953 walk#2683 SUBMIT wants=[{inval seq=2614 pdb=0xf3392000/Vidmem all_pdb=false all_va=true hub_only=true raw=0x80010005 age_us=16 -> [0xffffffff00000002]}] walked=[0xffffffff00000002=s0@0xf3392000]
kf3: maplog t=188622.245054 NSI host GR0 wake #2700 raised=false
kf3: maplog t=188622.245120 walk#2683 VasKey(18446744069414584322) root 0xf3392000 UNMAP va=0x1c000 len=0x1000 at=0xefbaa000 ap=0 kind=0x0 ack=1
kf3: maplog t=188622.245120 walk#2683 VasKey(18446744069414584322) root 0xf3392000 MAP va=0x1c000 len=0x1000 at=0xef9f5000 ap=0 kind=0x0 ack=1
kf3: maplog t=188622.245198 CLEAR inval seq=2614 Cleared (arrive->clear 261 us)
kf3: maplog t=188622.245282 ARRIVE inval seq=2615 pdb=0xefa0a000/Vidmem all_pdb=false all_va=true hub_only=false raw=0x80010001 age_us=0 (inflight walk: none)
kf3: maplog t=188622.245308 walk#2684 SUBMIT wants=[{inval seq=2615 pdb=0xefa0a000/Vidmem all_pdb=false all_va=true hub_only=false raw=0x80010001 age_us=15 -> [0xc1d0003cff000850]}] walked=[0xc1d0003cff000850=s15@0xefa0a000]
kf3: maplog t=188622.245409 NSI host GR0 wake #2701 raised=false
kf3: maplog t=188622.245456 walk#2684 VasKey(13965662706452138064) root 0xefa0a000 MAP va=0x1200f0000 len=0x80000 at=0xed1a0000 ap=0 kind=0x0 ack=1
kf3: maplog t=188622.245488 CLEAR inval seq=2615 Cleared (arrive->clear 195 us)
kf3: maplog t=188622.245499 APPLIED VasKey(13965662706452138064) +1 -0 host space 0xcafe00bf doorbells []
kf-rm: chanlink: GPU_PROMOTE_CTX on 0xc1d0003e:0xff030000 params=560 rpc_flags=0x0
kf-rm: rpc-trace fn=76 RmControl seq=0 cmd=0x2080012b client=0xc1d0003e object=0xff030000 result=0x0
kf3: act promote translated context: 0xc1d0003e:0xff04000c GPU_PROMOTE_CTX satisfied by Translated host 0x3b GR=Some((cafe00c7, c9c0)) VIDEO=None entries=3 init_ids=0x4 va_ids=0xa04 bound=true — no guest buffer touched (2 us, off the GSP lock)
kayfabe: HELD-REPLY fn=RmControl depth=1 — this map reply WAITS for its rows
kf3: GSP rpc RmControl seq=0
kayfabe: HELD-REPLY-POSTED n=1 — their rows are on the host now
kf-rm: rpc-trace fn=103 RmAlloc seq=0 class=0xa140 client=0xc1d0003e parent=0xff04000c handle=0xff1fe01a result=0x0
kf3: GSP rpc RmAlloc seq=0
kf-rm: rpc-trace fn=76 RmControl seq=0 cmd=0x20800a38 client=0x0 object=0x0 result=0x0
kf3: GSP rpc RmControl seq=0
kf-rm: rpc-trace fn=76 RmControl seq=0 cmd=0x20800a3a client=0x0 object=0x0 result=none
kf3: GSP rpc RmControl seq=0
kf3: GSP rpc UNSERVICED Unserviced { code: 76, sequence: 0 }
kf3: maplog t=188622.246006 ARRIVE inval seq=2616 pdb=0xefa0a000/Vidmem all_pdb=false all_va=true hub_only=false raw=0x80010001 age_us=0 (inflight walk: none)
kf3: maplog t=188622.246033 walk#2685 SUBMIT wants=[{inval seq=2616 pdb=0xefa0a000/Vidmem all_pdb=false all_va=true hub_only=false raw=0x80010001 age_us=15 -> [0xc1d0003cff000850]}] walked=[0xc1d0003cff000850=s15@0xefa0a000]
kf3: maplog t=188622.246133 NSI host GR0 wake #2702 raised=false
kf3: maplog t=188622.246177 walk#2685 VasKey(13965662706452138064) root 0xefa0a000 MAP va=0x1200e4000 len=0x3000 at=0xefa65000 ap=0 kind=0x0 ack=1
kf3: VasKey(13965662706452138064) root 0xefa0a000: 1 privileged run(s) mirrored — a guest-kernel space or CPU window
kf3: maplog t=188622.246218 CLEAR inval seq=2616 Cleared (arrive->clear 200 us)
kf3: maplog t=188622.246229 APPLIED VasKey(13965662706452138064) +1 -0 host space 0xcafe00bf doorbells []
kf3: maplog t=188622.246299 ARRIVE inval seq=2617 pdb=0xf3392000/Vidmem all_pdb=false all_va=true hub_only=true raw=0x80010005 age_us=0 (inflight walk: none)
kf3: maplog t=188622.246325 walk#2686 SUBMIT wants=[{inval seq=2617 pdb=0xf3392000/Vidmem all_pdb=false all_va=true hub_only=true raw=0x80010005 age_us=15 -> [0xffffffff00000002]}] walked=[0xffffffff00000002=s0@0xf3392000]
kf3: maplog t=188622.246426 NSI host GR0 wake #2703 raised=false
kf3: maplog t=188622.246494 walk#2686 VasKey(18446744069414584322) root 0xf3392000 UNMAP va=0x1b000 len=0x1000 at=0xefbab000 ap=0 kind=0x0 ack=1
kf3: maplog t=188622.246494 walk#2686 VasKey(18446744069414584322) root 0xf3392000 MAP va=0x1b000 len=0x1000 at=0xef9f5000 ap=0 kind=0x0 ack=1
kf3: maplog t=188622.246561 CLEAR inval seq=2617 Cleared (arrive->clear 251 us)
kf3: maplog t=188622.246631 ARRIVE inval seq=2618 pdb=0xf3392000/Vidmem all_pdb=false all_va=true hub_only=true raw=0x80010005 age_us=0 (inflight walk: none)
kf3: maplog t=188622.246657 walk#2687 SUBMIT wants=[{inval seq=2618 pdb=0xf3392000/Vidmem all_pdb=false all_va=true hub_only=true raw=0x80010005 age_us=15 -> [0xffffffff00000002]}] walked=[0xffffffff00000002=s0@0xf3392000]
kf3: maplog t=188622.246761 NSI host GR0 wake #2704 raised=false
kf3: maplog t=188622.246826 walk#2687 VasKey(18446744069414584322) root 0xf3392000 UNMAP va=0x1e000 len=0x1000 at=0xefba8000 ap=0 kind=0x0 ack=1
kf3: maplog t=188622.246826 walk#2687 VasKey(18446744069414584322) root 0xf3392000 MAP va=0x1e000 len=0x1000 at=0xef9f5000 ap=0 kind=0x0 ack=1
kf3: maplog t=188622.246888 CLEAR inval seq=2618 Cleared (arrive->clear 246 us)
kf3: maplog t=188622.246950 ARRIVE inval seq=2619 pdb=0xf3392000/Vidmem all_pdb=false all_va=true hub_only=true raw=0x80010005 age_us=0 (inflight walk: none)
kf3: maplog t=188622.246976 walk#2688 SUBMIT wants=[{inval seq=2619 pdb=0xf3392000/Vidmem all_pdb=false all_va=true hub_only=true raw=0x80010005 age_us=15 -> [0xffffffff00000002]}] walked=[0xffffffff00000002=s0@0xf3392000]
kf3: maplog t=188622.247079 NSI host GR0 wake #2705 raised=false
kf3: maplog t=188622.247141 walk#2688 VasKey(18446744069414584322) root 0xf3392000 UNMAP va=0x1f000 len=0x1000 at=0xefba7000 ap=0 kind=0x0 ack=1
kf3: maplog t=188622.247141 walk#2688 VasKey(18446744069414584322) root 0xf3392000 MAP va=0x1f000 len=0x1000 at=0xef9f5000 ap=0 kind=0x0 ack=1
kf3: maplog t=188622.247206 CLEAR inval seq=2619 Cleared (arrive->clear 245 us)
kf3: maplog t=188622.247271 ARRIVE inval seq=2620 pdb=0xf3392000/Vidmem all_pdb=false all_va=true hub_only=true raw=0x80010005 age_us=0 (inflight walk: none)
kf3: maplog t=188622.247297 walk#2689 SUBMIT wants=[{inval seq=2620 pdb=0xf3392000/Vidmem all_pdb=false all_va=true hub_only=true raw=0x80010005 age_us=15 -> [0xffffffff00000002]}] walked=[0xffffffff00000002=s0@0xf3392000]
kf3: maplog t=188622.247399 NSI host GR0 wake #2706 raised=false
kf3: maplog t=188622.247473 walk#2689 VasKey(18446744069414584322) root 0xf3392000 UNMAP va=0x21000 len=0x1000 at=0xf1cac000 ap=0 kind=0x0 ack=1
kf3: maplog t=188622.247473 walk#2689 VasKey(18446744069414584322) root 0xf3392000 MAP va=0x21000 len=0x1000 at=0xef9f5000 ap=0 kind=0x0 ack=1
kf3: maplog t=188622.247540 CLEAR inval seq=2620 Cleared (arrive->clear 258 us)
kf3: maplog t=188622.247602 ARRIVE inval seq=2621 pdb=0xf3392000/Vidmem all_pdb=false all_va=true hub_only=true raw=0x80010005 age_us=0 (inflight walk: none)
kf3: maplog t=188622.247628 walk#2690 SUBMIT wants=[{inval seq=2621 pdb=0xf3392000/Vidmem all_pdb=false all_va=true hub_only=true raw=0x80010005 age_us=15 -> [0xffffffff00000002]}] walked=[0xffffffff00000002=s0@0xf3392000]
kf3: maplog t=188622.247732 NSI host GR0 wake #2707 raised=false
kf3: maplog t=188622.247806 walk#2690 VasKey(18446744069414584322) root 0xf3392000 UNMAP va=0x1d000 len=0x1000 at=0xefba9000 ap=0 kind=0x0 ack=1
kf3: maplog t=188622.247806 walk#2690 VasKey(18446744069414584322) root 0xf3392000 MAP va=0x1d000 len=0x1000 at=0xef9f5000 ap=0 kind=0x0 ack=1
kf3: maplog t=188622.247867 CLEAR inval seq=2621 Cleared (arrive->clear 254 us)
kf3: maplog t=188622.247927 ARRIVE inval seq=2622 pdb=0xf3392000/Vidmem all_pdb=false all_va=true hub_only=true raw=0x80010005 age_us=0 (inflight walk: none)
kf3: maplog t=188622.247954 walk#2691 SUBMIT wants=[{inval seq=2622 pdb=0xf3392000/Vidmem all_pdb=false all_va=true hub_only=true raw=0x80010005 age_us=16 -> [0xffffffff00000002]}] walked=[0xffffffff00000002=s0@0xf3392000]
kf3: maplog t=188622.248058 NSI host GR0 wake #2708 raised=false
kf3: maplog t=188622.248128 walk#2691 VasKey(18446744069414584322) root 0xf3392000 UNMAP va=0x22000 len=0x1000 at=0xefba4000 ap=0 kind=0x0 ack=1
kf3: maplog t=188622.248128 walk#2691 VasKey(18446744069414584322) root 0xf3392000 MAP va=0x22000 len=0x1000 at=0xef9f5000 ap=0 kind=0x0 ack=1
kf3: maplog t=188622.248190 CLEAR inval seq=2622 Cleared (arrive->clear 251 us)
kf3: maplog t=188622.248249 ARRIVE inval seq=2623 pdb=0xf3392000/Vidmem all_pdb=false all_va=true hub_only=true raw=0x80010005 age_us=0 (inflight walk: none)
kf3: maplog t=188622.248275 walk#2692 SUBMIT wants=[{inval seq=2623 pdb=0xf3392000/Vidmem all_pdb=false all_va=true hub_only=true raw=0x80010005 age_us=15 -> [0xffffffff00000002]}] walked=[0xffffffff00000002=s0@0xf3392000]
kf3: maplog t=188622.248380 NSI host GR0 wake #2709 raised=false
kf3: maplog t=188622.248445 walk#2692 VasKey(18446744069414584322) root 0xf3392000 UNMAP va=0x23000 len=0x1000 at=0xefba3000 ap=0 kind=0x0 ack=1
kf3: maplog t=188622.248445 walk#2692 VasKey(18446744069414584322) root 0xf3392000 MAP va=0x23000 len=0x1000 at=0xef9f5000 ap=0 kind=0x0 ack=1
kf3: maplog t=188622.248507 CLEAR inval seq=2623 Cleared (arrive->clear 247 us)
kf3: maplog t=188622.248574 ARRIVE inval seq=2624 pdb=0xf3392000/Vidmem all_pdb=false all_va=true hub_only=true raw=0x80010005 age_us=0 (inflight walk: none)
kf3: maplog t=188622.248601 walk#2693 SUBMIT wants=[{inval seq=2624 pdb=0xf3392000/Vidmem all_pdb=false all_va=true hub_only=true raw=0x80010005 age_us=16 -> [0xffffffff00000002]}] walked=[0xffffffff00000002=s0@0xf3392000]
kf3: maplog t=188622.248706 NSI host GR0 wake #2710 raised=false
kf3: maplog t=188622.248782 walk#2693 VasKey(18446744069414584322) root 0xf3392000 UNMAP va=0x25000 len=0x1000 at=0xefba1000 ap=0 kind=0x0 ack=1
kf3: maplog t=188622.248782 walk#2693 VasKey(18446744069414584322) root 0xf3392000 MAP va=0x25000 len=0x1000 at=0xef9f5000 ap=0 kind=0x0 ack=1
kf3: maplog t=188622.248848 CLEAR inval seq=2624 Cleared (arrive->clear 263 us)
kf3: maplog t=188622.248913 ARRIVE inval seq=2625 pdb=0xf3392000/Vidmem all_pdb=false all_va=true hub_only=true raw=0x80010005 age_us=0 (inflight walk: none)
kf3: maplog t=188622.248940 walk#2694 SUBMIT wants=[{inval seq=2625 pdb=0xf3392000/Vidmem all_pdb=false all_va=true hub_only=true raw=0x80010005 age_us=16 -> [0xffffffff00000002]}] walked=[0xffffffff00000002=s0@0xf3392000]
kf3: maplog t=188622.249043 NSI host GR0 wake #2711 raised=false
kf3: maplog t=188622.249118 walk#2694 VasKey(18446744069414584322) root 0xf3392000 UNMAP va=0x26000 len=0x1000 at=0xefba0000 ap=0 kind=0x0 ack=1
kf3: maplog t=188622.249118 walk#2694 VasKey(18446744069414584322) root 0xf3392000 MAP va=0x26000 len=0x1000 at=0xef9f5000 ap=0 kind=0x0 ack=1
kf3: maplog t=188622.249180 CLEAR inval seq=2625 Cleared (arrive->clear 256 us)
kf3: maplog t=188622.249247 ARRIVE inval seq=2626 pdb=0xf3392000/Vidmem all_pdb=false all_va=true hub_only=true raw=0x80010005 age_us=0 (inflight walk: none)
kf3: maplog t=188622.249274 walk#2695 SUBMIT wants=[{inval seq=2626 pdb=0xf3392000/Vidmem all_pdb=false all_va=true hub_only=true raw=0x80010005 age_us=16 -> [0xffffffff00000002]}] walked=[0xffffffff00000002=s0@0xf3392000]
kf3: maplog t=188622.249379 NSI host GR0 wake #2712 raised=false
kf3: maplog t=188622.249450 walk#2695 VasKey(18446744069414584322) root 0xf3392000 UNMAP va=0x27000 len=0x1000 at=0xefa6f000 ap=0 kind=0x0 ack=1
kf3: maplog t=188622.249450 walk#2695 VasKey(18446744069414584322) root 0xf3392000 MAP va=0x27000 len=0x1000 at=0xef9f5000 ap=0 kind=0x0 ack=1
kf3: maplog t=188622.249515 CLEAR inval seq=2626 Cleared (arrive->clear 257 us)
kf3: maplog t=188622.249579 ARRIVE inval seq=2627 pdb=0xf3392000/Vidmem all_pdb=false all_va=true hub_only=true raw=0x80010005 age_us=0 (inflight walk: none)
kf3: maplog t=188622.249605 walk#2696 SUBMIT wants=[{inval seq=2627 pdb=0xf3392000/Vidmem all_pdb=false all_va=true hub_only=true raw=0x80010005 age_us=16 -> [0xffffffff00000002]}] walked=[0xffffffff00000002=s0@0xf3392000]
kf3: maplog t=188622.249709 NSI host GR0 wake #2713 raised=false
kf3: maplog t=188622.249786 walk#2696 VasKey(18446744069414584322) root 0xf3392000 UNMAP va=0x28000 len=0x1000 at=0xefa6e000 ap=0 kind=0x0 ack=1
kf3: maplog t=188622.249786 walk#2696 VasKey(18446744069414584322) root 0xf3392000 MAP va=0x28000 len=0x1000 at=0xef9f5000 ap=0 kind=0x0 ack=1
kf3: maplog t=188622.249849 CLEAR inval seq=2627 Cleared (arrive->clear 259 us)
kf3: maplog t=188622.249910 ARRIVE inval seq=2628 pdb=0xf3392000/Vidmem all_pdb=false all_va=true hub_only=true raw=0x80010005 age_us=0 (inflight walk: none)
kf3: maplog t=188622.249936 walk#2697 SUBMIT wants=[{inval seq=2628 pdb=0xf3392000/Vidmem all_pdb=false all_va=true hub_only=true raw=0x80010005 age_us=15 -> [0xffffffff00000002]}] walked=[0xffffffff00000002=s0@0xf3392000]
kf3: maplog t=188622.250039 NSI host GR0 wake #2714 raised=false
kf3: maplog t=188622.250115 walk#2697 VasKey(18446744069414584322) root 0xf3392000 UNMAP va=0x29000 len=0x1000 at=0xefa6d000 ap=0 kind=0x0 ack=1
kf3: maplog t=188622.250115 walk#2697 VasKey(18446744069414584322) root 0xf3392000 MAP va=0x29000 len=0x1000 at=0xef9f5000 ap=0 kind=0x0 ack=1
kf3: maplog t=188622.250176 CLEAR inval seq=2628 Cleared (arrive->clear 255 us)
kf3: maplog t=188622.250235 ARRIVE inval seq=2629 pdb=0xf3392000/Vidmem all_pdb=false all_va=true hub_only=true raw=0x80010005 age_us=0 (inflight walk: none)
kf3: maplog t=188622.250261 walk#2698 SUBMIT wants=[{inval seq=2629 pdb=0xf3392000/Vidmem all_pdb=false all_va=true hub_only=true raw=0x80010005 age_us=16 -> [0xffffffff00000002]}] walked=[0xffffffff00000002=s0@0xf3392000]
kf3: maplog t=188622.250363 NSI host GR0 wake #2715 raised=false
kf3: maplog t=188622.250433 walk#2698 VasKey(18446744069414584322) root 0xf3392000 UNMAP va=0x2a000 len=0x1000 at=0xefa6c000 ap=0 kind=0x0 ack=1
kf3: maplog t=188622.250433 walk#2698 VasKey(18446744069414584322) root 0xf3392000 MAP va=0x2a000 len=0x1000 at=0xef9f5000 ap=0 kind=0x0 ack=1
kf3: maplog t=188622.250498 CLEAR inval seq=2629 Cleared (arrive->clear 253 us)
kf3: maplog t=188622.250564 ARRIVE inval seq=2630 pdb=0xf3392000/Vidmem all_pdb=false all_va=true hub_only=true raw=0x80010005 age_us=0 (inflight walk: none)
kf3: maplog t=188622.250590 walk#2699 SUBMIT wants=[{inval seq=2630 pdb=0xf3392000/Vidmem all_pdb=false all_va=true hub_only=true raw=0x80010005 age_us=15 -> [0xffffffff00000002]}] walked=[0xffffffff00000002=s0@0xf3392000]
kf3: maplog t=188622.250693 NSI host GR0 wake #2716 raised=false
kf3: maplog t=188622.250761 walk#2699 VasKey(18446744069414584322) root 0xf3392000 UNMAP va=0x2b000 len=0x1000 at=0xefa6b000 ap=0 kind=0x0 ack=1
kf3: maplog t=188622.250761 walk#2699 VasKey(18446744069414584322) root 0xf3392000 MAP va=0x2b000 len=0x1000 at=0xef9f5000 ap=0 kind=0x0 ack=1
kf3: maplog t=188622.250823 CLEAR inval seq=2630 Cleared (arrive->clear 248 us)
kf3: maplog t=188622.250898 ARRIVE inval seq=2631 pdb=0xf3392000/Vidmem all_pdb=false all_va=true hub_only=true raw=0x80010005 age_us=0 (inflight walk: none)
kf3: maplog t=188622.250924 walk#2700 SUBMIT wants=[{inval seq=2631 pdb=0xf3392000/Vidmem all_pdb=false all_va=true hub_only=true raw=0x80010005 age_us=15 -> [0xffffffff00000002]}] walked=[0xffffffff00000002=s0@0xf3392000]
kf3: maplog t=188622.251027 NSI host GR0 wake #2717 raised=false
kf3: maplog t=188622.251105 walk#2700 VasKey(18446744069414584322) root 0xf3392000 UNMAP va=0x2c000 len=0x1000 at=0xefa6a000 ap=0 kind=0x0 ack=1
kf3: maplog t=188622.251105 walk#2700 VasKey(18446744069414584322) root 0xf3392000 MAP va=0x2c000 len=0x1000 at=0xef9f5000 ap=0 kind=0x0 ack=1
kf3: maplog t=188622.251166 CLEAR inval seq=2631 Cleared (arrive->clear 257 us)
kf3: maplog t=188622.251239 ARRIVE inval seq=2632 pdb=0xf3392000/Vidmem all_pdb=false all_va=true hub_only=true raw=0x80010005 age_us=0 (inflight walk: none)
kf3: maplog t=188622.251265 walk#2701 SUBMIT wants=[{inval seq=2632 pdb=0xf3392000/Vidmem all_pdb=false all_va=true hub_only=true raw=0x80010005 age_us=15 -> [0xffffffff00000002]}] walked=[0xffffffff00000002=s0@0xf3392000]
kf3: maplog t=188622.251367 NSI host GR0 wake #2718 raised=false
kf3: maplog t=188622.251443 walk#2701 VasKey(18446744069414584322) root 0xf3392000 UNMAP va=0x2d000 len=0x1000 at=0xefa69000 ap=0 kind=0x0 ack=1
kf3: maplog t=188622.251443 walk#2701 VasKey(18446744069414584322) root 0xf3392000 MAP va=0x2d000 len=0x1000 at=0xef9f4000 ap=0 kind=0x0 ack=1
kf3: maplog t=188622.251504 CLEAR inval seq=2632 Cleared (arrive->clear 255 us)
kf3: maplog t=188622.251570 ARRIVE inval seq=2633 pdb=0xf3392000/Vidmem all_pdb=false all_va=true hub_only=true raw=0x80010005 age_us=0 (inflight walk: none)
kf3: maplog t=188622.251596 walk#2702 SUBMIT wants=[{inval seq=2633 pdb=0xf3392000/Vidmem all_pdb=false all_va=true hub_only=true raw=0x80010005 age_us=15 -> [0xffffffff00000002]}] walked=[0xffffffff00000002=s0@0xf3392000]
kf3: maplog t=188622.251699 NSI host GR0 wake #2719 raised=false
kf3: maplog t=188622.251769 walk#2702 VasKey(18446744069414584322) root 0xf3392000 UNMAP va=0x24000 len=0x1000 at=0xefba2000 ap=0 kind=0x0 ack=1
kf3: maplog t=188622.251769 walk#2702 VasKey(18446744069414584322) root 0xf3392000 MAP va=0x24000 len=0x1000 at=0xef9f4000 ap=0 kind=0x0 ack=1
kf3: maplog t=188622.251830 CLEAR inval seq=2633 Cleared (arrive->clear 249 us)
kf3: maplog t=188622.251890 ARRIVE inval seq=2634 pdb=0xf3392000/Vidmem all_pdb=false all_va=true hub_only=true raw=0x80010005 age_us=0 (inflight walk: none)
kf3: maplog t=188622.251916 walk#2703 SUBMIT wants=[{inval seq=2634 pdb=0xf3392000/Vidmem all_pdb=false all_va=true hub_only=true raw=0x80010005 age_us=15 -> [0xffffffff00000002]}] walked=[0xffffffff00000002=s0@0xf3392000]
kf3: maplog t=188622.252020 NSI host GR0 wake #2720 raised=false
kf3: maplog t=188622.252090 walk#2703 VasKey(18446744069414584322) root 0xf3392000 UNMAP va=0x2e000 len=0x1000 at=0xefa68000 ap=0 kind=0x0 ack=1
kf3: maplog t=188622.252090 walk#2703 VasKey(18446744069414584322) root 0xf3392000 MAP va=0x2e000 len=0x1000 at=0xef9f4000 ap=0 kind=0x0 ack=1
kf3: maplog t=188622.252156 CLEAR inval seq=2634 Cleared (arrive->clear 255 us)
kf3: maplog t=188622.252216 ARRIVE inval seq=2635 pdb=0xf3392000/Vidmem all_pdb=false all_va=true hub_only=true raw=0x80010005 age_us=0 (inflight walk: none)
kf3: maplog t=188622.252242 walk#2704 SUBMIT wants=[{inval seq=2635 pdb=0xf3392000/Vidmem all_pdb=false all_va=true hub_only=true raw=0x80010005 age_us=15 -> [0xffffffff00000002]}] walked=[0xffffffff00000002=s0@0xf3392000]
kf3: maplog t=188622.252347 NSI host GR0 wake #2721 raised=false
kf3: maplog t=188622.252427 walk#2704 VasKey(18446744069414584322) root 0xf3392000 UNMAP va=0x30000 len=0x1000 at=0xefa63000 ap=0 kind=0x0 ack=1
kf3: maplog t=188622.252427 walk#2704 VasKey(18446744069414584322) root 0xf3392000 MAP va=0x30000 len=0x1000 at=0xef9f4000 ap=0 kind=0x0 ack=1
kf3: maplog t=188622.252488 CLEAR inval seq=2635 Cleared (arrive->clear 262 us)
kf3: maplog t=188622.252572 ARRIVE inval seq=2636 pdb=0xefa0a000/Vidmem all_pdb=false all_va=true hub_only=false raw=0x80010001 age_us=0 (inflight walk: none)
kf3: maplog t=188622.252601 walk#2705 SUBMIT wants=[{inval seq=2636 pdb=0xefa0a000/Vidmem all_pdb=false all_va=true hub_only=false raw=0x80010001 age_us=16 -> [0xc1d0003cff000850]}] walked=[0xc1d0003cff000850=s15@0xefa0a000]
kf3: maplog t=188622.252707 NSI host GR0 wake #2722 raised=false
kf3: maplog t=188622.253356 walk#2705 VasKey(13965662706452138064) root 0xefa0a000 MAP va=0x124000000 len=0x25f0000 at=0xed2a0000 ap=0 kind=0x0 ack=1
kf3: VasKey(13965662706452138064) root 0xefa0a000: 1 privileged run(s) mirrored — a guest-kernel space or CPU window
kf3: maplog t=188622.253398 CLEAR inval seq=2636 Cleared (arrive->clear 813 us)
kf3: maplog t=188622.253409 APPLIED VasKey(13965662706452138064) +1 -0 host space 0xcafe00bf doorbells []
kf3: maplog t=188622.253466 ARRIVE inval seq=2637 pdb=0xefa0a000/Vidmem all_pdb=false all_va=true hub_only=false raw=0x80010001 age_us=0 (inflight walk: none)
kf3: maplog t=188622.253492 walk#2706 SUBMIT wants=[{inval seq=2637 pdb=0xefa0a000/Vidmem all_pdb=false all_va=true hub_only=false raw=0x80010001 age_us=15 -> [0xc1d0003cff000850]}] walked=[0xc1d0003cff000850=s15@0xefa0a000]
kf3: maplog t=188622.253602 NSI host GR0 wake #2723 raised=false
kf3: maplog t=188622.253668 walk#2706 VasKey(13965662706452138064) root 0xefa0a000 MAP va=0x120170000 len=0x20000 at=0xef890000 ap=0 kind=0x0 ack=1
kf3: VasKey(13965662706452138064) root 0xefa0a000: 1 privileged run(s) mirrored — a guest-kernel space or CPU window
kf3: maplog t=188622.253710 CLEAR inval seq=2637 Cleared (arrive->clear 233 us)
kf3: maplog t=188622.253721 APPLIED VasKey(13965662706452138064) +1 -0 host space 0xcafe00bf doorbells []
kf3: maplog t=188622.253784 ARRIVE inval seq=2638 pdb=0xf3392000/Vidmem all_pdb=false all_va=true hub_only=true raw=0x80010005 age_us=0 (inflight walk: none)
kf3: maplog t=188622.253809 walk#2707 SUBMIT wants=[{inval seq=2638 pdb=0xf3392000/Vidmem all_pdb=false all_va=true hub_only=true raw=0x80010005 age_us=15 -> [0xffffffff00000002]}] walked=[0xffffffff00000002=s0@0xf3392000]
kf3: maplog t=188622.253913 NSI host GR0 wake #2724 raised=false
kf3: maplog t=188622.253985 walk#2707 VasKey(18446744069414584322) root 0xf3392000 UNMAP va=0x2f000 len=0x1000 at=0xefa64000 ap=0 kind=0x0 ack=1
kf3: maplog t=188622.253985 walk#2707 VasKey(18446744069414584322) root 0xf3392000 MAP va=0x2f000 len=0x1000 at=0xef9f4000 ap=0 kind=0x0 ack=1
kf3: maplog t=188622.254046 CLEAR inval seq=2638 Cleared (arrive->clear 252 us)
kf3: maplog t=188622.254099 ARRIVE inval seq=2639 pdb=0xefa0a000/Vidmem all_pdb=false all_va=true hub_only=false raw=0x80010001 age_us=0 (inflight walk: none)
kf3: maplog t=188622.254125 walk#2708 SUBMIT wants=[{inval seq=2639 pdb=0xefa0a000/Vidmem all_pdb=false all_va=true hub_only=false raw=0x80010001 age_us=15 -> [0xc1d0003cff000850]}] walked=[0xc1d0003cff000850=s15@0xefa0a000]
kf3: maplog t=188622.254228 NSI host GR0 wake #2725 raised=false
kf3: maplog t=188622.254299 walk#2708 VasKey(13965662706452138064) root 0xefa0a000 MAP va=0x120190000 len=0x80000 at=0xef8b0000 ap=0 kind=0x0 ack=1
kf3: VasKey(13965662706452138064) root 0xefa0a000: 1 privileged run(s) mirrored — a guest-kernel space or CPU window
kf3: maplog t=188622.254342 CLEAR inval seq=2639 Cleared (arrive->clear 232 us)
kf3: maplog t=188622.254353 APPLIED VasKey(13965662706452138064) +1 -0 host space 0xcafe00bf doorbells []
kf-rm: chanlink: GPU_PROMOTE_CTX on 0xc1d0003e:0xff030000 params=560 rpc_flags=0x0
kf-rm: rpc-trace fn=76 RmControl seq=0 cmd=0x2080012b client=0xc1d0003e object=0xff030000 result=0x0
kayfabe: HELD-REPLY fn=RmControl depth=1 — this map reply WAITS for its rows
kf3: GSP rpc RmControl seq=0
kf3: act promote translated context: 0xc1d0003e:0xff04000c GPU_PROMOTE_CTX satisfied by Translated host 0x3b GR=Some((cafe00c7, c9c0)) VIDEO=None entries=4 init_ids=0x0 va_ids=0x78 bound=true — no guest buffer touched (2 us, off the GSP lock)
kayfabe: HELD-REPLY-POSTED n=1 — their rows are on the host now
kf-rm: rpc-trace fn=103 RmAlloc seq=0 class=0x902d client=0xc1d0003e parent=0xff04000c handle=0xff1fe02c result=0x0
kf3: GSP rpc RmAlloc seq=0
kf-rm: rpc-trace fn=76 RmControl seq=0 cmd=0x20800a38 client=0x0 object=0x0 result=0x0
kf3: GSP rpc RmControl seq=0
kf-rm: rpc-trace fn=76 RmControl seq=0 cmd=0x20800a3a client=0x0 object=0x0 result=none
kf3: GSP rpc RmControl seq=0
kf3: GSP rpc UNSERVICED Unserviced { code: 76, sequence: 0 }
kf-rm: rpc-trace fn=103 RmAlloc seq=0 class=0xc997 client=0xc1d0003e parent=0xff04000c handle=0xff1fe026 result=0x0
kf3: GSP rpc RmAlloc seq=0
kf-rm: rpc-trace fn=76 RmControl seq=0 cmd=0x20800a38 client=0x0 object=0x0 result=0x0
kf3: GSP rpc RmControl seq=0
kf-rm: rpc-trace fn=76 RmControl seq=0 cmd=0x20800a3a client=0x0 object=0x0 result=none
kf3: GSP rpc RmControl seq=0
kf3: GSP rpc UNSERVICED Unserviced { code: 76, sequence: 0 }
kf-rm: rpc-trace fn=103 RmAlloc seq=0 class=0xc9c0 client=0xc1d0003e parent=0xff04000c handle=0xff1fe032 result=0x0
kf3: GSP rpc RmAlloc seq=0
kf-rm: rpc-trace fn=76 RmControl seq=0 cmd=0xa06c0103 client=0xc1d0003e object=0xff0e0000 result=0x0
kayfabe: HELD-REPLY fn=RmControl depth=1 — this map reply WAITS for its rows
kf3: GSP rpc RmControl seq=0
kf3: act timeslice: 0xc1d0003e:0xff0e0000 SET_TIMESLICE 400 us on 1 twin group(s) (221 us, off the GSP lock)
kayfabe: HELD-REPLY-POSTED n=1 — their rows are on the host now
kf3: chan 0xc1d0003e:0xff0e0000 GPFIFO_SCHEDULE enable=true (token 0xe, host 0x3b)
kf-rm: rpc-trace fn=76 RmControl seq=0 cmd=0xa06c0101 client=0xc1d0003e object=0xff0e0000 result=0x0
kf3: GSP rpc RmControl seq=0
qemu-system-x86_64: info: kf3: BAR0-TRACE read trap ON (flip 39)
kf3: maplog t=188622.295064 ARRIVE inval seq=2640 pdb=0xefa0a000/Vidmem all_pdb=false all_va=true hub_only=false raw=0x80010001 age_us=0 (inflight walk: none)
kf3: maplog t=188622.295124 walk#2709 SUBMIT wants=[{inval seq=2640 pdb=0xefa0a000/Vidmem all_pdb=false all_va=true hub_only=false raw=0x80010001 age_us=38 -> [0xc1d0003cff000850]}] walked=[0xc1d0003cff000850=s15@0xefa0a000]
kf3: maplog t=188622.295231 NSI host GR0 wake #2726 raised=false
kf3: maplog t=188622.295303 walk#2709 VasKey(13965662706452138064) root 0xefa0a000 MAP va=0x1200e7000 len=0x1000 at=0x2396fe000 ap=2 kind=0x0 ack=1
kf3: maplog t=188622.295340 CLEAR inval seq=2640 Cleared (arrive->clear 254 us)
kf3: maplog t=188622.295353 APPLIED VasKey(13965662706452138064) +1 -0 host space 0xcafe00bf doorbells []
kf3: maplog t=188622.295721 ARRIVE inval seq=2641 pdb=0xefa0a000/Vidmem all_pdb=false all_va=true hub_only=false raw=0x80010001 age_us=0 (inflight walk: none)
kf3: maplog t=188622.295753 walk#2710 SUBMIT wants=[{inval seq=2641 pdb=0xefa0a000/Vidmem all_pdb=false all_va=true hub_only=false raw=0x80010001 age_us=18 -> [0xc1d0003cff000850]}] walked=[0xc1d0003cff000850=s15@0xefa0a000]
kf3: maplog t=188622.295870 NSI host GR0 wake #2727 raised=false
kf-mem: SKED-REFLECTED leaf 0x120000000+0x1000 (ap=0 at=0x10000) placed as a message-kind host mapping — device-side launches through it reach the host scheduler
kf3: maplog t=188622.295926 walk#2710 VasKey(13965662706452138064) root 0xefa0a000 MAP va=0x120000000 len=0x1000 at=0x10000 ap=0 kind=0xf ack=1
kf3: maplog t=188622.295960 CLEAR inval seq=2641 Cleared (arrive->clear 225 us)
kf3: maplog t=188622.298950 NSI host CE2 wake #221 raised=false
kf3: maplog t=188622.299046 NSI host CE2 wake #222 raised=false
kf3: maplog t=188622.299742 NSI host CE2 wake #223 raised=false
kf3: maplog t=188622.299823 NSI host CE2 wake #224 raised=false
kf3: maplog t=188622.299838 SPLIT-REQUEST ticket=54 by channel token 0x80c pdb=Some(efa38000)
kf3: maplog t=188622.299861 ARRIVE split ticket=54 pdb=Some(efa38000) space=None (inflight walk: none)
kf3: maplog t=188622.299893 walk#2711 SUBMIT wants=[{split ticket=54 pdb=Some(efa38000) space=None -> [0xc1d00021ff000850]}] walked=[0xc1d00021ff000850=s8@0xefa38000]
kf3: maplog t=188622.300015 NSI host GR0 wake #2728 raised=false
kf3: maplog t=188622.300683 walk#2711 VasKey(13965662590488021072) root 0xefa38000 MAP va=0x603f2000 len=0x1073000 at=0xe93a6000 ap=0 kind=0x6 ack=1
kf3: maplog t=188622.300683 walk#2711 VasKey(13965662590488021072) root 0xefa38000 MAP va=0x100603f2000 len=0x1073000 at=0xe93a6000 ap=0 kind=0x6 ack=1
kf3: maplog t=188622.300755 SPLIT-DONE ticket=54 ok=true
kf3: maplog t=188622.300769 APPLIED VasKey(13965662590488021072) +2 -0 host space 0xcafe0062 doorbells []
kf3: maplog t=188622.301115 NSI host CE2 wake #225 raised=false
kf3: maplog t=188622.302017 NSI host CE2 wake #226 raised=false
kf3: maplog t=188622.302093 NSI host CE2 wake #227 raised=false
kf3: maplog t=188622.302100 SPLIT-REQUEST ticket=55 by channel token 0x80c pdb=Some(efa38000)
kf3: maplog t=188622.302123 ARRIVE split ticket=55 pdb=Some(efa38000) space=None (inflight walk: none)
kf3: maplog t=188622.302150 walk#2712 SUBMIT wants=[{split ticket=55 pdb=Some(efa38000) space=None -> [0xc1d00021ff000850]}] walked=[0xc1d00021ff000850=s8@0xefa38000]
kf3: maplog t=188622.302272 NSI host GR0 wake #2729 raised=false
kf3: maplog t=188622.302524 walk#2712 VasKey(13965662590488021072) root 0xefa38000 UNMAP va=0x603f2000 len=0x1073000 at=0xe93a6000 ap=0 kind=0x6 ack=1
kf3: maplog t=188622.302524 walk#2712 VasKey(13965662590488021072) root 0xefa38000 UNMAP va=0x100603f2000 len=0x1073000 at=0xe93a6000 ap=0 kind=0x6 ack=1
kf3: maplog t=188622.302578 SPLIT-DONE ticket=55 ok=true
kf3: maplog t=188622.302588 APPLIED VasKey(13965662590488021072) +0 -2 host space 0xcafe0062 doorbells []
kf3: maplog t=188622.302756 NSI host CE2 wake #228 raised=false
kf3: maplog t=188622.302772 NSI host CE2 wake #229 raised=false
kf3: maplog t=188622.302790 NSI host CE2 wake #230 raised=false
kf3: maplog t=188622.302842 NSI host CE2 wake #231 raised=false
kf3: maplog t=188622.302893 NSI host CE2 wake #232 raised=false
kf3: maplog t=188622.303468 NSI host CE2 wake #233 raised=false
kf3: maplog t=188622.303538 NSI host CE2 wake #234 raised=false
kf3: maplog t=188622.303860 NSI host CE2 wake #235 raised=false
kf3: maplog t=188622.303932 NSI host CE2 wake #236 raised=false
kf3: maplog t=188622.303947 SPLIT-REQUEST ticket=56 by channel token 0x80c pdb=Some(efa0a000)
kf3: maplog t=188622.303965 ARRIVE split ticket=56 pdb=Some(efa0a000) space=None (inflight walk: none)
kf3: maplog t=188622.303991 walk#2713 SUBMIT wants=[{split ticket=56 pdb=Some(efa0a000) space=None -> [0xc1d0003cff000850]}] walked=[0xc1d0003cff000850=s15@0xefa0a000]
kf3: maplog t=188622.304093 NSI host GR0 wake #2730 raised=false
kf3: maplog t=188622.304109 SPLIT-DONE ticket=56 ok=true
kf3: maplog t=188622.304146 NSI host CE2 wake #237 raised=false
kf-rm: DEFERRED-API 0x50800101 on 0xc1d00015:0xff1fe010 hApiHandle=0x4000000b cmd=0x2080012d psz=584 -> 0x0
kf-rm: rpc-trace fn=76 RmControl seq=0 cmd=0x50800101 client=0xc1d00015 object=0xff1fe010 result=0x0
kf3: BAR0-TRACE window #20 chan=0xc1d0003e:0xff0e0000 (host 0x3b) closed by the next RPC (RmControl): 363 access(es)
kf3: BAR0-TRACE #20 W 0xb81208 w4 = 0x101
kf3: BAR0-TRACE #20 W 0xb81210 w4 = 0xc10007a
kf3: BAR0-TRACE #20 W 0xb81608 w4 = 0xfffffffe
kf3: BAR0-TRACE #20 W 0xb81408 w4 = 0x101
kf3: BAR0-TRACE #20 W 0xb81410 w4 = 0xffffffff
kf3: BAR0-TRACE #20 W 0xb81610 w4 = 0x8
kf3: BAR0-TRACE #20 W 0xb81210 w4 = 0x4000000
kf3: BAR0-TRACE #20 W 0xb81208 w4 = 0x101
kf3: BAR0-TRACE #20 W 0xb81210 w4 = 0xc10007a
kf3: BAR0-TRACE #20 W 0xb81608 w4 = 0xfffffffe
kf3: BAR0-TRACE #20 W 0xb81408 w4 = 0x101
kf3: BAR0-TRACE #20 W 0xb81410 w4 = 0xffffffff
kf3: BAR0-TRACE #20 W 0xb81610 w4 = 0x8
kf3: BAR0-TRACE #20 W 0xb81210 w4 = 0x4000000
kf3: BAR0-TRACE #20 W 0xb81208 w4 = 0x101
kf3: BAR0-TRACE #20 W 0xb81210 w4 = 0xc10007a
kf3: BAR0-TRACE #20 W 0xb81608 w4 = 0xfffffffe
kf3: BAR0-TRACE #20 W 0xb81408 w4 = 0x101
kf3: BAR0-TRACE #20 W 0xb81410 w4 = 0xffffffff
kf3: BAR0-TRACE #20 W 0xb81610 w4 = 0x8
kf3: BAR0-TRACE #20 W 0xb81210 w4 = 0x4000000
kf3: BAR0-TRACE #20 R 0xb830b0 w4 = 0x10001
kf3: BAR0-TRACE #20 W 0xb830a0 w4 = 0xefa0a0
kf3: BAR0-TRACE #20 W 0xb830a4 w4 = 0x0
kf3: BAR0-TRACE #20 W 0xb830b0 w4 = 0x80010001
kf3: BAR0-TRACE #20 R 0xb830b0 w4 = 0x80010001 x36
kf3: BAR0-TRACE #20 R 0xb830b0 w4 = 0x10001
kf3: BAR0-TRACE #20 W 0xb81208 w4 = 0x101
kf3: BAR0-TRACE #20 W 0xb81210 w4 = 0xc10007a
kf3: BAR0-TRACE #20 W 0xb81608 w4 = 0xfffffffe
kf3: BAR0-TRACE #20 W 0xb81408 w4 = 0x101
kf3: BAR0-TRACE #20 W 0xb81410 w4 = 0xffffffff
kf3: BAR0-TRACE #20 W 0xb81610 w4 = 0x8
kf3: BAR0-TRACE #20 W 0xb81210 w4 = 0x4000000
kf3: BAR0-TRACE #20 R 0xb830b0 w4 = 0x10001
kf3: BAR0-TRACE #20 W 0xb830a0 w4 = 0xefa0a0
kf3: BAR0-TRACE #20 W 0xb830a4 w4 = 0x0
kf3: BAR0-TRACE #20 W 0xb830b0 w4 = 0x80010001
kf3: BAR0-TRACE #20 R 0xb830b0 w4 = 0x80010001 x30
kf3: BAR0-TRACE #20 R 0xb830b0 w4 = 0x10001
kf3: BAR0-TRACE #20 W 0xb81208 w4 = 0x101
kf3: BAR0-TRACE #20 W 0xb81210 w4 = 0xc10007a
kf3: BAR0-TRACE #20 W 0xb81608 w4 = 0xfffffffe
kf3: BAR0-TRACE #20 W 0xb81408 w4 = 0x101
kf3: BAR0-TRACE #20 W 0xb81410 w4 = 0xffffffff
kf3: BAR0-TRACE #20 W 0xb81610 w4 = 0x8
kf3: BAR0-TRACE #20 W 0xb81210 w4 = 0x4000000
kf3: BAR0-TRACE #20 W 0xb81208 w4 = 0x101
kf3: BAR0-TRACE #20 W 0xb81210 w4 = 0xc10007a
kf3: BAR0-TRACE #20 W 0xb81608 w4 = 0xfffffffe
kf3: BAR0-TRACE #20 W 0xbb0090 w4 = 0x1000c x2
kf3: BAR0-TRACE #20 W 0xb81408 w4 = 0x101
kf3: BAR0-TRACE #20 W 0xb81410 w4 = 0xffffffff
kf3: BAR0-TRACE #20 W 0xb81610 w4 = 0x8
kf3: BAR0-TRACE #20 R 0xb81008 w4 = 0x0
kf3: BAR0-TRACE #20 R 0xb8100c w4 = 0x0
kf3: BAR0-TRACE #20 R 0xb81010 w4 = 0x0
kf3: BAR0-TRACE #20 R 0xb81014 w4 = 0x0
kf3: BAR0-TRACE #20 R 0xb81018 w4 = 0x0
kf3: BAR0-TRACE #20 R 0xb8101c w4 = 0x0
kf3: BAR0-TRACE #20 W 0xb81208 w4 = 0x101
kf3: BAR0-TRACE #20 W 0xb81210 w4 = 0xc10007a
kf3: BAR0-TRACE #20 W 0xb81608 w4 = 0xfffffffe
kf3: BAR0-TRACE #20 R 0xb81600 w4 = 0x1
kf3: BAR0-TRACE #20 R 0xb81000 w4 = 0x2
kf3: BAR0-TRACE #20 R 0xb81200 w4 = 0x3f
kf3: BAR0-TRACE #20 W 0xb81000 w4 = 0x2
kf3: BAR0-TRACE #20 R 0xb81004 w4 = 0x0
kf3: BAR0-TRACE #20 R 0xb81204 w4 = 0x0
kf3: BAR0-TRACE #20 W 0xb81408 w4 = 0x101
kf3: BAR0-TRACE #20 W 0xb81410 w4 = 0xffffffff
kf3: BAR0-TRACE #20 W 0xb81610 w4 = 0x8
kf3: BAR0-TRACE #20 R 0xb81008 w4 = 0x0
kf3: BAR0-TRACE #20 R 0xb8100c w4 = 0x0
kf3: BAR0-TRACE #20 R 0xb81010 w4 = 0x0
kf3: BAR0-TRACE #20 R 0xb81014 w4 = 0x0
kf3: BAR0-TRACE #20 R 0xb81018 w4 = 0x0
kf3: BAR0-TRACE #20 R 0xb8101c w4 = 0x0
kf3: BAR0-TRACE #20 W 0xb81208 w4 = 0x101
kf3: BAR0-TRACE #20 W 0xb81210 w4 = 0xc10007a
kf3: BAR0-TRACE #20 W 0xb81608 w4 = 0xfffffffe
kf3: BAR0-TRACE #20 R 0xb81600 w4 = 0x0
kf3: BAR0-TRACE #20 W 0xbb0090 w4 = 0x1000c x2
kf3: BAR0-TRACE #20 W 0xb81408 w4 = 0x101
kf3: BAR0-TRACE #20 W 0xb81410 w4 = 0xffffffff
kf3: BAR0-TRACE #20 W 0xb81610 w4 = 0x8
kf3: BAR0-TRACE #20 R 0xb81008 w4 = 0x0
kf3: BAR0-TRACE #20 R 0xb8100c w4 = 0x0
kf3: BAR0-TRACE #20 R 0xb81010 w4 = 0x0
kf3: BAR0-TRACE #20 R 0xb81014 w4 = 0x0
kf3: BAR0-TRACE #20 R 0xb81018 w4 = 0x0
kf3: BAR0-TRACE #20 R 0xb8101c w4 = 0x0
kf3: BAR0-TRACE #20 W 0xb81208 w4 = 0x101
kf3: BAR0-TRACE #20 W 0xb81210 w4 = 0xc10007a
kf3: BAR0-TRACE #20 W 0xb81608 w4 = 0xfffffffe
kf3: BAR0-TRACE #20 R 0xb81600 w4 = 0x1
kf3: BAR0-TRACE #20 R 0xb81000 w4 = 0x2
kf3: BAR0-TRACE #20 R 0xb81200 w4 = 0x3f
kf3: BAR0-TRACE #20 W 0xb81000 w4 = 0x2
kf3: BAR0-TRACE #20 R 0xb81004 w4 = 0x0
kf3: BAR0-TRACE #20 R 0xb81204 w4 = 0x0
kf3: BAR0-TRACE #20 W 0xb81408 w4 = 0x101
kf3: BAR0-TRACE #20 W 0xb81410 w4 = 0xffffffff
kf3: BAR0-TRACE #20 W 0xb81610 w4 = 0x8
kf3: BAR0-TRACE #20 R 0xb81008 w4 = 0x0
kf3: BAR0-TRACE #20 R 0xb8100c w4 = 0x0
kf3: BAR0-TRACE #20 R 0xb81010 w4 = 0x0
kf3: BAR0-TRACE #20 R 0xb81014 w4 = 0x0
kf3: BAR0-TRACE #20 R 0xb81018 w4 = 0x0
kf3: BAR0-TRACE #20 R 0xb8101c w4 = 0x0
kf3: BAR0-TRACE #20 W 0xb81208 w4 = 0x101
kf3: BAR0-TRACE #20 W 0xb81210 w4 = 0xc10007a
kf3: BAR0-TRACE #20 W 0xb81608 w4 = 0xfffffffe
kf3: BAR0-TRACE #20 R 0xb81600 w4 = 0x0
kf3: BAR0-TRACE #20 W 0xb81408 w4 = 0x101
kf3: BAR0-TRACE #20 W 0xb81410 w4 = 0xffffffff
kf3: BAR0-TRACE #20 W 0xb81610 w4 = 0x8
kf3: BAR0-TRACE #20 R 0xb81008 w4 = 0x0
kf3: BAR0-TRACE #20 R 0xb8100c w4 = 0x0
kf3: BAR0-TRACE #20 R 0xb81010 w4 = 0x0
kf3: BAR0-TRACE #20 R 0xb81014 w4 = 0x0
kf3: BAR0-TRACE #20 R 0xb81018 w4 = 0x0
kf3: BAR0-TRACE #20 R 0xb8101c w4 = 0x0
kf3: BAR0-TRACE #20 W 0xb81208 w4 = 0x101
kf3: BAR0-TRACE #20 W 0xb81210 w4 = 0xc10007a
kf3: BAR0-TRACE #20 W 0xb81608 w4 = 0xfffffffe
kf3: BAR0-TRACE #20 R 0xb81600 w4 = 0x1
kf3: BAR0-TRACE #20 R 0xb81000 w4 = 0x2
kf3: BAR0-TRACE #20 R 0xb81200 w4 = 0x3f
kf3: BAR0-TRACE #20 W 0xb81000 w4 = 0x2
kf3: BAR0-TRACE #20 R 0xb81004 w4 = 0x0
kf3: BAR0-TRACE #20 R 0xb81204 w4 = 0x0
kf3: BAR0-TRACE #20 W 0xbb0090 w4 = 0x1000c x3
kf3: BAR0-TRACE #20 W 0xb81408 w4 = 0x101
kf3: BAR0-TRACE #20 W 0xbb0090 w4 = 0x1000c
kf3: BAR0-TRACE #20 W 0xb81410 w4 = 0xffffffff
kf3: BAR0-TRACE #20 W 0xb81610 w4 = 0x8
kf3: BAR0-TRACE #20 R 0xb81008 w4 = 0x0
kf3: BAR0-TRACE #20 R 0xb8100c w4 = 0x0
kf3: BAR0-TRACE #20 R 0xb81010 w4 = 0x0
kf3: BAR0-TRACE #20 R 0xb81014 w4 = 0x0
kf3: BAR0-TRACE #20 R 0xb81018 w4 = 0x0
kf3: BAR0-TRACE #20 R 0xb8101c w4 = 0x0
kf3: BAR0-TRACE #20 W 0xb81208 w4 = 0x101
kf3: BAR0-TRACE #20 W 0xb81210 w4 = 0xc10007a
kf3: BAR0-TRACE #20 W 0xb81608 w4 = 0xfffffffe
kf3: BAR0-TRACE #20 R 0xb81600 w4 = 0x1
kf3: BAR0-TRACE #20 R 0xb81000 w4 = 0x2
kf3: BAR0-TRACE #20 R 0xb81200 w4 = 0x3f
kf3: BAR0-TRACE #20 W 0xb81000 w4 = 0x2
kf3: BAR0-TRACE #20 R 0xb81004 w4 = 0x0
kf3: BAR0-TRACE #20 R 0xb81204 w4 = 0x0
kf3: BAR0-TRACE #20 W 0xb81408 w4 = 0x101
kf3: BAR0-TRACE #20 W 0xb81410 w4 = 0xffffffff
kf3: BAR0-TRACE #20 W 0xb81610 w4 = 0x8
kf3: BAR0-TRACE #20 R 0xb81008 w4 = 0x0
kf3: BAR0-TRACE #20 R 0xb8100c w4 = 0x0
kf3: BAR0-TRACE #20 R 0xb81010 w4 = 0x0
kf3: BAR0-TRACE #20 R 0xb81014 w4 = 0x0
kf3: BAR0-TRACE #20 R 0xb81018 w4 = 0x0
kf3: BAR0-TRACE #20 R 0xb8101c w4 = 0x0
kf3: BAR0-TRACE #20 W 0xb81208 w4 = 0x101
kf3: BAR0-TRACE #20 W 0xb81210 w4 = 0xc10007a
kf3: BAR0-TRACE #20 W 0xb81608 w4 = 0xfffffffe
kf3: BAR0-TRACE #20 R 0xb81600 w4 = 0x0
kf3: BAR0-TRACE #20 W 0xbb0090 w4 = 0x1000c x10
kf3: BAR0-TRACE #20 W 0xb81408 w4 = 0x101
kf3: BAR0-TRACE #20 W 0xb81410 w4 = 0xffffffff
kf3: BAR0-TRACE #20 W 0xb81610 w4 = 0x8
kf3: BAR0-TRACE #20 R 0xb81008 w4 = 0x0
kf3: BAR0-TRACE #20 R 0xb8100c w4 = 0x0
kf3: BAR0-TRACE #20 R 0xb81010 w4 = 0x0
kf3: BAR0-TRACE #20 R 0xb81014 w4 = 0x0
kf3: BAR0-TRACE #20 R 0xb81018 w4 = 0x0
kf3: BAR0-TRACE #20 R 0xb8101c w4 = 0x0
kf3: BAR0-TRACE #20 W 0xb81208 w4 = 0x101
kf3: BAR0-TRACE #20 W 0xb81210 w4 = 0xc10007a
kf3: BAR0-TRACE #20 W 0xb81608 w4 = 0xfffffffe
kf3: BAR0-TRACE #20 R 0xb81600 w4 = 0x1
kf3: BAR0-TRACE #20 R 0xb81000 w4 = 0x2
kf3: BAR0-TRACE #20 R 0xb81200 w4 = 0x3f
kf3: BAR0-TRACE #20 W 0xb81000 w4 = 0x2
kf3: BAR0-TRACE #20 R 0xb81004 w4 = 0x0
kf3: BAR0-TRACE #20 R 0xb81204 w4 = 0x0
kf3: BAR0-TRACE #20 W 0xb81408 w4 = 0x101
kf3: BAR0-TRACE #20 W 0xb81410 w4 = 0xffffffff
kf3: BAR0-TRACE #20 W 0xb81610 w4 = 0x8
kf3: BAR0-TRACE #20 R 0xb81008 w4 = 0x0
kf3: BAR0-TRACE #20 R 0xb8100c w4 = 0x0
kf3: BAR0-TRACE #20 R 0xb81010 w4 = 0x0
kf3: BAR0-TRACE #20 R 0xb81014 w4 = 0x0
kf3: BAR0-TRACE #20 R 0xb81018 w4 = 0x0
kf3: BAR0-TRACE #20 R 0xb8101c w4 = 0x0
kf3: BAR0-TRACE #20 W 0xb81208 w4 = 0x101
kf3: BAR0-TRACE #20 W 0xb81210 w4 = 0xc10007a
kf3: BAR0-TRACE #20 W 0xb81608 w4 = 0xfffffffe
kf3: BAR0-TRACE #20 R 0xb81600 w4 = 0x0
kf3: BAR0-TRACE #20 W 0xbb0090 w4 = 0x1000c x2
kf3: BAR0-TRACE #20 W 0xb81408 w4 = 0x101
kf3: BAR0-TRACE #20 W 0xb81410 w4 = 0xffffffff
kf3: BAR0-TRACE #20 W 0xb81610 w4 = 0x8
qemu-system-x86_64:kf3: BAR0-TRACE #20 R 0xb81008 w4 = 0x0
 kf3: BAR0-TRACE #20 R 0xb8100c w4 = 0x0info: 
kf3: BAR0-TRACE #20 R 0xb81010 w4 = 0x0kf3: BAR0-TRACE read trap OFF (flip 40)

kf3: BAR0-TRACE #20 R 0xb81014 w4 = 0x0
kf3: BAR0-TRACE #20 R 0xb81018 w4 = 0x0
kf3: BAR0-TRACE #20 R 0xb8101c w4 = 0x0
kf3: BAR0-TRACE #20 W 0xb81208 w4 = 0x101
kf3: BAR0-TRACE #20 W 0xb81210 w4 = 0xc10007a
kf3: BAR0-TRACE #20 W 0xb81608 w4 = 0xfffffffe
kf3: BAR0-TRACE #20 R 0xb81600 w4 = 0x1
kf3: BAR0-TRACE #20 R 0xb81000 w4 = 0x2
kf3: BAR0-TRACE #20 R 0xb81200 w4 = 0x3f
kf3: BAR0-TRACE #20 W 0xb81000 w4 = 0x2
kf3: BAR0-TRACE #20 R 0xb81004 w4 = 0x0
kf3: BAR0-TRACE #20 R 0xb81204 w4 = 0x0
kf3: BAR0-TRACE #20 W 0xb81408 w4 = 0x101
kf3: BAR0-TRACE #20 W 0xb81410 w4 = 0xffffffff
kf3: BAR0-TRACE #20 W 0xb81610 w4 = 0x8
kf3: BAR0-TRACE #20 R 0xb81008 w4 = 0x0
kf3: BAR0-TRACE #20 R 0xb8100c w4 = 0x0
kf3: BAR0-TRACE #20 R 0xb81010 w4 = 0x0
kf3: BAR0-TRACE #20 R 0xb81014 w4 = 0x0
kf3: BAR0-TRACE #20 R 0xb81018 w4 = 0x0
kf3: BAR0-TRACE #20 R 0xb8101c w4 = 0x0
kf3: BAR0-TRACE #20 W 0xb81208 w4 = 0x101
kf3: BAR0-TRACE #20 W 0xb81210 w4 = 0xc10007a
kf3: BAR0-TRACE #20 W 0xb81608 w4 = 0xfffffffe
kf3: BAR0-TRACE #20 R 0xb81600 w4 = 0x0
kf3: BAR0-TRACE #20 W 0xbb0090 w4 = 0x1000c x2
kf3: BAR0-TRACE #20 W 0xb81408 w4 = 0x101
kf3: BAR0-TRACE #20 W 0xb81410 w4 = 0xffffffff
kf3: BAR0-TRACE #20 W 0xb81610 w4 = 0x8
kf3: BAR0-TRACE #20 R 0xb81008 w4 = 0x0
kf3: BAR0-TRACE #20 R 0xb8100c w4 = 0x0
kf3: BAR0-TRACE #20 R 0xb81010 w4 = 0x0
kf3: BAR0-TRACE #20 R 0xb81014 w4 = 0x0
kf3: BAR0-TRACE #20 R 0xb81018 w4 = 0x0
kf3: BAR0-TRACE #20 R 0xb8101c w4 = 0x0
kf3: BAR0-TRACE #20 W 0xb81208 w4 = 0x101
kf3: BAR0-TRACE #20 W 0xb81210 w4 = 0xc10007a
kf3: BAR0-TRACE #20 W 0xb81608 w4 = 0xfffffffe
kf3: BAR0-TRACE #20 R 0xb81600 w4 = 0x1
kf3: BAR0-TRACE #20 R 0xb81000 w4 = 0x2
kf3: BAR0-TRACE #20 R 0xb81200 w4 = 0x3f
kf3: BAR0-TRACE #20 W 0xb81000 w4 = 0x2
kf3: BAR0-TRACE #20 R 0xb81004 w4 = 0x0
kf3: BAR0-TRACE #20 R 0xb81204 w4 = 0x0
kf3: BAR0-TRACE #20 W 0xb81408 w4 = 0x101
kf3: BAR0-TRACE #20 W 0xb81410 w4 = 0xffffffff
kf3: BAR0-TRACE #20 W 0xb81610 w4 = 0x8
kf3: BAR0-TRACE #20 R 0xb81008 w4 = 0x0
kf3: BAR0-TRACE #20 R 0xb8100c w4 = 0x0
kf3: BAR0-TRACE #20 R 0xb81010 w4 = 0x0
kf3: BAR0-TRACE #20 R 0xb81014 w4 = 0x0
kf3: BAR0-TRACE #20 R 0xb81018 w4 = 0x0
kf3: BAR0-TRACE #20 R 0xb8101c w4 = 0x0
kf3: BAR0-TRACE #20 W 0xb81208 w4 = 0x101
kf3: BAR0-TRACE #20 W 0xb81210 w4 = 0xc10007a
kf3: BAR0-TRACE #20 W 0xb81608 w4 = 0xfffffffe
kf3: BAR0-TRACE #20 R 0xb81600 w4 = 0x0
kf3: BAR0-TRACE #20 W 0xb81408 w4 = 0x101
kf3: BAR0-TRACE #20 W 0xb81410 w4 = 0xffffffff
kf3: BAR0-TRACE #20 W 0xb81610 w4 = 0x8
kf3: BAR0-TRACE #20 R 0xb81008 w4 = 0x0
kf3: BAR0-TRACE #20 R 0xb8100c w4 = 0x0
kf3: BAR0-TRACE #20 R 0xb81010 w4 = 0x0
kf3: BAR0-TRACE #20 R 0xb81014 w4 = 0x0
kf3: BAR0-TRACE #20 R 0xb81018 w4 = 0x0
kf3: BAR0-TRACE #20 R 0xb8101c w4 = 0x0
kf3: BAR0-TRACE #20 W 0xb81208 w4 = 0x101
kf3: BAR0-TRACE #20 W 0xb81210 w4 = 0xc10007a
kf3: BAR0-TRACE #20 W 0xb81608 w4 = 0xfffffffe
kf3: BAR0-TRACE #20 R 0xb81600 w4 = 0x1
kf3: BAR0-TRACE #20 R 0xb81000 w4 = 0x2
kf3: BAR0-TRACE #20 R 0xb81200 w4 = 0x3f
kf3: BAR0-TRACE #20 W 0xb81000 w4 = 0x2
kf3: BAR0-TRACE #20 R 0xb81004 w4 = 0x0
kf3: BAR0-TRACE #20 R 0xb81204 w4 = 0x0
kf3: BAR0-TRACE #20 W 0xb81408 w4 = 0x101
kf3: BAR0-TRACE #20 W 0xb81410 w4 = 0xffffffff
kf3: BAR0-TRACE #20 W 0xb81610 w4 = 0x8
kf3: BAR0-TRACE #20 W 0xb81210 w4 = 0x4000000
kf3: BAR0-TRACE #20 W 0x110c00 w4 = 0x0
kf3: GSP rpc RmControl seq=0
kf-rm: DEFERRED-API 0x50800101 on 0xc1d00015:0xff1fe010 hApiHandle=0x4000000c cmd=0x2080012b psz=584 -> 0x0
kf-rm: rpc-trace fn=76 RmControl seq=0 cmd=0x50800101 client=0xc1d00015 object=0xff1fe010 result=0x0
kf3: GSP rpc RmControl seq=0
kf3: maplog t=188622.305923 NSI host CE2 wake #238 raised=false
kf3: maplog t=188622.306026 NSI host CE2 wake #239 raised=false
kf3: maplog t=188622.306043 SPLIT-REQUEST ticket=57 by channel token 0x80c pdb=Some(efa38000)
kf3: maplog t=188622.306064 ARRIVE split ticket=57 pdb=Some(efa38000) space=None (inflight walk: none)
kf3: maplog t=188622.306095 walk#2714 SUBMIT wants=[{split ticket=57 pdb=Some(efa38000) space=None -> [0xc1d00021ff000850]}] walked=[0xc1d00021ff000850=s8@0xefa38000]
kf3: maplog t=188622.306211 NSI host GR0 wake #2731 raised=false
kf3: maplog t=188622.306231 SPLIT-DONE ticket=57 ok=true
kf3: maplog t=188622.306345 NSI host GR0 wake #2732 raised=false
kf3: DEFERRED-API trigger token 0x3 subch 5 value 0x1 method 0x200 hApiHandle 0x4000000b on 0xc1d00015:0xff1fe010 cmd 0x2080012d: InitializeCtx { engine_type: 1, h_client: 3251634236, chid: 14, chan_client: 3251634238, object: 4279107584, virt_memory: 0, phys_address: 3912916992, phys_attr: 0, dma_handle: 0, index: 14, size: 901888 }
kf3: act deferred API context: InitializeCtx { engine_type: 1, h_client: 3251634236, chid: 14, chan_client: 3251634238, object: 4279107584, virt_memory: 0, phys_address: 3912916992, phys_attr: 0, dma_handle: 0, index: 14, size: 901888 } on 0xc1d0003e:0xff0e0000 -> Translated host(s) [3b]: satisfied by each twin's own host context, created and golden-initialised by host RM at its birth (owner ruling B / §U; no guest buffer touched) (10 us, off the GSP lock)
kf3: DEFERRED-API token 0x3 hApiHandle 0x4000000b DONE: InitializeCtx { engine_type: 1, h_client: 3251634236, chid: 14, chan_client: 3251634238, object: 4279107584, virt_memory: 0, phys_address: 3912916992, phys_attr: 0, dma_handle: 0, index: 14, size: 901888 } on 0xc1d0003e:0xff0e0000 -> Translated host(s) [3b]: satisfied by each twin's own host context, created and golden-initialised by host RM at its birth (owner ruling B / §U; no guest buffer touched)
kf3: maplog t=188622.306466 NSI host GR0 wake #2733 raised=false
kf3: DEFERRED-API trigger token 0x3 subch 5 value 0x1 method 0x200 hApiHandle 0x4000000c on 0xc1d00015:0xff1fe010 cmd 0x2080012b: PromoteCtx { engine_type: 1, h_client: 3251634236, chid: 14, chan_client: 3251634238, object: 4279107584, virt_memory: 0, virt_address: 69632, size: 901888, entry_count: 0 }
kf3: act deferred API context: PromoteCtx { engine_type: 1, h_client: 3251634236, chid: 14, chan_client: 3251634238, object: 4279107584, virt_memory: 0, virt_address: 69632, size: 901888, entry_count: 0 } on 0xc1d0003e:0xff0e0000 -> Translated host(s) [3b]: satisfied by each twin's own host context, created and golden-initialised by host RM at its birth (owner ruling B / §U; no guest buffer touched) (4 us, off the GSP lock)
kf3: DEFERRED-API token 0x3 hApiHandle 0x4000000c DONE: PromoteCtx { engine_type: 1, h_client: 3251634236, chid: 14, chan_client: 3251634238, object: 4279107584, virt_memory: 0, virt_address: 69632, size: 901888, entry_count: 0 } on 0xc1d0003e:0xff0e0000 -> Translated host(s) [3b]: satisfied by each twin's own host context, created and golden-initialised by host RM at its birth (owner ruling B / §U; no guest buffer touched)
kf3: maplog t=188622.306571 NSI host GR0 wake #2734 raised=false
kf3: maplog t=188622.306576 NSI host CE2 wake #240 raised=false
kf3: NSI RELAY host non-stall (FIFO_EVENT_MTHD) -> guest GR0 vector 0: a Translated GR-tier ring retired engine-written work (rings=3, relay #8)
kf-rm: rpc-trace fn=76 RmControl seq=0 cmd=0x20801211 client=0xc1d00002 object=0xff030000 result=none
kf3: GSP rpc RmControl seq=0
kf3: GSP rpc UNSERVICED Unserviced { code: 76, sequence: 0 }
kf-rm: DEFERRED-API 0x50800101 on 0xc1d00015:0xff1fe010 hApiHandle=0x4000000d cmd=0x2080012c psz=584 -> 0x0
kf-rm: rpc-trace fn=76 RmControl seq=0 cmd=0x50800101 client=0xc1d00015 object=0xff1fe010 result=0x0
kf3: GSP rpc RmControl seq=0
kf3: maplog t=188622.307928 NSI host CE2 wake #241 raised=false
kf3: maplog t=188622.308165 NSI host GR0 wake #2735 raised=false
kf3: DEFERRED-API trigger token 0x3 subch 5 value 0x1 method 0x200 hApiHandle 0x4000000d on 0xc1d00015:0xff1fe010 cmd 0x2080012c: EvictCtx { engine_type: 1, h_client: 3251634236, chid: 14, chan_client: 3251634238, object: 4279107584 }
kf3: act deferred API context: EvictCtx { engine_type: 1, h_client: 3251634236, chid: 14, chan_client: 3251634238, object: 4279107584 } on 0xc1d0003e:0xff0e0000 -> Translated host(s) [3b]: host ring(s) off the runlist, context UNBOUND (owner ruling B / §U; no guest buffer touched) (257 us, off the GSP lock)
kf3: DEFERRED-API token 0x3 hApiHandle 0x4000000d DONE: EvictCtx { engine_type: 1, h_client: 3251634236, chid: 14, chan_client: 3251634238, object: 4279107584 } on 0xc1d0003e:0xff0e0000 -> Translated host(s) [3b]: host ring(s) off the runlist, context UNBOUND (owner ruling B / §U; no guest buffer touched)
kf3: maplog t=188622.308525 NSI host GR0 wake #2736 raised=false
kf3: NSI RELAY host non-stall (FIFO_EVENT_MTHD) -> guest GR0 vector 0: a Translated GR-tier ring retired engine-written work (rings=3, relay #9)
kf3: maplog t=188622.308544 SPLIT-REQUEST ticket=58 by channel token 0x80c pdb=Some(efa0a000)
kf3: maplog t=188622.308537 NSI host CE2 wake #242 raised=false
kf3: maplog t=188622.308566 ARRIVE split ticket=58 pdb=Some(efa0a000) space=None (inflight walk: none)
kf3: maplog t=188622.308603 walk#2715 SUBMIT wants=[{split ticket=58 pdb=Some(efa0a000) space=None -> [0xc1d0003cff000850]}] walked=[0xc1d0003cff000850=s15@0xefa0a000]
kf3: maplog t=188622.308758 NSI host GR0 wake #2737 raised=false
kf3: maplog t=188622.308780 SPLIT-DONE ticket=58 ok=true
kf3: maplog t=188622.309057 NSI host CE2 wake #243 raised=false
kf3: maplog t=188622.309080 NSI host CE2 wake #244 raised=false
kf3: maplog t=188622.309095 NSI host CE2 wake #245 raised=false
kf3: maplog t=188622.309111 NSI host CE2 wake #246 raised=false
kf3: maplog t=188622.309150 NSI host CE2 wake #247 raised=false
kf3: maplog t=188622.309163 SPLIT-REQUEST ticket=59 by channel token 0x80c pdb=Some(efa0a000)
kf3: maplog t=188622.309181 ARRIVE split ticket=59 pdb=Some(efa0a000) space=None (inflight walk: none)
kf3: maplog t=188622.309205 walk#2716 SUBMIT wants=[{split ticket=59 pdb=Some(efa0a000) space=None -> [0xc1d0003cff000850]}] walked=[0xc1d0003cff000850=s15@0xefa0a000]
kf3: maplog t=188622.309301 NSI host GR0 wake #2738 raised=false
kf3: maplog t=188622.309315 SPLIT-DONE ticket=59 ok=true
kf3: maplog t=188622.309349 NSI host CE2 wake #248 raised=false
kf-rm: rpc-trace fn=76 RmControl seq=0 cmd=0x20801211 client=0xc1d00002 object=0xff030000 result=none
kf3: GSP rpc RmControl seq=0
kf3: GSP rpc UNSERVICED Unserviced { code: 76, sequence: 0 }
kf3: maplog t=188622.310515 ARRIVE inval seq=2642 pdb=0xefa0a000/Vidmem all_pdb=false all_va=true hub_only=false raw=0x80010001 age_us=0 (inflight walk: none)
kf3: maplog t=188622.310545 walk#2717 SUBMIT wants=[{inval seq=2642 pdb=0xefa0a000/Vidmem all_pdb=false all_va=true hub_only=false raw=0x80010001 age_us=18 -> [0xc1d0003cff000850]}] walked=[0xc1d0003cff000850=s15@0xefa0a000]
kf3: maplog t=188622.310647 NSI host GR0 wake #2739 raised=false
kf3: maplog t=188622.310702 walk#2717 VasKey(13965662706452138064) root 0xefa0a000 UNMAP va=0x1200e7000 len=0x1000 at=0x2396fe000 ap=2 kind=0x0 ack=1
kf3: maplog t=188622.310733 CLEAR inval seq=2642 Cleared (arrive->clear 206 us)
kf3: maplog t=188622.310743 APPLIED VasKey(13965662706452138064) +0 -1 host space 0xcafe00bf doorbells []
kf-rm: rpc-trace fn=10 Free seq=0  result=0x0
kf3: GSP rpc Free seq=0
kf-rm: rpc-trace fn=10 Free seq=0  result=0x0
kf3: GSP rpc Free seq=0
kf-rm: rpc-trace fn=10 Free seq=0  result=0x0
kf3: GSP rpc Free seq=0
kf-rm: rpc-trace fn=10 Free seq=0  result=0x0
kf3: GSP rpc Free seq=0
kf-rm: rpc-trace fn=10 Free seq=0  result=0x0
kf3: GSP rpc Free seq=0
kf-rm: rpc-trace fn=10 Free seq=0  result=0x0
kf3: GSP rpc Free seq=0
kf-rm: rpc-trace fn=10 Free seq=0  result=0x0
kayfabe: HELD-REPLY fn=Free depth=1 — this map reply WAITS for its rows
kf3: GSP rpc Free seq=0
kf3: TSPACE-RETIRE tok=0xe host=0x3b key=VasKey(13965662706452138064) ring_va=0xff00d00000 released=true stale_binds=0/0 late=0 indeterminate=0 unresolved[walk=0 acquire=0 refused=0]
kf3: DOORBELL-LEDGER tok=0x0000000e route=translated emulated=0 forwarded=0 host=0x3b fast=0
kf3: chan token 0xe (host 0x3b) RETIRED, forwarded=0 submissions=0 splits=0/0 serves=1 last_put=Some(0) gp_get=None store_views=0 privilege=Some(ChannelPrivilege { level: 2, uvm_owned: false }) dead=None inca=[refused_methods=0 subdevice_masks=0 control_entries=0 ext_base_unapplied=0] gr_tier=true gr[methods=0 inert_binds=0 objects=[(902d, cafe00c8), (a140, cafe00c9), (c997, cafe00ca), (c9c0, cafe00c7)]] gp_get_by_engine=(true, 0)
kf3: act free: 0xc1d0003e:0xff04000c: translated host 0x3b (3009 us, off the GSP lock)
kayfabe: HELD-REPLY-POSTED n=1 — their rows are on the host now
kf3: maplog t=188622.315532 ARRIVE inval seq=2643 pdb=0xefa0a000/Vidmem all_pdb=false all_va=true hub_only=false raw=0x80010001 age_us=0 (inflight walk: none)
kf3: maplog t=188622.315563 walk#2718 SUBMIT wants=[{inval seq=2643 pdb=0xefa0a000/Vidmem all_pdb=false all_va=true hub_only=false raw=0x80010001 age_us=18 -> [0xc1d0003cff000850]}] walked=[0xc1d0003cff000850=s15@0xefa0a000]
kf3: maplog t=188622.315665 NSI host GR0 wake #2740 raised=false
kf3: maplog t=188622.315714 walk#2718 VasKey(13965662706452138064) root 0xefa0a000 UNMAP va=0x1200e4000 len=0x3000 at=0xefa65000 ap=0 kind=0x0 ack=1
kf3: maplog t=188622.315745 CLEAR inval seq=2643 Cleared (arrive->clear 199 us)
kf3: maplog t=188622.315756 APPLIED VasKey(13965662706452138064) +0 -1 host space 0xcafe00bf doorbells []
kf3: maplog t=188622.315891 ARRIVE inval seq=2644 pdb=0xefa0a000/Vidmem all_pdb=false all_va=true hub_only=false raw=0x80010001 age_us=0 (inflight walk: none)
kf3: maplog t=188622.315912 walk#2719 SUBMIT wants=[{inval seq=2644 pdb=0xefa0a000/Vidmem all_pdb=false all_va=true hub_only=false raw=0x80010001 age_us=12 -> [0xc1d0003cff000850]}] walked=[0xc1d0003cff000850=s15@0xefa0a000]
kf3: maplog t=188622.316018 NSI host GR0 wake #2741 raised=false
kf3: maplog t=188622.316155 walk#2719 VasKey(13965662706452138064) root 0xefa0a000 UNMAP va=0x124000000 len=0x25f0000 at=0xed2a0000 ap=0 kind=0x0 ack=1
kf3: maplog t=188622.316185 CLEAR inval seq=2644 Cleared (arrive->clear 285 us)
kf3: maplog t=188622.316196 APPLIED VasKey(13965662706452138064) +0 -1 host space 0xcafe00bf doorbells []
kf3: maplog t=188622.316246 ARRIVE inval seq=2645 pdb=0xefa0a000/Vidmem all_pdb=false all_va=true hub_only=false raw=0x80010001 age_us=0 (inflight walk: none)
kf3: maplog t=188622.316268 walk#2720 SUBMIT wants=[{inval seq=2645 pdb=0xefa0a000/Vidmem all_pdb=false all_va=true hub_only=false raw=0x80010001 age_us=12 -> [0xc1d0003cff000850]}] walked=[0xc1d0003cff000850=s15@0xefa0a000]
kf3: maplog t=188622.316380 NSI host GR0 wake #2742 raised=false
kf3: maplog t=188622.316439 walk#2720 VasKey(13965662706452138064) root 0xefa0a000 UNMAP va=0x120170000 len=0x20000 at=0xef890000 ap=0 kind=0x0 ack=1
kf3: maplog t=188622.316465 CLEAR inval seq=2645 Cleared (arrive->clear 210 us)
kf3: maplog t=188622.316474 APPLIED VasKey(13965662706452138064) +0 -1 host space 0xcafe00bf doorbells []
kf3: maplog t=188622.316555 ARRIVE inval seq=2646 pdb=0xefa0a000/Vidmem all_pdb=false all_va=true hub_only=false raw=0x80010001 age_us=0 (inflight walk: none)
kf3: maplog t=188622.316576 walk#2721 SUBMIT wants=[{inval seq=2646 pdb=0xefa0a000/Vidmem all_pdb=false all_va=true hub_only=false raw=0x80010001 age_us=10 -> [0xc1d0003cff000850]}] walked=[0xc1d0003cff000850=s15@0xefa0a000]
kf3: maplog t=188622.316688 NSI host GR0 wake #2743 raised=false
kf3: maplog t=188622.316752 walk#2721 VasKey(13965662706452138064) root 0xefa0a000 UNMAP va=0x120190000 len=0x80000 at=0xef8b0000 ap=0 kind=0x0 ack=1
kf3: maplog t=188622.316785 CLEAR inval seq=2646 Cleared (arrive->clear 220 us)
kf3: maplog t=188622.316796 APPLIED VasKey(13965662706452138064) +0 -1 host space 0xcafe00bf doorbells []
kf3: maplog t=188622.316858 ARRIVE inval seq=2647 pdb=0xefa0a000/Vidmem all_pdb=false all_va=true hub_only=false raw=0x80010001 age_us=0 (inflight walk: none)
kf3: maplog t=188622.316885 walk#2722 SUBMIT wants=[{inval seq=2647 pdb=0xefa0a000/Vidmem all_pdb=false all_va=true hub_only=false raw=0x80010001 age_us=16 -> [0xc1d0003cff000850]}] walked=[0xc1d0003cff000850=s15@0xefa0a000]
kf3: maplog t=188622.316988 NSI host GR0 wake #2744 raised=false
kf3: maplog t=188622.317041 walk#2722 VasKey(13965662706452138064) root 0xefa0a000 UNMAP va=0x1200cf000 len=0x10000 at=0x23994f000 ap=2 kind=0x0 ack=1
kf3: maplog t=188622.317073 CLEAR inval seq=2647 Cleared (arrive->clear 204 us)
kf3: maplog t=188622.317084 APPLIED VasKey(13965662706452138064) +0 -1 host space 0xcafe00bf doorbells []
kf3: maplog t=188622.317136 ARRIVE inval seq=2648 pdb=0xefa0a000/Vidmem all_pdb=false all_va=true hub_only=false raw=0x80010001 age_us=0 (inflight walk: none)
kf3: maplog t=188622.317162 walk#2723 SUBMIT wants=[{inval seq=2648 pdb=0xefa0a000/Vidmem all_pdb=false all_va=true hub_only=false raw=0x80010001 age_us=15 -> [0xc1d0003cff000850]}] walked=[0xc1d0003cff000850=s15@0xefa0a000]
kf3: maplog t=188622.317264 NSI host GR0 wake #2745 raised=false
kf3: maplog t=188622.317305 walk#2723 VasKey(13965662706452138064) root 0xefa0a000 UNMAP va=0x1200f0000 len=0x80000 at=0xed1a0000 ap=0 kind=0x0 ack=1
kf3: maplog t=188622.317337 CLEAR inval seq=2648 Cleared (arrive->clear 189 us)
kf3: maplog t=188622.317347 APPLIED VasKey(13965662706452138064) +0 -1 host space 0xcafe00bf doorbells []
kf3: maplog t=188622.317399 ARRIVE inval seq=2649 pdb=0xefa0a000/Vidmem all_pdb=false all_va=true hub_only=false raw=0x80010001 age_us=0 (inflight walk: none)
kf3: maplog t=188622.317425 walk#2724 SUBMIT wants=[{inval seq=2649 pdb=0xefa0a000/Vidmem all_pdb=false all_va=true hub_only=false raw=0x80010001 age_us=15 -> [0xc1d0003cff000850]}] walked=[0xc1d0003cff000850=s15@0xefa0a000]
kf3: maplog t=188622.317526 NSI host GR0 wake #2746 raised=false
kf3: maplog t=188622.317575 walk#2724 VasKey(13965662706452138064) root 0xefa0a000 UNMAP va=0x1200df000 len=0x5000 at=0xef9f6000 ap=0 kind=0x0 ack=1
kf3: maplog t=188622.317606 CLEAR inval seq=2649 Cleared (arrive->clear 196 us)
kf3: maplog t=188622.317617 APPLIED VasKey(13965662706452138064) +0 -1 host space 0xcafe00bf doorbells []
kf3: maplog t=188622.318029 ARRIVE inval seq=2650 pdb=0xefa0a000/Vidmem all_pdb=false all_va=true hub_only=false raw=0x80010001 age_us=0 (inflight walk: none)
kf3: maplog t=188622.318058 walk#2725 SUBMIT wants=[{inval seq=2650 pdb=0xefa0a000/Vidmem all_pdb=false all_va=true hub_only=false raw=0x80010001 age_us=17 -> [0xc1d0003cff000850]}] walked=[0xc1d0003cff000850=s15@0xefa0a000]
kf3: maplog t=188622.318156 NSI host GR0 wake #2747 raised=false
kf3: maplog t=188622.318200 walk#2725 VasKey(13965662706452138064) root 0xefa0a000 UNMAP va=0x1200c4000 len=0xb000 at=0x239709000 ap=3 kind=0x0 ack=1
kf3: maplog t=188622.318232 CLEAR inval seq=2650 Cleared (arrive->clear 191 us)
kf3: maplog t=188622.318243 APPLIED VasKey(13965662706452138064) +0 -1 host space 0xcafe00bf doorbells []
kf3: maplog t=188622.329847 NSI host CE2 wake #249 raised=false
kf3: maplog t=188622.329935 NSI host CE2 wake #250 raised=false
kf3: maplog t=188622.329953 NSI host CE2 wake #251 raised=false
kf3: maplog t=188622.330024 NSI host CE2 wake #252 raised=false
kf3: maplog t=188622.330029 SPLIT-REQUEST ticket=60 by channel token 0x80c pdb=Some(efa0a000)
kf3: maplog t=188622.330062 ARRIVE split ticket=60 pdb=Some(efa0a000) space=None (inflight walk: none)
kf3: maplog t=188622.330101 walk#2726 SUBMIT wants=[{split ticket=60 pdb=Some(efa0a000) space=None -> [0xc1d0003cff000850]}] walked=[0xc1d0003cff000850=s15@0xefa0a000]
kf3: maplog t=188622.330207 NSI host GR0 wake #2748 raised=false
kf3: maplog t=188622.330242 SPLIT-DONE ticket=60 ok=true
kf3: maplog t=188622.330285 NSI host CE2 wake #253 raised=false
kf3: maplog t=188622.330666 NSI host CE2 wake #254 raised=false
kf3: maplog t=188622.330751 NSI host CE2 wake #255 raised=false
kf3: maplog t=188622.330784 NSI host CE2 wake #256 raised=false
kf3: maplog t=188622.330856 NSI host CE2 wake #257 raised=false
kf-rm: rpc-trace fn=10 Free seq=0  result=0x0
kf3: GSP rpc Free seq=0
kf-rm: rpc-trace fn=10 Free seq=0  result=0x0
kf3: GSP rpc Free seq=0
kf-rm: rpc-trace fn=10 Free seq=0  result=0x0
kf3: GSP rpc Free seq=0
kf-rm: rpc-trace fn=10 Free seq=0  result=0x0
kf3: GSP rpc Free seq=0
kf-rm: rpc-trace fn=10 Free seq=0  result=0x0
kf3: GSP rpc Free seq=0
kf-rm: rpc-trace fn=10 Free seq=0  result=0x0
kf3: GSP rpc Free seq=0
kf-rm: rpc-trace fn=10 Free seq=0  result=0x0
kf3: GSP rpc Free seq=0
kf3: maplog t=188622.361675 NSI host GR0 wake #2749 raised=false
kf-rm: rpc-trace fn=76 RmControl seq=0 cmd=0x20809064 client=0xc1d00002 object=0xff030000 result=0x0
kf3: GSP rpc RmControl seq=0
W343GSSCENSUS cmd=0x20809004 params_size=1544 params_at=40 payload_len=1584
kf-rm: rpc-trace fn=76 RmControl seq=0 cmd=0x20809004 client=0xc1d00002 object=0xff030000 result=none
kf3: GSP rpc RmControl seq=0
kf3: GSP rpc UNSERVICED Unserviced { code: 76, sequence: 0 }
kf3: maplog t=188622.421910 NSI host CE2 wake #258 raised=false
kf3: maplog t=188622.421970 NSI host CE2 wake #259 raised=false
kf3: maplog t=188622.421999 NSI host CE2 wake #260 raised=false
kf3: maplog t=188622.422049 SPLIT-REQUEST ticket=61 by channel token 0x80c pdb=Some(efa0a000)
kf3: maplog t=188622.422063 NSI host CE2 wake #261 raised=false
kf3: maplog t=188622.422096 ARRIVE split ticket=61 pdb=Some(efa0a000) space=None (inflight walk: none)
kf3: maplog t=188622.422167 walk#2727 SUBMIT wants=[{split ticket=61 pdb=Some(efa0a000) space=None -> [0xc1d0003cff000850]}] walked=[0xc1d0003cff000850=s15@0xefa0a000]
kf3: maplog t=188622.422322 NSI host GR0 wake #2750 raised=false
kf3: maplog t=188622.422373 SPLIT-DONE ticket=61 ok=true
kf3: maplog t=188622.422426 NSI host CE2 wake #262 raised=false
kf3: maplog t=188622.425044 NSI host CE2 wake #263 raised=false
kf3: maplog t=188622.425106 NSI host CE2 wake #264 raised=false
kf3: maplog t=188622.425110 SPLIT-REQUEST ticket=62 by channel token 0x80c pdb=Some(efa0a000)
kf3: maplog t=188622.425154 ARRIVE split ticket=62 pdb=Some(efa0a000) space=None (inflight walk: none)
kf3: maplog t=188622.425193 walk#2728 SUBMIT wants=[{split ticket=62 pdb=Some(efa0a000) space=None -> [0xc1d0003cff000850]}] walked=[0xc1d0003cff000850=s15@0xefa0a000]
kf-rm: chanlink: client 0xc1d0003f root: kernel=false internal=false
kf-rm: rpc-trace fn=103 RmAlloc seq=0 class=0x0000 client=0xc1d0003f parent=0x0 handle=0x0 result=0x0
kf3: GSP rpc RmAlloc seq=0
kf3: maplog t=188622.425288 NSI host GR0 wake #2751 raised=false
kf3: maplog t=188622.425330 SPLIT-DONE ticket=62 ok=true
kf-rm: rpc-trace fn=103 RmAlloc seq=0 class=0x0080 client=0xc1d0003f parent=0xc1d0003f handle=0xff020000 device_facts=DeviceAllocFacts { device_id: 0, h_client_share: c1d0003c, h_target_client: c1d00002, h_target_device: ff010000, flags: 38, va_space_size: 10000000000, va_mode: 0 } result=0x0
kf3: GSP rpc RmAlloc seq=0
kf3: maplog t=188622.425423 NSI host CE2 wake #265 raised=false
kf3: maplog t=188622.425431 SPLIT-REQUEST ticket=63 by channel token 0x80c pdb=Some(efa0a000)
kf3: maplog t=188622.425442 NSI host CE2 wake #266 raised=false
kf3: maplog t=188622.425467 ARRIVE split ticket=63 pdb=Some(efa0a000) space=None (inflight walk: none)
kf3: maplog t=188622.425504 walk#2729 SUBMIT wants=[{split ticket=63 pdb=Some(efa0a000) space=None -> [0xc1d0003cff000850]}] walked=[0xc1d0003cff000850=s15@0xefa0a000]
kf-rm: rpc-trace fn=103 RmAlloc seq=0 class=0x2080 client=0xc1d0003f parent=0xff020000 handle=0xff030000 result=0x0
kf3: GSP rpc RmAlloc seq=0
kf3: maplog t=188622.425596 NSI host GR0 wake #2752 raised=false
kf3: maplog t=188622.425627 SPLIT-DONE ticket=63 ok=true
kf3: maplog t=188622.425666 NSI host CE2 wake #267 raised=false
kf-rm: rpc-trace fn=103 RmAlloc seq=0 class=0x0070 client=0xc1d0003f parent=0xff020000 handle=0xff000010 result=0x0
kf3: GSP rpc RmAlloc seq=0
kf-rm: rpc-trace fn=103 RmAlloc seq=0 class=0x0070 client=0xc1d0003f parent=0xff020000 handle=0xff1fe038 result=0x0
kf3: GSP rpc RmAlloc seq=0
kf3: FIFO_GET_LATENCY_BUFFER_SIZE engine 0x1: gp=0x240 pb=0x2880 (the host's answer)
kf-rm: rpc-trace fn=76 RmControl seq=0 cmd=0x0080170e client=0xc1d0003f object=0xff020000 result=0x0
kf3: GSP rpc RmControl seq=0
kf3: maplog t=188622.427373 ARRIVE inval seq=2651 pdb=0xefa0a000/Vidmem all_pdb=false all_va=true hub_only=false raw=0x80010001 age_us=0 (inflight walk: none)
kf3: maplog t=188622.427410 walk#2730 SUBMIT wants=[{inval seq=2651 pdb=0xefa0a000/Vidmem all_pdb=false all_va=true hub_only=false raw=0x80010001 age_us=17 -> [0xc1d0003cff000850]}] walked=[0xc1d0003cff000850=s15@0xefa0a000]
kf3: maplog t=188622.427506 NSI host GR0 wake #2753 raised=false
kf3: maplog t=188622.427598 walk#2730 VasKey(13965662706452138064) root 0xefa0a000 MAP va=0x1200c4000 len=0xb000 at=0x239709000 ap=3 kind=0x0 ack=1
kf3: maplog t=188622.427626 CLEAR inval seq=2651 Cleared (arrive->clear 234 us)
kf3: maplog t=188622.427636 APPLIED VasKey(13965662706452138064) +1 -0 host space 0xcafe00bf doorbells []
kf-rm: rpc-trace fn=76 RmControl seq=0 cmd=0x20802a08 client=0x0 object=0x0 result=0x0
kf3: GSP rpc RmControl seq=0
kf-rm: rpc-trace fn=103 RmAlloc seq=0 class=0xa06c client=0xc1d0003f parent=0xff020000 handle=0xff0e0000 tsg_facts=TsgAllocFacts { h_vaspace: 0, engine_type: 1 } result=0x0
kf3: GSP rpc RmAlloc seq=0
kf-rm: rpc-trace fn=76 RmControl seq=0 cmd=0xa06c010a client=0xc1d0003f object=0xff0e0000 result=0x0
kf3: GSP rpc RmControl seq=0
kf-rm: rpc-trace fn=103 RmAlloc seq=0 class=0x9067 client=0xc1d0003f parent=0xff0e0000 handle=0xff0e0200 result=0x0
kf3: GSP rpc RmAlloc seq=0
kf3: maplog t=188622.428779 ARRIVE inval seq=2652 pdb=0xf3392000/Vidmem all_pdb=false all_va=true hub_only=true raw=0x80010005 age_us=0 (inflight walk: none)
kf3: maplog t=188622.428809 walk#2731 SUBMIT wants=[{inval seq=2652 pdb=0xf3392000/Vidmem all_pdb=false all_va=true hub_only=true raw=0x80010005 age_us=17 -> [0xffffffff00000002]}] walked=[0xffffffff00000002=s0@0xf3392000]
kf3: maplog t=188622.428913 NSI host GR0 wake #2754 raised=false
kf3: maplog t=188622.428936 CLEAR inval seq=2652 Cleared (arrive->clear 144 us)
kf-rm: rpc-trace fn=103 RmAlloc seq=0 class=0xc56f client=0xc1d0003f parent=0xff0e0000 handle=0xff04000c result=0x0
kayfabe: HELD-REPLY fn=RmAlloc depth=1 — this map reply WAITS for its rows
kf3: GSP rpc RmAlloc seq=0
kf-host: channel birth h=0xcafe00cd engine=0x1 reply_flags=0x00000080 PRIVILEGED_CHANNEL=0 privilege=USER cap_sys_admin=cleared-for-call
kf-chan: GR tier admitted host channel 0xcafe00cd (token 0x3b) reply_flags=0x00000080 privilege=USER objects=[(902d, cafe00d0), (a140, cafe00d1), (c997, cafe00d2), (c9c0, cafe00cf)]
kf3: act birth translated: chan 0xc1d0003f:0xff04000c BORN Translated: token 0xe -> host 0x3b in VasKey(13965662706452138064) gpfifo=0x4000000x8192 userd=Some(Sysmem { base: 9553657856, size: 512 }) engine=0x1 tsg=Some(ff0e0000) kernel_by=PRIVILEGE=KERNEL ring_va=0xff00d00000 userd_at_birth(GP_PUT,GP_GET)=(Some(0), Some(0)) zeroed=512B gr_tier=true gp_get_by_engine=true sw_subch_inert=true scheduled_at_birth=false fast=off (5349 us, off the GSP lock)
kayfabe: HELD-REPLY-POSTED n=1 — their rows are on the host now
kf3: chan 0xc1d0003f:0xff04000c: NV50_DEFERRED_API 0xff1fe010 ADMITTED on Translated host 0x3b, software classID Some(1) (OWNER_RULINGS §U.1)
kf-rm: rpc-trace fn=103 RmAlloc seq=0 class=0x5080 client=0xc1d0003f parent=0xff04000c handle=0xff1fe010 result=0x0
kf3: GSP rpc RmAlloc seq=0
kf-rm: rpc-trace fn=103 RmAlloc seq=0 class=0xc7b5 client=0xc1d0003f parent=0xff04000c handle=0xff1fe034 result=0x0
kf3: GSP rpc RmAlloc seq=0
kf3: maplog t=188622.435432 ARRIVE inval seq=2653 pdb=0xefa0a000/Vidmem all_pdb=false all_va=true hub_only=false raw=0x80010001 age_us=0 (inflight walk: none)
kf3: maplog t=188622.435472 walk#2732 SUBMIT wants=[{inval seq=2653 pdb=0xefa0a000/Vidmem all_pdb=false all_va=true hub_only=false raw=0x80010001 age_us=23 -> [0xc1d0003cff000850]}] walked=[0xc1d0003cff000850=s15@0xefa0a000]
kf3: maplog t=188622.435571 NSI host GR0 wake #2755 raised=false
kf3: maplog t=188622.435659 walk#2732 VasKey(13965662706452138064) root 0xefa0a000 MAP va=0x1200cf000 len=0x10000 at=0x23994f000 ap=2 kind=0x0 ack=1
kf3: VasKey(13965662706452138064) root 0xefa0a000: 1 privileged run(s) mirrored — a guest-kernel space or CPU window
kf3: maplog t=188622.435712 CLEAR inval seq=2653 Cleared (arrive->clear 263 us)
kf3: maplog t=188622.435726 APPLIED VasKey(13965662706452138064) +1 -0 host space 0xcafe00bf doorbells []
kf-rm: rpc-trace fn=76 RmControl seq=0 cmd=0x20800a38 client=0x0 object=0x0 result=0x0
kf3: GSP rpc RmControl seq=0
kf-rm: rpc-trace fn=76 RmControl seq=0 cmd=0x20800a3a client=0x0 object=0x0 result=none
kf3: GSP rpc RmControl seq=0
kf3: GSP rpc UNSERVICED Unserviced { code: 76, sequence: 0 }
kf3: maplog t=188622.435992 ARRIVE inval seq=2654 pdb=0xefa0a000/Vidmem all_pdb=false all_va=true hub_only=false raw=0x80010001 age_us=0 (inflight walk: none)
kf3: maplog t=188622.436031 walk#2733 SUBMIT wants=[{inval seq=2654 pdb=0xefa0a000/Vidmem all_pdb=false all_va=true hub_only=false raw=0x80010001 age_us=23 -> [0xc1d0003cff000850]}] walked=[0xc1d0003cff000850=s15@0xefa0a000]
kf3: maplog t=188622.436133 NSI host GR0 wake #2756 raised=false
kf3: maplog t=188622.436206 walk#2733 VasKey(13965662706452138064) root 0xefa0a000 MAP va=0x1200df000 len=0x5000 at=0xef9f6000 ap=0 kind=0x0 ack=1
kf3: maplog t=188622.436248 CLEAR inval seq=2654 Cleared (arrive->clear 240 us)
kf3: maplog t=188622.436262 APPLIED VasKey(13965662706452138064) +1 -0 host space 0xcafe00bf doorbells []
kf3: maplog t=188622.436329 ARRIVE inval seq=2655 pdb=0xefa0a000/Vidmem all_pdb=false all_va=true hub_only=false raw=0x80010001 age_us=0 (inflight walk: none)
kf3: maplog t=188622.436364 walk#2734 SUBMIT wants=[{inval seq=2655 pdb=0xefa0a000/Vidmem all_pdb=false all_va=true hub_only=false raw=0x80010001 age_us=23 -> [0xc1d0003cff000850]}] walked=[0xc1d0003cff000850=s15@0xefa0a000]
kf3: maplog t=188622.436464 NSI host GR0 wake #2757 raised=false
kf3: maplog t=188622.436551 walk#2734 VasKey(13965662706452138064) root 0xefa0a000 MAP va=0x1200f0000 len=0x80000 at=0xed1a0000 ap=0 kind=0x0 ack=1
kf3: maplog t=188622.436595 CLEAR inval seq=2655 Cleared (arrive->clear 253 us)
kf3: maplog t=188622.436608 APPLIED VasKey(13965662706452138064) +1 -0 host space 0xcafe00bf doorbells []
kf-rm: chanlink: GPU_PROMOTE_CTX on 0xc1d0003f:0xff030000 params=560 rpc_flags=0x0
kf-rm: rpc-trace fn=76 RmControl seq=0 cmd=0x2080012b client=0xc1d0003f object=0xff030000 result=0x0
kayfabe: HELD-REPLY fn=RmControl depth=1 — this map reply WAITS for its rows
kf3: GSP rpc RmControl seq=0
kf3: act promote translated context: 0xc1d0003f:0xff04000c GPU_PROMOTE_CTX satisfied by Translated host 0x3b GR=Some((cafe00cf, c9c0)) VIDEO=None entries=3 init_ids=0x4 va_ids=0xa04 bound=true — no guest buffer touched (2 us, off the GSP lock)
kayfabe: HELD-REPLY-POSTED n=1 — their rows are on the host now
kf-rm: rpc-trace fn=103 RmAlloc seq=0 class=0xa140 client=0xc1d0003f parent=0xff04000c handle=0xff1fe01a result=0x0
kf3: GSP rpc RmAlloc seq=0
kf-rm: rpc-trace fn=76 RmControl seq=0 cmd=0x20800a38 client=0x0 object=0x0 result=0x0
kf3: GSP rpc RmControl seq=0
kf-rm: rpc-trace fn=76 RmControl seq=0 cmd=0x20800a3a client=0x0 object=0x0 result=none
kf3: GSP rpc RmControl seq=0
kf3: GSP rpc UNSERVICED Unserviced { code: 76, sequence: 0 }
kf3: maplog t=188622.437121 ARRIVE inval seq=2656 pdb=0xefa0a000/Vidmem all_pdb=false all_va=true hub_only=false raw=0x80010001 age_us=0 (inflight walk: none)
kf3: maplog t=188622.437147 walk#2735 SUBMIT wants=[{inval seq=2656 pdb=0xefa0a000/Vidmem all_pdb=false all_va=true hub_only=false raw=0x80010001 age_us=17 -> [0xc1d0003cff000850]}] walked=[0xc1d0003cff000850=s15@0xefa0a000]
kf3: maplog t=188622.437247 NSI host GR0 wake #2758 raised=false
kf3: maplog t=188622.437288 walk#2735 VasKey(13965662706452138064) root 0xefa0a000 MAP va=0x1200e4000 len=0x3000 at=0xefa65000 ap=0 kind=0x0 ack=1
kf3: maplog t=188622.437313 CLEAR inval seq=2656 Cleared (arrive->clear 184 us)
kf3: maplog t=188622.437322 APPLIED VasKey(13965662706452138064) +1 -0 host space 0xcafe00bf doorbells []
kf3: maplog t=188622.437406 ARRIVE inval seq=2657 pdb=0xefa0a000/Vidmem all_pdb=false all_va=true hub_only=false raw=0x80010001 age_us=0 (inflight walk: none)
kf3: maplog t=188622.437426 walk#2736 SUBMIT wants=[{inval seq=2657 pdb=0xefa0a000/Vidmem all_pdb=false all_va=true hub_only=false raw=0x80010001 age_us=13 -> [0xc1d0003cff000850]}] walked=[0xc1d0003cff000850=s15@0xefa0a000]
kf3: maplog t=188622.437538 NSI host GR0 wake #2759 raised=false
kf3: maplog t=188622.438052 walk#2736 VasKey(13965662706452138064) root 0xefa0a000 MAP va=0x124000000 len=0x25f0000 at=0xed2a0000 ap=0 kind=0x0 ack=1
kf3: maplog t=188622.438078 CLEAR inval seq=2657 Cleared (arrive->clear 664 us)
kf3: maplog t=188622.438087 APPLIED VasKey(13965662706452138064) +1 -0 host space 0xcafe00bf doorbells []
kf3: maplog t=188622.438138 ARRIVE inval seq=2658 pdb=0xefa0a000/Vidmem all_pdb=false all_va=true hub_only=false raw=0x80010001 age_us=0 (inflight walk: none)
kf3: maplog t=188622.438159 walk#2737 SUBMIT wants=[{inval seq=2658 pdb=0xefa0a000/Vidmem all_pdb=false all_va=true hub_only=false raw=0x80010001 age_us=13 -> [0xc1d0003cff000850]}] walked=[0xc1d0003cff000850=s15@0xefa0a000]
kf3: maplog t=188622.438266 NSI host GR0 wake #2760 raised=false
kf3: maplog t=188622.438302 walk#2737 VasKey(13965662706452138064) root 0xefa0a000 MAP va=0x120170000 len=0x20000 at=0xef890000 ap=0 kind=0x0 ack=1
kf3: maplog t=188622.438327 CLEAR inval seq=2658 Cleared (arrive->clear 182 us)
kf3: maplog t=188622.438336 APPLIED VasKey(13965662706452138064) +1 -0 host space 0xcafe00bf doorbells []
kf3: maplog t=188622.438393 ARRIVE inval seq=2659 pdb=0xefa0a000/Vidmem all_pdb=false all_va=true hub_only=false raw=0x80010001 age_us=0 (inflight walk: none)
kf3: maplog t=188622.438413 walk#2738 SUBMIT wants=[{inval seq=2659 pdb=0xefa0a000/Vidmem all_pdb=false all_va=true hub_only=false raw=0x80010001 age_us=12 -> [0xc1d0003cff000850]}] walked=[0xc1d0003cff000850=s15@0xefa0a000]
kf3: maplog t=188622.438526 NSI host GR0 wake #2761 raised=false
kf3: maplog t=188622.438574 walk#2738 VasKey(13965662706452138064) root 0xefa0a000 MAP va=0x120190000 len=0x80000 at=0xef8b0000 ap=0 kind=0x0 ack=1
kf3: maplog t=188622.438599 CLEAR inval seq=2659 Cleared (arrive->clear 198 us)
kf3: maplog t=188622.438608 APPLIED VasKey(13965662706452138064) +1 -0 host space 0xcafe00bf doorbells []
kf-rm: chanlink: GPU_PROMOTE_CTX on 0xc1d0003f:0xff030000 params=560 rpc_flags=0x0
kf-rm: rpc-trace fn=76 RmControl seq=0 cmd=0x2080012b client=0xc1d0003f object=0xff030000 result=0x0
kayfabe: HELD-REPLY fn=RmControl depth=1 — this map reply WAITS for its rows
kf3: GSP rpc RmControl seq=0
kf3: act promote translated context: 0xc1d0003f:0xff04000c GPU_PROMOTE_CTX satisfied by Translated host 0x3b GR=Some((cafe00cf, c9c0)) VIDEO=None entries=4 init_ids=0x0 va_ids=0x78 bound=true — no guest buffer touched (0 us, off the GSP lock)
kayfabe: HELD-REPLY-POSTED n=1 — their rows are on the host now
kf-rm: rpc-trace fn=103 RmAlloc seq=0 class=0x902d client=0xc1d0003f parent=0xff04000c handle=0xff1fe02c result=0x0
kf3: GSP rpc RmAlloc seq=0
kf-rm: rpc-trace fn=76 RmControl seq=0 cmd=0x20800a38 client=0x0 object=0x0 result=0x0
kf3: GSP rpc RmControl seq=0
kf-rm: rpc-trace fn=76 RmControl seq=0 cmd=0x20800a3a client=0x0 object=0x0 result=none
kf3: GSP rpc RmControl seq=0
kf3: GSP rpc UNSERVICED Unserviced { code: 76, sequence: 0 }
kf-rm: rpc-trace fn=103 RmAlloc seq=0 class=0xc997 client=0xc1d0003f parent=0xff04000c handle=0xff1fe026 result=0x0
kf3: GSP rpc RmAlloc seq=0
kf-rm: rpc-trace fn=76 RmControl seq=0 cmd=0x20800a38 client=0x0 object=0x0 result=0x0
kf3: GSP rpc RmControl seq=0
kf-rm: rpc-trace fn=76 RmControl seq=0 cmd=0x20800a3a client=0x0 object=0x0 result=none
kf3: GSP rpc RmControl seq=0
kf3: GSP rpc UNSERVICED Unserviced { code: 76, sequence: 0 }
kf-rm: rpc-trace fn=103 RmAlloc seq=0 class=0xc9c0 client=0xc1d0003f parent=0xff04000c handle=0xff1fe032 result=0x0
kf3: GSP rpc RmAlloc seq=0
kf-rm: rpc-trace fn=76 RmControl seq=0 cmd=0xa06c0103 client=0xc1d0003f object=0xff0e0000 result=0x0
kayfabe: HELD-REPLY fn=RmControl depth=1 — this map reply WAITS for its rows
kf3: GSP rpc RmControl seq=0
kf3: act timeslice: 0xc1d0003f:0xff0e0000 SET_TIMESLICE 400 us on 1 twin group(s) (226 us, off the GSP lock)
kayfabe: HELD-REPLY-POSTED n=1 — their rows are on the host now
kf3: chan 0xc1d0003f:0xff0e0000 GPFIFO_SCHEDULE enable=true (token 0xe, host 0x3b)
kf-rm: rpc-trace fn=76 RmControl seq=0 cmd=0xa06c0101 client=0xc1d0003f object=0xff0e0000 result=0x0
kf3: GSP rpc RmControl seq=0
qemu-system-x86_64: info: kf3: BAR0-TRACE read trap ON (flip 41)
kf3: maplog t=188622.464373 ARRIVE inval seq=2660 pdb=0xefa0a000/Vidmem all_pdb=false all_va=true hub_only=false raw=0x80010001 age_us=0 (inflight walk: none)
kf3: maplog t=188622.464415 walk#2739 SUBMIT wants=[{inval seq=2660 pdb=0xefa0a000/Vidmem all_pdb=false all_va=true hub_only=false raw=0x80010001 age_us=23 -> [0xc1d0003cff000850]}] walked=[0xc1d0003cff000850=s15@0xefa0a000]
kf3: maplog t=188622.464525 NSI host GR0 wake #2762 raised=false
kf3: maplog t=188622.464656 walk#2739 VasKey(13965662706452138064) root 0xefa0a000 MAP va=0x1200e7000 len=0x1000 at=0x2396fe000 ap=2 kind=0x0 ack=1
kf3: maplog t=188622.464689 CLEAR inval seq=2660 Cleared (arrive->clear 297 us)
kf3: maplog t=188622.464698 APPLIED VasKey(13965662706452138064) +1 -0 host space 0xcafe00bf doorbells []
kf3: maplog t=188622.467529 NSI host CE2 wake #268 raised=false
kf3: maplog t=188622.467633 NSI host CE2 wake #269 raised=false
kf3: maplog t=188622.467653 SPLIT-REQUEST ticket=64 by channel token 0x80c pdb=Some(efa38000)
kf3: maplog t=188622.467692 ARRIVE split ticket=64 pdb=Some(efa38000) space=None (inflight walk: none)
kf3: maplog t=188622.467732 walk#2740 SUBMIT wants=[{split ticket=64 pdb=Some(efa38000) space=None -> [0xc1d00021ff000850]}] walked=[0xc1d00021ff000850=s8@0xefa38000]
kf3: maplog t=188622.467864 NSI host GR0 wake #2763 raised=false
kf3: maplog t=188622.468531 walk#2740 VasKey(13965662590488021072) root 0xefa38000 MAP va=0x603f2000 len=0x1073000 at=0xe93a6000 ap=0 kind=0x6 ack=1
kf3: maplog t=188622.468531 walk#2740 VasKey(13965662590488021072) root 0xefa38000 MAP va=0x100603f2000 len=0x1073000 at=0xe93a6000 ap=0 kind=0x6 ack=1
kf3: maplog t=188622.468607 SPLIT-DONE ticket=64 ok=true
kf3: maplog t=188622.468620 APPLIED VasKey(13965662590488021072) +2 -0 host space 0xcafe0062 doorbells []
kf3: maplog t=188622.468987 NSI host CE2 wake #270 raised=false
kf3: maplog t=188622.470027 NSI host CE2 wake #271 raised=false
kf3: maplog t=188622.470097 SPLIT-REQUEST ticket=65 by channel token 0x80c pdb=Some(efa38000)
kf3: maplog t=188622.470103 NSI host CE2 wake #272 raised=false
kf3: maplog t=188622.470128 ARRIVE split ticket=65 pdb=Some(efa38000) space=None (inflight walk: none)
kf3: maplog t=188622.470154 walk#2741 SUBMIT wants=[{split ticket=65 pdb=Some(efa38000) space=None -> [0xc1d00021ff000850]}] walked=[0xc1d00021ff000850=s8@0xefa38000]
kf3: maplog t=188622.470276 NSI host GR0 wake #2764 raised=false
kf3: maplog t=188622.470459 walk#2741 VasKey(13965662590488021072) root 0xefa38000 UNMAP va=0x603f2000 len=0x1073000 at=0xe93a6000 ap=0 kind=0x6 ack=1
kf3: maplog t=188622.470459 walk#2741 VasKey(13965662590488021072) root 0xefa38000 UNMAP va=0x100603f2000 len=0x1073000 at=0xe93a6000 ap=0 kind=0x6 ack=1
kf3: maplog t=188622.470517 SPLIT-DONE ticket=65 ok=true
kf3: maplog t=188622.470526 APPLIED VasKey(13965662590488021072) +0 -2 host space 0xcafe0062 doorbells []
kf3: maplog t=188622.470710 NSI host CE2 wake #273 raised=false
kf3: maplog t=188622.470725 NSI host CE2 wake #274 raised=false
kf3: maplog t=188622.470804 NSI host CE2 wake #275 raised=false
kf3: maplog t=188622.470852 NSI host CE2 wake #276 raised=false
kf3: maplog t=188622.470882 NSI host CE2 wake #277 raised=false
kf3: maplog t=188622.470952 NSI host CE2 wake #278 raised=false
kf3: maplog t=188622.471282 NSI host CE2 wake #279 raised=false
kf3: maplog t=188622.471354 NSI host CE2 wake #280 raised=false
kf3: maplog t=188622.471366 SPLIT-REQUEST ticket=66 by channel token 0x80c pdb=Some(efa0a000)
kf3: NSI RELAY host non-stall (FIFO_EVENT_MTHD) -> guest CE2 vector 1: a Translated copy-engine ring retired work after its host fence (relay #256)
kf3: maplog t=188622.471393 ARRIVE split ticket=66 pdb=Some(efa0a000) space=None (inflight walk: none)
kf3: maplog t=188622.471420 walk#2742 SUBMIT wants=[{split ticket=66 pdb=Some(efa0a000) space=None -> [0xc1d0003cff000850]}] walked=[0xc1d0003cff000850=s15@0xefa0a000]
kf3: maplog t=188622.471526 NSI host GR0 wake #2765 raised=false
kf3: maplog t=188622.471566 SPLIT-DONE ticket=66 ok=true
kf3: maplog t=188622.471598 NSI host CE2 wake #281 raised=false
kf-rm: DEFERRED-API 0x50800101 on 0xc1d00015:0xff1fe010 hApiHandle=0x4000000e cmd=0x2080012d psz=584 -> 0x0
kf-rm: rpc-trace fn=76 RmControl seq=0 cmd=0x50800101 client=0xc1d00015 object=0xff1fe010 result=0x0
kf3: BAR0-TRACE window #21 chan=0xc1d0003f:0xff0e0000 (host 0x3b) closed by the next RPC (RmControl): 271 access(es)
kf3: BAR0-TRACE #21 W 0xb81208 w4 = 0x101
kf3: BAR0-TRACE #21 W 0xb81210 w4 = 0xc10007a
kf3: BAR0-TRACE #21 W 0xb81608 w4 = 0xfffffffe
kf3: BAR0-TRACE #21 W 0xb81408 w4 = 0x101
kf3: BAR0-TRACE #21 W 0xb81410 w4 = 0xffffffff
kf3: BAR0-TRACE #21 W 0xb81610 w4 = 0x8
kf3: BAR0-TRACE #21 W 0xb81210 w4 = 0x4000000
kf3: BAR0-TRACE #21 W 0xb81208 w4 = 0x101
kf3: BAR0-TRACE #21 W 0xb81210 w4 = 0xc10007a
kf3: BAR0-TRACE #21 W 0xb81608 w4 = 0xfffffffe
kf3: BAR0-TRACE #21 W 0xb81408 w4 = 0x101
kf3: BAR0-TRACE #21 W 0xb81410 w4 = 0xffffffff
kf3: BAR0-TRACE #21 W 0xb81610 w4 = 0x8
kf3: BAR0-TRACE #21 W 0xb81210 w4 = 0x4000000
kf3: BAR0-TRACE #21 W 0xb81208 w4 = 0x101
kf3: BAR0-TRACE #21 W 0xb81210 w4 = 0xc10007a
kf3: BAR0-TRACE #21 W 0xb81608 w4 = 0xfffffffe
kf3: BAR0-TRACE #21 W 0xb81408 w4 = 0x101
kf3: BAR0-TRACE #21 W 0xb81410 w4 = 0xffffffff
kf3: BAR0-TRACE #21 W 0xb81610 w4 = 0x8
kf3: BAR0-TRACE #21 W 0xb81210 w4 = 0x4000000
kf3: BAR0-TRACE #21 R 0xb830b0 w4 = 0x10001
kf3: BAR0-TRACE #21 W 0xb830a0 w4 = 0xefa0a0
kf3: BAR0-TRACE #21 W 0xb830a4 w4 = 0x0
kf3: BAR0-TRACE #21 W 0xb830b0 w4 = 0x80010001
kf3: BAR0-TRACE #21 R 0xb830b0 w4 = 0x80010001 x45
kf3: BAR0-TRACE #21 R 0xb830b0 w4 = 0x10001
kf3: BAR0-TRACE #21 W 0xb81208 w4 = 0x101
kf3: BAR0-TRACE #21 W 0xb81210 w4 = 0xc10007a
kf3: BAR0-TRACE #21 W 0xb81608 w4 = 0xfffffffe
kf3: BAR0-TRACE #21 W 0xb81408 w4 = 0x101
kf3: BAR0-TRACE #21 W 0xb81410 w4 = 0xffffffff
kf3: BAR0-TRACE #21 W 0xb81610 w4 = 0x8
kf3: BAR0-TRACE #21 W 0xb81210 w4 = 0x4000000
kf3: BAR0-TRACE #21 W 0xb81208 w4 = 0x101
kf3: BAR0-TRACE #21 W 0xb81210 w4 = 0xc10007a
kf3: BAR0-TRACE #21 W 0xb81608 w4 = 0xfffffffe
kf3: BAR0-TRACE #21 W 0xbb0090 w4 = 0x1000c x2
kf3: BAR0-TRACE #21 W 0xb81408 w4 = 0x101
kf3: BAR0-TRACE #21 W 0xb81410 w4 = 0xffffffff
kf3: BAR0-TRACE #21 W 0xb81610 w4 = 0x8
kf3: BAR0-TRACE #21 R 0xb81008 w4 = 0x0
kf3: BAR0-TRACE #21 R 0xb8100c w4 = 0x0
kf3: BAR0-TRACE #21 R 0xb81010 w4 = 0x0
kf3: BAR0-TRACE #21 R 0xb81014 w4 = 0x0
kf3: BAR0-TRACE #21 R 0xb81018 w4 = 0x0
kf3: BAR0-TRACE #21 R 0xb8101c w4 = 0x0
kf3: BAR0-TRACE #21 W 0xb81208 w4 = 0x101
kf3: BAR0-TRACE #21 W 0xb81210 w4 = 0xc10007a
kf3: BAR0-TRACE #21 W 0xb81608 w4 = 0xfffffffe
kf3: BAR0-TRACE #21 R 0xb81600 w4 = 0x1
kf3: BAR0-TRACE #21 R 0xb81000 w4 = 0x2
kf3: BAR0-TRACE #21 R 0xb81200 w4 = 0x3f
kf3: BAR0-TRACE #21 W 0xb81000 w4 = 0x2
kf3: BAR0-TRACE #21 R 0xb81004 w4 = 0x0
kf3: BAR0-TRACE #21 R 0xb81204 w4 = 0x0
kf3: BAR0-TRACE #21 W 0xb81408 w4 = 0x101
kf3: BAR0-TRACE #21 W 0xb81410 w4 = 0xffffffff
kf3: BAR0-TRACE #21 W 0xb81610 w4 = 0x8
kf3: BAR0-TRACE #21 R 0xb81008 w4 = 0x0
kf3: BAR0-TRACE #21 R 0xb8100c w4 = 0x0
kf3: BAR0-TRACE #21 R 0xb81010 w4 = 0x0
kf3: BAR0-TRACE #21 R 0xb81014 w4 = 0x0
kf3: BAR0-TRACE #21 R 0xb81018 w4 = 0x0
kf3: BAR0-TRACE #21 R 0xb8101c w4 = 0x0
kf3: BAR0-TRACE #21 W 0xb81208 w4 = 0x101
kf3: BAR0-TRACE #21 W 0xb81210 w4 = 0xc10007a
kf3: BAR0-TRACE #21 W 0xb81608 w4 = 0xfffffffe
kf3: BAR0-TRACE #21 R 0xb81600 w4 = 0x0
kf3: BAR0-TRACE #21 W 0xb81408 w4 = 0x101
kf3: BAR0-TRACE #21 W 0xb81410 w4 = 0xffffffff
kf3: BAR0-TRACE #21 W 0xb81610 w4 = 0x8
kf3: BAR0-TRACE #21 R 0xb81008 w4 = 0x0
kf3: BAR0-TRACE #21 R 0xb8100c w4 = 0x0
kf3: BAR0-TRACE #21 R 0xb81010 w4 = 0x0
kf3: BAR0-TRACE #21 R 0xb81014 w4 = 0x0
kf3: BAR0-TRACE #21 R 0xb81018 w4 = 0x0
kf3: BAR0-TRACE #21 R 0xb8101c w4 = 0x0
kf3: BAR0-TRACE #21 W 0xb81208 w4 = 0x101
kf3: BAR0-TRACE #21 W 0xb81210 w4 = 0xc10007a
kf3: BAR0-TRACE #21 W 0xb81608 w4 = 0xfffffffe
kf3: BAR0-TRACE #21 R 0xb81600 w4 = 0x1
kf3: BAR0-TRACE #21 R 0xb81000 w4 = 0x2
kf3: BAR0-TRACE #21 R 0xb81200 w4 = 0x3f
kf3: BAR0-TRACE #21 W 0xb81000 w4 = 0x2
kf3: BAR0-TRACE #21 R 0xb81004 w4 = 0x0
kf3: BAR0-TRACE #21 R 0xb81204 w4 = 0x0
kf3: BAR0-TRACE #21 W 0xbb0090 w4 = 0x1000c x3
kf3: BAR0-TRACE #21 W 0xb81408 w4 = 0x101
kf3: BAR0-TRACE #21 W 0xb81410 w4 = 0xffffffff
kf3: BAR0-TRACE #21 W 0xb81610 w4 = 0x8
kf3: BAR0-TRACE #21 W 0xbb0090 w4 = 0x1000c
kf3: BAR0-TRACE #21 R 0xb81008 w4 = 0x0
kf3: BAR0-TRACE #21 R 0xb8100c w4 = 0x0
kf3: BAR0-TRACE #21 R 0xb81010 w4 = 0x0
kf3: BAR0-TRACE #21 R 0xb81014 w4 = 0x0
kf3: BAR0-TRACE #21 R 0xb81018 w4 = 0x0
kf3: BAR0-TRACE #21 R 0xb8101c w4 = 0x0
kf3: BAR0-TRACE #21 W 0xb81208 w4 = 0x101
kf3: BAR0-TRACE #21 W 0xb81210 w4 = 0xc10007a
kf3: BAR0-TRACE #21 W 0xb81608 w4 = 0xfffffffe
kf3: BAR0-TRACE #21 R 0xb81600 w4 = 0x1
kf3: BAR0-TRACE #21 R 0xb81000 w4 = 0x2
kf3: BAR0-TRACE #21 R 0xb81200 w4 = 0x3f
kf3: BAR0-TRACE #21 W 0xb81000 w4 = 0x2
kf3: BAR0-TRACE #21 R 0xb81004 w4 = 0x0
kf3: BAR0-TRACE #21 R 0xb81204 w4 = 0x0
kf3: BAR0-TRACE #21 W 0xb81408 w4 = 0x101
kf3: BAR0-TRACE #21 W 0xb81410 w4 = 0xffffffff
kf3: BAR0-TRACE #21 W 0xb81610 w4 = 0x8
kf3: BAR0-TRACE #21 R 0xb81008 w4 = 0x0
kf3: BAR0-TRACE #21 R 0xb8100c w4 = 0x0
kf3: BAR0-TRACE #21 R 0xb81010 w4 = 0x0
kf3: BAR0-TRACE #21 R 0xb81014 w4 = 0x0
kf3: BAR0-TRACE #21 R 0xb81018 w4 = 0x0
kf3: BAR0-TRACE #21 R 0xb8101c w4 = 0x0
kf3: BAR0-TRACE #21 W 0xb81208 w4 = 0x101
kf3: BAR0-TRACE #21 W 0xb81210 w4 = 0xc10007a
kf3: BAR0-TRACE #21 W 0xb81608 w4 = 0xfffffffe
kf3: BAR0-TRACE #21 R 0xb81600 w4 = 0x0
kf3: BAR0-TRACE #21 W 0xbb0090 w4 = 0x1000c x11
kf3: BAR0-TRACE #21 W 0xb81408 w4 = 0x101
kf3: BAR0-TRACE #21 W 0xb81410 w4 = 0xffffffff
kf3: BAR0-TRACE #21 W 0xb81610 w4 = 0x8
kf3: BAR0-TRACE #21 W 0xbb0090 w4 = 0x1000c
kf3: BAR0-TRACE #21 R 0xb81008 w4 = 0x0
kf3: BAR0-TRACE #21 R 0xb8100c w4 = 0x0
kf3: BAR0-TRACE #21 R 0xb81010 w4 = 0x0
kf3: BAR0-TRACE #21 R 0xb81014 w4 = 0x0
kf3: BAR0-TRACE #21 R 0xb81018 w4 = 0x0
kf3: BAR0-TRACE #21 R 0xb8101c w4 = 0x0
kf3: BAR0-TRACE #21 W 0xb81208 w4 = 0x101
kf3: BAR0-TRACE #21 W 0xb81210 w4 = 0xc10007a
kf3: BAR0-TRACE #21 W 0xb81608 w4 = 0xfffffffe
kf3: BAR0-TRACE #21 R 0xb81600 w4 = 0x1
kf3: BAR0-TRACE #21 R 0xb81000 w4 = 0x2
kf3: BAR0-TRACE #21 R 0xb81200 w4 = 0x3f
kf3: BAR0-TRACE #21 W 0xb81000 w4 = 0x2
kf3: BAR0-TRACE #21 R 0xb81004 w4 = 0x0
kf3: BAR0-TRACE #21 R 0xb81204 w4 = 0x0
kf3: BAR0-TRACE #21 W 0xb81408 w4 = 0x101
kf3: BAR0-TRACE #21 W 0xb81410 w4 = 0xffffffff
kf3: BAR0-TRACE #21 W 0xb81610 w4 = 0x8
kf3: BAR0-TRACE #21 R 0xb81008 w4 = 0x0
kf3: BAR0-TRACE #21 W 0xbb0090 w4 = 0x1000c
kf3: BAR0-TRACE #21 R 0xb8100c w4 = 0x0
kf3: BAR0-TRACE #21 R 0xb81010 w4 = 0x0
kf3: BAR0-TRACE #21 R 0xb81014 w4 = 0x0qemu-system-x86_64:
 kf3: BAR0-TRACE #21 R 0xb81018 w4 = 0x0info: 
kf3: BAR0-TRACE #21 R 0xb8101c w4 = 0x0kf3: BAR0-TRACE read trap OFF (flip 42)

kf3: BAR0-TRACE #21 W 0xbb0090 w4 = 0x1000c
kf3: BAR0-TRACE #21 W 0xb81208 w4 = 0x101
kf3: BAR0-TRACE #21 W 0xb81210 w4 = 0xc10007a
kf3: BAR0-TRACE #21 W 0xb81608 w4 = 0xfffffffe
kf3: BAR0-TRACE #21 R 0xb81600 w4 = 0x1
kf3: BAR0-TRACE #21 R 0xb81000 w4 = 0x2
kf3: BAR0-TRACE #21 R 0xb81200 w4 = 0x3f
kf3: BAR0-TRACE #21 W 0xb81000 w4 = 0x2
kf3: BAR0-TRACE #21 R 0xb81004 w4 = 0x0
kf3: BAR0-TRACE #21 R 0xb81204 w4 = 0x0
kf3: BAR0-TRACE #21 W 0xb81408 w4 = 0x101
kf3: BAR0-TRACE #21 W 0xb81410 w4 = 0xffffffff
kf3: BAR0-TRACE #21 W 0xb81610 w4 = 0x8
kf3: BAR0-TRACE #21 R 0xb81008 w4 = 0x0
kf3: BAR0-TRACE #21 R 0xb8100c w4 = 0x0
kf3: BAR0-TRACE #21 R 0xb81010 w4 = 0x0
kf3: BAR0-TRACE #21 R 0xb81014 w4 = 0x0
kf3: BAR0-TRACE #21 R 0xb81018 w4 = 0x0
kf3: BAR0-TRACE #21 R 0xb8101c w4 = 0x0
kf3: BAR0-TRACE #21 W 0xb81208 w4 = 0x101
kf3: BAR0-TRACE #21 W 0xb81210 w4 = 0xc10007a
kf3: BAR0-TRACE #21 W 0xb81608 w4 = 0xfffffffe
kf3: BAR0-TRACE #21 R 0xb81600 w4 = 0x1
kf3: BAR0-TRACE #21 R 0xb81000 w4 = 0x2
kf3: BAR0-TRACE #21 R 0xb81200 w4 = 0x3f
kf3: BAR0-TRACE #21 W 0xb81000 w4 = 0x2
kf3: BAR0-TRACE #21 R 0xb81004 w4 = 0x0
kf3: BAR0-TRACE #21 R 0xb81204 w4 = 0x0
kf3: BAR0-TRACE #21 W 0xb81408 w4 = 0x101
kf3: BAR0-TRACE #21 W 0xb81410 w4 = 0xffffffff
kf3: BAR0-TRACE #21 W 0xb81610 w4 = 0x8
kf3: BAR0-TRACE #21 R 0xb81008 w4 = 0x0
kf3: BAR0-TRACE #21 R 0xb8100c w4 = 0x0
kf3: BAR0-TRACE #21 R 0xb81010 w4 = 0x0
kf3: BAR0-TRACE #21 R 0xb81014 w4 = 0x0
kf3: BAR0-TRACE #21 R 0xb81018 w4 = 0x0
kf3: BAR0-TRACE #21 R 0xb8101c w4 = 0x0
kf3: BAR0-TRACE #21 W 0xb81208 w4 = 0x101
kf3: BAR0-TRACE #21 W 0xb81210 w4 = 0xc10007a
kf3: BAR0-TRACE #21 W 0xb81608 w4 = 0xfffffffe
kf3: BAR0-TRACE #21 R 0xb81600 w4 = 0x0
kf3: BAR0-TRACE #21 W 0xb81408 w4 = 0x101
kf3: BAR0-TRACE #21 W 0xb81410 w4 = 0xffffffff
kf3: BAR0-TRACE #21 W 0xb81610 w4 = 0x8
kf3: BAR0-TRACE #21 R 0xb81008 w4 = 0x0
kf3: BAR0-TRACE #21 R 0xb8100c w4 = 0x0
kf3: BAR0-TRACE #21 R 0xb81010 w4 = 0x0
kf3: BAR0-TRACE #21 R 0xb81014 w4 = 0x0
kf3: BAR0-TRACE #21 R 0xb81018 w4 = 0x0
kf3: BAR0-TRACE #21 R 0xb8101c w4 = 0x0
kf3: BAR0-TRACE #21 W 0xb81208 w4 = 0x101
kf3: BAR0-TRACE #21 W 0xb81210 w4 = 0xc10007a
kf3: BAR0-TRACE #21 W 0xb81608 w4 = 0xfffffffe
kf3: BAR0-TRACE #21 R 0xb81600 w4 = 0x1
kf3: BAR0-TRACE #21 R 0xb81000 w4 = 0x2
kf3: BAR0-TRACE #21 R 0xb81200 w4 = 0x3f
kf3: BAR0-TRACE #21 W 0xb81000 w4 = 0x2
kf3: BAR0-TRACE #21 R 0xb81004 w4 = 0x0
kf3: BAR0-TRACE #21 R 0xb81204 w4 = 0x0
kf3: BAR0-TRACE #21 W 0xb81408 w4 = 0x101
kf3: BAR0-TRACE #21 W 0xb81410 w4 = 0xffffffff
kf3: BAR0-TRACE #21 W 0xb81610 w4 = 0x8
kf3: BAR0-TRACE #21 W 0xb81210 w4 = 0x4000000
kf3: BAR0-TRACE #21 W 0x110c00 w4 = 0x0
kf3: GSP rpc RmControl seq=0
kf-rm: DEFERRED-API 0x50800101 on 0xc1d00015:0xff1fe010 hApiHandle=0x4000000f cmd=0x2080012b psz=584 -> 0x0
kf-rm: rpc-trace fn=76 RmControl seq=0 cmd=0x50800101 client=0xc1d00015 object=0xff1fe010 result=0x0
kf3: GSP rpc RmControl seq=0
kf3: maplog t=188622.473665 NSI host CE2 wake #282 raised=false
kf3: maplog t=188622.473782 NSI host CE2 wake #283 raised=false
kf3: maplog t=188622.473786 SPLIT-REQUEST ticket=67 by channel token 0x80c pdb=Some(efa38000)
kf3: maplog t=188622.473829 ARRIVE split ticket=67 pdb=Some(efa38000) space=None (inflight walk: none)
kf3: maplog t=188622.473866 walk#2743 SUBMIT wants=[{split ticket=67 pdb=Some(efa38000) space=None -> [0xc1d00021ff000850]}] walked=[0xc1d00021ff000850=s8@0xefa38000]
kf3: maplog t=188622.473982 NSI host GR0 wake #2766 raised=false
kf3: maplog t=188622.474034 SPLIT-DONE ticket=67 ok=true
kf3: maplog t=188622.474150 NSI host GR0 wake #2767 raised=false
kf3: DEFERRED-API trigger token 0x3 subch 5 value 0x1 method 0x200 hApiHandle 0x4000000e on 0xc1d00015:0xff1fe010 cmd 0x2080012d: InitializeCtx { engine_type: 1, h_client: 3251634236, chid: 14, chan_client: 3251634239, object: 4279107584, virt_memory: 0, phys_address: 3912916992, phys_attr: 0, dma_handle: 0, index: 14, size: 901888 }
kf3: act deferred API context: InitializeCtx { engine_type: 1, h_client: 3251634236, chid: 14, chan_client: 3251634239, object: 4279107584, virt_memory: 0, phys_address: 3912916992, phys_attr: 0, dma_handle: 0, index: 14, size: 901888 } on 0xc1d0003f:0xff0e0000 -> Translated host(s) [3b]: satisfied by each twin's own host context, created and golden-initialised by host RM at its birth (owner ruling B / §U; no guest buffer touched) (11 us, off the GSP lock)
kf3: DEFERRED-API token 0x3 hApiHandle 0x4000000e DONE: InitializeCtx { engine_type: 1, h_client: 3251634236, chid: 14, chan_client: 3251634239, object: 4279107584, virt_memory: 0, phys_address: 3912916992, phys_attr: 0, dma_handle: 0, index: 14, size: 901888 } on 0xc1d0003f:0xff0e0000 -> Translated host(s) [3b]: satisfied by each twin's own host context, created and golden-initialised by host RM at its birth (owner ruling B / §U; no guest buffer touched)
kf3: maplog t=188622.474293 NSI host GR0 wake #2768 raised=false
kf3: DEFERRED-API trigger token 0x3 subch 5 value 0x1 method 0x200 hApiHandle 0x4000000f on 0xc1d00015:0xff1fe010 cmd 0x2080012b: PromoteCtx { engine_type: 1, h_client: 3251634236, chid: 14, chan_client: 3251634239, object: 4279107584, virt_memory: 0, virt_address: 69632, size: 901888, entry_count: 0 }
kf3: act deferred API context: PromoteCtx { engine_type: 1, h_client: 3251634236, chid: 14, chan_client: 3251634239, object: 4279107584, virt_memory: 0, virt_address: 69632, size: 901888, entry_count: 0 } on 0xc1d0003f:0xff0e0000 -> Translated host(s) [3b]: satisfied by each twin's own host context, created and golden-initialised by host RM at its birth (owner ruling B / §U; no guest buffer touched) (4 us, off the GSP lock)
kf3: DEFERRED-API token 0x3 hApiHandle 0x4000000f DONE: PromoteCtx { engine_type: 1, h_client: 3251634236, chid: 14, chan_client: 3251634239, object: 4279107584, virt_memory: 0, virt_address: 69632, size: 901888, entry_count: 0 } on 0xc1d0003f:0xff0e0000 -> Translated host(s) [3b]: satisfied by each twin's own host context, created and golden-initialised by host RM at its birth (owner ruling B / §U; no guest buffer touched)
kf3: maplog t=188622.474407 NSI host GR0 wake #2769 raised=false
kf3: maplog t=188622.474411 NSI host CE2 wake #284 raised=false
kf3: NSI RELAY host non-stall (FIFO_EVENT_MTHD) -> guest GR0 vector 0: a Translated GR-tier ring retired engine-written work (rings=3, relay #10)
kf-rm: rpc-trace fn=76 RmControl seq=0 cmd=0x20801211 client=0xc1d00002 object=0xff030000 result=none
kf3: GSP rpc RmControl seq=0
kf3: GSP rpc UNSERVICED Unserviced { code: 76, sequence: 0 }
kf-rm: DEFERRED-API 0x50800101 on 0xc1d00015:0xff1fe010 hApiHandle=0x40000010 cmd=0x2080012c psz=584 -> 0x0
kf-rm: rpc-trace fn=76 RmControl seq=0 cmd=0x50800101 client=0xc1d00015 object=0xff1fe010 result=0x0
kf3: GSP rpc RmControl seq=0
kf3: maplog t=188622.475717 NSI host CE2 wake #285 raised=false
kf3: maplog t=188622.475799 NSI host GR0 wake #2770 raised=false
kf3: DEFERRED-API trigger token 0x3 subch 5 value 0x1 method 0x200 hApiHandle 0x40000010 on 0xc1d00015:0xff1fe010 cmd 0x2080012c: EvictCtx { engine_type: 1, h_client: 3251634236, chid: 14, chan_client: 3251634239, object: 4279107584 }
kf3: act deferred API context: EvictCtx { engine_type: 1, h_client: 3251634236, chid: 14, chan_client: 3251634239, object: 4279107584 } on 0xc1d0003f:0xff0e0000 -> Translated host(s) [3b]: host ring(s) off the runlist, context UNBOUND (owner ruling B / §U; no guest buffer touched) (263 us, off the GSP lock)
kf3: DEFERRED-API token 0x3 hApiHandle 0x40000010 DONE: EvictCtx { engine_type: 1, h_client: 3251634236, chid: 14, chan_client: 3251634239, object: 4279107584 } on 0xc1d0003f:0xff0e0000 -> Translated host(s) [3b]: host ring(s) off the runlist, context UNBOUND (owner ruling B / §U; no guest buffer touched)
kf3: maplog t=188622.476176 NSI host GR0 wake #2771 raised=false
kf3: maplog t=188622.476182 NSI host CE2 wake #286 raised=false
kf3: NSI RELAY host non-stall (FIFO_EVENT_MTHD) -> guest GR0 vector 0: a Translated GR-tier ring retired engine-written work (rings=3, relay #11)
kf3: maplog t=188622.476207 SPLIT-REQUEST ticket=68 by channel token 0x80c pdb=Some(efa0a000)
kf3: maplog t=188622.476228 ARRIVE split ticket=68 pdb=Some(efa0a000) space=None (inflight walk: none)
kf3: maplog t=188622.476261 walk#2744 SUBMIT wants=[{split ticket=68 pdb=Some(efa0a000) space=None -> [0xc1d0003cff000850]}] walked=[0xc1d0003cff000850=s15@0xefa0a000]
kf3: maplog t=188622.476415 NSI host GR0 wake #2772 raised=false
kf3: maplog t=188622.476451 SPLIT-DONE ticket=68 ok=true
kf3: maplog t=188622.476728 NSI host CE2 wake #287 raised=false
kf3: maplog t=188622.476751 NSI host CE2 wake #288 raised=false
kf3: maplog t=188622.476769 NSI host CE2 wake #289 raised=false
kf3: maplog t=188622.476785 NSI host CE2 wake #290 raised=false
kf3: maplog t=188622.476813 NSI host CE2 wake #291 raised=false
kf3: maplog t=188622.476821 SPLIT-REQUEST ticket=69 by channel token 0x80c pdb=Some(efa0a000)
kf3: maplog t=188622.476834 NSI host CE2 wake #292 raised=false
kf3: maplog t=188622.476839 ARRIVE split ticket=69 pdb=Some(efa0a000) space=None (inflight walk: none)
kf3: maplog t=188622.476862 walk#2745 SUBMIT wants=[{split ticket=69 pdb=Some(efa0a000) space=None -> [0xc1d0003cff000850]}] walked=[0xc1d0003cff000850=s15@0xefa0a000]
kf3: maplog t=188622.476962 NSI host GR0 wake #2773 raised=false
kf3: maplog t=188622.476992 SPLIT-DONE ticket=69 ok=true
kf3: maplog t=188622.477021 NSI host CE2 wake #293 raised=false
kf-rm: rpc-trace fn=76 RmControl seq=0 cmd=0x20801211 client=0xc1d00002 object=0xff030000 result=none
kf3: GSP rpc RmControl seq=0
kf3: GSP rpc UNSERVICED Unserviced { code: 76, sequence: 0 }
kf3: maplog t=188622.478131 ARRIVE inval seq=2661 pdb=0xefa0a000/Vidmem all_pdb=false all_va=true hub_only=false raw=0x80010001 age_us=0 (inflight walk: none)
kf3: maplog t=188622.478148 walk#2746 SUBMIT wants=[{inval seq=2661 pdb=0xefa0a000/Vidmem all_pdb=false all_va=true hub_only=false raw=0x80010001 age_us=8 -> [0xc1d0003cff000850]}] walked=[0xc1d0003cff000850=s15@0xefa0a000]
kf3: maplog t=188622.478252 NSI host GR0 wake #2774 raised=false
kf3: maplog t=188622.478318 walk#2746 VasKey(13965662706452138064) root 0xefa0a000 UNMAP va=0x1200e7000 len=0x1000 at=0x2396fe000 ap=2 kind=0x0 ack=1
kf3: maplog t=188622.478344 CLEAR inval seq=2661 Cleared (arrive->clear 204 us)
kf3: maplog t=188622.478353 APPLIED VasKey(13965662706452138064) +0 -1 host space 0xcafe00bf doorbells []
kf-rm: rpc-trace fn=10 Free seq=0  result=0x0
kf3: GSP rpc Free seq=0
kf-rm: rpc-trace fn=10 Free seq=0  result=0x0
kf3: GSP rpc Free seq=0
kf-rm: rpc-trace fn=10 Free seq=0  result=0x0
kf3: GSP rpc Free seq=0
kf-rm: rpc-trace fn=10 Free seq=0  result=0x0
kf3: GSP rpc Free seq=0
kf-rm: rpc-trace fn=10 Free seq=0  result=0x0
kf3: GSP rpc Free seq=0
kf-rm: rpc-trace fn=10 Free seq=0  result=0x0
kf3: GSP rpc Free seq=0
kf-rm: rpc-trace fn=10 Free seq=0  result=0x0
kayfabe: HELD-REPLY fn=Free depth=1 — this map reply WAITS for its rows
kf3: GSP rpc Free seq=0
kf3: TSPACE-RETIRE tok=0xe host=0x3b key=VasKey(13965662706452138064) ring_va=0xff00d00000 released=true stale_binds=0/0 late=0 indeterminate=0 unresolved[walk=0 acquire=0 refused=0]
kf3: DOORBELL-LEDGER tok=0x0000000e route=translated emulated=0 forwarded=0 host=0x3b fast=0
kf3: chan token 0xe (host 0x3b) RETIRED, forwarded=0 submissions=0 splits=0/0 serves=1 last_put=Some(0) gp_get=None store_views=0 privilege=Some(ChannelPrivilege { level: 2, uvm_owned: false }) dead=None inca=[refused_methods=0 subdevice_masks=0 control_entries=0 ext_base_unapplied=0] gr_tier=true gr[methods=0 inert_binds=0 objects=[(902d, cafe00d0), (a140, cafe00d1), (c997, cafe00d2), (c9c0, cafe00cf)]] gp_get_by_engine=(true, 0)
kf3: act free: 0xc1d0003f:0xff04000c: translated host 0x3b (2691 us, off the GSP lock)
kayfabe: HELD-REPLY-POSTED n=1 — their rows are on the host now
kf3: maplog t=188622.482911 ARRIVE inval seq=2662 pdb=0xefa0a000/Vidmem all_pdb=false all_va=true hub_only=false raw=0x80010001 age_us=0 (inflight walk: none)
kf3: maplog t=188622.482936 walk#2747 SUBMIT wants=[{inval seq=2662 pdb=0xefa0a000/Vidmem all_pdb=false all_va=true hub_only=false raw=0x80010001 age_us=15 -> [0xc1d0003cff000850]}] walked=[0xc1d0003cff000850=s15@0xefa0a000]
kf3: maplog t=188622.483043 NSI host GR0 wake #2775 raised=false
kf3: maplog t=188622.483095 walk#2747 VasKey(13965662706452138064) root 0xefa0a000 UNMAP va=0x1200e4000 len=0x3000 at=0xefa65000 ap=0 kind=0x0 ack=1
kf3: maplog t=188622.483120 CLEAR inval seq=2662 Cleared (arrive->clear 199 us)
kf3: maplog t=188622.483129 APPLIED VasKey(13965662706452138064) +0 -1 host space 0xcafe00bf doorbells []
kf3: maplog t=188622.483262 ARRIVE inval seq=2663 pdb=0xefa0a000/Vidmem all_pdb=false all_va=true hub_only=false raw=0x80010001 age_us=0 (inflight walk: none)
kf3: maplog t=188622.483279 walk#2748 SUBMIT wants=[{inval seq=2663 pdb=0xefa0a000/Vidmem all_pdb=false all_va=true hub_only=false raw=0x80010001 age_us=9 -> [0xc1d0003cff000850]}] walked=[0xc1d0003cff000850=s15@0xefa0a000]
kf3: maplog t=188622.483386 NSI host GR0 wake #2776 raised=false
kf3: maplog t=188622.483500 walk#2748 VasKey(13965662706452138064) root 0xefa0a000 UNMAP va=0x124000000 len=0x25f0000 at=0xed2a0000 ap=0 kind=0x0 ack=1
kf3: maplog t=188622.483531 CLEAR inval seq=2663 Cleared (arrive->clear 261 us)
kf3: maplog t=188622.483539 APPLIED VasKey(13965662706452138064) +0 -1 host space 0xcafe00bf doorbells []
kf3: maplog t=188622.483589 ARRIVE inval seq=2664 pdb=0xefa0a000/Vidmem all_pdb=false all_va=true hub_only=false raw=0x80010001 age_us=0 (inflight walk: none)
kf3: maplog t=188622.483610 walk#2749 SUBMIT wants=[{inval seq=2664 pdb=0xefa0a000/Vidmem all_pdb=false all_va=true hub_only=false raw=0x80010001 age_us=10 -> [0xc1d0003cff000850]}] walked=[0xc1d0003cff000850=s15@0xefa0a000]
kf3: maplog t=188622.483716 NSI host GR0 wake #2777 raised=false
kf3: maplog t=188622.483759 walk#2749 VasKey(13965662706452138064) root 0xefa0a000 UNMAP va=0x120170000 len=0x20000 at=0xef890000 ap=0 kind=0x0 ack=1
kf3: maplog t=188622.483783 CLEAR inval seq=2664 Cleared (arrive->clear 183 us)
kf3: maplog t=188622.483792 APPLIED VasKey(13965662706452138064) +0 -1 host space 0xcafe00bf doorbells []
kf3: maplog t=188622.483843 ARRIVE inval seq=2665 pdb=0xefa0a000/Vidmem all_pdb=false all_va=true hub_only=false raw=0x80010001 age_us=0 (inflight walk: none)
kf3: maplog t=188622.483860 walk#2750 SUBMIT wants=[{inval seq=2665 pdb=0xefa0a000/Vidmem all_pdb=false all_va=true hub_only=false raw=0x80010001 age_us=9 -> [0xc1d0003cff000850]}] walked=[0xc1d0003cff000850=s15@0xefa0a000]
kf3: maplog t=188622.483964 NSI host GR0 wake #2778 raised=false
kf3: maplog t=188622.484013 walk#2750 VasKey(13965662706452138064) root 0xefa0a000 UNMAP va=0x120190000 len=0x80000 at=0xef8b0000 ap=0 kind=0x0 ack=1
kf3: maplog t=188622.484038 CLEAR inval seq=2665 Cleared (arrive->clear 187 us)
kf3: maplog t=188622.484047 APPLIED VasKey(13965662706452138064) +0 -1 host space 0xcafe00bf doorbells []
kf3: maplog t=188622.484092 ARRIVE inval seq=2666 pdb=0xefa0a000/Vidmem all_pdb=false all_va=true hub_only=false raw=0x80010001 age_us=0 (inflight walk: none)
kf3: maplog t=188622.484109 walk#2751 SUBMIT wants=[{inval seq=2666 pdb=0xefa0a000/Vidmem all_pdb=false all_va=true hub_only=false raw=0x80010001 age_us=9 -> [0xc1d0003cff000850]}] walked=[0xc1d0003cff000850=s15@0xefa0a000]
kf3: maplog t=188622.484211 NSI host GR0 wake #2779 raised=false
kf3: maplog t=188622.484253 walk#2751 VasKey(13965662706452138064) root 0xefa0a000 UNMAP va=0x1200cf000 len=0x10000 at=0x23994f000 ap=2 kind=0x0 ack=1
kf3: maplog t=188622.484278 CLEAR inval seq=2666 Cleared (arrive->clear 178 us)
kf3: maplog t=188622.484287 APPLIED VasKey(13965662706452138064) +0 -1 host space 0xcafe00bf doorbells []
kf3: maplog t=188622.484331 ARRIVE inval seq=2667 pdb=0xefa0a000/Vidmem all_pdb=false all_va=true hub_only=false raw=0x80010001 age_us=0 (inflight walk: none)
kf3: maplog t=188622.484347 walk#2752 SUBMIT wants=[{inval seq=2667 pdb=0xefa0a000/Vidmem all_pdb=false all_va=true hub_only=false raw=0x80010001 age_us=8 -> [0xc1d0003cff000850]}] walked=[0xc1d0003cff000850=s15@0xefa0a000]
kf3: maplog t=188622.484450 NSI host GR0 wake #2780 raised=false
kf3: maplog t=188622.484481 walk#2752 VasKey(13965662706452138064) root 0xefa0a000 UNMAP va=0x1200f0000 len=0x80000 at=0xed1a0000 ap=0 kind=0x0 ack=1
kf3: maplog t=188622.484507 CLEAR inval seq=2667 Cleared (arrive->clear 168 us)
kf3: maplog t=188622.484521 APPLIED VasKey(13965662706452138064) +0 -1 host space 0xcafe00bf doorbells []
kf3: maplog t=188622.484569 ARRIVE inval seq=2668 pdb=0xefa0a000/Vidmem all_pdb=false all_va=true hub_only=false raw=0x80010001 age_us=0 (inflight walk: none)
kf3: maplog t=188622.484585 walk#2753 SUBMIT wants=[{inval seq=2668 pdb=0xefa0a000/Vidmem all_pdb=false all_va=true hub_only=false raw=0x80010001 age_us=8 -> [0xc1d0003cff000850]}] walked=[0xc1d0003cff000850=s15@0xefa0a000]
kf3: maplog t=188622.484688 NSI host GR0 wake #2781 raised=false
kf3: maplog t=188622.484720 walk#2753 VasKey(13965662706452138064) root 0xefa0a000 UNMAP va=0x1200df000 len=0x5000 at=0xef9f6000 ap=0 kind=0x0 ack=1
kf3: maplog t=188622.484745 CLEAR inval seq=2668 Cleared (arrive->clear 167 us)
kf3: maplog t=188622.484753 APPLIED VasKey(13965662706452138064) +0 -1 host space 0xcafe00bf doorbells []
kf3: maplog t=188622.485171 ARRIVE inval seq=2669 pdb=0xefa0a000/Vidmem all_pdb=false all_va=true hub_only=false raw=0x80010001 age_us=0 (inflight walk: none)
kf3: maplog t=188622.485187 walk#2754 SUBMIT wants=[{inval seq=2669 pdb=0xefa0a000/Vidmem all_pdb=false all_va=true hub_only=false raw=0x80010001 age_us=8 -> [0xc1d0003cff000850]}] walked=[0xc1d0003cff000850=s15@0xefa0a000]
kf3: maplog t=188622.485290 NSI host GR0 wake #2782 raised=false
kf3: maplog t=188622.485320 walk#2754 VasKey(13965662706452138064) root 0xefa0a000 UNMAP va=0x1200c4000 len=0xb000 at=0x239709000 ap=3 kind=0x0 ack=1
kf3: maplog t=188622.485345 CLEAR inval seq=2669 Cleared (arrive->clear 166 us)
kf3: maplog t=188622.485353 APPLIED VasKey(13965662706452138064) +0 -1 host space 0xcafe00bf doorbells []
kf3: maplog t=188622.489743 NSI host CE2 wake #294 raised=false
kf3: maplog t=188622.489814 NSI host CE2 wake #295 raised=false
kf3: maplog t=188622.489836 NSI host CE2 wake #296 raised=false
kf3: maplog t=188622.489908 NSI host CE2 wake #297 raised=false
kf3: maplog t=188622.489919 SPLIT-REQUEST ticket=70 by channel token 0x80c pdb=Some(efa0a000)
kf3: maplog t=188622.489937 ARRIVE split ticket=70 pdb=Some(efa0a000) space=None (inflight walk: none)
kf3: maplog t=188622.489960 walk#2755 SUBMIT wants=[{split ticket=70 pdb=Some(efa0a000) space=None -> [0xc1d0003cff000850]}] walked=[0xc1d0003cff000850=s15@0xefa0a000]
kf3: maplog t=188622.490056 NSI host GR0 wake #2783 raised=false
kf3: maplog t=188622.490091 SPLIT-DONE ticket=70 ok=true
kf3: maplog t=188622.490134 NSI host CE2 wake #298 raised=false
kf3: maplog t=188622.490193 NSI host CE2 wake #299 raised=false
kf3: maplog t=188622.490218 NSI host CE2 wake #300 raised=false
kf3: maplog t=188622.490293 NSI host CE2 wake #301 raised=false
kf3: maplog t=188622.490469 NSI host CE2 wake #302 raised=false
kf3: maplog t=188622.490552 NSI host CE2 wake #303 raised=false
kf-rm: rpc-trace fn=10 Free seq=0  result=0x0
kf3: GSP rpc Free seq=0
kf-rm: rpc-trace fn=10 Free seq=0  result=0x0
kf3: GSP rpc Free seq=0
kf-rm: rpc-trace fn=10 Free seq=0  result=0x0
kf3: GSP rpc Free seq=0
kf-rm: rpc-trace fn=10 Free seq=0  result=0x0
kf3: GSP rpc Free seq=0
kf-rm: rpc-trace fn=10 Free seq=0  result=0x0
kf3: GSP rpc Free seq=0
kf-rm: rpc-trace fn=10 Free seq=0  result=0x0
kf3: GSP rpc Free seq=0
kf-rm: rpc-trace fn=10 Free seq=0  result=0x0
kf3: GSP rpc Free seq=0
kf-rm: rpc-trace fn=76 RmControl seq=0 cmd=0x20809064 client=0xc1d00002 object=0xff030000 result=0x0
kf3: GSP rpc RmControl seq=0
W343GSSCENSUS cmd=0x20809004 params_size=1544 params_at=40 payload_len=1584
kf-rm: rpc-trace fn=76 RmControl seq=0 cmd=0x20809004 client=0xc1d00002 object=0xff030000 result=none
kf3: GSP rpc RmControl seq=0
kf3: GSP rpc UNSERVICED Unserviced { code: 76, sequence: 0 }
kf3: maplog t=188622.584819 NSI host CE2 wake #304 raised=false
kf3: maplog t=188622.584888 NSI host CE2 wake #305 raised=false
kf3: maplog t=188622.584902 SPLIT-REQUEST ticket=71 by channel token 0x80c pdb=Some(efa0a000)
kf3: maplog t=188622.584936 ARRIVE split ticket=71 pdb=Some(efa0a000) space=None (inflight walk: none)
kf3: maplog t=188622.584979 walk#2756 SUBMIT wants=[{split ticket=71 pdb=Some(efa0a000) space=None -> [0xc1d0003cff000850]}] walked=[0xc1d0003cff000850=s15@0xefa0a000]
kf3: maplog t=188622.585079 NSI host GR0 wake #2784 raised=false
kf3: maplog t=188622.585139 SPLIT-DONE ticket=71 ok=true
kf3: maplog t=188622.585186 NSI host CE2 wake #306 raised=false
kf3: maplog t=188622.587146 NSI host CE2 wake #307 raised=false
kf-rm: chanlink: client 0xc1d00040 root: kernel=false internal=false
kf-rm: rpc-trace fn=103 RmAlloc seq=0 class=0x0000 client=0xc1d00040 parent=0x0 handle=0x0 result=0x0
kf3: GSP rpc RmAlloc seq=0
kf3: maplog t=188622.587372 NSI host CE2 wake #308 raised=false
kf3: maplog t=188622.587386 SPLIT-REQUEST ticket=72 by channel token 0x80c pdb=Some(efa0a000)
kf-rm: rpc-trace fn=103 RmAlloc seq=0 class=0x0080 client=0xc1d00040 parent=0xc1d00040 handle=0xff020000 device_facts=DeviceAllocFacts { device_id: 0, h_client_share: c1d0003c, h_target_client: c1d00002, h_target_device: ff010000, flags: 38, va_space_size: 10000000000, va_mode: 0 } result=0x0
kf3: GSP rpc RmAlloc seq=0
kf3: maplog t=188622.587420 ARRIVE split ticket=72 pdb=Some(efa0a000) space=None (inflight walk: none)
kf3: maplog t=188622.587458 walk#2757 SUBMIT wants=[{split ticket=72 pdb=Some(efa0a000) space=None -> [0xc1d0003cff000850]}] walked=[0xc1d0003cff000850=s15@0xefa0a000]
kf3: maplog t=188622.587551 NSI host GR0 wake #2785 raised=false
kf3: maplog t=188622.587607 SPLIT-DONE ticket=72 ok=true
kf-rm: rpc-trace fn=103 RmAlloc seq=0 class=0x2080 client=0xc1d00040 parent=0xff020000 handle=0xff030000 result=0x0
kf3: GSP rpc RmAlloc seq=0
kf3: maplog t=188622.587696 NSI host CE2 wake #309 raised=false
kf3: maplog t=188622.587710 SPLIT-REQUEST ticket=73 by channel token 0x80c pdb=Some(efa0a000)
kf3: maplog t=188622.587711 NSI host CE2 wake #310 raised=false
kf3: maplog t=188622.587744 ARRIVE split ticket=73 pdb=Some(efa0a000) space=None (inflight walk: none)
kf3: maplog t=188622.587781 walk#2758 SUBMIT wants=[{split ticket=73 pdb=Some(efa0a000) space=None -> [0xc1d0003cff000850]}] walked=[0xc1d0003cff000850=s15@0xefa0a000]
kf3: maplog t=188622.587871 NSI host GR0 wake #2786 raised=false
kf3: maplog t=188622.587922 SPLIT-DONE ticket=73 ok=true
kf3: maplog t=188622.587963 NSI host CE2 wake #311 raised=false
kf-rm: rpc-trace fn=103 RmAlloc seq=0 class=0x0070 client=0xc1d00040 parent=0xff020000 handle=0xff000010 result=0x0
kf3: GSP rpc RmAlloc seq=0
kf-rm: rpc-trace fn=103 RmAlloc seq=0 class=0x0070 client=0xc1d00040 parent=0xff020000 handle=0xff1fe038 result=0x0
kf3: GSP rpc RmAlloc seq=0
kf3: FIFO_GET_LATENCY_BUFFER_SIZE engine 0x1: gp=0x240 pb=0x2880 (the host's answer)
kf-rm: rpc-trace fn=76 RmControl seq=0 cmd=0x0080170e client=0xc1d00040 object=0xff020000 result=0x0
kf3: GSP rpc RmControl seq=0
kf3: maplog t=188622.589692 ARRIVE inval seq=2670 pdb=0xefa0a000/Vidmem all_pdb=false all_va=true hub_only=false raw=0x80010001 age_us=0 (inflight walk: none)
kf3: maplog t=188622.589733 walk#2759 SUBMIT wants=[{inval seq=2670 pdb=0xefa0a000/Vidmem all_pdb=false all_va=true hub_only=false raw=0x80010001 age_us=22 -> [0xc1d0003cff000850]}] walked=[0xc1d0003cff000850=s15@0xefa0a000]
kf3: maplog t=188622.589829 NSI host GR0 wake #2787 raised=false
kf3: maplog t=188622.589923 walk#2759 VasKey(13965662706452138064) root 0xefa0a000 MAP va=0x1200c4000 len=0xb000 at=0x239709000 ap=3 kind=0x0 ack=1
kf3: maplog t=188622.589964 CLEAR inval seq=2670 Cleared (arrive->clear 253 us)
kf3: maplog t=188622.589978 APPLIED VasKey(13965662706452138064) +1 -0 host space 0xcafe00bf doorbells []
kf-rm: rpc-trace fn=76 RmControl seq=0 cmd=0x20802a08 client=0x0 object=0x0 result=0x0
kf3: GSP rpc RmControl seq=0
kf-rm: rpc-trace fn=103 RmAlloc seq=0 class=0xa06c client=0xc1d00040 parent=0xff020000 handle=0xff0e0000 tsg_facts=TsgAllocFacts { h_vaspace: 0, engine_type: 1 } result=0x0
kf3: GSP rpc RmAlloc seq=0
kf-rm: rpc-trace fn=76 RmControl seq=0 cmd=0xa06c010a client=0xc1d00040 object=0xff0e0000 result=0x0
kf3: GSP rpc RmControl seq=0
kf-rm: rpc-trace fn=103 RmAlloc seq=0 class=0x9067 client=0xc1d00040 parent=0xff0e0000 handle=0xff0e0200 result=0x0
kf3: GSP rpc RmAlloc seq=0
kf3: maplog t=188622.591028 ARRIVE inval seq=2671 pdb=0xf3392000/Vidmem all_pdb=false all_va=true hub_only=true raw=0x80010005 age_us=0 (inflight walk: none)
kf3: maplog t=188622.591055 walk#2760 SUBMIT wants=[{inval seq=2671 pdb=0xf3392000/Vidmem all_pdb=false all_va=true hub_only=true raw=0x80010005 age_us=16 -> [0xffffffff00000002]}] walked=[0xffffffff00000002=s0@0xf3392000]
kf3: maplog t=188622.591158 NSI host GR0 wake #2788 raised=false
kf3: maplog t=188622.591195 CLEAR inval seq=2671 Cleared (arrive->clear 156 us)
kf-rm: rpc-trace fn=103 RmAlloc seq=0 class=0xc56f client=0xc1d00040 parent=0xff0e0000 handle=0xff04000c result=0x0
kayfabe: HELD-REPLY fn=RmAlloc depth=1 — this map reply WAITS for its rows
kf3: GSP rpc RmAlloc seq=0
kf-host: channel birth h=0xcafe00d5 engine=0x1 reply_flags=0x00000080 PRIVILEGED_CHANNEL=0 privilege=USER cap_sys_admin=cleared-for-call
kf-chan: GR tier admitted host channel 0xcafe00d5 (token 0x3b) reply_flags=0x00000080 privilege=USER objects=[(902d, cafe00d8), (a140, cafe00d9), (c997, cafe00da), (c9c0, cafe00d7)]
kf3: act birth translated: chan 0xc1d00040:0xff04000c BORN Translated: token 0xe -> host 0x3b in VasKey(13965662706452138064) gpfifo=0x4000000x8192 userd=Some(Sysmem { base: 9553657856, size: 512 }) engine=0x1 tsg=Some(ff0e0000) kernel_by=PRIVILEGE=KERNEL ring_va=0xff00d00000 userd_at_birth(GP_PUT,GP_GET)=(Some(0), Some(0)) zeroed=512B gr_tier=true gp_get_by_engine=true sw_subch_inert=true scheduled_at_birth=false fast=off (5277 us, off the GSP lock)
kayfabe: HELD-REPLY-POSTED n=1 — their rows are on the host now
kf3: chan 0xc1d00040:0xff04000c: NV50_DEFERRED_API 0xff1fe010 ADMITTED on Translated host 0x3b, software classID Some(1) (OWNER_RULINGS §U.1)
kf-rm: rpc-trace fn=103 RmAlloc seq=0 class=0x5080 client=0xc1d00040 parent=0xff04000c handle=0xff1fe010 result=0x0
kf3: GSP rpc RmAlloc seq=0
kf-rm: rpc-trace fn=103 RmAlloc seq=0 class=0xc7b5 client=0xc1d00040 parent=0xff04000c handle=0xff1fe034 result=0x0
kf3: GSP rpc RmAlloc seq=0
kf3: maplog t=188622.597631 ARRIVE inval seq=2672 pdb=0xefa0a000/Vidmem all_pdb=false all_va=true hub_only=false raw=0x80010001 age_us=0 (inflight walk: none)
kf3: maplog t=188622.597671 walk#2761 SUBMIT wants=[{inval seq=2672 pdb=0xefa0a000/Vidmem all_pdb=false all_va=true hub_only=false raw=0x80010001 age_us=22 -> [0xc1d0003cff000850]}] walked=[0xc1d0003cff000850=s15@0xefa0a000]
kf3: maplog t=188622.597769 NSI host GR0 wake #2789 raised=false
kf3: maplog t=188622.597863 walk#2761 VasKey(13965662706452138064) root 0xefa0a000 MAP va=0x1200cf000 len=0x10000 at=0x23994f000 ap=2 kind=0x0 ack=1
kf3: maplog t=188622.597902 CLEAR inval seq=2672 Cleared (arrive->clear 252 us)
kf3: maplog t=188622.597915 APPLIED VasKey(13965662706452138064) +1 -0 host space 0xcafe00bf doorbells []
kf-rm: rpc-trace fn=76 RmControl seq=0 cmd=0x20800a38 client=0x0 object=0x0 result=0x0
kf3: GSP rpc RmControl seq=0
kf-rm: rpc-trace fn=76 RmControl seq=0 cmd=0x20800a3a client=0x0 object=0x0 result=none
kf3: GSP rpc RmControl seq=0
kf3: GSP rpc UNSERVICED Unserviced { code: 76, sequence: 0 }
kf3: maplog t=188622.598173 ARRIVE inval seq=2673 pdb=0xefa0a000/Vidmem all_pdb=false all_va=true hub_only=false raw=0x80010001 age_us=0 (inflight walk: none)
kf3: maplog t=188622.598210 walk#2762 SUBMIT wants=[{inval seq=2673 pdb=0xefa0a000/Vidmem all_pdb=false all_va=true hub_only=false raw=0x80010001 age_us=21 -> [0xc1d0003cff000850]}] walked=[0xc1d0003cff000850=s15@0xefa0a000]
kf3: maplog t=188622.598310 NSI host GR0 wake #2790 raised=false
kf3: maplog t=188622.598398 walk#2762 VasKey(13965662706452138064) root 0xefa0a000 MAP va=0x1200df000 len=0x5000 at=0xef9f6000 ap=0 kind=0x0 ack=1
kf3: maplog t=188622.598438 CLEAR inval seq=2673 Cleared (arrive->clear 249 us)
kf3: maplog t=188622.598451 APPLIED VasKey(13965662706452138064) +1 -0 host space 0xcafe00bf doorbells []
kf3: maplog t=188622.598517 ARRIVE inval seq=2674 pdb=0xefa0a000/Vidmem all_pdb=false all_va=true hub_only=false raw=0x80010001 age_us=0 (inflight walk: none)
kf3: maplog t=188622.598552 walk#2763 SUBMIT wants=[{inval seq=2674 pdb=0xefa0a000/Vidmem all_pdb=false all_va=true hub_only=false raw=0x80010001 age_us=21 -> [0xc1d0003cff000850]}] walked=[0xc1d0003cff000850=s15@0xefa0a000]
kf3: maplog t=188622.598651 NSI host GR0 wake #2791 raised=false
kf3: maplog t=188622.598721 walk#2763 VasKey(13965662706452138064) root 0xefa0a000 MAP va=0x1200f0000 len=0x80000 at=0xed1a0000 ap=0 kind=0x0 ack=1
kf3: maplog t=188622.598749 CLEAR inval seq=2674 Cleared (arrive->clear 217 us)
kf3: maplog t=188622.598758 APPLIED VasKey(13965662706452138064) +1 -0 host space 0xcafe00bf doorbells []
kf-rm: chanlink: GPU_PROMOTE_CTX on 0xc1d00040:0xff030000 params=560 rpc_flags=0x0
kf-rm: rpc-trace fn=76 RmControl seq=0 cmd=0x2080012b client=0xc1d00040 object=0xff030000 result=0x0
kayfabe: HELD-REPLY fn=RmControl depth=1 — this map reply WAITS for its rows
kf3: GSP rpc RmControl seq=0
kf3: act promote translated context: 0xc1d00040:0xff04000c GPU_PROMOTE_CTX satisfied by Translated host 0x3b GR=Some((cafe00d7, c9c0)) VIDEO=None entries=3 init_ids=0x4 va_ids=0xa04 bound=true — no guest buffer touched (1 us, off the GSP lock)
kayfabe: HELD-REPLY-POSTED n=1 — their rows are on the host now
kf-rm: rpc-trace fn=103 RmAlloc seq=0 class=0xa140 client=0xc1d00040 parent=0xff04000c handle=0xff1fe01a result=0x0
kf3: GSP rpc RmAlloc seq=0
kf-rm: rpc-trace fn=76 RmControl seq=0 cmd=0x20800a38 client=0x0 object=0x0 result=0x0
kf3: GSP rpc RmControl seq=0
kf-rm: rpc-trace fn=76 RmControl seq=0 cmd=0x20800a3a client=0x0 object=0x0 result=none
kf3: GSP rpc RmControl seq=0
kf3: GSP rpc UNSERVICED Unserviced { code: 76, sequence: 0 }
kf3: maplog t=188622.599259 ARRIVE inval seq=2675 pdb=0xefa0a000/Vidmem all_pdb=false all_va=true hub_only=false raw=0x80010001 age_us=0 (inflight walk: none)
kf3: maplog t=188622.599283 walk#2764 SUBMIT wants=[{inval seq=2675 pdb=0xefa0a000/Vidmem all_pdb=false all_va=true hub_only=false raw=0x80010001 age_us=15 -> [0xc1d0003cff000850]}] walked=[0xc1d0003cff000850=s15@0xefa0a000]
kf3: maplog t=188622.599382 NSI host GR0 wake #2792 raised=false
kf3: maplog t=188622.599428 walk#2764 VasKey(13965662706452138064) root 0xefa0a000 MAP va=0x1200e4000 len=0x3000 at=0xefa65000 ap=0 kind=0x0 ack=1
kf3: maplog t=188622.599453 CLEAR inval seq=2675 Cleared (arrive->clear 186 us)
kf3: maplog t=188622.599462 APPLIED VasKey(13965662706452138064) +1 -0 host space 0xcafe00bf doorbells []
kf3: maplog t=188622.599579 ARRIVE inval seq=2676 pdb=0xefa0a000/Vidmem all_pdb=false all_va=true hub_only=false raw=0x80010001 age_us=0 (inflight walk: none)
kf3: maplog t=188622.599600 walk#2765 SUBMIT wants=[{inval seq=2676 pdb=0xefa0a000/Vidmem all_pdb=false all_va=true hub_only=false raw=0x80010001 age_us=11 -> [0xc1d0003cff000850]}] walked=[0xc1d0003cff000850=s15@0xefa0a000]
kf3: maplog t=188622.599705 NSI host GR0 wake #2793 raised=false
kf3: maplog t=188622.600199 walk#2765 VasKey(13965662706452138064) root 0xefa0a000 MAP va=0x124000000 len=0x25f0000 at=0xed2a0000 ap=0 kind=0x0 ack=1
kf3: maplog t=188622.600224 CLEAR inval seq=2676 Cleared (arrive->clear 635 us)
kf3: maplog t=188622.600233 APPLIED VasKey(13965662706452138064) +1 -0 host space 0xcafe00bf doorbells []
kf3: maplog t=188622.600300 ARRIVE inval seq=2677 pdb=0xefa0a000/Vidmem all_pdb=false all_va=true hub_only=false raw=0x80010001 age_us=0 (inflight walk: none)
kf3: maplog t=188622.600320 walk#2766 SUBMIT wants=[{inval seq=2677 pdb=0xefa0a000/Vidmem all_pdb=false all_va=true hub_only=false raw=0x80010001 age_us=11 -> [0xc1d0003cff000850]}] walked=[0xc1d0003cff000850=s15@0xefa0a000]
kf3: maplog t=188622.600425 NSI host GR0 wake #2794 raised=false
kf3: maplog t=188622.600470 walk#2766 VasKey(13965662706452138064) root 0xefa0a000 MAP va=0x120170000 len=0x20000 at=0xef890000 ap=0 kind=0x0 ack=1
kf3: maplog t=188622.600495 CLEAR inval seq=2677 Cleared (arrive->clear 186 us)
kf3: maplog t=188622.600503 APPLIED VasKey(13965662706452138064) +1 -0 host space 0xcafe00bf doorbells []
kf3: maplog t=188622.600572 ARRIVE inval seq=2678 pdb=0xefa0a000/Vidmem all_pdb=false all_va=true hub_only=false raw=0x80010001 age_us=0 (inflight walk: none)
kf3: maplog t=188622.600590 walk#2767 SUBMIT wants=[{inval seq=2678 pdb=0xefa0a000/Vidmem all_pdb=false all_va=true hub_only=false raw=0x80010001 age_us=10 -> [0xc1d0003cff000850]}] walked=[0xc1d0003cff000850=s15@0xefa0a000]
kf3: maplog t=188622.600698 NSI host GR0 wake #2795 raised=false
kf3: maplog t=188622.600754 walk#2767 VasKey(13965662706452138064) root 0xefa0a000 MAP va=0x120190000 len=0x80000 at=0xef8b0000 ap=0 kind=0x0 ack=1
kf3: maplog t=188622.600779 CLEAR inval seq=2678 Cleared (arrive->clear 199 us)
kf3: maplog t=188622.600788 APPLIED VasKey(13965662706452138064) +1 -0 host space 0xcafe00bf doorbells []
kf-rm: chanlink: GPU_PROMOTE_CTX on 0xc1d00040:0xff030000 params=560 rpc_flags=0x0
kf-rm: rpc-trace fn=76 RmControl seq=0 cmd=0x2080012b client=0xc1d00040 object=0xff030000 result=0x0
kayfabe: HELD-REPLY fn=RmControl depth=1 — this map reply WAITS for its rows
kf3: GSP rpc RmControl seq=0
kf3: act promote translated context: 0xc1d00040:0xff04000c GPU_PROMOTE_CTX satisfied by Translated host 0x3b GR=Some((cafe00d7, c9c0)) VIDEO=None entries=4 init_ids=0x0 va_ids=0x78 bound=true — no guest buffer touched (0 us, off the GSP lock)
kayfabe: HELD-REPLY-POSTED n=1 — their rows are on the host now
kf-rm: rpc-trace fn=103 RmAlloc seq=0 class=0x902d client=0xc1d00040 parent=0xff04000c handle=0xff1fe02c result=0x0
kf3: GSP rpc RmAlloc seq=0
kf-rm: rpc-trace fn=76 RmControl seq=0 cmd=0x20800a38 client=0x0 object=0x0 result=0x0
kf3: GSP rpc RmControl seq=0
kf-rm: rpc-trace fn=76 RmControl seq=0 cmd=0x20800a3a client=0x0 object=0x0 result=none
kf3: GSP rpc RmControl seq=0
kf3: GSP rpc UNSERVICED Unserviced { code: 76, sequence: 0 }
kf-rm: rpc-trace fn=103 RmAlloc seq=0 class=0xc997 client=0xc1d00040 parent=0xff04000c handle=0xff1fe026 result=0x0
kf3: GSP rpc RmAlloc seq=0
kf-rm: rpc-trace fn=76 RmControl seq=0 cmd=0x20800a38 client=0x0 object=0x0 result=0x0
kf3: GSP rpc RmControl seq=0
kf-rm: rpc-trace fn=76 RmControl seq=0 cmd=0x20800a3a client=0x0 object=0x0 result=none
kf3: GSP rpc RmControl seq=0
kf3: GSP rpc UNSERVICED Unserviced { code: 76, sequence: 0 }
kf-rm: rpc-trace fn=103 RmAlloc seq=0 class=0xc9c0 client=0xc1d00040 parent=0xff04000c handle=0xff1fe032 result=0x0
kf3: GSP rpc RmAlloc seq=0
kf-rm: rpc-trace fn=76 RmControl seq=0 cmd=0xa06c0103 client=0xc1d00040 object=0xff0e0000 result=0x0
kayfabe: HELD-REPLY fn=RmControl depth=1 — this map reply WAITS for its rows
kf3: GSP rpc RmControl seq=0
kf3: act timeslice: 0xc1d00040:0xff0e0000 SET_TIMESLICE 400 us on 1 twin group(s) (213 us, off the GSP lock)
kayfabe: HELD-REPLY-POSTED n=1 — their rows are on the host now
kf3: chan 0xc1d00040:0xff0e0000 GPFIFO_SCHEDULE enable=true (token 0xe, host 0x3b)
kf-rm: rpc-trace fn=76 RmControl seq=0 cmd=0xa06c0101 client=0xc1d00040 object=0xff0e0000 result=0x0
kf3: GSP rpc RmControl seq=0
qemu-system-x86_64: info: kf3: BAR0-TRACE read trap ON (flip 43)
kf3: maplog t=188622.625704 ARRIVE inval seq=2679 pdb=0xefa0a000/Vidmem all_pdb=false all_va=true hub_only=false raw=0x80010001 age_us=0 (inflight walk: none)
kf3: maplog t=188622.625745 walk#2768 SUBMIT wants=[{inval seq=2679 pdb=0xefa0a000/Vidmem all_pdb=false all_va=true hub_only=false raw=0x80010001 age_us=22 -> [0xc1d0003cff000850]}] walked=[0xc1d0003cff000850=s15@0xefa0a000]
kf3: maplog t=188622.625859 NSI host GR0 wake #2796 raised=false
kf3: maplog t=188622.625955 walk#2768 VasKey(13965662706452138064) root 0xefa0a000 MAP va=0x1200e7000 len=0x1000 at=0x2396fe000 ap=2 kind=0x0 ack=1
kf3: maplog t=188622.625997 CLEAR inval seq=2679 Cleared (arrive->clear 273 us)
kf3: maplog t=188622.626011 APPLIED VasKey(13965662706452138064) +1 -0 host space 0xcafe00bf doorbells []
kf3: maplog t=188622.629179 NSI host CE2 wake #312 raised=false
kf3: maplog t=188622.629285 NSI host CE2 wake #313 raised=false
kf3: maplog t=188622.629306 SPLIT-REQUEST ticket=74 by channel token 0x80c pdb=Some(efa38000)
kf3: maplog t=188622.629344 ARRIVE split ticket=74 pdb=Some(efa38000) space=None (inflight walk: none)
kf3: maplog t=188622.629385 walk#2769 SUBMIT wants=[{split ticket=74 pdb=Some(efa38000) space=None -> [0xc1d00021ff000850]}] walked=[0xc1d00021ff000850=s8@0xefa38000]
kf3: maplog t=188622.629515 NSI host GR0 wake #2797 raised=false
kf3: maplog t=188622.630045 walk#2769 VasKey(13965662590488021072) root 0xefa38000 MAP va=0x603f2000 len=0x1073000 at=0xe93a6000 ap=0 kind=0x6 ack=1
kf3: maplog t=188622.630045 walk#2769 VasKey(13965662590488021072) root 0xefa38000 MAP va=0x100603f2000 len=0x1073000 at=0xe93a6000 ap=0 kind=0x6 ack=1
kf3: maplog t=188622.630100 SPLIT-DONE ticket=74 ok=true
kf3: maplog t=188622.630109 APPLIED VasKey(13965662590488021072) +2 -0 host space 0xcafe0062 doorbells []
kf3: maplog t=188622.630463 NSI host CE2 wake #314 raised=false
kf3: maplog t=188622.631762 NSI host CE2 wake #315 raised=false
kf3: maplog t=188622.631842 NSI host CE2 wake #316 raised=false
kf3: maplog t=188622.631856 SPLIT-REQUEST ticket=75 by channel token 0x80c pdb=Some(efa38000)
kf3: maplog t=188622.631889 ARRIVE split ticket=75 pdb=Some(efa38000) space=None (inflight walk: none)
kf3: maplog t=188622.631927 walk#2770 SUBMIT wants=[{split ticket=75 pdb=Some(efa38000) space=None -> [0xc1d00021ff000850]}] walked=[0xc1d00021ff000850=s8@0xefa38000]
kf3: maplog t=188622.632045 NSI host GR0 wake #2798 raised=false
kf3: maplog t=188622.632266 walk#2770 VasKey(13965662590488021072) root 0xefa38000 UNMAP va=0x603f2000 len=0x1073000 at=0xe93a6000 ap=0 kind=0x6 ack=1
kf3: maplog t=188622.632266 walk#2770 VasKey(13965662590488021072) root 0xefa38000 UNMAP va=0x100603f2000 len=0x1073000 at=0xe93a6000 ap=0 kind=0x6 ack=1
kf3: maplog t=188622.632344 SPLIT-DONE ticket=75 ok=true
kf3: maplog t=188622.632358 APPLIED VasKey(13965662590488021072) +0 -2 host space 0xcafe0062 doorbells []
kf3: maplog t=188622.632519 NSI host CE2 wake #317 raised=false
kf3: maplog t=188622.632533 NSI host CE2 wake #318 raised=false
kf3: maplog t=188622.632569 NSI host CE2 wake #319 raised=false
kf3: maplog t=188622.632904 NSI host CE2 wake #320 raised=false
kf3: maplog t=188622.632980 NSI host CE2 wake #321 raised=false
kf3: maplog t=188622.633029 NSI host CE2 wake #322 raised=false
kf3: maplog t=188622.633097 NSI host CE2 wake #323 raised=false
kf3: maplog t=188622.633380 NSI host CE2 wake #324 raised=false
kf3: maplog t=188622.633450 NSI host CE2 wake #325 raised=false
kf3: maplog t=188622.633798 NSI host CE2 wake #326 raised=false
kf3: maplog t=188622.633869 NSI host CE2 wake #327 raised=false
kf3: maplog t=188622.633881 SPLIT-REQUEST ticket=76 by channel token 0x80c pdb=Some(efa0a000)
kf3: maplog t=188622.633909 ARRIVE split ticket=76 pdb=Some(efa0a000) space=None (inflight walk: none)
kf3: maplog t=188622.633935 walk#2771 SUBMIT wants=[{split ticket=76 pdb=Some(efa0a000) space=None -> [0xc1d0003cff000850]}] walked=[0xc1d0003cff000850=s15@0xefa0a000]
kf3: maplog t=188622.634036 NSI host GR0 wake #2799 raised=false
kf3: maplog t=188622.634081 SPLIT-DONE ticket=76 ok=true
kf3: maplog t=188622.634112 NSI host CE2 wake #328 raised=false
kf3: maplog t=188622.635109 NSI host CE2 wake #329 raised=false
kf3: maplog t=188622.635182 NSI host CE2 wake #330 raised=false
kf-rm: DEFERRED-API 0x50800101 on 0xc1d00015:0xff1fe010 hApiHandle=0x40000011 cmd=0x2080012d psz=584 -> 0x0
kf-rm: rpc-trace fn=76 RmControl seq=0 cmd=0x50800101 client=0xc1d00015 object=0xff1fe010 result=0x0
kf3: BAR0-TRACE window #22 chan=0xc1d00040:0xff0e0000 (host 0x3b) closed by the next RPC (RmControl): 369 access(es)
kf3: BAR0-TRACE #22 W 0xb81208 w4 = 0x101
kf3: BAR0-TRACE #22 W 0xb81210 w4 = 0xc10007a
kf3: BAR0-TRACE #22 W 0xb81608 w4 = 0xfffffffe
kf3: BAR0-TRACE #22 W 0xb81408 w4 = 0x101
kf3: BAR0-TRACE #22 W 0xb81410 w4 = 0xffffffff
kf3: BAR0-TRACE #22 W 0xb81610 w4 = 0x8
kf3: BAR0-TRACE #22 W 0xb81210 w4 = 0x4000000
kf3: BAR0-TRACE #22 W 0xb81208 w4 = 0x101
kf3: BAR0-TRACE #22 W 0xb81210 w4 = 0xc10007a
kf3: BAR0-TRACE #22 W 0xb81608 w4 = 0xfffffffe
kf3: BAR0-TRACE #22 W 0xb81408 w4 = 0x101
kf3: BAR0-TRACE #22 W 0xb81410 w4 = 0xffffffff
kf3: BAR0-TRACE #22 W 0xb81610 w4 = 0x8
kf3: BAR0-TRACE #22 W 0xb81210 w4 = 0x4000000
kf3: BAR0-TRACE #22 W 0xb81208 w4 = 0x101
kf3: BAR0-TRACE #22 W 0xb81210 w4 = 0xc10007a
kf3: BAR0-TRACE #22 W 0xb81608 w4 = 0xfffffffe
kf3: BAR0-TRACE #22 W 0xb81408 w4 = 0x101
kf3: BAR0-TRACE #22 W 0xb81410 w4 = 0xffffffff
kf3: BAR0-TRACE #22 W 0xb81610 w4 = 0x8
kf3: BAR0-TRACE #22 W 0xb81210 w4 = 0x4000000
kf3: BAR0-TRACE #22 R 0xb830b0 w4 = 0x10001
kf3: BAR0-TRACE #22 W 0xb830a0 w4 = 0xefa0a0
kf3: BAR0-TRACE #22 W 0xb830a4 w4 = 0x0
kf3: BAR0-TRACE #22 W 0xb830b0 w4 = 0x80010001
kf3: BAR0-TRACE #22 R 0xb830b0 w4 = 0x80010001 x53
kf3: BAR0-TRACE #22 R 0xb830b0 w4 = 0x10001
kf3: BAR0-TRACE #22 W 0xb81208 w4 = 0x101
kf3: BAR0-TRACE #22 W 0xb81210 w4 = 0xc10007a
kf3: BAR0-TRACE #22 W 0xb81608 w4 = 0xfffffffe
kf3: BAR0-TRACE #22 W 0xb81408 w4 = 0x101
kf3: BAR0-TRACE #22 W 0xb81410 w4 = 0xffffffff
kf3: BAR0-TRACE #22 W 0xb81610 w4 = 0x8
kf3: BAR0-TRACE #22 W 0xb81210 w4 = 0x4000000
kf3: BAR0-TRACE #22 W 0xb81208 w4 = 0x101
kf3: BAR0-TRACE #22 W 0xb81210 w4 = 0xc10007a
kf3: BAR0-TRACE #22 W 0xb81608 w4 = 0xfffffffe
kf3: BAR0-TRACE #22 W 0xbb0090 w4 = 0x1000c x2
kf3: BAR0-TRACE #22 W 0xb81408 w4 = 0x101
kf3: BAR0-TRACE #22 W 0xb81410 w4 = 0xffffffff
kf3: BAR0-TRACE #22 W 0xb81610 w4 = 0x8
kf3: BAR0-TRACE #22 R 0xb81008 w4 = 0x0
kf3: BAR0-TRACE #22 R 0xb8100c w4 = 0x0
kf3: BAR0-TRACE #22 R 0xb81010 w4 = 0x0
kf3: BAR0-TRACE #22 R 0xb81014 w4 = 0x0
kf3: BAR0-TRACE #22 R 0xb81018 w4 = 0x0
kf3: BAR0-TRACE #22 R 0xb8101c w4 = 0x0
kf3: BAR0-TRACE #22 W 0xb81208 w4 = 0x101
kf3: BAR0-TRACE #22 W 0xb81210 w4 = 0xc10007a
kf3: BAR0-TRACE #22 W 0xb81608 w4 = 0xfffffffe
kf3: BAR0-TRACE #22 R 0xb81600 w4 = 0x1
kf3: BAR0-TRACE #22 R 0xb81000 w4 = 0x2
kf3: BAR0-TRACE #22 R 0xb81200 w4 = 0x3f
kf3: BAR0-TRACE #22 W 0xb81000 w4 = 0x2
kf3: BAR0-TRACE #22 R 0xb81004 w4 = 0x0
kf3: BAR0-TRACE #22 R 0xb81204 w4 = 0x0
kf3: BAR0-TRACE #22 W 0xb81408 w4 = 0x101
kf3: BAR0-TRACE #22 W 0xb81410 w4 = 0xffffffff
kf3: BAR0-TRACE #22 W 0xb81610 w4 = 0x8
kf3: BAR0-TRACE #22 R 0xb81008 w4 = 0x0
kf3: BAR0-TRACE #22 R 0xb8100c w4 = 0x0
kf3: BAR0-TRACE #22 R 0xb81010 w4 = 0x0
kf3: BAR0-TRACE #22 R 0xb81014 w4 = 0x0
kf3: BAR0-TRACE #22 R 0xb81018 w4 = 0x0
kf3: BAR0-TRACE #22 R 0xb8101c w4 = 0x0
kf3: BAR0-TRACE #22 W 0xb81208 w4 = 0x101
kf3: BAR0-TRACE #22 W 0xb81210 w4 = 0xc10007a
kf3: BAR0-TRACE #22 W 0xb81608 w4 = 0xfffffffe
kf3: BAR0-TRACE #22 R 0xb81600 w4 = 0x0
kf3: BAR0-TRACE #22 W 0xb81408 w4 = 0x101
kf3: BAR0-TRACE #22 W 0xb81410 w4 = 0xffffffff
kf3: BAR0-TRACE #22 W 0xb81610 w4 = 0x8
kf3: BAR0-TRACE #22 R 0xb81008 w4 = 0x0
kf3: BAR0-TRACE #22 R 0xb8100c w4 = 0x0
kf3: BAR0-TRACE #22 R 0xb81010 w4 = 0x0
kf3: BAR0-TRACE #22 R 0xb81014 w4 = 0x0
kf3: BAR0-TRACE #22 R 0xb81018 w4 = 0x0
kf3: BAR0-TRACE #22 R 0xb8101c w4 = 0x0
kf3: BAR0-TRACE #22 W 0xb81208 w4 = 0x101
kf3: BAR0-TRACE #22 W 0xb81210 w4 = 0xc10007a
kf3: BAR0-TRACE #22 W 0xb81608 w4 = 0xfffffffe
kf3: BAR0-TRACE #22 R 0xb81600 w4 = 0x1
kf3: BAR0-TRACE #22 R 0xb81000 w4 = 0x2
kf3: BAR0-TRACE #22 R 0xb81200 w4 = 0x3f
kf3: BAR0-TRACE #22 W 0xb81000 w4 = 0x2
kf3: BAR0-TRACE #22 R 0xb81004 w4 = 0x0
kf3: BAR0-TRACE #22 R 0xb81204 w4 = 0x0
kf3: BAR0-TRACE #22 W 0xbb0090 w4 = 0x1000c x2
kf3: BAR0-TRACE #22 W 0xb81408 w4 = 0x101
kf3: BAR0-TRACE #22 W 0xb81410 w4 = 0xffffffff
kf3: BAR0-TRACE #22 W 0xbb0090 w4 = 0x1000c
kf3: BAR0-TRACE #22 W 0xb81610 w4 = 0x8
kf3: BAR0-TRACE #22 R 0xb81008 w4 = 0x0
kf3: BAR0-TRACE #22 R 0xb8100c w4 = 0x0
kf3: BAR0-TRACE #22 R 0xb81010 w4 = 0x0
kf3: BAR0-TRACE #22 R 0xb81014 w4 = 0x0
kf3: BAR0-TRACE #22 W 0xbb0090 w4 = 0x1000c
kf3: BAR0-TRACE #22 R 0xb81018 w4 = 0x0
kf3: BAR0-TRACE #22 R 0xb8101c w4 = 0x0
kf3: BAR0-TRACE #22 W 0xb81208 w4 = 0x101
kf3: BAR0-TRACE #22 W 0xb81210 w4 = 0xc10007a
kf3: BAR0-TRACE #22 W 0xb81608 w4 = 0xfffffffe
kf3: BAR0-TRACE #22 R 0xb81600 w4 = 0x1
kf3: BAR0-TRACE #22 R 0xb81000 w4 = 0x2
kf3: BAR0-TRACE #22 R 0xb81200 w4 = 0x3f
kf3: BAR0-TRACE #22 W 0xb81000 w4 = 0x2
kf3: BAR0-TRACE #22 R 0xb81004 w4 = 0x0
kf3: BAR0-TRACE #22 R 0xb81204 w4 = 0x0
kf3: BAR0-TRACE #22 W 0xb81408 w4 = 0x101
kf3: BAR0-TRACE #22 W 0xb81410 w4 = 0xffffffff
kf3: BAR0-TRACE #22 W 0xb81610 w4 = 0x8
kf3: BAR0-TRACE #22 R 0xb81008 w4 = 0x0
kf3: BAR0-TRACE #22 R 0xb8100c w4 = 0x0
kf3: BAR0-TRACE #22 R 0xb81010 w4 = 0x0
kf3: BAR0-TRACE #22 R 0xb81014 w4 = 0x0
kf3: BAR0-TRACE #22 R 0xb81018 w4 = 0x0
kf3: BAR0-TRACE #22 R 0xb8101c w4 = 0x0
kf3: BAR0-TRACE #22 W 0xb81208 w4 = 0x101
kf3: BAR0-TRACE #22 W 0xb81210 w4 = 0xc10007a
kf3: BAR0-TRACE #22 W 0xb81608 w4 = 0xfffffffe
kf3: BAR0-TRACE #22 R 0xb81600 w4 = 0x0
kf3: BAR0-TRACE #22 W 0xbb0090 w4 = 0x1000c x6
kf3: BAR0-TRACE #22 W 0xb81408 w4 = 0x101
kf3: BAR0-TRACE #22 W 0xb81410 w4 = 0xffffffff
kf3: BAR0-TRACE #22 W 0xb81610 w4 = 0x8
kf3: BAR0-TRACE #22 R 0xb81008 w4 = 0x0
kf3: BAR0-TRACE #22 R 0xb8100c w4 = 0x0
kf3: BAR0-TRACE #22 R 0xb81010 w4 = 0x0
kf3: BAR0-TRACE #22 R 0xb81014 w4 = 0x0
kf3: BAR0-TRACE #22 R 0xb81018 w4 = 0x0qemu-system-x86_64:
 kf3: BAR0-TRACE #22 R 0xb8101c w4 = 0x0info: 
kf3: BAR0-TRACE read trap OFF (flip 44)kf3: BAR0-TRACE #22 W 0xb81208 w4 = 0x101

kf3: BAR0-TRACE #22 W 0xb81210 w4 = 0xc10007a
kf3: BAR0-TRACE #22 W 0xb81608 w4 = 0xfffffffe
kf3: BAR0-TRACE #22 R 0xb81600 w4 = 0x1
kf3: BAR0-TRACE #22 R 0xb81000 w4 = 0x2
kf3: BAR0-TRACE #22 R 0xb81200 w4 = 0x3f
kf3: BAR0-TRACE #22 W 0xb81000 w4 = 0x2
kf3: BAR0-TRACE #22 R 0xb81004 w4 = 0x0
kf3: BAR0-TRACE #22 R 0xb81204 w4 = 0x0
kf3: BAR0-TRACE #22 W 0xb81408 w4 = 0x101
kf3: BAR0-TRACE #22 W 0xb81410 w4 = 0xffffffff
kf3: BAR0-TRACE #22 W 0xb81610 w4 = 0x8
kf3: BAR0-TRACE #22 W 0xbb0090 w4 = 0x1000c
kf3: BAR0-TRACE #22 R 0xb81008 w4 = 0x0
kf3: BAR0-TRACE #22 R 0xb8100c w4 = 0x0
kf3: BAR0-TRACE #22 R 0xb81010 w4 = 0x0
kf3: BAR0-TRACE #22 R 0xb81014 w4 = 0x0
kf3: BAR0-TRACE #22 R 0xb81018 w4 = 0x0
kf3: BAR0-TRACE #22 W 0xbb0090 w4 = 0x1000c
kf3: BAR0-TRACE #22 R 0xb8101c w4 = 0x0
kf3: BAR0-TRACE #22 W 0xb81208 w4 = 0x101
kf3: BAR0-TRACE #22 W 0xb81210 w4 = 0xc10007a
kf3: BAR0-TRACE #22 W 0xb81608 w4 = 0xfffffffe
kf3: BAR0-TRACE #22 R 0xb81600 w4 = 0x0
kf3: BAR0-TRACE #22 W 0xb81408 w4 = 0x101
kf3: BAR0-TRACE #22 W 0xb81410 w4 = 0xffffffff
kf3: BAR0-TRACE #22 W 0xb81610 w4 = 0x8
kf3: BAR0-TRACE #22 R 0xb81008 w4 = 0x0
kf3: BAR0-TRACE #22 R 0xb8100c w4 = 0x0
kf3: BAR0-TRACE #22 W 0xbb0090 w4 = 0x1000c
kf3: BAR0-TRACE #22 R 0xb81010 w4 = 0x0
kf3: BAR0-TRACE #22 R 0xb81014 w4 = 0x0
kf3: BAR0-TRACE #22 R 0xb81018 w4 = 0x0
kf3: BAR0-TRACE #22 R 0xb8101c w4 = 0x0
kf3: BAR0-TRACE #22 W 0xbb0090 w4 = 0x1000c
kf3: BAR0-TRACE #22 W 0xb81208 w4 = 0x101
kf3: BAR0-TRACE #22 W 0xb81210 w4 = 0xc10007a
kf3: BAR0-TRACE #22 W 0xb81608 w4 = 0xfffffffe
kf3: BAR0-TRACE #22 R 0xb81600 w4 = 0x1
kf3: BAR0-TRACE #22 R 0xb81000 w4 = 0x2
kf3: BAR0-TRACE #22 R 0xb81200 w4 = 0x3f
kf3: BAR0-TRACE #22 W 0xb81000 w4 = 0x2
kf3: BAR0-TRACE #22 R 0xb81004 w4 = 0x0
kf3: BAR0-TRACE #22 R 0xb81204 w4 = 0x0
kf3: BAR0-TRACE #22 W 0xb81408 w4 = 0x101
kf3: BAR0-TRACE #22 W 0xb81410 w4 = 0xffffffff
kf3: BAR0-TRACE #22 W 0xb81610 w4 = 0x8
kf3: BAR0-TRACE #22 R 0xb81008 w4 = 0x0
kf3: BAR0-TRACE #22 R 0xb8100c w4 = 0x0
kf3: BAR0-TRACE #22 R 0xb81010 w4 = 0x0
kf3: BAR0-TRACE #22 R 0xb81014 w4 = 0x0
kf3: BAR0-TRACE #22 R 0xb81018 w4 = 0x0
kf3: BAR0-TRACE #22 R 0xb8101c w4 = 0x0
kf3: BAR0-TRACE #22 W 0xb81208 w4 = 0x101
kf3: BAR0-TRACE #22 W 0xb81210 w4 = 0xc10007a
kf3: BAR0-TRACE #22 W 0xb81608 w4 = 0xfffffffe
kf3: BAR0-TRACE #22 R 0xb81600 w4 = 0x0
kf3: BAR0-TRACE #22 W 0xbb0090 w4 = 0x1000c x2
kf3: BAR0-TRACE #22 W 0xb81408 w4 = 0x101
kf3: BAR0-TRACE #22 W 0xb81410 w4 = 0xffffffff
kf3: BAR0-TRACE #22 W 0xb81610 w4 = 0x8
kf3: BAR0-TRACE #22 R 0xb81008 w4 = 0x0
kf3: BAR0-TRACE #22 R 0xb8100c w4 = 0x0
kf3: BAR0-TRACE #22 R 0xb81010 w4 = 0x0
kf3: BAR0-TRACE #22 R 0xb81014 w4 = 0x0
kf3: BAR0-TRACE #22 R 0xb81018 w4 = 0x0
kf3: BAR0-TRACE #22 R 0xb8101c w4 = 0x0
kf3: BAR0-TRACE #22 W 0xb81208 w4 = 0x101
kf3: BAR0-TRACE #22 W 0xb81210 w4 = 0xc10007a
kf3: BAR0-TRACE #22 W 0xb81608 w4 = 0xfffffffe
kf3: BAR0-TRACE #22 R 0xb81600 w4 = 0x1
kf3: BAR0-TRACE #22 R 0xb81000 w4 = 0x2
kf3: BAR0-TRACE #22 R 0xb81200 w4 = 0x3f
kf3: BAR0-TRACE #22 W 0xb81000 w4 = 0x2
kf3: BAR0-TRACE #22 R 0xb81004 w4 = 0x0
kf3: BAR0-TRACE #22 R 0xb81204 w4 = 0x0
kf3: BAR0-TRACE #22 W 0xb81408 w4 = 0x101
kf3: BAR0-TRACE #22 W 0xb81410 w4 = 0xffffffff
kf3: BAR0-TRACE #22 W 0xb81610 w4 = 0x8
kf3: BAR0-TRACE #22 R 0xb81008 w4 = 0x0
kf3: BAR0-TRACE #22 R 0xb8100c w4 = 0x0
kf3: BAR0-TRACE #22 R 0xb81010 w4 = 0x0
kf3: BAR0-TRACE #22 R 0xb81014 w4 = 0x0
kf3: BAR0-TRACE #22 R 0xb81018 w4 = 0x0
kf3: BAR0-TRACE #22 R 0xb8101c w4 = 0x0
kf3: BAR0-TRACE #22 W 0xb81208 w4 = 0x101
kf3: BAR0-TRACE #22 W 0xb81210 w4 = 0xc10007a
kf3: BAR0-TRACE #22 W 0xb81608 w4 = 0xfffffffe
kf3: BAR0-TRACE #22 R 0xb81600 w4 = 0x0
kf3: BAR0-TRACE #22 W 0xbb0090 w4 = 0x1000c x2
kf3: BAR0-TRACE #22 W 0xb81408 w4 = 0x101
kf3: BAR0-TRACE #22 W 0xb81410 w4 = 0xffffffff
kf3: BAR0-TRACE #22 W 0xb81610 w4 = 0x8
kf3: BAR0-TRACE #22 R 0xb81008 w4 = 0x0
kf3: BAR0-TRACE #22 R 0xb8100c w4 = 0x0
kf3: BAR0-TRACE #22 R 0xb81010 w4 = 0x0
kf3: BAR0-TRACE #22 R 0xb81014 w4 = 0x0
kf3: BAR0-TRACE #22 R 0xb81018 w4 = 0x0
kf3: BAR0-TRACE #22 R 0xb8101c w4 = 0x0
kf3: BAR0-TRACE #22 W 0xb81208 w4 = 0x101
kf3: BAR0-TRACE #22 W 0xb81210 w4 = 0xc10007a
kf3: BAR0-TRACE #22 W 0xb81608 w4 = 0xfffffffe
kf3: BAR0-TRACE #22 R 0xb81600 w4 = 0x1
kf3: BAR0-TRACE #22 R 0xb81000 w4 = 0x2
kf3: BAR0-TRACE #22 R 0xb81200 w4 = 0x3f
kf3: BAR0-TRACE #22 W 0xb81000 w4 = 0x2
kf3: BAR0-TRACE #22 R 0xb81004 w4 = 0x0
kf3: BAR0-TRACE #22 R 0xb81204 w4 = 0x0
kf3: BAR0-TRACE #22 W 0xb81408 w4 = 0x101
kf3: BAR0-TRACE #22 W 0xb81410 w4 = 0xffffffff
kf3: BAR0-TRACE #22 W 0xb81610 w4 = 0x8
kf3: BAR0-TRACE #22 R 0xb81008 w4 = 0x0
kf3: BAR0-TRACE #22 R 0xb8100c w4 = 0x0
kf3: BAR0-TRACE #22 R 0xb81010 w4 = 0x0
kf3: BAR0-TRACE #22 R 0xb81014 w4 = 0x0
kf3: BAR0-TRACE #22 R 0xb81018 w4 = 0x0
kf3: BAR0-TRACE #22 R 0xb8101c w4 = 0x0
kf3: BAR0-TRACE #22 W 0xb81208 w4 = 0x101
kf3: BAR0-TRACE #22 W 0xb81210 w4 = 0xc10007a
kf3: BAR0-TRACE #22 W 0xb81608 w4 = 0xfffffffe
kf3: BAR0-TRACE #22 R 0xb81600 w4 = 0x0
kf3: BAR0-TRACE #22 W 0xb81408 w4 = 0x101
kf3: BAR0-TRACE #22 W 0xb81410 w4 = 0xffffffff
kf3: BAR0-TRACE #22 W 0xb81610 w4 = 0x8
kf3: BAR0-TRACE #22 R 0xb81008 w4 = 0x0
kf3: BAR0-TRACE #22 R 0xb8100c w4 = 0x0
kf3: BAR0-TRACE #22 R 0xb81010 w4 = 0x0
kf3: BAR0-TRACE #22 R 0xb81014 w4 = 0x0
kf3: BAR0-TRACE #22 R 0xb81018 w4 = 0x0
kf3: BAR0-TRACE #22 R 0xb8101c w4 = 0x0
kf3: BAR0-TRACE #22 W 0xb81208 w4 = 0x101
kf3: BAR0-TRACE #22 W 0xb81210 w4 = 0xc10007a
kf3: BAR0-TRACE #22 W 0xb81608 w4 = 0xfffffffe
kf3: BAR0-TRACE #22 R 0xb81600 w4 = 0x1
kf3: BAR0-TRACE #22 R 0xb81000 w4 = 0x2
kf3: BAR0-TRACE #22 R 0xb81200 w4 = 0x3f
kf3: BAR0-TRACE #22 W 0xb81000 w4 = 0x2
kf3: BAR0-TRACE #22 R 0xb81004 w4 = 0x0
kf3: BAR0-TRACE #22 R 0xb81204 w4 = 0x0
kf3: BAR0-TRACE #22 W 0xbb0090 w4 = 0x1000c x2
kf3: BAR0-TRACE #22 W 0xb81408 w4 = 0x101
kf3: BAR0-TRACE #22 W 0xb81410 w4 = 0xffffffff
kf3: BAR0-TRACE #22 W 0xb81610 w4 = 0x8
kf3: BAR0-TRACE #22 R 0xb81008 w4 = 0x0
kf3: BAR0-TRACE #22 R 0xb8100c w4 = 0x0
kf3: BAR0-TRACE #22 R 0xb81010 w4 = 0x0
kf3: BAR0-TRACE #22 R 0xb81014 w4 = 0x0
kf3: BAR0-TRACE #22 R 0xb81018 w4 = 0x0
kf3: BAR0-TRACE #22 R 0xb8101c w4 = 0x0
kf3: BAR0-TRACE #22 W 0xb81208 w4 = 0x101
kf3: BAR0-TRACE #22 W 0xb81210 w4 = 0xc10007a
kf3: BAR0-TRACE #22 W 0xb81608 w4 = 0xfffffffe
kf3: BAR0-TRACE #22 R 0xb81600 w4 = 0x1
kf3: BAR0-TRACE #22 R 0xb81000 w4 = 0x2
kf3: BAR0-TRACE #22 R 0xb81200 w4 = 0x3f
kf3: BAR0-TRACE #22 W 0xb81000 w4 = 0x2
kf3: BAR0-TRACE #22 R 0xb81004 w4 = 0x0
kf3: BAR0-TRACE #22 R 0xb81204 w4 = 0x0
kf3: BAR0-TRACE #22 W 0xb81408 w4 = 0x101
kf3: BAR0-TRACE #22 W 0xb81410 w4 = 0xffffffff
kf3: BAR0-TRACE #22 W 0xb81610 w4 = 0x8
kf3: BAR0-TRACE #22 R 0xb81008 w4 = 0x0
kf3: BAR0-TRACE #22 R 0xb8100c w4 = 0x0
kf3: BAR0-TRACE #22 R 0xb81010 w4 = 0x0
kf3: BAR0-TRACE #22 R 0xb81014 w4 = 0x0
kf3: BAR0-TRACE #22 R 0xb81018 w4 = 0x0
kf3: BAR0-TRACE #22 R 0xb8101c w4 = 0x0
kf3: BAR0-TRACE #22 W 0xb81208 w4 = 0x101
kf3: BAR0-TRACE #22 W 0xb81210 w4 = 0xc10007a
kf3: BAR0-TRACE #22 W 0xb81608 w4 = 0xfffffffe
kf3: BAR0-TRACE #22 R 0xb81600 w4 = 0x0
kf3: BAR0-TRACE #22 W 0xb81408 w4 = 0x101
kf3: BAR0-TRACE #22 W 0xb81410 w4 = 0xffffffff
kf3: BAR0-TRACE #22 W 0xb81610 w4 = 0x8
kf3: BAR0-TRACE #22 W 0xb81210 w4 = 0x4000000
kf3: BAR0-TRACE #22 W 0x110c00 w4 = 0x0
kf3: GSP rpc RmControl seq=0
kf-rm: DEFERRED-API 0x50800101 on 0xc1d00015:0xff1fe010 hApiHandle=0x40000012 cmd=0x2080012b psz=584 -> 0x0
kf-rm: rpc-trace fn=76 RmControl seq=0 cmd=0x50800101 client=0xc1d00015 object=0xff1fe010 result=0x0
kf3: GSP rpc RmControl seq=0
kf3: maplog t=188622.636627 NSI host CE2 wake #331 raised=false
kf3: maplog t=188622.636848 NSI host CE2 wake #332 raised=false
kf3: maplog t=188622.636861 SPLIT-REQUEST ticket=77 by channel token 0x80c pdb=Some(efa38000)
kf3: maplog t=188622.636895 ARRIVE split ticket=77 pdb=Some(efa38000) space=None (inflight walk: none)
kf3: maplog t=188622.636933 walk#2772 SUBMIT wants=[{split ticket=77 pdb=Some(efa38000) space=None -> [0xc1d00021ff000850]}] walked=[0xc1d00021ff000850=s8@0xefa38000]
kf3: maplog t=188622.637048 NSI host GR0 wake #2800 raised=false
kf3: maplog t=188622.637100 SPLIT-DONE ticket=77 ok=true
kf3: maplog t=188622.637215 NSI host GR0 wake #2801 raised=false
kf3: DEFERRED-API trigger token 0x3 subch 5 value 0x1 method 0x200 hApiHandle 0x40000011 on 0xc1d00015:0xff1fe010 cmd 0x2080012d: InitializeCtx { engine_type: 1, h_client: 3251634236, chid: 14, chan_client: 3251634240, object: 4279107584, virt_memory: 0, phys_address: 3912916992, phys_attr: 0, dma_handle: 0, index: 14, size: 901888 }
kf3: act deferred API context: InitializeCtx { engine_type: 1, h_client: 3251634236, chid: 14, chan_client: 3251634240, object: 4279107584, virt_memory: 0, phys_address: 3912916992, phys_attr: 0, dma_handle: 0, index: 14, size: 901888 } on 0xc1d00040:0xff0e0000 -> Translated host(s) [3b]: satisfied by each twin's own host context, created and golden-initialised by host RM at its birth (owner ruling B / §U; no guest buffer touched) (8 us, off the GSP lock)
kf3: DEFERRED-API token 0x3 hApiHandle 0x40000011 DONE: InitializeCtx { engine_type: 1, h_client: 3251634236, chid: 14, chan_client: 3251634240, object: 4279107584, virt_memory: 0, phys_address: 3912916992, phys_attr: 0, dma_handle: 0, index: 14, size: 901888 } on 0xc1d00040:0xff0e0000 -> Translated host(s) [3b]: satisfied by each twin's own host context, created and golden-initialised by host RM at its birth (owner ruling B / §U; no guest buffer touched)
kf3: maplog t=188622.637341 NSI host GR0 wake #2802 raised=false
kf3: DEFERRED-API trigger token 0x3 subch 5 value 0x1 method 0x200 hApiHandle 0x40000012 on 0xc1d00015:0xff1fe010 cmd 0x2080012b: PromoteCtx { engine_type: 1, h_client: 3251634236, chid: 14, chan_client: 3251634240, object: 4279107584, virt_memory: 0, virt_address: 69632, size: 901888, entry_count: 0 }
kf3: act deferred API context: PromoteCtx { engine_type: 1, h_client: 3251634236, chid: 14, chan_client: 3251634240, object: 4279107584, virt_memory: 0, virt_address: 69632, size: 901888, entry_count: 0 } on 0xc1d00040:0xff0e0000 -> Translated host(s) [3b]: satisfied by each twin's own host context, created and golden-initialised by host RM at its birth (owner ruling B / §U; no guest buffer touched) (4 us, off the GSP lock)
kf3: DEFERRED-API token 0x3 hApiHandle 0x40000012 DONE: PromoteCtx { engine_type: 1, h_client: 3251634236, chid: 14, chan_client: 3251634240, object: 4279107584, virt_memory: 0, virt_address: 69632, size: 901888, entry_count: 0 } on 0xc1d00040:0xff0e0000 -> Translated host(s) [3b]: satisfied by each twin's own host context, created and golden-initialised by host RM at its birth (owner ruling B / §U; no guest buffer touched)
kf3: maplog t=188622.637448 NSI host GR0 wake #2803 raised=false
kf3: maplog t=188622.637449 NSI host CE2 wake #333 raised=false
kf3: NSI RELAY host non-stall (FIFO_EVENT_MTHD) -> guest GR0 vector 0: a Translated GR-tier ring retired engine-written work (rings=3, relay #12)
kf-rm: rpc-trace fn=76 RmControl seq=0 cmd=0x20801211 client=0xc1d00002 object=0xff030000 result=none
kf3: GSP rpc RmControl seq=0
kf3: GSP rpc UNSERVICED Unserviced { code: 76, sequence: 0 }
kf-rm: DEFERRED-API 0x50800101 on 0xc1d00015:0xff1fe010 hApiHandle=0x40000013 cmd=0x2080012c psz=584 -> 0x0
kf-rm: rpc-trace fn=76 RmControl seq=0 cmd=0x50800101 client=0xc1d00015 object=0xff1fe010 result=0x0
kf3: GSP rpc RmControl seq=0
kf3: maplog t=188622.638828 NSI host CE2 wake #334 raised=false
kf3: maplog t=188622.638916 NSI host GR0 wake #2804 raised=false
kf3: DEFERRED-API trigger token 0x3 subch 5 value 0x1 method 0x200 hApiHandle 0x40000013 on 0xc1d00015:0xff1fe010 cmd 0x2080012c: EvictCtx { engine_type: 1, h_client: 3251634236, chid: 14, chan_client: 3251634240, object: 4279107584 }
kf3: act deferred API context: EvictCtx { engine_type: 1, h_client: 3251634236, chid: 14, chan_client: 3251634240, object: 4279107584 } on 0xc1d00040:0xff0e0000 -> Translated host(s) [3b]: host ring(s) off the runlist, context UNBOUND (owner ruling B / §U; no guest buffer touched) (255 us, off the GSP lock)
kf3: DEFERRED-API token 0x3 hApiHandle 0x40000013 DONE: EvictCtx { engine_type: 1, h_client: 3251634236, chid: 14, chan_client: 3251634240, object: 4279107584 } on 0xc1d00040:0xff0e0000 -> Translated host(s) [3b]: host ring(s) off the runlist, context UNBOUND (owner ruling B / §U; no guest buffer touched)
kf3: maplog t=188622.639262 NSI host GR0 wake #2805 raised=false
kf3: NSI RELAY host non-stall (FIFO_EVENT_MTHD) -> guest GR0 vector 0: a Translated GR-tier ring retired engine-written work (rings=3, relay #13)
kf3: maplog t=188622.639283 SPLIT-REQUEST ticket=78 by channel token 0x80c pdb=Some(efa0a000)
kf3: maplog t=188622.639273 NSI host CE2 wake #335 raised=false
kf3: maplog t=188622.639317 ARRIVE split ticket=78 pdb=Some(efa0a000) space=None (inflight walk: none)
kf3: maplog t=188622.639354 walk#2773 SUBMIT wants=[{split ticket=78 pdb=Some(efa0a000) space=None -> [0xc1d0003cff000850]}] walked=[0xc1d0003cff000850=s15@0xefa0a000]
kf3: maplog t=188622.639506 NSI host GR0 wake #2806 raised=false
kf3: maplog t=188622.639559 SPLIT-DONE ticket=78 ok=true
kf3: maplog t=188622.639844 NSI host CE2 wake #336 raised=false
kf3: maplog t=188622.639866 NSI host CE2 wake #337 raised=false
kf3: maplog t=188622.639881 NSI host CE2 wake #338 raised=false
kf3: maplog t=188622.639896 NSI host CE2 wake #339 raised=false
kf3: maplog t=188622.639929 NSI host CE2 wake #340 raised=false
kf3: maplog t=188622.639937 SPLIT-REQUEST ticket=79 by channel token 0x80c pdb=Some(efa0a000)
kf3: maplog t=188622.639947 NSI host CE2 wake #341 raised=false
kf3: maplog t=188622.639966 ARRIVE split ticket=79 pdb=Some(efa0a000) space=None (inflight walk: none)
kf3: maplog t=188622.639993 walk#2774 SUBMIT wants=[{split ticket=79 pdb=Some(efa0a000) space=None -> [0xc1d0003cff000850]}] walked=[0xc1d0003cff000850=s15@0xefa0a000]
kf3: maplog t=188622.640091 NSI host GR0 wake #2807 raised=false
kf3: maplog t=188622.640136 SPLIT-DONE ticket=79 ok=true
kf3: maplog t=188622.640171 NSI host CE2 wake #342 raised=false
kf-rm: rpc-trace fn=76 RmControl seq=0 cmd=0x20801211 client=0xc1d00002 object=0xff030000 result=none
kf3: GSP rpc RmControl seq=0
kf3: GSP rpc UNSERVICED Unserviced { code: 76, sequence: 0 }
kf3: maplog t=188622.641260 ARRIVE inval seq=2680 pdb=0xefa0a000/Vidmem all_pdb=false all_va=true hub_only=false raw=0x80010001 age_us=0 (inflight walk: none)
kf3: maplog t=188622.641288 walk#2775 SUBMIT wants=[{inval seq=2680 pdb=0xefa0a000/Vidmem all_pdb=false all_va=true hub_only=false raw=0x80010001 age_us=16 -> [0xc1d0003cff000850]}] walked=[0xc1d0003cff000850=s15@0xefa0a000]
kf3: maplog t=188622.641387 NSI host GR0 wake #2808 raised=false
kf3: maplog t=188622.641453 walk#2775 VasKey(13965662706452138064) root 0xefa0a000 UNMAP va=0x1200e7000 len=0x1000 at=0x2396fe000 ap=2 kind=0x0 ack=1
kf3: maplog t=188622.641481 CLEAR inval seq=2680 Cleared (arrive->clear 209 us)
kf3: maplog t=188622.641490 APPLIED VasKey(13965662706452138064) +0 -1 host space 0xcafe00bf doorbells []
kf-rm: rpc-trace fn=10 Free seq=0  result=0x0
kf3: GSP rpc Free seq=0
kf-rm: rpc-trace fn=10 Free seq=0  result=0x0
kf3: GSP rpc Free seq=0
kf-rm: rpc-trace fn=10 Free seq=0  result=0x0
kf3: GSP rpc Free seq=0
kf-rm: rpc-trace fn=10 Free seq=0  result=0x0
kf3: GSP rpc Free seq=0
kf-rm: rpc-trace fn=10 Free seq=0  result=0x0
kf3: GSP rpc Free seq=0
kf-rm: rpc-trace fn=10 Free seq=0  result=0x0
kf3: GSP rpc Free seq=0
kf-rm: rpc-trace fn=10 Free seq=0  result=0x0
kayfabe: HELD-REPLY fn=Free depth=1 — this map reply WAITS for its rows
kf3: GSP rpc Free seq=0
kf3: TSPACE-RETIRE tok=0xe host=0x3b key=VasKey(13965662706452138064) ring_va=0xff00d00000 released=true stale_binds=0/0 late=0 indeterminate=0 unresolved[walk=0 acquire=0 refused=0]
kf3: DOORBELL-LEDGER tok=0x0000000e route=translated emulated=0 forwarded=0 host=0x3b fast=0
kf3: chan token 0xe (host 0x3b) RETIRED, forwarded=0 submissions=0 splits=0/0 serves=1 last_put=Some(0) gp_get=None store_views=0 privilege=Some(ChannelPrivilege { level: 2, uvm_owned: false }) dead=None inca=[refused_methods=0 subdevice_masks=0 control_entries=0 ext_base_unapplied=0] gr_tier=true gr[methods=0 inert_binds=0 objects=[(902d, cafe00d8), (a140, cafe00d9), (c997, cafe00da), (c9c0, cafe00d7)]] gp_get_by_engine=(true, 0)
kf3: act free: 0xc1d00040:0xff04000c: translated host 0x3b (2814 us, off the GSP lock)
kayfabe: HELD-REPLY-POSTED n=1 — their rows are on the host now
kf3: maplog t=188622.645864 ARRIVE inval seq=2681 pdb=0xefa0a000/Vidmem all_pdb=false all_va=true hub_only=false raw=0x80010001 age_us=0 (inflight walk: none)
kf3: maplog t=188622.645906 walk#2776 SUBMIT wants=[{inval seq=2681 pdb=0xefa0a000/Vidmem all_pdb=false all_va=true hub_only=false raw=0x80010001 age_us=21 -> [0xc1d0003cff000850]}] walked=[0xc1d0003cff000850=s15@0xefa0a000]
kf3: maplog t=188622.646008 NSI host GR0 wake #2809 raised=false
kf3: maplog t=188622.646097 walk#2776 VasKey(13965662706452138064) root 0xefa0a000 UNMAP va=0x1200e4000 len=0x3000 at=0xefa65000 ap=0 kind=0x0 ack=1
kf3: maplog t=188622.646137 CLEAR inval seq=2681 Cleared (arrive->clear 252 us)
kf3: maplog t=188622.646150 APPLIED VasKey(13965662706452138064) +0 -1 host space 0xcafe00bf doorbells []
kf3: maplog t=188622.646304 ARRIVE inval seq=2682 pdb=0xefa0a000/Vidmem all_pdb=false all_va=true hub_only=false raw=0x80010001 age_us=0 (inflight walk: none)
kf3: maplog t=188622.646341 walk#2777 SUBMIT wants=[{inval seq=2682 pdb=0xefa0a000/Vidmem all_pdb=false all_va=true hub_only=false raw=0x80010001 age_us=22 -> [0xc1d0003cff000850]}] walked=[0xc1d0003cff000850=s15@0xefa0a000]
kf3: maplog t=188622.646442 NSI host GR0 wake #2810 raised=false
kf3: maplog t=188622.646612 walk#2777 VasKey(13965662706452138064) root 0xefa0a000 UNMAP va=0x124000000 len=0x25f0000 at=0xed2a0000 ap=0 kind=0x0 ack=1
kf3: maplog t=188622.646656 CLEAR inval seq=2682 Cleared (arrive->clear 337 us)
kf3: maplog t=188622.646665 APPLIED VasKey(13965662706452138064) +0 -1 host space 0xcafe00bf doorbells []
kf3: maplog t=188622.646720 ARRIVE inval seq=2683 pdb=0xefa0a000/Vidmem all_pdb=false all_va=true hub_only=false raw=0x80010001 age_us=0 (inflight walk: none)
kf3: maplog t=188622.646744 walk#2778 SUBMIT wants=[{inval seq=2683 pdb=0xefa0a000/Vidmem all_pdb=false all_va=true hub_only=false raw=0x80010001 age_us=16 -> [0xc1d0003cff000850]}] walked=[0xc1d0003cff000850=s15@0xefa0a000]
kf3: maplog t=188622.646845 NSI host GR0 wake #2811 raised=false
kf3: maplog t=188622.646890 walk#2778 VasKey(13965662706452138064) root 0xefa0a000 UNMAP va=0x120170000 len=0x20000 at=0xef890000 ap=0 kind=0x0 ack=1
kf3: maplog t=188622.646915 CLEAR inval seq=2683 Cleared (arrive->clear 187 us)
kf3: maplog t=188622.646924 APPLIED VasKey(13965662706452138064) +0 -1 host space 0xcafe00bf doorbells []
kf3: maplog t=188622.646976 ARRIVE inval seq=2684 pdb=0xefa0a000/Vidmem all_pdb=false all_va=true hub_only=false raw=0x80010001 age_us=0 (inflight walk: none)
kf3: maplog t=188622.646994 walk#2779 SUBMIT wants=[{inval seq=2684 pdb=0xefa0a000/Vidmem all_pdb=false all_va=true hub_only=false raw=0x80010001 age_us=10 -> [0xc1d0003cff000850]}] walked=[0xc1d0003cff000850=s15@0xefa0a000]
kf3: maplog t=188622.647096 NSI host GR0 wake #2812 raised=false
kf3: maplog t=188622.647147 walk#2779 VasKey(13965662706452138064) root 0xefa0a000 UNMAP va=0x120190000 len=0x80000 at=0xef8b0000 ap=0 kind=0x0 ack=1
kf3: maplog t=188622.647172 CLEAR inval seq=2684 Cleared (arrive->clear 188 us)
kf3: maplog t=188622.647180 APPLIED VasKey(13965662706452138064) +0 -1 host space 0xcafe00bf doorbells []
kf3: maplog t=188622.647225 ARRIVE inval seq=2685 pdb=0xefa0a000/Vidmem all_pdb=false all_va=true hub_only=false raw=0x80010001 age_us=0 (inflight walk: none)
kf3: maplog t=188622.647242 walk#2780 SUBMIT wants=[{inval seq=2685 pdb=0xefa0a000/Vidmem all_pdb=false all_va=true hub_only=false raw=0x80010001 age_us=9 -> [0xc1d0003cff000850]}] walked=[0xc1d0003cff000850=s15@0xefa0a000]
kf3: maplog t=188622.647345 NSI host GR0 wake #2813 raised=false
kf3: maplog t=188622.647387 walk#2780 VasKey(13965662706452138064) root 0xefa0a000 UNMAP va=0x1200cf000 len=0x10000 at=0x23994f000 ap=2 kind=0x0 ack=1
kf3: maplog t=188622.647412 CLEAR inval seq=2685 Cleared (arrive->clear 179 us)
kf3: maplog t=188622.647420 APPLIED VasKey(13965662706452138064) +0 -1 host space 0xcafe00bf doorbells []
kf3: maplog t=188622.647465 ARRIVE inval seq=2686 pdb=0xefa0a000/Vidmem all_pdb=false all_va=true hub_only=false raw=0x80010001 age_us=0 (inflight walk: none)
kf3: maplog t=188622.647481 walk#2781 SUBMIT wants=[{inval seq=2686 pdb=0xefa0a000/Vidmem all_pdb=false all_va=true hub_only=false raw=0x80010001 age_us=9 -> [0xc1d0003cff000850]}] walked=[0xc1d0003cff000850=s15@0xefa0a000]
kf3: maplog t=188622.647584 NSI host GR0 wake #2814 raised=false
kf3: maplog t=188622.647628 walk#2781 VasKey(13965662706452138064) root 0xefa0a000 UNMAP va=0x1200f0000 len=0x80000 at=0xed1a0000 ap=0 kind=0x0 ack=1
kf3: maplog t=188622.647653 CLEAR inval seq=2686 Cleared (arrive->clear 181 us)
kf3: maplog t=188622.647662 APPLIED VasKey(13965662706452138064) +0 -1 host space 0xcafe00bf doorbells []
kf3: maplog t=188622.647713 ARRIVE inval seq=2687 pdb=0xefa0a000/Vidmem all_pdb=false all_va=true hub_only=false raw=0x80010001 age_us=0 (inflight walk: none)
kf3: maplog t=188622.647731 walk#2782 SUBMIT wants=[{inval seq=2687 pdb=0xefa0a000/Vidmem all_pdb=false all_va=true hub_only=false raw=0x80010001 age_us=10 -> [0xc1d0003cff000850]}] walked=[0xc1d0003cff000850=s15@0xefa0a000]
kf3: maplog t=188622.647831 NSI host GR0 wake #2815 raised=false
kf3: maplog t=188622.647862 walk#2782 VasKey(13965662706452138064) root 0xefa0a000 UNMAP va=0x1200df000 len=0x5000 at=0xef9f6000 ap=0 kind=0x0 ack=1
kf3: maplog t=188622.647887 CLEAR inval seq=2687 Cleared (arrive->clear 166 us)
kf3: maplog t=188622.647895 APPLIED VasKey(13965662706452138064) +0 -1 host space 0xcafe00bf doorbells []
kf3: maplog t=188622.648392 ARRIVE inval seq=2688 pdb=0xefa0a000/Vidmem all_pdb=false all_va=true hub_only=false raw=0x80010001 age_us=0 (inflight walk: none)
kf3: maplog t=188622.648409 walk#2783 SUBMIT wants=[{inval seq=2688 pdb=0xefa0a000/Vidmem all_pdb=false all_va=true hub_only=false raw=0x80010001 age_us=9 -> [0xc1d0003cff000850]}] walked=[0xc1d0003cff000850=s15@0xefa0a000]
kf3: maplog t=188622.648509 NSI host GR0 wake #2816 raised=false
kf3: maplog t=188622.648542 walk#2783 VasKey(13965662706452138064) root 0xefa0a000 UNMAP va=0x1200c4000 len=0xb000 at=0x239709000 ap=3 kind=0x0 ack=1
kf3: maplog t=188622.648567 CLEAR inval seq=2688 Cleared (arrive->clear 167 us)
kf3: maplog t=188622.648575 APPLIED VasKey(13965662706452138064) +0 -1 host space 0xcafe00bf doorbells []
kf3: maplog t=188622.653207 NSI host CE2 wake #343 raised=false
kf3: maplog t=188622.653277 NSI host CE2 wake #344 raised=false
kf3: maplog t=188622.653298 NSI host CE2 wake #345 raised=false
kf3: maplog t=188622.653368 NSI host CE2 wake #346 raised=false
kf3: maplog t=188622.653385 SPLIT-REQUEST ticket=80 by channel token 0x80c pdb=Some(efa0a000)
kf3: maplog t=188622.653410 ARRIVE split ticket=80 pdb=Some(efa0a000) space=None (inflight walk: none)
kf3: maplog t=188622.653434 walk#2784 SUBMIT wants=[{split ticket=80 pdb=Some(efa0a000) space=None -> [0xc1d0003cff000850]}] walked=[0xc1d0003cff000850=s15@0xefa0a000]
kf3: maplog t=188622.653537 NSI host GR0 wake #2817 raised=false
kf3: maplog t=188622.653568 SPLIT-DONE ticket=80 ok=true
kf3: maplog t=188622.653652 NSI host CE2 wake #347 raised=false
kf3: maplog t=188622.653675 NSI host CE2 wake #348 raised=false
kf3: maplog t=188622.653747 NSI host CE2 wake #349 raised=false
kf-rm: rpc-trace fn=10 Free seq=0  result=0x0
kf3: GSP rpc Free seq=0
kf-rm: rpc-trace fn=10 Free seq=0  result=0x0
kf3: GSP rpc Free seq=0
kf-rm: rpc-trace fn=10 Free seq=0  result=0x0
kf3: GSP rpc Free seq=0
kf-rm: rpc-trace fn=10 Free seq=0  result=0x0
kf3: GSP rpc Free seq=0
kf-rm: rpc-trace fn=10 Free seq=0  result=0x0
kf3: GSP rpc Free seq=0
kf-rm: rpc-trace fn=10 Free seq=0  result=0x0
kf3: GSP rpc Free seq=0
kf-rm: rpc-trace fn=10 Free seq=0  result=0x0
kf3: GSP rpc Free seq=0
kf-rm: rpc-trace fn=76 RmControl seq=0 cmd=0x20809064 client=0xc1d00002 object=0xff030000 result=0x0
kf3: GSP rpc RmControl seq=0
W343GSSCENSUS cmd=0x20809004 params_size=1544 params_at=40 payload_len=1584
kf-rm: rpc-trace fn=76 RmControl seq=0 cmd=0x20809004 client=0xc1d00002 object=0xff030000 result=none
kf3: GSP rpc RmControl seq=0
kf3: GSP rpc UNSERVICED Unserviced { code: 76, sequence: 0 }
kf3: maplog t=188622.748946 NSI host CE2 wake #350 raised=false
kf3: maplog t=188622.748971 SPLIT-REQUEST ticket=81 by channel token 0x80c pdb=Some(efa0a000)
kf3: maplog t=188622.749010 ARRIVE split ticket=81 pdb=Some(efa0a000) space=None (inflight walk: none)
kf3: maplog t=188622.749057 walk#2785 SUBMIT wants=[{split ticket=81 pdb=Some(efa0a000) space=None -> [0xc1d0003cff000850]}] walked=[0xc1d0003cff000850=s15@0xefa0a000]
kf3: maplog t=188622.749173 NSI host GR0 wake #2818 raised=false
kf3: maplog t=188622.749222 SPLIT-DONE ticket=81 ok=true
kf3: maplog t=188622.749273 NSI host CE2 wake #351 raised=false
kf3: maplog t=188622.751732 NSI host CE2 wake #352 raised=false
kf3: maplog t=188622.751801 NSI host CE2 wake #353 raised=false
kf3: maplog t=188622.751807 SPLIT-REQUEST ticket=82 by channel token 0x80c pdb=Some(efa0a000)
kf3: maplog t=188622.751855 ARRIVE split ticket=82 pdb=Some(efa0a000) space=None (inflight walk: none)
kf3: maplog t=188622.751897 walk#2786 SUBMIT wants=[{split ticket=82 pdb=Some(efa0a000) space=None -> [0xc1d0003cff000850]}] walked=[0xc1d0003cff000850=s15@0xefa0a000]
kf3: maplog t=188622.751987 NSI host GR0 wake #2819 raised=false
kf-rm: chanlink: client 0xc1d00041 root: kernel=false internal=false
kf-rm: rpc-trace fn=103 RmAlloc seq=0 class=0x0000 client=0xc1d00041 parent=0x0 handle=0x0 result=0x0
kf3: GSP rpc RmAlloc seq=0
kf3: maplog t=188622.752041 SPLIT-DONE ticket=82 ok=true
kf-rm: rpc-trace fn=103 RmAlloc seq=0 class=0x0080 client=0xc1d00041 parent=0xc1d00041 handle=0xff020000 device_facts=DeviceAllocFacts { device_id: 0, h_client_share: c1d0003c, h_target_client: c1d00002, h_target_device: ff010000, flags: 38, va_space_size: 10000000000, va_mode: 0 } result=0x0
kf3: GSP rpc RmAlloc seq=0
kf3: maplog t=188622.752142 NSI host CE2 wake #354 raised=false
kf3: maplog t=188622.752155 SPLIT-REQUEST ticket=83 by channel token 0x80c pdb=Some(efa0a000)
kf3: maplog t=188622.752157 NSI host CE2 wake #355 raised=false
kf3: maplog t=188622.752189 ARRIVE split ticket=83 pdb=Some(efa0a000) space=None (inflight walk: none)
kf3: maplog t=188622.752225 walk#2787 SUBMIT wants=[{split ticket=83 pdb=Some(efa0a000) space=None -> [0xc1d0003cff000850]}] walked=[0xc1d0003cff000850=s15@0xefa0a000]
kf3: maplog t=188622.752316 NSI host GR0 wake #2820 raised=false
kf3: maplog t=188622.752370 SPLIT-DONE ticket=83 ok=true
kf3: maplog t=188622.752413 NSI host CE2 wake #356 raised=false
kf-rm: rpc-trace fn=103 RmAlloc seq=0 class=0x2080 client=0xc1d00041 parent=0xff020000 handle=0xff030000 result=0x0
kf3: GSP rpc RmAlloc seq=0
kf-rm: rpc-trace fn=103 RmAlloc seq=0 class=0x0070 client=0xc1d00041 parent=0xff020000 handle=0xff000010 result=0x0
kf3: GSP rpc RmAlloc seq=0
kf-rm: rpc-trace fn=103 RmAlloc seq=0 class=0x0070 client=0xc1d00041 parent=0xff020000 handle=0xff1fe038 result=0x0
kf3: GSP rpc RmAlloc seq=0
kf3: FIFO_GET_LATENCY_BUFFER_SIZE engine 0x1: gp=0x240 pb=0x2880 (the host's answer)
kf-rm: rpc-trace fn=76 RmControl seq=0 cmd=0x0080170e client=0xc1d00041 object=0xff020000 result=0x0
kf3: GSP rpc RmControl seq=0
kf3: maplog t=188622.754261 ARRIVE inval seq=2689 pdb=0xefa0a000/Vidmem all_pdb=false all_va=true hub_only=false raw=0x80010001 age_us=0 (inflight walk: none)
kf3: maplog t=188622.754291 walk#2788 SUBMIT wants=[{inval seq=2689 pdb=0xefa0a000/Vidmem all_pdb=false all_va=true hub_only=false raw=0x80010001 age_us=16 -> [0xc1d0003cff000850]}] walked=[0xc1d0003cff000850=s15@0xefa0a000]
kf3: maplog t=188622.754388 NSI host GR0 wake #2821 raised=false
kf3: maplog t=188622.754455 walk#2788 VasKey(13965662706452138064) root 0xefa0a000 MAP va=0x1200c4000 len=0xb000 at=0x239709000 ap=3 kind=0x0 ack=1
kf3: maplog t=188622.754483 CLEAR inval seq=2689 Cleared (arrive->clear 208 us)
kf3: maplog t=188622.754492 APPLIED VasKey(13965662706452138064) +1 -0 host space 0xcafe00bf doorbells []
kf-rm: rpc-trace fn=76 RmControl seq=0 cmd=0x20802a08 client=0x0 object=0x0 result=0x0
kf3: GSP rpc RmControl seq=0
kf-rm: rpc-trace fn=103 RmAlloc seq=0 class=0xa06c client=0xc1d00041 parent=0xff020000 handle=0xff0e0000 tsg_facts=TsgAllocFacts { h_vaspace: 0, engine_type: 1 } result=0x0
kf3: GSP rpc RmAlloc seq=0
kf-rm: rpc-trace fn=76 RmControl seq=0 cmd=0xa06c010a client=0xc1d00041 object=0xff0e0000 result=0x0
kf3: GSP rpc RmControl seq=0
kf-rm: rpc-trace fn=103 RmAlloc seq=0 class=0x9067 client=0xc1d00041 parent=0xff0e0000 handle=0xff0e0200 result=0x0
kf3: GSP rpc RmAlloc seq=0
kf3: maplog t=188622.755634 ARRIVE inval seq=2690 pdb=0xf3392000/Vidmem all_pdb=false all_va=true hub_only=true raw=0x80010005 age_us=0 (inflight walk: none)
kf3: maplog t=188622.755661 walk#2789 SUBMIT wants=[{inval seq=2690 pdb=0xf3392000/Vidmem all_pdb=false all_va=true hub_only=true raw=0x80010005 age_us=16 -> [0xffffffff00000002]}] walked=[0xffffffff00000002=s0@0xf3392000]
kf3: maplog t=188622.755763 NSI host GR0 wake #2822 raised=false
kf3: maplog t=188622.755789 CLEAR inval seq=2690 Cleared (arrive->clear 143 us)
kf-rm: rpc-trace fn=103 RmAlloc seq=0 class=0xc56f client=0xc1d00041 parent=0xff0e0000 handle=0xff04000c result=0x0
kayfabe: HELD-REPLY fn=RmAlloc depth=1 — this map reply WAITS for its rows
kf3: GSP rpc RmAlloc seq=0
kf-host: channel birth h=0xcafe00dd engine=0x1 reply_flags=0x00000080 PRIVILEGED_CHANNEL=0 privilege=USER cap_sys_admin=cleared-for-call
kf-chan: GR tier admitted host channel 0xcafe00dd (token 0x3b) reply_flags=0x00000080 privilege=USER objects=[(902d, cafe00e0), (a140, cafe00e1), (c997, cafe00e2), (c9c0, cafe00df)]
kf3: act birth translated: chan 0xc1d00041:0xff04000c BORN Translated: token 0xe -> host 0x3b in VasKey(13965662706452138064) gpfifo=0x4000000x8192 userd=Some(Sysmem { base: 9553657856, size: 512 }) engine=0x1 tsg=Some(ff0e0000) kernel_by=PRIVILEGE=KERNEL ring_va=0xff00d00000 userd_at_birth(GP_PUT,GP_GET)=(Some(0), Some(0)) zeroed=512B gr_tier=true gp_get_by_engine=true sw_subch_inert=true scheduled_at_birth=false fast=off (5163 us, off the GSP lock)
kayfabe: HELD-REPLY-POSTED n=1 — their rows are on the host now
kf3: chan 0xc1d00041:0xff04000c: NV50_DEFERRED_API 0xff1fe010 ADMITTED on Translated host 0x3b, software classID Some(1) (OWNER_RULINGS §U.1)
kf-rm: rpc-trace fn=103 RmAlloc seq=0 class=0x5080 client=0xc1d00041 parent=0xff04000c handle=0xff1fe010 result=0x0
kf3: GSP rpc RmAlloc seq=0
kf-rm: rpc-trace fn=103 RmAlloc seq=0 class=0xc7b5 client=0xc1d00041 parent=0xff04000c handle=0xff1fe034 result=0x0
kf3: GSP rpc RmAlloc seq=0
kf3: maplog t=188622.762165 ARRIVE inval seq=2691 pdb=0xefa0a000/Vidmem all_pdb=false all_va=true hub_only=false raw=0x80010001 age_us=0 (inflight walk: none)
kf3: maplog t=188622.762203 walk#2790 SUBMIT wants=[{inval seq=2691 pdb=0xefa0a000/Vidmem all_pdb=false all_va=true hub_only=false raw=0x80010001 age_us=22 -> [0xc1d0003cff000850]}] walked=[0xc1d0003cff000850=s15@0xefa0a000]
kf3: maplog t=188622.762302 NSI host GR0 wake #2823 raised=false
kf3: maplog t=188622.762399 walk#2790 VasKey(13965662706452138064) root 0xefa0a000 MAP va=0x1200cf000 len=0x10000 at=0x23994f000 ap=2 kind=0x0 ack=1
kf3: maplog t=188622.762438 CLEAR inval seq=2691 Cleared (arrive->clear 256 us)
kf3: maplog t=188622.762450 APPLIED VasKey(13965662706452138064) +1 -0 host space 0xcafe00bf doorbells []
kf-rm: rpc-trace fn=76 RmControl seq=0 cmd=0x20800a38 client=0x0 object=0x0 result=0x0
kf3: GSP rpc RmControl seq=0
kf-rm: rpc-trace fn=76 RmControl seq=0 cmd=0x20800a3a client=0x0 object=0x0 result=none
kf3: GSP rpc RmControl seq=0
kf3: GSP rpc UNSERVICED Unserviced { code: 76, sequence: 0 }
kf3: maplog t=188622.762720 ARRIVE inval seq=2692 pdb=0xefa0a000/Vidmem all_pdb=false all_va=true hub_only=false raw=0x80010001 age_us=0 (inflight walk: none)
kf3: maplog t=188622.762748 walk#2791 SUBMIT wants=[{inval seq=2692 pdb=0xefa0a000/Vidmem all_pdb=false all_va=true hub_only=false raw=0x80010001 age_us=16 -> [0xc1d0003cff000850]}] walked=[0xc1d0003cff000850=s15@0xefa0a000]
kf3: maplog t=188622.762847 NSI host GR0 wake #2824 raised=false
kf3: maplog t=188622.762914 walk#2791 VasKey(13965662706452138064) root 0xefa0a000 MAP va=0x1200df000 len=0x5000 at=0xef9f6000 ap=0 kind=0x0 ack=1
kf3: maplog t=188622.762941 CLEAR inval seq=2692 Cleared (arrive->clear 210 us)
kf3: maplog t=188622.762951 APPLIED VasKey(13965662706452138064) +1 -0 host space 0xcafe00bf doorbells []
kf3: maplog t=188622.763007 ARRIVE inval seq=2693 pdb=0xefa0a000/Vidmem all_pdb=false all_va=true hub_only=false raw=0x80010001 age_us=0 (inflight walk: none)
kf3: maplog t=188622.763035 walk#2792 SUBMIT wants=[{inval seq=2693 pdb=0xefa0a000/Vidmem all_pdb=false all_va=true hub_only=false raw=0x80010001 age_us=16 -> [0xc1d0003cff000850]}] walked=[0xc1d0003cff000850=s15@0xefa0a000]
kf3: maplog t=188622.763133 NSI host GR0 wake #2825 raised=false
kf3: maplog t=188622.763203 walk#2792 VasKey(13965662706452138064) root 0xefa0a000 MAP va=0x1200f0000 len=0x80000 at=0xed1a0000 ap=0 kind=0x0 ack=1
kf3: maplog t=188622.763232 CLEAR inval seq=2693 Cleared (arrive->clear 213 us)
kf3: maplog t=188622.763241 APPLIED VasKey(13965662706452138064) +1 -0 host space 0xcafe00bf doorbells []
kf-rm: chanlink: GPU_PROMOTE_CTX on 0xc1d00041:0xff030000 params=560 rpc_flags=0x0
kf-rm: rpc-trace fn=76 RmControl seq=0 cmd=0x2080012b client=0xc1d00041 object=0xff030000 result=0x0
kf3: act promote translated context: 0xc1d00041:0xff04000c GPU_PROMOTE_CTX satisfied by Translated host 0x3b GR=Some((cafe00df, c9c0)) VIDEO=None entries=3 init_ids=0x4 va_ids=0xa04 bound=true — no guest buffer touched (3 us, off the GSP lock)
kayfabe: HELD-REPLY fn=RmControl depth=1 — this map reply WAITS for its rows
kf3: GSP rpc RmControl seq=0
kayfabe: HELD-REPLY-POSTED n=1 — their rows are on the host now
kf-rm: rpc-trace fn=103 RmAlloc seq=0 class=0xa140 client=0xc1d00041 parent=0xff04000c handle=0xff1fe01a result=0x0
kf3: GSP rpc RmAlloc seq=0
kf-rm: rpc-trace fn=76 RmControl seq=0 cmd=0x20800a38 client=0x0 object=0x0 result=0x0
kf3: GSP rpc RmControl seq=0
kf-rm: rpc-trace fn=76 RmControl seq=0 cmd=0x20800a3a client=0x0 object=0x0 result=none
kf3: GSP rpc RmControl seq=0
kf3: GSP rpc UNSERVICED Unserviced { code: 76, sequence: 0 }
kf3: maplog t=188622.763783 ARRIVE inval seq=2694 pdb=0xefa0a000/Vidmem all_pdb=false all_va=true hub_only=false raw=0x80010001 age_us=0 (inflight walk: none)
kf3: maplog t=188622.763807 walk#2793 SUBMIT wants=[{inval seq=2694 pdb=0xefa0a000/Vidmem all_pdb=false all_va=true hub_only=false raw=0x80010001 age_us=15 -> [0xc1d0003cff000850]}] walked=[0xc1d0003cff000850=s15@0xefa0a000]
kf3: maplog t=188622.763906 NSI host GR0 wake #2826 raised=false
kf3: maplog t=188622.763980 walk#2793 VasKey(13965662706452138064) root 0xefa0a000 MAP va=0x1200e4000 len=0x3000 at=0xefa65000 ap=0 kind=0x0 ack=1
kf3: maplog t=188622.764005 CLEAR inval seq=2694 Cleared (arrive->clear 214 us)
kf3: maplog t=188622.764014 APPLIED VasKey(13965662706452138064) +1 -0 host space 0xcafe00bf doorbells []
kf3: maplog t=188622.764100 ARRIVE inval seq=2695 pdb=0xefa0a000/Vidmem all_pdb=false all_va=true hub_only=false raw=0x80010001 age_us=0 (inflight walk: none)
kf3: maplog t=188622.764119 walk#2794 SUBMIT wants=[{inval seq=2695 pdb=0xefa0a000/Vidmem all_pdb=false all_va=true hub_only=false raw=0x80010001 age_us=11 -> [0xc1d0003cff000850]}] walked=[0xc1d0003cff000850=s15@0xefa0a000]
kf3: maplog t=188622.764223 NSI host GR0 wake #2827 raised=false
kf3: maplog t=188622.764730 walk#2794 VasKey(13965662706452138064) root 0xefa0a000 MAP va=0x124000000 len=0x25f0000 at=0xed2a0000 ap=0 kind=0x0 ack=1
kf3: maplog t=188622.764758 CLEAR inval seq=2695 Cleared (arrive->clear 650 us)
kf3: maplog t=188622.764766 APPLIED VasKey(13965662706452138064) +1 -0 host space 0xcafe00bf doorbells []
kf3: maplog t=188622.764817 ARRIVE inval seq=2696 pdb=0xefa0a000/Vidmem all_pdb=false all_va=true hub_only=false raw=0x80010001 age_us=0 (inflight walk: none)
kf3: maplog t=188622.764836 walk#2795 SUBMIT wants=[{inval seq=2696 pdb=0xefa0a000/Vidmem all_pdb=false all_va=true hub_only=false raw=0x80010001 age_us=11 -> [0xc1d0003cff000850]}] walked=[0xc1d0003cff000850=s15@0xefa0a000]
kf3: maplog t=188622.764940 NSI host GR0 wake #2828 raised=false
kf3: maplog t=188622.764983 walk#2795 VasKey(13965662706452138064) root 0xefa0a000 MAP va=0x120170000 len=0x20000 at=0xef890000 ap=0 kind=0x0 ack=1
kf3: maplog t=188622.765008 CLEAR inval seq=2696 Cleared (arrive->clear 183 us)
kf3: maplog t=188622.765017 APPLIED VasKey(13965662706452138064) +1 -0 host space 0xcafe00bf doorbells []
kf3: maplog t=188622.765072 ARRIVE inval seq=2697 pdb=0xefa0a000/Vidmem all_pdb=false all_va=true hub_only=false raw=0x80010001 age_us=0 (inflight walk: none)
kf3: maplog t=188622.765089 walk#2796 SUBMIT wants=[{inval seq=2697 pdb=0xefa0a000/Vidmem all_pdb=false all_va=true hub_only=false raw=0x80010001 age_us=9 -> [0xc1d0003cff000850]}] walked=[0xc1d0003cff000850=s15@0xefa0a000]
kf3: maplog t=188622.765196 NSI host GR0 wake #2829 raised=false
kf3: maplog t=188622.765249 walk#2796 VasKey(13965662706452138064) root 0xefa0a000 MAP va=0x120190000 len=0x80000 at=0xef8b0000 ap=0 kind=0x0 ack=1
kf3: maplog t=188622.765273 CLEAR inval seq=2697 Cleared (arrive->clear 194 us)
kf3: maplog t=188622.765282 APPLIED VasKey(13965662706452138064) +1 -0 host space 0xcafe00bf doorbells []
kf-rm: chanlink: GPU_PROMOTE_CTX on 0xc1d00041:0xff030000 params=560 rpc_flags=0x0
kf-rm: rpc-trace fn=76 RmControl seq=0 cmd=0x2080012b client=0xc1d00041 object=0xff030000 result=0x0
kf3: act promote translated context: 0xc1d00041:0xff04000c GPU_PROMOTE_CTX satisfied by Translated host 0x3b GR=Some((cafe00df, c9c0)) VIDEO=None entries=4 init_ids=0x0 va_ids=0x78 bound=true — no guest buffer touched (2 us, off the GSP lock)
kayfabe: HELD-REPLY fn=RmControl depth=1 — this map reply WAITS for its rows
kf3: GSP rpc RmControl seq=0
kayfabe: HELD-REPLY-POSTED n=1 — their rows are on the host now
kf-rm: rpc-trace fn=103 RmAlloc seq=0 class=0x902d client=0xc1d00041 parent=0xff04000c handle=0xff1fe02c result=0x0
kf3: GSP rpc RmAlloc seq=0
kf-rm: rpc-trace fn=76 RmControl seq=0 cmd=0x20800a38 client=0x0 object=0x0 result=0x0
kf3: GSP rpc RmControl seq=0
kf-rm: rpc-trace fn=76 RmControl seq=0 cmd=0x20800a3a client=0x0 object=0x0 result=none
kf3: GSP rpc RmControl seq=0
kf3: GSP rpc UNSERVICED Unserviced { code: 76, sequence: 0 }
kf-rm: rpc-trace fn=103 RmAlloc seq=0 class=0xc997 client=0xc1d00041 parent=0xff04000c handle=0xff1fe026 result=0x0
kf3: GSP rpc RmAlloc seq=0
kf-rm: rpc-trace fn=76 RmControl seq=0 cmd=0x20800a38 client=0x0 object=0x0 result=0x0
kf3: GSP rpc RmControl seq=0
kf-rm: rpc-trace fn=76 RmControl seq=0 cmd=0x20800a3a client=0x0 object=0x0 result=none
kf3: GSP rpc RmControl seq=0
kf3: GSP rpc UNSERVICED Unserviced { code: 76, sequence: 0 }
kf-rm: rpc-trace fn=103 RmAlloc seq=0 class=0xc9c0 client=0xc1d00041 parent=0xff04000c handle=0xff1fe032 result=0x0
kf3: GSP rpc RmAlloc seq=0
kf-rm: rpc-trace fn=76 RmControl seq=0 cmd=0xa06c0103 client=0xc1d00041 object=0xff0e0000 result=0x0
kayfabe: HELD-REPLY fn=RmControl depth=1 — this map reply WAITS for its rows
kf3: GSP rpc RmControl seq=0
kf3: act timeslice: 0xc1d00041:0xff0e0000 SET_TIMESLICE 400 us on 1 twin group(s) (216 us, off the GSP lock)
kayfabe: HELD-REPLY-POSTED n=1 — their rows are on the host now
kf3: chan 0xc1d00041:0xff0e0000 GPFIFO_SCHEDULE enable=true (token 0xe, host 0x3b)
kf-rm: rpc-trace fn=76 RmControl seq=0 cmd=0xa06c0101 client=0xc1d00041 object=0xff0e0000 result=0x0
kf3: GSP rpc RmControl seq=0
qemu-system-x86_64: info: kf3: BAR0-TRACE read trap ON (flip 45)
kf3: maplog t=188622.791538 ARRIVE inval seq=2698 pdb=0xefa0a000/Vidmem all_pdb=false all_va=true hub_only=false raw=0x80010001 age_us=0 (inflight walk: none)
kf3: maplog t=188622.791579 walk#2797 SUBMIT wants=[{inval seq=2698 pdb=0xefa0a000/Vidmem all_pdb=false all_va=true hub_only=false raw=0x80010001 age_us=21 -> [0xc1d0003cff000850]}] walked=[0xc1d0003cff000850=s15@0xefa0a000]
kf3: maplog t=188622.791699 NSI host GR0 wake #2830 raised=false
kf3: maplog t=188622.791782 walk#2797 VasKey(13965662706452138064) root 0xefa0a000 MAP va=0x1200e7000 len=0x1000 at=0x2396fe000 ap=2 kind=0x0 ack=1
kf3: maplog t=188622.791825 CLEAR inval seq=2698 Cleared (arrive->clear 267 us)
kf3: maplog t=188622.791837 APPLIED VasKey(13965662706452138064) +1 -0 host space 0xcafe00bf doorbells []
kf3: maplog t=188622.794694 NSI host CE2 wake #357 raised=false
kf3: maplog t=188622.794798 NSI host CE2 wake #358 raised=false
kf3: maplog t=188622.794819 SPLIT-REQUEST ticket=84 by channel token 0x80c pdb=Some(efa38000)
kf3: maplog t=188622.794863 ARRIVE split ticket=84 pdb=Some(efa38000) space=None (inflight walk: none)
kf3: maplog t=188622.794902 walk#2798 SUBMIT wants=[{split ticket=84 pdb=Some(efa38000) space=None -> [0xc1d00021ff000850]}] walked=[0xc1d00021ff000850=s8@0xefa38000]
kf3: maplog t=188622.795035 NSI host GR0 wake #2831 raised=false
kf3: maplog t=188622.795674 walk#2798 VasKey(13965662590488021072) root 0xefa38000 MAP va=0x603f2000 len=0x1073000 at=0xe93a6000 ap=0 kind=0x6 ack=1
kf3: maplog t=188622.795674 walk#2798 VasKey(13965662590488021072) root 0xefa38000 MAP va=0x100603f2000 len=0x1073000 at=0xe93a6000 ap=0 kind=0x6 ack=1
kf3: maplog t=188622.795728 SPLIT-DONE ticket=84 ok=true
kf3: maplog t=188622.795737 APPLIED VasKey(13965662590488021072) +2 -0 host space 0xcafe0062 doorbells []
kf3: maplog t=188622.796091 NSI host CE2 wake #359 raised=false
kf3: maplog t=188622.797260 NSI host CE2 wake #360 raised=false
kf3: maplog t=188622.797333 SPLIT-REQUEST ticket=85 by channel token 0x80c pdb=Some(efa38000)
kf3: maplog t=188622.797344 NSI host CE2 wake #361 raised=false
kf3: maplog t=188622.797354 ARRIVE split ticket=85 pdb=Some(efa38000) space=None (inflight walk: none)
kf3: maplog t=188622.797381 walk#2799 SUBMIT wants=[{split ticket=85 pdb=Some(efa38000) space=None -> [0xc1d00021ff000850]}] walked=[0xc1d00021ff000850=s8@0xefa38000]
kf3: maplog t=188622.797502 NSI host GR0 wake #2832 raised=false
kf3: maplog t=188622.797673 walk#2799 VasKey(13965662590488021072) root 0xefa38000 UNMAP va=0x603f2000 len=0x1073000 at=0xe93a6000 ap=0 kind=0x6 ack=1
kf3: maplog t=188622.797673 walk#2799 VasKey(13965662590488021072) root 0xefa38000 UNMAP va=0x100603f2000 len=0x1073000 at=0xe93a6000 ap=0 kind=0x6 ack=1
kf3: maplog t=188622.797723 SPLIT-DONE ticket=85 ok=true
kf3: maplog t=188622.797733 APPLIED VasKey(13965662590488021072) +0 -2 host space 0xcafe0062 doorbells []
kf3: maplog t=188622.797882 NSI host CE2 wake #362 raised=false
kf3: maplog t=188622.797900 NSI host CE2 wake #363 raised=false
kf3: maplog t=188622.797934 NSI host CE2 wake #364 raised=false
kf3: maplog t=188622.798006 NSI host CE2 wake #365 raised=false
kf3: maplog t=188622.798312 NSI host CE2 wake #366 raised=false
kf3: maplog t=188622.798384 NSI host CE2 wake #367 raised=false
kf3: maplog t=188622.798431 NSI host CE2 wake #368 raised=false
kf3: maplog t=188622.798501 NSI host CE2 wake #369 raised=false
kf3: maplog t=188622.798729 NSI host CE2 wake #370 raised=false
kf3: maplog t=188622.798804 NSI host CE2 wake #371 raised=false
kf3: maplog t=188622.798811 SPLIT-REQUEST ticket=86 by channel token 0x80c pdb=Some(efa0a000)
kf3: maplog t=188622.798832 ARRIVE split ticket=86 pdb=Some(efa0a000) space=None (inflight walk: none)
kf3: maplog t=188622.798851 walk#2800 SUBMIT wants=[{split ticket=86 pdb=Some(efa0a000) space=None -> [0xc1d0003cff000850]}] walked=[0xc1d0003cff000850=s15@0xefa0a000]
kf3: maplog t=188622.798953 NSI host GR0 wake #2833 raised=false
kf3: maplog t=188622.798980 SPLIT-DONE ticket=86 ok=true
kf3: maplog t=188622.799007 NSI host CE2 wake #372 raised=false
kf3: maplog t=188622.799690 NSI host CE2 wake #373 raised=false
kf3: maplog t=188622.799759 NSI host CE2 wake #374 raised=false
kf-rm: DEFERRED-API 0x50800101 on 0xc1d00015:0xff1fe010 hApiHandle=0x40000014 cmd=0x2080012d psz=584 -> 0x0
kf-rm: rpc-trace fn=76 RmControl seq=0 cmd=0x50800101 client=0xc1d00015 object=0xff1fe010 result=0x0
kf3: BAR0-TRACE window #23 chan=0xc1d00041:0xff0e0000 (host 0x3b) closed by the next RPC (RmControl): 339 access(es)
kf3: BAR0-TRACE #23 W 0xb81208 w4 = 0x101
kf3: BAR0-TRACE #23 W 0xb81210 w4 = 0xc10007a
kf3: BAR0-TRACE #23 W 0xb81608 w4 = 0xfffffffe
kf3: BAR0-TRACE #23 W 0xb81408 w4 = 0x101
kf3: BAR0-TRACE #23 W 0xb81410 w4 = 0xffffffff
kf3: BAR0-TRACE #23 W 0xb81610 w4 = 0x8
kf3: BAR0-TRACE #23 W 0xb81210 w4 = 0x4000000
kf3: BAR0-TRACE #23 W 0xb81208 w4 = 0x101
kf3: BAR0-TRACE #23 W 0xb81210 w4 = 0xc10007a
kf3: BAR0-TRACE #23 W 0xb81608 w4 = 0xfffffffe
kf3: BAR0-TRACE #23 W 0xb81408 w4 = 0x101
kf3: BAR0-TRACE #23 W 0xb81410 w4 = 0xffffffff
kf3: BAR0-TRACE #23 W 0xb81610 w4 = 0x8
kf3: BAR0-TRACE #23 W 0xb81210 w4 = 0x4000000
kf3: BAR0-TRACE #23 W 0xb81208 w4 = 0x101
kf3: BAR0-TRACE #23 W 0xb81210 w4 = 0xc10007a
kf3: BAR0-TRACE #23 W 0xb81608 w4 = 0xfffffffe
kf3: BAR0-TRACE #23 W 0xb81408 w4 = 0x101
kf3: BAR0-TRACE #23 W 0xb81410 w4 = 0xffffffff
kf3: BAR0-TRACE #23 W 0xb81610 w4 = 0x8
kf3: BAR0-TRACE #23 W 0xb81210 w4 = 0x4000000
kf3: BAR0-TRACE #23 R 0xb830b0 w4 = 0x10001
kf3: BAR0-TRACE #23 W 0xb830a0 w4 = 0xefa0a0
kf3: BAR0-TRACE #23 W 0xb830a4 w4 = 0x0
kf3: BAR0-TRACE #23 W 0xb830b0 w4 = 0x80010001
kf3: BAR0-TRACE #23 R 0xb830b0 w4 = 0x80010001 x49
kf3: BAR0-TRACE #23 R 0xb830b0 w4 = 0x10001
kf3: BAR0-TRACE #23 W 0xb81208 w4 = 0x101
kf3: BAR0-TRACE #23 W 0xb81210 w4 = 0xc10007a
kf3: BAR0-TRACE #23 W 0xb81608 w4 = 0xfffffffe
kf3: BAR0-TRACE #23 W 0xb81408 w4 = 0x101
kf3: BAR0-TRACE #23 W 0xb81410 w4 = 0xffffffff
kf3: BAR0-TRACE #23 W 0xb81610 w4 = 0x8
kf3: BAR0-TRACE #23 W 0xb81210 w4 = 0x4000000
kf3: BAR0-TRACE #23 W 0xb81208 w4 = 0x101
kf3: BAR0-TRACE #23 W 0xb81210 w4 = 0xc10007a
kf3: BAR0-TRACE #23 W 0xb81608 w4 = 0xfffffffe
kf3: BAR0-TRACE #23 W 0xbb0090 w4 = 0x1000c x2
kf3: BAR0-TRACE #23 W 0xb81408 w4 = 0x101
kf3: BAR0-TRACE #23 W 0xb81410 w4 = 0xffffffff
kf3: BAR0-TRACE #23 W 0xb81610 w4 = 0x8
kf3: BAR0-TRACE #23 R 0xb81008 w4 = 0x0
kf3: BAR0-TRACE #23 R 0xb8100c w4 = 0x0
kf3: BAR0-TRACE #23 R 0xb81010 w4 = 0x0
kf3: BAR0-TRACE #23 R 0xb81014 w4 = 0x0
kf3: BAR0-TRACE #23 R 0xb81018 w4 = 0x0
kf3: BAR0-TRACE #23 R 0xb8101c w4 = 0x0
kf3: BAR0-TRACE #23 W 0xb81208 w4 = 0x101
kf3: BAR0-TRACE #23 W 0xb81210 w4 = 0xc10007a
kf3: BAR0-TRACE #23 W 0xb81608 w4 = 0xfffffffe
kf3: BAR0-TRACE #23 R 0xb81600 w4 = 0x1
kf3: BAR0-TRACE #23 R 0xb81000 w4 = 0x2
kf3: BAR0-TRACE #23 R 0xb81200 w4 = 0x3f
kf3: BAR0-TRACE #23 W 0xb81000 w4 = 0x2
kf3: BAR0-TRACE #23 R 0xb81004 w4 = 0x0
kf3: BAR0-TRACE #23 R 0xb81204 w4 = 0x0
kf3: BAR0-TRACE #23 W 0xb81408 w4 = 0x101
kf3: BAR0-TRACE #23 W 0xb81410 w4 = 0xffffffff
kf3: BAR0-TRACE #23 W 0xb81610 w4 = 0x8
kf3: BAR0-TRACE #23 R 0xb81008 w4 = 0x0
kf3: BAR0-TRACE #23 R 0xb8100c w4 = 0x0
kf3: BAR0-TRACE #23 R 0xb81010 w4 = 0x0
kf3: BAR0-TRACE #23 R 0xb81014 w4 = 0x0
kf3: BAR0-TRACE #23 R 0xb81018 w4 = 0x0
kf3: BAR0-TRACE #23 R 0xb8101c w4 = 0x0
kf3: BAR0-TRACE #23 W 0xb81208 w4 = 0x101
kf3: BAR0-TRACE #23 W 0xb81210 w4 = 0xc10007a
kf3: BAR0-TRACE #23 W 0xb81608 w4 = 0xfffffffe
kf3: BAR0-TRACE #23 R 0xb81600 w4 = 0x0
kf3: BAR0-TRACE #23 W 0xb81408 w4 = 0x101
kf3: BAR0-TRACE #23 W 0xb81410 w4 = 0xffffffff
kf3: BAR0-TRACE #23 W 0xb81610 w4 = 0x8
kf3: BAR0-TRACE #23 R 0xb81008 w4 = 0x0
kf3: BAR0-TRACE #23 R 0xb8100c w4 = 0x0
kf3: BAR0-TRACE #23 R 0xb81010 w4 = 0x0
kf3: BAR0-TRACE #23 R 0xb81014 w4 = 0x0
kf3: BAR0-TRACE #23 R 0xb81018 w4 = 0x0
kf3: BAR0-TRACE #23 R 0xb8101c w4 = 0x0
kf3: BAR0-TRACE #23 W 0xb81208 w4 = 0x101
kf3: BAR0-TRACE #23 W 0xb81210 w4 = 0xc10007a
kf3: BAR0-TRACE #23 W 0xb81608 w4 = 0xfffffffe
kf3: BAR0-TRACE #23 R 0xb81600 w4 = 0x1
kf3: BAR0-TRACE #23 R 0xb81000 w4 = 0x2
kf3: BAR0-TRACE #23 R 0xb81200 w4 = 0x3f
kf3: BAR0-TRACE #23 W 0xb81000 w4 = 0x2
kf3: BAR0-TRACE #23 R 0xb81004 w4 = 0x0
kf3: BAR0-TRACE #23 R 0xb81204 w4 = 0x0
kf3: BAR0-TRACE #23 W 0xbb0090 w4 = 0x1000c x3
kf3: BAR0-TRACE #23 W 0xb81408 w4 = 0x101
kf3: BAR0-TRACE #23 W 0xb81410 w4 = 0xffffffff
kf3: BAR0-TRACE #23 W 0xb81610 w4 = 0x8
kf3: BAR0-TRACE #23 W 0xbb0090 w4 = 0x1000c
kf3: BAR0-TRACE #23 R 0xb81008 w4 = 0x0
kf3: BAR0-TRACE #23 R 0xb8100c w4 = 0x0
kf3: BAR0-TRACE #23 R 0xb81010 w4 = 0x0
kf3: BAR0-TRACE #23 R 0xb81014 w4 = 0x0
kf3: BAR0-TRACE #23 R 0xb81018 w4 = 0x0
kf3: BAR0-TRACE #23 R 0xb8101c w4 = 0x0
kf3: BAR0-TRACE #23 W 0xb81208 w4 = 0x101
kf3: BAR0-TRACE #23 W 0xb81210 w4 = 0xc10007a
kf3: BAR0-TRACE #23 W 0xb81608 w4 = 0xfffffffe
kf3: BAR0-TRACE #23 R 0xb81600 w4 = 0x1
kf3: BAR0-TRACE #23 R 0xb81000 w4 = 0x2
kf3: BAR0-TRACE #23 R 0xb81200 w4 = 0x3f
kf3: BAR0-TRACE #23 W 0xb81000 w4 = 0x2
kf3: BAR0-TRACE #23 R 0xb81004 w4 = 0x0
kf3: BAR0-TRACE #23 R 0xb81204 w4 = 0x0
kf3: BAR0-TRACE #23 W 0xb81408 w4 = 0x101
kf3: BAR0-TRACE #23 W 0xb81410 w4 = 0xffffffff
kf3: BAR0-TRACE #23 W 0xb81610 w4 = 0x8
kf3: BAR0-TRACE #23 R 0xb81008 w4 = 0x0
kf3: BAR0-TRACE #23 R 0xb8100c w4 = 0x0
kf3: BAR0-TRACE #23 R 0xb81010 w4 = 0x0
kf3: BAR0-TRACE #23 R 0xb81014 w4 = 0x0
kf3: BAR0-TRACE #23 R 0xb81018 w4 = 0x0
kf3: BAR0-TRACE #23 R 0xb8101c w4 = 0x0
kf3: BAR0-TRACE #23 W 0xb81208 w4 = 0x101
kf3: BAR0-TRACE #23 W 0xb81210 w4 = 0xc10007a
kf3: BAR0-TRACE #23 W 0xb81608 w4 = 0xfffffffe
kf3: BAR0-TRACE #23 R 0xb81600 w4 = 0x0
kf3: BAR0-TRACE #23 W 0xbb0090 w4 = 0x1000c x8
kf3: BAR0-TRACE #23 W 0xb81408 w4 = 0x101
kf3: BAR0-TRACE #23 W 0xb81410 w4 = 0xffffffff
kf3: BAR0-TRACE #23 W 0xb81610 w4 = 0x8
kf3: BAR0-TRACE #23 R 0xb81008 w4 = 0x0
kf3: BAR0-TRACE #23 R 0xb8100c w4 = 0x0
kf3: BAR0-TRACE #23 R 0xb81010 w4 = 0x0
kf3: BAR0-TRACE #23 R 0xb81014 w4 = 0x0
kf3: BAR0-TRACE #23 R 0xb81018 w4 = 0x0
kf3: BAR0-TRACE #23 R 0xb8101c w4 = 0x0
kf3: BAR0-TRACE #23 W 0xb81208 w4 = 0x101
kf3: BAR0-TRACE #23 W 0xb81210 w4 = 0xc10007a
kf3: BAR0-TRACE #23 W 0xb81608 w4 = 0xfffffffe
kf3: BAR0-TRACE #23 R 0xb81600 w4 = 0x1
kf3: BAR0-TRACE #23 R 0xb81000 w4 = 0x2
qemu-system-x86_64:kf3: BAR0-TRACE #23 R 0xb81200 w4 = 0x3f 
info: kf3: BAR0-TRACE #23 W 0xb81000 w4 = 0x2kf3: BAR0-TRACE read trap OFF (flip 46)

kf3: BAR0-TRACE #23 R 0xb81004 w4 = 0x0
kf3: BAR0-TRACE #23 R 0xb81204 w4 = 0x0
kf3: BAR0-TRACE #23 W 0xb81408 w4 = 0x101
kf3: BAR0-TRACE #23 W 0xb81410 w4 = 0xffffffff
kf3: BAR0-TRACE #23 W 0xb81610 w4 = 0x8
kf3: BAR0-TRACE #23 W 0xbb0090 w4 = 0x1000c
kf3: BAR0-TRACE #23 R 0xb81008 w4 = 0x0
kf3: BAR0-TRACE #23 R 0xb8100c w4 = 0x0
kf3: BAR0-TRACE #23 R 0xb81010 w4 = 0x0
kf3: BAR0-TRACE #23 R 0xb81014 w4 = 0x0
kf3: BAR0-TRACE #23 R 0xb81018 w4 = 0x0
kf3: BAR0-TRACE #23 W 0xbb0090 w4 = 0x1000c
kf3: BAR0-TRACE #23 R 0xb8101c w4 = 0x0
kf3: BAR0-TRACE #23 W 0xb81208 w4 = 0x101
kf3: BAR0-TRACE #23 W 0xb81210 w4 = 0xc10007a
kf3: BAR0-TRACE #23 W 0xb81608 w4 = 0xfffffffe
kf3: BAR0-TRACE #23 R 0xb81600 w4 = 0x0
kf3: BAR0-TRACE #23 W 0xb81408 w4 = 0x101
kf3: BAR0-TRACE #23 W 0xb81410 w4 = 0xffffffff
kf3: BAR0-TRACE #23 W 0xb81610 w4 = 0x8
kf3: BAR0-TRACE #23 R 0xb81008 w4 = 0x0
kf3: BAR0-TRACE #23 R 0xb8100c w4 = 0x0
kf3: BAR0-TRACE #23 W 0xbb0090 w4 = 0x1000c
kf3: BAR0-TRACE #23 R 0xb81010 w4 = 0x0
kf3: BAR0-TRACE #23 R 0xb81014 w4 = 0x0
kf3: BAR0-TRACE #23 R 0xb81018 w4 = 0x0
kf3: BAR0-TRACE #23 R 0xb8101c w4 = 0x0
kf3: BAR0-TRACE #23 W 0xb81208 w4 = 0x101
kf3: BAR0-TRACE #23 W 0xbb0090 w4 = 0x1000c
kf3: BAR0-TRACE #23 W 0xb81210 w4 = 0xc10007a
kf3: BAR0-TRACE #23 W 0xb81608 w4 = 0xfffffffe
kf3: BAR0-TRACE #23 R 0xb81600 w4 = 0x1
kf3: BAR0-TRACE #23 R 0xb81000 w4 = 0x2
kf3: BAR0-TRACE #23 R 0xb81200 w4 = 0x3f
kf3: BAR0-TRACE #23 W 0xb81000 w4 = 0x2
kf3: BAR0-TRACE #23 R 0xb81004 w4 = 0x0
kf3: BAR0-TRACE #23 R 0xb81204 w4 = 0x0
kf3: BAR0-TRACE #23 W 0xb81408 w4 = 0x101
kf3: BAR0-TRACE #23 W 0xb81410 w4 = 0xffffffff
kf3: BAR0-TRACE #23 W 0xb81610 w4 = 0x8
kf3: BAR0-TRACE #23 R 0xb81008 w4 = 0x0
kf3: BAR0-TRACE #23 R 0xb8100c w4 = 0x0
kf3: BAR0-TRACE #23 R 0xb81010 w4 = 0x0
kf3: BAR0-TRACE #23 R 0xb81014 w4 = 0x0
kf3: BAR0-TRACE #23 R 0xb81018 w4 = 0x0
kf3: BAR0-TRACE #23 R 0xb8101c w4 = 0x0
kf3: BAR0-TRACE #23 W 0xb81208 w4 = 0x101
kf3: BAR0-TRACE #23 W 0xb81210 w4 = 0xc10007a
kf3: BAR0-TRACE #23 W 0xb81608 w4 = 0xfffffffe
kf3: BAR0-TRACE #23 R 0xb81600 w4 = 0x1
kf3: BAR0-TRACE #23 R 0xb81000 w4 = 0x2
kf3: BAR0-TRACE #23 R 0xb81200 w4 = 0x3f
kf3: BAR0-TRACE #23 W 0xb81000 w4 = 0x2
kf3: BAR0-TRACE #23 R 0xb81004 w4 = 0x0
kf3: BAR0-TRACE #23 R 0xb81204 w4 = 0x0
kf3: BAR0-TRACE #23 W 0xbb0090 w4 = 0x1000c x2
kf3: BAR0-TRACE #23 W 0xb81408 w4 = 0x101
kf3: BAR0-TRACE #23 W 0xb81410 w4 = 0xffffffff
kf3: BAR0-TRACE #23 W 0xb81610 w4 = 0x8
kf3: BAR0-TRACE #23 R 0xb81008 w4 = 0x0
kf3: BAR0-TRACE #23 R 0xb8100c w4 = 0x0
kf3: BAR0-TRACE #23 R 0xb81010 w4 = 0x0
kf3: BAR0-TRACE #23 R 0xb81014 w4 = 0x0
kf3: BAR0-TRACE #23 R 0xb81018 w4 = 0x0
kf3: BAR0-TRACE #23 R 0xb8101c w4 = 0x0
kf3: BAR0-TRACE #23 W 0xb81208 w4 = 0x101
kf3: BAR0-TRACE #23 W 0xb81210 w4 = 0xc10007a
kf3: BAR0-TRACE #23 W 0xb81608 w4 = 0xfffffffe
kf3: BAR0-TRACE #23 R 0xb81600 w4 = 0x1
kf3: BAR0-TRACE #23 R 0xb81000 w4 = 0x2
kf3: BAR0-TRACE #23 R 0xb81200 w4 = 0x3f
kf3: BAR0-TRACE #23 W 0xb81000 w4 = 0x2
kf3: BAR0-TRACE #23 R 0xb81004 w4 = 0x0
kf3: BAR0-TRACE #23 R 0xb81204 w4 = 0x0
kf3: BAR0-TRACE #23 W 0xb81408 w4 = 0x101
kf3: BAR0-TRACE #23 W 0xb81410 w4 = 0xffffffff
kf3: BAR0-TRACE #23 W 0xb81610 w4 = 0x8
kf3: BAR0-TRACE #23 R 0xb81008 w4 = 0x0
kf3: BAR0-TRACE #23 R 0xb8100c w4 = 0x0
kf3: BAR0-TRACE #23 R 0xb81010 w4 = 0x0
kf3: BAR0-TRACE #23 R 0xb81014 w4 = 0x0
kf3: BAR0-TRACE #23 R 0xb81018 w4 = 0x0
kf3: BAR0-TRACE #23 R 0xb8101c w4 = 0x0
kf3: BAR0-TRACE #23 W 0xb81208 w4 = 0x101
kf3: BAR0-TRACE #23 W 0xb81210 w4 = 0xc10007a
kf3: BAR0-TRACE #23 W 0xb81608 w4 = 0xfffffffe
kf3: BAR0-TRACE #23 R 0xb81600 w4 = 0x0
kf3: BAR0-TRACE #23 W 0xb81408 w4 = 0x101
kf3: BAR0-TRACE #23 W 0xb81410 w4 = 0xffffffff
kf3: BAR0-TRACE #23 W 0xb81610 w4 = 0x8
kf3: BAR0-TRACE #23 R 0xb81008 w4 = 0x0
kf3: BAR0-TRACE #23 R 0xb8100c w4 = 0x0
kf3: BAR0-TRACE #23 R 0xb81010 w4 = 0x0
kf3: BAR0-TRACE #23 R 0xb81014 w4 = 0x0
kf3: BAR0-TRACE #23 R 0xb81018 w4 = 0x0
kf3: BAR0-TRACE #23 R 0xb8101c w4 = 0x0
kf3: BAR0-TRACE #23 W 0xb81208 w4 = 0x101
kf3: BAR0-TRACE #23 W 0xb81210 w4 = 0xc10007a
kf3: BAR0-TRACE #23 W 0xb81608 w4 = 0xfffffffe
kf3: BAR0-TRACE #23 R 0xb81600 w4 = 0x1
kf3: BAR0-TRACE #23 R 0xb81000 w4 = 0x2
kf3: BAR0-TRACE #23 R 0xb81200 w4 = 0x3f
kf3: BAR0-TRACE #23 W 0xb81000 w4 = 0x2
kf3: BAR0-TRACE #23 R 0xb81004 w4 = 0x0
kf3: BAR0-TRACE #23 R 0xb81204 w4 = 0x0
kf3: BAR0-TRACE #23 W 0xbb0090 w4 = 0x1000c x2
kf3: BAR0-TRACE #23 W 0xb81408 w4 = 0x101
kf3: BAR0-TRACE #23 W 0xb81410 w4 = 0xffffffff
kf3: BAR0-TRACE #23 W 0xb81610 w4 = 0x8
kf3: BAR0-TRACE #23 R 0xb81008 w4 = 0x0
kf3: BAR0-TRACE #23 R 0xb8100c w4 = 0x0
kf3: BAR0-TRACE #23 R 0xb81010 w4 = 0x0
kf3: BAR0-TRACE #23 R 0xb81014 w4 = 0x0
kf3: BAR0-TRACE #23 R 0xb81018 w4 = 0x0
kf3: BAR0-TRACE #23 R 0xb8101c w4 = 0x0
kf3: BAR0-TRACE #23 W 0xb81208 w4 = 0x101
kf3: BAR0-TRACE #23 W 0xb81210 w4 = 0xc10007a
kf3: BAR0-TRACE #23 W 0xb81608 w4 = 0xfffffffe
kf3: BAR0-TRACE #23 R 0xb81600 w4 = 0x1
kf3: BAR0-TRACE #23 R 0xb81000 w4 = 0x2
kf3: BAR0-TRACE #23 R 0xb81200 w4 = 0x3f
kf3: BAR0-TRACE #23 W 0xb81000 w4 = 0x2
kf3: BAR0-TRACE #23 R 0xb81004 w4 = 0x0
kf3: BAR0-TRACE #23 R 0xb81204 w4 = 0x0
kf3: BAR0-TRACE #23 W 0xb81408 w4 = 0x101
kf3: BAR0-TRACE #23 W 0xb81410 w4 = 0xffffffff
kf3: BAR0-TRACE #23 W 0xb81610 w4 = 0x8
kf3: BAR0-TRACE #23 R 0xb81008 w4 = 0x0
kf3: BAR0-TRACE #23 R 0xb8100c w4 = 0x0
kf3: BAR0-TRACE #23 R 0xb81010 w4 = 0x0
kf3: BAR0-TRACE #23 R 0xb81014 w4 = 0x0
kf3: BAR0-TRACE #23 R 0xb81018 w4 = 0x0
kf3: BAR0-TRACE #23 R 0xb8101c w4 = 0x0
kf3: BAR0-TRACE #23 W 0xb81208 w4 = 0x101
kf3: BAR0-TRACE #23 W 0xb81210 w4 = 0xc10007a
kf3: BAR0-TRACE #23 W 0xb81608 w4 = 0xfffffffe
kf3: BAR0-TRACE #23 R 0xb81600 w4 = 0x0
kf3: BAR0-TRACE #23 W 0xb81408 w4 = 0x101
kf3: BAR0-TRACE #23 W 0xb81410 w4 = 0xffffffff
kf3: BAR0-TRACE #23 W 0xb81610 w4 = 0x8
kf3: BAR0-TRACE #23 W 0xb81210 w4 = 0x4000000
kf3: BAR0-TRACE #23 W 0x110c00 w4 = 0x0
kf3: GSP rpc RmControl seq=0
kf-rm: DEFERRED-API 0x50800101 on 0xc1d00015:0xff1fe010 hApiHandle=0x40000015 cmd=0x2080012b psz=584 -> 0x0
kf-rm: rpc-trace fn=76 RmControl seq=0 cmd=0x50800101 client=0xc1d00015 object=0xff1fe010 result=0x0
kf3: GSP rpc RmControl seq=0
kf3: maplog t=188622.801141 NSI host CE2 wake #375 raised=false
kf3: maplog t=188622.801235 NSI host CE2 wake #376 raised=false
kf3: maplog t=188622.801249 SPLIT-REQUEST ticket=87 by channel token 0x80c pdb=Some(efa38000)
kf3: maplog t=188622.801268 ARRIVE split ticket=87 pdb=Some(efa38000) space=None (inflight walk: none)
kf3: maplog t=188622.801290 walk#2801 SUBMIT wants=[{split ticket=87 pdb=Some(efa38000) space=None -> [0xc1d00021ff000850]}] walked=[0xc1d00021ff000850=s8@0xefa38000]
kf3: maplog t=188622.801408 NSI host GR0 wake #2834 raised=false
kf3: maplog t=188622.801441 SPLIT-DONE ticket=87 ok=true
kf3: maplog t=188622.801552 NSI host GR0 wake #2835 raised=false
kf3: DEFERRED-API trigger token 0x3 subch 5 value 0x1 method 0x200 hApiHandle 0x40000014 on 0xc1d00015:0xff1fe010 cmd 0x2080012d: InitializeCtx { engine_type: 1, h_client: 3251634236, chid: 14, chan_client: 3251634241, object: 4279107584, virt_memory: 0, phys_address: 3912916992, phys_attr: 0, dma_handle: 0, index: 14, size: 901888 }
kf3: act deferred API context: InitializeCtx { engine_type: 1, h_client: 3251634236, chid: 14, chan_client: 3251634241, object: 4279107584, virt_memory: 0, phys_address: 3912916992, phys_attr: 0, dma_handle: 0, index: 14, size: 901888 } on 0xc1d00041:0xff0e0000 -> Translated host(s) [3b]: satisfied by each twin's own host context, created and golden-initialised by host RM at its birth (owner ruling B / §U; no guest buffer touched) (10 us, off the GSP lock)
kf3: DEFERRED-API token 0x3 hApiHandle 0x40000014 DONE: InitializeCtx { engine_type: 1, h_client: 3251634236, chid: 14, chan_client: 3251634241, object: 4279107584, virt_memory: 0, phys_address: 3912916992, phys_attr: 0, dma_handle: 0, index: 14, size: 901888 } on 0xc1d00041:0xff0e0000 -> Translated host(s) [3b]: satisfied by each twin's own host context, created and golden-initialised by host RM at its birth (owner ruling B / §U; no guest buffer touched)
kf3: maplog t=188622.801685 NSI host GR0 wake #2836 raised=false
kf3: DEFERRED-API trigger token 0x3 subch 5 value 0x1 method 0x200 hApiHandle 0x40000015 on 0xc1d00015:0xff1fe010 cmd 0x2080012b: PromoteCtx { engine_type: 1, h_client: 3251634236, chid: 14, chan_client: 3251634241, object: 4279107584, virt_memory: 0, virt_address: 69632, size: 901888, entry_count: 0 }
kf3: act deferred API context: PromoteCtx { engine_type: 1, h_client: 3251634236, chid: 14, chan_client: 3251634241, object: 4279107584, virt_memory: 0, virt_address: 69632, size: 901888, entry_count: 0 } on 0xc1d00041:0xff0e0000 -> Translated host(s) [3b]: satisfied by each twin's own host context, created and golden-initialised by host RM at its birth (owner ruling B / §U; no guest buffer touched) (4 us, off the GSP lock)
kf3: DEFERRED-API token 0x3 hApiHandle 0x40000015 DONE: PromoteCtx { engine_type: 1, h_client: 3251634236, chid: 14, chan_client: 3251634241, object: 4279107584, virt_memory: 0, virt_address: 69632, size: 901888, entry_count: 0 } on 0xc1d00041:0xff0e0000 -> Translated host(s) [3b]: satisfied by each twin's own host context, created and golden-initialised by host RM at its birth (owner ruling B / §U; no guest buffer touched)
kf3: maplog t=188622.801796 NSI host GR0 wake #2837 raised=false
kf3: maplog t=188622.801802 NSI host CE2 wake #377 raised=false
kf3: NSI RELAY host non-stall (FIFO_EVENT_MTHD) -> guest GR0 vector 0: a Translated GR-tier ring retired engine-written work (rings=3, relay #14)
kf-rm: rpc-trace fn=76 RmControl seq=0 cmd=0x20801211 client=0xc1d00002 object=0xff030000 result=none
kf3: GSP rpc RmControl seq=0
kf3: GSP rpc UNSERVICED Unserviced { code: 76, sequence: 0 }
kf-rm: DEFERRED-API 0x50800101 on 0xc1d00015:0xff1fe010 hApiHandle=0x40000016 cmd=0x2080012c psz=584 -> 0x0
kf-rm: rpc-trace fn=76 RmControl seq=0 cmd=0x50800101 client=0xc1d00015 object=0xff1fe010 result=0x0
kf3: GSP rpc RmControl seq=0
kf3: maplog t=188622.803163 NSI host CE2 wake #378 raised=false
kf3: maplog t=188622.803251 NSI host GR0 wake #2838 raised=false
kf3: DEFERRED-API trigger token 0x3 subch 5 value 0x1 method 0x200 hApiHandle 0x40000016 on 0xc1d00015:0xff1fe010 cmd 0x2080012c: EvictCtx { engine_type: 1, h_client: 3251634236, chid: 14, chan_client: 3251634241, object: 4279107584 }
kf3: act deferred API context: EvictCtx { engine_type: 1, h_client: 3251634236, chid: 14, chan_client: 3251634241, object: 4279107584 } on 0xc1d00041:0xff0e0000 -> Translated host(s) [3b]: host ring(s) off the runlist, context UNBOUND (owner ruling B / §U; no guest buffer touched) (251 us, off the GSP lock)
kf3: DEFERRED-API token 0x3 hApiHandle 0x40000016 DONE: EvictCtx { engine_type: 1, h_client: 3251634236, chid: 14, chan_client: 3251634241, object: 4279107584 } on 0xc1d00041:0xff0e0000 -> Translated host(s) [3b]: host ring(s) off the runlist, context UNBOUND (owner ruling B / §U; no guest buffer touched)
kf3: maplog t=188622.803601 NSI host GR0 wake #2839 raised=false
kf3: NSI RELAY host non-stall (FIFO_EVENT_MTHD) -> guest GR0 vector 0: a Translated GR-tier ring retired engine-written work (rings=3, relay #15)
kf3: maplog t=188622.803623 SPLIT-REQUEST ticket=88 by channel token 0x80c pdb=Some(efa0a000)
kf3: maplog t=188622.803625 NSI host CE2 wake #379 raised=false
kf3: maplog t=188622.803641 ARRIVE split ticket=88 pdb=Some(efa0a000) space=None (inflight walk: none)
kf3: maplog t=188622.803673 walk#2802 SUBMIT wants=[{split ticket=88 pdb=Some(efa0a000) space=None -> [0xc1d0003cff000850]}] walked=[0xc1d0003cff000850=s15@0xefa0a000]
kf3: maplog t=188622.803832 NSI host GR0 wake #2840 raised=false
kf3: maplog t=188622.803866 SPLIT-DONE ticket=88 ok=true
kf3: maplog t=188622.804097 NSI host CE2 wake #380 raised=false
kf3: maplog t=188622.804117 NSI host CE2 wake #381 raised=false
kf3: maplog t=188622.804131 NSI host CE2 wake #382 raised=false
kf3: maplog t=188622.804147 NSI host CE2 wake #383 raised=false
kf3: maplog t=188622.804184 NSI host CE2 wake #384 raised=false
kf3: maplog t=188622.804196 NSI host CE2 wake #385 raised=false
kf3: maplog t=188622.804221 SPLIT-REQUEST ticket=89 by channel token 0x80c pdb=Some(efa0a000)
kf3: maplog t=188622.804230 NSI host CE2 wake #386 raised=false
kf3: maplog t=188622.804240 ARRIVE split ticket=89 pdb=Some(efa0a000) space=None (inflight walk: none)
kf3: maplog t=188622.804269 walk#2803 SUBMIT wants=[{split ticket=89 pdb=Some(efa0a000) space=None -> [0xc1d0003cff000850]}] walked=[0xc1d0003cff000850=s15@0xefa0a000]
kf3: maplog t=188622.804367 NSI host GR0 wake #2841 raised=false
kf3: maplog t=188622.804399 SPLIT-DONE ticket=89 ok=true
kf3: maplog t=188622.804433 NSI host CE2 wake #387 raised=false
kf-rm: rpc-trace fn=76 RmControl seq=0 cmd=0x20801211 client=0xc1d00002 object=0xff030000 result=none
kf3: GSP rpc RmControl seq=0
kf3: GSP rpc UNSERVICED Unserviced { code: 76, sequence: 0 }
kf3: maplog t=188622.805382 ARRIVE inval seq=2699 pdb=0xefa0a000/Vidmem all_pdb=false all_va=true hub_only=false raw=0x80010001 age_us=0 (inflight walk: none)
kf3: maplog t=188622.805398 walk#2804 SUBMIT wants=[{inval seq=2699 pdb=0xefa0a000/Vidmem all_pdb=false all_va=true hub_only=false raw=0x80010001 age_us=8 -> [0xc1d0003cff000850]}] walked=[0xc1d0003cff000850=s15@0xefa0a000]
kf3: maplog t=188622.805500 NSI host GR0 wake #2842 raised=false
kf3: maplog t=188622.805548 walk#2804 VasKey(13965662706452138064) root 0xefa0a000 UNMAP va=0x1200e7000 len=0x1000 at=0x2396fe000 ap=2 kind=0x0 ack=1
kf3: maplog t=188622.805577 CLEAR inval seq=2699 Cleared (arrive->clear 186 us)
kf3: maplog t=188622.805585 APPLIED VasKey(13965662706452138064) +0 -1 host space 0xcafe00bf doorbells []
kf-rm: rpc-trace fn=10 Free seq=0  result=0x0
kf3: GSP rpc Free seq=0
kf-rm: rpc-trace fn=10 Free seq=0  result=0x0
kf3: GSP rpc Free seq=0
kf-rm: rpc-trace fn=10 Free seq=0  result=0x0
kf3: GSP rpc Free seq=0
kf-rm: rpc-trace fn=10 Free seq=0  result=0x0
kf3: GSP rpc Free seq=0
kf-rm: rpc-trace fn=10 Free seq=0  result=0x0
kf3: GSP rpc Free seq=0
kf-rm: rpc-trace fn=10 Free seq=0  result=0x0
kf3: GSP rpc Free seq=0
kf-rm: rpc-trace fn=10 Free seq=0  result=0x0
kayfabe: HELD-REPLY fn=Free depth=1 — this map reply WAITS for its rows
kf3: GSP rpc Free seq=0
kf3: TSPACE-RETIRE tok=0xe host=0x3b key=VasKey(13965662706452138064) ring_va=0xff00d00000 released=true stale_binds=0/0 late=0 indeterminate=0 unresolved[walk=0 acquire=0 refused=0]
kf3: DOORBELL-LEDGER tok=0x0000000e route=translated emulated=0 forwarded=0 host=0x3b fast=0
kf3: chan token 0xe (host 0x3b) RETIRED, forwarded=0 submissions=0 splits=0/0 serves=1 last_put=Some(0) gp_get=None store_views=0 privilege=Some(ChannelPrivilege { level: 2, uvm_owned: false }) dead=None inca=[refused_methods=0 subdevice_masks=0 control_entries=0 ext_base_unapplied=0] gr_tier=true gr[methods=0 inert_binds=0 objects=[(902d, cafe00e0), (a140, cafe00e1), (c997, cafe00e2), (c9c0, cafe00df)]] gp_get_by_engine=(true, 0)
kf3: act free: 0xc1d00041:0xff04000c: translated host 0x3b (2677 us, off the GSP lock)
kayfabe: HELD-REPLY-POSTED n=1 — their rows are on the host now
kf3: maplog t=188622.810320 ARRIVE inval seq=2700 pdb=0xefa0a000/Vidmem all_pdb=false all_va=true hub_only=false raw=0x80010001 age_us=0 (inflight walk: none)
kf3: maplog t=188622.810344 walk#2805 SUBMIT wants=[{inval seq=2700 pdb=0xefa0a000/Vidmem all_pdb=false all_va=true hub_only=false raw=0x80010001 age_us=13 -> [0xc1d0003cff000850]}] walked=[0xc1d0003cff000850=s15@0xefa0a000]
kf3: maplog t=188622.810451 NSI host GR0 wake #2843 raised=false
kf3: maplog t=188622.810558 walk#2805 VasKey(13965662706452138064) root 0xefa0a000 UNMAP va=0x1200e4000 len=0x3000 at=0xefa65000 ap=0 kind=0x0 ack=1
kf3: maplog t=188622.810595 CLEAR inval seq=2700 Cleared (arrive->clear 264 us)
kf3: maplog t=188622.810608 APPLIED VasKey(13965662706452138064) +0 -1 host space 0xcafe00bf doorbells []
kf3: maplog t=188622.810746 ARRIVE inval seq=2701 pdb=0xefa0a000/Vidmem all_pdb=false all_va=true hub_only=false raw=0x80010001 age_us=0 (inflight walk: none)
kf3: maplog t=188622.810765 walk#2806 SUBMIT wants=[{inval seq=2701 pdb=0xefa0a000/Vidmem all_pdb=false all_va=true hub_only=false raw=0x80010001 age_us=11 -> [0xc1d0003cff000850]}] walked=[0xc1d0003cff000850=s15@0xefa0a000]
kf3: maplog t=188622.810869 NSI host GR0 wake #2844 raised=false
kf3: maplog t=188622.810977 walk#2806 VasKey(13965662706452138064) root 0xefa0a000 UNMAP va=0x124000000 len=0x25f0000 at=0xed2a0000 ap=0 kind=0x0 ack=1
kf3: maplog t=188622.811003 CLEAR inval seq=2701 Cleared (arrive->clear 249 us)
kf3: maplog t=188622.811011 APPLIED VasKey(13965662706452138064) +0 -1 host space 0xcafe00bf doorbells []
kf3: maplog t=188622.811061 ARRIVE inval seq=2702 pdb=0xefa0a000/Vidmem all_pdb=false all_va=true hub_only=false raw=0x80010001 age_us=0 (inflight walk: none)
kf3: maplog t=188622.811078 walk#2807 SUBMIT wants=[{inval seq=2702 pdb=0xefa0a000/Vidmem all_pdb=false all_va=true hub_only=false raw=0x80010001 age_us=10 -> [0xc1d0003cff000850]}] walked=[0xc1d0003cff000850=s15@0xefa0a000]
kf3: maplog t=188622.811184 NSI host GR0 wake #2845 raised=false
kf3: maplog t=188622.811225 walk#2807 VasKey(13965662706452138064) root 0xefa0a000 UNMAP va=0x120170000 len=0x20000 at=0xef890000 ap=0 kind=0x0 ack=1
kf3: maplog t=188622.811250 CLEAR inval seq=2702 Cleared (arrive->clear 181 us)
kf3: maplog t=188622.811259 APPLIED VasKey(13965662706452138064) +0 -1 host space 0xcafe00bf doorbells []
kf3: maplog t=188622.811310 ARRIVE inval seq=2703 pdb=0xefa0a000/Vidmem all_pdb=false all_va=true hub_only=false raw=0x80010001 age_us=0 (inflight walk: none)
kf3: maplog t=188622.811326 walk#2808 SUBMIT wants=[{inval seq=2703 pdb=0xefa0a000/Vidmem all_pdb=false all_va=true hub_only=false raw=0x80010001 age_us=8 -> [0xc1d0003cff000850]}] walked=[0xc1d0003cff000850=s15@0xefa0a000]
kf3: maplog t=188622.811429 NSI host GR0 wake #2846 raised=false
kf3: maplog t=188622.811478 walk#2808 VasKey(13965662706452138064) root 0xefa0a000 UNMAP va=0x120190000 len=0x80000 at=0xef8b0000 ap=0 kind=0x0 ack=1
kf3: maplog t=188622.811503 CLEAR inval seq=2703 Cleared (arrive->clear 185 us)
kf3: maplog t=188622.811513 APPLIED VasKey(13965662706452138064) +0 -1 host space 0xcafe00bf doorbells []
kf3: maplog t=188622.811564 ARRIVE inval seq=2704 pdb=0xefa0a000/Vidmem all_pdb=false all_va=true hub_only=false raw=0x80010001 age_us=0 (inflight walk: none)
kf3: maplog t=188622.811581 walk#2809 SUBMIT wants=[{inval seq=2704 pdb=0xefa0a000/Vidmem all_pdb=false all_va=true hub_only=false raw=0x80010001 age_us=9 -> [0xc1d0003cff000850]}] walked=[0xc1d0003cff000850=s15@0xefa0a000]
kf3: maplog t=188622.811683 NSI host GR0 wake #2847 raised=false
kf3: maplog t=188622.811725 walk#2809 VasKey(13965662706452138064) root 0xefa0a000 UNMAP va=0x1200cf000 len=0x10000 at=0x23994f000 ap=2 kind=0x0 ack=1
kf3: maplog t=188622.811750 CLEAR inval seq=2704 Cleared (arrive->clear 178 us)
kf3: maplog t=188622.811758 APPLIED VasKey(13965662706452138064) +0 -1 host space 0xcafe00bf doorbells []
kf3: maplog t=188622.811803 ARRIVE inval seq=2705 pdb=0xefa0a000/Vidmem all_pdb=false all_va=true hub_only=false raw=0x80010001 age_us=0 (inflight walk: none)
kf3: maplog t=188622.811826 walk#2810 SUBMIT wants=[{inval seq=2705 pdb=0xefa0a000/Vidmem all_pdb=false all_va=true hub_only=false raw=0x80010001 age_us=9 -> [0xc1d0003cff000850]}] walked=[0xc1d0003cff000850=s15@0xefa0a000]
kf3: maplog t=188622.811927 NSI host GR0 wake #2848 raised=false
kf3: maplog t=188622.811969 walk#2810 VasKey(13965662706452138064) root 0xefa0a000 UNMAP va=0x1200f0000 len=0x80000 at=0xed1a0000 ap=0 kind=0x0 ack=1
kf3: maplog t=188622.811994 CLEAR inval seq=2705 Cleared (arrive->clear 177 us)
kf3: maplog t=188622.812002 APPLIED VasKey(13965662706452138064) +0 -1 host space 0xcafe00bf doorbells []
kf3: maplog t=188622.812047 ARRIVE inval seq=2706 pdb=0xefa0a000/Vidmem all_pdb=false all_va=true hub_only=false raw=0x80010001 age_us=0 (inflight walk: none)
kf3: maplog t=188622.812064 walk#2811 SUBMIT wants=[{inval seq=2706 pdb=0xefa0a000/Vidmem all_pdb=false all_va=true hub_only=false raw=0x80010001 age_us=9 -> [0xc1d0003cff000850]}] walked=[0xc1d0003cff000850=s15@0xefa0a000]
kf3: maplog t=188622.812167 NSI host GR0 wake #2849 raised=false
kf3: maplog t=188622.812197 walk#2811 VasKey(13965662706452138064) root 0xefa0a000 UNMAP va=0x1200df000 len=0x5000 at=0xef9f6000 ap=0 kind=0x0 ack=1
kf3: maplog t=188622.812222 CLEAR inval seq=2706 Cleared (arrive->clear 167 us)
kf3: maplog t=188622.812230 APPLIED VasKey(13965662706452138064) +0 -1 host space 0xcafe00bf doorbells []
kf3: maplog t=188622.812650 ARRIVE inval seq=2707 pdb=0xefa0a000/Vidmem all_pdb=false all_va=true hub_only=false raw=0x80010001 age_us=0 (inflight walk: none)
kf3: maplog t=188622.812669 walk#2812 SUBMIT wants=[{inval seq=2707 pdb=0xefa0a000/Vidmem all_pdb=false all_va=true hub_only=false raw=0x80010001 age_us=9 -> [0xc1d0003cff000850]}] walked=[0xc1d0003cff000850=s15@0xefa0a000]
kf3: maplog t=188622.812770 NSI host GR0 wake #2850 raised=false
kf3: maplog t=188622.812803 walk#2812 VasKey(13965662706452138064) root 0xefa0a000 UNMAP va=0x1200c4000 len=0xb000 at=0x239709000 ap=3 kind=0x0 ack=1
kf3: maplog t=188622.812828 CLEAR inval seq=2707 Cleared (arrive->clear 169 us)
kf3: maplog t=188622.812837 APPLIED VasKey(13965662706452138064) +0 -1 host space 0xcafe00bf doorbells []
kf3: maplog t=188622.817410 NSI host CE2 wake #388 raised=false
kf3: maplog t=188622.817478 NSI host CE2 wake #389 raised=false
kf3: maplog t=188622.817504 NSI host CE2 wake #390 raised=false
kf3: maplog t=188622.817589 NSI host CE2 wake #391 raised=false
kf3: maplog t=188622.817606 SPLIT-REQUEST ticket=90 by channel token 0x80c pdb=Some(efa0a000)
kf3: maplog t=188622.817630 ARRIVE split ticket=90 pdb=Some(efa0a000) space=None (inflight walk: none)
kf3: maplog t=188622.817654 walk#2813 SUBMIT wants=[{split ticket=90 pdb=Some(efa0a000) space=None -> [0xc1d0003cff000850]}] walked=[0xc1d0003cff000850=s15@0xefa0a000]
kf3: maplog t=188622.817751 NSI host GR0 wake #2851 raised=false
kf3: maplog t=188622.817785 SPLIT-DONE ticket=90 ok=true
kf3: maplog t=188622.817818 NSI host CE2 wake #392 raised=false
kf3: maplog t=188622.817851 NSI host CE2 wake #393 raised=false
kf3: maplog t=188622.817927 NSI host CE2 wake #394 raised=false
kf3: maplog t=188622.818155 NSI host CE2 wake #395 raised=false
kf3: maplog t=188622.818224 NSI host CE2 wake #396 raised=false
kf-rm: rpc-trace fn=10 Free seq=0  result=0x0
kf3: GSP rpc Free seq=0
kf-rm: rpc-trace fn=10 Free seq=0  result=0x0
kf3: GSP rpc Free seq=0
kf-rm: rpc-trace fn=10 Free seq=0  result=0x0
kf3: GSP rpc Free seq=0
kf-rm: rpc-trace fn=10 Free seq=0  result=0x0
kf3: GSP rpc Free seq=0
kf-rm: rpc-trace fn=10 Free seq=0  result=0x0
kf3: GSP rpc Free seq=0
kf-rm: rpc-trace fn=10 Free seq=0  result=0x0
kf3: GSP rpc Free seq=0
kf-rm: rpc-trace fn=10 Free seq=0  result=0x0
kf3: GSP rpc Free seq=0
kf-rm: rpc-trace fn=76 RmControl seq=0 cmd=0x20809064 client=0xc1d00002 object=0xff030000 result=0x0
kf3: GSP rpc RmControl seq=0
W343GSSCENSUS cmd=0x20809004 params_size=1544 params_at=40 payload_len=1584
kf-rm: rpc-trace fn=76 RmControl seq=0 cmd=0x20809004 client=0xc1d00002 object=0xff030000 result=none
kf3: GSP rpc RmControl seq=0
kf3: GSP rpc UNSERVICED Unserviced { code: 76, sequence: 0 }
kf3: maplog t=188622.915176 NSI host CE2 wake #397 raised=false
kf3: maplog t=188622.915256 NSI host CE2 wake #398 raised=false
kf3: maplog t=188622.915259 SPLIT-REQUEST ticket=91 by channel token 0x80c pdb=Some(efa0a000)
kf3: maplog t=188622.915308 ARRIVE split ticket=91 pdb=Some(efa0a000) space=None (inflight walk: none)
kf3: maplog t=188622.915343 walk#2814 SUBMIT wants=[{split ticket=91 pdb=Some(efa0a000) space=None -> [0xc1d0003cff000850]}] walked=[0xc1d0003cff000850=s15@0xefa0a000]
kf3: maplog t=188622.915446 NSI host GR0 wake #2852 raised=false
kf3: maplog t=188622.915481 SPLIT-DONE ticket=91 ok=true
kf3: maplog t=188622.915535 NSI host CE2 wake #399 raised=false
kf3: maplog t=188622.918054 NSI host CE2 wake #400 raised=false
kf3: maplog t=188622.918127 NSI host CE2 wake #401 raised=false
kf3: maplog t=188622.918144 SPLIT-REQUEST ticket=92 by channel token 0x80c pdb=Some(efa0a000)
kf3: maplog t=188622.918172 ARRIVE split ticket=92 pdb=Some(efa0a000) space=None (inflight walk: none)
kf3: maplog t=188622.918200 walk#2815 SUBMIT wants=[{split ticket=92 pdb=Some(efa0a000) space=None -> [0xc1d0003cff000850]}] walked=[0xc1d0003cff000850=s15@0xefa0a000]
kf-rm: chanlink: client 0xc1d00042 root: kernel=false internal=false
kf3: maplog t=188622.918295 NSI host GR0 wake #2853 raised=false
kf-rm: rpc-trace fn=103 RmAlloc seq=0 class=0x0000 client=0xc1d00042 parent=0x0 handle=0x0 result=0x0
kf3: GSP rpc RmAlloc seq=0
kf3: maplog t=188622.918331 SPLIT-DONE ticket=92 ok=true
kf3: maplog t=188622.918372 NSI host CE2 wake #402 raised=false
kf-rm: rpc-trace fn=103 RmAlloc seq=0 class=0x0080 client=0xc1d00042 parent=0xc1d00042 handle=0xff020000 device_facts=DeviceAllocFacts { device_id: 0, h_client_share: c1d0003c, h_target_client: c1d00002, h_target_device: ff010000, flags: 38, va_space_size: 10000000000, va_mode: 0 } result=0x0
kf3: GSP rpc RmAlloc seq=0
kf3: maplog t=188622.918537 NSI host CE2 wake #403 raised=false
kf-rm: rpc-trace fn=103 RmAlloc seq=0 class=0x2080 client=0xc1d00042 parent=0xff020000 handle=0xff030000 result=0x0
kf3: GSP rpc RmAlloc seq=0
kf3: maplog t=188622.918617 NSI host CE2 wake #404 raised=false
kf3: maplog t=188622.918642 SPLIT-REQUEST ticket=93 by channel token 0x80c pdb=Some(efa0a000)
kf3: maplog t=188622.918659 ARRIVE split ticket=93 pdb=Some(efa0a000) space=None (inflight walk: none)
kf3: maplog t=188622.918676 walk#2816 SUBMIT wants=[{split ticket=93 pdb=Some(efa0a000) space=None -> [0xc1d0003cff000850]}] walked=[0xc1d0003cff000850=s15@0xefa0a000]
kf3: maplog t=188622.918771 NSI host GR0 wake #2854 raised=false
kf-rm: rpc-trace fn=103 RmAlloc seq=0 class=0x0070 client=0xc1d00042 parent=0xff020000 handle=0xff000010 result=0x0
kf3: maplog t=188622.918796 SPLIT-DONE ticket=93 ok=true
kf3: GSP rpc RmAlloc seq=0
kf3: maplog t=188622.918829 NSI host CE2 wake #405 raised=false
kf-rm: rpc-trace fn=103 RmAlloc seq=0 class=0x0070 client=0xc1d00042 parent=0xff020000 handle=0xff1fe038 result=0x0
kf3: GSP rpc RmAlloc seq=0
kf3: FIFO_GET_LATENCY_BUFFER_SIZE engine 0x1: gp=0x240 pb=0x2880 (the host's answer)
kf-rm: rpc-trace fn=76 RmControl seq=0 cmd=0x0080170e client=0xc1d00042 object=0xff020000 result=0x0
kf3: GSP rpc RmControl seq=0
kf3: maplog t=188622.920089 ARRIVE inval seq=2708 pdb=0xefa0a000/Vidmem all_pdb=false all_va=true hub_only=false raw=0x80010001 age_us=0 (inflight walk: none)
kf3: maplog t=188622.920108 walk#2817 SUBMIT wants=[{inval seq=2708 pdb=0xefa0a000/Vidmem all_pdb=false all_va=true hub_only=false raw=0x80010001 age_us=9 -> [0xc1d0003cff000850]}] walked=[0xc1d0003cff000850=s15@0xefa0a000]
kf3: maplog t=188622.920204 NSI host GR0 wake #2855 raised=false
kf3: maplog t=188622.920254 walk#2817 VasKey(13965662706452138064) root 0xefa0a000 MAP va=0x1200c4000 len=0xb000 at=0x239709000 ap=3 kind=0x0 ack=1
kf3: maplog t=188622.920279 CLEAR inval seq=2708 Cleared (arrive->clear 180 us)
kf3: maplog t=188622.920288 APPLIED VasKey(13965662706452138064) +1 -0 host space 0xcafe00bf doorbells []
kf-rm: rpc-trace fn=76 RmControl seq=0 cmd=0x20802a08 client=0x0 object=0x0 result=0x0
kf3: GSP rpc RmControl seq=0
kf-rm: rpc-trace fn=103 RmAlloc seq=0 class=0xa06c client=0xc1d00042 parent=0xff020000 handle=0xff0e0000 tsg_facts=TsgAllocFacts { h_vaspace: 0, engine_type: 1 } result=0x0
kf3: GSP rpc RmAlloc seq=0
kf-rm: rpc-trace fn=76 RmControl seq=0 cmd=0xa06c010a client=0xc1d00042 object=0xff0e0000 result=0x0
kf3: GSP rpc RmControl seq=0
kf-rm: rpc-trace fn=103 RmAlloc seq=0 class=0x9067 client=0xc1d00042 parent=0xff0e0000 handle=0xff0e0200 result=0x0
kf3: GSP rpc RmAlloc seq=0
kf3: maplog t=188622.921517 ARRIVE inval seq=2709 pdb=0xf3392000/Vidmem all_pdb=false all_va=true hub_only=true raw=0x80010005 age_us=0 (inflight walk: none)
kf3: maplog t=188622.921554 walk#2818 SUBMIT wants=[{inval seq=2709 pdb=0xf3392000/Vidmem all_pdb=false all_va=true hub_only=true raw=0x80010005 age_us=27 -> [0xffffffff00000002]}] walked=[0xffffffff00000002=s0@0xf3392000]
kf3: maplog t=188622.921654 NSI host GR0 wake #2856 raised=false
kf3: maplog t=188622.921692 CLEAR inval seq=2709 Cleared (arrive->clear 165 us)
kf-rm: rpc-trace fn=103 RmAlloc seq=0 class=0xc56f client=0xc1d00042 parent=0xff0e0000 handle=0xff04000c result=0x0
kayfabe: HELD-REPLY fn=RmAlloc depth=1 — this map reply WAITS for its rows
kf3: GSP rpc RmAlloc seq=0
kf-host: channel birth h=0xcafe00e5 engine=0x1 reply_flags=0x00000080 PRIVILEGED_CHANNEL=0 privilege=USER cap_sys_admin=cleared-for-call
kf-chan: GR tier admitted host channel 0xcafe00e5 (token 0x3b) reply_flags=0x00000080 privilege=USER objects=[(902d, cafe00e8), (a140, cafe00e9), (c997, cafe00ea), (c9c0, cafe00e7)]
kf3: act birth translated: chan 0xc1d00042:0xff04000c BORN Translated: token 0xe -> host 0x3b in VasKey(13965662706452138064) gpfifo=0x4000000x8192 userd=Some(Sysmem { base: 9553657856, size: 512 }) engine=0x1 tsg=Some(ff0e0000) kernel_by=PRIVILEGE=KERNEL ring_va=0xff00d00000 userd_at_birth(GP_PUT,GP_GET)=(Some(0), Some(0)) zeroed=512B gr_tier=true gp_get_by_engine=true sw_subch_inert=true scheduled_at_birth=false fast=off (5290 us, off the GSP lock)
kayfabe: HELD-REPLY-POSTED n=1 — their rows are on the host now
kf3: chan 0xc1d00042:0xff04000c: NV50_DEFERRED_API 0xff1fe010 ADMITTED on Translated host 0x3b, software classID Some(1) (OWNER_RULINGS §U.1)
kf-rm: rpc-trace fn=103 RmAlloc seq=0 class=0x5080 client=0xc1d00042 parent=0xff04000c handle=0xff1fe010 result=0x0
kf3: GSP rpc RmAlloc seq=0
kf-rm: rpc-trace fn=103 RmAlloc seq=0 class=0xc7b5 client=0xc1d00042 parent=0xff04000c handle=0xff1fe034 result=0x0
kf3: GSP rpc RmAlloc seq=0
kf3: maplog t=188622.928027 ARRIVE inval seq=2710 pdb=0xefa0a000/Vidmem all_pdb=false all_va=true hub_only=false raw=0x80010001 age_us=0 (inflight walk: none)
kf3: maplog t=188622.928055 walk#2819 SUBMIT wants=[{inval seq=2710 pdb=0xefa0a000/Vidmem all_pdb=false all_va=true hub_only=false raw=0x80010001 age_us=16 -> [0xc1d0003cff000850]}] walked=[0xc1d0003cff000850=s15@0xefa0a000]
kf3: maplog t=188622.928160 NSI host GR0 wake #2857 raised=false
kf3: maplog t=188622.928214 walk#2819 VasKey(13965662706452138064) root 0xefa0a000 MAP va=0x1200cf000 len=0x10000 at=0x23994f000 ap=2 kind=0x0 ack=1
kf3: maplog t=188622.928240 CLEAR inval seq=2710 Cleared (arrive->clear 201 us)
kf3: maplog t=188622.928249 APPLIED VasKey(13965662706452138064) +1 -0 host space 0xcafe00bf doorbells []
kf-rm: rpc-trace fn=76 RmControl seq=0 cmd=0x20800a38 client=0x0 object=0x0 result=0x0
kf3: GSP rpc RmControl seq=0
kf-rm: rpc-trace fn=76 RmControl seq=0 cmd=0x20800a3a client=0x0 object=0x0 result=none
kf3: GSP rpc RmControl seq=0
kf3: GSP rpc UNSERVICED Unserviced { code: 76, sequence: 0 }
kf3: maplog t=188622.928482 ARRIVE inval seq=2711 pdb=0xefa0a000/Vidmem all_pdb=false all_va=true hub_only=false raw=0x80010001 age_us=0 (inflight walk: none)
kf3: maplog t=188622.928503 walk#2820 SUBMIT wants=[{inval seq=2711 pdb=0xefa0a000/Vidmem all_pdb=false all_va=true hub_only=false raw=0x80010001 age_us=12 -> [0xc1d0003cff000850]}] walked=[0xc1d0003cff000850=s15@0xefa0a000]
kf3: maplog t=188622.928606 NSI host GR0 wake #2858 raised=false
kf3: maplog t=188622.928642 walk#2820 VasKey(13965662706452138064) root 0xefa0a000 MAP va=0x1200df000 len=0x5000 at=0xef9f6000 ap=0 kind=0x0 ack=1
kf3: maplog t=188622.928667 CLEAR inval seq=2711 Cleared (arrive->clear 176 us)
kf3: maplog t=188622.928676 APPLIED VasKey(13965662706452138064) +1 -0 host space 0xcafe00bf doorbells []
kf3: maplog t=188622.928727 ARRIVE inval seq=2712 pdb=0xefa0a000/Vidmem all_pdb=false all_va=true hub_only=false raw=0x80010001 age_us=0 (inflight walk: none)
kf3: maplog t=188622.928746 walk#2821 SUBMIT wants=[{inval seq=2712 pdb=0xefa0a000/Vidmem all_pdb=false all_va=true hub_only=false raw=0x80010001 age_us=11 -> [0xc1d0003cff000850]}] walked=[0xc1d0003cff000850=s15@0xefa0a000]
kf3: maplog t=188622.928849 NSI host GR0 wake #2859 raised=false
kf3: maplog t=188622.928896 walk#2821 VasKey(13965662706452138064) root 0xefa0a000 MAP va=0x1200f0000 len=0x80000 at=0xed1a0000 ap=0 kind=0x0 ack=1
kf3: maplog t=188622.928921 CLEAR inval seq=2712 Cleared (arrive->clear 187 us)
kf3: maplog t=188622.928930 APPLIED VasKey(13965662706452138064) +1 -0 host space 0xcafe00bf doorbells []
kf-rm: chanlink: GPU_PROMOTE_CTX on 0xc1d00042:0xff030000 params=560 rpc_flags=0x0
kf-rm: rpc-trace fn=76 RmControl seq=0 cmd=0x2080012b client=0xc1d00042 object=0xff030000 result=0x0
kf3: act promote translated context: 0xc1d00042:0xff04000c GPU_PROMOTE_CTX satisfied by Translated host 0x3b GR=Some((cafe00e7, c9c0)) VIDEO=None entries=3 init_ids=0x4 va_ids=0xa04 bound=true — no guest buffer touched (2 us, off the GSP lock)
kayfabe: HELD-REPLY fn=RmControl depth=1 — this map reply WAITS for its rows
kf3: GSP rpc RmControl seq=0
kayfabe: HELD-REPLY-POSTED n=1 — their rows are on the host now
kf-rm: rpc-trace fn=103 RmAlloc seq=0 class=0xa140 client=0xc1d00042 parent=0xff04000c handle=0xff1fe01a result=0x0
kf3: GSP rpc RmAlloc seq=0
kf-rm: rpc-trace fn=76 RmControl seq=0 cmd=0x20800a38 client=0x0 object=0x0 result=0x0
kf3: GSP rpc RmControl seq=0
kf-rm: rpc-trace fn=76 RmControl seq=0 cmd=0x20800a3a client=0x0 object=0x0 result=none
kf3: GSP rpc RmControl seq=0
kf3: GSP rpc UNSERVICED Unserviced { code: 76, sequence: 0 }
kf3: maplog t=188622.929453 ARRIVE inval seq=2713 pdb=0xefa0a000/Vidmem all_pdb=false all_va=true hub_only=false raw=0x80010001 age_us=0 (inflight walk: none)
kf3: maplog t=188622.929471 walk#2822 SUBMIT wants=[{inval seq=2713 pdb=0xefa0a000/Vidmem all_pdb=false all_va=true hub_only=false raw=0x80010001 age_us=10 -> [0xc1d0003cff000850]}] walked=[0xc1d0003cff000850=s15@0xefa0a000]
kf3: maplog t=188622.929575 NSI host GR0 wake #2860 raised=false
kf3: maplog t=188622.929620 walk#2822 VasKey(13965662706452138064) root 0xefa0a000 MAP va=0x1200e4000 len=0x3000 at=0xefa65000 ap=0 kind=0x0 ack=1
kf3: maplog t=188622.929645 CLEAR inval seq=2713 Cleared (arrive->clear 184 us)
kf3: maplog t=188622.929653 APPLIED VasKey(13965662706452138064) +1 -0 host space 0xcafe00bf doorbells []
kf3: maplog t=188622.929737 ARRIVE inval seq=2714 pdb=0xefa0a000/Vidmem all_pdb=false all_va=true hub_only=false raw=0x80010001 age_us=0 (inflight walk: none)
kf3: maplog t=188622.929754 walk#2823 SUBMIT wants=[{inval seq=2714 pdb=0xefa0a000/Vidmem all_pdb=false all_va=true hub_only=false raw=0x80010001 age_us=9 -> [0xc1d0003cff000850]}] walked=[0xc1d0003cff000850=s15@0xefa0a000]
kf3: maplog t=188622.929861 NSI host GR0 wake #2861 raised=false
kf3: maplog t=188622.930356 walk#2823 VasKey(13965662706452138064) root 0xefa0a000 MAP va=0x124000000 len=0x25f0000 at=0xed2a0000 ap=0 kind=0x0 ack=1
kf3: maplog t=188622.930382 CLEAR inval seq=2714 Cleared (arrive->clear 637 us)
kf3: maplog t=188622.930390 APPLIED VasKey(13965662706452138064) +1 -0 host space 0xcafe00bf doorbells []
kf3: maplog t=188622.930441 ARRIVE inval seq=2715 pdb=0xefa0a000/Vidmem all_pdb=false all_va=true hub_only=false raw=0x80010001 age_us=0 (inflight walk: none)
kf3: maplog t=188622.930459 walk#2824 SUBMIT wants=[{inval seq=2715 pdb=0xefa0a000/Vidmem all_pdb=false all_va=true hub_only=false raw=0x80010001 age_us=10 -> [0xc1d0003cff000850]}] walked=[0xc1d0003cff000850=s15@0xefa0a000]
kf3: maplog t=188622.930567 NSI host GR0 wake #2862 raised=false
kf3: maplog t=188622.930627 walk#2824 VasKey(13965662706452138064) root 0xefa0a000 MAP va=0x120170000 len=0x20000 at=0xef890000 ap=0 kind=0x0 ack=1
kf3: maplog t=188622.930652 CLEAR inval seq=2715 Cleared (arrive->clear 204 us)
kf3: maplog t=188622.930661 APPLIED VasKey(13965662706452138064) +1 -0 host space 0xcafe00bf doorbells []
kf3: maplog t=188622.930713 ARRIVE inval seq=2716 pdb=0xefa0a000/Vidmem all_pdb=false all_va=true hub_only=false raw=0x80010001 age_us=0 (inflight walk: none)
kf3: maplog t=188622.930732 walk#2825 SUBMIT wants=[{inval seq=2716 pdb=0xefa0a000/Vidmem all_pdb=false all_va=true hub_only=false raw=0x80010001 age_us=11 -> [0xc1d0003cff000850]}] walked=[0xc1d0003cff000850=s15@0xefa0a000]
kf3: maplog t=188622.930837 NSI host GR0 wake #2863 raised=false
kf3: maplog t=188622.930892 walk#2825 VasKey(13965662706452138064) root 0xefa0a000 MAP va=0x120190000 len=0x80000 at=0xef8b0000 ap=0 kind=0x0 ack=1
kf3: maplog t=188622.930917 CLEAR inval seq=2716 Cleared (arrive->clear 196 us)
kf3: maplog t=188622.930926 APPLIED VasKey(13965662706452138064) +1 -0 host space 0xcafe00bf doorbells []
kf-rm: chanlink: GPU_PROMOTE_CTX on 0xc1d00042:0xff030000 params=560 rpc_flags=0x0
kf-rm: rpc-trace fn=76 RmControl seq=0 cmd=0x2080012b client=0xc1d00042 object=0xff030000 result=0x0
kayfabe: HELD-REPLY fn=RmControl depth=1 — this map reply WAITS for its rows
kf3: GSP rpc RmControl seq=0
kf3: act promote translated context: 0xc1d00042:0xff04000c GPU_PROMOTE_CTX satisfied by Translated host 0x3b GR=Some((cafe00e7, c9c0)) VIDEO=None entries=4 init_ids=0x0 va_ids=0x78 bound=true — no guest buffer touched (0 us, off the GSP lock)
kayfabe: HELD-REPLY-POSTED n=1 — their rows are on the host now
kf-rm: rpc-trace fn=103 RmAlloc seq=0 class=0x902d client=0xc1d00042 parent=0xff04000c handle=0xff1fe02c result=0x0
kf3: GSP rpc RmAlloc seq=0
kf-rm: rpc-trace fn=76 RmControl seq=0 cmd=0x20800a38 client=0x0 object=0x0 result=0x0
kf3: GSP rpc RmControl seq=0
kf-rm: rpc-trace fn=76 RmControl seq=0 cmd=0x20800a3a client=0x0 object=0x0 result=none
kf3: GSP rpc RmControl seq=0
kf3: GSP rpc UNSERVICED Unserviced { code: 76, sequence: 0 }
kf-rm: rpc-trace fn=103 RmAlloc seq=0 class=0xc997 client=0xc1d00042 parent=0xff04000c handle=0xff1fe026 result=0x0
kf3: GSP rpc RmAlloc seq=0
kf-rm: rpc-trace fn=76 RmControl seq=0 cmd=0x20800a38 client=0x0 object=0x0 result=0x0
kf3: GSP rpc RmControl seq=0
kf-rm: rpc-trace fn=76 RmControl seq=0 cmd=0x20800a3a client=0x0 object=0x0 result=none
kf3: GSP rpc RmControl seq=0
kf3: GSP rpc UNSERVICED Unserviced { code: 76, sequence: 0 }
kf-rm: rpc-trace fn=103 RmAlloc seq=0 class=0xc9c0 client=0xc1d00042 parent=0xff04000c handle=0xff1fe032 result=0x0
kf3: GSP rpc RmAlloc seq=0
kf-rm: rpc-trace fn=76 RmControl seq=0 cmd=0xa06c0103 client=0xc1d00042 object=0xff0e0000 result=0x0
kayfabe: HELD-REPLY fn=RmControl depth=1 — this map reply WAITS for its rows
kf3: GSP rpc RmControl seq=0
kf3: act timeslice: 0xc1d00042:0xff0e0000 SET_TIMESLICE 400 us on 1 twin group(s) (222 us, off the GSP lock)
kayfabe: HELD-REPLY-POSTED n=1 — their rows are on the host now
kf3: chan 0xc1d00042:0xff0e0000 GPFIFO_SCHEDULE enable=true (token 0xe, host 0x3b)
kf-rm: rpc-trace fn=76 RmControl seq=0 cmd=0xa06c0101 client=0xc1d00042 object=0xff0e0000 result=0x0
kf3: GSP rpc RmControl seq=0
qemu-system-x86_64: info: kf3: BAR0-TRACE read trap ON (flip 47)
kf3: maplog t=188622.958196 ARRIVE inval seq=2717 pdb=0xefa0a000/Vidmem all_pdb=false all_va=true hub_only=false raw=0x80010001 age_us=0 (inflight walk: none)
kf3: maplog t=188622.958226 walk#2826 SUBMIT wants=[{inval seq=2717 pdb=0xefa0a000/Vidmem all_pdb=false all_va=true hub_only=false raw=0x80010001 age_us=16 -> [0xc1d0003cff000850]}] walked=[0xc1d0003cff000850=s15@0xefa0a000]
kf3: maplog t=188622.958337 NSI host GR0 wake #2864 raised=false
kf3: maplog t=188622.958409 walk#2826 VasKey(13965662706452138064) root 0xefa0a000 MAP va=0x1200e7000 len=0x1000 at=0x2396fe000 ap=2 kind=0x0 ack=1
kf3: maplog t=188622.958441 CLEAR inval seq=2717 Cleared (arrive->clear 232 us)
kf3: maplog t=188622.958454 APPLIED VasKey(13965662706452138064) +1 -0 host space 0xcafe00bf doorbells []
kf3: maplog t=188622.961689 NSI host CE2 wake #406 raised=false
kf3: maplog t=188622.961811 NSI host CE2 wake #407 raised=false
kf3: maplog t=188622.961831 SPLIT-REQUEST ticket=94 by channel token 0x80c pdb=Some(efa38000)
kf3: maplog t=188622.961862 ARRIVE split ticket=94 pdb=Some(efa38000) space=None (inflight walk: none)
kf3: maplog t=188622.961903 walk#2827 SUBMIT wants=[{split ticket=94 pdb=Some(efa38000) space=None -> [0xc1d00021ff000850]}] walked=[0xc1d00021ff000850=s8@0xefa38000]
kf3: maplog t=188622.962026 NSI host GR0 wake #2865 raised=false
kf3: maplog t=188622.962692 walk#2827 VasKey(13965662590488021072) root 0xefa38000 MAP va=0x603f2000 len=0x1073000 at=0xe93a6000 ap=0 kind=0x6 ack=1
kf3: maplog t=188622.962692 walk#2827 VasKey(13965662590488021072) root 0xefa38000 MAP va=0x100603f2000 len=0x1073000 at=0xe93a6000 ap=0 kind=0x6 ack=1
kf3: maplog t=188622.962746 SPLIT-DONE ticket=94 ok=true
kf3: maplog t=188622.962756 APPLIED VasKey(13965662590488021072) +2 -0 host space 0xcafe0062 doorbells []
kf3: maplog t=188622.963108 NSI host CE2 wake #408 raised=false
kf3: maplog t=188622.964382 NSI host CE2 wake #409 raised=false
kf3: maplog t=188622.964482 NSI host CE2 wake #410 raised=false
kf3: maplog t=188622.964497 SPLIT-REQUEST ticket=95 by channel token 0x80c pdb=Some(efa38000)
kf3: maplog t=188622.964521 ARRIVE split ticket=95 pdb=Some(efa38000) space=None (inflight walk: none)
kf3: maplog t=188622.964551 walk#2828 SUBMIT wants=[{split ticket=95 pdb=Some(efa38000) space=None -> [0xc1d00021ff000850]}] walked=[0xc1d00021ff000850=s8@0xefa38000]
kf3: maplog t=188622.964674 NSI host GR0 wake #2866 raised=false
kf3: maplog t=188622.964840 walk#2828 VasKey(13965662590488021072) root 0xefa38000 UNMAP va=0x603f2000 len=0x1073000 at=0xe93a6000 ap=0 kind=0x6 ack=1
kf3: maplog t=188622.964840 walk#2828 VasKey(13965662590488021072) root 0xefa38000 UNMAP va=0x100603f2000 len=0x1073000 at=0xe93a6000 ap=0 kind=0x6 ack=1
kf3: maplog t=188622.964890 SPLIT-DONE ticket=95 ok=true
kf3: maplog t=188622.964901 APPLIED VasKey(13965662590488021072) +0 -2 host space 0xcafe0062 doorbells []
kf3: maplog t=188622.965123 NSI host CE2 wake #411 raised=false
kf3: maplog t=188622.965144 NSI host CE2 wake #412 raised=false
kf3: maplog t=188622.965221 NSI host CE2 wake #413 raised=false
kf3: maplog t=188622.965556 NSI host CE2 wake #414 raised=false
kf3: maplog t=188622.965634 NSI host CE2 wake #415 raised=false
kf3: maplog t=188622.965662 NSI host CE2 wake #416 raised=false
kf3: maplog t=188622.965731 NSI host CE2 wake #417 raised=false
kf3: maplog t=188622.965962 NSI host CE2 wake #418 raised=false
kf3: maplog t=188622.966039 NSI host CE2 wake #419 raised=false
kf3: maplog t=188622.966054 SPLIT-REQUEST ticket=96 by channel token 0x80c pdb=Some(efa0a000)
kf3: maplog t=188622.966071 ARRIVE split ticket=96 pdb=Some(efa0a000) space=None (inflight walk: none)
kf3: maplog t=188622.966091 walk#2829 SUBMIT wants=[{split ticket=96 pdb=Some(efa0a000) space=None -> [0xc1d0003cff000850]}] walked=[0xc1d0003cff000850=s15@0xefa0a000]
kf3: maplog t=188622.966195 NSI host GR0 wake #2867 raised=false
kf3: maplog t=188622.966220 SPLIT-DONE ticket=96 ok=true
kf3: maplog t=188622.966255 NSI host CE2 wake #420 raised=false
kf-rm: DEFERRED-API 0x50800101 on 0xc1d00015:0xff1fe010 hApiHandle=0x40000017 cmd=0x2080012d psz=584 -> 0x0
kf-rm: rpc-trace fn=76 RmControl seq=0 cmd=0x50800101 client=0xc1d00015 object=0xff1fe010 result=0x0
kf3: BAR0-TRACE window #24 chan=0xc1d00042:0xff0e0000 (host 0x3b) closed by the next RPC (RmControl): 294 access(es)
kf3: BAR0-TRACE #24 W 0xb81208 w4 = 0x101
kf3: BAR0-TRACE #24 W 0xb81210 w4 = 0xc10007a
kf3: BAR0-TRACE #24 W 0xb81608 w4 = 0xfffffffe
kf3: BAR0-TRACE #24 W 0xb81408 w4 = 0x101
kf3: BAR0-TRACE #24 W 0xb81410 w4 = 0xffffffff
kf3: BAR0-TRACE #24 W 0xb81610 w4 = 0x8
kf3: BAR0-TRACE #24 W 0xb81210 w4 = 0x4000000
kf3: BAR0-TRACE #24 W 0xb81208 w4 = 0x101
kf3: BAR0-TRACE #24 W 0xb81210 w4 = 0xc10007a
kf3: BAR0-TRACE #24 W 0xb81608 w4 = 0xfffffffe
kf3: BAR0-TRACE #24 W 0xb81408 w4 = 0x101
kf3: BAR0-TRACE #24 W 0xb81410 w4 = 0xffffffff
kf3: BAR0-TRACE #24 W 0xb81610 w4 = 0x8
kf3: BAR0-TRACE #24 W 0xb81210 w4 = 0x4000000
kf3: BAR0-TRACE #24 W 0xb81208 w4 = 0x101
kf3: BAR0-TRACE #24 W 0xb81210 w4 = 0xc10007a
kf3: BAR0-TRACE #24 W 0xb81608 w4 = 0xfffffffe
kf3: BAR0-TRACE #24 W 0xb81408 w4 = 0x101
kf3: BAR0-TRACE #24 W 0xb81410 w4 = 0xffffffff
kf3: BAR0-TRACE #24 W 0xb81610 w4 = 0x8
kf3: BAR0-TRACE #24 W 0xb81210 w4 = 0x4000000
kf3: BAR0-TRACE #24 R 0xb830b0 w4 = 0x10001
kf3: BAR0-TRACE #24 W 0xb830a0 w4 = 0xefa0a0
kf3: BAR0-TRACE #24 W 0xb830a4 w4 = 0x0
kf3: BAR0-TRACE #24 W 0xb830b0 w4 = 0x80010001
kf3: BAR0-TRACE #24 R 0xb830b0 w4 = 0x80010001 x35
kf3: BAR0-TRACE #24 R 0xb830b0 w4 = 0x10001
kf3: BAR0-TRACE #24 W 0xb81208 w4 = 0x101
kf3: BAR0-TRACE #24 W 0xb81210 w4 = 0xc10007a
kf3: BAR0-TRACE #24 W 0xb81608 w4 = 0xfffffffe
kf3: BAR0-TRACE #24 W 0xb81408 w4 = 0x101
kf3: BAR0-TRACE #24 W 0xb81410 w4 = 0xffffffff
kf3: BAR0-TRACE #24 W 0xb81610 w4 = 0x8
kf3: BAR0-TRACE #24 W 0xb81210 w4 = 0x4000000
kf3: BAR0-TRACE #24 W 0xb81208 w4 = 0x101
kf3: BAR0-TRACE #24 W 0xb81210 w4 = 0xc10007a
kf3: BAR0-TRACE #24 W 0xb81608 w4 = 0xfffffffe
kf3: BAR0-TRACE #24 W 0xbb0090 w4 = 0x1000c x2
kf3: BAR0-TRACE #24 W 0xb81408 w4 = 0x101
kf3: BAR0-TRACE #24 W 0xb81410 w4 = 0xffffffff
kf3: BAR0-TRACE #24 W 0xb81610 w4 = 0x8
kf3: BAR0-TRACE #24 R 0xb81008 w4 = 0x0
kf3: BAR0-TRACE #24 R 0xb8100c w4 = 0x0
kf3: BAR0-TRACE #24 R 0xb81010 w4 = 0x0
kf3: BAR0-TRACE #24 R 0xb81014 w4 = 0x0
kf3: BAR0-TRACE #24 R 0xb81018 w4 = 0x0
kf3: BAR0-TRACE #24 R 0xb8101c w4 = 0x0
kf3: BAR0-TRACE #24 W 0xb81208 w4 = 0x101
kf3: BAR0-TRACE #24 W 0xb81210 w4 = 0xc10007a
kf3: BAR0-TRACE #24 W 0xb81608 w4 = 0xfffffffe
kf3: BAR0-TRACE #24 R 0xb81600 w4 = 0x1
kf3: BAR0-TRACE #24 R 0xb81000 w4 = 0x2
kf3: BAR0-TRACE #24 R 0xb81200 w4 = 0x3f
kf3: BAR0-TRACE #24 W 0xb81000 w4 = 0x2
kf3: BAR0-TRACE #24 R 0xb81004 w4 = 0x0
kf3: BAR0-TRACE #24 R 0xb81204 w4 = 0x0
kf3: BAR0-TRACE #24 W 0xb81408 w4 = 0x101
kf3: BAR0-TRACE #24 W 0xb81410 w4 = 0xffffffff
kf3: BAR0-TRACE #24 W 0xb81610 w4 = 0x8
kf3: BAR0-TRACE #24 R 0xb81008 w4 = 0x0
kf3: BAR0-TRACE #24 R 0xb8100c w4 = 0x0
kf3: BAR0-TRACE #24 R 0xb81010 w4 = 0x0
kf3: BAR0-TRACE #24 R 0xb81014 w4 = 0x0
kf3: BAR0-TRACE #24 R 0xb81018 w4 = 0x0
kf3: BAR0-TRACE #24 R 0xb8101c w4 = 0x0
kf3: BAR0-TRACE #24 W 0xb81208 w4 = 0x101
kf3: BAR0-TRACE #24 W 0xb81210 w4 = 0xc10007a
kf3: BAR0-TRACE #24 W 0xb81608 w4 = 0xfffffffe
kf3: BAR0-TRACE #24 R 0xb81600 w4 = 0x0
kf3: BAR0-TRACE #24 W 0xb81408 w4 = 0x101
kf3: BAR0-TRACE #24 W 0xb81410 w4 = 0xffffffff
kf3: BAR0-TRACE #24 W 0xb81610 w4 = 0x8
kf3: BAR0-TRACE #24 R 0xb81008 w4 = 0x0
kf3: BAR0-TRACE #24 R 0xb8100c w4 = 0x0
kf3: BAR0-TRACE #24 R 0xb81010 w4 = 0x0
kf3: BAR0-TRACE #24 R 0xb81014 w4 = 0x0
kf3: BAR0-TRACE #24 R 0xb81018 w4 = 0x0
kf3: BAR0-TRACE #24 R 0xb8101c w4 = 0x0
kf3: BAR0-TRACE #24 W 0xb81208 w4 = 0x101
kf3: BAR0-TRACE #24 W 0xb81210 w4 = 0xc10007a
kf3: BAR0-TRACE #24 W 0xb81608 w4 = 0xfffffffe
kf3: BAR0-TRACE #24 R 0xb81600 w4 = 0x1
kf3: BAR0-TRACE #24 R 0xb81000 w4 = 0x2
kf3: BAR0-TRACE #24 R 0xb81200 w4 = 0x3f
kf3: BAR0-TRACE #24 W 0xb81000 w4 = 0x2
kf3: BAR0-TRACE #24 R 0xb81004 w4 = 0x0
kf3: BAR0-TRACE #24 R 0xb81204 w4 = 0x0
kf3: BAR0-TRACE #24 W 0xbb0090 w4 = 0x1000c x3
kf3: BAR0-TRACE #24 W 0xb81408 w4 = 0x101
kf3: BAR0-TRACE #24 W 0xbb0090 w4 = 0x1000c
kf3: BAR0-TRACE #24 W 0xb81410 w4 = 0xffffffff
kf3: BAR0-TRACE #24 W 0xb81610 w4 = 0x8
kf3: BAR0-TRACE #24 R 0xb81008 w4 = 0x0
kf3: BAR0-TRACE #24 R 0xb8100c w4 = 0x0
kf3: BAR0-TRACE #24 R 0xb81010 w4 = 0x0
kf3: BAR0-TRACE #24 R 0xb81014 w4 = 0x0
kf3: BAR0-TRACE #24 R 0xb81018 w4 = 0x0
kf3: BAR0-TRACE #24 R 0xb8101c w4 = 0x0
kf3: BAR0-TRACE #24 W 0xb81208 w4 = 0x101
kf3: BAR0-TRACE #24 W 0xb81210 w4 = 0xc10007a
kf3: BAR0-TRACE #24 W 0xb81608 w4 = 0xfffffffe
kf3: BAR0-TRACE #24 R 0xb81600 w4 = 0x1
kf3: BAR0-TRACE #24 R 0xb81000 w4 = 0x2
kf3: BAR0-TRACE #24 R 0xb81200 w4 = 0x3f
kf3: BAR0-TRACE #24 W 0xb81000 w4 = 0x2
kf3: BAR0-TRACE #24 R 0xb81004 w4 = 0x0
kf3: BAR0-TRACE #24 R 0xb81204 w4 = 0x0
kf3: BAR0-TRACE #24 W 0xb81408 w4 = 0x101
kf3: BAR0-TRACE #24 W 0xb81410 w4 = 0xffffffff
kf3: BAR0-TRACE #24 W 0xb81610 w4 = 0x8
kf3: BAR0-TRACE #24 R 0xb81008 w4 = 0x0
kf3: BAR0-TRACE #24 R 0xb8100c w4 = 0x0
kf3: BAR0-TRACE #24 R 0xb81010 w4 = 0x0
kf3: BAR0-TRACE #24 R 0xb81014 w4 = 0x0
kf3: BAR0-TRACE #24 R 0xb81018 w4 = 0x0
kf3: BAR0-TRACE #24 R 0xb8101c w4 = 0x0
kf3: BAR0-TRACE #24 W 0xb81208 w4 = 0x101
kf3: BAR0-TRACE #24 W 0xb81210 w4 = 0xc10007a
kf3: BAR0-TRACE #24 W 0xb81608 w4 = 0xfffffffe
kf3: BAR0-TRACE #24 R 0xb81600 w4 = 0x0
kf3: BAR0-TRACE #24 W 0xbb0090 w4 = 0x1000c x10
kf3: BAR0-TRACE #24 W 0xb81408 w4 = 0x101
kf3: BAR0-TRACE #24 W 0xb81410 w4 = 0xffffffff
kf3: BAR0-TRACE #24 W 0xb81610 w4 = 0x8
kf3: BAR0-TRACE #24 R 0xb81008 w4 = 0x0
kf3: BAR0-TRACE #24 R 0xb8100c w4 = 0x0
kf3: BAR0-TRACE #24 R 0xb81010 w4 = 0x0
kf3: BAR0-TRACE #24 R 0xb81014 w4 = 0x0
kf3: BAR0-TRACE #24 R 0xb81018 w4 = 0x0
kf3: BAR0-TRACE #24 R 0xb8101c w4 = 0x0
kf3: BAR0-TRACE #24 W 0xb81208 w4 = 0x101
kf3: BAR0-TRACE #24 W 0xb81210 w4 = 0xc10007a
kf3: BAR0-TRACE #24 W 0xb81608 w4 = 0xfffffffe
kf3: BAR0-TRACE #24 R 0xb81600 w4 = 0x1
kf3: BAR0-TRACE #24 R 0xb81000 w4 = 0x2
kf3: BAR0-TRACE #24 R 0xb81200 w4 = 0x3f
kf3: BAR0-TRACE #24 W 0xb81000 w4 = 0x2
kf3: BAR0-TRACE #24 R 0xb81004 w4 = 0x0
kf3: BAR0-TRACE #24 R 0xb81204 w4 = 0x0
kf3: BAR0-TRACE #24 W 0xb81408 w4 = 0x101
kf3: BAR0-TRACE #24 W 0xb81410 w4 = 0xffffffff
kf3: BAR0-TRACE #24 W 0xb81610 w4 = 0x8
kf3: BAR0-TRACE #24 R 0xb81008 w4 = 0x0
kf3: BAR0-TRACE #24 R 0xb8100c w4 = 0x0
kf3: BAR0-TRACE #24 W 0xbb0090 w4 = 0x1000c
kf3: BAR0-TRACE #24 R 0xb81010 w4 = 0x0
kf3: BAR0-TRACE #24 R 0xb81014 w4 = 0x0
kf3: BAR0-TRACE #24 R 0xb81018 w4 = 0x0
kf3: BAR0-TRACE #24 R 0xb8101c w4 = 0x0
kf3: BAR0-TRACE #24 W 0xbb0090 w4 = 0x1000c
kf3: BAR0-TRACE #24 W 0xb81208 w4 = 0x101
kf3: BAR0-TRACE #24 W 0xb81210 w4 = 0xc10007a
kf3: BAR0-TRACE #24 W 0xb81608 w4 = 0xfffffffe
kf3: BAR0-TRACE #24 R 0xb81600 w4 = 0x0
kf3: BAR0-TRACE #24 W 0xb81408 w4 = 0x101
kf3: BAR0-TRACE #24 W 0xb81410 w4 = 0xffffffff
kf3: BAR0-TRACE #24 W 0xb81610 w4 = 0x8
kf3: BAR0-TRACE #24 W 0xbb0090 w4 = 0x1000c
kf3: BAR0-TRACE #24 R 0xb81008 w4 = 0x0
kf3: BAR0-TRACE #24 R 0xb8100c w4 = 0x0
kf3: BAR0-TRACE #24 R 0xb81010 w4 = 0x0
kf3: BAR0-TRACE #24 R 0xb81014 w4 = 0x0
kf3: BAR0-TRACE #24 W 0xbb0090 w4 = 0x1000c
kf3: BAR0-TRACE #24 R 0xb81018 w4 = 0x0
kf3: BAR0-TRACE #24 R 0xb8101c w4 = 0x0
kf3: BAR0-TRACE #24 W 0xb81208 w4 = 0x101
kf3: BAR0-TRACE #24 W 0xb81210 w4 = 0xc10007a
kf3: BAR0-TRACE #24 W 0xb81608 w4 = 0xfffffffe
kf3: BAR0-TRACE #24 R 0xb81600 w4 = 0x1
kf3: BAR0-TRACE #24 R 0xb81000 w4 = 0x2
kf3: BAR0-TRACE #24 R 0xb81200 w4 = 0x3f
kf3: BAR0-TRACE #24 W 0xb81000 w4 = 0x2
kf3: BAR0-TRACE #24 R 0xb81004 w4 = 0x0
kf3: BAR0-TRACE #24 R 0xb81204 w4 = 0x0
kf3: BAR0-TRACE #24 W 0xb81408 w4 = 0x101
kf3: BAR0-TRACE #24 W 0xb81410 w4 = 0xffffffff
kf3: BAR0-TRACE #24 W 0xb81610 w4 = 0x8
kf3: BAR0-TRACE #24 R 0xb81008 w4 = 0x0
kf3: BAR0-TRACE #24 R 0xb8100c w4 = 0x0
kf3: BAR0-TRACE #24 R 0xb81010 w4 = 0x0
kf3: BAR0-TRACE #24 R 0xb81014 w4 = 0x0
kf3: BAR0-TRACE #24 R 0xb81018 w4 = 0x0
kf3: BAR0-TRACE #24 R 0xb8101c w4 = 0x0
kf3: BAR0-TRACE #24 W 0xb81208 w4 = 0x101
kf3: BAR0-TRACE #24 W 0xb81210 w4 = 0xc10007a
kf3: BAR0-TRACE #24 W 0xb81608 w4 = 0xfffffffe
kf3: BAR0-TRACE #24 R 0xb81600 w4 = 0x1
kf3: BAR0-TRACE #24 R 0xb81000 w4 = 0x2
kf3: BAR0-TRACE #24 R 0xb81200 w4 = 0x3f
kf3: BAR0-TRACE #24 W 0xb81000 w4 = 0x2
kf3: BAR0-TRACE #24 R 0xb81004 w4 = 0x0
kf3: BAR0-TRACE #24 R 0xb81204 w4 = 0x0
kf3: BAR0-TRACE #24 W 0xbb0090 w4 = 0x1000c x2
kf3: BAR0-TRACE #24 W 0xb81408 w4 = 0x101
kf3: BAR0-TRACE #24 W 0xb81410 w4 = 0xffffffff
kf3: BAR0-TRACE #24 W 0xb81610 w4 = 0x8
kf3: BAR0-TRACE #24 R 0xb81008 w4 = 0x0
kf3: BAR0-TRACE #24 R 0xb8100c w4 = 0x0
kf3: BAR0-TRACE #24 R 0xb81010 w4 = 0x0
kf3: BAR0-TRACE #24 R 0xb81014 w4 = 0x0
kf3: BAR0-TRACE #24 R 0xb81018 w4 = 0x0
kf3: BAR0-TRACE #24 R 0xb8101c w4 = 0x0
kf3: BAR0-TRACE #24 W 0xb81208 w4 = 0x101
kf3: BAR0-TRACE #24 W 0xb81210 w4 = 0xc10007a
kf3: BAR0-TRACE #24 W 0xb81608 w4 = 0xfffffffe
kf3: BAR0-TRACE #24 R 0xb81600 w4 = 0x1
kf3: BAR0-TRACE #24 R 0xb81000 w4 = 0x2
kf3: BAR0-TRACE #24 R 0xb81200 w4 = 0x3f
kf3: BAR0-TRACE #24 W 0xb81000 w4 = 0x2
kf3: BAR0-TRACE #24 R 0xb81004 w4 = 0x0
kf3: BAR0-TRACE #24 R 0xb81204 w4 = 0x0
kf3: BAR0-TRACE #24 W 0xb81408 w4 = 0x101
kf3: BAR0-TRACE #24 W 0xb81410 w4 = 0xffffffff
kf3: BAR0-TRACE #24 W 0xb81610 w4 = 0x8
kf3: BAR0-TRACE #24 R 0xb81008 w4 = 0x0
kf3: BAR0-TRACE #24 R 0xb8100c w4 = 0x0
kf3: BAR0-TRACE #24 R 0xb81010 w4 = 0x0
kf3: BAR0-TRACE #24 R 0xb81014 w4 = 0x0
kf3: BAR0-TRACE #24 R 0xb81018 w4 = 0x0
kf3: BAR0-TRACE #24 R 0xb8101c w4 = 0x0
kf3: BAR0-TRACE #24 W 0xb81208 w4 = 0x101
kf3: BAR0-TRACE #24 W 0xb81210 w4 = 0xc10007a
kf3: BAR0-TRACE #24 W 0xb81608 w4 = 0xfffffffe
kf3: BAR0-TRACE #24 R 0xb81600 w4 = 0x0
kf3: BAR0-TRACE #24 W 0xb81408 w4 = 0x101
kf3: BAR0-TRACE #24 W 0xb81410 w4 = 0xffffffff
kf3: BAR0-TRACE #24 W 0xb81610 w4 = 0x8
kf3: BAR0-TRACE #24 R 0xb81008 w4 = 0x0
kf3: BAR0-TRACE #24 R 0xb8100c w4 = 0x0
kf3: BAR0-TRACE #24 R 0xb81010 w4 = 0x0
kf3: BAR0-TRACE #24 R 0xb81014 w4 = 0x0
kf3: BAR0-TRACE #24 R 0xb81018 w4 = 0x0
kf3: BAR0-TRACE #24 R 0xb8101c w4 = 0x0
kf3: BAR0-TRACE #24 W 0xb81208 w4 = 0x101
kf3: BAR0-TRACE #24 W 0xb81210 w4 = 0xc10007a
kf3: BAR0-TRACE #24 W 0xb81608 w4 = 0xfffffffe
kf3: BAR0-TRACE #24 R 0xb81600 w4 = 0x1
kf3: BAR0-TRACE #24 R 0xb81000 w4 = 0x2
kf3: BAR0-TRACE #24 R 0xb81200 w4 = 0x3f
kf3: BAR0-TRACE #24 W 0xb81000 w4 = 0x2
kf3: BAR0-TRACE #24 R 0xb81004 w4 = 0x0
kf3: BAR0-TRACE #24 R 0xb81204 w4 = 0x0
kf3: BAR0-TRACE #24 W 0xb81408 w4 = 0x101
kf3: BAR0-TRACE #24 W 0xb81410 w4 = 0xffffffff
kf3: BAR0-TRACE #24 W 0xb81610 w4 = 0x8
kf3: BAR0-TRACE #24 W 0xb81210 w4 = 0x4000000
kf3: BAR0-TRACE #24 W 0x110c00 w4 = 0x0
kf3: GSP rpc RmControl seq=0
kf-rm: DEFERRED-API 0x50800101 on 0xc1d00015:0xff1fe010 hApiHandle=0x40000018 cmd=0x2080012b psz=584 -> 0x0
kf-rm: rpc-trace fn=76 RmControl seq=0 cmd=0x50800101 client=0xc1d00015 object=0xff1fe010 result=0x0
kf3: GSP rpc RmControl seq=0
qemu-system-x86_64: info: kf3: BAR0-TRACE read trap OFF (flip 48)
kf3: maplog t=188622.968206 NSI host CE2 wake #421 raised=false
kf3: maplog t=188622.968304 NSI host CE2 wake #422 raised=false
kf3: maplog t=188622.968319 SPLIT-REQUEST ticket=97 by channel token 0x80c pdb=Some(efa38000)
kf3: maplog t=188622.968337 ARRIVE split ticket=97 pdb=Some(efa38000) space=None (inflight walk: none)
kf3: maplog t=188622.968360 walk#2830 SUBMIT wants=[{split ticket=97 pdb=Some(efa38000) space=None -> [0xc1d00021ff000850]}] walked=[0xc1d00021ff000850=s8@0xefa38000]
kf3: maplog t=188622.968479 NSI host GR0 wake #2868 raised=false
kf3: maplog t=188622.968503 SPLIT-DONE ticket=97 ok=true
kf3: maplog t=188622.968626 NSI host GR0 wake #2869 raised=false
kf3: DEFERRED-API trigger token 0x3 subch 5 value 0x1 method 0x200 hApiHandle 0x40000017 on 0xc1d00015:0xff1fe010 cmd 0x2080012d: InitializeCtx { engine_type: 1, h_client: 3251634236, chid: 14, chan_client: 3251634242, object: 4279107584, virt_memory: 0, phys_address: 3912916992, phys_attr: 0, dma_handle: 0, index: 14, size: 901888 }
kf3: act deferred API context: InitializeCtx { engine_type: 1, h_client: 3251634236, chid: 14, chan_client: 3251634242, object: 4279107584, virt_memory: 0, phys_address: 3912916992, phys_attr: 0, dma_handle: 0, index: 14, size: 901888 } on 0xc1d00042:0xff0e0000 -> Translated host(s) [3b]: satisfied by each twin's own host context, created and golden-initialised by host RM at its birth (owner ruling B / §U; no guest buffer touched) (10 us, off the GSP lock)
kf3: DEFERRED-API token 0x3 hApiHandle 0x40000017 DONE: InitializeCtx { engine_type: 1, h_client: 3251634236, chid: 14, chan_client: 3251634242, object: 4279107584, virt_memory: 0, phys_address: 3912916992, phys_attr: 0, dma_handle: 0, index: 14, size: 901888 } on 0xc1d00042:0xff0e0000 -> Translated host(s) [3b]: satisfied by each twin's own host context, created and golden-initialised by host RM at its birth (owner ruling B / §U; no guest buffer touched)
kf3: maplog t=188622.968771 NSI host GR0 wake #2870 raised=false
kf3: DEFERRED-API trigger token 0x3 subch 5 value 0x1 method 0x200 hApiHandle 0x40000018 on 0xc1d00015:0xff1fe010 cmd 0x2080012b: PromoteCtx { engine_type: 1, h_client: 3251634236, chid: 14, chan_client: 3251634242, object: 4279107584, virt_memory: 0, virt_address: 69632, size: 901888, entry_count: 0 }
kf3: act deferred API context: PromoteCtx { engine_type: 1, h_client: 3251634236, chid: 14, chan_client: 3251634242, object: 4279107584, virt_memory: 0, virt_address: 69632, size: 901888, entry_count: 0 } on 0xc1d00042:0xff0e0000 -> Translated host(s) [3b]: satisfied by each twin's own host context, created and golden-initialised by host RM at its birth (owner ruling B / §U; no guest buffer touched) (7 us, off the GSP lock)
kf3: DEFERRED-API token 0x3 hApiHandle 0x40000018 DONE: PromoteCtx { engine_type: 1, h_client: 3251634236, chid: 14, chan_client: 3251634242, object: 4279107584, virt_memory: 0, virt_address: 69632, size: 901888, entry_count: 0 } on 0xc1d00042:0xff0e0000 -> Translated host(s) [3b]: satisfied by each twin's own host context, created and golden-initialised by host RM at its birth (owner ruling B / §U; no guest buffer touched)
kf3: maplog t=188622.968884 NSI host GR0 wake #2871 raised=false
kf3: maplog t=188622.968898 NSI host CE2 wake #423 raised=false
kf3: NSI RELAY host non-stall (FIFO_EVENT_MTHD) -> guest GR0 vector 0: a Translated GR-tier ring retired engine-written work (rings=3, relay #16)
kf-rm: rpc-trace fn=76 RmControl seq=0 cmd=0x20801211 client=0xc1d00002 object=0xff030000 result=none
kf3: GSP rpc RmControl seq=0
kf3: GSP rpc UNSERVICED Unserviced { code: 76, sequence: 0 }
kf-rm: DEFERRED-API 0x50800101 on 0xc1d00015:0xff1fe010 hApiHandle=0x40000019 cmd=0x2080012c psz=584 -> 0x0
kf-rm: rpc-trace fn=76 RmControl seq=0 cmd=0x50800101 client=0xc1d00015 object=0xff1fe010 result=0x0
kf3: GSP rpc RmControl seq=0
kf3: maplog t=188622.970321 NSI host CE2 wake #424 raised=false
kf3: maplog t=188622.970415 NSI host GR0 wake #2872 raised=false
kf3: DEFERRED-API trigger token 0x3 subch 5 value 0x1 method 0x200 hApiHandle 0x40000019 on 0xc1d00015:0xff1fe010 cmd 0x2080012c: EvictCtx { engine_type: 1, h_client: 3251634236, chid: 14, chan_client: 3251634242, object: 4279107584 }
kf3: act deferred API context: EvictCtx { engine_type: 1, h_client: 3251634236, chid: 14, chan_client: 3251634242, object: 4279107584 } on 0xc1d00042:0xff0e0000 -> Translated host(s) [3b]: host ring(s) off the runlist, context UNBOUND (owner ruling B / §U; no guest buffer touched) (248 us, off the GSP lock)
kf3: DEFERRED-API token 0x3 hApiHandle 0x40000019 DONE: EvictCtx { engine_type: 1, h_client: 3251634236, chid: 14, chan_client: 3251634242, object: 4279107584 } on 0xc1d00042:0xff0e0000 -> Translated host(s) [3b]: host ring(s) off the runlist, context UNBOUND (owner ruling B / §U; no guest buffer touched)
kf3: maplog t=188622.970756 SPLIT-REQUEST ticket=98 by channel token 0x80c pdb=Some(efa0a000)
kf3: maplog t=188622.970768 NSI host GR0 wake #2873 raised=false
kf3: maplog t=188622.970786 NSI host CE2 wake #425 raised=false
kf3: maplog t=188622.970774 ARRIVE split ticket=98 pdb=Some(efa0a000) space=None (inflight walk: none)
kf3: maplog t=188622.970829 walk#2831 SUBMIT wants=[{split ticket=98 pdb=Some(efa0a000) space=None -> [0xc1d0003cff000850]}] walked=[0xc1d0003cff000850=s15@0xefa0a000]
kf3: maplog t=188622.970991 NSI host GR0 wake #2874 raised=false
kf3: maplog t=188622.971024 SPLIT-DONE ticket=98 ok=true
kf3: maplog t=188622.971272 NSI host CE2 wake #426 raised=false
kf3: maplog t=188622.971322 NSI host CE2 wake #427 raised=false
kf3: maplog t=188622.971371 NSI host CE2 wake #428 raised=false
kf3: maplog t=188622.971414 NSI host CE2 wake #429 raised=false
kf3: maplog t=188622.971463 NSI host CE2 wake #430 raised=false
kf3: maplog t=188622.971476 SPLIT-REQUEST ticket=99 by channel token 0x80c pdb=Some(efa0a000)
kf3: maplog t=188622.971493 ARRIVE split ticket=99 pdb=Some(efa0a000) space=None (inflight walk: none)
kf3: maplog t=188622.971523 walk#2832 SUBMIT wants=[{split ticket=99 pdb=Some(efa0a000) space=None -> [0xc1d0003cff000850]}] walked=[0xc1d0003cff000850=s15@0xefa0a000]
kf3: maplog t=188622.971616 NSI host GR0 wake #2875 raised=false
kf3: maplog t=188622.971650 SPLIT-DONE ticket=99 ok=true
kf3: maplog t=188622.971692 NSI host CE2 wake #431 raised=false
kf-rm: rpc-trace fn=76 RmControl seq=0 cmd=0x20801211 client=0xc1d00002 object=0xff030000 result=none
kf3: GSP rpc RmControl seq=0
kf3: GSP rpc UNSERVICED Unserviced { code: 76, sequence: 0 }
kf3: maplog t=188622.972956 ARRIVE inval seq=2718 pdb=0xefa0a000/Vidmem all_pdb=false all_va=true hub_only=false raw=0x80010001 age_us=0 (inflight walk: none)
kf3: maplog t=188622.972976 walk#2833 SUBMIT wants=[{inval seq=2718 pdb=0xefa0a000/Vidmem all_pdb=false all_va=true hub_only=false raw=0x80010001 age_us=10 -> [0xc1d0003cff000850]}] walked=[0xc1d0003cff000850=s15@0xefa0a000]
kf3: maplog t=188622.973079 NSI host GR0 wake #2876 raised=false
kf3: maplog t=188622.973129 walk#2833 VasKey(13965662706452138064) root 0xefa0a000 UNMAP va=0x1200e7000 len=0x1000 at=0x2396fe000 ap=2 kind=0x0 ack=1
kf3: maplog t=188622.973154 CLEAR inval seq=2718 Cleared (arrive->clear 188 us)
kf3: maplog t=188622.973164 APPLIED VasKey(13965662706452138064) +0 -1 host space 0xcafe00bf doorbells []
kf-rm: rpc-trace fn=10 Free seq=0  result=0x0
kf3: GSP rpc Free seq=0
kf-rm: rpc-trace fn=10 Free seq=0  result=0x0
kf3: GSP rpc Free seq=0
kf-rm: rpc-trace fn=10 Free seq=0  result=0x0
kf3: GSP rpc Free seq=0
kf-rm: rpc-trace fn=10 Free seq=0  result=0x0
kf3: GSP rpc Free seq=0
kf-rm: rpc-trace fn=10 Free seq=0  result=0x0
kf3: GSP rpc Free seq=0
kf-rm: rpc-trace fn=10 Free seq=0  result=0x0
kf3: GSP rpc Free seq=0
kf-rm: rpc-trace fn=10 Free seq=0  result=0x0
kayfabe: HELD-REPLY fn=Free depth=1 — this map reply WAITS for its rows
kf3: GSP rpc Free seq=0
kf3: TSPACE-RETIRE tok=0xe host=0x3b key=VasKey(13965662706452138064) ring_va=0xff00d00000 released=true stale_binds=0/0 late=0 indeterminate=0 unresolved[walk=0 acquire=0 refused=0]
kf3: DOORBELL-LEDGER tok=0x0000000e route=translated emulated=0 forwarded=0 host=0x3b fast=0
kf3: chan token 0xe (host 0x3b) RETIRED, forwarded=0 submissions=0 splits=0/0 serves=1 last_put=Some(0) gp_get=None store_views=0 privilege=Some(ChannelPrivilege { level: 2, uvm_owned: false }) dead=None inca=[refused_methods=0 subdevice_masks=0 control_entries=0 ext_base_unapplied=0] gr_tier=true gr[methods=0 inert_binds=0 objects=[(902d, cafe00e8), (a140, cafe00e9), (c997, cafe00ea), (c9c0, cafe00e7)]] gp_get_by_engine=(true, 0)
kf3: act free: 0xc1d00042:0xff04000c: translated host 0x3b (2598 us, off the GSP lock)
kayfabe: HELD-REPLY-POSTED n=1 — their rows are on the host now
kf3: maplog t=188622.977365 ARRIVE inval seq=2719 pdb=0xefa0a000/Vidmem all_pdb=false all_va=true hub_only=false raw=0x80010001 age_us=0 (inflight walk: none)
kf3: maplog t=188622.977389 walk#2834 SUBMIT wants=[{inval seq=2719 pdb=0xefa0a000/Vidmem all_pdb=false all_va=true hub_only=false raw=0x80010001 age_us=15 -> [0xc1d0003cff000850]}] walked=[0xc1d0003cff000850=s15@0xefa0a000]
kf3: maplog t=188622.977495 NSI host GR0 wake #2877 raised=false
kf3: maplog t=188622.977551 walk#2834 VasKey(13965662706452138064) root 0xefa0a000 UNMAP va=0x1200e4000 len=0x3000 at=0xefa65000 ap=0 kind=0x0 ack=1
kf3: maplog t=188622.977576 CLEAR inval seq=2719 Cleared (arrive->clear 203 us)
kf3: maplog t=188622.977585 APPLIED VasKey(13965662706452138064) +0 -1 host space 0xcafe00bf doorbells []
kf3: maplog t=188622.977746 ARRIVE inval seq=2720 pdb=0xefa0a000/Vidmem all_pdb=false all_va=true hub_only=false raw=0x80010001 age_us=0 (inflight walk: none)
kf3: maplog t=188622.977765 walk#2835 SUBMIT wants=[{inval seq=2720 pdb=0xefa0a000/Vidmem all_pdb=false all_va=true hub_only=false raw=0x80010001 age_us=11 -> [0xc1d0003cff000850]}] walked=[0xc1d0003cff000850=s15@0xefa0a000]
kf3: maplog t=188622.977871 NSI host GR0 wake #2878 raised=false
kf3: maplog t=188622.977979 walk#2835 VasKey(13965662706452138064) root 0xefa0a000 UNMAP va=0x124000000 len=0x25f0000 at=0xed2a0000 ap=0 kind=0x0 ack=1
kf3: maplog t=188622.978007 CLEAR inval seq=2720 Cleared (arrive->clear 253 us)
kf3: maplog t=188622.978016 APPLIED VasKey(13965662706452138064) +0 -1 host space 0xcafe00bf doorbells []
kf3: maplog t=188622.978071 ARRIVE inval seq=2721 pdb=0xefa0a000/Vidmem all_pdb=false all_va=true hub_only=false raw=0x80010001 age_us=0 (inflight walk: none)
kf3: maplog t=188622.978089 walk#2836 SUBMIT wants=[{inval seq=2721 pdb=0xefa0a000/Vidmem all_pdb=false all_va=true hub_only=false raw=0x80010001 age_us=10 -> [0xc1d0003cff000850]}] walked=[0xc1d0003cff000850=s15@0xefa0a000]
kf3: maplog t=188622.978194 NSI host GR0 wake #2879 raised=false
kf3: maplog t=188622.978237 walk#2836 VasKey(13965662706452138064) root 0xefa0a000 UNMAP va=0x120170000 len=0x20000 at=0xef890000 ap=0 kind=0x0 ack=1
kf3: maplog t=188622.978261 CLEAR inval seq=2721 Cleared (arrive->clear 183 us)
kf3: maplog t=188622.978270 APPLIED VasKey(13965662706452138064) +0 -1 host space 0xcafe00bf doorbells []
kf3: maplog t=188622.978329 ARRIVE inval seq=2722 pdb=0xefa0a000/Vidmem all_pdb=false all_va=true hub_only=false raw=0x80010001 age_us=0 (inflight walk: none)
kf3: maplog t=188622.978346 walk#2837 SUBMIT wants=[{inval seq=2722 pdb=0xefa0a000/Vidmem all_pdb=false all_va=true hub_only=false raw=0x80010001 age_us=9 -> [0xc1d0003cff000850]}] walked=[0xc1d0003cff000850=s15@0xefa0a000]
kf3: maplog t=188622.978452 NSI host GR0 wake #2880 raised=false
kf3: maplog t=188622.978500 walk#2837 VasKey(13965662706452138064) root 0xefa0a000 UNMAP va=0x120190000 len=0x80000 at=0xef8b0000 ap=0 kind=0x0 ack=1
kf3: maplog t=188622.978532 CLEAR inval seq=2722 Cleared (arrive->clear 195 us)
kf3: maplog t=188622.978540 APPLIED VasKey(13965662706452138064) +0 -1 host space 0xcafe00bf doorbells []
kf3: maplog t=188622.978592 ARRIVE inval seq=2723 pdb=0xefa0a000/Vidmem all_pdb=false all_va=true hub_only=false raw=0x80010001 age_us=0 (inflight walk: none)
kf3: maplog t=188622.978610 walk#2838 SUBMIT wants=[{inval seq=2723 pdb=0xefa0a000/Vidmem all_pdb=false all_va=true hub_only=false raw=0x80010001 age_us=10 -> [0xc1d0003cff000850]}] walked=[0xc1d0003cff000850=s15@0xefa0a000]
kf3: maplog t=188622.978715 NSI host GR0 wake #2881 raised=false
kf3: maplog t=188622.978748 walk#2838 VasKey(13965662706452138064) root 0xefa0a000 UNMAP va=0x1200cf000 len=0x10000 at=0x23994f000 ap=2 kind=0x0 ack=1
kf3: maplog t=188622.978773 CLEAR inval seq=2723 Cleared (arrive->clear 173 us)
kf3: maplog t=188622.978781 APPLIED VasKey(13965662706452138064) +0 -1 host space 0xcafe00bf doorbells []
kf3: maplog t=188622.978832 ARRIVE inval seq=2724 pdb=0xefa0a000/Vidmem all_pdb=false all_va=true hub_only=false raw=0x80010001 age_us=0 (inflight walk: none)
kf3: maplog t=188622.978849 walk#2839 SUBMIT wants=[{inval seq=2724 pdb=0xefa0a000/Vidmem all_pdb=false all_va=true hub_only=false raw=0x80010001 age_us=9 -> [0xc1d0003cff000850]}] walked=[0xc1d0003cff000850=s15@0xefa0a000]
kf3: maplog t=188622.978953 NSI host GR0 wake #2882 raised=false
kf3: maplog t=188622.978990 walk#2839 VasKey(13965662706452138064) root 0xefa0a000 UNMAP va=0x1200f0000 len=0x80000 at=0xed1a0000 ap=0 kind=0x0 ack=1
kf3: maplog t=188622.979015 CLEAR inval seq=2724 Cleared (arrive->clear 175 us)
kf3: maplog t=188622.979023 APPLIED VasKey(13965662706452138064) +0 -1 host space 0xcafe00bf doorbells []
kf3: maplog t=188622.979074 ARRIVE inval seq=2725 pdb=0xefa0a000/Vidmem all_pdb=false all_va=true hub_only=false raw=0x80010001 age_us=0 (inflight walk: none)
kf3: maplog t=188622.979090 walk#2840 SUBMIT wants=[{inval seq=2725 pdb=0xefa0a000/Vidmem all_pdb=false all_va=true hub_only=false raw=0x80010001 age_us=9 -> [0xc1d0003cff000850]}] walked=[0xc1d0003cff000850=s15@0xefa0a000]
kf3: maplog t=188622.979193 NSI host GR0 wake #2883 raised=false
kf3: maplog t=188622.979224 walk#2840 VasKey(13965662706452138064) root 0xefa0a000 UNMAP va=0x1200df000 len=0x5000 at=0xef9f6000 ap=0 kind=0x0 ack=1
kf3: maplog t=188622.979249 CLEAR inval seq=2725 Cleared (arrive->clear 167 us)
kf3: maplog t=188622.979257 APPLIED VasKey(13965662706452138064) +0 -1 host space 0xcafe00bf doorbells []
kf3: maplog t=188622.979806 ARRIVE inval seq=2726 pdb=0xefa0a000/Vidmem all_pdb=false all_va=true hub_only=false raw=0x80010001 age_us=0 (inflight walk: none)
kf3: maplog t=188622.979825 walk#2841 SUBMIT wants=[{inval seq=2726 pdb=0xefa0a000/Vidmem all_pdb=false all_va=true hub_only=false raw=0x80010001 age_us=10 -> [0xc1d0003cff000850]}] walked=[0xc1d0003cff000850=s15@0xefa0a000]
kf3: maplog t=188622.979928 NSI host GR0 wake #2884 raised=false
kf3: maplog t=188622.979962 walk#2841 VasKey(13965662706452138064) root 0xefa0a000 UNMAP va=0x1200c4000 len=0xb000 at=0x239709000 ap=3 kind=0x0 ack=1
kf3: maplog t=188622.979987 CLEAR inval seq=2726 Cleared (arrive->clear 171 us)
kf3: maplog t=188622.979995 APPLIED VasKey(13965662706452138064) +0 -1 host space 0xcafe00bf doorbells []
kf3: maplog t=188622.985175 NSI host CE2 wake #432 raised=false
kf3: maplog t=188622.985255 NSI host CE2 wake #433 raised=false
kf3: maplog t=188622.985301 NSI host CE2 wake #434 raised=false
kf3: maplog t=188622.985375 NSI host CE2 wake #435 raised=false
kf3: maplog t=188622.985394 SPLIT-REQUEST ticket=100 by channel token 0x80c pdb=Some(efa0a000)
kf3: maplog t=188622.985417 ARRIVE split ticket=100 pdb=Some(efa0a000) space=None (inflight walk: none)
kf3: maplog t=188622.985441 walk#2842 SUBMIT wants=[{split ticket=100 pdb=Some(efa0a000) space=None -> [0xc1d0003cff000850]}] walked=[0xc1d0003cff000850=s15@0xefa0a000]
kf3: maplog t=188622.985537 NSI host GR0 wake #2885 raised=false
kf3: maplog t=188622.985575 SPLIT-DONE ticket=100 ok=true
kf3: maplog t=188622.985672 NSI host CE2 wake #436 raised=false
kf3: maplog t=188622.985978 NSI host CE2 wake #437 raised=false
kf3: maplog t=188622.986054 NSI host CE2 wake #438 raised=false
kf-rm: rpc-trace fn=10 Free seq=0  result=0x0
kf3: GSP rpc Free seq=0
kf-rm: rpc-trace fn=10 Free seq=0  result=0x0
kf3: GSP rpc Free seq=0
kf-rm: rpc-trace fn=10 Free seq=0  result=0x0
kf3: GSP rpc Free seq=0
kf-rm: rpc-trace fn=10 Free seq=0  result=0x0
kf3: GSP rpc Free seq=0
kf-rm: rpc-trace fn=10 Free seq=0  result=0x0
kf3: GSP rpc Free seq=0
kf-rm: rpc-trace fn=10 Free seq=0  result=0x0
kf3: GSP rpc Free seq=0
kf-rm: rpc-trace fn=10 Free seq=0  result=0x0
kf3: GSP rpc Free seq=0
kf-rm: rpc-trace fn=76 RmControl seq=0 cmd=0x20809064 client=0xc1d00002 object=0xff030000 result=0x0
kf3: GSP rpc RmControl seq=0
W343GSSCENSUS cmd=0x20809004 params_size=1544 params_at=40 payload_len=1584
kf-rm: rpc-trace fn=76 RmControl seq=0 cmd=0x20809004 client=0xc1d00002 object=0xff030000 result=none
kf3: GSP rpc RmControl seq=0
kf3: GSP rpc UNSERVICED Unserviced { code: 76, sequence: 0 }
W343GSSCENSUS cmd=0x2080b201 params_size=2188 params_at=40 payload_len=2228
kf-rm: rpc-trace fn=76 RmControl seq=0 cmd=0x2080b201 client=0xc1d00002 object=0xff030000 result=none
kf3: GSP rpc RmControl seq=0
kf3: GSP rpc UNSERVICED Unserviced { code: 76, sequence: 0 }
kf-rm: rpc-trace fn=76 RmControl seq=0 cmd=0x20809064 client=0xc1d00002 object=0xff030000 result=0x0
kf3: GSP rpc RmControl seq=0
W343GSSCENSUS cmd=0x20809004 params_size=1544 params_at=40 payload_len=1584
kf-rm: rpc-trace fn=76 RmControl seq=0 cmd=0x20809004 client=0xc1d00002 object=0xff030000 result=none
kf3: GSP rpc RmControl seq=0
kf3: GSP rpc UNSERVICED Unserviced { code: 76, sequence: 0 }
W343GSSCENSUS cmd=0x2080852e params_size=528 params_at=40 payload_len=568
kf-rm: rpc-trace fn=76 RmControl seq=0 cmd=0x2080852e client=0xc1d00002 object=0xff030000 result=none
kf3: GSP rpc RmControl seq=0
kf3: GSP rpc UNSERVICED Unserviced { code: 76, sequence: 0 }
W343GSSCENSUS cmd=0x2080852f params_size=776 params_at=40 payload_len=816
kf-rm: rpc-trace fn=76 RmControl seq=0 cmd=0x2080852f client=0xc1d00002 object=0xff030000 result=none
kf3: GSP rpc RmControl seq=0
kf3: GSP rpc UNSERVICED Unserviced { code: 76, sequence: 0 }
W343GSSCENSUS cmd=0x2080a618 params_size=8620 params_at=40 payload_len=8660
kf-rm: rpc-trace fn=76 RmControl seq=0 cmd=0x2080a618 client=0xc1d00002 object=0xff030000 result=none
kf3: GSP rpc RmControl seq=0
kf3: GSP rpc UNSERVICED Unserviced { code: 76, sequence: 0 }
W343GSSCENSUS cmd=0x2080a619 params_size=172080 params_at=40 payload_len=172120
kf-rm: rpc-trace fn=76 RmControl seq=0 cmd=0x2080a619 client=0xc1d00002 object=0xff030000 result=none
kf-gsp: large RPC fn 76 seq 0 joined from 3 fragment(s), 172120 bytes, answered in 3 replies (rpc_result 0x56)
kf3: GSP rpc RmControl seq=0
kf3: GSP rpc UNSERVICED Unserviced { code: 76, sequence: 0 }
W343GSSCENSUS cmd=0x2080853a params_size=1456 params_at=40 payload_len=1496
kf-rm: rpc-trace fn=76 RmControl seq=0 cmd=0x2080853a client=0xc1d00002 object=0xff030000 result=none
kf3: GSP rpc RmControl seq=0
kf3: GSP rpc UNSERVICED Unserviced { code: 76, sequence: 0 }
W343GSSCENSUS cmd=0x2080853b params_size=1832 params_at=40 payload_len=1872
kf-rm: rpc-trace fn=76 RmControl seq=0 cmd=0x2080853b client=0xc1d00002 object=0xff030000 result=none
kf3: GSP rpc RmControl seq=0
kf3: GSP rpc UNSERVICED Unserviced { code: 76, sequence: 0 }
kf-rm: rpc-trace fn=76 RmControl seq=0 cmd=0x20809064 client=0xc1d00002 object=0xff030000 result=0x0
kf3: GSP rpc RmControl seq=0
W343GSSCENSUS cmd=0x20809004 params_size=1544 params_at=40 payload_len=1584
kf-rm: rpc-trace fn=76 RmControl seq=0 cmd=0x20809004 client=0xc1d00002 object=0xff030000 result=none
kf3: GSP rpc RmControl seq=0
kf3: GSP rpc UNSERVICED Unserviced { code: 76, sequence: 0 }
W343GSSCENSUS cmd=0x2080b201 params_size=2188 params_at=40 payload_len=2228
kf-rm: rpc-trace fn=76 RmControl seq=0 cmd=0x2080b201 client=0xc1d00002 object=0xff030000 result=none
kf3: GSP rpc RmControl seq=0
kf3: GSP rpc UNSERVICED Unserviced { code: 76, sequence: 0 }
kf-rm: rpc-trace fn=76 RmControl seq=0 cmd=0x20809064 client=0xc1d00002 object=0xff030000 result=0x0
kf3: GSP rpc RmControl seq=0
W343GSSCENSUS cmd=0x20809004 params_size=1544 params_at=40 payload_len=1584
kf-rm: rpc-trace fn=76 RmControl seq=0 cmd=0x20809004 client=0xc1d00002 object=0xff030000 result=none
kf3: GSP rpc RmControl seq=0
kf3: GSP rpc UNSERVICED Unserviced { code: 76, sequence: 0 }
W343GSSCENSUS cmd=0x2080b201 params_size=2188 params_at=40 payload_len=2228
kf-rm: rpc-trace fn=76 RmControl seq=0 cmd=0x2080b201 client=0xc1d00002 object=0xff030000 result=none
kf3: GSP rpc RmControl seq=0
kf3: GSP rpc UNSERVICED Unserviced { code: 76, sequence: 0 }
kf-rm: rpc-trace fn=76 RmControl seq=0 cmd=0x20809064 client=0xc1d00002 object=0xff030000 result=0x0
kf3: GSP rpc RmControl seq=0
W343GSSCENSUS cmd=0x20809004 params_size=1544 params_at=40 payload_len=1584
kf-rm: rpc-trace fn=76 RmControl seq=0 cmd=0x20809004 client=0xc1d00002 object=0xff030000 result=none
kf3: GSP rpc RmControl seq=0
kf3: GSP rpc UNSERVICED Unserviced { code: 76, sequence: 0 }
W343GSSCENSUS cmd=0x2080b201 params_size=2188 params_at=40 payload_len=2228
kf-rm: rpc-trace fn=76 RmControl seq=0 cmd=0x2080b201 client=0xc1d00002 object=0xff030000 result=none
kf3: GSP rpc RmControl seq=0
kf3: GSP rpc UNSERVICED Unserviced { code: 76, sequence: 0 }
kf3: maplog t=188623.590965 ARRIVE inval seq=2727 pdb=0xefa0a000/Vidmem all_pdb=false all_va=true hub_only=false raw=0x80010001 age_us=0 (inflight walk: none)
kf3: maplog t=188623.591037 walk#2843 SUBMIT wants=[{inval seq=2727 pdb=0xefa0a000/Vidmem all_pdb=false all_va=true hub_only=false raw=0x80010001 age_us=48 -> [0xc1d0003cff000850]}] walked=[0xc1d0003cff000850=s15@0xefa0a000]
kf3: maplog t=188623.591139 NSI host GR0 wake #2886 raised=false
kf3: maplog t=188623.591279 walk#2843 VasKey(13965662706452138064) root 0xefa0a000 UNMAP va=0x120012000 len=0x1000 at=0xea6c0000 ap=0 kind=0x0 ack=1
kf3: maplog t=188623.591321 CLEAR inval seq=2727 Cleared (arrive->clear 332 us)
kf3: maplog t=188623.591336 APPLIED VasKey(13965662706452138064) +0 -1 host space 0xcafe00bf doorbells []
kf3: maplog t=188623.591569 ARRIVE inval seq=2728 pdb=0xefa0a000/Vidmem all_pdb=false all_va=true hub_only=false raw=0x80010001 age_us=0 (inflight walk: none)
kf3: maplog t=188623.591610 walk#2844 SUBMIT wants=[{inval seq=2728 pdb=0xefa0a000/Vidmem all_pdb=false all_va=true hub_only=false raw=0x80010001 age_us=23 -> [0xc1d0003cff000850]}] walked=[0xc1d0003cff000850=s15@0xefa0a000]
kf3: maplog t=188623.591705 NSI host GR0 wake #2887 raised=false
kf3: maplog t=188623.591771 walk#2844 VasKey(13965662706452138064) root 0xefa0a000 UNMAP va=0x120002000 len=0x10000 at=0xea6d0000 ap=0 kind=0x0 ack=1
kf3: maplog t=188623.591801 CLEAR inval seq=2728 Cleared (arrive->clear 213 us)
kf3: maplog t=188623.591810 APPLIED VasKey(13965662706452138064) +0 -1 host space 0xcafe00bf doorbells []
kf3: maplog t=188623.591996 ARRIVE inval seq=2729 pdb=0xefa0a000/Vidmem all_pdb=false all_va=true hub_only=false raw=0x80010001 age_us=0 (inflight walk: none)
kf3: maplog t=188623.592024 walk#2845 SUBMIT wants=[{inval seq=2729 pdb=0xefa0a000/Vidmem all_pdb=false all_va=true hub_only=false raw=0x80010001 age_us=17 -> [0xc1d0003cff000850]}] walked=[0xc1d0003cff000850=s15@0xefa0a000]
kf3: maplog t=188623.592121 NSI host GR0 wake #2888 raised=false
kf3: maplog t=188623.592185 walk#2845 VasKey(13965662706452138064) root 0xefa0a000 UNMAP va=0x120013000 len=0x2000 at=0xea6e0000 ap=0 kind=0x0 ack=1
kf3: maplog t=188623.592214 CLEAR inval seq=2729 Cleared (arrive->clear 208 us)
kf3: maplog t=188623.592223 APPLIED VasKey(13965662706452138064) +0 -1 host space 0xcafe00bf doorbells []
kf3: maplog t=188623.592410 ARRIVE inval seq=2730 pdb=0xefa0a000/Vidmem all_pdb=false all_va=true hub_only=false raw=0x80010001 age_us=0 (inflight walk: none)
kf3: maplog t=188623.592434 walk#2846 SUBMIT wants=[{inval seq=2730 pdb=0xefa0a000/Vidmem all_pdb=false all_va=true hub_only=false raw=0x80010001 age_us=16 -> [0xc1d0003cff000850]}] walked=[0xc1d0003cff000850=s15@0xefa0a000]
kf3: maplog t=188623.592531 NSI host GR0 wake #2889 raised=false
kf3: maplog t=188623.592577 walk#2846 VasKey(13965662706452138064) root 0xefa0a000 UNMAP va=0x120015000 len=0x20000 at=0xea6f0000 ap=0 kind=0x0 ack=1
kf3: maplog t=188623.592603 CLEAR inval seq=2730 Cleared (arrive->clear 185 us)
kf3: maplog t=188623.592612 APPLIED VasKey(13965662706452138064) +0 -1 host space 0xcafe00bf doorbells []
kf3: maplog t=188623.592785 ARRIVE inval seq=2731 pdb=0xefa0a000/Vidmem all_pdb=false all_va=true hub_only=false raw=0x80010001 age_us=0 (inflight walk: none)
kf3: maplog t=188623.592803 walk#2847 SUBMIT wants=[{inval seq=2731 pdb=0xefa0a000/Vidmem all_pdb=false all_va=true hub_only=false raw=0x80010001 age_us=11 -> [0xc1d0003cff000850]}] walked=[0xc1d0003cff000850=s15@0xefa0a000]
kf3: maplog t=188623.592904 NSI host GR0 wake #2890 raised=false
kf3: maplog t=188623.592948 walk#2847 VasKey(13965662706452138064) root 0xefa0a000 UNMAP va=0x120035000 len=0x8f000 at=0xea710000 ap=0 kind=0x0 ack=1
kf3: maplog t=188623.592973 CLEAR inval seq=2731 Cleared (arrive->clear 181 us)
kf3: maplog t=188623.592982 APPLIED VasKey(13965662706452138064) +0 -1 host space 0xcafe00bf doorbells []
kf-rm: rpc-trace fn=10 Free seq=0  result=0x0
kf3: GSP rpc Free seq=0
kf3: maplog t=188623.593385 ARRIVE inval seq=2732 pdb=0xefa0a000/Vidmem all_pdb=false all_va=true hub_only=false raw=0x80010001 age_us=0 (inflight walk: none)
kf3: maplog t=188623.593407 walk#2848 SUBMIT wants=[{inval seq=2732 pdb=0xefa0a000/Vidmem all_pdb=false all_va=true hub_only=false raw=0x80010001 age_us=15 -> [0xc1d0003cff000850]}] walked=[0xc1d0003cff000850=s15@0xefa0a000]
kf3: maplog t=188623.593502 NSI host GR0 wake #2891 raised=false
kf3: maplog t=188623.593528 CLEAR inval seq=2732 Cleared (arrive->clear 135 us)
kf-rm: rpc-trace fn=10 Free seq=0  result=0x0
kf3: GSP rpc Free seq=0
kf-rm: rpc-trace fn=10 Free seq=0  result=0x0
kf3: GSP rpc Free seq=0
kf-rm: rpc-trace fn=10 Free seq=0  result=0x0
kf3: GSP rpc Free seq=0
kf3: maplog t=188623.594279 STATEMENT retire VasKey(13965662706452138064): 1 row(s) unmapped (0 refused) in 33 us, 2 host call(s), host space 0xcafe00bf kept as a spare — host RM over its life: 51 map call(s) (51 per-run, 0 batch(es) x2 carrying 0 runs, 0 batch(es) refused) in 3 ms; 51 unmap call(s) (0 range(s)) + 0 free(s) in 1 ms
kf-rm: rpc-trace fn=10 Free seq=0  result=0x0
kf3: GSP rpc Free seq=0
kf-rm: rpc-trace fn=10 Free seq=0  result=0x0
kf3: GSP rpc Free seq=0
kf-rm: rpc-trace fn=10 Free seq=0  result=0x0
kf3: GSP rpc Free seq=0
kf-rm: rpc-trace fn=10 Free seq=0  result=0x0
kf3: GSP rpc Free seq=0
kf-rm: rpc-trace fn=10 Free seq=0  result=0x0
kf3: GSP rpc Free seq=0
kf-rm: rpc-trace fn=10 Free seq=0  result=0x0
kf3: GSP rpc Free seq=0
kf-rm: rpc-trace fn=10 Free seq=0  result=0x0
kf3: GSP rpc Free seq=0
kf3: family=Ada phase=Running trapped=57764 applied=2386 refused=0 serviced=1559 ram_refused=0 unshadowed_writes=2 read_exits=1653 last_off=0xb81608 mem[inval=2733 walks=2848/2848 cleared=2733 superseded=0 named_missed=0 unreconciled=0 mapped=796 unmapped=333 clipped=0x0 held=0 vmm_overlaps=0 priv_withheld=0 priv_withheld_bytes=0x0 priv_mirrored=87 sked=3/0held carve_gpu=0 carve_kernel=2 carve_cpu=1 fn70=1 roots=14 root_moves=0 stmts=25/25 refused=0 pramin_repoints=18 pramin_miss=0 last_miss=0x0 pramin_worst_us=61 (map 33 mmap 30) pramin_maps=18 pramin_mmaps=18 pramin_kept=0 pramin_kept_now=0 window_advice_refused=0 inline_opens=0 reaped=17 cache_ops=0 sysmembars=2 root_unsets=0] mirrors=4 reused=10 prewarmed=3 mirror_avg_us=1271 mirror_max_us=1359 vat[invals=128 arrive->clear_avg_us=243 max_us=49523 walks=178 walk_avg_us=133 gpu_avg_us=93 plan_avg_us=0 apply_avg_us=60 leaves=0 host_calls=298] chan[births=26 pt_births=0 acts=115/0refused worst_act_us=5716 nsi=[GR0:2891/17raised CE2:438/397raised] served=1096 parks=8818 host_rings=593 contended=0 poisoned=0 tokens=[0x3:fwd=17,subs=41,serves=116,put=Some(17),gp_get=Some(17) 0xd:fwd=0,subs=0,serves=1,put=None,gp_get=None 0x801:fwd=2,subs=2,serves=5,put=Some(2),gp_get=Some(2) 0x802:fwd=1,subs=1,serves=3,put=Some(1),gp_get=Some(1) 0x804:fwd=0,subs=0,serves=1,put=Some(0),gp_get=None 0x806:fwd=0,subs=0,serves=1,put=Some(0),gp_get=None 0x80b:fwd=0,subs=0,serves=1,put=Some(0),gp_get=None 0x80c:fwd=9849,subs=1336,serves=951,put=Some(9849),gp_get=Some(9849) 0x1805:fwd=0,subs=0,serves=1,put=Some(0),gp_get=None 0x2007:fwd=0,subs=0,serves=1,put=Some(0),gp_get=None 0x2008:fwd=0,subs=0,serves=1,put=Some(0),gp_get=None 0x200a:fwd=0,subs=0,serves=1,put=Some(0),gp_get=None 0x2809:fwd=0,subs=0,serves=1,put=Some(0),gp_get=None]] views[armed=466 released=189 refused=0 held=277] rc[armed=0 unarmed=0 wakes=0 seen=0 posted=0] inca[strict=yes counted=0 heap_out=0 rows_inexact=0] tspace[built=yes twin_refused=0 tspace_refused=0 slots_leaked=0 twin_freeing=0] irq[writes=46571 raised=416 held=0 oor=0] disp[writes=63 puts=31 methods=8330 updates=0 notifies=0 releases=0 vblanks=0 irqs=0 exceptions=0 refused=0 scanouts=0 scanout_refused=0 scanout_avg_us=0 scanout_max_us=0] fps[cap=75(unset) copies=0.0 checks=0.0 same=0 ondemand=0 over=0] scanout_no_slot=0 scanout_d2h=0 scanout_pack=0 pack_skipped=0 display_vram_mib=0 host_cursor_reads=0 host_cursor_refused=0 dbfast[off regs=0 placed=0/0 sites=0 doorbells=0 wakes=0 rang=0 handed=0 absorbed=0 refused(budget=0 kvm=0 enospc=0 eexist=0 fd=0) deassign_failed=0 ack_timeouts=0 double=0 stale=0 empty=0 polls=0/0 max_batch=0 wake_to_deliver[n=0 p50=0.0us p99=0.0us max=0.0us] ack_wait[n=0 p50=0.0us p99=0.0us max=0.0us]] unserviced=[0x20800a87,0x20800afe,0x20800aff,0x20800aaf,0x00800292,0x20800a80,0x20802a0f,0x2080017e,0x20800a30,0x20800a2e,0x20800b03,0x20800b05,0x20800a3f,0x2080013f,0x20809004,0x00801306,0x20810108,0x20800ab8,0x20800173,0x20802a12,0x20800160,0x20802801,0x2080012f,0x20802806,0x0073013d,0x2080205b,0x2080a060,0x20802068,0x00800106,0x2080a70a,0x2080a801,0x2080a02f,0x208081ea,0x20808524,0x00731369,0x0073014b,0x00730285,0x0073011d,0x0073012c,0x00730109,0x20800a3a,0x20801110,0x2080080b,0x00730288,0x20801220,0x20801222,0x20801111,0x007302a3,0x00730128,0x2080a630,0x2080852e,0x2080852a,0x2080b201,0x2080852f,0x2080a618,0x2080a619,0x2080853a,0x2080853b,0x20801211,0x2080a088,0x00730280] gsp_refusals[total=255 distinct=64 [fn76/0x20800a87=0x56x1 fn76/0x20800afe=0x56x1 fn76/0x20800aff=0x56x7 fn76/0x20800aaf=0x56x1 fn76/0x00800292=0x56x1 fn76/0x20800a80=0x56x2 fn76/0x20802a0f=0x56x1 fn76/0x2080017e=0x56x1 fn76/0x20800a30=0x56x1 fn76/0x20800a2e=0x56x1 fn76/0x20800b03=0x56x1 fn76/0x20800b05=0x56x1 fn76/0x20800a3f=0x56x1 fn76/0x2080013f=0x56x1 fn76/0x20809004=0x56x33 fn76/0x20801303=0x56x1 fn76/0x00801306=0x56x1 fn76/0x20810108=0x56x2 fn76/0x20801823=0x56x1 fn76/0x20800ab8=0x56x1 fn76/0x20800173=0x56x1 fn76/0x20802a12=0x56x8 fn76/0x20800160=0x56x1 fn76/0x20802801=0x56x1 fn76/0x2080012f=0x56x1 fn76/0x20802806=0x56x1 fn76/0x0073013d=0x56x1 fn76/0x2080205b=0x56x1 fn76/0x2080a060=0x56x1 fn76/0x20802068=0x56x1 fn76/0x00800106=0x56x1 fn76/0x2080a70a=0x56x1 fn76/0x2080a801=0x56x2 fn76/0x2080a02f=0x56x1 fn76/0x208081ea=0x56x1 fn76/0x20808524=0x56x1 fn76/0x00731369=0x56x2 fn76/0x0073014b=0x56x1 fn76/0x00730285=0x56x5 fn76/0x0073011d=0x56x1 fn76/0x0073012c=0x56x2 fn76/0x00730109=0x56x1 fn76/0x20800a3a=0x56x57 fn76/0x20801110=0x56x1 fn76/0x2080080b=0x56x1 fn76/0x00730288=0x56x8 fn76/0x20801220=0x56x1 fn76/0x20801222=0x56x1 fn76/0x20801111=0x56x10 fn76/0x007302a3=0x56x1 fn76/0x00730128=0x56x2 fn76/0x2080a630=0x56x1 fn76/0x2080852e=0x56x6 fn76/0x2080852a=0x56x1 fn76/0x2080b201=0x56x18 fn76/0x2080852f=0x56x5 fn76/0x2080a618=0x56x5 fn76/0x2080a619=0x56x5 fn76/0x2080853a=0x56x5 fn76/0x2080853b=0x56x5 fn103/0x0000402c=0x56x6 fn76/0x20801211=0x56x16 fn76/0x2080a088=0x56x2 fn76/0x00730280=0x56x2]]
