crates/kayfabe-abi/gen/src/ctype.rs	163	scalar	RS
crates/kayfabe-abi/gen/src/ctype.rs	173	scalar_with	RS
crates/kayfabe-abi/gen/src/ctype.rs	267	align_up	RS
crates/kayfabe-abi/gen/src/ctype.rs	301	lay_out	RS
crates/kayfabe-abi/gen/src/ctype.rs	371	lay_out_union	RS
crates/kayfabe-abi/gen/src/ctype.rs	404	snake_case	RS
crates/kayfabe-abi/gen/src/ctype.rs	436	pascal_case	RS
crates/kayfabe-abi/gen/src/emit.rs	20	module	RS
crates/kayfabe-abi/gen/src/parse.rs	72	strip_comments	RS
crates/kayfabe-abi/gen/src/parse.rs	124	find_aggregates	RS
crates/kayfabe-abi/gen/src/parse.rs	228	parse_fields	RS
crates/kayfabe-abi/gen/src/parse.rs	395	scan_defines	RS
crates/kayfabe-abi/gen/src/parse.rs	472	scan_drf_ranges	RS
crates/kayfabe-abi/gen/src/parse.rs	516	scan_macro_list	RS
crates/kayfabe-abi/src/bifstatic.rs	142	encode_bif_static_info	RS
crates/kayfabe-abi/src/bringup.rs	143	encode_into	RS
crates/kayfabe-abi/src/bringup.rs	173	encode_into	RS
crates/kayfabe-abi/src/bringup.rs	205	encode_into	RS
crates/kayfabe-abi/src/bringup.rs	308	encode_into	RS
crates/kayfabe-abi/src/bringup.rs	448	decode	RS
crates/kayfabe-abi/src/bringup.rs	474	encode_into	RS
crates/kayfabe-abi/src/businfo.rs	167	field	RS
crates/kayfabe-abi/src/businfo.rs	183	number	RS
crates/kayfabe-abi/src/businfo.rs	205	max_speed_field	RS
crates/kayfabe-abi/src/businfo.rs	211	from_field	RS
crates/kayfabe-abi/src/businfo.rs	261	fully_trained	RS
crates/kayfabe-abi/src/businfo.rs	274	encode	RS
crates/kayfabe-abi/src/businfo.rs	285	decode	RS
crates/kayfabe-abi/src/businfo.rs	369	fully_trained	RS
crates/kayfabe-abi/src/businfo.rs	380	encode	RS
crates/kayfabe-abi/src/businfo.rs	395	decode	RS
crates/kayfabe-abi/src/businfo.rs	487	answer_bus_get_info_v2	RS
crates/kayfabe-abi/src/businfo.rs	531	decode_bus_info_pairs	RS
crates/kayfabe-abi/src/businfo.rs	561	build_request	RS
crates/kayfabe-abi/src/c2cinfo.rs	62	c2c_absent	RS
crates/kayfabe-abi/src/capability.rs	370	is_permitted	RS
crates/kayfabe-abi/src/capability.rs	380	passthrough_rule	RS
crates/kayfabe-abi/src/capability.rs	436	as_str	RS
crates/kayfabe-abi/src/capability.rs	462	is_permitted	RS
crates/kayfabe-abi/src/capability.rs	539	all_controls	RS
crates/kayfabe-abi/src/capability.rs	547	all_classes	RS
crates/kayfabe-abi/src/capability.rs	556	all_denied_controls	RS
crates/kayfabe-abi/src/capability.rs	561	all_denied_classes	RS
crates/kayfabe-abi/src/capability.rs	567	control	RS
crates/kayfabe-abi/src/capability.rs	603	alloc_class	RS
crates/kayfabe-abi/src/cecaps.rs	238	with	RS
crates/kayfabe-abi/src/cecaps.rs	245	has	RS
crates/kayfabe-abi/src/cecaps.rs	252	as_u16	RS
crates/kayfabe-abi/src/cecaps.rs	324	from_engines	RS
crates/kayfabe-abi/src/cecaps.rs	358	caps_for	RS
crates/kayfabe-abi/src/cecaps.rs	425	encode_ce_get_all_physical_caps	RS
crates/kayfabe-abi/src/cecaps.rs	529	answer_ce_get_physical_caps	RS
crates/kayfabe-abi/src/cecaps.rs	631	decode_ce_get_all_physical_caps	RS
crates/kayfabe-abi/src/cepce.rs	204	answer_ce_get_ce_pce_mask	RS
crates/kayfabe-abi/src/cepce.rs	250	decode_ce_pce_mask	RS
crates/kayfabe-abi/src/chipinfo.rs	272	packed_device_id	RS
crates/kayfabe-abi/src/chipinfo.rs	279	packed_sub_device_id	RS
crates/kayfabe-abi/src/chipinfo.rs	380	encode_chip_info	RS
crates/kayfabe-abi/src/confcompute.rs	142	encode_conf_compute_static_info	RS
crates/kayfabe-abi/src/deviceinfo.rs	361	pri_base_for	RS
crates/kayfabe-abi/src/deviceinfo.rs	621	encode_internal_device_info_table	RS
crates/kayfabe-abi/src/eventnotify.rs	395	is_delivered_notifier	RS
crates/kayfabe-abi/src/eventnotify.rs	413	is_silent_notifier	RS
crates/kayfabe-abi/src/eventnotify.rs	494	parse	RS
crates/kayfabe-abi/src/eventnotify.rs	515	contains	RS
crates/kayfabe-abi/src/eventnotify.rs	521	as_slice	RS
crates/kayfabe-abi/src/eventnotify.rs	527	is_empty	RS
crates/kayfabe-abi/src/eventnotify.rs	652	decode_event_set_notification	RS
crates/kayfabe-abi/src/eventnotify.rs	699	encode_event_set_notification	RS
crates/kayfabe-abi/src/falconinfo.rs	250	count	RS
crates/kayfabe-abi/src/falconinfo.rs	368	encode_constructed_falcon_info	RS
crates/kayfabe-abi/src/faultbuffer.rs	196	exceeds_vendor_bound	RS
crates/kayfabe-abi/src/faultbuffer.rs	203	pages_for	RS
crates/kayfabe-abi/src/faultbuffer.rs	223	decode_register_fault_buffer	RS
crates/kayfabe-abi/src/faultbuffer.rs	388	pages_for	RS
crates/kayfabe-abi/src/faultbuffer.rs	403	exceeds_vendor_bound	RS
crates/kayfabe-abi/src/faultbuffer.rs	411	type_is_known	RS
crates/kayfabe-abi/src/faultbuffer.rs	422	decode_register_client_shadow_fault_buffer	RS
crates/kayfabe-abi/src/faultbuffer.rs	531	pages_for	RS
crates/kayfabe-abi/src/faultbuffer.rs	546	is_illegal_geometry	RS
crates/kayfabe-abi/src/faultbuffer.rs	557	decode_register_access_cntr_buffer	RS
crates/kayfabe-abi/src/fbinfo.rs	295	bus_width_bits	RS
crates/kayfabe-abi/src/fbinfo.rs	308	fbp_count	RS
crates/kayfabe-abi/src/fbinfo.rs	327	l2_cache_size_u32	RS
crates/kayfabe-abi/src/fbinfo.rs	344	ram_type_checked	RS
crates/kayfabe-abi/src/fbinfo.rs	361	forwarded_answers	RS
crates/kayfabe-abi/src/fbinfo.rs	383	fbp_mask	RS
crates/kayfabe-abi/src/fbinfo.rs	399	ltc_count_checked	RS
crates/kayfabe-abi/src/fbinfo.rs	420	lts_count	RS
crates/kayfabe-abi/src/fbinfo.rs	593	answer_fb_get_info_v2	RS
crates/kayfabe-abi/src/fbinfo.rs	637	decode_fb_info_pairs	RS
crates/kayfabe-abi/src/fbinfo.rs	667	build_request	RS
crates/kayfabe-abi/src/fifochannels.rs	124	encode_fifo_num_channels	RS
crates/kayfabe-abi/src/fmbpromote.rs	189	is_destroy	RS
crates/kayfabe-abi/src/fmbpromote.rs	209	len	RS
crates/kayfabe-abi/src/fmbpromote.rs	218	is_empty	RS
crates/kayfabe-abi/src/fmbpromote.rs	322	decode_promote_fault_method_buffers	RS
crates/kayfabe-abi/src/fmbpromote.rs	373	encode_promote_fault_method_buffers	RS
crates/kayfabe-abi/src/fmbsize.rs	146	encode_fault_method_buffer_size	RS
crates/kayfabe-abi/src/fmbsize.rs	160	decode_fault_method_buffer_size	RS
crates/kayfabe-abi/src/generated/classes.rs	486	decode	RS
crates/kayfabe-abi/src/generated/classes.rs	519	encode_into	RS
crates/kayfabe-abi/src/generated/classes.rs	728	decode	RS
crates/kayfabe-abi/src/generated/classes.rs	760	encode_into	RS
crates/kayfabe-abi/src/generated/classes.rs	986	decode	RS
crates/kayfabe-abi/src/generated/classes.rs	1014	encode_into	RS
crates/kayfabe-abi/src/generated/classes.rs	1176	decode	RS
crates/kayfabe-abi/src/generated/classes.rs	1202	encode_into	RS
crates/kayfabe-abi/src/generated/ctrl.rs	192	decode	RS
crates/kayfabe-abi/src/generated/ctrl.rs	222	encode_into	RS
crates/kayfabe-abi/src/generated/ctrl.rs	451	decode	RS
crates/kayfabe-abi/src/generated/ctrl.rs	481	encode_into	RS
crates/kayfabe-abi/src/generated/nvos.rs	141	decode	RS
crates/kayfabe-abi/src/generated/nvos.rs	168	encode_into	RS
crates/kayfabe-abi/src/generated/nvos.rs	346	decode	RS
crates/kayfabe-abi/src/generated/nvos.rs	376	encode_into	RS
crates/kayfabe-abi/src/generated/nvos.rs	629	decode	RS
crates/kayfabe-abi/src/generated/nvos.rs	663	encode_into	RS
crates/kayfabe-abi/src/generated/nvos.rs	934	decode	RS
crates/kayfabe-abi/src/generated/nvos.rs	965	encode_into	RS
crates/kayfabe-abi/src/generated/nvos.rs	1188	decode	RS
crates/kayfabe-abi/src/generated/nvos.rs	1218	encode_into	RS
crates/kayfabe-abi/src/generated/nvos.rs	1435	decode	RS
crates/kayfabe-abi/src/generated/nvos.rs	1465	encode_into	RS
crates/kayfabe-abi/src/generated/nvos.rs	1700	decode	RS
crates/kayfabe-abi/src/generated/nvos.rs	1732	encode_into	RS
crates/kayfabe-abi/src/generated/rpc.rs	298	decode	RS
crates/kayfabe-abi/src/generated/rpc.rs	329	encode_into	RS
crates/kayfabe-abi/src/generated/rpc.rs	564	decode	RS
crates/kayfabe-abi/src/generated/rpc.rs	595	encode_into	RS
crates/kayfabe-abi/src/generated/rpc.rs	881	decode	RS
crates/kayfabe-abi/src/generated/rpc.rs	916	encode_into	RS
crates/kayfabe-abi/src/generated/vbios.rs	425	decode	RS
crates/kayfabe-abi/src/generated/vbios.rs	452	encode_into	RS
crates/kayfabe-abi/src/generated/vbios.rs	585	decode	RS
crates/kayfabe-abi/src/generated/vbios.rs	610	encode_into	RS
crates/kayfabe-abi/src/generated/vbios.rs	911	decode	RS
crates/kayfabe-abi/src/generated/vbios.rs	951	encode_into	RS
crates/kayfabe-abi/src/generated/vbios.rs	1296	decode	RS
crates/kayfabe-abi/src/generated/vbios.rs	1324	encode_into	RS
crates/kayfabe-abi/src/generated/vbios.rs	1496	decode	RS
crates/kayfabe-abi/src/generated/vbios.rs	1524	encode_into	RS
crates/kayfabe-abi/src/gmmustatic.rs	195	encode_gmmu_static_info	RS
crates/kayfabe-abi/src/gpuatomics.rs	145	none_supported	RS
crates/kayfabe-abi/src/gpuatomics.rs	203	answer_bus_get_pcie_supported_gpu_atomics	RS
crates/kayfabe-abi/src/gpuatomics.rs	232	decode_gpu_atomics	RS
crates/kayfabe-abi/src/gpuinfo.rs	264	answer_gpu_get_info_v2	RS
crates/kayfabe-abi/src/gpuinfo.rs	324	decode_gpu_info_pairs	RS
crates/kayfabe-abi/src/gpuinfo.rs	354	build_request	RS
crates/kayfabe-abi/src/grfsinfo.rs	175	physical_gpc	RS
crates/kayfabe-abi/src/grfsinfo.rs	234	answer	RS
crates/kayfabe-abi/src/grfsinfo.rs	343	answer_gr_fs_info	RS
crates/kayfabe-abi/src/grfsinfo.rs	401	build_request	RS
crates/kayfabe-abi/src/grfsinfo.rs	420	decode_answers	RS
crates/kayfabe-abi/src/grinfo.rs	210	validate	RS
crates/kayfabe-abi/src/grinfo.rs	236	validate_against	RS
crates/kayfabe-abi/src/grinfo.rs	278	encode	RS
crates/kayfabe-abi/src/grstatic.rs	502	gpc_mask	RS
crates/kayfabe-abi/src/grstatic.rs	515	num_sm	RS
crates/kayfabe-abi/src/grstatic.rs	528	validate	RS
crates/kayfabe-abi/src/grstatic.rs	580	encode_gr_caps	RS
crates/kayfabe-abi/src/grstatic.rs	595	encode_floorsweeping_masks	RS
crates/kayfabe-abi/src/grstatic.rs	645	encode_global_sm_order	RS
crates/kayfabe-abi/src/grstatic.rs	697	encode_fecs_record_size	RS
crates/kayfabe-abi/src/grstatic.rs	708	encode_pdb_properties	RS
crates/kayfabe-abi/src/grstatic.rs	830	encode_context_buffers_info	RS
crates/kayfabe-abi/src/gspfeatures.rs	192	as_u32	RS
crates/kayfabe-abi/src/gspfeatures.rs	209	from_u32	RS
crates/kayfabe-abi/src/gspfeatures.rs	289	parse	RS
crates/kayfabe-abi/src/gspfeatures.rs	315	as_str	RS
crates/kayfabe-abi/src/gspfeatures.rs	323	wire	RS
crates/kayfabe-abi/src/gspfeatures.rs	351	encode_gsp_get_features	RS
crates/kayfabe-abi/src/gspfeatures.rs	414	decode_gsp_get_features	RS
crates/kayfabe-abi/src/gspstaticinfo.rs	308	new	RS
crates/kayfabe-abi/src/gspstaticinfo.rs	331	declared	RS
crates/kayfabe-abi/src/gspstaticinfo.rs	344	as_str	RS
crates/kayfabe-abi/src/gspstaticinfo.rs	441	from_bytes	RS
crates/kayfabe-abi/src/gspstaticinfo.rs	454	as_bytes	RS
crates/kayfabe-abi/src/gspstaticinfo.rs	470	derive	RS
crates/kayfabe-abi/src/gspstaticinfo.rs	631	encode_gsp_static_info	RS
crates/kayfabe-abi/src/gsslegacy.rs	175	answer_gss_legacy	RS
crates/kayfabe-abi/src/gsslegacy.rs	206	params_size	RS
crates/kayfabe-abi/src/guest_os.rs	230	from_config_name	RS
crates/kayfabe-abi/src/guest_os.rs	243	config_name	RS
crates/kayfabe-abi/src/guest_os.rs	257	client_kind_rule	RS
crates/kayfabe-abi/src/guest_os.rs	280	client_kind_from_process_id	RS
crates/kayfabe-abi/src/guestsysinfo.rs	93	decode_guest_driver_version	RS
crates/kayfabe-abi/src/guestsysinfo.rs	190	decode_declared_vgx	RS
crates/kayfabe-abi/src/guestsysinfo.rs	217	encode_set_guest_system_info_reply	RS
crates/kayfabe-abi/src/gvaspacepdes.rs	186	decode_aperture	RS
crates/kayfabe-abi/src/gvaspacepdes.rs	258	root	RS
crates/kayfabe-abi/src/gvaspacepdes.rs	331	decode_server_reserved_pdes	RS
crates/kayfabe-abi/src/gvaspacepdes.rs	408	encode_server_reserved_pdes	RS
crates/kayfabe-abi/src/host_driver.rs	140	parse	RS
crates/kayfabe-abi/src/host_driver.rs	167	is_encoded_for	RS
crates/kayfabe-abi/src/host_driver.rs	278	check	RS
crates/kayfabe-abi/src/inittables.rs	173	mc_engine_idx_ce	RS
crates/kayfabe-abi/src/inittables.rs	276	encode_device_info_table	RS
crates/kayfabe-abi/src/inittables.rs	343	encode_intr_kernel_table	RS
crates/kayfabe-abi/src/l2evict.rs	280	writes_back	RS
crates/kayfabe-abi/src/l2evict.rs	286	waits_for_fb_pull	RS
crates/kayfabe-abi/src/l2evict.rs	341	decode_l2_invalidate_evict	RS
crates/kayfabe-abi/src/l2evict.rs	379	encode_l2_invalidate_evict	RS
crates/kayfabe-abi/src/lib.rs	179	rpc_params_are_serialized	RS
crates/kayfabe-abi/src/memsysconfig.rs	423	encode_memsys_static_config	RS
crates/kayfabe-abi/src/notifier.rs	123	rc	RS
crates/kayfabe-abi/src/notifier.rs	134	encode	RS
crates/kayfabe-abi/src/notifier.rs	202	needs	RS
crates/kayfabe-abi/src/notifier.rs	244	decode	RS
crates/kayfabe-abi/src/notifier.rs	337	needs	RS
crates/kayfabe-abi/src/notifier.rs	358	decode	RS
crates/kayfabe-abi/src/notifier.rs	426	needs	RS
crates/kayfabe-abi/src/notifier.rs	444	decode	RS
crates/kayfabe-abi/src/notifier.rs	468	decode_kind	RS
crates/kayfabe-abi/src/notifier.rs	479	engine_kind_of_nv2080	RS
crates/kayfabe-abi/src/oracle.rs	490	truncated_row	RS
crates/kayfabe-abi/src/oracle.rs	652	capture_reliance	RS
crates/kayfabe-abi/src/oracle.rs	744	captured_row_evidence	RS
crates/kayfabe-abi/src/oracle.rs	780	field_is_captured	RS
crates/kayfabe-abi/src/oracle.rs	790	empty_capture_row	RS
crates/kayfabe-abi/src/pcibars.rs	239	encode_pci_bar_info	RS
crates/kayfabe-abi/src/postevent.rs	69	encode	RS
crates/kayfabe-abi/src/rc.rs	107	code	RS
crates/kayfabe-abi/src/rc.rs	113	for_engine	RS
crates/kayfabe-abi/src/rc.rs	167	encode_into	RS
crates/kayfabe-abi/src/rc.rs	206	encode	RS
crates/kayfabe-abi/src/regaccessmap.rs	284	publishes_map	RS
crates/kayfabe-abi/src/regaccessmap.rs	442	encode_user_register_access_map	RS
crates/kayfabe-abi/src/smcmode.rs	113	as_u32	RS
crates/kayfabe-abi/src/smcmode.rs	153	encode_smc_mode	RS
crates/kayfabe-abi/src/smcmode.rs	164	decode_smc_mode	RS
crates/kayfabe-abi/src/submit.rs	163	encode_into	RS
crates/kayfabe-abi/src/submit.rs	227	decode	RS
crates/kayfabe-abi/src/submit.rs	391	encode_into	RS
crates/kayfabe-abi/src/submit.rs	430	engine_type_copy	RS
crates/kayfabe-abi/src/submit.rs	459	copy_index_of_engine_type	RS
crates/kayfabe-abi/src/submit.rs	604	encode_into	RS
crates/kayfabe-abi/src/submit.rs	613	is_modelled	RS
crates/kayfabe-abi/src/submit.rs	691	decode_gpfifo_schedule	RS
crates/kayfabe-abi/src/submit.rs	739	encode_gpfifo_schedule	RS
crates/kayfabe-abi/src/submit.rs	902	encode_into	RS
crates/kayfabe-abi/src/submit.rs	956	nv2080_to_rm_engine_type	RS
crates/kayfabe-abi/src/submit.rs	1008	rm_copy_index_of_engine_type	RS
crates/kayfabe-abi/src/submit.rs	1028	decode_bind	RS
crates/kayfabe-abi/src/submit.rs	1046	encode_bind	RS
crates/kayfabe-abi/src/submit.rs	1197	encode_into	RS
crates/kayfabe-abi/src/submit.rs	1273	gp_entry	RS
crates/kayfabe-abi/src/submit.rs	1341	gp_entry_decode	RS
crates/kayfabe-abi/src/submit.rs	1417	ptimer_compose	RS
crates/kayfabe-abi/src/submit.rs	1458	ptimer_sample	RS
crates/kayfabe-abi/src/submit.rs	1551	method_header_inc	RS
crates/kayfabe-abi/src/submit.rs	1686	method_header_decode	RS
crates/kayfabe-abi/src/submit.rs	1887	is_fault_method	RS
crates/kayfabe-abi/src/submit.rs	2201	remap_component_bytes	RS
crates/kayfabe-abi/src/submit.rs	2209	remap_num_dst_components	RS
crates/kayfabe-abi/src/submit.rs	2215	remap_dst_sel	RS
crates/kayfabe-abi/src/submit.rs	2266	encode_into	RS
crates/kayfabe-abi/src/submit.rs	2292	decode	RS
crates/kayfabe-abi/src/submit.rs	2323	declared_copy_engine_type	RS
crates/kayfabe-abi/src/submit.rs	2485	asks_for	RS
crates/kayfabe-abi/src/submit.rs	2507	encode_into	RS
crates/kayfabe-abi/src/submit.rs	2580	decode_ctxsw_preemption_mode	RS
crates/kayfabe-abi/src/submit.rs	2618	encode_ctxsw_preemption_mode	RS
crates/kayfabe-abi/src/submit.rs	2748	encode_into	RS
crates/kayfabe-abi/src/submit.rs	2763	decode_mc_service_interrupts	RS
crates/kayfabe-abi/src/submit.rs	2780	encode_mc_service_interrupts	RS
crates/kayfabe-abi/src/transcribed.rs	228	decode	RS
crates/kayfabe-abi/src/transcribed.rs	255	encode_into	RS
crates/kayfabe-abi/src/transcribed.rs	510	decode	RS
crates/kayfabe-abi/src/vbios.rs	541	profile_for_device_id	RS
crates/kayfabe-abi/src/vbios.rs	619	build	RS
crates/kayfabe-abi/src/versions.rs	141	hdr_size	RS
crates/kayfabe-abi/src/versions.rs	150	checksum_off	RS
crates/kayfabe-abi/src/versions.rs	159	seqnum_off	RS
crates/kayfabe-abi/src/versions.rs	168	elem_count_off	RS
crates/kayfabe-abi/src/versions.rs	187	transport	RS
crates/kayfabe-abi/src/versions.rs	231	min_size	RS
crates/kayfabe-abi/src/versions.rs	241	element_hdr_size_off	RS
crates/kayfabe-abi/src/versions.rs	575	table_for	RS
crates/kayfabe-abi/src/versions.rs	595	capabilities	RS
crates/kayfabe-abi/src/versions.rs	602	vbios_wire	RS
crates/kayfabe-abi/src/versions.rs	609	vgx_version	RS
crates/kayfabe-abi/src/versions.rs	615	gsp_element_wire	RS
crates/kayfabe-abi/src/versions.rs	621	gsp_init_args_wire	RS
crates/kayfabe-abi/src/versions.rs	627	gsp_static_info_wire	RS
crates/kayfabe-abi/src/versions.rs	639	gsp_element_size_min	RS
crates/kayfabe-abi/src/versions.rs	648	gsp_element_size_max	RS
crates/kayfabe-abi/src/versions.rs	654	map_dma_wire	RS
crates/kayfabe-abi/src/versions.rs	661	map_dma_size	RS
crates/kayfabe-abi/src/versions.rs	674	map_dma_status_offset	RS
crates/kayfabe-abi/src/versions.rs	686	decode_free	RS
crates/kayfabe-abi/src/versions.rs	700	decode_alloc_v1	RS
crates/kayfabe-abi/src/versions.rs	721	decode_alloc_v2	RS
crates/kayfabe-abi/src/versions.rs	748	decode_alloc	RS
crates/kayfabe-abi/src/versions.rs	763	decode_control	RS
crates/kayfabe-abi/src/versions.rs	780	decode_dup	RS
crates/kayfabe-abi/src/versions.rs	799	decode_map_memory_dma	RS
crates/kayfabe-abi/src/versions.rs	844	write_map_memory_dma_result	RS
crates/kayfabe-abi/src/versions.rs	891	decode_unmap_memory_dma	RS
crates/kayfabe-abi/src/versions.rs	910	decode_client_alloc_facts	RS
crates/kayfabe-abi/src/versions.rs	929	decode_device_alloc_facts	RS
crates/kayfabe-abi/src/versions.rs	947	decode_tsg_alloc_facts	RS
crates/kayfabe-abi/src/versions.rs	959	decode_ctxshare_alloc_facts	RS
crates/kayfabe-abi/src/versions.rs	989	decode_vaspace_index	RS
crates/kayfabe-abi/src/versions.rs	1004	decode_channel_alloc_facts	RS
crates/kayfabe-abi/src/versions.rs	1042	decode_channel_error_notifier	RS
crates/kayfabe-abi/src/versions.rs	1064	decode_channel_userd	RS
crates/kayfabe-abi/src/versions.rs	1088	decode_channel_engine	RS
crates/kayfabe-abi/src/versions.rs	1111	alloc_params	RS
crates/kayfabe-abi/src/versions.rs	1322	control_params	RS
crates/kayfabe-abi/src/versions.rs	1352	decode_rpc_control	RS
crates/kayfabe-abi/src/versions.rs	1391	decode_set_page_dir	RS
crates/kayfabe-abi/src/versions.rs	1431	decode_promote_ctx	RS
crates/kayfabe-abi/src/versions.rs	1500	decode_rpc_alloc	RS
crates/kayfabe-abi/src/versions.rs	1536	is_client_root_class	RS
crates/kayfabe-abi/src/versions.rs	1548	decode_rpc_envelope	RS
crates/kayfabe-abi/src/versions.rs	1576	rpc_payload	RS
crates/kayfabe-abi/src/versions.rs	1756	params_size	RS
crates/kayfabe-abi/src/view.rs	478	from_flags	RS
crates/kayfabe-abi/src/view.rs	508	is_sysmem	RS
crates/kayfabe-abi/src/view.rs	675	buffer_id	RS
crates/kayfabe-abi/src/view.rs	711	classify_promote_entry	RS
crates/kayfabe-abi/src/view.rs	805	entries	RS
crates/kayfabe-abi/src/view.rs	813	len	RS
crates/kayfabe-abi/src/view.rs	822	is_empty	RS
crates/kayfabe-abi/src/view.rs	835	census	RS
crates/kayfabe-abi/src/wire.rs	250	offset_of	RS
crates/kayfabe-abi/src/wire.rs	287	new	RS
crates/kayfabe-abi/src/wire.rs	295	width	RS
crates/kayfabe-abi/src/wire.rs	301	mask	RS
crates/kayfabe-abi/src/wire.rs	309	get	RS
crates/kayfabe-abi/src/wire.rs	319	set	RS
crates/kayfabe-abi/src/wire.rs	325	fits	RS
crates/kayfabe-arch/src/gsp.rs	255	wpr2_up	RS
crates/kayfabe-arch/src/gsp.rs	378	kind	RS
crates/kayfabe-arch/src/gsp.rs	436	none	RS
crates/kayfabe-arch/src/gsp.rs	442	one	RS
crates/kayfabe-arch/src/gsp.rs	450	push	RS
crates/kayfabe-arch/src/gsp.rs	462	overflowed	RS
crates/kayfabe-arch/src/gsp.rs	468	len	RS
crates/kayfabe-arch/src/gsp.rs	474	is_empty	RS
crates/kayfabe-arch/src/gsp.rs	479	iter	RS
crates/kayfabe-arch/src/gsp.rs	564	latch	RS
crates/kayfabe-arch/src/gsp.rs	569	set_latch	RS
crates/kayfabe-arch/src/gsp.rs	581	window_write_u32	RS
crates/kayfabe-arch/src/gsp.rs	594	window_read_u32	RS
crates/kayfabe-arch/src/gsp.rs	602	window_read_u64	RS
crates/kayfabe-arch/src/gsp.rs	610	window_len	RS
crates/kayfabe-arch/src/ids.rs	179	index	RS
crates/kayfabe-arch/src/ids.rs	195	name	RS
crates/kayfabe-arch/src/lib.rs	333	name	RS
crates/kayfabe-arch/src/lib.rs	633	offset	RS
crates/kayfabe-arch/src/lib.rs	721	stable	RS
crates/kayfabe-arch/src/lib.rs	1246	new	RS
crates/kayfabe-arch/src/lib.rs	1258	bind_object	RS
crates/kayfabe-arch/src/lib.rs	1269	object	RS
crates/kayfabe-arch/src/lib.rs	1329	subchannel_speaks	RS
crates/kayfabe-arch/src/lib.rs	1341	latch	RS
crates/kayfabe-arch/src/lib.rs	1351	latched	RS
crates/kayfabe-arch/src/lib.rs	1359	reset	RS
crates/kayfabe-arch/src/lib.rs	1583	new	RS
crates/kayfabe-arch/src/lib.rs	1590	channel_id	RS
crates/kayfabe-arch/src/lib.rs	1603	new	RS
crates/kayfabe-arch/src/lib.rs	1609	usermode_id	RS
crates/kayfabe-arch/src/lib.rs	1622	new	RS
crates/kayfabe-arch/src/lib.rs	1628	ce_object_id	RS
crates/kayfabe-chips/src/ad10x.rs	153	new	RS
crates/kayfabe-chips/src/ad10x.rs	162	at	RS
crates/kayfabe-chips/src/ad10x.rs	339	new	RS
crates/kayfabe-chips/src/ga10x.rs	117	new	RS
crates/kayfabe-chips/src/ga10x.rs	419	decode_userd_index_chid	RS
crates/kayfabe-chips/src/ga10x.rs	470	decode_work_submit_token	RS
crates/kayfabe-chips/src/ga10x.rs	525	encode_work_submit_token	RS
crates/kayfabe-chips/src/ga10x.rs	747	new	RS
crates/kayfabe-chips/src/gh100.rs	358	new	RS
crates/kayfabe-chips/src/gh100.rs	515	new	RS
crates/kayfabe-chips/src/gh100.rs	524	at	RS
crates/kayfabe-chips/src/gh100.rs	721	new	RS
crates/kayfabe-chips/src/host_classes.rs	201	pinned_host_classes	RS
crates/kayfabe-completion/src/lib.rs	116	new	RS
crates/kayfabe-completion/src/lib.rs	128	observe	RS
crates/kayfabe-completion/src/lib.rs	139	outstanding_len	RS
crates/kayfabe-completion/src/lib.rs	145	has_outstanding	RS
crates/kayfabe-completion/src/lib.rs	151	compose_into	RS
crates/kayfabe-completion/src/lib.rs	158	drained	RS
crates/kayfabe-completion/src/lib.rs	171	ack	RS
crates/kayfabe-completion/src/lib.rs	179	take_unacked	RS
crates/kayfabe-completion/src/lib.rs	224	new	RS
crates/kayfabe-completion/src/lib.rs	230	armed_len	RS
crates/kayfabe-completion/src/lib.rs	245	arm	RS
crates/kayfabe-completion/src/lib.rs	288	observe	RS
crates/kayfabe-completion/src/lib.rs	339	new	RS
crates/kayfabe-completion/src/lib.rs	345	batch_outstanding	RS
crates/kayfabe-completion/src/lib.rs	352	try_post	RS
crates/kayfabe-completion/src/lib.rs	374	drained	RS
crates/kayfabe-completion/src/lib.rs	386	on_poll	RS
crates/kayfabe-core/src/channel_kind.rs	249	may_run_on_the_vcpu_thread	RS
crates/kayfabe-core/src/channel_kind.rs	261	name	RS
crates/kayfabe-core/src/channel_kind.rs	285	trap_contract	RS
crates/kayfabe-core/src/channel_kind.rs	307	hosted_by	RS
crates/kayfabe-core/src/channel_kind.rs	316	name	RS
crates/kayfabe-core/src/channel_kind.rs	330	name	RS
crates/kayfabe-core/src/fault.rs	111	attribution_note	RS
crates/kayfabe-core/src/fault.rs	277	verdict	RS
crates/kayfabe-core/src/gpa.rs	63	new	RS
crates/kayfabe-core/src/gpa.rs	79	owned_by	RS
crates/kayfabe-core/src/gpa.rs	86	owner	RS
crates/kayfabe-core/src/gpa.rs	94	carve	RS
crates/kayfabe-core/src/gpa.rs	134	window	RS
crates/kayfabe-core/src/gpa.rs	140	arena_len	RS
crates/kayfabe-core/src/gpa.rs	204	release	RS
crates/kayfabe-core/src/gpa.rs	261	arena	RS
crates/kayfabe-core/src/gpa.rs	316	owner	RS
crates/kayfabe-core/src/gpa.rs	322	id	RS
crates/kayfabe-core/src/gpa.rs	335	alloc	RS
crates/kayfabe-core/src/gpa.rs	400	free	RS
crates/kayfabe-core/src/gpa.rs	444	live_bytes	RS
crates/kayfabe-core/src/gpa.rs	458	is_untouched	RS
crates/kayfabe-core/src/gpu.rs	311	promote_orphans	RS
crates/kayfabe-core/src/gpu.rs	608	route_schedule_channel	RS
crates/kayfabe-core/src/gpu.rs	629	apply_schedule_channel	RS
crates/kayfabe-core/src/gpu.rs	768	route_schedule_group	RS
crates/kayfabe-core/src/gpu.rs	833	apply_schedule_group	RS
crates/kayfabe-core/src/gpu.rs	1001	route_ctxsw_preemption	RS
crates/kayfabe-core/src/gpu.rs	1156	route_bind_channel	RS
crates/kayfabe-core/src/gpu.rs	1180	apply_bind_channel	RS
crates/kayfabe-core/src/gpu.rs	1297	new	RS
crates/kayfabe-core/src/gpu.rs	1303	is_empty	RS
crates/kayfabe-core/src/gpu.rs	1309	len	RS
crates/kayfabe-core/src/gpu.rs	1455	client_values	RS
crates/kayfabe-core/src/gpu.rs	1524	checkout_with_pending_release	RS
crates/kayfabe-core/src/gpu.rs	1546	pending_release_targets	RS
crates/kayfabe-core/src/gpu.rs	1567	staged_releases	RS
crates/kayfabe-core/src/gpu.rs	1574	pending_release_len	RS
crates/kayfabe-core/src/gpu.rs	1584	isolate	RS
crates/kayfabe-core/src/gpu.rs	1589	isolate_mut	RS
crates/kayfabe-core/src/gpu.rs	1606	is_quiesced	RS
crates/kayfabe-core/src/gpu.rs	1623	stage_release	RS
crates/kayfabe-core/src/gpu.rs	1652	vacate	RS
crates/kayfabe-core/src/gpu.rs	1678	retire	RS
crates/kayfabe-core/src/gpu.rs	1706	is_retired	RS
crates/kayfabe-core/src/gpu.rs	1719	wants_isolate	RS
crates/kayfabe-core/src/gpu.rs	1840	len	RS
crates/kayfabe-core/src/gpu.rs	1846	is_empty	RS
crates/kayfabe-core/src/gpu.rs	1855	deferred	RS
crates/kayfabe-core/src/gpu.rs	1866	orphaned	RS
crates/kayfabe-core/src/gpu.rs	2324	new	RS
crates/kayfabe-core/src/gpu.rs	2330	snapshot	RS
crates/kayfabe-core/src/gpu.rs	2335	publish	RS
crates/kayfabe-core/src/gpu.rs	2490	arch	RS
crates/kayfabe-core/src/gpu.rs	2503	global_ctx_phys_for	RS
crates/kayfabe-core/src/gpu.rs	2519	merge_global_ctx_phys	RS
crates/kayfabe-core/src/gpu.rs	2554	pt_page_owner	RS
crates/kayfabe-core/src/gpu.rs	2586	publish_pt_pages	RS
crates/kayfabe-core/src/gpu.rs	2737	take_pending_spawns	RS
crates/kayfabe-core/src/gpu.rs	2747	isolate_factory	RS
crates/kayfabe-core/src/gpu.rs	2776	install_isolate	RS
crates/kayfabe-core/src/gpu.rs	2850	apply	RS
crates/kayfabe-core/src/gpu.rs	4143	retire_proc	RS
crates/kayfabe-core/src/gpu.rs	4195	is_condemned	RS
crates/kayfabe-core/src/gpu.rs	4233	condemned_len	RS
crates/kayfabe-core/src/gpu.rs	4243	condemned_pdb	RS
crates/kayfabe-core/src/gpu.rs	4250	condemned_vchid	RS
crates/kayfabe-core/src/gpu.rs	4289	reap_retired	RS
crates/kayfabe-core/src/gpu.rs	4357	checkin_retired	RS
crates/kayfabe-core/src/gpu.rs	4373	retired_mut	RS
crates/kayfabe-core/src/gpu.rs	4385	take_pending_cancels	RS
crates/kayfabe-core/src/gpu.rs	4394	retired_len	RS
crates/kayfabe-core/src/gpu.rs	4408	retired_procs	RS
crates/kayfabe-core/src/gpu.rs	4425	isolate_census_seed	RS
crates/kayfabe-core/src/gpu.rs	4446	pump_completions	RS
crates/kayfabe-core/src/gpu.rs	4466	completion_poll	RS
crates/kayfabe-core/src/gpu.rs	4496	completions_drained	RS
crates/kayfabe-core/src/gpu.rs	4519	new	RS
crates/kayfabe-core/src/gpu.rs	4547	realize	RS
crates/kayfabe-core/src/gpu.rs	4631	apply	RS
crates/kayfabe-core/src/gpu.rs	4684	isolate_census	RS
crates/kayfabe-core/src/gpu.rs	4713	promote_ctx	RS
crates/kayfabe-core/src/gpu.rs	4772	vas_census_string	RS
crates/kayfabe-core/src/gpu.rs	4788	vas_census	RS
crates/kayfabe-core/src/gpu.rs	4827	schedule_channel	RS
crates/kayfabe-core/src/gpu.rs	4876	schedule_group	RS
crates/kayfabe-core/src/gpu.rs	4908	set_ctxsw_preemption_mode	RS
crates/kayfabe-core/src/gpu.rs	4927	bind_channel	RS
crates/kayfabe-core/src/gpu.rs	4951	reap_retired	RS
crates/kayfabe-core/src/gpu.rs	4958	retire_proc	RS
crates/kayfabe-core/src/gpu.rs	4965	retired_len	RS
crates/kayfabe-core/src/gpu.rs	4970	pump_completions	RS
crates/kayfabe-core/src/gpu.rs	4976	completion_poll	RS
crates/kayfabe-core/src/gpu.rs	4982	completions_drained	RS
crates/kayfabe-core/src/gpu.rs	5039	of	RS
crates/kayfabe-core/src/gpu.rs	5063	format_vas_census	RS
crates/kayfabe-core/src/project.rs	285	client_values	RS
crates/kayfabe-core/src/project.rs	311	channel_kind	RS
crates/kayfabe-core/src/project.rs	981	project	RS
crates/kayfabe-core/src/promote.rs	156	buffer_id	RS
crates/kayfabe-core/src/promote.rs	251	phys_half_scope	RS
crates/kayfabe-core/src/promote.rs	281	is_global_ctx_buffer	RS
crates/kayfabe-core/src/promote.rs	723	route_promote_ctx	RS
crates/kayfabe-core/src/promote.rs	804	apply_promote_ctx	RS
crates/kayfabe-core/src/reactor.rs	112	as_token	RS
crates/kayfabe-core/src/reactor.rs	175	owner	RS
crates/kayfabe-core/src/reactor.rs	189	belongs_to	RS
crates/kayfabe-core/src/reactor.rs	303	latched	RS
crates/kayfabe-core/src/reactor.rs	338	new	RS
crates/kayfabe-core/src/reactor.rs	346	register	RS
crates/kayfabe-core/src/reactor.rs	363	deregister	RS
crates/kayfabe-core/src/reactor.rs	381	deregister_proc	RS
crates/kayfabe-core/src/reactor.rs	388	kind	RS
crates/kayfabe-core/src/reactor.rs	399	dispatch	RS
crates/kayfabe-core/src/reactor.rs	409	iter	RS
crates/kayfabe-core/src/reactor.rs	415	len	RS
crates/kayfabe-core/src/reactor.rs	421	is_empty	RS
crates/kayfabe-core/src/reactor.rs	439	take_pending_wake	RS
crates/kayfabe-core/src/rmgraph.rs	77	new	RS
crates/kayfabe-core/src/rmgraph.rs	153	first	RS
crates/kayfabe-core/src/rmgraph.rs	268	first	RS
crates/kayfabe-core/src/rmgraph.rs	279	last_for	RS
crates/kayfabe-core/src/rmgraph.rs	681	id	RS
crates/kayfabe-core/src/rmgraph.rs	1056	new	RS
crates/kayfabe-core/src/rmgraph.rs	1094	entitle	RS
crates/kayfabe-core/src/rmgraph.rs	1210	client_kinds	RS
crates/kayfabe-core/src/rmgraph.rs	1319	client_declarations	RS
crates/kayfabe-core/src/rmgraph.rs	1332	nodes_with_owner	RS
crates/kayfabe-core/src/rmgraph.rs	1344	owner_key_of	RS
crates/kayfabe-core/src/rmgraph.rs	1483	apply	RS
crates/kayfabe-core/src/rmgraph.rs	2339	origin_of	RS
crates/kayfabe-core/src/rmgraph.rs	2379	origin_of_kind	RS
crates/kayfabe-core/src/rmgraph.rs	2414	references	RS
crates/kayfabe-core/src/rmgraph.rs	2422	references_of	RS
crates/kayfabe-core/src/rmgraph.rs	2439	pdb_of	RS
crates/kayfabe-core/src/rmgraph.rs	2470	node_of_resource	RS
crates/kayfabe-core/src/rmgraph.rs	2476	pdb_of_resource	RS
crates/kayfabe-core/src/rmgraph.rs	2508	device_default_vas	RS
crates/kayfabe-core/src/rmgraph.rs	2513	nodes	RS
crates/kayfabe-core/src/rmgraph.rs	2520	mappings	RS
crates/kayfabe-core/src/rmgraph.rs	2538	backing_of	RS
crates/kayfabe-core/src/rmgraph.rs	2553	map_ref_count	RS
crates/kayfabe-core/src/rmgraph.rs	2560	map_ref_count_of	RS
crates/kayfabe-core/src/rmgraph.rs	2567	events_of	RS
crates/kayfabe-core/src/rmgraph.rs	2577	dups	RS
crates/kayfabe-core/src/rmgraph.rs	2594	node	RS
crates/kayfabe-core/src/rmgraph.rs	2617	gpu_of	RS
crates/kayfabe-core/src/rmgraph.rs	2654	gpu_of_resource	RS
crates/kayfabe-crec/src/format.rs	68	from_wire	RS
crates/kayfabe-crec/src/format.rs	84	name	RS
crates/kayfabe-crec/src/format.rs	125	to_event	RS
crates/kayfabe-crec/src/format.rs	205	hermetic	RS
crates/kayfabe-crec/src/format.rs	212	rom_overlay	RS
crates/kayfabe-crec/src/format.rs	293	parse	RS
crates/kayfabe-crec/src/format.rs	383	header	RS
crates/kayfabe-crec/src/format.rs	389	records	RS
crates/kayfabe-crec/src/format.rs	397	closed_cleanly	RS
crates/kayfabe-crec/src/format.rs	404	census	RS
crates/kayfabe-crec/src/format.rs	427	to_records	RS
crates/kayfabe-crec/src/format.rs	444	has_overlay	RS
crates/kayfabe-crec/src/ga10x.rs	49	new	RS
crates/kayfabe-crec/src/ledger.rs	38	id	RS
crates/kayfabe-crec/src/ledger.rs	82	classify	RS
crates/kayfabe-crec/src/ledger.rs	174	by_id	RS
crates/kayfabe-crec/src/ledger.rs	189	unexplained	RS
crates/kayfabe-crec/src/ledger.rs	199	beyond_closure	RS
crates/kayfabe-crec/src/ledger.rs	214	census	RS
crates/kayfabe-crec/src/lib.rs	132	bench_abi	RS
crates/kayfabe-crec/src/lib.rs	194	served_policy	RS
crates/kayfabe-crec/src/lib.rs	231	cap1_path	RS
crates/kayfabe-crec/src/lib.rs	244	load_cap1	RS
crates/kayfabe-crec/src/lib.rs	269	cap1b_path	RS
crates/kayfabe-crec/src/lib.rs	282	load_cap1b	RS
crates/kayfabe-crec/src/oracle.rs	170	new	RS
crates/kayfabe-crec/src/oracle.rs	193	reconstruct	RS
crates/kayfabe-crec/src/oracle.rs	201	reconstructions	RS
crates/kayfabe-crec/src/oracle.rs	207	bind_pointers	RS
crates/kayfabe-crec/src/oracle.rs	213	observe	RS
crates/kayfabe-crec/src/oracle.rs	219	seek	RS
crates/kayfabe-crec/src/oracle.rs	226	max_lookahead	RS
crates/kayfabe-crec/src/oracle.rs	232	answer_census	RS
crates/kayfabe-crec/src/replay.rs	100	census	RS
crates/kayfabe-crec/src/replay.rs	241	new	RS
crates/kayfabe-crec/src/replay.rs	259	with_policy	RS
crates/kayfabe-crec/src/replay.rs	265	run	RS
crates/kayfabe-device/src/abi.rs	79	gsp_abi_for	RS
crates/kayfabe-device/src/bar2.rs	152	new	RS
crates/kayfabe-device/src/bar2.rs	158	pdes	RS
crates/kayfabe-device/src/bar2.rs	169	updates	RS
crates/kayfabe-device/src/bar2.rs	175	refusals	RS
crates/kayfabe-device/src/bar2.rs	180	publish	RS
crates/kayfabe-device/src/bar2.rs	194	refuse	RS
crates/kayfabe-device/src/bar2.rs	205	device_reset	RS
crates/kayfabe-device/src/bar2.rs	235	why	RS
crates/kayfabe-device/src/bar2.rs	256	decode_update_bar_pde	RS
crates/kayfabe-device/src/bar2.rs	288	new	RS
crates/kayfabe-device/src/bar2.rs	294	driver	RS
crates/kayfabe-device/src/census.rs	236	new	RS
crates/kayfabe-device/src/census.rs	243	set_probe_arm	RS
crates/kayfabe-device/src/census.rs	249	note_served	RS
crates/kayfabe-device/src/census.rs	271	note_arming	RS
crates/kayfabe-device/src/census.rs	291	note_bind	RS
crates/kayfabe-device/src/census.rs	311	snapshot	RS
crates/kayfabe-device/src/census.rs	343	new	RS
crates/kayfabe-device/src/ceresolve.rs	153	from_doorbell	RS
crates/kayfabe-device/src/ceresolve.rs	161	trigger	RS
crates/kayfabe-device/src/ceresolve.rs	251	published_root	RS
crates/kayfabe-device/src/ceresolve.rs	321	root_from_declared_pdb	RS
crates/kayfabe-device/src/ceresolve.rs	410	place	RS
crates/kayfabe-device/src/ceresolve.rs	425	kind	RS
crates/kayfabe-device/src/ceresolve.rs	445	tag	RS
crates/kayfabe-device/src/ceresolve.rs	466	describe	RS
crates/kayfabe-device/src/ceresolve.rs	519	resolve	RS
crates/kayfabe-device/src/ceresolve.rs	587	vidmem_phys	RS
crates/kayfabe-device/src/ceresolve.rs	689	walk_trace	RS
crates/kayfabe-device/src/cpuintr.rs	149	vector_to_leaf_reg	RS
crates/kayfabe-device/src/cpuintr.rs	155	vector_to_leaf_bit	RS
crates/kayfabe-device/src/cpuintr.rs	163	vector_to_subtree	RS
crates/kayfabe-device/src/cpuintr.rs	169	subtree_to_top_idx	RS
crates/kayfabe-device/src/cpuintr.rs	175	subtree_to_top_bit	RS
crates/kayfabe-device/src/cpuintr.rs	208	decode	RS
crates/kayfabe-device/src/cpuintr.rs	290	new	RS
crates/kayfabe-device/src/cpuintr.rs	306	read	RS
crates/kayfabe-device/src/cpuintr.rs	323	write	RS
crates/kayfabe-device/src/cpuintr.rs	388	latch	RS
crates/kayfabe-device/src/cpuintr.rs	446	any_pending	RS
crates/kayfabe-device/src/doorbell.rs	153	is_served	RS
crates/kayfabe-device/src/doorbell.rs	162	refusal	RS
crates/kayfabe-device/src/doorbell.rs	171	token	RS
crates/kayfabe-device/src/doorbell.rs	224	doorbell_reg	RS
crates/kayfabe-device/src/faultbuffer.rs	125	new	RS
crates/kayfabe-device/src/faultbuffer.rs	137	total	RS
crates/kayfabe-device/src/faultbuffer.rs	146	shadow_total	RS
crates/kayfabe-device/src/faultbuffer.rs	152	access_cntr_total	RS
crates/kayfabe-device/src/faultbuffer.rs	158	sample	RS
crates/kayfabe-device/src/faultbuffer.rs	169	note	RS
crates/kayfabe-device/src/faultbuffer.rs	204	new	RS
crates/kayfabe-device/src/fbwin.rs	132	new	RS
crates/kayfabe-device/src/fbwin.rs	139	raw	RS
crates/kayfabe-device/src/fbwin.rs	144	set_raw	RS
crates/kayfabe-device/src/fbwin.rs	150	base	RS
crates/kayfabe-device/src/fbwin.rs	156	target	RS
crates/kayfabe-device/src/fbwin.rs	177	fb_addr	RS
crates/kayfabe-device/src/fbwin.rs	416	index	RS
crates/kayfabe-device/src/fbwin.rs	428	tag	RS
crates/kayfabe-device/src/fbwin.rs	441	tags	RS
crates/kayfabe-device/src/fbwin.rs	586	new	RS
crates/kayfabe-device/src/fbwin.rs	592	with_cap	RS
crates/kayfabe-device/src/fbwin.rs	604	limit	RS
crates/kayfabe-device/src/fbwin.rs	610	resident_pages	RS
crates/kayfabe-device/src/ga10x.rs	278	new	RS
crates/kayfabe-device/src/ga10x.rs	287	at	RS
crates/kayfabe-device/src/guestsysinfo.rs	73	new	RS
crates/kayfabe-device/src/guestsysinfo.rs	88	agreed_version	RS
crates/kayfabe-device/src/gvaspub.rs	262	new	RS
crates/kayfabe-device/src/gvaspub.rs	269	note	RS
crates/kayfabe-device/src/gvaspub.rs	315	note_undecodable	RS
crates/kayfabe-device/src/gvaspub.rs	322	snapshot	RS
crates/kayfabe-device/src/gvaspub.rs	342	device_reset	RS
crates/kayfabe-device/src/gvaspub.rs	355	is_pde_publication	RS
crates/kayfabe-device/src/gvaspub.rs	374	new	RS
crates/kayfabe-device/src/gvaspub.rs	380	driver	RS
crates/kayfabe-device/src/inert.rs	107	new	RS
crates/kayfabe-device/src/inert.rs	116	is_inert	RS
crates/kayfabe-device/src/inittables.rs	168	is_gss_legacy	RS
crates/kayfabe-device/src/inittables.rs	1112	cmd_id	RS
crates/kayfabe-device/src/inittables.rs	1196	params_size	RS
crates/kayfabe-device/src/inittables.rs	1272	from_cmd	RS
crates/kayfabe-device/src/inittables.rs	1284	new	RS
crates/kayfabe-device/src/inittables.rs	1292	with_probe_arm	RS
crates/kayfabe-device/src/inittables.rs	1317	guest_firmware	RS
crates/kayfabe-device/src/inittables.rs	1323	wanted	RS
crates/kayfabe-device/src/lib.rs	187	contains	RS
crates/kayfabe-device/src/lib.rs	212	contains	RS
crates/kayfabe-device/src/lib.rs	616	pci_bar_len	RS
crates/kayfabe-device/src/lib.rs	630	fb_window	RS
crates/kayfabe-device/src/lib.rs	814	chip_for_device_id	RS
crates/kayfabe-device/src/lib.rs	827	default_chip	RS
crates/kayfabe-device/src/lib.rs	884	identity_for	RS
crates/kayfabe-device/src/lib.rs	928	rom_for	RS
crates/kayfabe-device/src/lib.rs	1070	served_policy	RS
crates/kayfabe-device/src/lib.rs	1099	served_chain	RS
crates/kayfabe-device/src/nonstall.rs	116	non_stall_vector	RS
crates/kayfabe-device/src/nonstall.rs	192	gsp_stall_vector	RS
crates/kayfabe-device/src/osevent.rs	115	post	RS
crates/kayfabe-device/src/osevent.rs	144	new	RS
crates/kayfabe-device/src/osevent.rs	155	register	RS
crates/kayfabe-device/src/osevent.rs	191	retire	RS
crates/kayfabe-device/src/osevent.rs	212	batch	RS
crates/kayfabe-device/src/osevent.rs	219	live	RS
crates/kayfabe-device/src/osevent.rs	226	registered	RS
crates/kayfabe-device/src/osevent.rs	232	retired	RS
crates/kayfabe-device/src/osevent.rs	241	overflowed	RS
crates/kayfabe-device/src/osevent.rs	251	malformed	RS
crates/kayfabe-device/src/osevent.rs	257	posted	RS
crates/kayfabe-device/src/osevent.rs	263	batches	RS
crates/kayfabe-device/src/osevent.rs	275	gated	RS
crates/kayfabe-device/src/osevent.rs	281	not_running	RS
crates/kayfabe-device/src/osevent.rs	287	failed	RS
crates/kayfabe-device/src/osevent.rs	296	note	RS
crates/kayfabe-device/src/osevent.rs	351	note_join	RS
crates/kayfabe-device/src/osevent.rs	377	woke_with_nothing	RS
crates/kayfabe-device/src/osevent.rs	383	last_join	RS
crates/kayfabe-device/src/osevent.rs	422	new	RS
crates/kayfabe-device/src/plane.rs	256	new	RS
crates/kayfabe-device/src/plane.rs	796	value	RS
crates/kayfabe-device/src/plane.rs	903	nothing	RS
crates/kayfabe-device/src/plane.rs	1293	describe	RS
crates/kayfabe-device/src/plane.rs	1332	root	RS
crates/kayfabe-device/src/plane.rs	1342	resolve	RS
crates/kayfabe-device/src/plane.rs	1347	fb	RS
crates/kayfabe-device/src/plane.rs	1354	fb_len	RS
crates/kayfabe-device/src/plane.rs	1374	now_ns	RS
crates/kayfabe-device/src/plane.rs	1413	new	RS
crates/kayfabe-device/src/plane.rs	1447	with_objects	RS
crates/kayfabe-device/src/plane.rs	1524	chip	RS
crates/kayfabe-device/src/plane.rs	1531	rom	RS
crates/kayfabe-device/src/plane.rs	1539	set_ram	RS
crates/kayfabe-device/src/plane.rs	1559	set_fb	RS
crates/kayfabe-device/src/plane.rs	1580	set_mmu	RS
crates/kayfabe-device/src/plane.rs	1596	set_doorbell	RS
crates/kayfabe-device/src/plane.rs	1610	drain_pt_witness	RS
crates/kayfabe-device/src/plane.rs	1628	requeue_pt_witness	RS
crates/kayfabe-device/src/plane.rs	1648	pt_witness_stats	RS
crates/kayfabe-device/src/plane.rs	1692	pt_bytes	RS
crates/kayfabe-device/src/plane.rs	1705	state_guard_for_test	RS
crates/kayfabe-device/src/plane.rs	1711	doorbell_log	RS
crates/kayfabe-device/src/plane.rs	1721	doorbell_reg	RS
crates/kayfabe-device/src/plane.rs	1730	bar_pdes	RS
crates/kayfabe-device/src/plane.rs	1736	bar_pde_counts	RS
crates/kayfabe-device/src/plane.rs	1755	bar_pde_log	RS
crates/kayfabe-device/src/plane.rs	1770	set_page_dir	RS
crates/kayfabe-device/src/plane.rs	1776	set_page_dir_counts	RS
crates/kayfabe-device/src/plane.rs	1784	set_page_dir_log	RS
crates/kayfabe-device/src/plane.rs	1800	gvas_publications	RS
crates/kayfabe-device/src/plane.rs	1828	resolve_published_va	RS
crates/kayfabe-device/src/plane.rs	1864	read_published_va	RS
crates/kayfabe-device/src/plane.rs	1910	published_walk_trace	RS
crates/kayfabe-device/src/plane.rs	1931	fb_residency	RS
crates/kayfabe-device/src/plane.rs	1938	fb_is_resident	RS
crates/kayfabe-device/src/plane.rs	1947	fb_resident_frames	RS
crates/kayfabe-device/src/plane.rs	1955	fb_page_origin	RS
crates/kayfabe-device/src/plane.rs	1983	fb_peek	RS
crates/kayfabe-device/src/plane.rs	1992	published_root	RS
crates/kayfabe-device/src/plane.rs	2009	root_from_declared_pdb	RS
crates/kayfabe-device/src/plane.rs	2027	resolve_va_from_root	RS
crates/kayfabe-device/src/plane.rs	2044	read_va_from_root	RS
crates/kayfabe-device/src/plane.rs	2078	walk_trace_from_root	RS
crates/kayfabe-device/src/plane.rs	2114	ce_session	RS
crates/kayfabe-device/src/plane.rs	2139	ce_session_with_root	RS
crates/kayfabe-device/src/plane.rs	2160	gvas_pub_log	RS
crates/kayfabe-device/src/plane.rs	2165	set_policy	RS
crates/kayfabe-device/src/plane.rs	2180	counters	RS
crates/kayfabe-device/src/plane.rs	2310	residue	RS
crates/kayfabe-device/src/plane.rs	2405	unserviced_sample	RS
crates/kayfabe-device/src/plane.rs	2417	unserviced_distinct	RS
crates/kayfabe-device/src/plane.rs	2425	control_census	RS
crates/kayfabe-device/src/plane.rs	2438	fault_buffers_registered	RS
crates/kayfabe-device/src/plane.rs	2445	shadow_fault_buffers_registered	RS
crates/kayfabe-device/src/plane.rs	2452	access_cntr_buffers_registered	RS
crates/kayfabe-device/src/plane.rs	2459	fault_buffer_sample	RS
crates/kayfabe-device/src/plane.rs	2470	os_event_log	RS
crates/kayfabe-device/src/plane.rs	2481	unclaimed_sample	RS
crates/kayfabe-device/src/plane.rs	2492	fb_window_sample	RS
crates/kayfabe-device/src/plane.rs	2499	phase	RS
crates/kayfabe-device/src/plane.rs	2518	gsp_state	RS
crates/kayfabe-device/src/plane.rs	2530	device_reset	RS
crates/kayfabe-device/src/plane.rs	2589	read	RS
crates/kayfabe-device/src/plane.rs	3107	write	RS
crates/kayfabe-device/src/setpagedir.rs	248	new	RS
crates/kayfabe-device/src/setpagedir.rs	258	latest	RS
crates/kayfabe-device/src/setpagedir.rs	264	total	RS
crates/kayfabe-device/src/setpagedir.rs	275	refused	RS
crates/kayfabe-device/src/setpagedir.rs	286	valid	RS
crates/kayfabe-device/src/setpagedir.rs	291	publish	RS
crates/kayfabe-device/src/setpagedir.rs	297	refuse	RS
crates/kayfabe-device/src/setpagedir.rs	306	device_reset	RS
crates/kayfabe-device/src/setpagedir.rs	339	why	RS
crates/kayfabe-device/src/setpagedir.rs	365	new	RS
crates/kayfabe-device/src/setpagedir.rs	371	driver	RS
crates/kayfabe-device/src/staticinfo.rs	77	new	RS
crates/kayfabe-device/src/staticinfo.rs	84	with_gid	RS
crates/kayfabe-device/src/staticinfo.rs	128	with_name	RS
crates/kayfabe-device/src/staticinfo.rs	137	gid_for_chip	RS
crates/kayfabe-device/src/staticinfo.rs	160	body	RS
crates/kayfabe-device/src/sticky.rs	241	rmapi_control_is_cacheable	RS
crates/kayfabe-device/src/sticky.rs	263	reply_would_be_cached	RS
crates/kayfabe-device/src/sticky.rs	300	new	RS
crates/kayfabe-device/src/sticky.rs	318	inspected	RS
crates/kayfabe-device/src/sticky.rs	330	rewritten	RS
crates/kayfabe-device/src/sticky.rs	344	neutralised	RS
crates/kayfabe-device/src/sticky.rs	351	malformed	RS
crates/kayfabe-device/src/sweep.rs	137	must_be_served	RS
crates/kayfabe-device/src/sweep.rs	900	triage_for	RS
crates/kayfabe-device/src/sweep.rs	913	must_serve_and_unserved	RS
crates/kayfabe-device/src/unserviced.rs	216	new	RS
crates/kayfabe-device/src/unserviced.rs	223	total	RS
crates/kayfabe-device/src/unserviced.rs	245	distinct	RS
crates/kayfabe-device/src/unserviced.rs	255	truncated	RS
crates/kayfabe-device/src/unserviced.rs	261	sample	RS
crates/kayfabe-device/src/unserviced.rs	272	note	RS
crates/kayfabe-device/src/unserviced.rs	303	new	RS
crates/kayfabe-fwd/src/lib.rs	1124	checkout	RS
crates/kayfabe-fwd/src/lib.rs	1207	checkout_and_drain	RS
crates/kayfabe-fwd/src/lib.rs	1244	checkin	RS
crates/kayfabe-fwd/src/lib.rs	1328	dispose_on	RS
crates/kayfabe-fwd/src/lib.rs	1362	verb_fault	RS
crates/kayfabe-fwd/src/lib.rs	1407	publish_backing	RS
crates/kayfabe-fwd/src/lib.rs	1472	pin_guest_ram	RS
crates/kayfabe-fwd/src/lib.rs	1501	plan_pin_guest_ram	RS
crates/kayfabe-fwd/src/lib.rs	1582	commit_pin_guest_ram	RS
crates/kayfabe-fwd/src/lib.rs	1714	plan_publish	RS
crates/kayfabe-fwd/src/lib.rs	1792	commit_publish	RS
crates/kayfabe-fwd/src/lib.rs	2035	back_fb_leaf	RS
crates/kayfabe-fwd/src/lib.rs	2053	plan_back_fb_leaf	RS
crates/kayfabe-fwd/src/lib.rs	2148	commit_back_fb_leaf	RS
crates/kayfabe-fwd/src/lib.rs	2391	unpublish_backing	RS
crates/kayfabe-fwd/src/lib.rs	2449	route_pdb	RS
crates/kayfabe-fwd/src/lib.rs	2465	resolve_in	RS
crates/kayfabe-fwd/src/lib.rs	2480	resolve	RS
crates/kayfabe-fwd/src/lib.rs	2675	route_doorbell	RS
crates/kayfabe-fwd/src/lib.rs	2721	exec_doorbell	RS
crates/kayfabe-fwd/src/lib.rs	2764	plan_doorbell	RS
crates/kayfabe-fwd/src/lib.rs	2883	commit_doorbell	RS
crates/kayfabe-fwd/src/lib.rs	3015	handle_doorbell	RS
crates/kayfabe-fwd/src/lib.rs	3032	deliver_completions	RS
crates/kayfabe-fwd/src/lib.rs	3045	poll_completions	RS
crates/kayfabe-fwd/src/lib.rs	3153	route_engine_object_by_parent	RS
crates/kayfabe-fwd/src/lib.rs	3214	route_engine_object	RS
crates/kayfabe-fwd/src/lib.rs	3249	exec_engine_object	RS
crates/kayfabe-fwd/src/lib.rs	3294	plan_engine_object	RS
crates/kayfabe-fwd/src/lib.rs	3361	commit_engine_object	RS
crates/kayfabe-fwd/src/lib.rs	3467	forward_engine_object	RS
crates/kayfabe-fwd/src/lib.rs	3488	forward_engine_object_by_parent	RS
crates/kayfabe-fwd/src/lib.rs	3506	classify_control	RS
crates/kayfabe-fwd/src/lib.rs	3522	forward_control	RS
crates/kayfabe-fwd/src/lib.rs	3550	plan_control	RS
crates/kayfabe-fwd/src/lib.rs	3592	commit_control	RS
crates/kayfabe-fwd/src/lib.rs	3622	route_control	RS
crates/kayfabe-fwd/src/lib.rs	3650	signal_golden_capture	RS
crates/kayfabe-fwd/src/lib.rs	3732	of	RS
crates/kayfabe-fwd/src/lib.rs	3759	ce_executor_c	RS
crates/kayfabe-fwd/src/lib.rs	3962	pushbuffer_ranges	RS
crates/kayfabe-fwd/src/lib.rs	4042	read_pushbuffer	RS
crates/kayfabe-fwd/src/lib.rs	4112	gpfifo_live_entries	RS
crates/kayfabe-fwd/src/lib.rs	4305	tag	RS
crates/kayfabe-fwd/src/lib.rs	4353	read_gpfifo_ring	RS
crates/kayfabe-fwd/src/lib.rs	4396	plan_gpfifo_ring	RS
crates/kayfabe-fwd/src/lib.rs	4475	fetch_ring_bytes	RS
crates/kayfabe-fwd/src/lib.rs	4762	executor	RS
crates/kayfabe-fwd/src/lib.rs	5071	new	RS
crates/kayfabe-fwd/src/lib.rs	5210	partition_ce	RS
crates/kayfabe-fwd/src/lib.rs	5364	plan_ce_split	RS
crates/kayfabe-fwd/src/lib.rs	5405	reached_hardware	RS
crates/kayfabe-fwd/src/lib.rs	5455	plan_ce	RS
crates/kayfabe-fwd/src/lib.rs	5533	commit_ce	RS
crates/kayfabe-fwd/src/lib.rs	5581	exec_ce	RS
crates/kayfabe-fwd/src/lib.rs	5598	apply_pushbuffer	RS
crates/kayfabe-fwd/src/lib.rs	5789	parse_pushbuffer	RS
crates/kayfabe-fwd/src/lib.rs	5821	submit_ring	RS
crates/kayfabe-fwd/src/lib.rs	5845	latch_pt_writes	RS
crates/kayfabe-fwd/src/lib.rs	5896	gate_working_set	RS
crates/kayfabe-fwd/src/lib.rs	5914	gate_working_set_in	RS
crates/kayfabe-fwd/src/lib.rs	5954	completion_arm	RS
crates/kayfabe-fwd/src/lib.rs	5975	arm_fence	RS
crates/kayfabe-fwd/src/lib.rs	5990	arm_fence_in	RS
crates/kayfabe-fwd/src/lib.rs	6023	fence_observed	RS
crates/kayfabe-fwd/src/lib.rs	6037	fence_observed_in	RS
crates/kayfabe-fwd/src/lib.rs	6064	present_scanout	RS
crates/kayfabe-fwd/src/lib.rs	6077	present_scanout_in	RS
crates/kayfabe-fwd/src/lib.rs	6142	fault_facts	RS
crates/kayfabe-fwd/src/ptdecode.rs	114	new	RS
crates/kayfabe-fwd/src/ptdecode.rs	126	transport_error	RS
crates/kayfabe-fwd/src/ptdecode.rs	134	reads	RS
crates/kayfabe-fwd/src/ptdecode.rs	140	misses	RS
crates/kayfabe-fwd/src/ptdecode.rs	325	is_clean	RS
crates/kayfabe-fwd/src/ptdecode.rs	344	plan_pt_decode	RS
crates/kayfabe-fwd/src/ptdecode.rs	389	run_pt_decode	RS
crates/kayfabe-fwd/src/ptdecode.rs	421	commit_pt_decode	RS
crates/kayfabe-fwd/src/ptdecode.rs	520	pt_meta_of	RS
crates/kayfabe-gsp/src/boot.rs	182	geometry	RS
crates/kayfabe-gsp/src/boot.rs	188	status_cursor	RS
crates/kayfabe-gsp/src/boot.rs	194	command_cursor	RS
crates/kayfabe-gsp/src/boot.rs	537	new	RS
crates/kayfabe-gsp/src/boot.rs	543	len	RS
crates/kayfabe-gsp/src/boot.rs	549	is_empty	RS
crates/kayfabe-gsp/src/boot.rs	686	new	RS
crates/kayfabe-gsp/src/boot.rs	708	phase	RS
crates/kayfabe-gsp/src/boot.rs	714	queue	RS
crates/kayfabe-gsp/src/boot.rs	726	command_seq	RS
crates/kayfabe-gsp/src/boot.rs	733	observe	RS
crates/kayfabe-gsp/src/boot.rs	751	device_reset	RS
crates/kayfabe-gsp/src/boot.rs	765	mmio_read	RS
crates/kayfabe-gsp/src/boot.rs	790	mmio_read_with	RS
crates/kayfabe-gsp/src/boot.rs	828	mmio_write	RS
crates/kayfabe-gsp/src/boot.rs	850	mmio_write_with	RS
crates/kayfabe-gsp/src/boot.rs	1243	service_command_queue	RS
crates/kayfabe-gsp/src/boot.rs	1577	post	RS
crates/kayfabe-gsp/src/boot.rs	1648	post_event	RS
crates/kayfabe-gsp/src/boot.rs	1694	deliver_events	RS
crates/kayfabe-gsp/src/element.rs	142	new	RS
crates/kayfabe-gsp/src/element.rs	191	hdr_size	RS
crates/kayfabe-gsp/src/element.rs	197	checksum_off	RS
crates/kayfabe-gsp/src/element.rs	203	seqnum_off	RS
crates/kayfabe-gsp/src/element.rs	215	elem_count_off	RS
crates/kayfabe-gsp/src/element.rs	221	transport	RS
crates/kayfabe-gsp/src/element.rs	231	bytes_to_elements	RS
crates/kayfabe-gsp/src/element.rs	258	max_elements	RS
crates/kayfabe-gsp/src/element.rs	272	checksum32	RS
crates/kayfabe-gsp/src/element.rs	322	new	RS
crates/kayfabe-gsp/src/element.rs	349	rpc_length	RS
crates/kayfabe-gsp/src/element.rs	355	msg_len	RS
crates/kayfabe-gsp/src/element.rs	361	elements	RS
crates/kayfabe-gsp/src/element.rs	368	element_size_min	RS
crates/kayfabe-gsp/src/element.rs	453	encode_message	RS
crates/kayfabe-gsp/src/element.rs	582	peek_len	RS
crates/kayfabe-gsp/src/element.rs	624	peek_elem_count	RS
crates/kayfabe-gsp/src/element.rs	650	decode_message	RS
crates/kayfabe-gsp/src/fault.rs	98	code	RS
crates/kayfabe-gsp/src/ram.rs	97	load	RS
crates/kayfabe-gsp/src/ram.rs	163	from_pages	RS
crates/kayfabe-gsp/src/ram.rs	187	len	RS
crates/kayfabe-gsp/src/ram.rs	193	is_empty	RS
crates/kayfabe-gsp/src/ram.rs	205	runs	RS
crates/kayfabe-gsp/src/ram.rs	240	read	RS
crates/kayfabe-gsp/src/ram.rs	259	write	RS
crates/kayfabe-gsp/src/ram.rs	273	read_u32	RS
crates/kayfabe-gsp/src/ram.rs	284	write_u32	RS
crates/kayfabe-gsp/src/replay.rs	120	kind	RS
crates/kayfabe-gsp/src/replay.rs	142	new	RS
crates/kayfabe-gsp/src/replay.rs	147	push	RS
crates/kayfabe-gsp/src/replay.rs	153	items	RS
crates/kayfabe-gsp/src/replay.rs	159	count	RS
crates/kayfabe-gsp/src/replay.rs	165	refusals	RS
crates/kayfabe-gsp/src/replay.rs	178	unseen_kinds	RS
crates/kayfabe-gsp/src/replay.rs	216	new	RS
crates/kayfabe-gsp/src/replay.rs	246	classify	RS
crates/kayfabe-gsp/src/replay.rs	313	digest	RS
crates/kayfabe-gsp/src/replay.rs	342	new	RS
crates/kayfabe-gsp/src/replay.rs	354	with_projection	RS
crates/kayfabe-gsp/src/replay.rs	360	refused	RS
crates/kayfabe-gsp/src/ring.rs	95	new	RS
crates/kayfabe-gsp/src/ring.rs	103	get	RS
crates/kayfabe-gsp/src/ring.rs	109	slot	RS
crates/kayfabe-gsp/src/ring.rs	121	index	RS
crates/kayfabe-gsp/src/ring.rs	163	decode	RS
crates/kayfabe-gsp/src/ring.rs	189	encode	RS
crates/kayfabe-gsp/src/ring.rs	233	rx_link_check	RS
crates/kayfabe-gsp/src/ring.rs	288	free_elements	RS
crates/kayfabe-gsp/src/ring.rs	328	available_elements	RS
crates/kayfabe-gsp/src/ring.rs	385	fresh	RS
crates/kayfabe-gsp/src/ring.rs	431	bind	RS
crates/kayfabe-gsp/src/ring.rs	492	published_header	RS
crates/kayfabe-gsp/src/ring.rs	498	msg_count	RS
crates/kayfabe-gsp/src/ring.rs	512	element_size	RS
crates/kayfabe-gsp/src/ring.rs	518	region	RS
crates/kayfabe-gsp/src/ring.rs	524	cmd_write_ptr_off	RS
crates/kayfabe-gsp/src/ring.rs	530	stat_write_ptr_off	RS
crates/kayfabe-gsp/src/ring.rs	540	peer_stat_read_ptr_off	RS
crates/kayfabe-gsp/src/ring.rs	551	cmd_read_ptr_ack_off	RS
crates/kayfabe-gsp/src/ring.rs	557	cmd_element_off	RS
crates/kayfabe-gsp/src/ring.rs	565	stat_element_off	RS
crates/kayfabe-gsp/src/rpc.rs	197	validated	RS
crates/kayfabe-gsp/src/rpc.rs	211	classify	RS
crates/kayfabe-gsp/src/rpc.rs	316	disposition	RS
crates/kayfabe-gsp/src/rpc.rs	353	allowed_in_bootup_window	RS
crates/kayfabe-gsp/src/rpc.rs	435	from_incoming	RS
crates/kayfabe-gsp/src/rpc.rs	456	wire_body	RS
crates/kayfabe-gsp/src/rpc.rs	472	reply	RS
crates/kayfabe-gsp/src/rpc.rs	611	reply_alloc	RS
crates/kayfabe-gsp/src/rpc.rs	650	ack	RS
crates/kayfabe-gsp/src/seq.rs	77	new	RS
crates/kayfabe-isolate-host/src/child.rs	87	parse	RS
crates/kayfabe-isolate-host/src/child.rs	129	isolate	RS
crates/kayfabe-isolate-host/src/child.rs	148	serve	RS
crates/kayfabe-isolate-host/src/export.rs	55	new	RS
crates/kayfabe-isolate-host/src/export.rs	74	mint	RS
crates/kayfabe-isolate-host/src/export.rs	90	lend	RS
crates/kayfabe-isolate-host/src/export.rs	101	len	RS
crates/kayfabe-isolate-host/src/export.rs	110	is_empty	RS
crates/kayfabe-isolate-host/src/export.rs	127	new	RS
crates/kayfabe-isolate-host/src/export.rs	147	adopt	RS
crates/kayfabe-isolate-host/src/export.rs	162	dup	RS
crates/kayfabe-isolate-host/src/export.rs	183	kind	RS
crates/kayfabe-isolate-host/src/export.rs	193	origin	RS
crates/kayfabe-isolate-host/src/export.rs	203	len	RS
crates/kayfabe-isolate-host/src/export.rs	209	is_empty	RS
crates/kayfabe-isolate-host/src/fdcross.rs	97	adopt	RS
crates/kayfabe-isolate-host/src/fdcross.rs	112	origin	RS
crates/kayfabe-isolate-host/src/fdcross.rs	119	kind	RS
crates/kayfabe-isolate-host/src/fdcross.rs	138	lend_to	RS
crates/kayfabe-isolate-host/src/fdcross.rs	154	as_local_fd	RS
crates/kayfabe-isolate-host/src/fdcross.rs	162	into_owned	RS
crates/kayfabe-isolate-host/src/fdcross.rs	226	write_frame_with_fds	RS
crates/kayfabe-isolate-host/src/fdcross.rs	260	read_frame_with_fds	RS
crates/kayfabe-isolate-host/src/guestram.rs	88	new	RS
crates/kayfabe-isolate-host/src/guestram.rs	100	bytes	RS
crates/kayfabe-isolate-host/src/guestram.rs	125	honour	RS
crates/kayfabe-isolate-host/src/guestram.rs	182	release	RS
crates/kayfabe-isolate-host/src/guestram.rs	205	with_region	RS
crates/kayfabe-isolate-host/src/guestram.rs	217	live_mappings	RS
crates/kayfabe-isolate-host/src/isolate.rs	83	embedded_isolate_bytes	RS
crates/kayfabe-isolate-host/src/isolate.rs	187	parse	RS
crates/kayfabe-isolate-host/src/isolate.rs	250	decode_control	RS
crates/kayfabe-isolate-host/src/isolate.rs	783	wait_for_park	RS
crates/kayfabe-isolate-host/src/isolate.rs	838	spawn_error	RS
crates/kayfabe-isolate-host/src/isolate.rs	844	child_pid	RS
crates/kayfabe-isolate-host/src/isolate.rs	874	exports	RS
crates/kayfabe-isolate-host/src/isolate.rs	1055	new	RS
crates/kayfabe-isolate-host/src/isolate.rs	1078	with_guest_ram	RS
crates/kayfabe-isolate-host/src/isolate.rs	1088	spawned	RS
crates/kayfabe-isolate-host/src/isolate.rs	1099	with_park	RS
crates/kayfabe-isolate-host/src/isolate.rs	1109	with_pool_size	RS
crates/kayfabe-isolate-host/src/isolate.rs	1121	is_embedded	RS
crates/kayfabe-isolate-host/src/isolate.rs	1129	embedded	RS
crates/kayfabe-isolate-host/src/isolate.rs	1141	spawn_host	RS
crates/kayfabe-isolate-host/src/loopback.rs	63	parse	RS
crates/kayfabe-isolate-host/src/loopback.rs	73	as_arg	RS
crates/kayfabe-isolate-host/src/loopback.rs	118	new	RS
crates/kayfabe-isolate-host/src/loopback.rs	160	new	RS
crates/kayfabe-isolate-host/src/loopback.rs	177	with_guest_ram	RS
crates/kayfabe-isolate-host/src/proto.rs	357	into_rm_error	RS
crates/kayfabe-isolate-host/src/proto.rs	389	prot_code	RS
crates/kayfabe-isolate-host/src/proto.rs	399	prot_from_code	RS
crates/kayfabe-isolate-host/src/proto.rs	413	engine_code	RS
crates/kayfabe-isolate-host/src/proto.rs	429	engine_from_code	RS
crates/kayfabe-isolate-host/src/proto.rs	554	encode	RS
crates/kayfabe-isolate-host/src/proto.rs	700	decode	RS
crates/kayfabe-isolate-host/src/proto.rs	814	encode	RS
crates/kayfabe-isolate-host/src/proto.rs	879	decode	RS
crates/kayfabe-isolate-host/src/proto.rs	931	write_frame	RS
crates/kayfabe-isolate-host/src/proto.rs	956	read_frame	RS
crates/kayfabe-isolate-host/src/rm.rs	905	open	RS
crates/kayfabe-isolate-host/src/rm.rs	1115	host_ptimer_via_usermode	RS
crates/kayfabe-isolate-host/src/rm.rs	1170	alloc_timer_object	RS
crates/kayfabe-isolate-host/src/rm.rs	1191	map_object_uncached	RS
crates/kayfabe-isolate-host/src/rm.rs	1205	ptimer_page_read	RS
crates/kayfabe-isolate-host/src/rm.rs	1219	timer_register_offset	RS
crates/kayfabe-isolate-host/src/rm.rs	1229	driver_version	RS
crates/kayfabe-isolate-host/src/rm.rs	1235	client	RS
crates/kayfabe-isolate-host/src/rm.rs	1241	subdevice	RS
crates/kayfabe-isolate-host/src/rm.rs	2207	new	RS
crates/kayfabe-isolate-host/src/rm.rs	2217	latest	RS
crates/kayfabe-isolate-host/src/rm.rs	2458	placed_as_asked	RS
crates/kayfabe-isolate-host/src/rm.rs	2464	window_is_the_granted_one	RS
crates/kayfabe-isolate-host/src/rm.rs	2520	placed_as_asked	RS
crates/kayfabe-isolate-host/src/rm.rs	2530	compared_everything	RS
crates/kayfabe-isolate-host/src/rm.rs	2545	reached	RS
crates/kayfabe-isolate-host/src/rm.rs	2625	placed_as_asked	RS
crates/kayfabe-isolate-host/src/rm.rs	2635	joined	RS
crates/kayfabe-isolate-host/src/rm.rs	2641	fwd_compared_everything	RS
crates/kayfabe-isolate-host/src/rm.rs	2647	rev_compared_everything	RS
crates/kayfabe-isolate-host/src/rm.rs	2656	forward_reached	RS
crates/kayfabe-isolate-host/src/rm.rs	2674	reverse_reached	RS
crates/kayfabe-isolate-host/src/rm.rs	2760	placed_as_asked	RS
crates/kayfabe-isolate-host/src/rm.rs	2766	adopted_the_guests_numbers	RS
crates/kayfabe-isolate-host/src/rm.rs	2772	mapped_only_userd	RS
crates/kayfabe-isolate-host/src/rm.rs	2785	copied	RS
crates/kayfabe-isolate-host/src/rm.rs	2800	landed	RS
crates/kayfabe-isolate-host/src/rm.rs	2808	new	RS
crates/kayfabe-isolate-host/src/rm.rs	2822	with_guest_ram	RS
crates/kayfabe-isolate-host/src/rm.rs	2830	with_ce_witness	RS
crates/kayfabe-isolate-host/src/rm.rs	2859	alloc_probe_local	RS
crates/kayfabe-isolate-host/src/rm.rs	2880	fill_words	RS
crates/kayfabe-isolate-host/src/rm.rs	2913	read_words_independently	RS
crates/kayfabe-isolate-host/src/rm.rs	3741	alloc_channel_on	RS
crates/kayfabe-isolate-host/src/rm.rs	3793	alloc_channel_at	RS
crates/kayfabe-isolate-host/src/rm.rs	3824	alloc_channel_over_guest_ring	RS
crates/kayfabe-isolate-host/src/rm.rs	4176	userd_cursors	RS
crates/kayfabe-isolate-host/src/rm.rs	4208	ring_store_u32	RS
crates/kayfabe-isolate-host/src/rm.rs	4225	ring_load_u32	RS
crates/kayfabe-isolate-host/src/rm.rs	4250	cpu_map_calls	RS
crates/kayfabe-isolate-host/src/rm.rs	4263	channel_ring_layout	RS
crates/kayfabe-isolate-host/src/rm.rs	4309	submit_semaphore_probe	RS
crates/kayfabe-isolate-host/src/rm.rs	4452	ce_copy_outcome	RS
crates/kayfabe-isolate-host/src/rm.rs	4622	channel_ring_va	RS
crates/kayfabe-isolate-host/src/rm.rs	4648	ce_control_placement	RS
crates/kayfabe-isolate-host/src/rm.rs	4685	probe_va	RS
crates/kayfabe-isolate-host/src/rm.rs	4743	probe_guest_reachability	RS
crates/kayfabe-isolate-host/src/rm.rs	4973	prove_ring_is_device_memory	RS
crates/kayfabe-isolate-host/src/rm.rs	5026	prove_ce_copy	RS
crates/kayfabe-isolate-host/src/rm.rs	5151	prove_guest_ram_pin	RS
crates/kayfabe-isolate-host/src/rm.rs	5332	prove_guest_ring_channel	RS
crates/kayfabe-isolate-host/src/rm.rs	5480	prove_os_descriptor	RS
crates/kayfabe-isolate-host/src/rm.rs	5691	prove_fb_memfd_join	RS
crates/kayfabe-isolate/src/lib.rs	159	new	RS
crates/kayfabe-isolate/src/lib.rs	165	isolate	RS
crates/kayfabe-isolate/src/lib.rs	171	raw	RS
crates/kayfabe-isolate/src/lib.rs	184	belongs_to	RS
crates/kayfabe-isolate/src/lib.rs	431	originated_by_the_vmm	RS
crates/kayfabe-isolate/src/lib.rs	437	offset	RS
crates/kayfabe-isolate/src/lib.rs	443	len	RS
crates/kayfabe-isolate/src/lib.rs	455	prot	RS
crates/kayfabe-isolate/src/lib.rs	461	is_empty	RS
crates/kayfabe-isolate/src/lib.rs	1013	new	RS
crates/kayfabe-isolate/src/lib.rs	1019	proc	RS
crates/kayfabe-isolate/src/lib.rs	1025	gpu	RS
crates/kayfabe-isolate/src/lib.rs	1202	new	RS
crates/kayfabe-isolate/src/lib.rs	1218	isolate	RS
crates/kayfabe-isolate/src/lib.rs	1224	worker	RS
crates/kayfabe-isolate/src/lib.rs	1230	txn	RS
crates/kayfabe-isolate/src/lib.rs	1238	request	RS
crates/kayfabe-isolate/src/lib.rs	1245	abandon	RS
crates/kayfabe-isolate/src/lib.rs	1283	isolate	RS
crates/kayfabe-isolate/src/lib.rs	1289	worker	RS
crates/kayfabe-isolate/src/lib.rs	1296	txn	RS
crates/kayfabe-isolate/src/lib.rs	1302	reason	RS
crates/kayfabe-isolate/src/lib.rs	1311	is_abandon	RS
crates/kayfabe-isolate/src/lib.rs	1323	discharge	RS
crates/kayfabe-isolate/src/lib.rs	1346	new	RS
crates/kayfabe-isolate/src/lib.rs	1351	push	RS
crates/kayfabe-isolate/src/lib.rs	1357	absorb	RS
crates/kayfabe-isolate/src/lib.rs	1362	requests	RS
crates/kayfabe-isolate/src/lib.rs	1372	discharge_all	RS
crates/kayfabe-isolate/src/lib.rs	1700	gated_doorbell	RS
crates/kayfabe-isolate/src/lib.rs	1727	handles	RS
crates/kayfabe-isolate/src/lib.rs	1863	is_empty	RS
crates/kayfabe-isolate/src/lib.rs	1869	release_plan	RS
crates/kayfabe-isolate/src/lib.rs	1948	bare	RS
crates/kayfabe-isolate/src/lib.rs	2009	new	RS
crates/kayfabe-isolate/src/lib.rs	2022	with_cancel	RS
crates/kayfabe-isolate/src/lib.rs	2040	begin_txn	RS
crates/kayfabe-isolate/src/lib.rs	2046	txn	RS
crates/kayfabe-isolate/src/lib.rs	2057	cancel_observed	RS
crates/kayfabe-isolate/src/lib.rs	2063	id	RS
crates/kayfabe-isolate/src/lib.rs	2069	isolate	RS
crates/kayfabe-isolate/src/lib.rs	2099	fb_read	RS
crates/kayfabe-isolate/src/lib.rs	2127	export_backing	RS
crates/kayfabe-isolate/src/lib.rs	2158	map_guest_ram	RS
crates/kayfabe-isolate/src/lib.rs	2178	unmap_guest_ram	RS
crates/kayfabe-isolate/src/lib.rs	2209	execute	RS
crates/kayfabe-isolate/src/lib.rs	2583	with_rm	RS
crates/kayfabe-isolate/src/lib.rs	2863	as_str	RS
crates/kayfabe-isolate/src/lib.rs	2914	observe	RS
crates/kayfabe-isolate/src/lib.rs	2926	observe_refusal	RS
crates/kayfabe-isolate/src/lib.rs	2944	refusing	RS
crates/kayfabe-isolate/src/lib.rs	2998	new	RS
crates/kayfabe-isolate/src/lib.rs	3129	new	RS
crates/kayfabe-isolate/src/lib.rs	3141	spawned	RS
crates/kayfabe-isolate/src/lib.rs	3148	why	RS
crates/kayfabe-isolate/src/lib.rs	3173	why	RS
crates/kayfabe-linux-raw/src/bounds.rs	39	new	RS
crates/kayfabe-linux-raw/src/bounds.rs	45	get	RS
crates/kayfabe-linux-raw/src/bounds.rs	53	checked_add	RS
crates/kayfabe-linux-raw/src/cache.rs	231	as_str	RS
crates/kayfabe-linux-raw/src/chardev_unsafe.rs	119	try_clone	RS
crates/kayfabe-linux-raw/src/chardev_unsafe.rs	134	open	RS
crates/kayfabe-linux-raw/src/chardev_unsafe.rs	157	from_fd	RS
crates/kayfabe-linux-raw/src/chardev_unsafe.rs	163	as_fd	RS
crates/kayfabe-linux-raw/src/chardev_unsafe.rs	187	can_reach	RS
crates/kayfabe-linux-raw/src/chardev_unsafe.rs	250	new	RS
crates/kayfabe-linux-raw/src/chardev_unsafe.rs	270	describing	RS
crates/kayfabe-linux-raw/src/chardev_unsafe.rs	296	at	RS
crates/kayfabe-linux-raw/src/chardev_unsafe.rs	306	len	RS
crates/kayfabe-linux-raw/src/chardev_unsafe.rs	316	is_empty	RS
crates/kayfabe-linux-raw/src/chardev_unsafe.rs	345	openat	RS
crates/kayfabe-linux-raw/src/chardev_unsafe.rs	385	adopt	RS
crates/kayfabe-linux-raw/src/chardev_unsafe.rs	397	fd_number	RS
crates/kayfabe-linux-raw/src/chardev_unsafe.rs	403	as_fd	RS
crates/kayfabe-linux-raw/src/chardev_unsafe.rs	433	ioctl	RS
crates/kayfabe-linux-raw/src/epoll_unsafe.rs	88	new	RS
crates/kayfabe-linux-raw/src/epoll_unsafe.rs	94	len	RS
crates/kayfabe-linux-raw/src/epoll_unsafe.rs	100	is_empty	RS
crates/kayfabe-linux-raw/src/epoll_unsafe.rs	105	iter	RS
crates/kayfabe-linux-raw/src/epoll_unsafe.rs	124	create	RS
crates/kayfabe-linux-raw/src/epoll_unsafe.rs	148	watch	RS
crates/kayfabe-linux-raw/src/epoll_unsafe.rs	170	unwatch	RS
crates/kayfabe-linux-raw/src/epoll_unsafe.rs	189	wait	RS
crates/kayfabe-linux-raw/src/error.rs	237	is_interrupted	RS
crates/kayfabe-linux-raw/src/geometry.rs	19	align_down	RS
crates/kayfabe-linux-raw/src/geometry.rs	31	align_up	RS
crates/kayfabe-linux-raw/src/geometry.rs	43	is_aligned	RS
crates/kayfabe-linux-raw/src/geometry.rs	51	require_aligned	RS
crates/kayfabe-linux-raw/src/geometry.rs	73	pages_spanned	RS
crates/kayfabe-linux-raw/src/geometry.rs	101	round_out	RS
crates/kayfabe-linux-raw/src/geometry.rs	137	validate_gpa_window	RS
crates/kayfabe-linux-raw/src/host_fd_unsafe.rs	81	create	RS
crates/kayfabe-linux-raw/src/host_fd_unsafe.rs	110	create_named	RS
crates/kayfabe-linux-raw/src/host_fd_unsafe.rs	156	len_bytes	RS
crates/kayfabe-linux-raw/src/host_fd_unsafe.rs	162	as_backing_fd	RS
crates/kayfabe-linux-raw/src/host_fd_unsafe.rs	177	dup_for_export	RS
crates/kayfabe-linux-raw/src/host_fd_unsafe.rs	206	descriptor_budget	RS
crates/kayfabe-linux-raw/src/host_fd_unsafe.rs	246	create	RS
crates/kayfabe-linux-raw/src/host_fd_unsafe.rs	261	as_source_fd	RS
crates/kayfabe-linux-raw/src/host_fd_unsafe.rs	289	signal_under_lock	RS
crates/kayfabe-linux-raw/src/host_fd_unsafe.rs	319	signal	RS
crates/kayfabe-linux-raw/src/host_fd_unsafe.rs	333	drain	RS
crates/kayfabe-linux-raw/src/ioctl.rs	59	declared_size	RS
crates/kayfabe-linux-raw/src/ioctl.rs	82	readwrite	RS
crates/kayfabe-linux-raw/src/ioctl.rs	90	read	RS
crates/kayfabe-linux-raw/src/ioctl.rs	98	write	RS
crates/kayfabe-linux-raw/src/ioctl.rs	104	none	RS
crates/kayfabe-linux-raw/src/kvm_gate.rs	72	kvm_available	RS
crates/kayfabe-linux-raw/src/kvm_gate.rs	92	report	RS
crates/kayfabe-linux-raw/src/kvm_unsafe.rs	127	open	RS
crates/kayfabe-linux-raw/src/kvm_unsafe.rs	172	create_vm	RS
crates/kayfabe-linux-raw/src/kvm_unsafe.rs	206	adopt	RS
crates/kayfabe-linux-raw/src/kvm_unsafe.rs	220	try_clone_descriptor	RS
crates/kayfabe-linux-raw/src/kvm_unsafe.rs	270	discover_in_this_process	RS
crates/kayfabe-linux-raw/src/kvm_unsafe.rs	401	max_memslots	RS
crates/kayfabe-linux-raw/src/kvm_unsafe.rs	446	set_memslot	RS
crates/kayfabe-linux-raw/src/kvm_unsafe.rs	474	clear_memslot	RS
crates/kayfabe-linux-raw/src/kvm_unsafe.rs	511	install	RS
crates/kayfabe-linux-raw/src/kvm_unsafe.rs	532	len_bytes	RS
crates/kayfabe-linux-raw/src/kvm_unsafe.rs	538	gpa	RS
crates/kayfabe-linux-raw/src/kvm_unsafe.rs	544	slot	RS
crates/kayfabe-linux-raw/src/kvm_unsafe.rs	550	window	RS
crates/kayfabe-linux-raw/src/mapping_unsafe.rs	163	attainable_cache_policy	RS
crates/kayfabe-linux-raw/src/mapping_unsafe.rs	427	map	RS
crates/kayfabe-linux-raw/src/mapping_unsafe.rs	446	cache_policy	RS
crates/kayfabe-linux-raw/src/mapping_unsafe.rs	453	len_bytes	RS
crates/kayfabe-linux-raw/src/mapping_unsafe.rs	462	read_into	RS
crates/kayfabe-linux-raw/src/mapping_unsafe.rs	491	write_from	RS
crates/kayfabe-linux-raw/src/mapping_unsafe.rs	522	slice	RS
crates/kayfabe-linux-raw/src/mapping_unsafe.rs	593	release_fence	RS
crates/kayfabe-linux-raw/src/mapping_unsafe.rs	699	map	RS
crates/kayfabe-linux-raw/src/mapping_unsafe.rs	719	cache_policy	RS
crates/kayfabe-linux-raw/src/mapping_unsafe.rs	725	len_bytes	RS
crates/kayfabe-linux-raw/src/mapping_unsafe.rs	765	load_u32	RS
crates/kayfabe-linux-raw/src/mapping_unsafe.rs	776	store_u32	RS
crates/kayfabe-linux-raw/src/mapping_unsafe.rs	787	load_u64	RS
crates/kayfabe-linux-raw/src/mapping_unsafe.rs	795	store_u64	RS
crates/kayfabe-linux-raw/src/mapping_unsafe.rs	870	new	RS
crates/kayfabe-linux-raw/src/mapping_unsafe.rs	888	len_bytes	RS
crates/kayfabe-linux-raw/src/mapping_unsafe.rs	910	map_fixed_in	RS
crates/kayfabe-linux-raw/src/mapping_unsafe.rs	1025	placement	RS
crates/kayfabe-linux-raw/src/memtype.rs	166	as_str	RS
crates/kayfabe-linux-raw/src/memtype.rs	180	parse	RS
crates/kayfabe-linux-raw/src/memtype.rs	200	as_cache_policy	RS
crates/kayfabe-linux-raw/src/memtype.rs	240	write_back_attainable	RS
crates/kayfabe-linux-raw/src/memtype.rs	257	classify_physical	RS
crates/kayfabe-linux-raw/src/memtype.rs	351	recorded_memtype	RS
crates/kayfabe-linux-raw/src/memtype.rs	421	holds	RS
crates/kayfabe-linux-raw/src/memtype.rs	444	effective_memtype	RS
crates/kayfabe-linux-raw/src/memtype.rs	483	require_effective	RS
crates/kayfabe-linux-raw/src/memtype.rs	652	from_pair	RS
crates/kayfabe-linux-raw/src/memtype.rs	662	spread	RS
crates/kayfabe-linux-raw/src/memtype.rs	674	is_stable	RS
crates/kayfabe-linux-raw/src/memtype.rs	685	ns_per_read	RS
crates/kayfabe-linux-raw/src/memtype.rs	703	measure	RS
crates/kayfabe-linux-raw/src/memtype.rs	725	measure_over	RS
crates/kayfabe-linux-raw/src/memtype.rs	746	ratio_against	RS
crates/kayfabe-linux-raw/src/memtype.rs	761	against	RS
crates/kayfabe-linux-raw/src/page_size.rs	86	query	RS
crates/kayfabe-linux-raw/src/page_size.rs	107	forced	RS
crates/kayfabe-linux-raw/src/page_size.rs	113	bytes	RS
crates/kayfabe-linux-raw/src/page_size.rs	120	mask	RS
crates/kayfabe-linux-raw/src/procfd.rs	114	name	RS
crates/kayfabe-linux-raw/src/procfd.rs	120	bytes	RS
crates/kayfabe-linux-raw/src/procfd.rs	126	shared_mapped	RS
crates/kayfabe-linux-raw/src/procfd.rs	132	listed_as	RS
crates/kayfabe-linux-raw/src/procfd.rs	138	inode	RS
crates/kayfabe-linux-raw/src/procfd.rs	145	dev	RS
crates/kayfabe-linux-raw/src/procfd.rs	155	into_descriptor	RS
crates/kayfabe-linux-raw/src/procfd.rs	192	take_of_this_process	RS
crates/kayfabe-linux-raw/src/procfd.rs	302	seen	RS
crates/kayfabe-linux-raw/src/procfd.rs	311	the_only_shared_memfd_named	RS
crates/kayfabe-linux-raw/src/sandbox_unsafe.rs	185	empty	RS
crates/kayfabe-linux-raw/src/sandbox_unsafe.rs	191	required	RS
crates/kayfabe-linux-raw/src/sandbox_unsafe.rs	204	optional	RS
crates/kayfabe-linux-raw/src/sandbox_unsafe.rs	215	names	RS
crates/kayfabe-linux-raw/src/sandbox_unsafe.rs	226	for_gpu	RS
crates/kayfabe-linux-raw/src/sandbox_unsafe.rs	445	is_unprivileged	RS
crates/kayfabe-linux-raw/src/sandbox_unsafe.rs	476	privileges	RS
crates/kayfabe-linux-raw/src/sandbox_unsafe.rs	703	enter	RS
crates/kayfabe-linux-raw/src/sandbox_unsafe.rs	852	namespaces_available	RS
crates/kayfabe-linux-raw/src/sandbox_unsafe.rs	869	user_namespaces_available	RS
crates/kayfabe-linux-raw/src/sandbox_unsafe.rs	912	report	RS
crates/kayfabe-linux-raw/src/sandbox_unsafe.rs	918	report_gate	RS
crates/kayfabe-linux-raw/src/scm_unsafe.rs	146	send_with_fds	RS
crates/kayfabe-linux-raw/src/scm_unsafe.rs	344	recv_with_fds	RS
crates/kayfabe-linux-raw/src/scm_unsafe.rs	488	descriptor_kind	RS
crates/kayfabe-linux-raw/src/scm_unsafe.rs	530	require_kind	RS
crates/kayfabe-linux-raw/src/signal_unsafe.rs	56	install_break_handler	RS
crates/kayfabe-linux-raw/src/signal_unsafe.rs	98	current_thread_id	RS
crates/kayfabe-linux-raw/src/signal_unsafe.rs	115	raw	RS
crates/kayfabe-linux-raw/src/signal_unsafe.rs	128	interrupt_thread	RS
crates/kayfabe-linux-raw/src/spawn_unsafe.rs	201	from_bytes	RS
crates/kayfabe-linux-raw/src/spawn_unsafe.rs	289	len_bytes	RS
crates/kayfabe-linux-raw/src/spawn_unsafe.rs	313	new	RS
crates/kayfabe-linux-raw/src/spawn_unsafe.rs	323	target	RS
crates/kayfabe-linux-raw/src/spawn_unsafe.rs	361	from_image	RS
crates/kayfabe-linux-raw/src/spawn_unsafe.rs	383	new	RS
crates/kayfabe-linux-raw/src/spawn_unsafe.rs	398	arg	RS
crates/kayfabe-linux-raw/src/spawn_unsafe.rs	408	env	RS
crates/kayfabe-linux-raw/src/spawn_unsafe.rs	420	grant	RS
crates/kayfabe-linux-raw/src/spawn_unsafe.rs	436	in_new_namespaces	RS
crates/kayfabe-linux-raw/src/spawn_unsafe.rs	444	program	RS
crates/kayfabe-linux-raw/src/spawn_unsafe.rs	465	adopt_inherited_fd	RS
crates/kayfabe-linux-raw/src/spawn_unsafe.rs	690	spawn	RS
crates/kayfabe-linux-raw/src/spawn_unsafe.rs	882	pid	RS
crates/kayfabe-linux-raw/src/spawn_unsafe.rs	896	kill	RS
crates/kayfabe-linux-raw/src/spawn_unsafe.rs	922	try_reap	RS
crates/kayfabe-linux-raw/src/spawn_unsafe.rs	936	reap	RS
crates/kayfabe-linux-raw/src/spawn_unsafe.rs	1062	geteuid	RS
crates/kayfabe-linux-raw/src/vcpu_unsafe.rs	295	create	RS
crates/kayfabe-linux-raw/src/vcpu_unsafe.rs	364	enter_flat_protected_mode	RS
crates/kayfabe-linux-raw/src/vcpu_unsafe.rs	433	run	RS
crates/kayfabe-linux-raw/src/vcpu_unsafe.rs	461	complete_mmio_read	RS
crates/kayfabe-linux-raw/src/vcpu_unsafe.rs	548	set_tss_addr_if_supported	RS
crates/kayfabe-linux-raw/src/view.rs	57	len_bytes	RS
crates/kayfabe-linux-raw/src/view.rs	67	read_into	RS
crates/kayfabe-linux-raw/src/view.rs	78	write_from	RS
crates/kayfabe-linux-raw/src/view.rs	91	slice	RS
crates/kayfabe-linux-raw/src/window_unsafe.rs	125	create	RS
crates/kayfabe-linux-raw/src/window_unsafe.rs	168	len_bytes	RS
crates/kayfabe-linux-raw/src/window_unsafe.rs	174	page_size	RS
crates/kayfabe-linux-raw/src/window_unsafe.rs	194	place	RS
crates/kayfabe-linux-raw/src/window_unsafe.rs	233	restore	RS
crates/kayfabe-linux-raw/src/window_unsafe.rs	306	read_into	RS
crates/kayfabe-linux-raw/src/window_unsafe.rs	330	write_from	RS
crates/kayfabe-mmu/src/gpga.rs	135	new	RS
crates/kayfabe-mmu/src/gpga.rs	175	new	RS
crates/kayfabe-mmu/src/gpga.rs	191	end	RS
crates/kayfabe-mmu/src/gpga.rs	197	start	RS
crates/kayfabe-mmu/src/gpga.rs	206	intersect	RS
crates/kayfabe-mmu/src/gpga.rs	338	isolate	RS
crates/kayfabe-mmu/src/gpga.rs	590	change	RS
crates/kayfabe-mmu/src/gpga.rs	596	planned_at	RS
crates/kayfabe-mmu/src/gpga.rs	603	fan_out	RS
crates/kayfabe-mmu/src/gpga.rs	609	deliveries_for	RS
crates/kayfabe-mmu/src/gpga.rs	658	new	RS
crates/kayfabe-mmu/src/gpga.rs	665	generation	RS
crates/kayfabe-mmu/src/gpga.rs	671	object_count	RS
crates/kayfabe-mmu/src/gpga.rs	679	add_view	RS
crates/kayfabe-mmu/src/gpga.rs	713	map_into_view	RS
crates/kayfabe-mmu/src/gpga.rs	789	remove_view	RS
crates/kayfabe-mmu/src/gpga.rs	801	viewer_kind	RS
crates/kayfabe-mmu/src/gpga.rs	812	viewer_state	RS
crates/kayfabe-mmu/src/gpga.rs	823	pending_len	RS
crates/kayfabe-mmu/src/gpga.rs	831	viewers	RS
crates/kayfabe-mmu/src/gpga.rs	844	drain	RS
crates/kayfabe-mmu/src/gpga.rs	858	resynced	RS
crates/kayfabe-mmu/src/gpga.rs	879	contents	RS
crates/kayfabe-mmu/src/gpga.rs	943	viewers_of	RS
crates/kayfabe-mmu/src/gpga.rs	980	view_contents	RS
crates/kayfabe-mmu/src/gpga.rs	1025	plan	RS
crates/kayfabe-mmu/src/gpga.rs	1091	apply	RS
crates/kayfabe-mmu/src/lib.rs	85	new	RS
crates/kayfabe-mmu/src/lib.rs	97	offset	RS
crates/kayfabe-mmu/src/lib.rs	110	len	RS
crates/kayfabe-mmu/src/lib.rs	116	end	RS
crates/kayfabe-mmu/src/lib.rs	281	whole	RS
crates/kayfabe-mmu/src/lib.rs	293	slice	RS
crates/kayfabe-mmu/src/lib.rs	309	bytes	RS
crates/kayfabe-mmu/src/lib.rs	315	memory	RS
crates/kayfabe-mmu/src/lib.rs	321	host_va	RS
crates/kayfabe-mmu/src/lib.rs	327	extent	RS
crates/kayfabe-mmu/src/lib.rs	333	as_slice	RS
crates/kayfabe-mmu/src/lib.rs	348	frees_object	RS
crates/kayfabe-mmu/src/lib.rs	355	owner	RS
crates/kayfabe-mmu/src/lib.rs	363	belongs_to	RS
crates/kayfabe-mmu/src/lib.rs	447	may_be_host_mapped	RS
crates/kayfabe-mmu/src/lib.rs	526	declared_by_guest	RS
crates/kayfabe-mmu/src/lib.rs	558	real_gpu_memory	RS
crates/kayfabe-mmu/src/lib.rs	592	kind	RS
crates/kayfabe-mmu/src/lib.rs	600	phys	RS
crates/kayfabe-mmu/src/lib.rs	606	aperture	RS
crates/kayfabe-mmu/src/lib.rs	613	host	RS
crates/kayfabe-mmu/src/lib.rs	620	host_va	RS
crates/kayfabe-mmu/src/lib.rs	627	host_memory	RS
crates/kayfabe-mmu/src/lib.rs	646	is_guest_ram	RS
crates/kayfabe-mmu/src/lib.rs	750	new	RS
crates/kayfabe-mmu/src/lib.rs	758	bind	RS
crates/kayfabe-mmu/src/lib.rs	806	unbind	RS
crates/kayfabe-mmu/src/lib.rs	812	resolve	RS
crates/kayfabe-mmu/src/lib.rs	820	iter	RS
crates/kayfabe-mmu/src/lib.rs	835	binding_at	RS
crates/kayfabe-mmu/src/lib.rs	847	kind_at	RS
crates/kayfabe-mmu/src/lib.rs	893	spans	RS
crates/kayfabe-mmu/src/lib.rs	920	audit_identity	RS
crates/kayfabe-mmu/src/reach.rs	234	new	RS
crates/kayfabe-mmu/src/reach.rs	246	root	RS
crates/kayfabe-mmu/src/reach.rs	255	audit_root	RS
crates/kayfabe-mmu/src/reach.rs	272	witness	RS
crates/kayfabe-mmu/src/reach.rs	278	is_witnessed	RS
crates/kayfabe-mmu/src/reach.rs	284	len	RS
crates/kayfabe-mmu/src/reach.rs	295	witnessed_len	RS
crates/kayfabe-mmu/src/reach.rs	306	witnessed_sample	RS
crates/kayfabe-mmu/src/reach.rs	312	is_empty	RS
crates/kayfabe-mmu/src/reach.rs	324	sparse_at	RS
crates/kayfabe-mmu/src/reach.rs	340	observe	RS
crates/kayfabe-mmu/src/reach.rs	413	settle	RS
crates/kayfabe-mmu/src/reach.rs	515	confirm_bind	RS
crates/kayfabe-mmu/src/reach.rs	520	confirm_unbind	RS
crates/kayfabe-mmu/src/reach.rs	527	published_len	RS
crates/kayfabe-mmu/src/reach.rs	546	apply_settlement	RS
crates/kayfabe-mmu/src/walker.rs	164	why	RS
crates/kayfabe-mmu/src/walker.rs	342	translate	RS
crates/kayfabe-mmu/src/walker.rs	371	translate_from_entry	RS
crates/kayfabe-mmu/src/walker.rs	545	decode_page	RS
crates/kayfabe-mmu/src/walker.rs	694	decode_subtree	RS
crates/kayfabe-mmu/src/walker.rs	780	leaf_disposition	RS
crates/kayfabe-mmu/src/walker.rs	888	populate	RS
crates/kayfabe-mocks/src/lib.rs	126	new	RS
crates/kayfabe-mocks/src/lib.rs	170	userd_flags_for	RS
crates/kayfabe-mocks/src/lib.rs	195	token_for	RS
crates/kayfabe-mocks/src/lib.rs	339	new	RS
crates/kayfabe-mocks/src/lib.rs	345	mock	RS
crates/kayfabe-mocks/src/lib.rs	496	method	RS
crates/kayfabe-mocks/src/lib.rs	502	set_object	RS
crates/kayfabe-mocks/src/lib.rs	516	ce_launch_dma	RS
crates/kayfabe-mocks/src/lib.rs	523	ce_launch_dma_full	RS
crates/kayfabe-mocks/src/lib.rs	552	sem_release	RS
crates/kayfabe-mocks/src/lib.rs	566	tlb_invalidate	RS
crates/kayfabe-mocks/src/lib.rs	791	encode_leaf	RS
crates/kayfabe-mocks/src/lib.rs	803	encode_pde	RS
crates/kayfabe-mocks/src/lib.rs	822	encode_dual_pde	RS
crates/kayfabe-mocks/src/lib.rs	838	encode_sparse	RS
crates/kayfabe-mocks/src/lib.rs	1044	new	RS
crates/kayfabe-mocks/src/lib.rs	1067	declare_device_mmio	RS
crates/kayfabe-mocks/src/lib.rs	1084	declare_unbacked	RS
crates/kayfabe-mocks/src/lib.rs	1090	regions	RS
crates/kayfabe-mocks/src/lib.rs	1118	advance	RS
crates/kayfabe-mocks/src/lib.rs	1125	ram_read	RS
crates/kayfabe-mocks/src/lib.rs	1527	exact	RS
crates/kayfabe-mocks/src/lib.rs	1537	on_isolate	RS
crates/kayfabe-mocks/src/lib.rs	1581	new	RS
crates/kayfabe-mocks/src/lib.rs	1590	is_pending	RS
crates/kayfabe-mocks/src/lib.rs	1617	wait_until_pending	RS
crates/kayfabe-mocks/src/lib.rs	1656	cancel_request_seen	RS
crates/kayfabe-mocks/src/lib.rs	1662	abandon_seen	RS
crates/kayfabe-mocks/src/lib.rs	1667	release	RS
crates/kayfabe-mocks/src/lib.rs	2028	held_by	RS
crates/kayfabe-mocks/src/lib.rs	2034	queued	RS
crates/kayfabe-mocks/src/lib.rs	2040	waits	RS
crates/kayfabe-mocks/src/lib.rs	2048	wait_until_blocked	RS
crates/kayfabe-mocks/src/lib.rs	2112	slow_fuzz_enabled	RS
crates/kayfabe-mocks/src/lib.rs	2359	is_balanced	RS
crates/kayfabe-mocks/src/lib.rs	2369	leaked_on	RS
crates/kayfabe-mocks/src/lib.rs	2375	leaked_count	RS
crates/kayfabe-mocks/src/lib.rs	2383	ce_seed	RS
crates/kayfabe-mocks/src/lib.rs	2392	ce_image	RS
crates/kayfabe-mocks/src/lib.rs	2399	ce_clear	RS
crates/kayfabe-mocks/src/lib.rs	2405	fb_declare	RS
crates/kayfabe-mocks/src/lib.rs	2414	fb_covers	RS
crates/kayfabe-mocks/src/lib.rs	2424	ce_clear_range	RS
crates/kayfabe-mocks/src/lib.rs	2477	ledger	RS
crates/kayfabe-mocks/src/lib.rs	2496	compact	RS
crates/kayfabe-mocks/src/lib.rs	2556	hold	RS
crates/kayfabe-mocks/src/lib.rs	2564	client_lock	RS
crates/kayfabe-mocks/src/lib.rs	2570	parked_of	RS
crates/kayfabe-mocks/src/lib.rs	2580	verbs_of	RS
crates/kayfabe-mocks/src/lib.rs	2707	standalone	RS
crates/kayfabe-mocks/src/lib.rs	2717	with_guest_ram	RS
crates/kayfabe-mocks/src/lib.rs	3504	new	RS
crates/kayfabe-mocks/src/lib.rs	3516	with_pool_size	RS
crates/kayfabe-mocks/src/lib.rs	3537	with_guest_ram	RS
crates/kayfabe-mocks/src/lib.rs	3547	spawned	RS
crates/kayfabe-mocks/src/lib.rs	3629	new	RS
crates/kayfabe-mocks/src/watchdog.rs	70	limit_or_env	RS
crates/kayfabe-mocks/src/watchdog.rs	85	write_uncaptured	RS
crates/kayfabe-mocks/src/watchdog.rs	108	thread_report	RS
crates/kayfabe-mocks/src/watchdog.rs	159	watchdog	RS
crates/kayfabe-qemu-raw/src/lib.rs	110	build_rev	RS
crates/kayfabe-qemu-raw/src/shim.rs	333	code	RS
crates/kayfabe-qemu-raw/src/shim.rs	344	classify	RS
crates/kayfabe-qemu-raw/src/shim.rs	381	classify_realize	RS
crates/kayfabe-qemu-raw/src/shim.rs	403	bar_from_index	RS
crates/kayfabe-qemu-raw/src/shim.rs	414	bar_index	RS
crates/kayfabe-qemu-raw/src/shim.rs	455	placements	RS
crates/kayfabe-qemu-raw/src/shim.rs	523	desc	RS
crates/kayfabe-qemu-raw/src/shim.rs	595	realize	RS
crates/kayfabe-qemu-raw/src/shim.rs	617	machine	RS
crates/kayfabe-qemu-raw/src/shim.rs	622	unrealize	RS
crates/kayfabe-qemu-raw/src/shim.rs	633	install_window	RS
crates/kayfabe-qemu-raw/src/shim.rs	644	region_add	RS
crates/kayfabe-qemu-raw/src/shim.rs	649	region_del	RS
crates/kayfabe-qemu-raw/src/shim.rs	660	bar_move_requested	RS
crates/kayfabe-qemu-raw/src/shim.rs	678	note_bar_mapping	RS
crates/kayfabe-qemu-raw/src/shim.rs	715	audit	RS
crates/kayfabe-qemu-raw/src/shim.rs	838	new	RS
crates/kayfabe-qemu-raw/src/shim.rs	1241	copy_sentence	RS
crates/kayfabe-qemu-raw/src/shim.rs	1300	publication_row	RS
crates/kayfabe-qemu-raw/src/shim.rs	2460	classify_chip	RS
crates/kayfabe-qemu-raw/src/shim.rs	2522	chip_for	RS
crates/kayfabe-qemu-raw/src/shim.rs	2533	chip_identity	RS
crates/kayfabe-qemu-raw/src/shim.rs	6381	create	RS
crates/kayfabe-qemu-raw/src/shim.rs	6399	create_probed	RS
crates/kayfabe-qemu-raw/src/shim.rs	6565	plane	RS
crates/kayfabe-qemu-raw/src/shim.rs	6592	object_model	RS
crates/kayfabe-qemu-raw/src/shim.rs	6605	completion_watch	RS
crates/kayfabe-qemu-raw/src/shim.rs	6625	attach_ram	RS
crates/kayfabe-qemu-raw/src/shim.rs	6775	report_stated_guest_ram_at	RS
crates/kayfabe-qemu-raw/src/shim.rs	6893	stated_guest_ram	RS
crates/kayfabe-qemu-raw/src/shim.rs	6902	guest_ram_backing	RS
crates/kayfabe-qemu-raw/src/shim.rs	6913	detach_ram	RS
crates/kayfabe-qemu-raw/src/shim.rs	6927	read	RS
crates/kayfabe-qemu-raw/src/shim.rs	6941	write	RS
crates/kayfabe-qemu-raw/src/shim.rs	6991	reset	RS
crates/kayfabe-qemu-raw/src/shim.rs	7002	audit	RS
crates/kayfabe-qemu-raw/src/shim.rs	7805	as_str	RS
crates/kayfabe-qemu-raw/src/shim.rs	7817	parse	RS
crates/kayfabe-qemu-raw/src/shim.rs	7841	isolate_plane_from	RS
crates/kayfabe-qemu-raw/src/shim.rs	7931	as_str	RS
crates/kayfabe-qemu-raw/src/shim.rs	7940	parse	RS
crates/kayfabe-qemu-raw/src/shim.rs	7957	guest_ram_source_from	RS
crates/kayfabe-qemu-raw/src/shim.rs	7997	guest_ram_is_reachable_on	RS
crates/kayfabe-qemu-raw/src/shim.rs	8137	forwarding_plane_owns_ce	RS
crates/kayfabe-qemu-raw/src/shim.rs	8168	as_str	RS
crates/kayfabe-qemu-raw/src/shim.rs	8179	parse	RS
crates/kayfabe-qemu-raw/src/shim.rs	8193	ce_executor_from	RS
crates/kayfabe-qemu-raw/src/shim.rs	8236	fb_backing_from	RS
crates/kayfabe-qemu-raw/src/shim.rs	8277	pt_witness_exec_from	RS
crates/kayfabe-qemu-raw/src/shim.rs	8320	selected_mc_service_budget	RS
crates/kayfabe-qemu-raw/src/shim.rs	8359	isolate_factory	RS
crates/kayfabe-qemu-raw/src/shim_unsafe.rs	725	kayfabe_shim_abi_version	FFI
crates/kayfabe-qemu-raw/src/shim_unsafe.rs	747	kayfabe_shim_engine_kind_name	FFI
crates/kayfabe-qemu-raw/src/shim_unsafe.rs	760	engine_kind_c_name	RS
crates/kayfabe-qemu-raw/src/shim_unsafe.rs	793	kayfabe_shim_realize	FFI
crates/kayfabe-qemu-raw/src/shim_unsafe.rs	886	kayfabe_shim_unrealize	FFI
crates/kayfabe-qemu-raw/src/shim_unsafe.rs	903	kayfabe_shim_region_add	FFI
crates/kayfabe-qemu-raw/src/shim_unsafe.rs	954	kayfabe_shim_region_del	FFI
crates/kayfabe-qemu-raw/src/shim_unsafe.rs	966	kayfabe_shim_bar_move_requested	FFI
crates/kayfabe-qemu-raw/src/shim_unsafe.rs	994	kayfabe_shim_note_bar_mapping	FFI
crates/kayfabe-qemu-raw/src/shim_unsafe.rs	1015	kayfabe_shim_install_window	FFI
crates/kayfabe-qemu-raw/src/shim_unsafe.rs	1046	kayfabe_shim_audit	FFI
crates/kayfabe-qemu-raw/src/shim_unsafe.rs	1089	kayfabe_shim_chip_identity	FFI
crates/kayfabe-qemu-raw/src/shim_unsafe.rs	1131	kayfabe_shim_regs_create	FFI
crates/kayfabe-qemu-raw/src/shim_unsafe.rs	1206	kayfabe_shim_regs_attach_ram	FFI
crates/kayfabe-qemu-raw/src/shim_unsafe.rs	1234	kayfabe_shim_regs_report_ram_layout	FFI
crates/kayfabe-qemu-raw/src/shim_unsafe.rs	1251	kayfabe_shim_regs_detach_ram	FFI
crates/kayfabe-qemu-raw/src/shim_unsafe.rs	1264	kayfabe_shim_regs_destroy	FFI
crates/kayfabe-qemu-raw/src/shim_unsafe.rs	1283	kayfabe_shim_regs_read	FFI
crates/kayfabe-qemu-raw/src/shim_unsafe.rs	1301	kayfabe_shim_regs_write	FFI
crates/kayfabe-qemu-raw/src/shim_unsafe.rs	1328	kayfabe_shim_regs_reset	FFI
crates/kayfabe-qemu-raw/src/shim_unsafe.rs	1339	kayfabe_shim_regs_audit	FFI
crates/kayfabe-rmrpc/src/fault.rs	119	deliver	RS
crates/kayfabe-rmrpc/src/fault.rs	165	rc_triggered_for	RS
crates/kayfabe-rmrpc/src/lib.rs	894	rpc_result	RS
crates/kayfabe-rmrpc/src/lib.rs	1073	translate	RS
crates/kayfabe-rmrpc/src/lib.rs	1219	alloc_params_window	RS
crates/kayfabe-rmrpc/src/policy.rs	107	of	RS
crates/kayfabe-rmrpc/src/policy.rs	112	tags	RS
crates/kayfabe-rmrpc/src/policy.rs	122	ids	RS
crates/kayfabe-rmrpc/src/policy.rs	128	total	RS
crates/kayfabe-rmrpc/src/policy.rs	134	is_empty	RS
crates/kayfabe-rmrpc/src/policy.rs	199	new	RS
crates/kayfabe-rmrpc/src/policy.rs	209	rows	RS
crates/kayfabe-rmrpc/src/policy.rs	395	new	RS
crates/kayfabe-rmrpc/src/policy.rs	401	snapshot	RS
crates/kayfabe-rmrpc/src/policy.rs	504	new	RS
crates/kayfabe-rmrpc/src/policy.rs	510	snapshot	RS
crates/kayfabe-rmrpc/src/policy.rs	520	roster	RS
crates/kayfabe-rmrpc/src/policy.rs	959	new	RS
crates/kayfabe-rmrpc/src/policy.rs	967	with_limits	RS
crates/kayfabe-rmrpc/src/policy.rs	985	reassembler	RS
crates/kayfabe-rmrpc/src/policy.rs	995	census	RS
crates/kayfabe-rmrpc/src/policy.rs	1002	refusal_census	RS
crates/kayfabe-rmrpc/src/policy.rs	1010	promote_diag	RS
crates/kayfabe-rmrpc/src/policy.rs	1018	ring_census	RS
crates/kayfabe-rmrpc/src/policy.rs	1028	applied	RS
crates/kayfabe-rmrpc/src/policy.rs	1039	inert	RS
crates/kayfabe-rmrpc/src/policy.rs	1052	held	RS
crates/kayfabe-rmrpc/src/policy.rs	1064	promoted	RS
crates/kayfabe-rmrpc/src/policy.rs	1070	gpu	RS
crates/kayfabe-rmrpc/src/policy.rs	1084	deliver	RS
crates/kayfabe-rmrpc/src/policy.rs	1712	new	RS
crates/kayfabe-rmrpc/src/policy.rs	1723	with_limits	RS
crates/kayfabe-rmrpc/src/policy.rs	1743	over	RS
crates/kayfabe-rmrpc/src/policy.rs	1779	with_mc_service_budget	RS
crates/kayfabe-rmrpc/src/policy.rs	1793	mc_service_state	RS
crates/kayfabe-rmrpc/src/policy.rs	1800	claims	RS
crates/kayfabe-rmrpc/src/policy.rs	1810	census	RS
crates/kayfabe-rmrpc/src/policy.rs	1817	refusal_census	RS
crates/kayfabe-rmrpc/src/policy.rs	1825	promote_diag	RS
crates/kayfabe-rmrpc/src/policy.rs	1833	ring_census	RS
crates/kayfabe-rmrpc/src/policy.rs	1840	applied	RS
crates/kayfabe-rmrpc/src/policy.rs	1853	gpu	RS
crates/kayfabe-rmrpc/src/policy.rs	1864	gpu_mut	RS
crates/kayfabe-rmrpc/src/policy.rs	1878	deliver	RS
crates/kayfabe-rmrpc/src/policy.rs	1892	isolate_census	RS
crates/kayfabe-rmrpc/src/policy.rs	2686	new	RS
crates/kayfabe-rmrpc/src/policy.rs	2692	snapshot	RS
crates/kayfabe-rmrpc/src/policy.rs	2710	over	RS
crates/kayfabe-rmrpc/src/policy.rs	2728	census	RS
crates/kayfabe-rmrpc/src/policy.rs	2735	claims	RS
crates/kayfabe-rmrpc/src/policy.rs	2741	snapshot	RS
crates/kayfabe-rmrpc/src/reasm.rs	204	new	RS
crates/kayfabe-rmrpc/src/reasm.rs	210	with_limits	RS
crates/kayfabe-rmrpc/src/reasm.rs	216	limits	RS
crates/kayfabe-rmrpc/src/reasm.rs	226	in_flight	RS
crates/kayfabe-rmrpc/src/reasm.rs	235	held_bytes	RS
crates/kayfabe-rmrpc/src/reasm.rs	245	accept	RS
crates/kayfabe-rt/src/ceutils.rs	192	describe	RS
crates/kayfabe-rt/src/ceutils.rs	240	describe	RS
crates/kayfabe-rt/src/ceutils.rs	291	new	RS
crates/kayfabe-rt/src/ceutils.rs	479	run_submission	RS
crates/kayfabe-rt/src/ceutils.rs	933	observe_declared_completion	RS
crates/kayfabe-rt/src/ceutils.rs	1037	census_gr_addresses	RS
crates/kayfabe-rt/src/ceutils.rs	1090	dump_submission_methods	RS
crates/kayfabe-rt/src/completion_watch.rs	114	report_bytes	RS
crates/kayfabe-rt/src/completion_watch.rs	137	decode_report_semaphore	RS
crates/kayfabe-rt/src/completion_watch.rs	313	decode_address_operands	RS
crates/kayfabe-rt/src/completion_watch.rs	527	line	RS
crates/kayfabe-rt/src/completion_watch.rs	646	new	RS
crates/kayfabe-rt/src/completion_watch.rs	652	attempt	RS
crates/kayfabe-rt/src/completion_watch.rs	658	stats	RS
crates/kayfabe-rt/src/completion_watch.rs	664	live	RS
crates/kayfabe-rt/src/completion_watch.rs	678	declare	RS
crates/kayfabe-rt/src/completion_watch.rs	706	sweep	RS
crates/kayfabe-rt/src/cpu_ce.rs	152	execute_ours	RS
crates/kayfabe-rt/src/cpu_ce.rs	240	execute_ours_spans	RS
crates/kayfabe-rt/src/cpu_ce.rs	370	record	RS
crates/kayfabe-rt/src/cpu_ce.rs	409	resolve_releases	RS
crates/kayfabe-rt/src/cpu_ce.rs	454	write_resolved_completion	RS
crates/kayfabe-rt/src/cpu_ce.rs	543	write_completion	RS
crates/kayfabe-rt/src/device.rs	710	new	RS
crates/kayfabe-rt/src/device.rs	741	mode	RS
crates/kayfabe-rt/src/device.rs	755	pool_waits	RS
crates/kayfabe-rt/src/device.rs	763	into_gpu	RS
crates/kayfabe-rt/src/device.rs	808	apply	RS
crates/kayfabe-rt/src/device.rs	861	apply_deferring	RS
crates/kayfabe-rt/src/device.rs	879	materialize_pending	RS
crates/kayfabe-rt/src/device.rs	933	forward_engine_object_deferring	RS
crates/kayfabe-rt/src/device.rs	989	run_pending_engine_forwards	RS
crates/kayfabe-rt/src/device.rs	1071	pump_completions	RS
crates/kayfabe-rt/src/device.rs	1082	completion_poll	RS
crates/kayfabe-rt/src/device.rs	1096	completions_drained	RS
crates/kayfabe-rt/src/device.rs	1115	reap_retired	RS
crates/kayfabe-rt/src/device.rs	1133	with_proc	RS
crates/kayfabe-rt/src/device.rs	1152	with_proc_mut	RS
crates/kayfabe-rt/src/device.rs	1168	live_pids	RS
crates/kayfabe-rt/src/device.rs	1192	channel_vas_census	RS
crates/kayfabe-rt/src/device.rs	1242	namespace_census	RS
crates/kayfabe-rt/src/device.rs	1278	with_pushbuffer	RS
crates/kayfabe-rt/src/device.rs	1290	pt_page_owner	RS
crates/kayfabe-rt/src/device.rs	1310	isolate_census	RS
crates/kayfabe-rt/src/device.rs	1338	with_retired	RS
crates/kayfabe-rt/src/device.rs	1370	drain_pending_releases	RS
crates/kayfabe-rt/src/device.rs	1412	retired_len	RS
crates/kayfabe-rt/src/device.rs	1420	register_source	RS
crates/kayfabe-rt/src/device.rs	1431	take_pending_wake	RS
crates/kayfabe-rt/src/device.rs	1626	cancel_handle	RS
crates/kayfabe-rt/src/device.rs	1654	request_cancel	RS
crates/kayfabe-rt/src/device.rs	1701	declare_wedged	RS
crates/kayfabe-rt/src/device.rs	1933	ce_channel_facts	RS
crates/kayfabe-rt/src/device.rs	2084	set_fb_source	RS
crates/kayfabe-rt/src/device.rs	2092	doorbell	RS
crates/kayfabe-rt/src/device.rs	2423	parse_pushbuffer	RS
crates/kayfabe-rt/src/device.rs	2483	forward_ce	RS
crates/kayfabe-rt/src/device.rs	2521	submit_ring	RS
crates/kayfabe-rt/src/device.rs	2558	decode_pt_writes	RS
crates/kayfabe-rt/src/device.rs	2604	decode_pt_writes_from	RS
crates/kayfabe-rt/src/device.rs	2701	vas_bind_census	RS
crates/kayfabe-rt/src/device.rs	2880	witness_cpu_pt_pages	RS
crates/kayfabe-rt/src/device.rs	2946	publish_backing	RS
crates/kayfabe-rt/src/device.rs	2979	pin_guest_ram	RS
crates/kayfabe-rt/src/device.rs	3014	back_fb_leaf	RS
crates/kayfabe-rt/src/device.rs	3040	forward_engine_object	RS
crates/kayfabe-rt/src/device.rs	3074	forward_engine_object_by_parent	RS
crates/kayfabe-rt/src/device.rs	3123	promote_ctx	RS
crates/kayfabe-rt/src/device.rs	3195	schedule_channel	RS
crates/kayfabe-rt/src/device.rs	3228	schedule_group	RS
crates/kayfabe-rt/src/device.rs	3267	set_ctxsw_preemption_mode	RS
crates/kayfabe-rt/src/device.rs	3293	bind_channel	RS
crates/kayfabe-rt/src/device.rs	3317	route_control	RS
crates/kayfabe-rt/src/device.rs	3365	retire_proc	RS
crates/kayfabe-rt/src/device.rs	3383	resolve	RS
crates/kayfabe-rt/src/device.rs	3405	gate_working_set	RS
crates/kayfabe-rt/src/device.rs	3446	signal_source	RS
crates/kayfabe-rt/src/device.rs	3605	is_vaspace	RS
crates/kayfabe-rt/src/device.rs	3859	engine_kind_names	RS
crates/kayfabe-rt/src/device.rs	3879	route_of_engine	RS
crates/kayfabe-rt/src/device.rs	3892	route	RS
crates/kayfabe-rt/src/device.rs	3901	engine_index	RS
crates/kayfabe-rt/src/device.rs	3908	engine_name	RS
crates/kayfabe-rt/src/executor.rs	66	new	RS
crates/kayfabe-rt/src/executor.rs	72	device	RS
crates/kayfabe-rt/src/executor.rs	79	drain_one	RS
crates/kayfabe-rt/src/executor.rs	111	drain_all	RS
crates/kayfabe-rt/src/executor.rs	166	new	RS
crates/kayfabe-rt/src/executor.rs	173	sequence	RS
crates/kayfabe-rt/src/executor.rs	178	stop	RS
crates/kayfabe-rt/src/executor.rs	188	is_stopping	RS
crates/kayfabe-rt/src/executor.rs	198	park	RS
crates/kayfabe-rt/src/executor.rs	228	run_until_stopped	RS
crates/kayfabe-rt/src/inbox.rs	74	send	RS
crates/kayfabe-rt/src/inbox.rs	88	try_pop	RS
crates/kayfabe-rt/src/inbox.rs	94	sender	RS
crates/kayfabe-rt/src/inbox.rs	102	len	RS
crates/kayfabe-rt/src/inbox.rs	108	is_empty	RS
crates/kayfabe-rt/src/inbox.rs	115	inbox	RS
crates/kayfabe-shell/src/reactor.rs	164	registrar	RS
crates/kayfabe-shell/src/reactor.rs	185	wake	RS
crates/kayfabe-shell/src/reactor.rs	196	shutdown	RS
crates/kayfabe-shell/src/reactor.rs	203	stats	RS
crates/kayfabe-shell/src/reactor.rs	240	new	RS
crates/kayfabe-shell/src/reactor.rs	277	stats	RS
crates/kayfabe-shell/src/reactor.rs	289	run	RS
crates/kayfabe-shell/src/reactor.rs	303	run_with	RS
crates/kayfabe-shell/src/sources.rs	150	of	RS
crates/kayfabe-shell/src/sources.rs	258	new	RS
crates/kayfabe-shell/src/sources.rs	274	with_bound	RS
crates/kayfabe-shell/src/sources.rs	284	bound	RS
crates/kayfabe-shell/src/sources.rs	290	armed	RS
crates/kayfabe-shell/src/sources.rs	308	arm	RS
crates/kayfabe-shell/src/sources.rs	361	disarm	RS
crates/kayfabe-shell/src/sources.rs	398	arm_counter	RS
crates/kayfabe-shell/src/sources.rs	415	arm_channel	RS
crates/kayfabe-shell/src/sources.rs	433	disarm_all	RS
crates/kayfabe-shell/src/sources.rs	444	armed_ever	RS
crates/kayfabe-shell/src/sources.rs	456	resolve	RS
crates/kayfabe-shell/src/sources.rs	491	poller	RS
crates/kayfabe-trace/src/budget.rs	38	new	RS
crates/kayfabe-trace/src/budget.rs	46	bump	RS
crates/kayfabe-trace/src/budget.rs	53	of	RS
crates/kayfabe-trace/src/budget.rs	59	total	RS
crates/kayfabe-trace/src/budget.rs	70	silent_kinds	RS
crates/kayfabe-trace/src/budget.rs	79	seen_kinds	RS
crates/kayfabe-trace/src/budget.rs	89	is_silent	RS
crates/kayfabe-trace/src/budget.rs	95	wire_total	RS
crates/kayfabe-trace/src/budget.rs	105	core_total	RS
crates/kayfabe-trace/src/budget.rs	112	absorb	RS
crates/kayfabe-trace/src/event.rs	120	from_bytes	RS
crates/kayfabe-trace/src/event.rs	132	bytes	RS
crates/kayfabe-trace/src/event.rs	380	of	RS
crates/kayfabe-trace/src/event.rs	650	index	RS
crates/kayfabe-trace/src/event.rs	673	is_wire	RS
crates/kayfabe-trace/src/event.rs	712	kind	RS
crates/kayfabe-trace/src/event.rs	738	refusal	RS
crates/kayfabe-trace/src/replay.rs	55	check_dense_order	RS
crates/kayfabe-trace/src/replay.rs	99	diff	RS
crates/kayfabe-trace/src/replay.rs	120	diff_records	RS
crates/kayfabe-trace/src/sink.rs	108	new	RS
crates/kayfabe-trace/src/sink.rs	116	records	RS
crates/kayfabe-trace/src/sink.rs	122	len	RS
crates/kayfabe-trace/src/sink.rs	128	is_empty	RS
crates/kayfabe-trace/src/sink.rs	137	projection	RS
crates/kayfabe-trace/src/sink.rs	142	filter	RS
crates/kayfabe-trace/src/sink.rs	199	new	RS
crates/kayfabe-trace/src/sink.rs	208	trace	RS
crates/kayfabe-trace/src/sink.rs	214	counters	RS
crates/kayfabe-trace/src/sink.rs	220	sink	RS
crates/kayfabe-trace/src/sink.rs	225	sink_mut	RS
crates/kayfabe-trace/src/sink.rs	231	into_sink	RS
crates/kayfabe-trace/src/sink.rs	267	off	RS
crates/kayfabe-trace/src/sink.rs	278	is_enabled	RS
crates/kayfabe-trace/src/sink.rs	288	emit	RS
crates/kayfabe-trace/src/sink.rs	300	emit_now	RS
crates/kayfabe-trace/src/sink.rs	310	next_seq	RS
crates/kayfabe-util/src/interval_map.rs	72	new	RS
crates/kayfabe-util/src/interval_map.rs	80	len	RS
crates/kayfabe-util/src/interval_map.rs	86	is_empty	RS
crates/kayfabe-util/src/interval_map.rs	95	insert	RS
crates/kayfabe-util/src/interval_map.rs	128	lookup	RS
crates/kayfabe-util/src/interval_map.rs	139	remove_at	RS
crates/kayfabe-util/src/interval_map.rs	144	iter	RS
crates/kayfabe-util/src/interval_map.rs	153	next_from	RS
crates/kayfabe-util/src/interval_map.rs	192	spans	RS
crates/kayfabe-util/src/leafwitness.rs	48	depth	RS
crates/kayfabe-util/src/leafwitness.rs	61	assert_leaf_free	RS
crates/kayfabe-util/src/leafwitness.rs	81	enter	RS
crates/kayfabe-util/src/lock.rs	93	bit	RS
crates/kayfabe-util/src/lock.rs	153	held_rank_mask	RS
crates/kayfabe-util/src/lock.rs	162	held_depth	RS
crates/kayfabe-util/src/lock.rs	170	acquisitions	RS
crates/kayfabe-util/src/lock.rs	189	new	RS
crates/kayfabe-util/src/lock.rs	201	read	RS
crates/kayfabe-util/src/lock.rs	212	write	RS
crates/kayfabe-util/src/lock.rs	225	into_inner	RS
crates/kayfabe-util/src/lock.rs	288	new	RS
crates/kayfabe-util/src/lock.rs	296	lock	RS
crates/kayfabe-util/src/lock.rs	313	get_mut	RS
crates/kayfabe-util/src/lock.rs	320	into_inner	RS
crates/kayfabe-util/src/lock.rs	387	enter	RS
crates/kayfabe-util/src/lock.rs	397	run	RS
crates/kayfabe-util/src/lockwitness.rs	76	bit	RS
crates/kayfabe-util/src/lockwitness.rs	87	note_acquired	RS
crates/kayfabe-util/src/lockwitness.rs	98	note_released	RS
crates/kayfabe-util/src/lockwitness.rs	104	held_mask	RS
crates/kayfabe-util/src/lockwitness.rs	111	held_depth	RS
crates/kayfabe-util/src/lockwitness.rs	117	held_ranks	RS
crates/kayfabe-util/src/lockwitness.rs	127	acquisitions	RS
crates/kayfabe-util/src/lockwitness.rs	150	assert_lock_free	RS
crates/kayfabe-util/src/lockwitness.rs	177	assert_only_ranks	RS
crates/kayfabe-util/src/time.rs	22	advanced	RS
crates/kayfabe-util/src/time.rs	31	since	RS
crates/kayfabe-vmm-kvm/src/lib.rs	830	realize	RS
crates/kayfabe-vmm-kvm/src/lib.rs	893	vmm	RS
crates/kayfabe-vmm-kvm/src/lib.rs	901	page_size	RS
crates/kayfabe-vmm-kvm/src/lib.rs	907	memslot_ceiling	RS
crates/kayfabe-vmm-kvm/src/lib.rs	935	install_ram_window	RS
crates/kayfabe-vmm-kvm/src/lib.rs	1129	remove_window	RS
crates/kayfabe-vmm-kvm/src/lib.rs	1221	declare_device_window	RS
crates/kayfabe-vmm-kvm/src/lib.rs	1242	register_backing	RS
crates/kayfabe-vmm-kvm/src/lib.rs	1272	resolve_region	RS
crates/kayfabe-vmm-kvm/src/lib.rs	1279	audit	RS
crates/kayfabe-vmm-kvm/src/lib.rs	1291	assert_map_matches_the_kernel	RS
crates/kayfabe-vmm-kvm/src/lib.rs	1371	advance	RS
crates/kayfabe-vmm-kvm/src/lib.rs	1385	drain_irqs	RS
crates/kayfabe-vmm-kvm/src/lib.rs	1442	audit	RS
crates/kayfabe-vmm-kvm/src/slotnum.rs	69	new	RS
crates/kayfabe-vmm-kvm/src/slotnum.rs	80	ceiling	RS
crates/kayfabe-vmm-kvm/src/slotnum.rs	86	recycled	RS
crates/kayfabe-vmm-kvm/src/slotnum.rs	92	live	RS
crates/kayfabe-vmm-kvm/src/slotnum.rs	107	alloc	RS
crates/kayfabe-vmm-kvm/src/slotnum.rs	138	release	RS
crates/kayfabe-vmm-kvm/src/vcpu.rs	152	create_vcpu	RS
crates/kayfabe-vmm-kvm/src/vcpu.rs	200	classify_guest_exit	RS
crates/kayfabe-vmm-kvm/src/vcpu.rs	218	enter_at	RS
crates/kayfabe-vmm-kvm/src/vcpu.rs	228	report	RS
crates/kayfabe-vmm-kvm/src/vcpu.rs	234	first_ram_declared_exit	RS
crates/kayfabe-vmm-kvm/src/vcpu.rs	250	run_until	RS
crates/kayfabe-vmm-qemu/src/classify.rs	50	is_ram	RS
crates/kayfabe-vmm-qemu/src/classify.rs	62	classify	RS
crates/kayfabe-vmm-qemu/src/host.rs	121	plain_ram	RS
crates/kayfabe-vmm-qemu/src/host.rs	133	device	RS
crates/kayfabe-vmm-qemu/src/layout.rs	78	new	RS
crates/kayfabe-vmm-qemu/src/layout.rs	105	gpa_end	RS
crates/kayfabe-vmm-qemu/src/layout.rs	115	is_identity	RS
crates/kayfabe-vmm-qemu/src/layout.rs	162	name	RS
crates/kayfabe-vmm-qemu/src/layout.rs	231	new	RS
crates/kayfabe-vmm-qemu/src/layout.rs	242	saw	RS
crates/kayfabe-vmm-qemu/src/layout.rs	254	census	RS
crates/kayfabe-vmm-qemu/src/layout.rs	263	state	RS
crates/kayfabe-vmm-qemu/src/layout.rs	269	forget	RS
crates/kayfabe-vmm-qemu/src/layout.rs	276	clear	RS
crates/kayfabe-vmm-qemu/src/layout.rs	282	stated_sections	RS
crates/kayfabe-vmm-qemu/src/layout.rs	298	contiguous_runs	RS
crates/kayfabe-vmm-qemu/src/layout.rs	308	contiguous_runs_ever	RS
crates/kayfabe-vmm-qemu/src/layout.rs	344	backings_seen	RS
crates/kayfabe-vmm-qemu/src/layout.rs	367	resolve	RS
crates/kayfabe-vmm-qemu/src/lib.rs	253	passthrough	RS
crates/kayfabe-vmm-qemu/src/lib.rs	292	shareable	RS
crates/kayfabe-vmm-qemu/src/lib.rs	1028	realize	RS
crates/kayfabe-vmm-qemu/src/lib.rs	1144	install_ram_window	RS
crates/kayfabe-vmm-qemu/src/lib.rs	1158	install_tiered_window	RS
crates/kayfabe-vmm-qemu/src/lib.rs	1386	vmm	RS
crates/kayfabe-vmm-qemu/src/lib.rs	1394	page_size	RS
crates/kayfabe-vmm-qemu/src/lib.rs	1400	slot_range	RS
crates/kayfabe-vmm-qemu/src/lib.rs	1407	audit	RS
crates/kayfabe-vmm-qemu/src/lib.rs	1418	register_backing	RS
crates/kayfabe-vmm-qemu/src/lib.rs	1444	resolve_region	RS
crates/kayfabe-vmm-qemu/src/lib.rs	1451	tiers	RS
crates/kayfabe-vmm-qemu/src/lib.rs	1485	assert_map_matches_the_kernel	RS
crates/kayfabe-vmm-qemu/src/lib.rs	1593	advance	RS
crates/kayfabe-vmm-qemu/src/lib.rs	1612	note_bar_mapping	RS
crates/kayfabe-vmm-qemu/src/lib.rs	1635	bar_move_requested	RS
crates/kayfabe-vmm-qemu/src/lib.rs	1656	region_add	RS
crates/kayfabe-vmm-qemu/src/lib.rs	1721	region_del	RS
crates/kayfabe-vmm-qemu/src/lib.rs	1752	stated_guest_ram	RS
crates/kayfabe-vmm-qemu/src/lib.rs	1762	stated_guest_ram_ever	RS
crates/kayfabe-vmm-qemu/src/lib.rs	1777	resolve_guest_ram	RS
crates/kayfabe-vmm-qemu/src/lib.rs	1791	stated_sections	RS
crates/kayfabe-vmm-qemu/src/lib.rs	1799	layout_census	RS
crates/kayfabe-vmm-qemu/src/lib.rs	1807	layout_backings_seen	RS
crates/kayfabe-vmm-qemu/src/lib.rs	1822	unrealize	RS
crates/kayfabe-vmm-qemu/src/lib.rs	1892	remove_window	RS
crates/kayfabe-vmm-qemu/src/lib.rs	1981	audit	RS
crates/kayfabe-vmm-qemu/src/lib.rs	2006	resolve_guest_ram	RS
crates/kayfabe-vmm-qemu/src/lib.rs	2020	stated_guest_ram	RS
crates/kayfabe-vmm-qemu/src/mock_host.rs	147	new	RS
crates/kayfabe-vmm-qemu/src/mock_host.rs	153	with_policy	RS
crates/kayfabe-vmm-qemu/src/mock_host.rs	164	log	RS
crates/kayfabe-vmm-qemu/src/mock_host.rs	170	irqs	RS
crates/kayfabe-vmm-qemu/src/mock_host.rs	176	discard_disabled	RS
crates/kayfabe-vmm-qemu/src/mock_host.rs	183	blockers	RS
crates/kayfabe-vmm-qemu/src/mock_host.rs	189	listening	RS
crates/kayfabe-vmm-qemu/src/mock_host.rs	200	live_regions	RS
crates/kayfabe-vmm-qemu/src/mock_host.rs	213	region_bytes	RS
crates/kayfabe-vmm-qemu/src/mock_host.rs	225	mint_foreign	RS
crates/kayfabe-vmm-qemu/src/mock_host.rs	245	mint_foreign_slice	RS
crates/kayfabe-vmm-qemu/src/mock_host.rs	289	mint_backed	RS
crates/kayfabe-vmm-qemu/src/mock_host.rs	308	place_bar	RS
crates/kayfabe-vmm-qemu/src/mock_host.rs	321	move_bar	RS
crates/kayfabe-vmm-qemu/src/mock_host.rs	500	bar	RS
crates/kayfabe-vmm-qemu/src/mock_host.rs	579	new	RS
crates/kayfabe-vmm-qemu/src/mock_host.rs	593	live	RS
crates/kayfabe-vmm-qemu/src/mock_host.rs	601	installs	RS
crates/kayfabe-vmm-qemu/src/mock_host.rs	608	clears	RS
crates/kayfabe-vmm-qemu/src/mock_host.rs	614	read_only_installs	RS
crates/kayfabe-vmm-qemu/src/mock_host.rs	628	replaces	RS
crates/kayfabe-vmm-qemu/src/slots.rs	119	new	RS
crates/kayfabe-vmm-qemu/src/slots.rs	130	discover	RS
crates/kayfabe-vmm-qemu/src/slots.rs	223	new	RS
crates/kayfabe-vmm-qemu/src/slots.rs	242	ceiling	RS
crates/kayfabe-vmm-qemu/src/slots.rs	248	floor	RS
crates/kayfabe-vmm-qemu/src/slots.rs	254	recycled	RS
crates/kayfabe-vmm-qemu/src/slots.rs	260	live	RS
crates/kayfabe-vmm-qemu/src/slots.rs	272	alloc	RS
crates/kayfabe-vmm-qemu/src/slots.rs	303	release	RS
crates/kayfabe-vmm-qemu/src/slots.rs	349	readonly_slot	RS
crates/kayfabe-vmm-qemu/src/slots.rs	375	spans	RS
crates/kayfabe-vmm-qemu/src/viewer_install.rs	158	cacheability_of	RS
crates/kayfabe-vmm-qemu/src/viewer_install.rs	229	huge_pages_for	RS
crates/kayfabe-vmm-qemu/src/viewer_install.rs	481	mappings	RS
crates/kayfabe-vmm-qemu/src/viewer_install.rs	493	observe_ranges	RS
crates/kayfabe-vmm-qemu/src/viewer_install.rs	607	new	RS
crates/kayfabe-vmm-qemu/src/viewer_install.rs	622	window	RS
crates/kayfabe-vmm-qemu/src/viewer_install.rs	628	cacheability	RS
crates/kayfabe-vmm-qemu/src/viewer_install.rs	634	layout	RS
crates/kayfabe-vmm-qemu/src/viewer_install.rs	662	drain_and_install	RS
crates/kayfabe-vmm-qemu/src/viewer_install.rs	843	assert_effective_cacheability	RS
crates/kayfabe-vmm-qemu/src/viewer_install.rs	871	place_content	RS
crates/kayfabe-vmm-qemu/src/viewer_install.rs	966	mergeable	RS
crates/kayfabe-vmm-qemu/src/viewer_install.rs	976	census_of	RS
crates/kayfabe-vmm-qemu/src/viewer_install.rs	1008	tier_at	RS
crates/kayfabe-vmm/src/lib.rs	276	new	RS
crates/kayfabe-vmm/src/lib.rs	287	all_ram	RS
crates/kayfabe-vmm/src/lib.rs	307	declare	RS
crates/kayfabe-vmm/src/lib.rs	338	undeclare	RS
crates/kayfabe-vmm/src/lib.rs	421	resolve	RS
crates/kayfabe-vmm/src/lib.rs	697	new	RS
crates/kayfabe-vmm/src/lib.rs	707	push	RS
crates/kayfabe-vmm/src/lib.rs	715	due	RS
