2026-08-11T05:22:53.121530Z qemu-system-x86_64: -device nvkvm-gpu,bar1-size=268435456,bar2-size=33554432,id=kf0: info: nvkvm: presenting 10de:2504 class 030000 rev a1 subsys 1462:397d (8 interrupt vectors)
kayfabe: memfd census — name="memory-backend-memfd" bytes=2147483648 shared_mapped=true (listed at fd 15, reported only: this number MOVED between two physical benches and is never matched on)
kayfabe: memfd census — name="displaysurface" bytes=1228800 shared_mapped=true (listed at fd 23, reported only: this number MOVED between two physical benches and is never matched on)
kayfabe: memfd census — name="kayfabe-isolate" bytes=721568 shared_mapped=false (listed at fd 24, reported only: this number MOVED between two physical benches and is never matched on)
kayfabe: ★★★ GUEST-RAM CROSSING ARMED — adopted the hypervisor's memory-backend-memfd block, 2147483648 bytes, dev=1 ino=1308826. Every isolate this factory spawns is granted a view of it at a fixed descriptor number; nothing is mapped until a grant says so. ⊘ The size is an EXTENT, not a LAYOUT — where in the guest's physical space these bytes appear is stated separately, by the hypervisor's own topology callbacks, and is reported when the memory plane attaches.
kayfabe: EXECUTORS isolate_plane=real ce_executor=host ⇒ local_ce_is_the_only_executor=false
kayfabe: RING-VIDMEM KAYFABE_RING_VIDMEM=0 ⇒ route B OFF (default)
kayfabe: ★★★ GUEST-RAM LAYOUT AT MEMORY PLANE ATTACH, AS THE HYPERVISOR STATED IT — dev=1 ino=1308826: 0 contiguous run(s) totalling 0 bytes, out of 0 stated section(s) LIVE over all backing files (0 live run(s) for this block). Section funnel: 0 reported -> 0 classified RAM -> 0 carried a backing file, 0 later withdrawn. ⊘ Every run below arrived on a topology callback; NOTHING here is derived from the machine type or from `-m`, and a guest-physical address outside these runs is refused by name rather than assumed to be its own file offset. ⚠ This is ONE INSTANT: the listener is registered on the device's bus-master address space, which is empty until the guest enables bus mastering, so an empty report here is a statement about WHEN it was taken and not about the machine.
kayfabe: ⊘⊘ ZERO RUNS, and the crossing IS armed — the descriptor was adopted and 0 section(s) stated a run, but none named this block. ★ Where it broke: nothing yet, and at THIS instant that is expected rather than broken — the guest has not enabled bus mastering, so the address space this device listens on is still empty. Read the END OF RUN report instead. Nothing can be mapped until this joins; an empty layout refuses every address, which is correct and is not progress.
kayfabe:   (no backing file stated any run at all, so there is nothing to have matched against)
kayfabe: COMPLETION-OBSERVER started — one thread, one epoll, one armed counter source. ⊘ It READS the addresses the guest declared and can write none of them.
2026-08-11T05:22:53.267549Z qemu-system-x86_64: info: nvkvm: memory plane realized (bar0=0xfd000000 bar1=0xe0000000 bar2=0xf0000000, register plane has guest memory=yes)
2026-08-11T05:23:35.869975Z qemu-system-x86_64: warning: nvkvm: the emulated GSP asked for its STATUS-QUEUE interrupt and this device does not deliver that one. It is the archive's own service cadence, not a guest waiting on anything: delivering it would send one message per doorbell with nothing pending behind it. A guest that BLOCKS on a REGISTERED os-event IS woken — that path latches the GSP engine's stall vector and delivers; see the "os-events" lines in this report for whether it fired.
kayfabe: ENGINE-OBJECT class=0xc7b5 client=0xc1e00005 parent=0x2 params=8B → REFUSED NoVas(ChanId(0)) [seen=1 forwarded=0]
kayfabe: ENGINE-OBJECT class=0xc7b5 client=0xc1e00006 parent=0x2 params=8B → REFUSED Rm(Other(64)) [seen=2 forwarded=0]
kayfabe: CE-SYSPROC-KEPT #1 token=0x00010002 proc=0 chan=1 pdb=0x2efa9c000 — `l1_concurrency.md` §12.26: the SYSTEM proc has no data plane and its CeUtils scrub is FORGED, never forwarded, so this doorbell is the shell's whatever KAYFABE_CE_EXECUTOR says. ⊘ The forwarding hand-off stays armed for every USER proc.
2026-08-11T05:23:41.663963Z qemu-system-x86_64: info: nvkvm: DOORBELL token 0x00010002 at +0xbb0090 SERVED-LOCAL [CpuCe::ServedLocally]
kayfabe: CE-SYSPROC-KEPT #2 token=0x00010002 proc=0 chan=1 pdb=0x2efa9c000 — `l1_concurrency.md` §12.26: the SYSTEM proc has no data plane and its CeUtils scrub is FORGED, never forwarded, so this doorbell is the shell's whatever KAYFABE_CE_EXECUTOR says. ⊘ The forwarding hand-off stays armed for every USER proc.
2026-08-11T05:23:41.664899Z qemu-system-x86_64: info: nvkvm: DOORBELL token 0x00010002 at +0xbb0090 SERVED-LOCAL [CpuCe::ServedLocally]
kayfabe: ENGINE-OBJECT class=0xc797 client=0xc1e00007 parent=0xbaba0045 params=0B → FORWARDED engine=GrGraphics host_object=0xcafe0011 materialized_channel=true reused=false [seen=3 forwarded=1]
2026-08-11T05:23:51.581711Z qemu-system-x86_64: warning: nvkvm: the emulated GSP refused a register write at +0x110c00: GspFault::QueueNotBound
2026-08-11T05:23:51.581917Z qemu-system-x86_64: warning: nvkvm: the emulated GSP refused a register write at +0x110c00: GspFault::QueueNotBound
kayfabe: ENGINE-OBJECT class=0xc7b5 client=0xc1e00010 parent=0x2 params=8B → REFUSED NoVas(ChanId(3)) [seen=4 forwarded=1]
kayfabe: ENGINE-OBJECT class=0xc7b5 client=0xc1e00011 parent=0x2 params=8B → REFUSED Rm(Other(64)) [seen=5 forwarded=1]
kayfabe: CE-SYSPROC-KEPT #3 token=0x00010002 proc=0 chan=4 pdb=0x2efa9c000 — `l1_concurrency.md` §12.26: the SYSTEM proc has no data plane and its CeUtils scrub is FORGED, never forwarded, so this doorbell is the shell's whatever KAYFABE_CE_EXECUTOR says. ⊘ The forwarding hand-off stays armed for every USER proc.
2026-08-11T05:23:57.633372Z qemu-system-x86_64: info: nvkvm: DOORBELL token 0x00010002 at +0xbb0090 SERVED-LOCAL [CpuCe::ServedLocally]
kayfabe: CE-SYSPROC-KEPT #4 token=0x00010002 proc=0 chan=4 pdb=0x2efa9c000 — `l1_concurrency.md` §12.26: the SYSTEM proc has no data plane and its CeUtils scrub is FORGED, never forwarded, so this doorbell is the shell's whatever KAYFABE_CE_EXECUTOR says. ⊘ The forwarding hand-off stays armed for every USER proc.
2026-08-11T05:23:57.635929Z qemu-system-x86_64: info: nvkvm: DOORBELL token 0x00010002 at +0xbb0090 SERVED-LOCAL [CpuCe::ServedLocally]
kayfabe: ENGINE-OBJECT class=0xc797 client=0xc1e00012 parent=0xbaba0045 params=0B → FORWARDED engine=GrGraphics host_object=0xcafe001f materialized_channel=true reused=false [seen=6 forwarded=2]
kayfabe: ENGINE-OBJECT class=0xc7b5 client=0xc1d0000a parent=0xcaf00012 params=8B → REFUSED Rm(Other(64)) [seen=7 forwarded=2]
kayfabe: CE-SYSPROC-KEPT #5 token=0x00010003 proc=0 chan=6 pdb=0x4000 — `l1_concurrency.md` §12.26: the SYSTEM proc has no data plane and its CeUtils scrub is FORGED, never forwarded, so this doorbell is the shell's whatever KAYFABE_CE_EXECUTOR says. ⊘ The forwarding hand-off stays armed for every USER proc.
2026-08-11T05:24:01.105626Z qemu-system-x86_64: info: nvkvm: DOORBELL token 0x00010003 at +0xbb0090 SERVED-LOCAL [CpuCe::ServedLocally]
kayfabe: ENGINE-OBJECT class=0xc7b5 client=0xc1d0000a parent=0xcaf0001d params=8B → REFUSED Rm(Other(64)) [seen=8 forwarded=2]
kayfabe: CE-SYSPROC-KEPT #6 token=0x00010004 proc=0 chan=7 pdb=0x4000 — `l1_concurrency.md` §12.26: the SYSTEM proc has no data plane and its CeUtils scrub is FORGED, never forwarded, so this doorbell is the shell's whatever KAYFABE_CE_EXECUTOR says. ⊘ The forwarding hand-off stays armed for every USER proc.
2026-08-11T05:24:01.171886Z qemu-system-x86_64: info: nvkvm: DOORBELL token 0x00010004 at +0xbb0090 SERVED-LOCAL [CpuCe::ServedLocally]
kayfabe: ENGINE-OBJECT class=0xc7b5 client=0xc1d0000a parent=0xcaf00028 params=8B → REFUSED Rm(Other(64)) [seen=9 forwarded=2]
kayfabe: CE-SYSPROC-KEPT #7 token=0x00020005 proc=0 chan=8 pdb=0x4000 — `l1_concurrency.md` §12.26: the SYSTEM proc has no data plane and its CeUtils scrub is FORGED, never forwarded, so this doorbell is the shell's whatever KAYFABE_CE_EXECUTOR says. ⊘ The forwarding hand-off stays armed for every USER proc.
2026-08-11T05:24:01.239770Z qemu-system-x86_64: info: nvkvm: DOORBELL token 0x00020005 at +0xbb0090 SERVED-LOCAL [CpuCe::ServedLocally]
kayfabe: ENGINE-OBJECT class=0xc7b5 client=0xc1d0000a parent=0xcaf00033 params=8B → REFUSED Rm(Other(64)) [seen=10 forwarded=2]
kayfabe: CE-SYSPROC-KEPT #8 token=0x00020006 proc=0 chan=9 pdb=0x4000 — `l1_concurrency.md` §12.26: the SYSTEM proc has no data plane and its CeUtils scrub is FORGED, never forwarded, so this doorbell is the shell's whatever KAYFABE_CE_EXECUTOR says. ⊘ The forwarding hand-off stays armed for every USER proc.
2026-08-11T05:24:01.305597Z qemu-system-x86_64: info: nvkvm: DOORBELL token 0x00020006 at +0xbb0090 SERVED-LOCAL [CpuCe::ServedLocally]
kayfabe: CE-SYSPROC-KEPT #9 token=0x00010003 proc=0 chan=6 pdb=0x4000 — `l1_concurrency.md` §12.26: the SYSTEM proc has no data plane and its CeUtils scrub is FORGED, never forwarded, so this doorbell is the shell's whatever KAYFABE_CE_EXECUTOR says. ⊘ The forwarding hand-off stays armed for every USER proc.
2026-08-11T05:24:01.306443Z qemu-system-x86_64: info: nvkvm: DOORBELL token 0x00010003 at +0xbb0090 SERVED-LOCAL [CpuCe::ServedLocally]
kayfabe: CE-SYSPROC-KEPT #10 token=0x00010003 proc=0 chan=6 pdb=0x200000 — `l1_concurrency.md` §12.26: the SYSTEM proc has no data plane and its CeUtils scrub is FORGED, never forwarded, so this doorbell is the shell's whatever KAYFABE_CE_EXECUTOR says. ⊘ The forwarding hand-off stays armed for every USER proc.
2026-08-11T05:24:01.316523Z qemu-system-x86_64: info: nvkvm: DOORBELL token 0x00010003 at +0xbb0090 SERVED-LOCAL [CpuCe::ServedLocally]
kayfabe: CE-SYSPROC-KEPT #11 token=0x00010003 proc=0 chan=6 pdb=0x200000 — `l1_concurrency.md` §12.26: the SYSTEM proc has no data plane and its CeUtils scrub is FORGED, never forwarded, so this doorbell is the shell's whatever KAYFABE_CE_EXECUTOR says. ⊘ The forwarding hand-off stays armed for every USER proc.
2026-08-11T05:24:01.319809Z qemu-system-x86_64: info: nvkvm: DOORBELL token 0x00010003 at +0xbb0090 SERVED-LOCAL [CpuCe::ServedLocally]
kayfabe: CE-SYSPROC-KEPT #12 token=0x00010003 proc=0 chan=6 pdb=0x200000 — `l1_concurrency.md` §12.26: the SYSTEM proc has no data plane and its CeUtils scrub is FORGED, never forwarded, so this doorbell is the shell's whatever KAYFABE_CE_EXECUTOR says. ⊘ The forwarding hand-off stays armed for every USER proc.
2026-08-11T05:24:01.321088Z qemu-system-x86_64: info: nvkvm: DOORBELL token 0x00010003 at +0xbb0090 SERVED-LOCAL [CpuCe::ServedLocally]
kayfabe: CE-SYSPROC-KEPT #13 token=0x00010003 proc=0 chan=6 pdb=0x200000 — `l1_concurrency.md` §12.26: the SYSTEM proc has no data plane and its CeUtils scrub is FORGED, never forwarded, so this doorbell is the shell's whatever KAYFABE_CE_EXECUTOR says. ⊘ The forwarding hand-off stays armed for every USER proc.
2026-08-11T05:24:01.323042Z qemu-system-x86_64: info: nvkvm: DOORBELL token 0x00010003 at +0xbb0090 SERVED-LOCAL [CpuCe::ServedLocally]
kayfabe: CE-SYSPROC-KEPT #14 token=0x00010003 proc=0 chan=6 pdb=0x200000 — `l1_concurrency.md` §12.26: the SYSTEM proc has no data plane and its CeUtils scrub is FORGED, never forwarded, so this doorbell is the shell's whatever KAYFABE_CE_EXECUTOR says. ⊘ The forwarding hand-off stays armed for every USER proc.
2026-08-11T05:24:01.324256Z qemu-system-x86_64: info: nvkvm: DOORBELL token 0x00010003 at +0xbb0090 SERVED-LOCAL [CpuCe::ServedLocally]
kayfabe: CE-SYSPROC-KEPT #15 token=0x00010003 proc=0 chan=6 pdb=0x200000 — `l1_concurrency.md` §12.26: the SYSTEM proc has no data plane and its CeUtils scrub is FORGED, never forwarded, so this doorbell is the shell's whatever KAYFABE_CE_EXECUTOR says. ⊘ The forwarding hand-off stays armed for every USER proc.
2026-08-11T05:24:01.326585Z qemu-system-x86_64: info: nvkvm: DOORBELL token 0x00010003 at +0xbb0090 SERVED-LOCAL [CpuCe::ServedLocally]
kayfabe: CE-SYSPROC-KEPT #16 token=0x00010003 proc=0 chan=6 pdb=0x200000 — `l1_concurrency.md` §12.26: the SYSTEM proc has no data plane and its CeUtils scrub is FORGED, never forwarded, so this doorbell is the shell's whatever KAYFABE_CE_EXECUTOR says. ⊘ The forwarding hand-off stays armed for every USER proc.
2026-08-11T05:24:01.328757Z qemu-system-x86_64: info: nvkvm: DOORBELL token 0x00010003 at +0xbb0090 SERVED-LOCAL [CpuCe::ServedLocally]
kayfabe: CE-SYSPROC-KEPT #17 token=0x00010003 proc=0 chan=6 pdb=0x200000 — `l1_concurrency.md` §12.26: the SYSTEM proc has no data plane and its CeUtils scrub is FORGED, never forwarded, so this doorbell is the shell's whatever KAYFABE_CE_EXECUTOR says. ⊘ The forwarding hand-off stays armed for every USER proc.
kayfabe: CE-SYSPROC-KEPT #18 token=0x00010003 proc=0 chan=6 pdb=0x200000 — `l1_concurrency.md` §12.26: the SYSTEM proc has no data plane and its CeUtils scrub is FORGED, never forwarded, so this doorbell is the shell's whatever KAYFABE_CE_EXECUTOR says. ⊘ The forwarding hand-off stays armed for every USER proc.
kayfabe: CE-SYSPROC-KEPT #19 token=0x00010003 proc=0 chan=6 pdb=0x200000 — `l1_concurrency.md` §12.26: the SYSTEM proc has no data plane and its CeUtils scrub is FORGED, never forwarded, so this doorbell is the shell's whatever KAYFABE_CE_EXECUTOR says. ⊘ The forwarding hand-off stays armed for every USER proc.
kayfabe: CE-SYSPROC-KEPT #20 token=0x00010003 proc=0 chan=6 pdb=0x200000 — `l1_concurrency.md` §12.26: the SYSTEM proc has no data plane and its CeUtils scrub is FORGED, never forwarded, so this doorbell is the shell's whatever KAYFABE_CE_EXECUTOR says. ⊘ The forwarding hand-off stays armed for every USER proc.
kayfabe: CE-SYSPROC-KEPT #21 token=0x00010003 proc=0 chan=6 pdb=0x200000 — `l1_concurrency.md` §12.26: the SYSTEM proc has no data plane and its CeUtils scrub is FORGED, never forwarded, so this doorbell is the shell's whatever KAYFABE_CE_EXECUTOR says. ⊘ The forwarding hand-off stays armed for every USER proc.
kayfabe: CE-SYSPROC-KEPT #22 token=0x00010003 proc=0 chan=6 pdb=0x200000 — `l1_concurrency.md` §12.26: the SYSTEM proc has no data plane and its CeUtils scrub is FORGED, never forwarded, so this doorbell is the shell's whatever KAYFABE_CE_EXECUTOR says. ⊘ The forwarding hand-off stays armed for every USER proc.
kayfabe: CE-SYSPROC-KEPT #23 token=0x00010003 proc=0 chan=6 pdb=0x200000 — `l1_concurrency.md` §12.26: the SYSTEM proc has no data plane and its CeUtils scrub is FORGED, never forwarded, so this doorbell is the shell's whatever KAYFABE_CE_EXECUTOR says. ⊘ The forwarding hand-off stays armed for every USER proc.
kayfabe: CE-SYSPROC-KEPT #24 token=0x00010003 proc=0 chan=6 pdb=0x200000 — `l1_concurrency.md` §12.26: the SYSTEM proc has no data plane and its CeUtils scrub is FORGED, never forwarded, so this doorbell is the shell's whatever KAYFABE_CE_EXECUTOR says. ⊘ The forwarding hand-off stays armed for every USER proc.
kayfabe: CE-SYSPROC-KEPT #25 token=0x00010003 proc=0 chan=6 pdb=0x200000 — `l1_concurrency.md` §12.26: the SYSTEM proc has no data plane and its CeUtils scrub is FORGED, never forwarded, so this doorbell is the shell's whatever KAYFABE_CE_EXECUTOR says. ⊘ The forwarding hand-off stays armed for every USER proc.
kayfabe: CE-SYSPROC-KEPT #26 token=0x00010003 proc=0 chan=6 pdb=0x200000 — `l1_concurrency.md` §12.26: the SYSTEM proc has no data plane and its CeUtils scrub is FORGED, never forwarded, so this doorbell is the shell's whatever KAYFABE_CE_EXECUTOR says. ⊘ The forwarding hand-off stays armed for every USER proc.
kayfabe: CE-SYSPROC-KEPT #27 token=0x00010003 proc=0 chan=6 pdb=0x200000 — `l1_concurrency.md` §12.26: the SYSTEM proc has no data plane and its CeUtils scrub is FORGED, never forwarded, so this doorbell is the shell's whatever KAYFABE_CE_EXECUTOR says. ⊘ The forwarding hand-off stays armed for every USER proc.
kayfabe: CE-SYSPROC-KEPT #28 token=0x00010003 proc=0 chan=6 pdb=0x200000 — `l1_concurrency.md` §12.26: the SYSTEM proc has no data plane and its CeUtils scrub is FORGED, never forwarded, so this doorbell is the shell's whatever KAYFABE_CE_EXECUTOR says. ⊘ The forwarding hand-off stays armed for every USER proc.
kayfabe: CE-SYSPROC-KEPT #29 token=0x00010003 proc=0 chan=6 pdb=0x200000 — `l1_concurrency.md` §12.26: the SYSTEM proc has no data plane and its CeUtils scrub is FORGED, never forwarded, so this doorbell is the shell's whatever KAYFABE_CE_EXECUTOR says. ⊘ The forwarding hand-off stays armed for every USER proc.
kayfabe: CE-SYSPROC-KEPT #30 token=0x00010003 proc=0 chan=6 pdb=0x200000 — `l1_concurrency.md` §12.26: the SYSTEM proc has no data plane and its CeUtils scrub is FORGED, never forwarded, so this doorbell is the shell's whatever KAYFABE_CE_EXECUTOR says. ⊘ The forwarding hand-off stays armed for every USER proc.
kayfabe: CE-SYSPROC-KEPT #31 token=0x00010003 proc=0 chan=6 pdb=0x200000 — `l1_concurrency.md` §12.26: the SYSTEM proc has no data plane and its CeUtils scrub is FORGED, never forwarded, so this doorbell is the shell's whatever KAYFABE_CE_EXECUTOR says. ⊘ The forwarding hand-off stays armed for every USER proc.
kayfabe: CE-SYSPROC-KEPT #32 token=0x00010003 proc=0 chan=6 pdb=0x200000 — `l1_concurrency.md` §12.26: the SYSTEM proc has no data plane and its CeUtils scrub is FORGED, never forwarded, so this doorbell is the shell's whatever KAYFABE_CE_EXECUTOR says. ⊘ The forwarding hand-off stays armed for every USER proc.
2026-08-11T05:24:01.507359Z qemu-system-x86_64: info: nvkvm: DOORBELL-HEARTBEAT arrival #32 token 0x00010003
kayfabe: CE-SYSPROC-KEPT #33 token=0x00010003 proc=0 chan=6 pdb=0x200000 — `l1_concurrency.md` §12.26: the SYSTEM proc has no data plane and its CeUtils scrub is FORGED, never forwarded, so this doorbell is the shell's whatever KAYFABE_CE_EXECUTOR says. ⊘ The forwarding hand-off stays armed for every USER proc.
kayfabe: CE-SYSPROC-KEPT #34 token=0x00010003 proc=0 chan=6 pdb=0x200000 — `l1_concurrency.md` §12.26: the SYSTEM proc has no data plane and its CeUtils scrub is FORGED, never forwarded, so this doorbell is the shell's whatever KAYFABE_CE_EXECUTOR says. ⊘ The forwarding hand-off stays armed for every USER proc.
kayfabe: CE-SYSPROC-KEPT #35 token=0x00010003 proc=0 chan=6 pdb=0x200000 — `l1_concurrency.md` §12.26: the SYSTEM proc has no data plane and its CeUtils scrub is FORGED, never forwarded, so this doorbell is the shell's whatever KAYFABE_CE_EXECUTOR says. ⊘ The forwarding hand-off stays armed for every USER proc.
kayfabe: CE-SYSPROC-KEPT #36 token=0x00010003 proc=0 chan=6 pdb=0x200000 — `l1_concurrency.md` §12.26: the SYSTEM proc has no data plane and its CeUtils scrub is FORGED, never forwarded, so this doorbell is the shell's whatever KAYFABE_CE_EXECUTOR says. ⊘ The forwarding hand-off stays armed for every USER proc.
kayfabe: CE-SYSPROC-KEPT #37 token=0x00010003 proc=0 chan=6 pdb=0x200000 — `l1_concurrency.md` §12.26: the SYSTEM proc has no data plane and its CeUtils scrub is FORGED, never forwarded, so this doorbell is the shell's whatever KAYFABE_CE_EXECUTOR says. ⊘ The forwarding hand-off stays armed for every USER proc.
kayfabe: CE-SYSPROC-KEPT #38 token=0x00010003 proc=0 chan=6 pdb=0x200000 — `l1_concurrency.md` §12.26: the SYSTEM proc has no data plane and its CeUtils scrub is FORGED, never forwarded, so this doorbell is the shell's whatever KAYFABE_CE_EXECUTOR says. ⊘ The forwarding hand-off stays armed for every USER proc.
kayfabe: CE-SYSPROC-KEPT #39 token=0x00010003 proc=0 chan=6 pdb=0x200000 — `l1_concurrency.md` §12.26: the SYSTEM proc has no data plane and its CeUtils scrub is FORGED, never forwarded, so this doorbell is the shell's whatever KAYFABE_CE_EXECUTOR says. ⊘ The forwarding hand-off stays armed for every USER proc.
kayfabe: CE-SYSPROC-KEPT #40 token=0x00010003 proc=0 chan=6 pdb=0x200000 — `l1_concurrency.md` §12.26: the SYSTEM proc has no data plane and its CeUtils scrub is FORGED, never forwarded, so this doorbell is the shell's whatever KAYFABE_CE_EXECUTOR says. ⊘ The forwarding hand-off stays armed for every USER proc.
kayfabe: CE-SYSPROC-KEPT #41 token=0x00010003 proc=0 chan=6 pdb=0x200000 — `l1_concurrency.md` §12.26: the SYSTEM proc has no data plane and its CeUtils scrub is FORGED, never forwarded, so this doorbell is the shell's whatever KAYFABE_CE_EXECUTOR says. ⊘ The forwarding hand-off stays armed for every USER proc.
kayfabe: CE-SYSPROC-KEPT #42 token=0x00010003 proc=0 chan=6 pdb=0x200000 — `l1_concurrency.md` §12.26: the SYSTEM proc has no data plane and its CeUtils scrub is FORGED, never forwarded, so this doorbell is the shell's whatever KAYFABE_CE_EXECUTOR says. ⊘ The forwarding hand-off stays armed for every USER proc.
kayfabe: CE-SYSPROC-KEPT #43 token=0x00010003 proc=0 chan=6 pdb=0x200000 — `l1_concurrency.md` §12.26: the SYSTEM proc has no data plane and its CeUtils scrub is FORGED, never forwarded, so this doorbell is the shell's whatever KAYFABE_CE_EXECUTOR says. ⊘ The forwarding hand-off stays armed for every USER proc.
kayfabe: CE-SYSPROC-KEPT #44 token=0x00010003 proc=0 chan=6 pdb=0x200000 — `l1_concurrency.md` §12.26: the SYSTEM proc has no data plane and its CeUtils scrub is FORGED, never forwarded, so this doorbell is the shell's whatever KAYFABE_CE_EXECUTOR says. ⊘ The forwarding hand-off stays armed for every USER proc.
kayfabe: CE-SYSPROC-KEPT #45 token=0x00010003 proc=0 chan=6 pdb=0x200000 — `l1_concurrency.md` §12.26: the SYSTEM proc has no data plane and its CeUtils scrub is FORGED, never forwarded, so this doorbell is the shell's whatever KAYFABE_CE_EXECUTOR says. ⊘ The forwarding hand-off stays armed for every USER proc.
kayfabe: CE-SYSPROC-KEPT #46 token=0x00010003 proc=0 chan=6 pdb=0x200000 — `l1_concurrency.md` §12.26: the SYSTEM proc has no data plane and its CeUtils scrub is FORGED, never forwarded, so this doorbell is the shell's whatever KAYFABE_CE_EXECUTOR says. ⊘ The forwarding hand-off stays armed for every USER proc.
kayfabe: CE-SYSPROC-KEPT #47 token=0x00010003 proc=0 chan=6 pdb=0x200000 — `l1_concurrency.md` §12.26: the SYSTEM proc has no data plane and its CeUtils scrub is FORGED, never forwarded, so this doorbell is the shell's whatever KAYFABE_CE_EXECUTOR says. ⊘ The forwarding hand-off stays armed for every USER proc.
kayfabe: CE-SYSPROC-KEPT #48 token=0x00010003 proc=0 chan=6 pdb=0x200000 — `l1_concurrency.md` §12.26: the SYSTEM proc has no data plane and its CeUtils scrub is FORGED, never forwarded, so this doorbell is the shell's whatever KAYFABE_CE_EXECUTOR says. ⊘ The forwarding hand-off stays armed for every USER proc.
kayfabe: CE-SYSPROC-KEPT #49 token=0x00010003 proc=0 chan=6 pdb=0x200000 — `l1_concurrency.md` §12.26: the SYSTEM proc has no data plane and its CeUtils scrub is FORGED, never forwarded, so this doorbell is the shell's whatever KAYFABE_CE_EXECUTOR says. ⊘ The forwarding hand-off stays armed for every USER proc.
kayfabe: CE-SYSPROC-KEPT #50 token=0x00010003 proc=0 chan=6 pdb=0x200000 — `l1_concurrency.md` §12.26: the SYSTEM proc has no data plane and its CeUtils scrub is FORGED, never forwarded, so this doorbell is the shell's whatever KAYFABE_CE_EXECUTOR says. ⊘ The forwarding hand-off stays armed for every USER proc.
kayfabe: CE-SYSPROC-KEPT #51 token=0x00010003 proc=0 chan=6 pdb=0x200000 — `l1_concurrency.md` §12.26: the SYSTEM proc has no data plane and its CeUtils scrub is FORGED, never forwarded, so this doorbell is the shell's whatever KAYFABE_CE_EXECUTOR says. ⊘ The forwarding hand-off stays armed for every USER proc.
kayfabe: CE-SYSPROC-KEPT #52 token=0x00010003 proc=0 chan=6 pdb=0x200000 — `l1_concurrency.md` §12.26: the SYSTEM proc has no data plane and its CeUtils scrub is FORGED, never forwarded, so this doorbell is the shell's whatever KAYFABE_CE_EXECUTOR says. ⊘ The forwarding hand-off stays armed for every USER proc.
kayfabe: CE-SYSPROC-KEPT #53 token=0x00010003 proc=0 chan=6 pdb=0x200000 — `l1_concurrency.md` §12.26: the SYSTEM proc has no data plane and its CeUtils scrub is FORGED, never forwarded, so this doorbell is the shell's whatever KAYFABE_CE_EXECUTOR says. ⊘ The forwarding hand-off stays armed for every USER proc.
kayfabe: CE-SYSPROC-KEPT #54 token=0x00010003 proc=0 chan=6 pdb=0x200000 — `l1_concurrency.md` §12.26: the SYSTEM proc has no data plane and its CeUtils scrub is FORGED, never forwarded, so this doorbell is the shell's whatever KAYFABE_CE_EXECUTOR says. ⊘ The forwarding hand-off stays armed for every USER proc.
kayfabe: CE-SYSPROC-KEPT #55 token=0x00010003 proc=0 chan=6 pdb=0x200000 — `l1_concurrency.md` §12.26: the SYSTEM proc has no data plane and its CeUtils scrub is FORGED, never forwarded, so this doorbell is the shell's whatever KAYFABE_CE_EXECUTOR says. ⊘ The forwarding hand-off stays armed for every USER proc.
kayfabe: CE-SYSPROC-KEPT #56 token=0x00010003 proc=0 chan=6 pdb=0x200000 — `l1_concurrency.md` §12.26: the SYSTEM proc has no data plane and its CeUtils scrub is FORGED, never forwarded, so this doorbell is the shell's whatever KAYFABE_CE_EXECUTOR says. ⊘ The forwarding hand-off stays armed for every USER proc.
kayfabe: CE-SYSPROC-KEPT #57 token=0x00010003 proc=0 chan=6 pdb=0x200000 — `l1_concurrency.md` §12.26: the SYSTEM proc has no data plane and its CeUtils scrub is FORGED, never forwarded, so this doorbell is the shell's whatever KAYFABE_CE_EXECUTOR says. ⊘ The forwarding hand-off stays armed for every USER proc.
kayfabe: CE-SYSPROC-KEPT #58 token=0x00010003 proc=0 chan=6 pdb=0x200000 — `l1_concurrency.md` §12.26: the SYSTEM proc has no data plane and its CeUtils scrub is FORGED, never forwarded, so this doorbell is the shell's whatever KAYFABE_CE_EXECUTOR says. ⊘ The forwarding hand-off stays armed for every USER proc.
kayfabe: CE-SYSPROC-KEPT #59 token=0x00010003 proc=0 chan=6 pdb=0x200000 — `l1_concurrency.md` §12.26: the SYSTEM proc has no data plane and its CeUtils scrub is FORGED, never forwarded, so this doorbell is the shell's whatever KAYFABE_CE_EXECUTOR says. ⊘ The forwarding hand-off stays armed for every USER proc.
kayfabe: CE-SYSPROC-KEPT #60 token=0x00010003 proc=0 chan=6 pdb=0x200000 — `l1_concurrency.md` §12.26: the SYSTEM proc has no data plane and its CeUtils scrub is FORGED, never forwarded, so this doorbell is the shell's whatever KAYFABE_CE_EXECUTOR says. ⊘ The forwarding hand-off stays armed for every USER proc.
kayfabe: CE-SYSPROC-KEPT #61 token=0x00010003 proc=0 chan=6 pdb=0x200000 — `l1_concurrency.md` §12.26: the SYSTEM proc has no data plane and its CeUtils scrub is FORGED, never forwarded, so this doorbell is the shell's whatever KAYFABE_CE_EXECUTOR says. ⊘ The forwarding hand-off stays armed for every USER proc.
kayfabe: CE-SYSPROC-KEPT #62 token=0x00010003 proc=0 chan=6 pdb=0x200000 — `l1_concurrency.md` §12.26: the SYSTEM proc has no data plane and its CeUtils scrub is FORGED, never forwarded, so this doorbell is the shell's whatever KAYFABE_CE_EXECUTOR says. ⊘ The forwarding hand-off stays armed for every USER proc.
kayfabe: CE-SYSPROC-KEPT #63 token=0x00010003 proc=0 chan=6 pdb=0x200000 — `l1_concurrency.md` §12.26: the SYSTEM proc has no data plane and its CeUtils scrub is FORGED, never forwarded, so this doorbell is the shell's whatever KAYFABE_CE_EXECUTOR says. ⊘ The forwarding hand-off stays armed for every USER proc.
kayfabe: CE-SYSPROC-KEPT #64 token=0x00010003 proc=0 chan=6 pdb=0x200000 — `l1_concurrency.md` §12.26: the SYSTEM proc has no data plane and its CeUtils scrub is FORGED, never forwarded, so this doorbell is the shell's whatever KAYFABE_CE_EXECUTOR says. ⊘ The forwarding hand-off stays armed for every USER proc.
2026-08-11T05:24:01.533329Z qemu-system-x86_64: info: nvkvm: DOORBELL-HEARTBEAT arrival #64 token 0x00010003
kayfabe: CE-SYSPROC-KEPT #65 token=0x00010003 proc=0 chan=6 pdb=0x200000 — `l1_concurrency.md` §12.26: the SYSTEM proc has no data plane and its CeUtils scrub is FORGED, never forwarded, so this doorbell is the shell's whatever KAYFABE_CE_EXECUTOR says. ⊘ The forwarding hand-off stays armed for every USER proc.
kayfabe: CE-SYSPROC-KEPT #66 token=0x00010003 proc=0 chan=6 pdb=0x200000 — `l1_concurrency.md` §12.26: the SYSTEM proc has no data plane and its CeUtils scrub is FORGED, never forwarded, so this doorbell is the shell's whatever KAYFABE_CE_EXECUTOR says. ⊘ The forwarding hand-off stays armed for every USER proc.
kayfabe: ENGINE-OBJECT class=0xc7c0 client=0xc1d0000c parent=0x5c000019 params=16B → FORWARDED engine=GrCompute host_object=0xcafe000a materialized_channel=true reused=false [seen=11 forwarded=3]
kayfabe: ENGINE-OBJECT class=0xc7b5 client=0xc1d0000c parent=0x5c000019 params=8B → FORWARDED engine=Ce host_object=0xcafe000b materialized_channel=false reused=false [seen=12 forwarded=4]
kayfabe: CE-SYSPROC-KEPT #67 token=0x00010003 proc=0 chan=6 pdb=0x200000 — `l1_concurrency.md` §12.26: the SYSTEM proc has no data plane and its CeUtils scrub is FORGED, never forwarded, so this doorbell is the shell's whatever KAYFABE_CE_EXECUTOR says. ⊘ The forwarding hand-off stays armed for every USER proc.
kayfabe: CE-SYSPROC-KEPT #68 token=0x00010003 proc=0 chan=6 pdb=0x200000 — `l1_concurrency.md` §12.26: the SYSTEM proc has no data plane and its CeUtils scrub is FORGED, never forwarded, so this doorbell is the shell's whatever KAYFABE_CE_EXECUTOR says. ⊘ The forwarding hand-off stays armed for every USER proc.
kayfabe: ENGINE-OBJECT class=0xc7c0 client=0xc1d0000c parent=0x5c00001f params=16B → FORWARDED engine=GrCompute host_object=0xcafe0010 materialized_channel=true reused=false [seen=13 forwarded=5]
kayfabe: ENGINE-OBJECT class=0xc7b5 client=0xc1d0000c parent=0x5c00001f params=8B → FORWARDED engine=Ce host_object=0xcafe0011 materialized_channel=false reused=false [seen=14 forwarded=6]
kayfabe: ENGINE-OBJECT class=0xc7c0 client=0xc1d0000c parent=0x5c000023 params=16B → FORWARDED engine=GrCompute host_object=0xcafe0016 materialized_channel=true reused=false [seen=15 forwarded=7]
kayfabe: ENGINE-OBJECT class=0xc7b5 client=0xc1d0000c parent=0x5c000023 params=8B → FORWARDED engine=Ce host_object=0xcafe0017 materialized_channel=false reused=false [seen=16 forwarded=8]
kayfabe: ENGINE-OBJECT class=0xc7c0 client=0xc1d0000c parent=0x5c000027 params=16B → FORWARDED engine=GrCompute host_object=0xcafe001c materialized_channel=true reused=false [seen=17 forwarded=9]
kayfabe: ENGINE-OBJECT class=0xc7b5 client=0xc1d0000c parent=0x5c000027 params=8B → FORWARDED engine=Ce host_object=0xcafe001d materialized_channel=false reused=false [seen=18 forwarded=10]
kayfabe: ENGINE-OBJECT class=0xc7c0 client=0xc1d0000c parent=0x5c00002b params=16B → FORWARDED engine=GrCompute host_object=0xcafe0022 materialized_channel=true reused=false [seen=19 forwarded=11]
kayfabe: ENGINE-OBJECT class=0xc7b5 client=0xc1d0000c parent=0x5c00002b params=8B → FORWARDED engine=Ce host_object=0xcafe0023 materialized_channel=false reused=false [seen=20 forwarded=12]
kayfabe: ENGINE-OBJECT class=0xc7c0 client=0xc1d0000c parent=0x5c00002f params=16B → FORWARDED engine=GrCompute host_object=0xcafe0028 materialized_channel=true reused=false [seen=21 forwarded=13]
kayfabe: ENGINE-OBJECT class=0xc7b5 client=0xc1d0000c parent=0x5c00002f params=8B → FORWARDED engine=Ce host_object=0xcafe0029 materialized_channel=false reused=false [seen=22 forwarded=14]
kayfabe: ENGINE-OBJECT class=0xc7c0 client=0xc1d0000c parent=0x5c000033 params=16B → FORWARDED engine=GrCompute host_object=0xcafe002e materialized_channel=true reused=false [seen=23 forwarded=15]
kayfabe: ENGINE-OBJECT class=0xc7b5 client=0xc1d0000c parent=0x5c000033 params=8B → FORWARDED engine=Ce host_object=0xcafe002f materialized_channel=false reused=false [seen=24 forwarded=16]
kayfabe: ENGINE-OBJECT class=0xc7c0 client=0xc1d0000c parent=0x5c000037 params=16B → FORWARDED engine=GrCompute host_object=0xcafe0034 materialized_channel=true reused=false [seen=25 forwarded=17]
kayfabe: ENGINE-OBJECT class=0xc7b5 client=0xc1d0000c parent=0x5c000037 params=8B → FORWARDED engine=Ce host_object=0xcafe0035 materialized_channel=false reused=false [seen=26 forwarded=18]
kayfabe: CE-SYSPROC-KEPT #69 token=0x00010003 proc=0 chan=6 pdb=0x200000 — `l1_concurrency.md` §12.26: the SYSTEM proc has no data plane and its CeUtils scrub is FORGED, never forwarded, so this doorbell is the shell's whatever KAYFABE_CE_EXECUTOR says. ⊘ The forwarding hand-off stays armed for every USER proc.
kayfabe: CE-SYSPROC-KEPT #70 token=0x00010003 proc=0 chan=6 pdb=0x200000 — `l1_concurrency.md` §12.26: the SYSTEM proc has no data plane and its CeUtils scrub is FORGED, never forwarded, so this doorbell is the shell's whatever KAYFABE_CE_EXECUTOR says. ⊘ The forwarding hand-off stays armed for every USER proc.
kayfabe: CE-SYSPROC-KEPT #71 token=0x00010003 proc=0 chan=6 pdb=0x200000 — `l1_concurrency.md` §12.26: the SYSTEM proc has no data plane and its CeUtils scrub is FORGED, never forwarded, so this doorbell is the shell's whatever KAYFABE_CE_EXECUTOR says. ⊘ The forwarding hand-off stays armed for every USER proc.
kayfabe: CE-SYSPROC-KEPT #72 token=0x00010003 proc=0 chan=6 pdb=0x200000 — `l1_concurrency.md` §12.26: the SYSTEM proc has no data plane and its CeUtils scrub is FORGED, never forwarded, so this doorbell is the shell's whatever KAYFABE_CE_EXECUTOR says. ⊘ The forwarding hand-off stays armed for every USER proc.
kayfabe: CE-SYSPROC-KEPT #73 token=0x00010003 proc=0 chan=6 pdb=0x200000 — `l1_concurrency.md` §12.26: the SYSTEM proc has no data plane and its CeUtils scrub is FORGED, never forwarded, so this doorbell is the shell's whatever KAYFABE_CE_EXECUTOR says. ⊘ The forwarding hand-off stays armed for every USER proc.
kayfabe: CE-SYSPROC-KEPT #74 token=0x00010003 proc=0 chan=6 pdb=0x200000 — `l1_concurrency.md` §12.26: the SYSTEM proc has no data plane and its CeUtils scrub is FORGED, never forwarded, so this doorbell is the shell's whatever KAYFABE_CE_EXECUTOR says. ⊘ The forwarding hand-off stays armed for every USER proc.
kayfabe: CE-SYSPROC-KEPT #75 token=0x00010003 proc=0 chan=6 pdb=0x200000 — `l1_concurrency.md` §12.26: the SYSTEM proc has no data plane and its CeUtils scrub is FORGED, never forwarded, so this doorbell is the shell's whatever KAYFABE_CE_EXECUTOR says. ⊘ The forwarding hand-off stays armed for every USER proc.
kayfabe: CE-SYSPROC-KEPT #76 token=0x00010003 proc=0 chan=6 pdb=0x200000 — `l1_concurrency.md` §12.26: the SYSTEM proc has no data plane and its CeUtils scrub is FORGED, never forwarded, so this doorbell is the shell's whatever KAYFABE_CE_EXECUTOR says. ⊘ The forwarding hand-off stays armed for every USER proc.
kayfabe: CE-SYSPROC-KEPT #77 token=0x00010003 proc=0 chan=6 pdb=0x200000 — `l1_concurrency.md` §12.26: the SYSTEM proc has no data plane and its CeUtils scrub is FORGED, never forwarded, so this doorbell is the shell's whatever KAYFABE_CE_EXECUTOR says. ⊘ The forwarding hand-off stays armed for every USER proc.
kayfabe: CE-SYSPROC-KEPT #78 token=0x00010003 proc=0 chan=6 pdb=0x200000 — `l1_concurrency.md` §12.26: the SYSTEM proc has no data plane and its CeUtils scrub is FORGED, never forwarded, so this doorbell is the shell's whatever KAYFABE_CE_EXECUTOR says. ⊘ The forwarding hand-off stays armed for every USER proc.
kayfabe: CE-SYSPROC-KEPT #79 token=0x00010003 proc=0 chan=6 pdb=0x200000 — `l1_concurrency.md` §12.26: the SYSTEM proc has no data plane and its CeUtils scrub is FORGED, never forwarded, so this doorbell is the shell's whatever KAYFABE_CE_EXECUTOR says. ⊘ The forwarding hand-off stays armed for every USER proc.
kayfabe: CE-SYSPROC-KEPT #80 token=0x00010003 proc=0 chan=6 pdb=0x200000 — `l1_concurrency.md` §12.26: the SYSTEM proc has no data plane and its CeUtils scrub is FORGED, never forwarded, so this doorbell is the shell's whatever KAYFABE_CE_EXECUTOR says. ⊘ The forwarding hand-off stays armed for every USER proc.
kayfabe: CE-SYSPROC-KEPT #81 token=0x00010003 proc=0 chan=6 pdb=0x200000 — `l1_concurrency.md` §12.26: the SYSTEM proc has no data plane and its CeUtils scrub is FORGED, never forwarded, so this doorbell is the shell's whatever KAYFABE_CE_EXECUTOR says. ⊘ The forwarding hand-off stays armed for every USER proc.
kayfabe: CE-SYSPROC-KEPT #82 token=0x00010003 proc=0 chan=6 pdb=0x200000 — `l1_concurrency.md` §12.26: the SYSTEM proc has no data plane and its CeUtils scrub is FORGED, never forwarded, so this doorbell is the shell's whatever KAYFABE_CE_EXECUTOR says. ⊘ The forwarding hand-off stays armed for every USER proc.
kayfabe: ENGINE-OBJECT class=0xc7b5 client=0xc1d0000c parent=0x5c00003d params=8B → REFUSED Rm(Other(64)) [seen=27 forwarded=18]
kayfabe: ENGINE-OBJECT class=0xc7b5 client=0xc1d0000c parent=0x5c000040 params=8B → REFUSED Rm(Other(64)) [seen=28 forwarded=18]
kayfabe: ENGINE-OBJECT class=0xc7b5 client=0xc1d0000c parent=0x5c000043 params=8B → REFUSED Rm(Other(64)) [seen=29 forwarded=18]
kayfabe: ENGINE-OBJECT class=0xc7b5 client=0xc1d0000c parent=0x5c000046 params=8B → REFUSED Rm(Other(64)) [seen=30 forwarded=18]
kayfabe: ENGINE-OBJECT class=0xc7b5 client=0xc1d0000c parent=0x5c00004b params=8B → REFUSED Rm(Other(64)) [seen=31 forwarded=18]
kayfabe: ENGINE-OBJECT class=0xc7b5 client=0xc1d0000c parent=0x5c00004e params=8B → REFUSED Rm(Other(64)) [seen=32 forwarded=18] ⊘ REPORT BOUND REACHED — later outcomes are counted, not printed
kayfabe: CE-SYSPROC-KEPT #83 token=0x00010003 proc=0 chan=6 pdb=0x200000 — `l1_concurrency.md` §12.26: the SYSTEM proc has no data plane and its CeUtils scrub is FORGED, never forwarded, so this doorbell is the shell's whatever KAYFABE_CE_EXECUTOR says. ⊘ The forwarding hand-off stays armed for every USER proc.
kayfabe: CE-SYSPROC-KEPT #84 token=0x00010003 proc=0 chan=6 pdb=0x200000 — `l1_concurrency.md` §12.26: the SYSTEM proc has no data plane and its CeUtils scrub is FORGED, never forwarded, so this doorbell is the shell's whatever KAYFABE_CE_EXECUTOR says. ⊘ The forwarding hand-off stays armed for every USER proc.
kayfabe: GR-PUSHBUFFER token=0x00000007 engine=GrCompute ring=0x200200000 idx=0 entries=1024 ranges=1 methods=86 bytes=864 | range va=0x200400000 len=864
      m[000] hdr=0x20012000 sub=1 addr=0x0000 count=1 secop=1 args=[0x0000c7c0]
      m[001] hdr=0x20012040 sub=1 addr=0x0100 count=1 secop=1 args=[0x00000000]
      m[002] hdr=0x200120a8 sub=1 addr=0x02a0 count=1 secop=1 args=[0x0000796d]
      m[003] hdr=0x200120a9 sub=1 addr=0x02a4 count=1 secop=1 args=[0xfd000000]
      m[004] hdr=0x200120c4 sub=1 addr=0x0310 count=1 secop=1 args=[0x00000806]
      m[005] hdr=0x20012092 sub=1 addr=0x0248 count=1 secop=1 args=[0x0005403f]
      m[006] hdr=0x20012092 sub=1 addr=0x0248 count=1 secop=1 args=[0x0005403e]
      m[007] hdr=0x20012092 sub=1 addr=0x0248 count=1 secop=1 args=[0x0005403d]
      m[008] hdr=0x20012092 sub=1 addr=0x0248 count=1 secop=1 args=[0x0005403c]
      m[009] hdr=0x20012092 sub=1 addr=0x0248 count=1 secop=1 args=[0x0005403b]
      m[010] hdr=0x20012092 sub=1 addr=0x0248 count=1 secop=1 args=[0x0005403a]
      m[011] hdr=0x20012092 sub=1 addr=0x0248 count=1 secop=1 args=[0x00054039]
      m[012] hdr=0x20012092 sub=1 addr=0x0248 count=1 secop=1 args=[0x00054038]
      m[013] hdr=0x20012092 sub=1 addr=0x0248 count=1 secop=1 args=[0x00054037]
      m[014] hdr=0x20012092 sub=1 addr=0x0248 count=1 secop=1 args=[0x00054036]
      m[015] hdr=0x20012092 sub=1 addr=0x0248 count=1 secop=1 args=[0x00054035]
      m[016] hdr=0x20012092 sub=1 addr=0x0248 count=1 secop=1 args=[0x00054034]
      m[017] hdr=0x20012092 sub=1 addr=0x0248 count=1 secop=1 args=[0x00054033]
      m[018] hdr=0x20012092 sub=1 addr=0x0248 count=1 secop=1 args=[0x00054032]
      m[019] hdr=0x20012092 sub=1 addr=0x0248 count=1 secop=1 args=[0x00054031]
      m[020] hdr=0x20012092 sub=1 addr=0x0248 count=1 secop=1 args=[0x00054030]
      m[021] hdr=0x20012092 sub=1 addr=0x0248 count=1 secop=1 args=[0x0005402f]
      m[022] hdr=0x20012092 sub=1 addr=0x0248 count=1 secop=1 args=[0x0005402e]
      m[023] hdr=0x20012092 sub=1 addr=0x0248 count=1 secop=1 args=[0x0005402d]
      m[024] hdr=0x20012092 sub=1 addr=0x0248 count=1 secop=1 args=[0x0005402c]
      m[025] hdr=0x20012092 sub=1 addr=0x0248 count=1 secop=1 args=[0x0005402b]
      m[026] hdr=0x20012092 sub=1 addr=0x0248 count=1 secop=1 args=[0x0005402a]
      m[027] hdr=0x20012092 sub=1 addr=0x0248 count=1 secop=1 args=[0x00054029]
      m[028] hdr=0x20012092 sub=1 addr=0x0248 count=1 secop=1 args=[0x00054028]
      m[029] hdr=0x20012092 sub=1 addr=0x0248 count=1 secop=1 args=[0x00054027]
      m[030] hdr=0x20012092 sub=1 addr=0x0248 count=1 secop=1 args=[0x00054026]
      m[031] hdr=0x20012092 sub=1 addr=0x0248 count=1 secop=1 args=[0x00054025]
      m[032] hdr=0x20012092 sub=1 addr=0x0248 count=1 secop=1 args=[0x00054024]
      m[033] hdr=0x20012092 sub=1 addr=0x0248 count=1 secop=1 args=[0x00054023]
      m[034] hdr=0x20012092 sub=1 addr=0x0248 count=1 secop=1 args=[0x00054022]
      m[035] hdr=0x20012092 sub=1 addr=0x0248 count=1 secop=1 args=[0x00054021]
      m[036] hdr=0x20012092 sub=1 addr=0x0248 count=1 secop=1 args=[0x00054020]
      m[037] hdr=0x20012092 sub=1 addr=0x0248 count=1 secop=1 args=[0x0005401f]
      m[038] hdr=0x20012092 sub=1 addr=0x0248 count=1 secop=1 args=[0x0005401e]
      m[039] hdr=0x20012092 sub=1 addr=0x0248 count=1 secop=1 args=[0x0005401d]
      m[040] hdr=0x20012092 sub=1 addr=0x0248 count=1 secop=1 args=[0x0005401c]
      m[041] hdr=0x20012092 sub=1 addr=0x0248 count=1 secop=1 args=[0x0005401b]
      m[042] hdr=0x20012092 sub=1 addr=0x0248 count=1 secop=1 args=[0x0005401a]
      m[043] hdr=0x20012092 sub=1 addr=0x0248 count=1 secop=1 args=[0x00054019]
      m[044] hdr=0x20012092 sub=1 addr=0x0248 count=1 secop=1 args=[0x00054018]
      m[045] hdr=0x20012092 sub=1 addr=0x0248 count=1 secop=1 args=[0x00054017]
      m[046] hdr=0x20012092 sub=1 addr=0x0248 count=1 secop=1 args=[0x00054016]
      m[047] hdr=0x20012092 sub=1 addr=0x0248 count=1 secop=1 args=[0x00054015]
      m[048] hdr=0x20012092 sub=1 addr=0x0248 count=1 secop=1 args=[0x00054014]
      m[049] hdr=0x20012092 sub=1 addr=0x0248 count=1 secop=1 args=[0x00054013]
      m[050] hdr=0x20012092 sub=1 addr=0x0248 count=1 secop=1 args=[0x00054012]
      m[051] hdr=0x20012092 sub=1 addr=0x0248 count=1 secop=1 args=[0x00054011]
      m[052] hdr=0x20012092 sub=1 addr=0x0248 count=1 secop=1 args=[0x00054010]
      m[053] hdr=0x20012092 sub=1 addr=0x0248 count=1 secop=1 args=[0x0005400f]
      m[054] hdr=0x20012092 sub=1 addr=0x0248 count=1 secop=1 args=[0x0005400e]
      m[055] hdr=0x20012092 sub=1 addr=0x0248 count=1 secop=1 args=[0x0005400d]
      m[056] hdr=0x20012092 sub=1 addr=0x0248 count=1 secop=1 args=[0x0005400c]
      m[057] hdr=0x20012092 sub=1 addr=0x0248 count=1 secop=1 args=[0x0005400b]
      m[058] hdr=0x20012092 sub=1 addr=0x0248 count=1 secop=1 args=[0x0005400a]
      m[059] hdr=0x20012092 sub=1 addr=0x0248 count=1 secop=1 args=[0x00054009]
      m[060] hdr=0x20012092 sub=1 addr=0x0248 count=1 secop=1 args=[0x00054008]
      m[061] hdr=0x20012092 sub=1 addr=0x0248 count=1 secop=1 args=[0x00054007]
      m[062] hdr=0x20012092 sub=1 addr=0x0248 count=1 secop=1 args=[0x00054006]
      m[063] hdr=0x20012092 sub=1 addr=0x0248 count=1 secop=1 args=[0x00054005]
      m[064] hdr=0x20012092 sub=1 addr=0x0248 count=1 secop=1 args=[0x00054004]
      m[065] hdr=0x20012092 sub=1 addr=0x0248 count=1 secop=1 args=[0x00054003]
      m[066] hdr=0x20012092 sub=1 addr=0x0248 count=1 secop=1 args=[0x00054002]
      m[067] hdr=0x20012092 sub=1 addr=0x0248 count=1 secop=1 args=[0x00054001]
      m[068] hdr=0x20012092 sub=1 addr=0x0248 count=1 secop=1 args=[0x00054000]
      m[069] hdr=0x2001208f sub=1 addr=0x023c count=1 secop=1 args=[0x00000001]
      m[070] hdr=0x20032080 sub=1 addr=0x0200 count=3 secop=1 args=[0x00000002,0x00000000,0x000a8000]
      m[071] hdr=0x200120bb sub=1 addr=0x02ec count=1 secop=1 args=[0x0000000e]
      m[072] hdr=0x20012045 sub=1 addr=0x0114 count=1 secop=1 args=[0x00000000]
      m[073] hdr=0x600f2046 sub=1 addr=0x0118 count=15 secop=3 args=[0x00140003,0x1d00001b,0x71c08300,0x00000003,0x18c00000,0xb01c5f00,0x00200003,0x18c00000,..+7]
      m[074] hdr=0x20022047 sub=1 addr=0x011c count=2 secop=1 args=[0x00000000,0x00000000]
      m[075] hdr=0x20012045 sub=1 addr=0x0114 count=1 secop=1 args=[0x0000000f]
      m[076] hdr=0x60182046 sub=1 addr=0x0118 count=24 secop=3 args=[0x00000003,0x1d080000,0x31c00300,0x00540003,0x00c00455,0x31c00300,0x2a200003,0x00c00056,..+16]
      m[077] hdr=0x20022047 sub=1 addr=0x011c count=2 secop=1 args=[0x00000001,0x0000000f]
      m[078] hdr=0x20018000 sub=4 addr=0x0000 count=1 secop=1 args=[0x0000c7b5]
      m[079] hdr=0x2001255d sub=1 addr=0x1574 count=1 secop=1 args=[0x00000100]
      m[080] hdr=0x2001255e sub=1 addr=0x1578 count=1 secop=1 args=[0x00000000]
      m[081] hdr=0x2001255f sub=1 addr=0x157c count=1 secop=1 args=[0x000fffff]
      m[082] hdr=0x20012557 sub=1 addr=0x155c count=1 secop=1 args=[0x00000100]
      m[083] hdr=0x20012558 sub=1 addr=0x1560 count=1 secop=1 args=[0x02000000]
      m[084] hdr=0x20012559 sub=1 addr=0x1564 count=1 secop=1 args=[0x00000000]
      m[085] hdr=0x200426c0 sub=1 addr=0x1b00 count=4 secop=1 args=[0x00000002,0x0440fff0,0x00000001,0x00000000]
kayfabe: COMPLETION-DECLARE token=0x00000007 proc=2 chan=0 engine=GrCompute → DECLARED va=0x20440fff0 payload=0x00000001 awaken=0 four_words=1 op=0 subch=1 class=0xc7c0 site=GuestRam { gpa: 630779888 } (⊘ the observer WATCHES this address; it will never write it)
kayfabe: GR-ADDRESS-CENSUS proc=2 chan=0 class=0xc7c0 operands=5 bound=4 unbound=1 mme_dwords=39 ⊘ a census of what the host GR engine WOULD dereference; nothing here is executed and nothing here is permission
      SET_VALID_SPAN_OVERFLOW_AREA             m=0x0200 sub=1 va=0x200000000 → Framebuffer { phys: 4194304, leaf: FbLeaf { va: 8589934592, len: 2097152, phys: 4194304 } }
      SET_SHADER_SHARED_MEMORY_WINDOW          m=0x02a0 sub=1 va=0x796dfd000000 → Unresolved("CeWalk { va: GpuVa(133513303031808), kind: \"Fault\" } at va=0x796dfd000000: Fault")
      SET_TEX_SAMPLER_POOL                     m=0x155c sub=1 va=0x10002000000 → Framebuffer { phys: 8388608, leaf: FbLeaf { va: 1099545182208, len: 2097152, phys: 8388608 } }
      SET_TEX_HEADER_POOL                      m=0x1574 sub=1 va=0x10000000000 → Framebuffer { phys: 6291456, leaf: FbLeaf { va: 1099511627776, len: 2097152, phys: 6291456 } }
      SET_REPORT_SEMAPHORE                     m=0x1b00 sub=1 va=0x20440fff0 → GuestRam { gpa: 630779888 }
2026-08-11T05:24:02.599975Z qemu-system-x86_64: info: nvkvm: DOORBELL-REFUSED #1 token 0x00000007 at +0xbb0090 [Route::NotACopyEngineChannel]
kayfabe: GR-PUSHBUFFER token=0x00000008 engine=GrCompute ring=0x200203000 idx=0 entries=1024 ranges=1 methods=86 bytes=864 | range va=0x200800000 len=864
      m[000] hdr=0x20012000 sub=1 addr=0x0000 count=1 secop=1 args=[0x0000c7c0]
      m[001] hdr=0x20012040 sub=1 addr=0x0100 count=1 secop=1 args=[0x00000000]
      m[002] hdr=0x200120a8 sub=1 addr=0x02a0 count=1 secop=1 args=[0x0000796d]
      m[003] hdr=0x200120a9 sub=1 addr=0x02a4 count=1 secop=1 args=[0xfd000000]
      m[004] hdr=0x200120c4 sub=1 addr=0x0310 count=1 secop=1 args=[0x00000806]
      m[005] hdr=0x20012092 sub=1 addr=0x0248 count=1 secop=1 args=[0x0005403f]
      m[006] hdr=0x20012092 sub=1 addr=0x0248 count=1 secop=1 args=[0x0005403e]
      m[007] hdr=0x20012092 sub=1 addr=0x0248 count=1 secop=1 args=[0x0005403d]
      m[008] hdr=0x20012092 sub=1 addr=0x0248 count=1 secop=1 args=[0x0005403c]
      m[009] hdr=0x20012092 sub=1 addr=0x0248 count=1 secop=1 args=[0x0005403b]
      m[010] hdr=0x20012092 sub=1 addr=0x0248 count=1 secop=1 args=[0x0005403a]
      m[011] hdr=0x20012092 sub=1 addr=0x0248 count=1 secop=1 args=[0x00054039]
      m[012] hdr=0x20012092 sub=1 addr=0x0248 count=1 secop=1 args=[0x00054038]
      m[013] hdr=0x20012092 sub=1 addr=0x0248 count=1 secop=1 args=[0x00054037]
      m[014] hdr=0x20012092 sub=1 addr=0x0248 count=1 secop=1 args=[0x00054036]
      m[015] hdr=0x20012092 sub=1 addr=0x0248 count=1 secop=1 args=[0x00054035]
      m[016] hdr=0x20012092 sub=1 addr=0x0248 count=1 secop=1 args=[0x00054034]
      m[017] hdr=0x20012092 sub=1 addr=0x0248 count=1 secop=1 args=[0x00054033]
      m[018] hdr=0x20012092 sub=1 addr=0x0248 count=1 secop=1 args=[0x00054032]
      m[019] hdr=0x20012092 sub=1 addr=0x0248 count=1 secop=1 args=[0x00054031]
      m[020] hdr=0x20012092 sub=1 addr=0x0248 count=1 secop=1 args=[0x00054030]
      m[021] hdr=0x20012092 sub=1 addr=0x0248 count=1 secop=1 args=[0x0005402f]
      m[022] hdr=0x20012092 sub=1 addr=0x0248 count=1 secop=1 args=[0x0005402e]
      m[023] hdr=0x20012092 sub=1 addr=0x0248 count=1 secop=1 args=[0x0005402d]
      m[024] hdr=0x20012092 sub=1 addr=0x0248 count=1 secop=1 args=[0x0005402c]
      m[025] hdr=0x20012092 sub=1 addr=0x0248 count=1 secop=1 args=[0x0005402b]
      m[026] hdr=0x20012092 sub=1 addr=0x0248 count=1 secop=1 args=[0x0005402a]
      m[027] hdr=0x20012092 sub=1 addr=0x0248 count=1 secop=1 args=[0x00054029]
      m[028] hdr=0x20012092 sub=1 addr=0x0248 count=1 secop=1 args=[0x00054028]
      m[029] hdr=0x20012092 sub=1 addr=0x0248 count=1 secop=1 args=[0x00054027]
      m[030] hdr=0x20012092 sub=1 addr=0x0248 count=1 secop=1 args=[0x00054026]
      m[031] hdr=0x20012092 sub=1 addr=0x0248 count=1 secop=1 args=[0x00054025]
      m[032] hdr=0x20012092 sub=1 addr=0x0248 count=1 secop=1 args=[0x00054024]
      m[033] hdr=0x20012092 sub=1 addr=0x0248 count=1 secop=1 args=[0x00054023]
      m[034] hdr=0x20012092 sub=1 addr=0x0248 count=1 secop=1 args=[0x00054022]
      m[035] hdr=0x20012092 sub=1 addr=0x0248 count=1 secop=1 args=[0x00054021]
      m[036] hdr=0x20012092 sub=1 addr=0x0248 count=1 secop=1 args=[0x00054020]
      m[037] hdr=0x20012092 sub=1 addr=0x0248 count=1 secop=1 args=[0x0005401f]
      m[038] hdr=0x20012092 sub=1 addr=0x0248 count=1 secop=1 args=[0x0005401e]
      m[039] hdr=0x20012092 sub=1 addr=0x0248 count=1 secop=1 args=[0x0005401d]
      m[040] hdr=0x20012092 sub=1 addr=0x0248 count=1 secop=1 args=[0x0005401c]
      m[041] hdr=0x20012092 sub=1 addr=0x0248 count=1 secop=1 args=[0x0005401b]
      m[042] hdr=0x20012092 sub=1 addr=0x0248 count=1 secop=1 args=[0x0005401a]
      m[043] hdr=0x20012092 sub=1 addr=0x0248 count=1 secop=1 args=[0x00054019]
      m[044] hdr=0x20012092 sub=1 addr=0x0248 count=1 secop=1 args=[0x00054018]
      m[045] hdr=0x20012092 sub=1 addr=0x0248 count=1 secop=1 args=[0x00054017]
      m[046] hdr=0x20012092 sub=1 addr=0x0248 count=1 secop=1 args=[0x00054016]
      m[047] hdr=0x20012092 sub=1 addr=0x0248 count=1 secop=1 args=[0x00054015]
      m[048] hdr=0x20012092 sub=1 addr=0x0248 count=1 secop=1 args=[0x00054014]
      m[049] hdr=0x20012092 sub=1 addr=0x0248 count=1 secop=1 args=[0x00054013]
      m[050] hdr=0x20012092 sub=1 addr=0x0248 count=1 secop=1 args=[0x00054012]
      m[051] hdr=0x20012092 sub=1 addr=0x0248 count=1 secop=1 args=[0x00054011]
      m[052] hdr=0x20012092 sub=1 addr=0x0248 count=1 secop=1 args=[0x00054010]
      m[053] hdr=0x20012092 sub=1 addr=0x0248 count=1 secop=1 args=[0x0005400f]
      m[054] hdr=0x20012092 sub=1 addr=0x0248 count=1 secop=1 args=[0x0005400e]
      m[055] hdr=0x20012092 sub=1 addr=0x0248 count=1 secop=1 args=[0x0005400d]
      m[056] hdr=0x20012092 sub=1 addr=0x0248 count=1 secop=1 args=[0x0005400c]
      m[057] hdr=0x20012092 sub=1 addr=0x0248 count=1 secop=1 args=[0x0005400b]
      m[058] hdr=0x20012092 sub=1 addr=0x0248 count=1 secop=1 args=[0x0005400a]
      m[059] hdr=0x20012092 sub=1 addr=0x0248 count=1 secop=1 args=[0x00054009]
      m[060] hdr=0x20012092 sub=1 addr=0x0248 count=1 secop=1 args=[0x00054008]
      m[061] hdr=0x20012092 sub=1 addr=0x0248 count=1 secop=1 args=[0x00054007]
      m[062] hdr=0x20012092 sub=1 addr=0x0248 count=1 secop=1 args=[0x00054006]
      m[063] hdr=0x20012092 sub=1 addr=0x0248 count=1 secop=1 args=[0x00054005]
      m[064] hdr=0x20012092 sub=1 addr=0x0248 count=1 secop=1 args=[0x00054004]
      m[065] hdr=0x20012092 sub=1 addr=0x0248 count=1 secop=1 args=[0x00054003]
      m[066] hdr=0x20012092 sub=1 addr=0x0248 count=1 secop=1 args=[0x00054002]
      m[067] hdr=0x20012092 sub=1 addr=0x0248 count=1 secop=1 args=[0x00054001]
      m[068] hdr=0x20012092 sub=1 addr=0x0248 count=1 secop=1 args=[0x00054000]
      m[069] hdr=0x2001208f sub=1 addr=0x023c count=1 secop=1 args=[0x00000001]
      m[070] hdr=0x20032080 sub=1 addr=0x0200 count=3 secop=1 args=[0x00000002,0x00000000,0x000a8000]
      m[071] hdr=0x200120bb sub=1 addr=0x02ec count=1 secop=1 args=[0x0000000e]
      m[072] hdr=0x20012045 sub=1 addr=0x0114 count=1 secop=1 args=[0x00000000]
      m[073] hdr=0x600f2046 sub=1 addr=0x0118 count=15 secop=3 args=[0x00140003,0x1d00001b,0x71c08300,0x00000003,0x18c00000,0xb01c5f00,0x00200003,0x18c00000,..+7]
      m[074] hdr=0x20022047 sub=1 addr=0x011c count=2 secop=1 args=[0x00000000,0x00000000]
      m[075] hdr=0x20012045 sub=1 addr=0x0114 count=1 secop=1 args=[0x0000000f]
      m[076] hdr=0x60182046 sub=1 addr=0x0118 count=24 secop=3 args=[0x00000003,0x1d080000,0x31c00300,0x00540003,0x00c00455,0x31c00300,0x2a200003,0x00c00056,..+16]
      m[077] hdr=0x20022047 sub=1 addr=0x011c count=2 secop=1 args=[0x00000001,0x0000000f]
      m[078] hdr=0x20018000 sub=4 addr=0x0000 count=1 secop=1 args=[0x0000c7b5]
      m[079] hdr=0x2001255d sub=1 addr=0x1574 count=1 secop=1 args=[0x00000100]
      m[080] hdr=0x2001255e sub=1 addr=0x1578 count=1 secop=1 args=[0x00000000]
      m[081] hdr=0x2001255f sub=1 addr=0x157c count=1 secop=1 args=[0x000fffff]
      m[082] hdr=0x20012557 sub=1 addr=0x155c count=1 secop=1 args=[0x00000100]
      m[083] hdr=0x20012558 sub=1 addr=0x1560 count=1 secop=1 args=[0x02000000]
      m[084] hdr=0x20012559 sub=1 addr=0x1564 count=1 secop=1 args=[0x00000000]
      m[085] hdr=0x200426c0 sub=1 addr=0x1b00 count=4 secop=1 args=[0x00000002,0x0440ffe0,0x00000001,0x00000000]
kayfabe: COMPLETION-DECLARE token=0x00000008 proc=2 chan=1 engine=GrCompute → DECLARED va=0x20440ffe0 payload=0x00000001 awaken=0 four_words=1 op=0 subch=1 class=0xc7c0 site=GuestRam { gpa: 630779872 } (⊘ the observer WATCHES this address; it will never write it)
kayfabe: GR-ADDRESS-CENSUS proc=2 chan=1 class=0xc7c0 operands=5 bound=4 unbound=1 mme_dwords=39 ⊘ a census of what the host GR engine WOULD dereference; nothing here is executed and nothing here is permission
      SET_VALID_SPAN_OVERFLOW_AREA             m=0x0200 sub=1 va=0x200000000 → Framebuffer { phys: 4194304, leaf: FbLeaf { va: 8589934592, len: 2097152, phys: 4194304 } }
      SET_SHADER_SHARED_MEMORY_WINDOW          m=0x02a0 sub=1 va=0x796dfd000000 → Unresolved("CeWalk { va: GpuVa(133513303031808), kind: \"Fault\" } at va=0x796dfd000000: Fault")
      SET_TEX_SAMPLER_POOL                     m=0x155c sub=1 va=0x10002000000 → Framebuffer { phys: 8388608, leaf: FbLeaf { va: 1099545182208, len: 2097152, phys: 8388608 } }
      SET_TEX_HEADER_POOL                      m=0x1574 sub=1 va=0x10000000000 → Framebuffer { phys: 6291456, leaf: FbLeaf { va: 1099511627776, len: 2097152, phys: 6291456 } }
      SET_REPORT_SEMAPHORE                     m=0x1b00 sub=1 va=0x20440ffe0 → GuestRam { gpa: 630779872 }
2026-08-11T05:24:02.601119Z qemu-system-x86_64: info: nvkvm: DOORBELL-REFUSED #2 token 0x00000008 at +0xbb0090 [Route::NotACopyEngineChannel]
kayfabe: COMPLETION-DECLARE token=0x00000009 proc=2 chan=2 engine=GrCompute → DECLARED va=0x20440ffd0 payload=0x00000001 awaken=0 four_words=1 op=0 subch=1 class=0xc7c0 site=GuestRam { gpa: 630779856 } (⊘ the observer WATCHES this address; it will never write it)
kayfabe: GR-ADDRESS-CENSUS proc=2 chan=2 class=0xc7c0 operands=5 bound=4 unbound=1 mme_dwords=39 ⊘ a census of what the host GR engine WOULD dereference; nothing here is executed and nothing here is permission
      SET_VALID_SPAN_OVERFLOW_AREA             m=0x0200 sub=1 va=0x200000000 → Framebuffer { phys: 4194304, leaf: FbLeaf { va: 8589934592, len: 2097152, phys: 4194304 } }
      SET_SHADER_SHARED_MEMORY_WINDOW          m=0x02a0 sub=1 va=0x796dfd000000 → Unresolved("CeWalk { va: GpuVa(133513303031808), kind: \"Fault\" } at va=0x796dfd000000: Fault")
      SET_TEX_SAMPLER_POOL                     m=0x155c sub=1 va=0x10002000000 → Framebuffer { phys: 8388608, leaf: FbLeaf { va: 1099545182208, len: 2097152, phys: 8388608 } }
      SET_TEX_HEADER_POOL                      m=0x1574 sub=1 va=0x10000000000 → Framebuffer { phys: 6291456, leaf: FbLeaf { va: 1099511627776, len: 2097152, phys: 6291456 } }
      SET_REPORT_SEMAPHORE                     m=0x1b00 sub=1 va=0x20440ffd0 → GuestRam { gpa: 630779856 }
2026-08-11T05:24:02.602039Z qemu-system-x86_64: info: nvkvm: DOORBELL-REFUSED #3 token 0x00000009 at +0xbb0090 [Route::NotACopyEngineChannel]
kayfabe: COMPLETION-DECLARE token=0x0000000a proc=2 chan=3 engine=GrCompute → DECLARED va=0x20440ffc0 payload=0x00000001 awaken=0 four_words=1 op=0 subch=1 class=0xc7c0 site=GuestRam { gpa: 630779840 } (⊘ the observer WATCHES this address; it will never write it)
kayfabe: GR-ADDRESS-CENSUS proc=2 chan=3 class=0xc7c0 operands=5 bound=4 unbound=1 mme_dwords=39 ⊘ a census of what the host GR engine WOULD dereference; nothing here is executed and nothing here is permission
      SET_VALID_SPAN_OVERFLOW_AREA             m=0x0200 sub=1 va=0x200000000 → Framebuffer { phys: 4194304, leaf: FbLeaf { va: 8589934592, len: 2097152, phys: 4194304 } }
      SET_SHADER_SHARED_MEMORY_WINDOW          m=0x02a0 sub=1 va=0x796dfd000000 → Unresolved("CeWalk { va: GpuVa(133513303031808), kind: \"Fault\" } at va=0x796dfd000000: Fault")
      SET_TEX_SAMPLER_POOL                     m=0x155c sub=1 va=0x10002000000 → Framebuffer { phys: 8388608, leaf: FbLeaf { va: 1099545182208, len: 2097152, phys: 8388608 } }
      SET_TEX_HEADER_POOL                      m=0x1574 sub=1 va=0x10000000000 → Framebuffer { phys: 6291456, leaf: FbLeaf { va: 1099511627776, len: 2097152, phys: 6291456 } }
      SET_REPORT_SEMAPHORE                     m=0x1b00 sub=1 va=0x20440ffc0 → GuestRam { gpa: 630779840 }
2026-08-11T05:24:02.602961Z qemu-system-x86_64: info: nvkvm: DOORBELL-REFUSED #4 token 0x0000000a at +0xbb0090 [Route::NotACopyEngineChannel]
kayfabe: COMPLETION-DECLARE token=0x0000000b proc=2 chan=4 engine=GrCompute → DECLARED va=0x20440ffb0 payload=0x00000001 awaken=0 four_words=1 op=0 subch=1 class=0xc7c0 site=GuestRam { gpa: 630779824 } (⊘ the observer WATCHES this address; it will never write it)
kayfabe: GR-ADDRESS-CENSUS proc=2 chan=4 class=0xc7c0 operands=5 bound=4 unbound=1 mme_dwords=39 ⊘ a census of what the host GR engine WOULD dereference; nothing here is executed and nothing here is permission
      SET_VALID_SPAN_OVERFLOW_AREA             m=0x0200 sub=1 va=0x200000000 → Framebuffer { phys: 4194304, leaf: FbLeaf { va: 8589934592, len: 2097152, phys: 4194304 } }
      SET_SHADER_SHARED_MEMORY_WINDOW          m=0x02a0 sub=1 va=0x796dfd000000 → Unresolved("CeWalk { va: GpuVa(133513303031808), kind: \"Fault\" } at va=0x796dfd000000: Fault")
      SET_TEX_SAMPLER_POOL                     m=0x155c sub=1 va=0x10002000000 → Framebuffer { phys: 8388608, leaf: FbLeaf { va: 1099545182208, len: 2097152, phys: 8388608 } }
      SET_TEX_HEADER_POOL                      m=0x1574 sub=1 va=0x10000000000 → Framebuffer { phys: 6291456, leaf: FbLeaf { va: 1099511627776, len: 2097152, phys: 6291456 } }
      SET_REPORT_SEMAPHORE                     m=0x1b00 sub=1 va=0x20440ffb0 → GuestRam { gpa: 630779824 }
2026-08-11T05:24:02.603880Z qemu-system-x86_64: info: nvkvm: DOORBELL-REFUSED #5 token 0x0000000b at +0xbb0090 [Route::NotACopyEngineChannel]
kayfabe: COMPLETION-DECLARE token=0x0000000c proc=2 chan=5 engine=GrCompute → DECLARED va=0x20440ffa0 payload=0x00000001 awaken=0 four_words=1 op=0 subch=1 class=0xc7c0 site=GuestRam { gpa: 630779808 } (⊘ the observer WATCHES this address; it will never write it)
kayfabe: GR-ADDRESS-CENSUS proc=2 chan=5 class=0xc7c0 operands=5 bound=4 unbound=1 mme_dwords=39 ⊘ a census of what the host GR engine WOULD dereference; nothing here is executed and nothing here is permission
      SET_VALID_SPAN_OVERFLOW_AREA             m=0x0200 sub=1 va=0x200000000 → Framebuffer { phys: 4194304, leaf: FbLeaf { va: 8589934592, len: 2097152, phys: 4194304 } }
      SET_SHADER_SHARED_MEMORY_WINDOW          m=0x02a0 sub=1 va=0x796dfd000000 → Unresolved("CeWalk { va: GpuVa(133513303031808), kind: \"Fault\" } at va=0x796dfd000000: Fault")
      SET_TEX_SAMPLER_POOL                     m=0x155c sub=1 va=0x10002000000 → Framebuffer { phys: 8388608, leaf: FbLeaf { va: 1099545182208, len: 2097152, phys: 8388608 } }
      SET_TEX_HEADER_POOL                      m=0x1574 sub=1 va=0x10000000000 → Framebuffer { phys: 6291456, leaf: FbLeaf { va: 1099511627776, len: 2097152, phys: 6291456 } }
      SET_REPORT_SEMAPHORE                     m=0x1b00 sub=1 va=0x20440ffa0 → GuestRam { gpa: 630779808 }
2026-08-11T05:24:02.604795Z qemu-system-x86_64: info: nvkvm: DOORBELL-REFUSED #6 token 0x0000000c at +0xbb0090 [Route::NotACopyEngineChannel]
kayfabe: COMPLETION-DECLARE token=0x0000000d proc=2 chan=6 engine=GrCompute → DECLARED va=0x20440ff90 payload=0x00000001 awaken=0 four_words=1 op=0 subch=1 class=0xc7c0 site=GuestRam { gpa: 630779792 } (⊘ the observer WATCHES this address; it will never write it)
kayfabe: GR-ADDRESS-CENSUS proc=2 chan=6 class=0xc7c0 operands=5 bound=4 unbound=1 mme_dwords=39 ⊘ a census of what the host GR engine WOULD dereference; nothing here is executed and nothing here is permission
      SET_VALID_SPAN_OVERFLOW_AREA             m=0x0200 sub=1 va=0x200000000 → Framebuffer { phys: 4194304, leaf: FbLeaf { va: 8589934592, len: 2097152, phys: 4194304 } }
      SET_SHADER_SHARED_MEMORY_WINDOW          m=0x02a0 sub=1 va=0x796dfd000000 → Unresolved("CeWalk { va: GpuVa(133513303031808), kind: \"Fault\" } at va=0x796dfd000000: Fault")
      SET_TEX_SAMPLER_POOL                     m=0x155c sub=1 va=0x10002000000 → Framebuffer { phys: 8388608, leaf: FbLeaf { va: 1099545182208, len: 2097152, phys: 8388608 } }
      SET_TEX_HEADER_POOL                      m=0x1574 sub=1 va=0x10000000000 → Framebuffer { phys: 6291456, leaf: FbLeaf { va: 1099511627776, len: 2097152, phys: 6291456 } }
      SET_REPORT_SEMAPHORE                     m=0x1b00 sub=1 va=0x20440ff90 → GuestRam { gpa: 630779792 }
2026-08-11T05:24:02.605856Z qemu-system-x86_64: info: nvkvm: DOORBELL-REFUSED #7 token 0x0000000d at +0xbb0090 [Route::NotACopyEngineChannel]
kayfabe: COMPLETION-DECLARE token=0x0000000e proc=2 chan=7 engine=GrCompute → DECLARED va=0x20440ff80 payload=0x00000001 awaken=0 four_words=1 op=0 subch=1 class=0xc7c0 site=GuestRam { gpa: 630779776 } (⊘ the observer WATCHES this address; it will never write it)
kayfabe: GR-ADDRESS-CENSUS proc=2 chan=7 class=0xc7c0 operands=5 bound=4 unbound=1 mme_dwords=39 ⊘ a census of what the host GR engine WOULD dereference; nothing here is executed and nothing here is permission
      SET_VALID_SPAN_OVERFLOW_AREA             m=0x0200 sub=1 va=0x200000000 → Framebuffer { phys: 4194304, leaf: FbLeaf { va: 8589934592, len: 2097152, phys: 4194304 } }
      SET_SHADER_SHARED_MEMORY_WINDOW          m=0x02a0 sub=1 va=0x796dfd000000 → Unresolved("CeWalk { va: GpuVa(133513303031808), kind: \"Fault\" } at va=0x796dfd000000: Fault")
      SET_TEX_SAMPLER_POOL                     m=0x155c sub=1 va=0x10002000000 → Framebuffer { phys: 8388608, leaf: FbLeaf { va: 1099545182208, len: 2097152, phys: 8388608 } }
      SET_TEX_HEADER_POOL                      m=0x1574 sub=1 va=0x10000000000 → Framebuffer { phys: 6291456, leaf: FbLeaf { va: 1099511627776, len: 2097152, phys: 6291456 } }
      SET_REPORT_SEMAPHORE                     m=0x1b00 sub=1 va=0x20440ff80 → GuestRam { gpa: 630779776 }
2026-08-11T05:24:02.607263Z qemu-system-x86_64: info: nvkvm: DOORBELL-REFUSED #8 token 0x0000000e at +0xbb0090 [Route::NotACopyEngineChannel]
kayfabe: RING-PROJ token=0x00020013 proc=2 chan=12 vchid=VChid(0x13) key=0xc1d0000c:0x5c00004b engine=Ce vas=0x5c000007 dec=NONE pdb=0x201000 ring=0x200224000 entries=1024 (projection: ce_channel_facts) DESCENT | c=0xc1d0000c vas=0x5c000007 dec=NONE userd=h0x5c000014/off0x26000 root=0x201000/ap1/sh47/va[0x0..0x0] rootsrc=declared(object-model) ring=0x200224000 rng=V:0x1024000 fin=V:0x102c004 gp[0]@0x200224000=0x202c00000+0x20 pb=S:0x22949000 pbm[8w of 32B]: [0]sub4/m0x0/Incrementing/n1=0xc7b5 [1]sub4/m0x240/Incrementing/n3=0x2 [2]sub4/m0x300/Incrementing/n1=0x14 scan=1024/1024 declared (COMPLETE: every declared entry was read), unread=0, nonzero=[0]=0x0000220202c00000 row=ABSENT-FROM-ROOT-TABLE(11 rows, 0 REFUSED-BY-CAP) fbRING[p0]@0x1024000=0000c00202220000000000000000000000000000000000000000000000000000 nz4/4096 resY byBAR1#173 fbRING[p1]@0x1025000=0000000000000000000000000000000000000000000000000000000000000000 nz0/4096 resN-NEVER-WRITTEN by? fbFIN@0x102c004=0000000000000000000000000000000000000000000000000000000000000000 nz0/4096 resN-NEVER-WRITTEN by? walk: L0@0x201000/byEXEC#104[ch1 lf0 sp0 inv3]=PDE@0x0->0x202000/Vidmem L1@0x202000/byEXEC#105[ch3 lf0 sp0 inv509]=PDE@0x0->0x203000/Vidmem L2@0x203000/byEXEC#106[ch1 lf0 sp0 inv511]=PDE@0x200000000->0x204000/Vidmem L3@0x204000/byEXEC#107[ch29 lf7 sp0 inv221]=LEAF@0x200200000->0x1000000/Vidmem/sz0x200000 walkend=LEAF
kayfabe: PT-DECODE token=0x00020013 | EXEC-WITNESS ARMED resident=174 by-executor=39 refused-at-cap=0 | PT-DECODE drained=174 latched=79 unowned_vas=0 requeued=95 rounds=2 → bound=19619 unchanged=0 repointed=0 unbound=0 learned=75 published=75/0 meta_refused=0 unwitnessed=19874 unreachable=0 sparse=0 dropped=0 refusals=255 faults=0 reach_faults=0 retired=0 pass_vas_gone=0 first=StraddlesLiveBinding { va: GpuVa(8655536128) } [witness writes=358267 pending=95 refused=0+0]
kayfabe: VAS-BIND-CENSUS proc=2 gpu=0 pdb=0x201000 va=0x200224000 vas=PRESENT rows=13348 hit=0x1024000/Vidmem/start0x200200000/len0x200000 root=0x201000 root_dirty=N root_wit=Y root_meta=N dirty=0 meta=36 shadow=37 wit=37 published=13344 wit_sample=[0x201000,0x202000,0x203000,0x204000] root_owner=p2:0x201000
kayfabe: GUEST-RAM PIN token=0x00020013 dev=1 ino=1308826 proc=2 chan=12 pdb=0x201000 ring=0x200224000 → NOT IN GUEST RAM (the table binds this VA in aperture Vidmem at 0x1024000; `Binding::phys` is a guest-physical address ONLY for sysmem, so there is no file offset to ask the layout for. ⊘ Refused by name — nothing here reinterprets a framebuffer address as a GPA)
2026-08-11T05:24:02.663796Z qemu-system-x86_64: info: nvkvm: DOORBELL-REFUSED #9 token 0x00020013 at +0xbb0090 [FwdFault::PushbufferAperture]
kayfabe: RING-PROJ token=0x00020014 proc=2 chan=13 vchid=VChid(0x14) key=0xc1d0000c:0x5c00004e engine=Ce vas=0x5c000007 dec=NONE pdb=0x201000 ring=0x200227000 entries=1024 (projection: ce_channel_facts) DESCENT | c=0xc1d0000c vas=0x5c000007 dec=NONE userd=h0x5c000014/off0x29000 root=0x201000/ap1/sh47/va[0x0..0x0] rootsrc=declared(object-model) ring=0x200227000 rng=V:0x1027000 fin=V:0x102f004 gp[0]@0x200227000=0x202e00000+0x20 pb=S:0x4949000 pbm[8w of 32B]: [0]sub4/m0x0/Incrementing/n1=0xc7b5 [1]sub4/m0x240/Incrementing/n3=0x2 [2]sub4/m0x300/Incrementing/n1=0x14 scan=1024/1024 declared (COMPLETE: every declared entry was read), unread=0, nonzero=[0]=0x0000220202e00000 row=ABSENT-FROM-ROOT-TABLE(11 rows, 0 REFUSED-BY-CAP) fbRING[p0]@0x1027000=0000e00202220000000000000000000000000000000000000000000000000000 nz4/4096 resY byBAR1#175 fbRING[p1]@0x1028000=0000000000000000000000000000000000000000000000000000000000000000 nz0/4096 resN-NEVER-WRITTEN by? fbFIN@0x102f004=0000000000000000000000000000000000000000000000000000000000000000 nz0/4096 resN-NEVER-WRITTEN by? walk: L0@0x201000/byEXEC#104[ch1 lf0 sp0 inv3]=PDE@0x0->0x202000/Vidmem L1@0x202000/byEXEC#105[ch3 lf0 sp0 inv509]=PDE@0x0->0x203000/Vidmem L2@0x203000/byEXEC#106[ch1 lf0 sp0 inv511]=PDE@0x200000000->0x204000/Vidmem L3@0x204000/byEXEC#107[ch29 lf7 sp0 inv221]=LEAF@0x200200000->0x1000000/Vidmem/sz0x200000 walkend=LEAF
kayfabe: PT-DECODE token=0x00020014 | EXEC-WITNESS ARMED resident=176 by-executor=39 refused-at-cap=0 | PT-DECODE drained=135 latched=38 unowned_vas=0 requeued=97 rounds=1 → bound=0 unchanged=0 repointed=0 unbound=0 learned=0 published=0/0 meta_refused=0 unwitnessed=0 unreachable=0 sparse=0 dropped=0 refusals=255 faults=0 reach_faults=0 retired=0 pass_vas_gone=0 first=StraddlesLiveBinding { va: GpuVa(8655536128) } [witness writes=358270 pending=97 refused=0+0]
kayfabe: VAS-BIND-CENSUS proc=2 gpu=0 pdb=0x201000 va=0x200227000 vas=PRESENT rows=13348 hit=0x1027000/Vidmem/start0x200200000/len0x200000 root=0x201000 root_dirty=N root_wit=Y root_meta=N dirty=0 meta=36 shadow=37 wit=37 published=13344 wit_sample=[0x201000,0x202000,0x203000,0x204000] root_owner=p2:0x201000
kayfabe: GUEST-RAM PIN token=0x00020014 dev=1 ino=1308826 proc=2 chan=13 pdb=0x201000 ring=0x200227000 → NOT IN GUEST RAM (the table binds this VA in aperture Vidmem at 0x1027000; `Binding::phys` is a guest-physical address ONLY for sysmem, so there is no file offset to ask the layout for. ⊘ Refused by name — nothing here reinterprets a framebuffer address as a GPA)
2026-08-11T05:24:02.691917Z qemu-system-x86_64: info: nvkvm: DOORBELL-REFUSED #10 token 0x00020014 at +0xbb0090 [FwdFault::PushbufferAperture]
kayfabe: RING-PROJ token=0x00020015 proc=2 chan=14 vchid=VChid(0x15) key=0xc1d0000c:0x5c000051 engine=Ce vas=0x5c000007 dec=NONE pdb=0x201000 ring=0x20022a000 entries=1024 (projection: ce_channel_facts) DESCENT | c=0xc1d0000c vas=0x5c000007 dec=NONE userd=h0x5c000014/off0x2c000 root=0x201000/ap1/sh47/va[0x0..0x0] rootsrc=declared(object-model) ring=0x20022a000 rng=V:0x102a000 fin=V:0x1032004 gp[0]@0x20022a000=0x203000000+0x20 pb=S:0x25349000 pbm[8w of 32B]: [0]sub4/m0x0/Incrementing/n1=0xc7b5 [1]sub4/m0x240/Incrementing/n3=0x2 [2]sub4/m0x300/Incrementing/n1=0x14 scan=1024/1024 declared (COMPLETE: every declared entry was read), unread=0, nonzero=[0]=0x0000220203000000 row=ABSENT-FROM-ROOT-TABLE(11 rows, 0 REFUSED-BY-CAP) fbRING[p0]@0x102a000=0000000302220000000000000000000000000000000000000000000000000000 nz3/4096 resY byBAR1#177 fbRING[p1]@0x102b000=0000000000000000000000000000000000000000000000000000000000000000 nz0/4096 resN-NEVER-WRITTEN by? fbFIN@0x1032004=0000000000000000000000000000000000000000000000000000000000000000 nz0/4096 resN-NEVER-WRITTEN by? walk: L0@0x201000/byEXEC#104[ch1 lf0 sp0 inv3]=PDE@0x0->0x202000/Vidmem L1@0x202000/byEXEC#105[ch3 lf0 sp0 inv509]=PDE@0x0->0x203000/Vidmem L2@0x203000/byEXEC#106[ch1 lf0 sp0 inv511]=PDE@0x200000000->0x204000/Vidmem L3@0x204000/byEXEC#107[ch29 lf7 sp0 inv221]=LEAF@0x200200000->0x1000000/Vidmem/sz0x200000 walkend=LEAF
kayfabe: PT-DECODE token=0x00020015 | EXEC-WITNESS ARMED resident=178 by-executor=39 refused-at-cap=0 | PT-DECODE drained=137 latched=38 unowned_vas=0 requeued=99 rounds=1 → bound=0 unchanged=0 repointed=0 unbound=0 learned=0 published=0/0 meta_refused=0 unwitnessed=0 unreachable=0 sparse=0 dropped=0 refusals=255 faults=0 reach_faults=0 retired=0 pass_vas_gone=0 first=StraddlesLiveBinding { va: GpuVa(8655536128) } [witness writes=358273 pending=99 refused=0+0]
kayfabe: VAS-BIND-CENSUS proc=2 gpu=0 pdb=0x201000 va=0x20022a000 vas=PRESENT rows=13348 hit=0x102a000/Vidmem/start0x200200000/len0x200000 root=0x201000 root_dirty=N root_wit=Y root_meta=N dirty=0 meta=36 shadow=37 wit=37 published=13344 wit_sample=[0x201000,0x202000,0x203000,0x204000] root_owner=p2:0x201000
kayfabe: GUEST-RAM PIN token=0x00020015 dev=1 ino=1308826 proc=2 chan=14 pdb=0x201000 ring=0x20022a000 → NOT IN GUEST RAM (the table binds this VA in aperture Vidmem at 0x102a000; `Binding::phys` is a guest-physical address ONLY for sysmem, so there is no file offset to ask the layout for. ⊘ Refused by name — nothing here reinterprets a framebuffer address as a GPA)
2026-08-11T05:24:02.715960Z qemu-system-x86_64: info: nvkvm: DOORBELL-REFUSED #11 token 0x00020015 at +0xbb0090 [FwdFault::PushbufferAperture]
kayfabe: RING-PROJ token=0x00020016 proc=2 chan=15 vchid=VChid(0x16) key=0xc1d0000c:0x5c000054 engine=Ce vas=0x5c000007 dec=NONE pdb=0x201000 ring=0x20022d000 entries=1024 (projection: ce_channel_facts) DESCENT | c=0xc1d0000c vas=0x5c000007 dec=NONE userd=h0x5c000014/off0x2f000 root=0x201000/ap1/sh47/va[0x0..0x0] rootsrc=declared(object-model) ring=0x20022d000 rng=V:0x102d000 fin=V:0x1035004 gp[0]@0x20022d000=0x203200000+0x20 pb=S:0x26049000 pbm[8w of 32B]: [0]sub4/m0x0/Incrementing/n1=0xc7b5 [1]sub4/m0x240/Incrementing/n3=0x2 [2]sub4/m0x300/Incrementing/n1=0x14 scan=1024/1024 declared (COMPLETE: every declared entry was read), unread=0, nonzero=[0]=0x0000220203200000 row=ABSENT-FROM-ROOT-TABLE(11 rows, 0 REFUSED-BY-CAP) fbRING[p0]@0x102d000=0000200302220000000000000000000000000000000000000000000000000000 nz4/4096 resY byBAR1#179 fbRING[p1]@0x102e000=0000000000000000000000000000000000000000000000000000000000000000 nz0/4096 resN-NEVER-WRITTEN by? fbFIN@0x1035004=0000000000000000000000000000000000000000000000000000000000000000 nz0/4096 resN-NEVER-WRITTEN by? walk: L0@0x201000/byEXEC#104[ch1 lf0 sp0 inv3]=PDE@0x0->0x202000/Vidmem L1@0x202000/byEXEC#105[ch3 lf0 sp0 inv509]=PDE@0x0->0x203000/Vidmem L2@0x203000/byEXEC#106[ch1 lf0 sp0 inv511]=PDE@0x200000000->0x204000/Vidmem L3@0x204000/byEXEC#107[ch29 lf7 sp0 inv221]=LEAF@0x200200000->0x1000000/Vidmem/sz0x200000 walkend=LEAF
kayfabe: PT-DECODE token=0x00020016 | EXEC-WITNESS ARMED resident=180 by-executor=39 refused-at-cap=0 | PT-DECODE drained=139 latched=38 unowned_vas=0 requeued=101 rounds=1 → bound=0 unchanged=0 repointed=0 unbound=0 learned=0 published=0/0 meta_refused=0 unwitnessed=0 unreachable=0 sparse=0 dropped=0 refusals=255 faults=0 reach_faults=0 retired=0 pass_vas_gone=0 first=StraddlesLiveBinding { va: GpuVa(8655536128) } [witness writes=358276 pending=101 refused=0+0]
kayfabe: VAS-BIND-CENSUS proc=2 gpu=0 pdb=0x201000 va=0x20022d000 vas=PRESENT rows=13348 hit=0x102d000/Vidmem/start0x200200000/len0x200000 root=0x201000 root_dirty=N root_wit=Y root_meta=N dirty=0 meta=36 shadow=37 wit=37 published=13344 wit_sample=[0x201000,0x202000,0x203000,0x204000] root_owner=p2:0x201000
kayfabe: GUEST-RAM PIN token=0x00020016 dev=1 ino=1308826 proc=2 chan=15 pdb=0x201000 ring=0x20022d000 → NOT IN GUEST RAM (the table binds this VA in aperture Vidmem at 0x102d000; `Binding::phys` is a guest-physical address ONLY for sysmem, so there is no file offset to ask the layout for. ⊘ Refused by name — nothing here reinterprets a framebuffer address as a GPA)
2026-08-11T05:24:02.740756Z qemu-system-x86_64: info: nvkvm: DOORBELL-REFUSED #12 token 0x00020016 at +0xbb0090 [FwdFault::PushbufferAperture]
2026-08-11T05:24:02.740792Z qemu-system-x86_64: info: nvkvm: DOORBELL-HEARTBEAT arrival #96 token 0x00020016
kayfabe: RING-PROJ token=0x0001000f proc=2 chan=8 vchid=VChid(0xf) key=0xc1d0000c:0x5c00003d engine=Ce vas=0x5c000007 dec=NONE pdb=0x201000 ring=0x200218000 entries=1024 (projection: ce_channel_facts) DESCENT | c=0xc1d0000c vas=0x5c000007 dec=NONE userd=h0x5c000014/off0x1a000 root=0x201000/ap1/sh47/va[0x0..0x0] rootsrc=declared(object-model) ring=0x200218000 rng=V:0x1018000 fin=V:0x1020004 gp[0]@0x200218000=0x202400000+0x20 pb=S:0x56c9000 pbm[8w of 32B]: [0]sub4/m0x0/Incrementing/n1=0xc7b5 [1]sub4/m0x240/Incrementing/n3=0x2 [2]sub4/m0x300/Incrementing/n1=0x14 scan=1024/1024 declared (COMPLETE: every declared entry was read), unread=0, nonzero=[0]=0x0000220202400000 row=ABSENT-FROM-ROOT-TABLE(11 rows, 0 REFUSED-BY-CAP) fbRING[p0]@0x1018000=0000400202220000000000000000000000000000000000000000000000000000 nz4/4096 resY byBAR1#181 fbRING[p1]@0x1019000=0000000000000000000000000000000000000000000000000000000000000000 nz0/4096 resN-NEVER-WRITTEN by? fbFIN@0x1020004=0000000000000000000000000000000000000000000000000000000000000000 nz0/4096 resN-NEVER-WRITTEN by? walk: L0@0x201000/byEXEC#104[ch1 lf0 sp0 inv3]=PDE@0x0->0x202000/Vidmem L1@0x202000/byEXEC#105[ch3 lf0 sp0 inv509]=PDE@0x0->0x203000/Vidmem L2@0x203000/byEXEC#106[ch1 lf0 sp0 inv511]=PDE@0x200000000->0x204000/Vidmem L3@0x204000/byEXEC#107[ch29 lf7 sp0 inv221]=LEAF@0x200200000->0x1000000/Vidmem/sz0x200000 walkend=LEAF
kayfabe: PT-DECODE token=0x0001000f | EXEC-WITNESS ARMED resident=182 by-executor=39 refused-at-cap=0 | PT-DECODE drained=141 latched=38 unowned_vas=0 requeued=103 rounds=1 → bound=0 unchanged=0 repointed=0 unbound=0 learned=0 published=0/0 meta_refused=0 unwitnessed=0 unreachable=0 sparse=0 dropped=0 refusals=255 faults=0 reach_faults=0 retired=0 pass_vas_gone=0 first=StraddlesLiveBinding { va: GpuVa(8655536128) } [witness writes=358279 pending=103 refused=0+0]
kayfabe: VAS-BIND-CENSUS proc=2 gpu=0 pdb=0x201000 va=0x200218000 vas=PRESENT rows=13348 hit=0x1018000/Vidmem/start0x200200000/len0x200000 root=0x201000 root_dirty=N root_wit=Y root_meta=N dirty=0 meta=36 shadow=37 wit=37 published=13344 wit_sample=[0x201000,0x202000,0x203000,0x204000] root_owner=p2:0x201000
kayfabe: GUEST-RAM PIN token=0x0001000f dev=1 ino=1308826 proc=2 chan=8 pdb=0x201000 ring=0x200218000 → NOT IN GUEST RAM (the table binds this VA in aperture Vidmem at 0x1018000; `Binding::phys` is a guest-physical address ONLY for sysmem, so there is no file offset to ask the layout for. ⊘ Refused by name — nothing here reinterprets a framebuffer address as a GPA)
2026-08-11T05:24:02.764818Z qemu-system-x86_64: info: nvkvm: DOORBELL-REFUSED #13 token 0x0001000f at +0xbb0090 [FwdFault::PushbufferAperture]
kayfabe: RING-PROJ token=0x00010010 proc=2 chan=9 vchid=VChid(0x10) key=0xc1d0000c:0x5c000040 engine=Ce vas=0x5c000007 dec=NONE pdb=0x201000 ring=0x20021b000 entries=1024 (projection: ce_channel_facts) DESCENT | c=0xc1d0000c vas=0x5c000007 dec=NONE userd=h0x5c000014/off0x1d000 root=0x201000/ap1/sh47/va[0x0..0x0] rootsrc=declared(object-model) ring=0x20021b000 rng=V:0x101b000 fin=V:0x1023004 gp[0]@0x20021b000=0x202600000+0x20 pb=S:0x48c9000 pbm[8w of 32B]: [0]sub4/m0x0/Incrementing/n1=0xc7b5 [1]sub4/m0x240/Incrementing/n3=0x2 [2]sub4/m0x300/Incrementing/n1=0x14 scan=1024/1024 declared (COMPLETE: every declared entry was read), unread=0, nonzero=[0]=0x0000220202600000 row=ABSENT-FROM-ROOT-TABLE(11 rows, 0 REFUSED-BY-CAP) fbRING[p0]@0x101b000=0000600202220000000000000000000000000000000000000000000000000000 nz4/4096 resY byBAR1#183 fbRING[p1]@0x101c000=0000000000000000000000000000000000000000000000000000000000000000 nz0/4096 resN-NEVER-WRITTEN by? fbFIN@0x1023004=0000000000000000000000000000000000000000000000000000000000000000 nz2/4096 resN-NEVER-WRITTEN by? walk: L0@0x201000/byEXEC#104[ch1 lf0 sp0 inv3]=PDE@0x0->0x202000/Vidmem L1@0x202000/byEXEC#105[ch3 lf0 sp0 inv509]=PDE@0x0->0x203000/Vidmem L2@0x203000/byEXEC#106[ch1 lf0 sp0 inv511]=PDE@0x200000000->0x204000/Vidmem L3@0x204000/byEXEC#107[ch29 lf7 sp0 inv221]=LEAF@0x200200000->0x1000000/Vidmem/sz0x200000 walkend=LEAF
kayfabe: PT-DECODE token=0x00010010 | EXEC-WITNESS ARMED resident=184 by-executor=39 refused-at-cap=0 | PT-DECODE drained=143 latched=38 unowned_vas=0 requeued=105 rounds=1 → bound=0 unchanged=0 repointed=0 unbound=0 learned=0 published=0/0 meta_refused=0 unwitnessed=0 unreachable=0 sparse=0 dropped=0 refusals=255 faults=0 reach_faults=0 retired=0 pass_vas_gone=0 first=StraddlesLiveBinding { va: GpuVa(8655536128) } [witness writes=358282 pending=105 refused=0+0]
kayfabe: VAS-BIND-CENSUS proc=2 gpu=0 pdb=0x201000 va=0x20021b000 vas=PRESENT rows=13348 hit=0x101b000/Vidmem/start0x200200000/len0x200000 root=0x201000 root_dirty=N root_wit=Y root_meta=N dirty=0 meta=36 shadow=37 wit=37 published=13344 wit_sample=[0x201000,0x202000,0x203000,0x204000] root_owner=p2:0x201000
kayfabe: GUEST-RAM PIN token=0x00010010 dev=1 ino=1308826 proc=2 chan=9 pdb=0x201000 ring=0x20021b000 → NOT IN GUEST RAM (the table binds this VA in aperture Vidmem at 0x101b000; `Binding::phys` is a guest-physical address ONLY for sysmem, so there is no file offset to ask the layout for. ⊘ Refused by name — nothing here reinterprets a framebuffer address as a GPA)
2026-08-11T05:24:02.788907Z qemu-system-x86_64: info: nvkvm: DOORBELL-REFUSED #14 token 0x00010010 at +0xbb0090 [FwdFault::PushbufferAperture]
kayfabe: RING-PROJ token=0x00010011 proc=2 chan=10 vchid=VChid(0x11) key=0xc1d0000c:0x5c000043 engine=Ce vas=0x5c000007 dec=NONE pdb=0x201000 ring=0x20021e000 entries=1024 (projection: ce_channel_facts) DESCENT | c=0xc1d0000c vas=0x5c000007 dec=NONE userd=h0x5c000014/off0x20000 root=0x201000/ap1/sh47/va[0x0..0x0] rootsrc=declared(object-model) ring=0x20021e000 rng=V:0x101e000 fin=V:0x1026004 gp[0]@0x20021e000=0x202800000+0x20 pb=S:0x51c9000 pbm[8w of 32B]: [0]sub4/m0x0/Incrementing/n1=0xc7b5 [1]sub4/m0x240/Incrementing/n3=0x2 [2]sub4/m0x300/Incrementing/n1=0x14 scan=1024/1024 declared (COMPLETE: every declared entry was read), unread=0, nonzero=[0]=0x0000220202800000 row=ABSENT-FROM-ROOT-TABLE(11 rows, 0 REFUSED-BY-CAP) fbRING[p0]@0x101e000=0000800202220000000000000000000000000000000000000000000000000000 nz4/4096 resY byBAR1#185 fbRING[p1]@0x101f000=0000000000000000000000000000000000000000000000000000000000000000 nz0/4096 resN-NEVER-WRITTEN by? fbFIN@0x1026004=0000000000000000000000000000000000000000000000000000000000000000 nz3/4096 resY byBAR1#174 walk: L0@0x201000/byEXEC#104[ch1 lf0 sp0 inv3]=PDE@0x0->0x202000/Vidmem L1@0x202000/byEXEC#105[ch3 lf0 sp0 inv509]=PDE@0x0->0x203000/Vidmem L2@0x203000/byEXEC#106[ch1 lf0 sp0 inv511]=PDE@0x200000000->0x204000/Vidmem L3@0x204000/byEXEC#107[ch29 lf7 sp0 inv221]=LEAF@0x200200000->0x1000000/Vidmem/sz0x200000 walkend=LEAF
kayfabe: PT-DECODE token=0x00010011 | EXEC-WITNESS ARMED resident=186 by-executor=39 refused-at-cap=0 | PT-DECODE drained=145 latched=38 unowned_vas=0 requeued=107 rounds=1 → bound=0 unchanged=0 repointed=0 unbound=0 learned=0 published=0/0 meta_refused=0 unwitnessed=0 unreachable=0 sparse=0 dropped=0 refusals=255 faults=0 reach_faults=0 retired=0 pass_vas_gone=0 first=StraddlesLiveBinding { va: GpuVa(8655536128) } [witness writes=358285 pending=107 refused=0+0]
kayfabe: VAS-BIND-CENSUS proc=2 gpu=0 pdb=0x201000 va=0x20021e000 vas=PRESENT rows=13348 hit=0x101e000/Vidmem/start0x200200000/len0x200000 root=0x201000 root_dirty=N root_wit=Y root_meta=N dirty=0 meta=36 shadow=37 wit=37 published=13344 wit_sample=[0x201000,0x202000,0x203000,0x204000] root_owner=p2:0x201000
kayfabe: GUEST-RAM PIN token=0x00010011 dev=1 ino=1308826 proc=2 chan=10 pdb=0x201000 ring=0x20021e000 → NOT IN GUEST RAM (the table binds this VA in aperture Vidmem at 0x101e000; `Binding::phys` is a guest-physical address ONLY for sysmem, so there is no file offset to ask the layout for. ⊘ Refused by name — nothing here reinterprets a framebuffer address as a GPA)
2026-08-11T05:24:02.813598Z qemu-system-x86_64: info: nvkvm: DOORBELL-REFUSED #15 token 0x00010011 at +0xbb0090 [FwdFault::PushbufferAperture]
kayfabe: RING-PROJ token=0x00010012 proc=2 chan=11 vchid=VChid(0x12) key=0xc1d0000c:0x5c000046 engine=Ce vas=0x5c000007 dec=NONE pdb=0x201000 ring=0x200221000 entries=1024 (projection: ce_channel_facts) DESCENT | c=0xc1d0000c vas=0x5c000007 dec=NONE userd=h0x5c000014/off0x23000 root=0x201000/ap1/sh47/va[0x0..0x0] rootsrc=declared(object-model) ring=0x200221000 rng=V:0x1021000 fin=V:0x1029004 gp[0]@0x200221000=0x202a00000+0x20 pb=S:0x30049000 pbm[8w of 32B]: [0]sub4/m0x0/Incrementing/n1=0xc7b5 [1]sub4/m0x240/Incrementing/n3=0x2 [2]sub4/m0x300/Incrementing/n1=0x14 scan=1024/1024 declared (COMPLETE: every declared entry was read), unread=0, nonzero=[0]=0x0000220202a00000 row=ABSENT-FROM-ROOT-TABLE(11 rows, 0 REFUSED-BY-CAP) fbRING[p0]@0x1021000=0000a00202220000000000000000000000000000000000000000000000000000 nz4/4096 resY byBAR1#187 fbRING[p1]@0x1022000=0000000000000000000000000000000000000000000000000000000000000000 nz0/4096 resN-NEVER-WRITTEN by? fbFIN@0x1029004=0000000000000000000000000000000000000000000000000000000000000000 nz2/4096 resY byBAR1#176 walk: L0@0x201000/byEXEC#104[ch1 lf0 sp0 inv3]=PDE@0x0->0x202000/Vidmem L1@0x202000/byEXEC#105[ch3 lf0 sp0 inv509]=PDE@0x0->0x203000/Vidmem L2@0x203000/byEXEC#106[ch1 lf0 sp0 inv511]=PDE@0x200000000->0x204000/Vidmem L3@0x204000/byEXEC#107[ch29 lf7 sp0 inv221]=LEAF@0x200200000->0x1000000/Vidmem/sz0x200000 walkend=LEAF
kayfabe: PT-DECODE token=0x00010012 | EXEC-WITNESS ARMED resident=188 by-executor=39 refused-at-cap=0 | PT-DECODE drained=147 latched=38 unowned_vas=0 requeued=109 rounds=1 → bound=0 unchanged=0 repointed=0 unbound=0 learned=0 published=0/0 meta_refused=0 unwitnessed=0 unreachable=0 sparse=0 dropped=0 refusals=255 faults=0 reach_faults=0 retired=0 pass_vas_gone=0 first=StraddlesLiveBinding { va: GpuVa(8655536128) } [witness writes=358288 pending=109 refused=0+0]
kayfabe: VAS-BIND-CENSUS proc=2 gpu=0 pdb=0x201000 va=0x200221000 vas=PRESENT rows=13348 hit=0x1021000/Vidmem/start0x200200000/len0x200000 root=0x201000 root_dirty=N root_wit=Y root_meta=N dirty=0 meta=36 shadow=37 wit=37 published=13344 wit_sample=[0x201000,0x202000,0x203000,0x204000] root_owner=p2:0x201000
kayfabe: GUEST-RAM PIN token=0x00010012 dev=1 ino=1308826 proc=2 chan=11 pdb=0x201000 ring=0x200221000 → NOT IN GUEST RAM (the table binds this VA in aperture Vidmem at 0x1021000; `Binding::phys` is a guest-physical address ONLY for sysmem, so there is no file offset to ask the layout for. ⊘ Refused by name — nothing here reinterprets a framebuffer address as a GPA)
2026-08-11T05:24:02.838770Z qemu-system-x86_64: info: nvkvm: DOORBELL-REFUSED #16 token 0x00010012 at +0xbb0090 [FwdFault::PushbufferAperture]
kayfabe: COMPLETION-WATCH proc=2 chan=0 va=0x20440fff0 payload=0x00000001 → NOT-OBSERVED samples=88 last_seen=0x00000000 awaken=0 four_words=1 ⊘ the address WAS readable and the declared payload never appeared — a statement about the completion plane, not about the observer
kayfabe: COMPLETION-WATCH proc=2 chan=1 va=0x20440ffe0 payload=0x00000001 → NOT-OBSERVED samples=87 last_seen=0x00000000 awaken=0 four_words=1 ⊘ the address WAS readable and the declared payload never appeared — a statement about the completion plane, not about the observer
kayfabe: COMPLETION-WATCH proc=2 chan=2 va=0x20440ffd0 payload=0x00000001 → NOT-OBSERVED samples=86 last_seen=0x00000000 awaken=0 four_words=1 ⊘ the address WAS readable and the declared payload never appeared — a statement about the completion plane, not about the observer
kayfabe: COMPLETION-WATCH proc=2 chan=3 va=0x20440ffc0 payload=0x00000001 → NOT-OBSERVED samples=85 last_seen=0x00000000 awaken=0 four_words=1 ⊘ the address WAS readable and the declared payload never appeared — a statement about the completion plane, not about the observer
kayfabe: COMPLETION-WATCH proc=2 chan=4 va=0x20440ffb0 payload=0x00000001 → NOT-OBSERVED samples=84 last_seen=0x00000000 awaken=0 four_words=1 ⊘ the address WAS readable and the declared payload never appeared — a statement about the completion plane, not about the observer
kayfabe: COMPLETION-WATCH proc=2 chan=5 va=0x20440ffa0 payload=0x00000001 → NOT-OBSERVED samples=83 last_seen=0x00000000 awaken=0 four_words=1 ⊘ the address WAS readable and the declared payload never appeared — a statement about the completion plane, not about the observer
kayfabe: COMPLETION-WATCH proc=2 chan=6 va=0x20440ff90 payload=0x00000001 → NOT-OBSERVED samples=82 last_seen=0x00000000 awaken=0 four_words=1 ⊘ the address WAS readable and the declared payload never appeared — a statement about the completion plane, not about the observer
kayfabe: COMPLETION-WATCH proc=2 chan=7 va=0x20440ff80 payload=0x00000001 → NOT-OBSERVED samples=81 last_seen=0x00000000 awaken=0 four_words=1 ⊘ the address WAS readable and the declared payload never appeared — a statement about the completion plane, not about the observer
kayfabe: CE-SYSPROC-KEPT #85 token=0x00010003 proc=0 chan=6 pdb=0x200000 — `l1_concurrency.md` §12.26: the SYSTEM proc has no data plane and its CeUtils scrub is FORGED, never forwarded, so this doorbell is the shell's whatever KAYFABE_CE_EXECUTOR says. ⊘ The forwarding hand-off stays armed for every USER proc.
kayfabe: CE-SYSPROC-KEPT #86 token=0x00010003 proc=0 chan=6 pdb=0x200000 — `l1_concurrency.md` §12.26: the SYSTEM proc has no data plane and its CeUtils scrub is FORGED, never forwarded, so this doorbell is the shell's whatever KAYFABE_CE_EXECUTOR says. ⊘ The forwarding hand-off stays armed for every USER proc.
kayfabe: CE-SYSPROC-KEPT #87 token=0x00010003 proc=0 chan=6 pdb=0x200000 — `l1_concurrency.md` §12.26: the SYSTEM proc has no data plane and its CeUtils scrub is FORGED, never forwarded, so this doorbell is the shell's whatever KAYFABE_CE_EXECUTOR says. ⊘ The forwarding hand-off stays armed for every USER proc.
kayfabe: CE-SYSPROC-KEPT #88 token=0x00010003 proc=0 chan=6 pdb=0x200000 — `l1_concurrency.md` §12.26: the SYSTEM proc has no data plane and its CeUtils scrub is FORGED, never forwarded, so this doorbell is the shell's whatever KAYFABE_CE_EXECUTOR says. ⊘ The forwarding hand-off stays armed for every USER proc.
kayfabe: CE-SYSPROC-KEPT #89 token=0x00010003 proc=0 chan=6 pdb=0x200000 — `l1_concurrency.md` §12.26: the SYSTEM proc has no data plane and its CeUtils scrub is FORGED, never forwarded, so this doorbell is the shell's whatever KAYFABE_CE_EXECUTOR says. ⊘ The forwarding hand-off stays armed for every USER proc.
kayfabe: CE-SYSPROC-KEPT #90 token=0x00010003 proc=0 chan=6 pdb=0x200000 — `l1_concurrency.md` §12.26: the SYSTEM proc has no data plane and its CeUtils scrub is FORGED, never forwarded, so this doorbell is the shell's whatever KAYFABE_CE_EXECUTOR says. ⊘ The forwarding hand-off stays armed for every USER proc.
kayfabe: CE-SYSPROC-KEPT #91 token=0x00010003 proc=0 chan=6 pdb=0x200000 — `l1_concurrency.md` §12.26: the SYSTEM proc has no data plane and its CeUtils scrub is FORGED, never forwarded, so this doorbell is the shell's whatever KAYFABE_CE_EXECUTOR says. ⊘ The forwarding hand-off stays armed for every USER proc.
kayfabe: CE-SYSPROC-KEPT #92 token=0x00010003 proc=0 chan=6 pdb=0x200000 — `l1_concurrency.md` §12.26: the SYSTEM proc has no data plane and its CeUtils scrub is FORGED, never forwarded, so this doorbell is the shell's whatever KAYFABE_CE_EXECUTOR says. ⊘ The forwarding hand-off stays armed for every USER proc.
kayfabe: CE-SYSPROC-KEPT #93 token=0x00010003 proc=0 chan=6 pdb=0x200000 — `l1_concurrency.md` §12.26: the SYSTEM proc has no data plane and its CeUtils scrub is FORGED, never forwarded, so this doorbell is the shell's whatever KAYFABE_CE_EXECUTOR says. ⊘ The forwarding hand-off stays armed for every USER proc.
kayfabe: CE-SYSPROC-KEPT #94 token=0x00010003 proc=0 chan=6 pdb=0x200000 — `l1_concurrency.md` §12.26: the SYSTEM proc has no data plane and its CeUtils scrub is FORGED, never forwarded, so this doorbell is the shell's whatever KAYFABE_CE_EXECUTOR says. ⊘ The forwarding hand-off stays armed for every USER proc.
kayfabe: CE-SYSPROC-KEPT #95 token=0x00010003 proc=0 chan=6 pdb=0x200000 — `l1_concurrency.md` §12.26: the SYSTEM proc has no data plane and its CeUtils scrub is FORGED, never forwarded, so this doorbell is the shell's whatever KAYFABE_CE_EXECUTOR says. ⊘ The forwarding hand-off stays armed for every USER proc.
kayfabe: CE-SYSPROC-KEPT #96 token=0x00010003 proc=0 chan=6 pdb=0x200000 — `l1_concurrency.md` §12.26: the SYSTEM proc has no data plane and its CeUtils scrub is FORGED, never forwarded, so this doorbell is the shell's whatever KAYFABE_CE_EXECUTOR says. ⊘ The forwarding hand-off stays armed for every USER proc.
kayfabe: CE-SYSPROC-KEPT #97 token=0x00010003 proc=0 chan=6 pdb=0x200000 — `l1_concurrency.md` §12.26: the SYSTEM proc has no data plane and its CeUtils scrub is FORGED, never forwarded, so this doorbell is the shell's whatever KAYFABE_CE_EXECUTOR says. ⊘ The forwarding hand-off stays armed for every USER proc.
kayfabe: CE-SYSPROC-KEPT #98 token=0x00010003 proc=0 chan=6 pdb=0x200000 — `l1_concurrency.md` §12.26: the SYSTEM proc has no data plane and its CeUtils scrub is FORGED, never forwarded, so this doorbell is the shell's whatever KAYFABE_CE_EXECUTOR says. ⊘ The forwarding hand-off stays armed for every USER proc.
kayfabe: CE-SYSPROC-KEPT #99 token=0x00010003 proc=0 chan=6 pdb=0x200000 — `l1_concurrency.md` §12.26: the SYSTEM proc has no data plane and its CeUtils scrub is FORGED, never forwarded, so this doorbell is the shell's whatever KAYFABE_CE_EXECUTOR says. ⊘ The forwarding hand-off stays armed for every USER proc.
kayfabe: CE-SYSPROC-KEPT #100 token=0x00010003 proc=0 chan=6 pdb=0x200000 — `l1_concurrency.md` §12.26: the SYSTEM proc has no data plane and its CeUtils scrub is FORGED, never forwarded, so this doorbell is the shell's whatever KAYFABE_CE_EXECUTOR says. ⊘ The forwarding hand-off stays armed for every USER proc.
kayfabe: CE-SYSPROC-KEPT #101 token=0x00010003 proc=0 chan=6 pdb=0x200000 — `l1_concurrency.md` §12.26: the SYSTEM proc has no data plane and its CeUtils scrub is FORGED, never forwarded, so this doorbell is the shell's whatever KAYFABE_CE_EXECUTOR says. ⊘ The forwarding hand-off stays armed for every USER proc.
kayfabe: CE-SYSPROC-KEPT #102 token=0x00010003 proc=0 chan=6 pdb=0x200000 — `l1_concurrency.md` §12.26: the SYSTEM proc has no data plane and its CeUtils scrub is FORGED, never forwarded, so this doorbell is the shell's whatever KAYFABE_CE_EXECUTOR says. ⊘ The forwarding hand-off stays armed for every USER proc.
kayfabe: CE-SYSPROC-KEPT #103 token=0x00010003 proc=0 chan=6 pdb=0x200000 — `l1_concurrency.md` §12.26: the SYSTEM proc has no data plane and its CeUtils scrub is FORGED, never forwarded, so this doorbell is the shell's whatever KAYFABE_CE_EXECUTOR says. ⊘ The forwarding hand-off stays armed for every USER proc.
kayfabe: CE-SYSPROC-KEPT #104 token=0x00010003 proc=0 chan=6 pdb=0x200000 — `l1_concurrency.md` §12.26: the SYSTEM proc has no data plane and its CeUtils scrub is FORGED, never forwarded, so this doorbell is the shell's whatever KAYFABE_CE_EXECUTOR says. ⊘ The forwarding hand-off stays armed for every USER proc.
kayfabe: CE-SYSPROC-KEPT #105 token=0x00010003 proc=0 chan=6 pdb=0x200000 — `l1_concurrency.md` §12.26: the SYSTEM proc has no data plane and its CeUtils scrub is FORGED, never forwarded, so this doorbell is the shell's whatever KAYFABE_CE_EXECUTOR says. ⊘ The forwarding hand-off stays armed for every USER proc.
kayfabe: CE-SYSPROC-KEPT #106 token=0x00010003 proc=0 chan=6 pdb=0x200000 — `l1_concurrency.md` §12.26: the SYSTEM proc has no data plane and its CeUtils scrub is FORGED, never forwarded, so this doorbell is the shell's whatever KAYFABE_CE_EXECUTOR says. ⊘ The forwarding hand-off stays armed for every USER proc.
kayfabe: CE-SYSPROC-KEPT #107 token=0x00010003 proc=0 chan=6 pdb=0x200000 — `l1_concurrency.md` §12.26: the SYSTEM proc has no data plane and its CeUtils scrub is FORGED, never forwarded, so this doorbell is the shell's whatever KAYFABE_CE_EXECUTOR says. ⊘ The forwarding hand-off stays armed for every USER proc.
kayfabe: CE-SYSPROC-KEPT #108 token=0x00010003 proc=0 chan=6 pdb=0x200000 — `l1_concurrency.md` §12.26: the SYSTEM proc has no data plane and its CeUtils scrub is FORGED, never forwarded, so this doorbell is the shell's whatever KAYFABE_CE_EXECUTOR says. ⊘ The forwarding hand-off stays armed for every USER proc.
kayfabe: CE-SYSPROC-KEPT #109 token=0x00010003 proc=0 chan=6 pdb=0x200000 — `l1_concurrency.md` §12.26: the SYSTEM proc has no data plane and its CeUtils scrub is FORGED, never forwarded, so this doorbell is the shell's whatever KAYFABE_CE_EXECUTOR says. ⊘ The forwarding hand-off stays armed for every USER proc.
kayfabe: CE-SYSPROC-KEPT #110 token=0x00010003 proc=0 chan=6 pdb=0x200000 — `l1_concurrency.md` §12.26: the SYSTEM proc has no data plane and its CeUtils scrub is FORGED, never forwarded, so this doorbell is the shell's whatever KAYFABE_CE_EXECUTOR says. ⊘ The forwarding hand-off stays armed for every USER proc.
kayfabe: CE-SYSPROC-KEPT #111 token=0x00010003 proc=0 chan=6 pdb=0x200000 — `l1_concurrency.md` §12.26: the SYSTEM proc has no data plane and its CeUtils scrub is FORGED, never forwarded, so this doorbell is the shell's whatever KAYFABE_CE_EXECUTOR says. ⊘ The forwarding hand-off stays armed for every USER proc.
kayfabe: CE-SYSPROC-KEPT #112 token=0x00010003 proc=0 chan=6 pdb=0x200000 — `l1_concurrency.md` §12.26: the SYSTEM proc has no data plane and its CeUtils scrub is FORGED, never forwarded, so this doorbell is the shell's whatever KAYFABE_CE_EXECUTOR says. ⊘ The forwarding hand-off stays armed for every USER proc.
2026-08-11T05:26:50.780545Z qemu-system-x86_64: info: nvkvm: DOORBELL-HEARTBEAT arrival #128 token 0x00010003
kayfabe: CE-SYSPROC-KEPT #113 token=0x00010003 proc=0 chan=6 pdb=0x200000 — `l1_concurrency.md` §12.26: the SYSTEM proc has no data plane and its CeUtils scrub is FORGED, never forwarded, so this doorbell is the shell's whatever KAYFABE_CE_EXECUTOR says. ⊘ The forwarding hand-off stays armed for every USER proc.
kayfabe: CE-SYSPROC-KEPT #114 token=0x00010003 proc=0 chan=6 pdb=0x200000 — `l1_concurrency.md` §12.26: the SYSTEM proc has no data plane and its CeUtils scrub is FORGED, never forwarded, so this doorbell is the shell's whatever KAYFABE_CE_EXECUTOR says. ⊘ The forwarding hand-off stays armed for every USER proc.
kayfabe: CE-SYSPROC-KEPT #115 token=0x00010003 proc=0 chan=6 pdb=0x200000 — `l1_concurrency.md` §12.26: the SYSTEM proc has no data plane and its CeUtils scrub is FORGED, never forwarded, so this doorbell is the shell's whatever KAYFABE_CE_EXECUTOR says. ⊘ The forwarding hand-off stays armed for every USER proc.
kayfabe: CE-SYSPROC-KEPT #116 token=0x00010003 proc=0 chan=6 pdb=0x200000 — `l1_concurrency.md` §12.26: the SYSTEM proc has no data plane and its CeUtils scrub is FORGED, never forwarded, so this doorbell is the shell's whatever KAYFABE_CE_EXECUTOR says. ⊘ The forwarding hand-off stays armed for every USER proc.
kayfabe: CE-SYSPROC-KEPT #117 token=0x00010003 proc=0 chan=6 pdb=0x200000 — `l1_concurrency.md` §12.26: the SYSTEM proc has no data plane and its CeUtils scrub is FORGED, never forwarded, so this doorbell is the shell's whatever KAYFABE_CE_EXECUTOR says. ⊘ The forwarding hand-off stays armed for every USER proc.
kayfabe: CE-SYSPROC-KEPT #118 token=0x00010003 proc=0 chan=6 pdb=0x200000 — `l1_concurrency.md` §12.26: the SYSTEM proc has no data plane and its CeUtils scrub is FORGED, never forwarded, so this doorbell is the shell's whatever KAYFABE_CE_EXECUTOR says. ⊘ The forwarding hand-off stays armed for every USER proc.
kayfabe: CE-SYSPROC-KEPT #119 token=0x00010003 proc=0 chan=6 pdb=0x200000 — `l1_concurrency.md` §12.26: the SYSTEM proc has no data plane and its CeUtils scrub is FORGED, never forwarded, so this doorbell is the shell's whatever KAYFABE_CE_EXECUTOR says. ⊘ The forwarding hand-off stays armed for every USER proc.
kayfabe: CE-SYSPROC-KEPT #120 token=0x00010003 proc=0 chan=6 pdb=0x200000 — `l1_concurrency.md` §12.26: the SYSTEM proc has no data plane and its CeUtils scrub is FORGED, never forwarded, so this doorbell is the shell's whatever KAYFABE_CE_EXECUTOR says. ⊘ The forwarding hand-off stays armed for every USER proc.
kayfabe: CE-SYSPROC-KEPT #121 token=0x00010003 proc=0 chan=6 pdb=0x200000 — `l1_concurrency.md` §12.26: the SYSTEM proc has no data plane and its CeUtils scrub is FORGED, never forwarded, so this doorbell is the shell's whatever KAYFABE_CE_EXECUTOR says. ⊘ The forwarding hand-off stays armed for every USER proc.
kayfabe: CE-SYSPROC-KEPT #122 token=0x00010003 proc=0 chan=6 pdb=0x200000 — `l1_concurrency.md` §12.26: the SYSTEM proc has no data plane and its CeUtils scrub is FORGED, never forwarded, so this doorbell is the shell's whatever KAYFABE_CE_EXECUTOR says. ⊘ The forwarding hand-off stays armed for every USER proc.
kayfabe: CE-SYSPROC-KEPT #123 token=0x00010003 proc=0 chan=6 pdb=0x200000 — `l1_concurrency.md` §12.26: the SYSTEM proc has no data plane and its CeUtils scrub is FORGED, never forwarded, so this doorbell is the shell's whatever KAYFABE_CE_EXECUTOR says. ⊘ The forwarding hand-off stays armed for every USER proc.
kayfabe: CE-SYSPROC-KEPT #124 token=0x00010003 proc=0 chan=6 pdb=0x200000 — `l1_concurrency.md` §12.26: the SYSTEM proc has no data plane and its CeUtils scrub is FORGED, never forwarded, so this doorbell is the shell's whatever KAYFABE_CE_EXECUTOR says. ⊘ The forwarding hand-off stays armed for every USER proc.
kayfabe: CE-SYSPROC-KEPT #125 token=0x00010003 proc=0 chan=6 pdb=0x200000 — `l1_concurrency.md` §12.26: the SYSTEM proc has no data plane and its CeUtils scrub is FORGED, never forwarded, so this doorbell is the shell's whatever KAYFABE_CE_EXECUTOR says. ⊘ The forwarding hand-off stays armed for every USER proc.
kayfabe: CE-SYSPROC-KEPT #126 token=0x00010003 proc=0 chan=6 pdb=0x200000 — `l1_concurrency.md` §12.26: the SYSTEM proc has no data plane and its CeUtils scrub is FORGED, never forwarded, so this doorbell is the shell's whatever KAYFABE_CE_EXECUTOR says. ⊘ The forwarding hand-off stays armed for every USER proc.
kayfabe: CE-SYSPROC-KEPT #127 token=0x00010003 proc=0 chan=6 pdb=0x200000 — `l1_concurrency.md` §12.26: the SYSTEM proc has no data plane and its CeUtils scrub is FORGED, never forwarded, so this doorbell is the shell's whatever KAYFABE_CE_EXECUTOR says. ⊘ The forwarding hand-off stays armed for every USER proc.
kayfabe: CE-SYSPROC-KEPT #128 token=0x00010003 proc=0 chan=6 pdb=0x200000 — `l1_concurrency.md` §12.26: the SYSTEM proc has no data plane and its CeUtils scrub is FORGED, never forwarded, so this doorbell is the shell's whatever KAYFABE_CE_EXECUTOR says. ⊘ The forwarding hand-off stays armed for every USER proc.
kayfabe: CE-SYSPROC-KEPT #129 token=0x00010003 proc=0 chan=6 pdb=0x200000 — `l1_concurrency.md` §12.26: the SYSTEM proc has no data plane and its CeUtils scrub is FORGED, never forwarded, so this doorbell is the shell's whatever KAYFABE_CE_EXECUTOR says. ⊘ The forwarding hand-off stays armed for every USER proc.
kayfabe: CE-SYSPROC-KEPT #130 token=0x00010003 proc=0 chan=6 pdb=0x200000 — `l1_concurrency.md` §12.26: the SYSTEM proc has no data plane and its CeUtils scrub is FORGED, never forwarded, so this doorbell is the shell's whatever KAYFABE_CE_EXECUTOR says. ⊘ The forwarding hand-off stays armed for every USER proc.
kayfabe: CE-SYSPROC-KEPT #131 token=0x00010003 proc=0 chan=6 pdb=0x200000 — `l1_concurrency.md` §12.26: the SYSTEM proc has no data plane and its CeUtils scrub is FORGED, never forwarded, so this doorbell is the shell's whatever KAYFABE_CE_EXECUTOR says. ⊘ The forwarding hand-off stays armed for every USER proc.
kayfabe: CE-SYSPROC-KEPT #132 token=0x00010003 proc=0 chan=6 pdb=0x200000 — `l1_concurrency.md` §12.26: the SYSTEM proc has no data plane and its CeUtils scrub is FORGED, never forwarded, so this doorbell is the shell's whatever KAYFABE_CE_EXECUTOR says. ⊘ The forwarding hand-off stays armed for every USER proc.
kayfabe: CE-SYSPROC-KEPT #133 token=0x00010003 proc=0 chan=6 pdb=0x200000 — `l1_concurrency.md` §12.26: the SYSTEM proc has no data plane and its CeUtils scrub is FORGED, never forwarded, so this doorbell is the shell's whatever KAYFABE_CE_EXECUTOR says. ⊘ The forwarding hand-off stays armed for every USER proc.
kayfabe: CE-SYSPROC-KEPT #134 token=0x00010003 proc=0 chan=6 pdb=0x200000 — `l1_concurrency.md` §12.26: the SYSTEM proc has no data plane and its CeUtils scrub is FORGED, never forwarded, so this doorbell is the shell's whatever KAYFABE_CE_EXECUTOR says. ⊘ The forwarding hand-off stays armed for every USER proc.
kayfabe: CE-SYSPROC-KEPT #135 token=0x00010003 proc=0 chan=6 pdb=0x200000 — `l1_concurrency.md` §12.26: the SYSTEM proc has no data plane and its CeUtils scrub is FORGED, never forwarded, so this doorbell is the shell's whatever KAYFABE_CE_EXECUTOR says. ⊘ The forwarding hand-off stays armed for every USER proc.
kayfabe: CE-SYSPROC-KEPT #136 token=0x00010003 proc=0 chan=6 pdb=0x200000 — `l1_concurrency.md` §12.26: the SYSTEM proc has no data plane and its CeUtils scrub is FORGED, never forwarded, so this doorbell is the shell's whatever KAYFABE_CE_EXECUTOR says. ⊘ The forwarding hand-off stays armed for every USER proc.
2026-08-11T05:26:50.863406Z qemu-system-x86_64: info: nvkvm: DOORBELL-HEARTBEAT arrival #160 token 0x00010001
kayfabe: RING-ROSTER 26 row(s), 0 dropped past the cap (a non-zero drop count means this list is a PREFIX and its absences prove nothing)
kayfabe:   RING-ROSTER key=0xc1e00005:0x2 ring=0x120064000 entries=4096
kayfabe:   RING-ROSTER key=0xc1e00006:0x2 ring=0x420064000 entries=4096
kayfabe:   RING-ROSTER key=0xc1e00007:0xbaba0045 ring=0x0 entries=32
kayfabe:   RING-ROSTER key=0xc1e00010:0x2 ring=0x120064000 entries=4096
kayfabe:   RING-ROSTER key=0xc1e00011:0x2 ring=0x420064000 entries=4096
kayfabe:   RING-ROSTER key=0xc1e00012:0xbaba0045 ring=0x0 entries=32
kayfabe:   RING-ROSTER key=0xc1d0000a:0xcaf00012 ring=0x121010000 entries=1024
kayfabe:   RING-ROSTER key=0xc1d0000a:0xcaf0001d ring=0x121040000 entries=1024
kayfabe:   RING-ROSTER key=0xc1d0000a:0xcaf00028 ring=0x121070000 entries=1024
kayfabe:   RING-ROSTER key=0xc1d0000a:0xcaf00033 ring=0x1210a0000 entries=1024
kayfabe:   RING-ROSTER key=0xc1d0000c:0x5c000019 ring=0x200200000 entries=1024
kayfabe:   RING-ROSTER key=0xc1d0000c:0x5c00001f ring=0x200203000 entries=1024
kayfabe:   RING-ROSTER key=0xc1d0000c:0x5c000023 ring=0x200206000 entries=1024
kayfabe:   RING-ROSTER key=0xc1d0000c:0x5c000027 ring=0x200209000 entries=1024
kayfabe:   RING-ROSTER key=0xc1d0000c:0x5c00002b ring=0x20020c000 entries=1024
kayfabe:   RING-ROSTER key=0xc1d0000c:0x5c00002f ring=0x20020f000 entries=1024
kayfabe:   RING-ROSTER key=0xc1d0000c:0x5c000033 ring=0x200212000 entries=1024
kayfabe:   RING-ROSTER key=0xc1d0000c:0x5c000037 ring=0x200215000 entries=1024
kayfabe:   RING-ROSTER key=0xc1d0000c:0x5c00003d ring=0x200218000 entries=1024
kayfabe:   RING-ROSTER key=0xc1d0000c:0x5c000040 ring=0x20021b000 entries=1024
kayfabe:   RING-ROSTER key=0xc1d0000c:0x5c000043 ring=0x20021e000 entries=1024
kayfabe:   RING-ROSTER key=0xc1d0000c:0x5c000046 ring=0x200221000 entries=1024
kayfabe:   RING-ROSTER key=0xc1d0000c:0x5c00004b ring=0x200224000 entries=1024
kayfabe:   RING-ROSTER key=0xc1d0000c:0x5c00004e ring=0x200227000 entries=1024
kayfabe:   RING-ROSTER key=0xc1d0000c:0x5c000051 ring=0x20022a000 entries=1024
kayfabe:   RING-ROSTER key=0xc1d0000c:0x5c000054 ring=0x20022d000 entries=1024
kayfabe: UNCLAIMED-CENSUS 64 distinct (bar, offset) pair(s) answered with a DEFAULTED ZERO (⊘ bounded first-N sample — an absence here proves nothing; the totals are the `registers:` line's UNCLAIMED counts)
kayfabe:   UNCLAIMED-CENSUS bar0 off=0x08841c
kayfabe:   UNCLAIMED-CENSUS bar0 off=0x08807c
kayfabe:   UNCLAIMED-CENSUS bar0 off=0x088898
kayfabe:   UNCLAIMED-CENSUS bar0 off=0x088bd8
kayfabe:   UNCLAIMED-CENSUS bar0 off=0x088be0
kayfabe:   UNCLAIMED-CENSUS bar0 off=0x088bf4
kayfabe:   UNCLAIMED-CENSUS bar0 off=0x088bfc
kayfabe:   UNCLAIMED-CENSUS bar0 off=0x100c40
kayfabe:   UNCLAIMED-CENSUS bar0 off=0x100c10
kayfabe:   UNCLAIMED-CENSUS bar0 off=0x001478
kayfabe:   UNCLAIMED-CENSUS bar0 off=0x088080
kayfabe:   UNCLAIMED-CENSUS bar0 off=0x820c04
kayfabe:   UNCLAIMED-CENSUS bar0 off=0x82074c
kayfabe:   UNCLAIMED-CENSUS bar0 off=0x824148
kayfabe:   UNCLAIMED-CENSUS bar0 off=0x009410
kayfabe:   UNCLAIMED-CENSUS bar0 off=0x009400
kayfabe:   UNCLAIMED-CENSUS bar0 off=0x823814
kayfabe:   UNCLAIMED-CENSUS bar0 off=0x625f04
kayfabe:   UNCLAIMED-CENSUS bar0 off=0x8241c0
kayfabe:   UNCLAIMED-CENSUS bar0 off=0x1103c0
kayfabe:   UNCLAIMED-CENSUS bar0 off=0x111668
kayfabe:   UNCLAIMED-CENSUS bar0 off=0x110084
kayfabe:   UNCLAIMED-CENSUS bar0 off=0x110624
kayfabe:   UNCLAIMED-CENSUS bar0 off=0x11010c
kayfabe:   UNCLAIMED-CENSUS bar0 off=0x110600
kayfabe:   UNCLAIMED-CENSUS bar0 off=0x110110
kayfabe:   UNCLAIMED-CENSUS bar0 off=0x110128
kayfabe:   UNCLAIMED-CENSUS bar0 off=0x110114
kayfabe:   UNCLAIMED-CENSUS bar0 off=0x11011c
kayfabe:   UNCLAIMED-CENSUS bar0 off=0x111210
kayfabe:   UNCLAIMED-CENSUS bar0 off=0x11119c
kayfabe:   UNCLAIMED-CENSUS bar0 off=0x111198
kayfabe:   UNCLAIMED-CENSUS bar0 off=0x111180
kayfabe:   UNCLAIMED-CENSUS bar0 off=0x110104
kayfabe:   UNCLAIMED-CENSUS bar0 off=0x001438
kayfabe:   UNCLAIMED-CENSUS bar0 off=0x8400f4
kayfabe:   UNCLAIMED-CENSUS bar0 off=0x8403c0
kayfabe:   UNCLAIMED-CENSUS bar0 off=0x840084
kayfabe:   UNCLAIMED-CENSUS bar0 off=0x840044
kayfabe:   UNCLAIMED-CENSUS bar0 off=0x840624
kayfabe:   UNCLAIMED-CENSUS bar0 off=0x84010c
kayfabe:   UNCLAIMED-CENSUS bar0 off=0x840600
kayfabe:   UNCLAIMED-CENSUS bar0 off=0x840110
kayfabe:   UNCLAIMED-CENSUS bar0 off=0x840128
kayfabe:   UNCLAIMED-CENSUS bar0 off=0x840114
kayfabe:   UNCLAIMED-CENSUS bar0 off=0x84011c
kayfabe:   UNCLAIMED-CENSUS bar0 off=0x841210
kayfabe:   UNCLAIMED-CENSUS bar0 off=0x84119c
kayfabe:   UNCLAIMED-CENSUS bar0 off=0x841198
kayfabe:   UNCLAIMED-CENSUS bar0 off=0x841180
kayfabe:   UNCLAIMED-CENSUS bar0 off=0x840104
kayfabe:   UNCLAIMED-CENSUS bar0 off=0x110080
kayfabe:   UNCLAIMED-CENSUS bar0 off=0x110094
kayfabe:   UNCLAIMED-CENSUS bar0 off=0x088030
kayfabe:   UNCLAIMED-CENSUS bar0 off=0xb830b0
kayfabe:   UNCLAIMED-CENSUS bar0 off=0xb830a0
kayfabe:   UNCLAIMED-CENSUS bar0 off=0xb830a4
kayfabe:   UNCLAIMED-CENSUS bar0 off=0x088068
kayfabe:   UNCLAIMED-CENSUS bar0 off=0x0880c8
kayfabe:   UNCLAIMED-CENSUS bar0 off=0x088424
kayfabe:   UNCLAIMED-CENSUS bar0 off=0x088430
kayfabe:   UNCLAIMED-CENSUS bar0 off=0x088034
kayfabe:   UNCLAIMED-CENSUS bar0 off=0x088038
kayfabe:   UNCLAIMED-CENSUS bar0 off=0x08803c
2026-08-11T05:26:59.122464Z qemu-system-x86_64: info: nvkvm: registers: 12127 reads / 417299 writes (chip-constant 433, rom 4632, gsp 706r/1458w, UNCLAIMED 2898r/2468w), faults 2, guest-RAM refusals 0, interrupt requests dropped 842
2026-08-11T05:26:59.122557Z qemu-system-x86_64: info: nvkvm: timer: 204 counter reads, 0 writes REFUSED (the guest reads the host GPU's counter and may not move it)
2026-08-11T05:26:59.122597Z qemu-system-x86_64: info: nvkvm: interrupts: 186 vectors delivered, 0 undeliverable (guest had not enabled the table), 842 status-queue requests dropped
2026-08-11T05:26:59.122619Z qemu-system-x86_64: info: nvkvm: interrupt tree: 9765 register accesses, 2 guest LEAF_TRIGGER raises, 0 of them would be masked (⊘ if that equals the raises, the ENABLE BOOKKEEPING is blind and every "would be masked" number in this report is meaningless — the loopback self-test enables its leaf immediately before triggering)
2026-08-11T05:26:59.122642Z qemu-system-x86_64: info: nvkvm: completions: 4 announced (non-stall vector raised), 171 UNVECTORED (work done, nothing told the guest), 4 would be masked by the guest's own LEAF_EN
2026-08-11T05:26:59.122663Z qemu-system-x86_64: info: nvkvm: os-events: 3 registered / 3 retired / 0 live (0 malformed, 0 refused-full); 15 POST_EVENT posted in 5 batch(es); gate: 88 gated, 0 not-running, 0 failed, 4 IRQSCLR cleared
2026-08-11T05:26:59.122685Z qemu-system-x86_64: info: nvkvm: os-event announce: 5 GSP stall vector(s) raised, 0 UNVECTORED, 2 would be masked; 0 batch(es) WOKE WITH NOTHING (last join: 150 doorbells served, 0 of them forwarded, 13 new since the previous batch)
2026-08-11T05:26:59.122708Z qemu-system-x86_64: info: nvkvm: framebuffer: 1410 reads / 405167 writes served through the BAR0 moving window (52 window register reads / 42 writes), fb refusals 0, resident 19202048 bytes
2026-08-11T05:26:59.122729Z qemu-system-x86_64: info: nvkvm:   windows with no address model: 0r/0w — read it beside the BAR1 traffic that had to exist for this zero to say anything: 0 translated read(s) / 483 write(s), bar1PdeBase = 0x2f1cac000. ⊘ With 0 BAR1 accesses this line reports nothing about the guest.
2026-08-11T05:26:59.122751Z qemu-system-x86_64: info: nvkvm:   framebuffer residency: 4688 page(s) spanning [0x0..0x2f1cac000] — 3087533 page(s) of extent, so the resident set is SPARSE. ⊘ A page NOT in this set was never written; a page in it that reads zero WAS addressed and given zeros. The byte census alone cannot tell those apart.
2026-08-11T05:26:59.122774Z qemu-system-x86_64: info: nvkvm:   framebuffer FIRST-WRITER census: PRAMIN 21 / BAR1 41 / BAR2 88 / EXEC 4538 / UNATTRIBUTED 0 page(s) — FIRST writer, not last, so this attributes CREATION and not traffic.
2026-08-11T05:26:59.122796Z qemu-system-x86_64: info: nvkvm:   GPFIFO forward search: swept 4688 of 4688 resident page(s), and NO page carries GPFIFO-entry-shaped bytes. ⊘ This says the ring's bytes are not in THIS store — it does not say the guest never wrote them.
2026-08-11T05:26:59.122820Z qemu-system-x86_64: info: nvkvm:   trap-status nvkvm-bar0-regs: base 0xfd000000 -> region 'nvkvm-bar0-regs' (OURS), IO — TRAPPED, every guest access reaches this device. ⇒ a never-written page behind this row IS a statement about the guest, because we would have seen the write.
2026-08-11T05:26:59.122844Z qemu-system-x86_64: info: nvkvm:   trap-status nvkvm-bar1-window: base 0xe0000000 -> region 'nvkvm-bar1-window' (OURS), IO — TRAPPED, every guest access reaches this device. ⇒ a never-written page behind this row IS a statement about the guest, because we would have seen the write.
2026-08-11T05:26:59.122899Z qemu-system-x86_64: info: nvkvm:   trap-status nvkvm-bar2-window: base 0xf0000000 -> region 'nvkvm-bar2-window' (OURS), IO — TRAPPED, every guest access reaches this device. ⇒ a never-written page behind this row IS a statement about the guest, because we would have seen the write.
2026-08-11T05:26:59.122922Z qemu-system-x86_64: info: nvkvm:   trap-status nvkvm-msix: base 0xfe052000 -> region 'msix-table' ⚠ (NOT OURS — it overlays this BAR), IO — TRAPPED, every guest access reaches this device. ⇒ a never-written page behind this row IS a statement about the guest, because we would have seen the write.
2026-08-11T05:26:59.122962Z qemu-system-x86_64: info: nvkvm: discarding reservations: none — every region this device presents either traps to the archive or is the interrupt table. ⊘ This is read off the region table, not off a counter, so it cannot go stale the way an unreachable counter did.
2026-08-11T05:26:59.122984Z qemu-system-x86_64: info: nvkvm:   BAR1 access log: 16 of 483 access(es) recorded in full (FIRST ones, because the write under test precedes the doorbell) — ⊘ BOUNDED-LOG, later accesses are not shown
2026-08-11T05:26:59.123006Z qemu-system-x86_64: info: nvkvm:     BAR1[0] WRITE off=0x90000 size=4 val=0x20000000
2026-08-11T05:26:59.123028Z qemu-system-x86_64: info: nvkvm:     BAR1[1] WRITE off=0x90004 size=4 val=0x2801
2026-08-11T05:26:59.123049Z qemu-system-x86_64: info: nvkvm:     BAR1[2] WRITE off=0xa008c size=4 val=0x1
2026-08-11T05:26:59.123070Z qemu-system-x86_64: info: nvkvm:     BAR1[3] WRITE off=0xb0000 size=4 val=0x20100000
2026-08-11T05:26:59.123091Z qemu-system-x86_64: info: nvkvm:     BAR1[4] WRITE off=0xb0004 size=4 val=0x2801
2026-08-11T05:26:59.123112Z qemu-system-x86_64: info: nvkvm:     BAR1[5] WRITE off=0xc008c size=4 val=0x1
2026-08-11T05:26:59.123132Z qemu-system-x86_64: info: nvkvm:     BAR1[6] WRITE off=0xd0000 size=4 val=0x20200000
2026-08-11T05:26:59.123153Z qemu-system-x86_64: info: nvkvm:     BAR1[7] WRITE off=0xd0004 size=4 val=0x2801
2026-08-11T05:26:59.123185Z qemu-system-x86_64: info: nvkvm:     BAR1[8] WRITE off=0xe008c size=4 val=0x1
2026-08-11T05:26:59.123206Z qemu-system-x86_64: info: nvkvm:     BAR1[9] WRITE off=0xf0000 size=4 val=0x20300000
2026-08-11T05:26:59.123227Z qemu-system-x86_64: info: nvkvm:     BAR1[10] WRITE off=0xf0004 size=4 val=0x2801
2026-08-11T05:26:59.123249Z qemu-system-x86_64: info: nvkvm:     BAR1[11] WRITE off=0x10008c size=4 val=0x1
2026-08-11T05:26:59.123270Z qemu-system-x86_64: info: nvkvm:     BAR1[12] WRITE off=0x90008 size=4 val=0x20400000
2026-08-11T05:26:59.123291Z qemu-system-x86_64: info: nvkvm:     BAR1[13] WRITE off=0x9000c size=4 val=0x6801
2026-08-11T05:26:59.123311Z qemu-system-x86_64: info: nvkvm:     BAR1[14] WRITE off=0xa008c size=4 val=0x2
2026-08-11T05:26:59.123332Z qemu-system-x86_64: info: nvkvm:     BAR1[15] WRITE off=0x90010 size=4 val=0x20500000
2026-08-11T05:26:59.123384Z qemu-system-x86_64: info: nvkvm: BAR2 (translated): 1388 reads / 336728 writes resolved through the GMMU, 0 REFUSED by name; roots published 4 (0 bodies refused), BAR2 root entry 0x0
2026-08-11T05:26:59.123407Z qemu-system-x86_64: info: nvkvm: SET_PAGE_DIRECTORY (0x00801813): 2 ACCEPTED, 0 refused; latest hClient 0xc1d0000a hObject 0xcaf00000 hVASpace 0xcaf00036 physAddress 0x201000 numEntries 4 flags 0x8 (aperture 0)
2026-08-11T05:26:59.123430Z qemu-system-x86_64: info: nvkvm: BAR1 (translated): 0 reads / 483 writes resolved through the GMMU, 0 REFUSED by name; bar1PdeBase = 0x2f1cac000 (the framebuffer address WE published and the walk starts from), root entry published by the guest: no, as ogkm-580's two UPDATE_BAR_PDE call sites predict
2026-08-11T05:26:59.123452Z qemu-system-x86_64: info: nvkvm: VA-space page-directory publications: 12 total, 11 distinct, 0 UNDECODABLE (counted from 0x90f10106 / 0x20800a9f ONLY; ⊘ 0x00801813 publishes a root too and is counted on its own line above, so these totals are NOT every root the guest published)
2026-08-11T05:26:59.123485Z qemu-system-x86_64: info: nvkvm:   of those, 14 reached the object model, 12 ACCEPTED (Vas::pdb populated from the guest's own publication), 0 not an event
2026-08-11T05:26:59.123507Z qemu-system-x86_64: info: nvkvm:   gvas cmd 0x20800a9f hClient 0x00000000 hObject 0x00000000 va [0x0000000100000000..0x000000011fffffff] pageSize 0x200000 levels 4 subdev 0/0 x2
2026-08-11T05:26:59.123532Z qemu-system-x86_64: info: nvkvm:     level[0] ROOT phys 0x00000002efbae000 size 0x20 aperture 1 pageShift 47
2026-08-11T05:26:59.123554Z qemu-system-x86_64: info: nvkvm:     level[1] phys 0x00000002efbad000 size 0x1000 aperture 1 pageShift 38
2026-08-11T05:26:59.123575Z qemu-system-x86_64: info: nvkvm:     level[2] phys 0x00000002efbac000 size 0x1000 aperture 1 pageShift 29
2026-08-11T05:26:59.123610Z qemu-system-x86_64: info: nvkvm:     level[3] phys 0x00000002efbab000 size 0x1000 aperture 1 pageShift 21
2026-08-11T05:26:59.123631Z qemu-system-x86_64: info: nvkvm:   gvas cmd 0x90f10106 hClient 0xc1e00005 hObject 0x0000000c va [0x0000000100000000..0x000000011fffffff] pageSize 0x200000 levels 4 subdev 0/0 x1
2026-08-11T05:26:59.123654Z qemu-system-x86_64: info: nvkvm:     level[0] ROOT phys 0x00000002efba5000 size 0x20 aperture 1 pageShift 47
2026-08-11T05:26:59.123675Z qemu-system-x86_64: info: nvkvm:     level[1] phys 0x00000002efba4000 size 0x1000 aperture 1 pageShift 38
2026-08-11T05:26:59.123696Z qemu-system-x86_64: info: nvkvm:     level[2] phys 0x00000002efba3000 size 0x1000 aperture 1 pageShift 29
2026-08-11T05:26:59.123717Z qemu-system-x86_64: info: nvkvm:     level[3] phys 0x00000002efba2000 size 0x1000 aperture 1 pageShift 21
2026-08-11T05:26:59.123738Z qemu-system-x86_64: info: nvkvm:   gvas cmd 0x90f10106 hClient 0xc1e00006 hObject 0x0000000a va [0x0000000100000000..0x000000011fffffff] pageSize 0x200000 levels 4 subdev 0/0 x1
2026-08-11T05:26:59.123771Z qemu-system-x86_64: info: nvkvm:     level[0] ROOT phys 0x00000002efa9c000 size 0x20 aperture 1 pageShift 47
2026-08-11T05:26:59.123792Z qemu-system-x86_64: info: nvkvm:     level[1] phys 0x00000002efa9b000 size 0x1000 aperture 1 pageShift 38
2026-08-11T05:26:59.123813Z qemu-system-x86_64: info: nvkvm:     level[2] phys 0x00000002efa9a000 size 0x1000 aperture 1 pageShift 29
2026-08-11T05:26:59.123834Z qemu-system-x86_64: info: nvkvm:     level[3] phys 0x00000002efa99000 size 0x1000 aperture 1 pageShift 21
2026-08-11T05:26:59.123873Z qemu-system-x86_64: info: nvkvm:   gvas cmd 0x90f10106 hClient 0xc1e00007 hObject 0xbaba0042 va [0x0000000100000000..0x000000011fffffff] pageSize 0x200000 levels 4 subdev 0/0 x1
2026-08-11T05:26:59.123896Z qemu-system-x86_64: info: nvkvm:     level[0] ROOT phys 0x00000002efa7c000 size 0x20 aperture 1 pageShift 47
2026-08-11T05:26:59.123917Z qemu-system-x86_64: info: nvkvm:     level[1] phys 0x00000002efa7b000 size 0x1000 aperture 1 pageShift 38
2026-08-11T05:26:59.123938Z qemu-system-x86_64: info: nvkvm:     level[2] phys 0x00000002efa7a000 size 0x1000 aperture 1 pageShift 29
2026-08-11T05:26:59.123959Z qemu-system-x86_64: info: nvkvm:     level[3] phys 0x00000002efa79000 size 0x1000 aperture 1 pageShift 21
2026-08-11T05:26:59.123979Z qemu-system-x86_64: info: nvkvm:   gvas cmd 0x90f10106 hClient 0xc1d00008 hObject 0xcaf00000 va [0x0000000100000000..0x000000011fffffff] pageSize 0x200000 levels 4 subdev 0/0 x1
2026-08-11T05:26:59.124001Z qemu-system-x86_64: info: nvkvm:     level[0] ROOT phys 0x00000002efa7c000 size 0x20 aperture 1 pageShift 47
2026-08-11T05:26:59.124022Z qemu-system-x86_64: info: nvkvm:     level[1] phys 0x00000002efa7b000 size 0x1000 aperture 1 pageShift 38
2026-08-11T05:26:59.124043Z qemu-system-x86_64: info: nvkvm:     level[2] phys 0x00000002efa7a000 size 0x1000 aperture 1 pageShift 29
2026-08-11T05:26:59.124074Z qemu-system-x86_64: info: nvkvm:     level[3] phys 0x00000002efa79000 size 0x1000 aperture 1 pageShift 21
2026-08-11T05:26:59.124095Z qemu-system-x86_64: info: nvkvm:   gvas cmd 0x90f10106 hClient 0xc1e00010 hObject 0x0000000c va [0x0000000100000000..0x000000011fffffff] pageSize 0x200000 levels 4 subdev 0/0 x1
2026-08-11T05:26:59.124117Z qemu-system-x86_64: info: nvkvm:     level[0] ROOT phys 0x00000002efba5000 size 0x20 aperture 1 pageShift 47
2026-08-11T05:26:59.124138Z qemu-system-x86_64: info: nvkvm:     level[1] phys 0x00000002efba4000 size 0x1000 aperture 1 pageShift 38
2026-08-11T05:26:59.124158Z qemu-system-x86_64: info: nvkvm:     level[2] phys 0x00000002efba3000 size 0x1000 aperture 1 pageShift 29
2026-08-11T05:26:59.124179Z qemu-system-x86_64: info: nvkvm:     level[3] phys 0x00000002efba2000 size 0x1000 aperture 1 pageShift 21
2026-08-11T05:26:59.124200Z qemu-system-x86_64: info: nvkvm:   gvas cmd 0x90f10106 hClient 0xc1e00011 hObject 0x0000000a va [0x0000000100000000..0x000000011fffffff] pageSize 0x200000 levels 4 subdev 0/0 x1
2026-08-11T05:26:59.124230Z qemu-system-x86_64: info: nvkvm:     level[0] ROOT phys 0x00000002efa9c000 size 0x20 aperture 1 pageShift 47
2026-08-11T05:26:59.124252Z qemu-system-x86_64: info: nvkvm:     level[1] phys 0x00000002efa9b000 size 0x1000 aperture 1 pageShift 38
2026-08-11T05:26:59.124273Z qemu-system-x86_64: info: nvkvm:     level[2] phys 0x00000002efa9a000 size 0x1000 aperture 1 pageShift 29
2026-08-11T05:26:59.124294Z qemu-system-x86_64: info: nvkvm:     level[3] phys 0x00000002efa99000 size 0x1000 aperture 1 pageShift 21
2026-08-11T05:26:59.124314Z qemu-system-x86_64: info: nvkvm:   gvas cmd 0x90f10106 hClient 0xc1e00012 hObject 0xbaba0042 va [0x0000000100000000..0x000000011fffffff] pageSize 0x200000 levels 4 subdev 0/0 x1
2026-08-11T05:26:59.124336Z qemu-system-x86_64: info: nvkvm:     level[0] ROOT phys 0x00000002efa7c000 size 0x20 aperture 1 pageShift 47
2026-08-11T05:26:59.124397Z qemu-system-x86_64: info: nvkvm:     level[1] phys 0x00000002efa7b000 size 0x1000 aperture 1 pageShift 38
2026-08-11T05:26:59.124418Z qemu-system-x86_64: info: nvkvm:     level[2] phys 0x00000002efa7a000 size 0x1000 aperture 1 pageShift 29
2026-08-11T05:26:59.124439Z qemu-system-x86_64: info: nvkvm:     level[3] phys 0x00000002efa79000 size 0x1000 aperture 1 pageShift 21
2026-08-11T05:26:59.124460Z qemu-system-x86_64: info: nvkvm:   gvas cmd 0x90f10106 hClient 0xc1d00013 hObject 0xcaf00000 va [0x0000000100000000..0x000000011fffffff] pageSize 0x200000 levels 4 subdev 0/0 x1
2026-08-11T05:26:59.124482Z qemu-system-x86_64: info: nvkvm:     level[0] ROOT phys 0x00000002efa7c000 size 0x20 aperture 1 pageShift 47
2026-08-11T05:26:59.124502Z qemu-system-x86_64: info: nvkvm:     level[1] phys 0x00000002efa7b000 size 0x1000 aperture 1 pageShift 38
2026-08-11T05:26:59.124523Z qemu-system-x86_64: info: nvkvm:     level[2] phys 0x00000002efa7a000 size 0x1000 aperture 1 pageShift 29
2026-08-11T05:26:59.124544Z qemu-system-x86_64: info: nvkvm:     level[3] phys 0x00000002efa79000 size 0x1000 aperture 1 pageShift 21
2026-08-11T05:26:59.124565Z qemu-system-x86_64: info: nvkvm:   gvas cmd 0x90f10106 hClient 0xc1d0000c hObject 0x5c000008 va [0x0000000100000000..0x000000011fffffff] pageSize 0x200000 levels 4 subdev 0/0 x1
2026-08-11T05:26:59.124586Z qemu-system-x86_64: info: nvkvm:     level[0] ROOT phys 0x0000000000000000 size 0x20 aperture 1 pageShift 47
2026-08-11T05:26:59.124608Z qemu-system-x86_64: info: nvkvm:     level[1] phys 0x0000000000001000 size 0x1000 aperture 1 pageShift 38
2026-08-11T05:26:59.124629Z qemu-system-x86_64: info: nvkvm:     level[2] phys 0x0000000000002000 size 0x1000 aperture 1 pageShift 29
2026-08-11T05:26:59.124661Z qemu-system-x86_64: info: nvkvm:     level[3] phys 0x0000000000003000 size 0x1000 aperture 1 pageShift 21
2026-08-11T05:26:59.124682Z qemu-system-x86_64: info: nvkvm:   gvas cmd 0x90f10106 hClient 0xc1d0000a hObject 0xcaf00005 va [0x0000000100000000..0x000000011fffffff] pageSize 0x200000 levels 4 subdev 0/0 x1
2026-08-11T05:26:59.124704Z qemu-system-x86_64: info: nvkvm:     level[0] ROOT phys 0x0000000000004000 size 0x20 aperture 1 pageShift 47
2026-08-11T05:26:59.124725Z qemu-system-x86_64: info: nvkvm:     level[1] phys 0x0000000000005000 size 0x1000 aperture 1 pageShift 38
2026-08-11T05:26:59.124746Z qemu-system-x86_64: info: nvkvm:     level[2] phys 0x0000000000006000 size 0x1000 aperture 1 pageShift 29
2026-08-11T05:26:59.124766Z qemu-system-x86_64: info: nvkvm:     level[3] phys 0x0000000000007000 size 0x1000 aperture 1 pageShift 21
2026-08-11T05:26:59.124787Z qemu-system-x86_64: info: nvkvm: commands: 844 decoded, 111 UNSERVICED (refused by name; the guest logs these quietly, which is why they are here), 41 distinct
2026-08-11T05:26:59.124808Z qemu-system-x86_64: info: nvkvm:   unserviced fn 76 cmd 0x20800a87
2026-08-11T05:26:59.124829Z qemu-system-x86_64: info: nvkvm:   unserviced fn 76 cmd 0x20800a4b
2026-08-11T05:26:59.124849Z qemu-system-x86_64: info: nvkvm:   unserviced fn 76 cmd 0x20800afe
2026-08-11T05:26:59.124887Z qemu-system-x86_64: info: nvkvm:   unserviced fn 76 cmd 0x20800aff
2026-08-11T05:26:59.124919Z qemu-system-x86_64: info: nvkvm:   unserviced fn 76 cmd 0x20800a70
2026-08-11T05:26:59.124939Z qemu-system-x86_64: info: nvkvm:   unserviced fn 76 cmd 0x20800a80
2026-08-11T05:26:59.124960Z qemu-system-x86_64: info: nvkvm:   unserviced fn 76 cmd 0x20802a0f
2026-08-11T05:26:59.124980Z qemu-system-x86_64: info: nvkvm:   unserviced fn 76 cmd 0x2080017e
2026-08-11T05:26:59.125001Z qemu-system-x86_64: info: nvkvm:   unserviced fn 76 cmd 0x20800a30
2026-08-11T05:26:59.125021Z qemu-system-x86_64: info: nvkvm:   unserviced fn 76 cmd 0x20800a2c
2026-08-11T05:26:59.125041Z qemu-system-x86_64: info: nvkvm:   unserviced fn 76 cmd 0x20800a2e
2026-08-11T05:26:59.125061Z qemu-system-x86_64: info: nvkvm:   unserviced fn 76 cmd 0x20800a34
2026-08-11T05:26:59.125082Z qemu-system-x86_64: info: nvkvm:   unserviced fn 76 cmd 0x20800b03
2026-08-11T05:26:59.125102Z qemu-system-x86_64: info: nvkvm:   unserviced fn 76 cmd 0x20800b05
2026-08-11T05:26:59.125122Z qemu-system-x86_64: info: nvkvm:   unserviced fn 76 cmd 0x20800a3f
2026-08-11T05:26:59.125143Z qemu-system-x86_64: info: nvkvm:   unserviced fn 76 cmd 0x2080013f
2026-08-11T05:26:59.125163Z qemu-system-x86_64: info: nvkvm:   unserviced fn 76 cmd 0x402c0101
2026-08-11T05:26:59.125183Z qemu-system-x86_64: info: nvkvm:   unserviced fn 76 cmd 0x00800294
2026-08-11T05:26:59.125203Z qemu-system-x86_64: info: nvkvm:   unserviced fn 76 cmd 0x20810108
2026-08-11T05:26:59.125235Z qemu-system-x86_64: info: nvkvm:   unserviced fn 76 cmd 0x20810110
2026-08-11T05:26:59.125255Z qemu-system-x86_64: info: nvkvm:   unserviced fn 76 cmd 0x2080014b
2026-08-11T05:26:59.125276Z qemu-system-x86_64: info: nvkvm:   unserviced fn 76 cmd 0x20800157
2026-08-11T05:26:59.125296Z qemu-system-x86_64: info: nvkvm:   unserviced fn 76 cmd 0x20801357
2026-08-11T05:26:59.125317Z qemu-system-x86_64: info: nvkvm:   unserviced fn 76 cmd 0x2080852e
2026-08-11T05:26:59.125337Z qemu-system-x86_64: info: nvkvm:   unserviced fn 76 cmd 0x20808513
2026-08-11T05:26:59.125394Z qemu-system-x86_64: info: nvkvm:   unserviced fn 76 cmd 0x20802068
2026-08-11T05:26:59.125414Z qemu-system-x86_64: info: nvkvm:   unserviced fn 76 cmd 0x2080a618
2026-08-11T05:26:59.125435Z qemu-system-x86_64: info: nvkvm:   unserviced fn 76 cmd 0x2080a612
2026-08-11T05:26:59.125455Z qemu-system-x86_64: info: nvkvm:   unserviced fn 76 cmd 0x20809009
2026-08-11T05:26:59.125475Z qemu-system-x86_64: info: nvkvm:   unserviced fn 76 cmd 0x208f1105
2026-08-11T05:26:59.125496Z qemu-system-x86_64: info: nvkvm:   unserviced fn 76 cmd 0x20800a38
2026-08-11T05:26:59.125528Z qemu-system-x86_64: info: nvkvm:   unserviced fn 76 cmd 0x2080012f
2026-08-11T05:26:59.125549Z qemu-system-x86_64: info: nvkvm:   unserviced fn 76 cmd 0x20802a12
2026-08-11T05:26:59.125569Z qemu-system-x86_64: info: nvkvm:   unserviced fn 76 cmd 0x20800ab8
2026-08-11T05:26:59.125590Z qemu-system-x86_64: info: nvkvm:   unserviced fn 76 cmd 0x20800a9a
2026-08-11T05:26:59.125610Z qemu-system-x86_64: info: nvkvm:   unserviced fn 76 cmd 0xa06f0112
2026-08-11T05:26:59.125630Z qemu-system-x86_64: info: nvkvm:   unserviced fn 76 cmd 0x2080012c
2026-08-11T05:26:59.125651Z qemu-system-x86_64: info: nvkvm:   unserviced fn 76 cmd 0x00801814
2026-08-11T05:26:59.125671Z qemu-system-x86_64: info: nvkvm:   unserviced fn 76 cmd 0x20800a9e
2026-08-11T05:26:59.125691Z qemu-system-x86_64: info: nvkvm:   unserviced fn 76 cmd 0x20800a9c
2026-08-11T05:26:59.125712Z qemu-system-x86_64: info: nvkvm:   unserviced fn 76 cmd 0x20800a1e
2026-08-11T05:26:59.125732Z qemu-system-x86_64: info: nvkvm: bridge refusals: 18 total, 6 distinct (these ANSWER the command and so never reach the unserviced list)
2026-08-11T05:26:59.125754Z qemu-system-x86_64: info: nvkvm:   bridge refusal BridgeRefusal::AllocClassNotPermitted::NotOnAllowlist x2 id=0x0000c36f
2026-08-11T05:26:59.125776Z qemu-system-x86_64: info: nvkvm:   bridge refusal BridgeRefusal::AllocClassNotPermitted::Refused x2 id=0x0000402c
2026-08-11T05:26:59.125807Z qemu-system-x86_64: info: nvkvm:   bridge refusal BridgeRefusal::ReservedClient x2
2026-08-11T05:26:59.125841Z qemu-system-x86_64: info: nvkvm:   bridge refusal BridgeRefusal::UnmappedAllocClass x3 id=0x00000070,0x0000208f
2026-08-11T05:26:59.125883Z qemu-system-x86_64: info: nvkvm:   bridge refusal PromoteFault::UnknownContextObject x2
2026-08-11T05:26:59.125905Z qemu-system-x86_64: info: nvkvm:   bridge refusal RmGraphError::FreeUnknown x7
2026-08-11T05:26:59.125926Z qemu-system-x86_64: info: nvkvm: promote-ctx refusals: 3 distinct kind(s), each with the VA-space census AS IT STOOD AT ITS FIRST refusal
2026-08-11T05:26:59.125947Z qemu-system-x86_64: info: nvkvm:   promote-ctx PromoteFault::UnknownContextObject: UnknownContextObject { client: HClient(3251634184), object: HObject(826366208) } census[2 chans, 2 outcomes] {1x pdb=N own=not-declared cs=not-declared tsg=mid-miss(h0xa,wrong-kind(Device)) dev=dev-default(dev0xa=>h0xc) p0/c0:vc1 Ce c0xc1e00005/0x2} {1x pdb=Y own=ok(h0xa=>c0xc1e00006/0xa) cs=not-attempted tsg=not-attempted dev=not-attempted p0/c1:vc2 Ce c0xc1e00006/0x2}
2026-08-11T05:26:59.125969Z qemu-system-x86_64: info: nvkvm:   promote-ctx promote-ctx ACCEPTED (last, with the census AT it): bound=0 joined=0 joined_global=0 globals_known=1 globals_added=0 already=1 parked=0 half_already=9 half_unusable=0 orphans(awaiting_va=0,awaiting_phys=9) declined.promote_only=10 declined.initialize_only=0 entries=0 halves=10 client=0xc1d0000a chan_client=0xc1d0000c object=0x5c000037 proc=ProcId(2) census[14 chans, 4 outcomes] {1x pdb=N own=not-declared cs=not-declared tsg=mid-miss(h0xa,wrong-kind(Device)) dev=dev-default(dev0xa=>h0xc) p0/c3:vc1 Ce c0xc1e00010/0x2} {1x pdb=Y own=ok(h0xa=>c0xc1e00011/0xa) cs=not-attempted tsg=not-attempted dev=not-attempted p0/c4:vc2 Ce c0xc1e00011/0x2} {4x pdb=Y own=not-declared cs=not-declared tsg=ok(h0xcaf00005=>c0xc1d0000a/0xcaf00005) dev=not-attempted p0/c6:vc3 Ce c0xc1d0000a/0xcaf00012 p0/c7:vc4 Ce c0xc1d0000a/0xcaf0001d p0/c8:vc5 Ce c0xc1d0000a/0xcaf00028 +1 more} {8x pdb=Y own=not-declared cs=ok(h0x5c000007=>c0xc1d0000c/0x5c000007) tsg=not-attempted dev=not-attempted p2/c0:vc7 GrCompute c0xc1d0000c/0x5c000019 p2/c1:vc8 GrCompute c0xc1d0000c/0x5c00001f p2/c2:vc9 GrCompute c0xc1d0000c/0x5c000023 +5 more}
2026-08-11T05:26:59.125990Z qemu-system-x86_64: info: nvkvm:   promote-ctx promote-ctx TALLY (cumulative, all promotions): {bid=0x0 phys=1 va=8 complete=2} {bid=0x1 phys=1 va=8 complete=0} {bid=0x2 phys=1 va=8 complete=2} {bid=0x3 phys=0 va=10 complete=0} {bid=0x4 phys=0 va=10 complete=0} {bid=0x5 phys=0 va=10 complete=0} {bid=0x6 phys=0 va=10 complete=0} {bid=0x9 phys=0 va=8 complete=2} {bid=0xa phys=2 va=8 complete=0} {bid=0xb phys=0 va=8 complete=2} || CUMULATIVE bound=8 joined=4 joined_global=1 already=7 globals_added=1
2026-08-11T05:26:59.126011Z qemu-system-x86_64: info: nvkvm: probe-arm set: EMPTY (shipping configuration: an arming is served only if the index is on SILENT_NOTIFIERS — the event cannot occur — or DELIVERED_NOTIFIERS — this device raises it; all others refused)
2026-08-11T05:26:59.126031Z qemu-system-x86_64: info: nvkvm: controls: 317 answered, 48 distinct cmd/result rows (result 0 = served; non-zero = served-but-REFUSED, which reaches no other list)
2026-08-11T05:26:59.126052Z qemu-system-x86_64: info: nvkvm:   control 0x20800a36 result 0x00000000 x2
2026-08-11T05:26:59.126073Z qemu-system-x86_64: info: nvkvm:   control 0x20800a41 result 0x00000000 x2
2026-08-11T05:26:59.126094Z qemu-system-x86_64: info: nvkvm:   control 0x208001b0 result 0x00000000 x4
2026-08-11T05:26:59.126126Z qemu-system-x86_64: info: nvkvm:   control 0x20800a40 result 0x00000000 x2
2026-08-11T05:26:59.126147Z qemu-system-x86_64: info: nvkvm:   control 0x20801112 result 0x00000000 x2
2026-08-11T05:26:59.126168Z qemu-system-x86_64: info: nvkvm:   control 0x20800a5c result 0x00000000 x2
2026-08-11T05:26:59.126188Z qemu-system-x86_64: info: nvkvm:   control 0x20800a1c result 0x00000000 x2
2026-08-11T05:26:59.126209Z qemu-system-x86_64: info: nvkvm:   control 0x20801803 result 0x00000000 x2
2026-08-11T05:26:59.126230Z qemu-system-x86_64: info: nvkvm:   control 0x20800af3 result 0x00000000 x4
2026-08-11T05:26:59.126260Z qemu-system-x86_64: info: nvkvm:   control 0x20800aac result 0x00000000 x2
2026-08-11T05:26:59.126281Z qemu-system-x86_64: info: nvkvm:   control 0x20800a61 result 0x00000000 x8
2026-08-11T05:26:59.126301Z qemu-system-x86_64: info: nvkvm:   control 0x20802a08 result 0x00000000 x15
2026-08-11T05:26:59.126322Z qemu-system-x86_64: info: nvkvm:   control 0x20800301 result 0x00000000 x6
2026-08-11T05:26:59.126381Z qemu-system-x86_64: info: nvkvm:   control 0x20800a59 result 0x00000000 x2
2026-08-11T05:26:59.126416Z qemu-system-x86_64: info: nvkvm:   control 0x20800a6c result 0x00000000 x8
2026-08-11T05:26:59.126438Z qemu-system-x86_64: info: nvkvm:   control 0x20800a9f result 0x00000000 x2
2026-08-11T05:26:59.126458Z qemu-system-x86_64: info: nvkvm:   control 0x20800a1f result 0x00000000 x2
2026-08-11T05:26:59.126479Z qemu-system-x86_64: info: nvkvm:   control 0x20800a2a result 0x00000000 x2
2026-08-11T05:26:59.126500Z qemu-system-x86_64: info: nvkvm:   control 0x20800a26 result 0x00000000 x2
2026-08-11T05:26:59.126520Z qemu-system-x86_64: info: nvkvm:   control 0x20800a22 result 0x00000000 x2
2026-08-11T05:26:59.126541Z qemu-system-x86_64: info: nvkvm:   control 0x20800a3d result 0x00000000 x2
2026-08-11T05:26:59.126562Z qemu-system-x86_64: info: nvkvm:   control 0x20800a48 result 0x00000000 x2
2026-08-11T05:26:59.126582Z qemu-system-x86_64: info: nvkvm:   control 0x20800a32 result 0x00000000 x2
2026-08-11T05:26:59.126603Z qemu-system-x86_64: info: nvkvm:   control 0x90f10106 result 0x00000000 x10
2026-08-11T05:26:59.126624Z qemu-system-x86_64: info: nvkvm:   control 0xa06f0103 result 0x00000000 x8
2026-08-11T05:26:59.126645Z qemu-system-x86_64: info: nvkvm:   control 0xa06f0104 result 0x00000000 x2
2026-08-11T05:26:59.126665Z qemu-system-x86_64: info: nvkvm:   control 0x2080012b result 0x00000000 x11
2026-08-11T05:26:59.126697Z qemu-system-x86_64: info: nvkvm:   control 0x2080012b result 0x00000056 x2 REFUSED
2026-08-11T05:26:59.126718Z qemu-system-x86_64: info: nvkvm:   control 0x20800a4c result 0x00000000 x5
2026-08-11T05:26:59.126739Z qemu-system-x86_64: info: nvkvm:   control 0x20800102 result 0x00000000 x2
2026-08-11T05:26:59.126760Z qemu-system-x86_64: info: nvkvm:   control 0x20801823 result 0x00000000 x1
2026-08-11T05:26:59.126780Z qemu-system-x86_64: info: nvkvm:   control 0x2080182a result 0x00000000 x1
2026-08-11T05:26:59.126801Z qemu-system-x86_64: info: nvkvm:   control 0x20801303 result 0x00000000 x2
2026-08-11T05:26:59.126822Z qemu-system-x86_64: info: nvkvm:   control 0x20802a0b result 0x00000000 x1
2026-08-11T05:26:59.126842Z qemu-system-x86_64: info: nvkvm:   control 0x20803801 result 0x00000000 x1
2026-08-11T05:26:59.126881Z qemu-system-x86_64: info: nvkvm:   control 0x20803601 result 0x00000000 x1
2026-08-11T05:26:59.126902Z qemu-system-x86_64: info: nvkvm:   control 0x20808159 result 0x00000000 x1
2026-08-11T05:26:59.126923Z qemu-system-x86_64: info: nvkvm:   control 0x20808162 result 0x00000000 x1
2026-08-11T05:26:59.126944Z qemu-system-x86_64: info: nvkvm:   control 0x2080182b result 0x00000000 x1
2026-08-11T05:26:59.126964Z qemu-system-x86_64: info: nvkvm:   control 0x20800a9b result 0x00000000 x1
2026-08-11T05:26:59.126985Z qemu-system-x86_64: info: nvkvm:   control 0x20800a9d result 0x00000000 x1
2026-08-11T05:26:59.127016Z qemu-system-x86_64: info: nvkvm:   control 0x20800a1d result 0x00000000 x1
2026-08-11T05:26:59.127037Z qemu-system-x86_64: info: nvkvm:   control 0x20802a07 result 0x00000000 x4
2026-08-11T05:26:59.127057Z qemu-system-x86_64: info: nvkvm:   control 0x20802a02 result 0x00000000 x4
2026-08-11T05:26:59.127078Z qemu-system-x86_64: info: nvkvm:   control 0xa06c010a result 0x00000000 x5
2026-08-11T05:26:59.127099Z qemu-system-x86_64: info: nvkvm:   control 0x00801813 result 0x00000000 x2
2026-08-11T05:26:59.127119Z qemu-system-x86_64: info: nvkvm:   control 0xa06c0101 result 0x00000000 x3
2026-08-11T05:26:59.127140Z qemu-system-x86_64: info: nvkvm:   control 0x20801702 result 0x00000000 x167
2026-08-11T05:26:59.127172Z qemu-system-x86_64: info: nvkvm:   ⊘ CE COMPLETION is UNBUILT: serving 0x20802a07 and 0x20802a02 is what makes queryCopyEngines set supported=NV_TRUE and UVM treat LCE2/LCE3 as usable async copy engines (ce_is_usable = supported && !grce, uvm_channel.c:2913-2923) — but this port DESCRIBES those engines and does not complete their work, so submitted CE work retires no payload and the guest gets a TIMEOUT plus a blown assertion (scrubberDestruct's 4000 ms wait, then ce_utils.c:349 lastCompletedPayload == lastSubmittedPayload), never an error it can read (execution_plane_increments.md)
2026-08-11T05:26:59.127194Z qemu-system-x86_64: info: nvkvm: notifier armings (0x20800301): 6 total, 6 distinct (result 0xffffffff = nothing answered)
2026-08-11T05:26:59.127215Z qemu-system-x86_64: info: nvkvm:   arming event 194 action 2 client 0xc1e00002 object 0xcaf00001 result 0x00000000 x1
2026-08-11T05:26:59.127237Z qemu-system-x86_64: info: nvkvm:   arming event 35 action 2 client 0xc1e00005 object 0x0000000b result 0x00000000 x1
2026-08-11T05:26:59.127258Z qemu-system-x86_64: info: nvkvm:   arming event 35 action 2 client 0xc1e00006 object 0x0000000c result 0x00000000 x1
2026-08-11T05:26:59.127290Z qemu-system-x86_64: info: nvkvm:   arming event 194 action 2 client 0xc1e0000d object 0xcaf00001 result 0x00000000 x1
2026-08-11T05:26:59.127312Z qemu-system-x86_64: info: nvkvm:   arming event 35 action 2 client 0xc1e00010 object 0x0000000b result 0x00000000 x1
2026-08-11T05:26:59.127333Z qemu-system-x86_64: info: nvkvm:   arming event 35 action 2 client 0xc1e00011 object 0x0000000c result 0x00000000 x1
2026-08-11T05:26:59.127391Z qemu-system-x86_64: info: nvkvm: channel binds (0xa06f0104): 2 total, 2 distinct (result 0xffffffff = nothing answered)
2026-08-11T05:26:59.127413Z qemu-system-x86_64: info: nvkvm:   bind engineType 11 (COPY2) client 0xc1e00006 object 0x00000002 result 0x00000000 x1
2026-08-11T05:26:59.127435Z qemu-system-x86_64: info: nvkvm:   bind engineType 11 (COPY2) client 0xc1e00011 object 0x00000002 result 0x00000000 x1
2026-08-11T05:26:59.127457Z qemu-system-x86_64: info: nvkvm: isolates: 2 materialized, 2 live, 0 refusing (0 no-plane, 0 spawn-failed)
2026-08-11T05:26:59.127478Z qemu-system-x86_64: info: nvkvm: doorbells: 191 arrived, 175 served, 16 REFUSED by name; last token 0x00010001 (16 logged)
2026-08-11T05:26:59.127500Z qemu-system-x86_64: info: nvkvm:   of the served: 175 local (CPU CE, end witnessed), 0 forwarded (host channel rung)
2026-08-11T05:26:59.127524Z qemu-system-x86_64: info: nvkvm:   by engine: GrCompute=8 GrGraphics=0 Ce=183 NvEnc=0 NvDec=0 Other=0 unrouted=0
2026-08-11T05:26:59.127545Z qemu-system-x86_64: info: nvkvm:   last CPU-CE serving: cpu-ce: 1 gp, 9 methods, 1 launch (0 release-only), 1 span, 65536 B, 1 sem fin va=0x12006c004 -> S:0x25fe7004
2026-08-11T05:26:59.127566Z qemu-system-x86_64: info: nvkvm:   first doorbell refusal [Route::NotACopyEngineChannel] this channel's engine is GrCompute (route HostGr), so its pushbuffer is not copy-engine work and the shell's CPU copy-engine executor is the wrong executor for it; refused by the ROUTING fact rather than decoded by a codec that can only decline
2026-08-11T05:26:59.127599Z qemu-system-x86_64: info: nvkvm: gpfifo rings: 26 declared, 24 with a non-zero address; first 0x0000000120064000 (4096 entries) — GPU VIRTUAL, untranslated
2026-08-11T05:26:59.127621Z qemu-system-x86_64: info: nvkvm: replayable fault buffer: 1 registration(s) SERVED NV_OK; first 0x31000 B = 49 pages, 0 malformed
2026-08-11T05:26:59.127642Z qemu-system-x86_64: info: nvkvm:   ⊘ fault DELIVERY is UNBUILT: this port raises no replayable fault and never advances MMU_FAULT_BUFFER_PUT(1), so a fault the guest should have been told about becomes a HANG inside UVM's replayable-fault service loop, not an error (docs/design/resume_from_fault.md §7 steps 5b-5d)
2026-08-11T05:26:59.127663Z qemu-system-x86_64: info: nvkvm: client shadow fault buffer: 1 registration(s) SERVED NV_OK; first 0x120c20 B = 289 pages, type 0 (0=non-replayable), 0 malformed
2026-08-11T05:26:59.127698Z qemu-system-x86_64: info: nvkvm:   ⊘ shadow-queue PUSH is UNBUILT: on a GSP client the GSP is the WRITER of this queue and this port never enqueues a fault packet, so a non-replayable fault surfaces as an RC on the channel plus an error notifier (simulated_gpu_fault.md 5.2, the deliberate choice) and NEVER as a queue entry the guest is polling for
2026-08-11T05:26:59.127719Z qemu-system-x86_64: info: nvkvm: access counter buffer: 1 registration(s) SERVED NV_OK; first 0x2000 B = 2 pages, 0 malformed
2026-08-11T05:26:59.127740Z qemu-system-x86_64: info: nvkvm:   ⊘ access-counter NOTIFICATION is UNBUILT: this port advertised the buffer's size as a deliberate fiction (BAR0 0xB83110, which read zero and killed cuInit) and writes no entry into it and raises no notification, so UVM's migration heuristics never fire (resume_from_fault.md S2 ruled that acceptable)
kayfabe: ★★★ GUEST-RAM LAYOUT AT END OF RUN, AS THE HYPERVISOR STATED IT — dev=1 ino=1308826: 4 contiguous run(s) totalling 2147135488 bytes, out of 0 stated section(s) LIVE over all backing files (0 live run(s) for this block). Section funnel: 76 reported -> 10 classified RAM -> 8 carried a backing file, 8 later withdrawn. ⊘ Every run below arrived on a topology callback; NOTHING here is derived from the machine type or from `-m`, and a guest-physical address outside these runs is refused by name rather than assumed to be its own file offset. ⚠ This is ONE INSTANT: the listener is registered on the device's bus-master address space, which is empty until the guest enables bus mastering, so an empty report here is a statement about WHEN it was taken and not about the machine.
kayfabe:   gpa 0x0000000000000000..0x00000000000a0000 -> file offset 0x0000000000000000 (655360 bytes) [identity — an OBSERVATION about this run, never a rule]
kayfabe:   gpa 0x00000000000cb000..0x00000000000ce000 -> file offset 0x00000000000cb000 (12288 bytes) [identity — an OBSERVATION about this run, never a rule]
kayfabe:   gpa 0x00000000000e8000..0x00000000000f0000 -> file offset 0x00000000000e8000 (32768 bytes) [identity — an OBSERVATION about this run, never a rule]
kayfabe:   gpa 0x0000000000100000..0x0000000080000000 -> file offset 0x0000000000100000 (2146435072 bytes) [identity — an OBSERVATION about this run, never a rule]
