=== boot_capture tag=w216_f5f55ad_mcbudget at 2026-08-10T13:05:44+00:00 ===
=== source revision: f5f55ad91 ===
=== qemu binary: -rwxr-xr-x 1 root root 85261896 Aug 10 13:04 /workspace/bench/qemu-build/qemu-system-x86_64 ===
=== archive rev STAMPED IN THE BINARY: kayfabe-rev:f5f55ad91596a82b9f1167b977dd070156f0ebea 
=== BUILD_REV.txt says (informational, NOT authoritative): 
=== helpers (KAYFABE_BENCH_HELPERS=repo) ===
    used: /workspace/bench/kayfabe/scripts/bench/boot_nvkvm.sh  sha256=92551d70f36ddbef
    used: /workspace/bench/kayfabe/scripts/bench/gssh_nv  sha256=1785ac20cc7af28d
WAS_LOADED
MODPROBE_RC=0
=== nvidia-smi (the device open) ===
Mon Aug 10 13:05:55 2026       
+-----------------------------------------------------------------------------------------+
| NVIDIA-SMI 580.159.04             Driver Version: 580.159.04     CUDA Version: 13.0     |
+-----------------------------------------+------------------------+----------------------+
| GPU  Name                 Persistence-M | Bus-Id          Disp.A | Volatile Uncorr. ECC |
| Fan  Temp   Perf          Pwr:Usage/Cap |           Memory-Usage | GPU-Util  Compute M. |
|                                         |                        |               MIG M. |
|=========================================+========================+======================|
|   0  ERR!                           Off |   00000000:00:03.0 Off |                  N/A |
| N/A   N/A  N/A             N/A  /  N/A  |       0MiB /  12288MiB |     N/A      Default |
|                                         |                        |                  N/A |
+-----------------------------------------+------------------------+----------------------+

+-----------------------------------------------------------------------------------------+
| Processes:                                                                              |
|  GPU   GI   CI              PID   Type   Process name                        GPU Memory |
|        ID   ID                                                               Usage      |
|=========================================================================================|
|  No running processes found                                                             |
+-----------------------------------------------------------------------------------------+
SMI_RC=0
=== /dev nodes (AFTER the open — they are created by it) ===
crw-rw-rw- 1 root root 237,   0 Aug 10 13:05 /dev/nvidia-uvm
crw-rw-rw- 1 root root 237,   1 Aug 10 13:05 /dev/nvidia-uvm-tools
crw-rw-rw- 1 root root 195,   0 Aug 10 13:05 /dev/nvidia0
crw-rw-rw- 1 root root 195, 255 Aug 10 13:05 /dev/nvidiactl

/dev/nvidia-caps:
total 0
drwxr-xr-x  2 root root     80 Aug 10 13:05 .
drwxr-xr-x 18 root root   4000 Aug 10 13:05 ..
cr--------  1 root root 240, 1 Aug 10 13:05 nvidia-cap1
cr--r--r--  1 root root 240, 2 Aug 10 13:05 nvidia-cap2
=== lsmod ===
nvidia_uvm           2166784  0
nvidia              14417920  1 nvidia_uvm
ecc                    45056  1 nvidia
=== POST_CAPTURE_HOOK /workspace/bench/kayfabe/scripts/bench/guest_cuinit_wall.sh at 2026-08-10T13:06:00+00:00 ===
=== sources that will run (md5, so a run cannot silently be the other copy) ===
    /workspace/bench/cup2.c                                       27 lines  md5 d9f82375ebd54de500aeb7f85ef71efc
    /workspace/bench/kayfabe/scripts/rpctrace/cuda_ioctl_trace.c   666 lines  md5 4445b1aa81d299eac3863d16862fd887
    /workspace/bench/kayfabe/scripts/bench/uvm_ioctl_trace.c     173 lines  md5 7be763eeecfbacc92dfa47dcd6e63e7a
    /workspace/bench/kayfabe/scripts/bench/guest_userstack.c     290 lines  md5 9ccb305fb1a23107b462141459d21e06
=== push + build inside the guest ===
GCC_CUP2_RC=0
GCC_RM_RC=0
GCC_UVM_RC=0
GCC_USTACK_RC=0
=== clear dmesg, then run cup2 under BOTH interposers (detached, deadline 150s) ===
CLEARED
LAUNCHED pid=1965
ok   cuInit(0)
ok   cuDeviceGetCount(&n)
devices=1
ok   cuDeviceGet(&d,0)
ok   cuDeviceGetName(nm,256,d)
name=
ok   cuDeviceGetAttribute(&maj,CU_DEVICE_ATTRIBUTE_COMPUTE_CAPABILITY_MAJOR,d)
ok   cuDeviceGetAttribute(&min,CU_DEVICE_ATTRIBUTE_COMPUTE_CAPABILITY_MINOR,d)
compute=8.6
ok   cuDeviceTotalMem(&tot,d)
totalMem=11959 MiB
FAIL cuCtxCreate(&ctx,0,d) -> operation not supported (801)
CUP2_RC=1
=== instrument liveness (⊘ an empty trace is evidence of NOTHING, not of no traffic) ===
OK   /tmp/rmtrace.txt  469 lines
OK   /tmp/uvm.txt  752 lines
--- cup2 stderr (where an interposer reports its own failure) ---
=== ★★★ THE UVM PLANE — rmStatus is the verdict; rc=0 only means DISPATCHED ===
UVM ioctl fd=12 cmd=0x30000001 nr=1 (UVM_INITIALIZE) arg=0x7ffd01173d80
  ★ UVM_INITIALIZE rmStatus = 0x00000000 (NV_OK)
UVM ioctl fd=13 cmd=0x0000004b nr=75 (UNKNOWN — not in the table, size unknown) arg=0x7ffd01173d80
UVM ioctl fd=12 cmd=0x00000027 nr=39 (UVM_PAGEABLE_MEM_ACCESS) arg=0x7ffd01173d80
  ★ UVM_PAGEABLE_MEM_ACCESS rmStatus = 0x00000000 (NV_OK)
UVM ioctl fd=12 cmd=0x00000025 nr=37 (UVM_REGISTER_GPU) arg=0x7ffd01173900
  ★ UVM_REGISTER_GPU rmStatus = 0x00000000 (NV_OK)
UVM ioctl fd=12 cmd=0x00000046 nr=70 (UNKNOWN — not in the table, size unknown) arg=0x7ffd01173970
UVM ioctl fd=12 cmd=0x00000017 nr=23 (UNKNOWN — not in the table, size unknown) arg=0x7ffd01173dc0
UVM ioctl fd=12 cmd=0x00000019 nr=25 (UVM_REGISTER_GPU_VASPACE) arg=0x7ffd01173450
  ★ UVM_REGISTER_GPU_VASPACE rmStatus = 0x00000000 (NV_OK)
UVM ioctl fd=12 cmd=0x00000049 nr=73 (UNKNOWN — not in the table, size unknown) arg=0x7ffd011725e0
UVM ioctl fd=12 cmd=0x00000021 nr=33 (UNKNOWN — not in the table, size unknown) arg=0x7ffd011701d0
UVM ioctl fd=12 cmd=0x00000049 nr=73 (UNKNOWN — not in the table, size unknown) arg=0x7ffd01172470
UVM ioctl fd=12 cmd=0x00000021 nr=33 (UNKNOWN — not in the table, size unknown) arg=0x7ffd01170060
UVM ioctl fd=12 cmd=0x00000049 nr=73 (UNKNOWN — not in the table, size unknown) arg=0x7ffd01172470
UVM ioctl fd=12 cmd=0x00000021 nr=33 (UNKNOWN — not in the table, size unknown) arg=0x7ffd01170060
UVM ioctl fd=12 cmd=0x00000049 nr=73 (UNKNOWN — not in the table, size unknown) arg=0x7ffd01172670
UVM ioctl fd=12 cmd=0x00000021 nr=33 (UNKNOWN — not in the table, size unknown) arg=0x7ffd01170260
UVM ioctl fd=12 cmd=0x00000049 nr=73 (UNKNOWN — not in the table, size unknown) arg=0x7ffd01171e10
UVM ioctl fd=12 cmd=0x00000021 nr=33 (UNKNOWN — not in the table, size unknown) arg=0x7ffd0116fa00
UVM ioctl fd=12 cmd=0x00000049 nr=73 (UNKNOWN — not in the table, size unknown) arg=0x7ffd01171c30
UVM ioctl fd=12 cmd=0x00000021 nr=33 (UNKNOWN — not in the table, size unknown) arg=0x7ffd0116f820
UVM ioctl fd=12 cmd=0x00000049 nr=73 (UNKNOWN — not in the table, size unknown) arg=0x7ffd011721f0
UVM ioctl fd=12 cmd=0x00000021 nr=33 (UNKNOWN — not in the table, size unknown) arg=0x7ffd0116fde0
UVM ioctl fd=12 cmd=0x0000001b nr=27 (UVM_REGISTER_CHANNEL) arg=0x7ffd01173270
  ★ UVM_REGISTER_CHANNEL rmStatus = 0x00000000 (NV_OK)
UVM ioctl fd=12 cmd=0x0000001b nr=27 (UVM_REGISTER_CHANNEL) arg=0x7ffd01173270
  ★ UVM_REGISTER_CHANNEL rmStatus = 0x00000000 (NV_OK)
UVM ioctl fd=12 cmd=0x0000001b nr=27 (UVM_REGISTER_CHANNEL) arg=0x7ffd01173270
  ★ UVM_REGISTER_CHANNEL rmStatus = 0x00000000 (NV_OK)
UVM ioctl fd=12 cmd=0x0000001b nr=27 (UVM_REGISTER_CHANNEL) arg=0x7ffd01173270
  ★ UVM_REGISTER_CHANNEL rmStatus = 0x00000000 (NV_OK)
UVM ioctl fd=12 cmd=0x0000001b nr=27 (UVM_REGISTER_CHANNEL) arg=0x7ffd01173270
  ★ UVM_REGISTER_CHANNEL rmStatus = 0x00000000 (NV_OK)
UVM ioctl fd=12 cmd=0x0000001b nr=27 (UVM_REGISTER_CHANNEL) arg=0x7ffd01173270
  ★ UVM_REGISTER_CHANNEL rmStatus = 0x00000000 (NV_OK)
UVM ioctl fd=12 cmd=0x0000001b nr=27 (UVM_REGISTER_CHANNEL) arg=0x7ffd01173270
  ★ UVM_REGISTER_CHANNEL rmStatus = 0x00000000 (NV_OK)
UVM ioctl fd=12 cmd=0x0000001b nr=27 (UVM_REGISTER_CHANNEL) arg=0x7ffd01173270
  ★ UVM_REGISTER_CHANNEL rmStatus = 0x00000000 (NV_OK)
UVM ioctl fd=12 cmd=0x0000001b nr=27 (UVM_REGISTER_CHANNEL) arg=0x7ffd01173270
  ★ UVM_REGISTER_CHANNEL rmStatus = 0x00000000 (NV_OK)
UVM ioctl fd=12 cmd=0x0000001b nr=27 (UVM_REGISTER_CHANNEL) arg=0x7ffd01173270
  ★ UVM_REGISTER_CHANNEL rmStatus = 0x00000000 (NV_OK)
UVM ioctl fd=12 cmd=0x0000001b nr=27 (UVM_REGISTER_CHANNEL) arg=0x7ffd01173270
  ★ UVM_REGISTER_CHANNEL rmStatus = 0x00000000 (NV_OK)
UVM ioctl fd=12 cmd=0x0000001b nr=27 (UVM_REGISTER_CHANNEL) arg=0x7ffd01173270
  ★ UVM_REGISTER_CHANNEL rmStatus = 0x00000000 (NV_OK)
UVM ioctl fd=12 cmd=0x0000001b nr=27 (UVM_REGISTER_CHANNEL) arg=0x7ffd01173270
  ★ UVM_REGISTER_CHANNEL rmStatus = 0x00000000 (NV_OK)
UVM ioctl fd=12 cmd=0x0000001b nr=27 (UVM_REGISTER_CHANNEL) arg=0x7ffd01173270
  ★ UVM_REGISTER_CHANNEL rmStatus = 0x00000000 (NV_OK)
UVM ioctl fd=12 cmd=0x0000001b nr=27 (UVM_REGISTER_CHANNEL) arg=0x7ffd01173270
  ★ UVM_REGISTER_CHANNEL rmStatus = 0x00000000 (NV_OK)
UVM ioctl fd=12 cmd=0x0000001b nr=27 (UVM_REGISTER_CHANNEL) arg=0x7ffd01173270
  ★ UVM_REGISTER_CHANNEL rmStatus = 0x00000000 (NV_OK)
UVM ioctl fd=12 cmd=0x00000049 nr=73 (UNKNOWN — not in the table, size unknown) arg=0x7ffd011722f0
UVM ioctl fd=12 cmd=0x00000021 nr=33 (UNKNOWN — not in the table, size unknown) arg=0x7ffd0116fee0
UVM ioctl fd=12 cmd=0x00000049 nr=73 (UNKNOWN — not in the table, size unknown) arg=0x7ffd011724f0
UVM ioctl fd=12 cmd=0x00000021 nr=33 (UNKNOWN — not in the table, size unknown) arg=0x7ffd011700e0
UVM ioctl fd=12 cmd=0x00000044 nr=68 (UNKNOWN — not in the table, size unknown) arg=0x7ffd011702e0
UVM ioctl fd=12 cmd=0x00000048 nr=72 (UNKNOWN — not in the table, size unknown) arg=0x7ffd011701f0
UVM ioctl fd=12 cmd=0x00000017 nr=23 (UNKNOWN — not in the table, size unknown) arg=0x7ffd011733c0
UVM ioctl fd=12 cmd=0x00000017 nr=23 (UNKNOWN — not in the table, size unknown) arg=0x7ffd011733c0
UVM ioctl fd=12 cmd=0x00000017 nr=23 (UNKNOWN — not in the table, size unknown) arg=0x7ffd011733c0
UVM ioctl fd=12 cmd=0x00000017 nr=23 (UNKNOWN — not in the table, size unknown) arg=0x7ffd011733c0
UVM ioctl fd=12 cmd=0x00000017 nr=23 (UNKNOWN — not in the table, size unknown) arg=0x7ffd011733c0
UVM ioctl fd=12 cmd=0x00000017 nr=23 (UNKNOWN — not in the table, size unknown) arg=0x7ffd011733c0
UVM ioctl fd=12 cmd=0x00000017 nr=23 (UNKNOWN — not in the table, size unknown) arg=0x7ffd011733c0
UVM ioctl fd=12 cmd=0x00000049 nr=73 (UNKNOWN — not in the table, size unknown) arg=0x7ffd01172310
UVM ioctl fd=12 cmd=0x00000021 nr=33 (UNKNOWN — not in the table, size unknown) arg=0x7ffd0116ff00
UVM ioctl fd=12 cmd=0x00000049 nr=73 (UNKNOWN — not in the table, size unknown) arg=0x7ffd01172310
UVM ioctl fd=12 cmd=0x00000021 nr=33 (UNKNOWN — not in the table, size unknown) arg=0x7ffd0116ff00
UVM ioctl fd=12 cmd=0x00000049 nr=73 (UNKNOWN — not in the table, size unknown) arg=0x7ffd01172610
UVM ioctl fd=12 cmd=0x00000021 nr=33 (UNKNOWN — not in the table, size unknown) arg=0x7ffd01170200
UVM ioctl fd=12 cmd=0x00000049 nr=73 (UNKNOWN — not in the table, size unknown) arg=0x7ffd01172610
UVM ioctl fd=12 cmd=0x00000021 nr=33 (UNKNOWN — not in the table, size unknown) arg=0x7ffd01170200
UVM ioctl fd=12 cmd=0x00000049 nr=73 (UNKNOWN — not in the table, size unknown) arg=0x7ffd01172370
UVM ioctl fd=12 cmd=0x00000021 nr=33 (UNKNOWN — not in the table, size unknown) arg=0x7ffd0116ff60
UVM ioctl fd=12 cmd=0x00000049 nr=73 (UNKNOWN — not in the table, size unknown) arg=0x7ffd01172370
UVM ioctl fd=12 cmd=0x00000021 nr=33 (UNKNOWN — not in the table, size unknown) arg=0x7ffd0116ff60
UVM ioctl fd=12 cmd=0x00000041 nr=65 (UNKNOWN — not in the table, size unknown) arg=0x7ffd01172800
UVM ioctl fd=12 cmd=0x00000049 nr=73 (UNKNOWN — not in the table, size unknown) arg=0x7ffd01172810
UVM ioctl fd=12 cmd=0x00000021 nr=33 (UNKNOWN — not in the table, size unknown) arg=0x7ffd01170400
UVM ioctl fd=12 cmd=0x00000049 nr=73 (UNKNOWN — not in the table, size unknown) arg=0x7ffd01171cc0
UVM ioctl fd=12 cmd=0x00000021 nr=33 (UNKNOWN — not in the table, size unknown) arg=0x7ffd0116f8b0
UVM ioctl fd=12 cmd=0x00000049 nr=73 (UNKNOWN — not in the table, size unknown) arg=0x7ffd011725c0
UVM ioctl fd=12 cmd=0x00000021 nr=33 (UNKNOWN — not in the table, size unknown) arg=0x7ffd011701b0
UVM ioctl fd=12 cmd=0x00000049 nr=73 (UNKNOWN — not in the table, size unknown) arg=0x7ffd011714a0
UVM ioctl fd=12 cmd=0x00000021 nr=33 (UNKNOWN — not in the table, size unknown) arg=0x7ffd0116f090
UVM ioctl fd=12 cmd=0x00000049 nr=73 (UNKNOWN — not in the table, size unknown) arg=0x7ffd011725b0
UVM ioctl fd=12 cmd=0x00000021 nr=33 (UNKNOWN — not in the table, size unknown) arg=0x7ffd011701a0
UVM ioctl fd=12 cmd=0x00000049 nr=73 (UNKNOWN — not in the table, size unknown) arg=0x7ffd01172440
UVM ioctl fd=12 cmd=0x00000021 nr=33 (UNKNOWN — not in the table, size unknown) arg=0x7ffd01170030
UVM ioctl fd=12 cmd=0x00000049 nr=73 (UNKNOWN — not in the table, size unknown) arg=0x7ffd01172580
UVM ioctl fd=12 cmd=0x00000021 nr=33 (UNKNOWN — not in the table, size unknown) arg=0x7ffd01170170
UVM ioctl fd=12 cmd=0x00000049 nr=73 (UNKNOWN — not in the table, size unknown) arg=0x7ffd01172580
UVM ioctl fd=12 cmd=0x00000021 nr=33 (UNKNOWN — not in the table, size unknown) arg=0x7ffd01170170
UVM ioctl fd=12 cmd=0x00000022 nr=34 (UVM_FREE) arg=0x7ffd01172f30
  ★ UVM_FREE rmStatus = 0x00000000 (NV_OK)
UVM ioctl fd=12 cmd=0x00000022 nr=34 (UVM_FREE) arg=0x7ffd01172f30
  ★ UVM_FREE rmStatus = 0x00000000 (NV_OK)
UVM ioctl fd=12 cmd=0x00000022 nr=34 (UVM_FREE) arg=0x7ffd01172fc0
  ★ UVM_FREE rmStatus = 0x00000000 (NV_OK)
UVM ioctl fd=12 cmd=0x00000022 nr=34 (UVM_FREE) arg=0x7ffd01172f30
  ★ UVM_FREE rmStatus = 0x00000000 (NV_OK)
UVM ioctl fd=12 cmd=0x00000022 nr=34 (UVM_FREE) arg=0x7ffd01172f30
  ★ UVM_FREE rmStatus = 0x00000000 (NV_OK)
UVM ioctl fd=12 cmd=0x00000022 nr=34 (UVM_FREE) arg=0x7ffd01172f40
  ★ UVM_FREE rmStatus = 0x00000000 (NV_OK)
UVM ioctl fd=12 cmd=0x00000022 nr=34 (UVM_FREE) arg=0x7ffd01172f40
  ★ UVM_FREE rmStatus = 0x00000000 (NV_OK)
UVM ioctl fd=12 cmd=0x00000022 nr=34 (UVM_FREE) arg=0x7ffd01172e90
  ★ UVM_FREE rmStatus = 0x00000000 (NV_OK)
UVM ioctl fd=12 cmd=0x00000022 nr=34 (UVM_FREE) arg=0x7ffd01172f70
  ★ UVM_FREE rmStatus = 0x00000000 (NV_OK)
UVM ioctl fd=12 cmd=0x00000022 nr=34 (UVM_FREE) arg=0x7ffd01172f70
  ★ UVM_FREE rmStatus = 0x00000000 (NV_OK)
UVM ioctl fd=12 cmd=0x00000022 nr=34 (UVM_FREE) arg=0x7ffd01172f40
  ★ UVM_FREE rmStatus = 0x00000000 (NV_OK)
UVM ioctl fd=12 cmd=0x00000022 nr=34 (UVM_FREE) arg=0x7ffd01172f70
  ★ UVM_FREE rmStatus = 0x00000000 (NV_OK)
UVM ioctl fd=12 cmd=0x00000018 nr=24 (UNKNOWN — not in the table, size unknown) arg=0x7ffd01173390
UVM ioctl fd=12 cmd=0x00000018 nr=24 (UNKNOWN — not in the table, size unknown) arg=0x7ffd01173390
UVM ioctl fd=12 cmd=0x00000018 nr=24 (UNKNOWN — not in the table, size unknown) arg=0x7ffd011733c0
UVM ioctl fd=12 cmd=0x00000018 nr=24 (UNKNOWN — not in the table, size unknown) arg=0x7ffd01173390
UVM ioctl fd=12 cmd=0x00000018 nr=24 (UNKNOWN — not in the table, size unknown) arg=0x7ffd01173390
UVM ioctl fd=12 cmd=0x00000018 nr=24 (UNKNOWN — not in the table, size unknown) arg=0x7ffd01173390
UVM ioctl fd=12 cmd=0x00000018 nr=24 (UNKNOWN — not in the table, size unknown) arg=0x7ffd01173390
UVM ioctl fd=12 cmd=0x00000022 nr=34 (UVM_FREE) arg=0x7ffd01172f00
  ★ UVM_FREE rmStatus = 0x00000000 (NV_OK)
UVM ioctl fd=12 cmd=0x00000022 nr=34 (UVM_FREE) arg=0x7ffd01172f70
  ★ UVM_FREE rmStatus = 0x00000000 (NV_OK)
UVM ioctl fd=12 cmd=0x0000001c nr=28 (UVM_UNREGISTER_CHANNEL) arg=0x7ffd011732c0
  ★ UVM_UNREGISTER_CHANNEL rmStatus = 0x00000000 (NV_OK)
UVM ioctl fd=12 cmd=0x0000001c nr=28 (UVM_UNREGISTER_CHANNEL) arg=0x7ffd011732c0
  ★ UVM_UNREGISTER_CHANNEL rmStatus = 0x00000000 (NV_OK)
UVM ioctl fd=12 cmd=0x0000001c nr=28 (UVM_UNREGISTER_CHANNEL) arg=0x7ffd011732c0
  ★ UVM_UNREGISTER_CHANNEL rmStatus = 0x00000000 (NV_OK)
UVM ioctl fd=12 cmd=0x0000001c nr=28 (UVM_UNREGISTER_CHANNEL) arg=0x7ffd011732c0
  ★ UVM_UNREGISTER_CHANNEL rmStatus = 0x00000000 (NV_OK)
UVM ioctl fd=12 cmd=0x0000001c nr=28 (UVM_UNREGISTER_CHANNEL) arg=0x7ffd011732c0
  ★ UVM_UNREGISTER_CHANNEL rmStatus = 0x00000000 (NV_OK)
UVM ioctl fd=12 cmd=0x0000001c nr=28 (UVM_UNREGISTER_CHANNEL) arg=0x7ffd011732c0
  ★ UVM_UNREGISTER_CHANNEL rmStatus = 0x00000000 (NV_OK)
UVM ioctl fd=12 cmd=0x0000001c nr=28 (UVM_UNREGISTER_CHANNEL) arg=0x7ffd011732c0
  ★ UVM_UNREGISTER_CHANNEL rmStatus = 0x00000000 (NV_OK)
UVM ioctl fd=12 cmd=0x0000001c nr=28 (UVM_UNREGISTER_CHANNEL) arg=0x7ffd011732c0
  ★ UVM_UNREGISTER_CHANNEL rmStatus = 0x00000000 (NV_OK)
UVM ioctl fd=12 cmd=0x0000001c nr=28 (UVM_UNREGISTER_CHANNEL) arg=0x7ffd011732c0
  ★ UVM_UNREGISTER_CHANNEL rmStatus = 0x00000000 (NV_OK)
UVM ioctl fd=12 cmd=0x0000001c nr=28 (UVM_UNREGISTER_CHANNEL) arg=0x7ffd011732c0
  ★ UVM_UNREGISTER_CHANNEL rmStatus = 0x00000000 (NV_OK)
UVM ioctl fd=12 cmd=0x0000001c nr=28 (UVM_UNREGISTER_CHANNEL) arg=0x7ffd011732c0
  ★ UVM_UNREGISTER_CHANNEL rmStatus = 0x00000000 (NV_OK)
UVM ioctl fd=12 cmd=0x0000001c nr=28 (UVM_UNREGISTER_CHANNEL) arg=0x7ffd011732c0
  ★ UVM_UNREGISTER_CHANNEL rmStatus = 0x00000000 (NV_OK)
UVM ioctl fd=12 cmd=0x0000001c nr=28 (UVM_UNREGISTER_CHANNEL) arg=0x7ffd011732c0
  ★ UVM_UNREGISTER_CHANNEL rmStatus = 0x00000000 (NV_OK)
UVM ioctl fd=12 cmd=0x0000001c nr=28 (UVM_UNREGISTER_CHANNEL) arg=0x7ffd011732c0
  ★ UVM_UNREGISTER_CHANNEL rmStatus = 0x00000000 (NV_OK)
UVM ioctl fd=12 cmd=0x0000001c nr=28 (UVM_UNREGISTER_CHANNEL) arg=0x7ffd011732c0
  ★ UVM_UNREGISTER_CHANNEL rmStatus = 0x00000000 (NV_OK)
UVM ioctl fd=12 cmd=0x0000001c nr=28 (UVM_UNREGISTER_CHANNEL) arg=0x7ffd011732c0
  ★ UVM_UNREGISTER_CHANNEL rmStatus = 0x00000000 (NV_OK)
UVM ioctl fd=12 cmd=0x00000022 nr=34 (UVM_FREE) arg=0x7ffd01172de0
  ★ UVM_FREE rmStatus = 0x00000000 (NV_OK)
UVM ioctl fd=12 cmd=0x00000022 nr=34 (UVM_FREE) arg=0x7ffd01172de0
  ★ UVM_FREE rmStatus = 0x00000000 (NV_OK)
UVM ioctl fd=12 cmd=0x00000022 nr=34 (UVM_FREE) arg=0x7ffd01172f70
  ★ UVM_FREE rmStatus = 0x00000000 (NV_OK)
UVM ioctl fd=12 cmd=0x00000022 nr=34 (UVM_FREE) arg=0x7ffd01172f30
  ★ UVM_FREE rmStatus = 0x00000000 (NV_OK)
UVM ioctl fd=12 cmd=0x00000022 nr=34 (UVM_FREE) arg=0x7ffd01172f30
  ★ UVM_FREE rmStatus = 0x00000000 (NV_OK)
UVM ioctl fd=12 cmd=0x00000022 nr=34 (UVM_FREE) arg=0x7ffd01172f30
  ★ UVM_FREE rmStatus = 0x00000000 (NV_OK)
UVM ioctl fd=12 cmd=0x00000022 nr=34 (UVM_FREE) arg=0x7ffd01172f30
  ★ UVM_FREE rmStatus = 0x00000000 (NV_OK)
UVM ioctl fd=12 cmd=0x00000022 nr=34 (UVM_FREE) arg=0x7ffd01172f40
  ★ UVM_FREE rmStatus = 0x00000000 (NV_OK)
UVM ioctl fd=12 cmd=0x00000022 nr=34 (UVM_FREE) arg=0x7ffd01172f40
  ★ UVM_FREE rmStatus = 0x00000000 (NV_OK)
UVM ioctl fd=12 cmd=0x00000022 nr=34 (UVM_FREE) arg=0x7ffd01173030
  ★ UVM_FREE rmStatus = 0x00000000 (NV_OK)
UVM ioctl fd=12 cmd=0x00000022 nr=34 (UVM_FREE) arg=0x7ffd01172f40
  ★ UVM_FREE rmStatus = 0x00000000 (NV_OK)
UVM ioctl fd=12 cmd=0x0000001a nr=26 (UVM_UNREGISTER_GPU_VASPACE) arg=0x7ffd011733e0
  ★ UVM_UNREGISTER_GPU_VASPACE rmStatus = 0x00000000 (NV_OK)
=== ★★★ THE UVM PLANE, in full (struct bytes IN and OUT) ===
UVM ioctl fd=12 cmd=0x30000001 nr=1 (UVM_INITIALIZE) arg=0x7ffd01173d80
    IN 
      +00: 00 00 00 00 00 00 00 00 00 00 00 00 00 00 00 00
  -> rc=0 errno=0
    OUT
      +00: 00 00 00 00 00 00 00 00 00 00 00 00 00 00 00 00
  ★ UVM_INITIALIZE rmStatus = 0x00000000 (NV_OK)
UVM ioctl fd=13 cmd=0x0000004b nr=75 (UNKNOWN — not in the table, size unknown) arg=0x7ffd01173d80
  -> rc=0 errno=0
UVM ioctl fd=12 cmd=0x00000027 nr=39 (UVM_PAGEABLE_MEM_ACCESS) arg=0x7ffd01173d80
    IN 
      +00: 00 00 00 00 00 00 00 00
  -> rc=0 errno=0
    OUT
      +00: 01 00 00 00 00 00 00 00
  ★ UVM_PAGEABLE_MEM_ACCESS rmStatus = 0x00000000 (NV_OK)
UVM ioctl fd=12 cmd=0x00000025 nr=37 (UVM_REGISTER_GPU) arg=0x7ffd01173900
    IN 
      +00: 78 b3 52 c7 1c cd 7a 86 d2 82 49 48 4c 82 7f 27
      +16: 00 00 00 00 00 00 00 00 ff ff ff ff 00 00 00 00
      +32: 00 00 00 00 00 00 00 00
  -> rc=0 errno=0
    OUT
      +00: 78 b3 52 c7 1c cd 7a 86 d2 82 49 48 4c 82 7f 27
      +16: 00 00 00 00 ff ff ff ff ff ff ff ff 00 00 00 00
      +32: 00 00 00 00 00 00 00 00
  ★ UVM_REGISTER_GPU rmStatus = 0x00000000 (NV_OK)
UVM ioctl fd=12 cmd=0x00000046 nr=70 (UNKNOWN — not in the table, size unknown) arg=0x7ffd01173970
  -> rc=0 errno=0
UVM ioctl fd=12 cmd=0x00000017 nr=23 (UNKNOWN — not in the table, size unknown) arg=0x7ffd01173dc0
  -> rc=0 errno=0
UVM ioctl fd=12 cmd=0x00000019 nr=25 (UVM_REGISTER_GPU_VASPACE) arg=0x7ffd01173450
    IN 
      +00: 78 b3 52 c7 1c cd 7a 86 d2 82 49 48 4c 82 7f 27
      +16: 08 00 00 00 0c 00 d0 c1 07 00 00 5c 00 00 00 00
  -> rc=0 errno=0
    OUT
      +00: 78 b3 52 c7 1c cd 7a 86 d2 82 49 48 4c 82 7f 27
      +16: 08 00 00 00 0c 00 d0 c1 07 00 00 5c 00 00 00 00
  ★ UVM_REGISTER_GPU_VASPACE rmStatus = 0x00000000 (NV_OK)
UVM ioctl fd=12 cmd=0x00000049 nr=73 (UNKNOWN — not in the table, size unknown) arg=0x7ffd011725e0
  -> rc=0 errno=0
UVM ioctl fd=12 cmd=0x00000021 nr=33 (UNKNOWN — not in the table, size unknown) arg=0x7ffd011701d0
  -> rc=0 errno=0
UVM ioctl fd=12 cmd=0x00000049 nr=73 (UNKNOWN — not in the table, size unknown) arg=0x7ffd01172470
  -> rc=0 errno=0
UVM ioctl fd=12 cmd=0x00000021 nr=33 (UNKNOWN — not in the table, size unknown) arg=0x7ffd01170060
  -> rc=0 errno=0
UVM ioctl fd=12 cmd=0x00000049 nr=73 (UNKNOWN — not in the table, size unknown) arg=0x7ffd01172470
  -> rc=0 errno=0
UVM ioctl fd=12 cmd=0x00000021 nr=33 (UNKNOWN — not in the table, size unknown) arg=0x7ffd01170060
  -> rc=0 errno=0
UVM ioctl fd=12 cmd=0x00000049 nr=73 (UNKNOWN — not in the table, size unknown) arg=0x7ffd01172670
  -> rc=0 errno=0
UVM ioctl fd=12 cmd=0x00000021 nr=33 (UNKNOWN — not in the table, size unknown) arg=0x7ffd01170260
  -> rc=0 errno=0
UVM ioctl fd=12 cmd=0x00000049 nr=73 (UNKNOWN — not in the table, size unknown) arg=0x7ffd01171e10
  -> rc=0 errno=0
UVM ioctl fd=12 cmd=0x00000021 nr=33 (UNKNOWN — not in the table, size unknown) arg=0x7ffd0116fa00
  -> rc=0 errno=0
UVM ioctl fd=12 cmd=0x00000049 nr=73 (UNKNOWN — not in the table, size unknown) arg=0x7ffd01171c30
  -> rc=0 errno=0
UVM ioctl fd=12 cmd=0x00000021 nr=33 (UNKNOWN — not in the table, size unknown) arg=0x7ffd0116f820
  -> rc=0 errno=0
UVM ioctl fd=12 cmd=0x00000049 nr=73 (UNKNOWN — not in the table, size unknown) arg=0x7ffd011721f0
  -> rc=0 errno=0
UVM ioctl fd=12 cmd=0x00000021 nr=33 (UNKNOWN — not in the table, size unknown) arg=0x7ffd0116fde0
  -> rc=0 errno=0
UVM ioctl fd=12 cmd=0x0000001b nr=27 (UVM_REGISTER_CHANNEL) arg=0x7ffd01173270
    IN 
      +00: 78 b3 52 c7 1c cd 7a 86 d2 82 49 48 4c 82 7f 27
      +16: 08 00 00 00 0c 00 d0 c1 19 00 00 5c 00 00 00 00
      +32: 00 00 40 03 02 00 00 00 00 b0 eb 00 00 00 00 00
      +48: 00 00 00 00 00 00 00 00
  -> rc=0 errno=0
    OUT
      +00: 78 b3 52 c7 1c cd 7a 86 d2 82 49 48 4c 82 7f 27
      +16: 08 00 00 00 0c 00 d0 c1 19 00 00 5c 00 00 00 00
      +32: 00 00 40 03 02 00 00 00 00 b0 eb 00 00 00 00 00
      +48: 00 00 00 00 00 00 00 00
  ★ UVM_REGISTER_CHANNEL rmStatus = 0x00000000 (NV_OK)
UVM ioctl fd=12 cmd=0x0000001b nr=27 (UVM_REGISTER_CHANNEL) arg=0x7ffd01173270
    IN 
      +00: 78 b3 52 c7 1c cd 7a 86 d2 82 49 48 4c 82 7f 27
      +16: 08 00 00 00 0c 00 d0 c1 1f 00 00 5c 00 00 00 00
      +32: 00 00 40 03 02 00 00 00 00 b0 eb 00 00 00 00 00
      +48: 00 00 00 00 00 00 00 00
  -> rc=0 errno=0
    OUT
      +00: 78 b3 52 c7 1c cd 7a 86 d2 82 49 48 4c 82 7f 27
      +16: 08 00 00 00 0c 00 d0 c1 1f 00 00 5c 00 00 00 00
      +32: 00 00 40 03 02 00 00 00 00 b0 eb 00 00 00 00 00
      +48: 00 00 00 00 00 00 00 00
  ★ UVM_REGISTER_CHANNEL rmStatus = 0x00000000 (NV_OK)
UVM ioctl fd=12 cmd=0x0000001b nr=27 (UVM_REGISTER_CHANNEL) arg=0x7ffd01173270
    IN 
      +00: 78 b3 52 c7 1c cd 7a 86 d2 82 49 48 4c 82 7f 27
      +16: 08 00 00 00 0c 00 d0 c1 23 00 00 5c 00 00 00 00
      +32: 00 00 40 03 02 00 00 00 00 b0 eb 00 00 00 00 00
      +48: 00 00 00 00 00 00 00 00
  -> rc=0 errno=0
    OUT
      +00: 78 b3 52 c7 1c cd 7a 86 d2 82 49 48 4c 82 7f 27
      +16: 08 00 00 00 0c 00 d0 c1 23 00 00 5c 00 00 00 00
      +32: 00 00 40 03 02 00 00 00 00 b0 eb 00 00 00 00 00
      +48: 00 00 00 00 00 00 00 00
  ★ UVM_REGISTER_CHANNEL rmStatus = 0x00000000 (NV_OK)
UVM ioctl fd=12 cmd=0x0000001b nr=27 (UVM_REGISTER_CHANNEL) arg=0x7ffd01173270
    IN 
      +00: 78 b3 52 c7 1c cd 7a 86 d2 82 49 48 4c 82 7f 27
      +16: 08 00 00 00 0c 00 d0 c1 27 00 00 5c 00 00 00 00
      +32: 00 00 40 03 02 00 00 00 00 b0 eb 00 00 00 00 00
      +48: 00 00 00 00 00 00 00 00
  -> rc=0 errno=0
    OUT
      +00: 78 b3 52 c7 1c cd 7a 86 d2 82 49 48 4c 82 7f 27
      +16: 08 00 00 00 0c 00 d0 c1 27 00 00 5c 00 00 00 00
      +32: 00 00 40 03 02 00 00 00 00 b0 eb 00 00 00 00 00
      +48: 00 00 00 00 00 00 00 00
  ★ UVM_REGISTER_CHANNEL rmStatus = 0x00000000 (NV_OK)
UVM ioctl fd=12 cmd=0x0000001b nr=27 (UVM_REGISTER_CHANNEL) arg=0x7ffd01173270
    IN 
      +00: 78 b3 52 c7 1c cd 7a 86 d2 82 49 48 4c 82 7f 27
      +16: 08 00 00 00 0c 00 d0 c1 2b 00 00 5c 00 00 00 00
      +32: 00 00 40 03 02 00 00 00 00 b0 eb 00 00 00 00 00
      +48: 00 00 00 00 00 00 00 00
  -> rc=0 errno=0
    OUT
      +00: 78 b3 52 c7 1c cd 7a 86 d2 82 49 48 4c 82 7f 27
      +16: 08 00 00 00 0c 00 d0 c1 2b 00 00 5c 00 00 00 00
      +32: 00 00 40 03 02 00 00 00 00 b0 eb 00 00 00 00 00
      +48: 00 00 00 00 00 00 00 00
  ★ UVM_REGISTER_CHANNEL rmStatus = 0x00000000 (NV_OK)
UVM ioctl fd=12 cmd=0x0000001b nr=27 (UVM_REGISTER_CHANNEL) arg=0x7ffd01173270
    IN 
      +00: 78 b3 52 c7 1c cd 7a 86 d2 82 49 48 4c 82 7f 27
      +16: 08 00 00 00 0c 00 d0 c1 2f 00 00 5c 00 00 00 00
      +32: 00 00 40 03 02 00 00 00 00 b0 eb 00 00 00 00 00
      +48: 00 00 00 00 00 00 00 00
  -> rc=0 errno=0
    OUT
      +00: 78 b3 52 c7 1c cd 7a 86 d2 82 49 48 4c 82 7f 27
      +16: 08 00 00 00 0c 00 d0 c1 2f 00 00 5c 00 00 00 00
      +32: 00 00 40 03 02 00 00 00 00 b0 eb 00 00 00 00 00
      +48: 00 00 00 00 00 00 00 00
  ★ UVM_REGISTER_CHANNEL rmStatus = 0x00000000 (NV_OK)
UVM ioctl fd=12 cmd=0x0000001b nr=27 (UVM_REGISTER_CHANNEL) arg=0x7ffd01173270
    IN 
      +00: 78 b3 52 c7 1c cd 7a 86 d2 82 49 48 4c 82 7f 27
      +16: 08 00 00 00 0c 00 d0 c1 33 00 00 5c 00 00 00 00
      +32: 00 00 40 03 02 00 00 00 00 b0 eb 00 00 00 00 00
      +48: 00 00 00 00 00 00 00 00
  -> rc=0 errno=0
    OUT
      +00: 78 b3 52 c7 1c cd 7a 86 d2 82 49 48 4c 82 7f 27
      +16: 08 00 00 00 0c 00 d0 c1 33 00 00 5c 00 00 00 00
      +32: 00 00 40 03 02 00 00 00 00 b0 eb 00 00 00 00 00
      +48: 00 00 00 00 00 00 00 00
  ★ UVM_REGISTER_CHANNEL rmStatus = 0x00000000 (NV_OK)
UVM ioctl fd=12 cmd=0x0000001b nr=27 (UVM_REGISTER_CHANNEL) arg=0x7ffd01173270
    IN 
      +00: 78 b3 52 c7 1c cd 7a 86 d2 82 49 48 4c 82 7f 27
      +16: 08 00 00 00 0c 00 d0 c1 37 00 00 5c 00 00 00 00
      +32: 00 00 40 03 02 00 00 00 00 b0 eb 00 00 00 00 00
      +48: 00 00 00 00 00 00 00 00
  -> rc=0 errno=0
    OUT
      +00: 78 b3 52 c7 1c cd 7a 86 d2 82 49 48 4c 82 7f 27
      +16: 08 00 00 00 0c 00 d0 c1 37 00 00 5c 00 00 00 00
      +32: 00 00 40 03 02 00 00 00 00 b0 eb 00 00 00 00 00
      +48: 00 00 00 00 00 00 00 00
  ★ UVM_REGISTER_CHANNEL rmStatus = 0x00000000 (NV_OK)
UVM ioctl fd=12 cmd=0x0000001b nr=27 (UVM_REGISTER_CHANNEL) arg=0x7ffd01173270
    IN 
      +00: 78 b3 52 c7 1c cd 7a 86 d2 82 49 48 4c 82 7f 27
      +16: 08 00 00 00 0c 00 d0 c1 3d 00 00 5c 00 00 00 00
      +32: 00 00 00 00 00 00 00 00 00 00 00 00 00 00 00 00
      +48: 00 00 00 00 00 00 00 00
  -> rc=0 errno=0
    OUT
      +00: 78 b3 52 c7 1c cd 7a 86 d2 82 49 48 4c 82 7f 27
      +16: 08 00 00 00 0c 00 d0 c1 3d 00 00 5c 00 00 00 00
      +32: 00 00 00 00 00 00 00 00 00 00 00 00 00 00 00 00
      +48: 00 00 00 00 00 00 00 00
  ★ UVM_REGISTER_CHANNEL rmStatus = 0x00000000 (NV_OK)
UVM ioctl fd=12 cmd=0x0000001b nr=27 (UVM_REGISTER_CHANNEL) arg=0x7ffd01173270
    IN 
      +00: 78 b3 52 c7 1c cd 7a 86 d2 82 49 48 4c 82 7f 27
      +16: 08 00 00 00 0c 00 d0 c1 40 00 00 5c 00 00 00 00
      +32: 00 00 00 00 00 00 00 00 00 00 00 00 00 00 00 00
      +48: 00 00 00 00 00 00 00 00
  -> rc=0 errno=0
    OUT
      +00: 78 b3 52 c7 1c cd 7a 86 d2 82 49 48 4c 82 7f 27
      +16: 08 00 00 00 0c 00 d0 c1 40 00 00 5c 00 00 00 00
      +32: 00 00 00 00 00 00 00 00 00 00 00 00 00 00 00 00
      +48: 00 00 00 00 00 00 00 00
  ★ UVM_REGISTER_CHANNEL rmStatus = 0x00000000 (NV_OK)
UVM ioctl fd=12 cmd=0x0000001b nr=27 (UVM_REGISTER_CHANNEL) arg=0x7ffd01173270
    IN 
      +00: 78 b3 52 c7 1c cd 7a 86 d2 82 49 48 4c 82 7f 27
      +16: 08 00 00 00 0c 00 d0 c1 43 00 00 5c 00 00 00 00
      +32: 00 00 00 00 00 00 00 00 00 00 00 00 00 00 00 00
      +48: 00 00 00 00 00 00 00 00
  -> rc=0 errno=0
    OUT
      +00: 78 b3 52 c7 1c cd 7a 86 d2 82 49 48 4c 82 7f 27
      +16: 08 00 00 00 0c 00 d0 c1 43 00 00 5c 00 00 00 00
      +32: 00 00 00 00 00 00 00 00 00 00 00 00 00 00 00 00
      +48: 00 00 00 00 00 00 00 00
  ★ UVM_REGISTER_CHANNEL rmStatus = 0x00000000 (NV_OK)
UVM ioctl fd=12 cmd=0x0000001b nr=27 (UVM_REGISTER_CHANNEL) arg=0x7ffd01173270
    IN 
      +00: 78 b3 52 c7 1c cd 7a 86 d2 82 49 48 4c 82 7f 27
      +16: 08 00 00 00 0c 00 d0 c1 46 00 00 5c 00 00 00 00
      +32: 00 00 00 00 00 00 00 00 00 00 00 00 00 00 00 00
      +48: 00 00 00 00 00 00 00 00
  -> rc=0 errno=0
    OUT
      +00: 78 b3 52 c7 1c cd 7a 86 d2 82 49 48 4c 82 7f 27
      +16: 08 00 00 00 0c 00 d0 c1 46 00 00 5c 00 00 00 00
      +32: 00 00 00 00 00 00 00 00 00 00 00 00 00 00 00 00
      +48: 00 00 00 00 00 00 00 00
  ★ UVM_REGISTER_CHANNEL rmStatus = 0x00000000 (NV_OK)
UVM ioctl fd=12 cmd=0x0000001b nr=27 (UVM_REGISTER_CHANNEL) arg=0x7ffd01173270
    IN 
      +00: 78 b3 52 c7 1c cd 7a 86 d2 82 49 48 4c 82 7f 27
      +16: 08 00 00 00 0c 00 d0 c1 4b 00 00 5c 00 00 00 00
      +32: 00 00 00 00 00 00 00 00 00 00 00 00 00 00 00 00
      +48: 00 00 00 00 00 00 00 00
  -> rc=0 errno=0
    OUT
      +00: 78 b3 52 c7 1c cd 7a 86 d2 82 49 48 4c 82 7f 27
      +16: 08 00 00 00 0c 00 d0 c1 4b 00 00 5c 00 00 00 00
      +32: 00 00 00 00 00 00 00 00 00 00 00 00 00 00 00 00
      +48: 00 00 00 00 00 00 00 00
  ★ UVM_REGISTER_CHANNEL rmStatus = 0x00000000 (NV_OK)
UVM ioctl fd=12 cmd=0x0000001b nr=27 (UVM_REGISTER_CHANNEL) arg=0x7ffd01173270
    IN 
      +00: 78 b3 52 c7 1c cd 7a 86 d2 82 49 48 4c 82 7f 27
      +16: 08 00 00 00 0c 00 d0 c1 4e 00 00 5c 00 00 00 00
      +32: 00 00 00 00 00 00 00 00 00 00 00 00 00 00 00 00
      +48: 00 00 00 00 00 00 00 00
  -> rc=0 errno=0
    OUT
      +00: 78 b3 52 c7 1c cd 7a 86 d2 82 49 48 4c 82 7f 27
      +16: 08 00 00 00 0c 00 d0 c1 4e 00 00 5c 00 00 00 00
      +32: 00 00 00 00 00 00 00 00 00 00 00 00 00 00 00 00
      +48: 00 00 00 00 00 00 00 00
  ★ UVM_REGISTER_CHANNEL rmStatus = 0x00000000 (NV_OK)
UVM ioctl fd=12 cmd=0x0000001b nr=27 (UVM_REGISTER_CHANNEL) arg=0x7ffd01173270
    IN 
      +00: 78 b3 52 c7 1c cd 7a 86 d2 82 49 48 4c 82 7f 27
      +16: 08 00 00 00 0c 00 d0 c1 51 00 00 5c 00 00 00 00
      +32: 00 00 00 00 00 00 00 00 00 00 00 00 00 00 00 00
      +48: 00 00 00 00 00 00 00 00
  -> rc=0 errno=0
    OUT
      +00: 78 b3 52 c7 1c cd 7a 86 d2 82 49 48 4c 82 7f 27
      +16: 08 00 00 00 0c 00 d0 c1 51 00 00 5c 00 00 00 00
      +32: 00 00 00 00 00 00 00 00 00 00 00 00 00 00 00 00
      +48: 00 00 00 00 00 00 00 00
  ★ UVM_REGISTER_CHANNEL rmStatus = 0x00000000 (NV_OK)
UVM ioctl fd=12 cmd=0x0000001b nr=27 (UVM_REGISTER_CHANNEL) arg=0x7ffd01173270
    IN 
      +00: 78 b3 52 c7 1c cd 7a 86 d2 82 49 48 4c 82 7f 27
      +16: 08 00 00 00 0c 00 d0 c1 54 00 00 5c 00 00 00 00
      +32: 00 00 00 00 00 00 00 00 00 00 00 00 00 00 00 00
      +48: 00 00 00 00 00 00 00 00
  -> rc=0 errno=0
    OUT
      +00: 78 b3 52 c7 1c cd 7a 86 d2 82 49 48 4c 82 7f 27
      +16: 08 00 00 00 0c 00 d0 c1 54 00 00 5c 00 00 00 00
      +32: 00 00 00 00 00 00 00 00 00 00 00 00 00 00 00 00
      +48: 00 00 00 00 00 00 00 00
  ★ UVM_REGISTER_CHANNEL rmStatus = 0x00000000 (NV_OK)
UVM ioctl fd=12 cmd=0x00000049 nr=73 (UNKNOWN — not in the table, size unknown) arg=0x7ffd011722f0
  -> rc=0 errno=0
UVM ioctl fd=12 cmd=0x00000021 nr=33 (UNKNOWN — not in the table, size unknown) arg=0x7ffd0116fee0
  -> rc=0 errno=0
UVM ioctl fd=12 cmd=0x00000049 nr=73 (UNKNOWN — not in the table, size unknown) arg=0x7ffd011724f0
  -> rc=0 errno=0
UVM ioctl fd=12 cmd=0x00000021 nr=33 (UNKNOWN — not in the table, size unknown) arg=0x7ffd011700e0
  -> rc=0 errno=0
UVM ioctl fd=12 cmd=0x00000044 nr=68 (UNKNOWN — not in the table, size unknown) arg=0x7ffd011702e0
  -> rc=0 errno=0
UVM ioctl fd=12 cmd=0x00000048 nr=72 (UNKNOWN — not in the table, size unknown) arg=0x7ffd011701f0
  -> rc=0 errno=0
UVM ioctl fd=12 cmd=0x00000017 nr=23 (UNKNOWN — not in the table, size unknown) arg=0x7ffd011733c0
  -> rc=0 errno=0
UVM ioctl fd=12 cmd=0x00000017 nr=23 (UNKNOWN — not in the table, size unknown) arg=0x7ffd011733c0
  -> rc=0 errno=0
UVM ioctl fd=12 cmd=0x00000017 nr=23 (UNKNOWN — not in the table, size unknown) arg=0x7ffd011733c0
  -> rc=0 errno=0
UVM ioctl fd=12 cmd=0x00000017 nr=23 (UNKNOWN — not in the table, size unknown) arg=0x7ffd011733c0
  -> rc=0 errno=0
UVM ioctl fd=12 cmd=0x00000017 nr=23 (UNKNOWN — not in the table, size unknown) arg=0x7ffd011733c0
  -> rc=0 errno=0
UVM ioctl fd=12 cmd=0x00000017 nr=23 (UNKNOWN — not in the table, size unknown) arg=0x7ffd011733c0
  -> rc=0 errno=0
UVM ioctl fd=12 cmd=0x00000017 nr=23 (UNKNOWN — not in the table, size unknown) arg=0x7ffd011733c0
  -> rc=0 errno=0
UVM ioctl fd=12 cmd=0x00000049 nr=73 (UNKNOWN — not in the table, size unknown) arg=0x7ffd01172310
  -> rc=0 errno=0
UVM ioctl fd=12 cmd=0x00000021 nr=33 (UNKNOWN — not in the table, size unknown) arg=0x7ffd0116ff00
  -> rc=0 errno=0
UVM ioctl fd=12 cmd=0x00000049 nr=73 (UNKNOWN — not in the table, size unknown) arg=0x7ffd01172310
  -> rc=0 errno=0
UVM ioctl fd=12 cmd=0x00000021 nr=33 (UNKNOWN — not in the table, size unknown) arg=0x7ffd0116ff00
  -> rc=0 errno=0
UVM ioctl fd=12 cmd=0x00000049 nr=73 (UNKNOWN — not in the table, size unknown) arg=0x7ffd01172610
  -> rc=0 errno=0
UVM ioctl fd=12 cmd=0x00000021 nr=33 (UNKNOWN — not in the table, size unknown) arg=0x7ffd01170200
  -> rc=0 errno=0
UVM ioctl fd=12 cmd=0x00000049 nr=73 (UNKNOWN — not in the table, size unknown) arg=0x7ffd01172610
  -> rc=0 errno=0
UVM ioctl fd=12 cmd=0x00000021 nr=33 (UNKNOWN — not in the table, size unknown) arg=0x7ffd01170200
  -> rc=0 errno=0
UVM ioctl fd=12 cmd=0x00000049 nr=73 (UNKNOWN — not in the table, size unknown) arg=0x7ffd01172370
  -> rc=0 errno=0
UVM ioctl fd=12 cmd=0x00000021 nr=33 (UNKNOWN — not in the table, size unknown) arg=0x7ffd0116ff60
  -> rc=0 errno=0
UVM ioctl fd=12 cmd=0x00000049 nr=73 (UNKNOWN — not in the table, size unknown) arg=0x7ffd01172370
  -> rc=0 errno=0
UVM ioctl fd=12 cmd=0x00000021 nr=33 (UNKNOWN — not in the table, size unknown) arg=0x7ffd0116ff60
  -> rc=0 errno=0
UVM ioctl fd=12 cmd=0x00000041 nr=65 (UNKNOWN — not in the table, size unknown) arg=0x7ffd01172800
  -> rc=0 errno=0
UVM ioctl fd=12 cmd=0x00000049 nr=73 (UNKNOWN — not in the table, size unknown) arg=0x7ffd01172810
  -> rc=0 errno=0
UVM ioctl fd=12 cmd=0x00000021 nr=33 (UNKNOWN — not in the table, size unknown) arg=0x7ffd01170400
  -> rc=0 errno=0
UVM ioctl fd=12 cmd=0x00000049 nr=73 (UNKNOWN — not in the table, size unknown) arg=0x7ffd01171cc0
  -> rc=0 errno=0
UVM ioctl fd=12 cmd=0x00000021 nr=33 (UNKNOWN — not in the table, size unknown) arg=0x7ffd0116f8b0
  -> rc=0 errno=0
UVM ioctl fd=12 cmd=0x00000049 nr=73 (UNKNOWN — not in the table, size unknown) arg=0x7ffd011725c0
  -> rc=0 errno=0
UVM ioctl fd=12 cmd=0x00000021 nr=33 (UNKNOWN — not in the table, size unknown) arg=0x7ffd011701b0
  -> rc=0 errno=0
UVM ioctl fd=12 cmd=0x00000049 nr=73 (UNKNOWN — not in the table, size unknown) arg=0x7ffd011714a0
  -> rc=0 errno=0
UVM ioctl fd=12 cmd=0x00000021 nr=33 (UNKNOWN — not in the table, size unknown) arg=0x7ffd0116f090
  -> rc=0 errno=0
UVM ioctl fd=12 cmd=0x00000049 nr=73 (UNKNOWN — not in the table, size unknown) arg=0x7ffd011725b0
  -> rc=0 errno=0
UVM ioctl fd=12 cmd=0x00000021 nr=33 (UNKNOWN — not in the table, size unknown) arg=0x7ffd011701a0
  -> rc=0 errno=0
UVM ioctl fd=12 cmd=0x00000049 nr=73 (UNKNOWN — not in the table, size unknown) arg=0x7ffd01172440
  -> rc=0 errno=0
UVM ioctl fd=12 cmd=0x00000021 nr=33 (UNKNOWN — not in the table, size unknown) arg=0x7ffd01170030
  -> rc=0 errno=0
UVM ioctl fd=12 cmd=0x00000049 nr=73 (UNKNOWN — not in the table, size unknown) arg=0x7ffd01172580
  -> rc=0 errno=0
UVM ioctl fd=12 cmd=0x00000021 nr=33 (UNKNOWN — not in the table, size unknown) arg=0x7ffd01170170
  -> rc=0 errno=0
UVM ioctl fd=12 cmd=0x00000049 nr=73 (UNKNOWN — not in the table, size unknown) arg=0x7ffd01172580
  -> rc=0 errno=0
UVM ioctl fd=12 cmd=0x00000021 nr=33 (UNKNOWN — not in the table, size unknown) arg=0x7ffd01170170
  -> rc=0 errno=0
UVM ioctl fd=12 cmd=0x00000022 nr=34 (UVM_FREE) arg=0x7ffd01172f30
    IN 
      +00: 00 00 00 30 92 79 00 00 00 00 e0 00 00 00 00 00
      +16: 00 00 00 00 00 00 00 00
  -> rc=0 errno=0
    OUT
      +00: 00 00 00 30 92 79 00 00 00 00 e0 00 00 00 00 00
      +16: 00 00 00 00 00 00 00 00
  ★ UVM_FREE rmStatus = 0x00000000 (NV_OK)
UVM ioctl fd=12 cmd=0x00000022 nr=34 (UVM_FREE) arg=0x7ffd01172f30
    IN 
      +00: 00 00 e0 30 92 79 00 00 00 00 20 00 00 00 00 00
      +16: 00 00 00 00 00 00 00 00
  -> rc=0 errno=0
    OUT
      +00: 00 00 e0 30 92 79 00 00 00 00 20 00 00 00 00 00
      +16: 00 00 00 00 00 00 00 00
  ★ UVM_FREE rmStatus = 0x00000000 (NV_OK)
UVM ioctl fd=12 cmd=0x00000022 nr=34 (UVM_FREE) arg=0x7ffd01172fc0
    IN 
      +00: 00 00 60 33 92 79 00 00 00 30 53 00 00 00 00 00
      +16: 00 00 00 00 00 00 00 00
  -> rc=0 errno=0
    OUT
      +00: 00 00 60 33 92 79 00 00 00 30 53 00 00 00 00 00
      +16: 00 00 00 00 00 00 00 00
  ★ UVM_FREE rmStatus = 0x00000000 (NV_OK)
UVM ioctl fd=12 cmd=0x00000022 nr=34 (UVM_FREE) arg=0x7ffd01172f30
    IN 
      +00: 00 00 00 00 00 01 00 00 00 00 20 00 00 00 00 00
      +16: 00 00 00 00 00 00 00 00
  -> rc=0 errno=0
    OUT
      +00: 00 00 00 00 00 01 00 00 00 00 20 00 00 00 00 00
      +16: 00 00 00 00 00 00 00 00
  ★ UVM_FREE rmStatus = 0x00000000 (NV_OK)
UVM ioctl fd=12 cmd=0x00000022 nr=34 (UVM_FREE) arg=0x7ffd01172f30
    IN 
      +00: 00 00 00 02 00 01 00 00 00 00 20 00 00 00 00 00
      +16: 00 00 00 00 00 00 00 00
  -> rc=0 errno=0
    OUT
      +00: 00 00 00 02 00 01 00 00 00 00 20 00 00 00 00 00
      +16: 00 00 00 00 00 00 00 00
  ★ UVM_FREE rmStatus = 0x00000000 (NV_OK)
UVM ioctl fd=12 cmd=0x00000022 nr=34 (UVM_FREE) arg=0x7ffd01172f40
    IN 
      +00: 00 00 40 33 92 79 00 00 00 00 20 00 00 00 00 00
      +16: 00 00 00 00 00 00 00 00
  -> rc=0 errno=0
    OUT
      +00: 00 00 40 33 92 79 00 00 00 00 20 00 00 00 00 00
      +16: 00 00 00 00 00 00 00 00
  ★ UVM_FREE rmStatus = 0x00000000 (NV_OK)
UVM ioctl fd=12 cmd=0x00000022 nr=34 (UVM_FREE) arg=0x7ffd01172f40
    IN 
      +00: 00 00 00 33 92 79 00 00 00 00 20 00 00 00 00 00
      +16: 00 00 00 00 00 00 00 00
  -> rc=0 errno=0
    OUT
      +00: 00 00 00 33 92 79 00 00 00 00 20 00 00 00 00 00
      +16: 00 00 00 00 00 00 00 00
  ★ UVM_FREE rmStatus = 0x00000000 (NV_OK)
UVM ioctl fd=12 cmd=0x00000022 nr=34 (UVM_FREE) arg=0x7ffd01172e90
    IN 
      +00: 00 00 20 33 92 79 00 00 00 00 20 00 00 00 00 00
      +16: 00 00 00 00 00 00 00 00
  -> rc=0 errno=0
    OUT
      +00: 00 00 20 33 92 79 00 00 00 00 20 00 00 00 00 00
      +16: 00 00 00 00 00 00 00 00
  ★ UVM_FREE rmStatus = 0x00000000 (NV_OK)
UVM ioctl fd=12 cmd=0x00000022 nr=34 (UVM_FREE) arg=0x7ffd01172f70
    IN 
      +00: 00 00 c0 32 92 79 00 00 00 10 00 00 00 00 00 00
      +16: 00 00 00 00 00 00 00 00
  -> rc=0 errno=0
    OUT
      +00: 00 00 c0 32 92 79 00 00 00 10 00 00 00 00 00 00
      +16: 00 00 00 00 00 00 00 00
  ★ UVM_FREE rmStatus = 0x00000000 (NV_OK)
UVM ioctl fd=12 cmd=0x00000022 nr=34 (UVM_FREE) arg=0x7ffd01172f70
    IN 
      +00: 00 00 e0 04 02 00 00 00 00 00 20 00 00 00 00 00
      +16: 00 00 00 00 00 00 00 00
  -> rc=0 errno=0
    OUT
      +00: 00 00 e0 04 02 00 00 00 00 00 20 00 00 00 00 00
      +16: 00 00 00 00 00 00 00 00
  ★ UVM_FREE rmStatus = 0x00000000 (NV_OK)
UVM ioctl fd=12 cmd=0x00000022 nr=34 (UVM_FREE) arg=0x7ffd01172f40
    IN 
      +00: 00 00 60 32 92 79 00 00 00 00 20 00 00 00 00 00
      +16: 00 00 00 00 00 00 00 00
  -> rc=0 errno=0
    OUT
      +00: 00 00 60 32 92 79 00 00 00 00 20 00 00 00 00 00
      +16: 00 00 00 00 00 00 00 00
  ★ UVM_FREE rmStatus = 0x00000000 (NV_OK)
UVM ioctl fd=12 cmd=0x00000022 nr=34 (UVM_FREE) arg=0x7ffd01172f70
    IN 
      +00: 00 00 40 32 92 79 00 00 00 00 20 00 00 00 00 00
      +16: 00 00 00 00 00 00 00 00
  -> rc=0 errno=0
    OUT
      +00: 00 00 40 32 92 79 00 00 00 00 20 00 00 00 00 00
      +16: 00 00 00 00 00 00 00 00
  ★ UVM_FREE rmStatus = 0x00000000 (NV_OK)
UVM ioctl fd=12 cmd=0x00000018 nr=24 (UNKNOWN — not in the table, size unknown) arg=0x7ffd01173390
  -> rc=0 errno=0
UVM ioctl fd=12 cmd=0x00000018 nr=24 (UNKNOWN — not in the table, size unknown) arg=0x7ffd01173390
  -> rc=0 errno=0
UVM ioctl fd=12 cmd=0x00000018 nr=24 (UNKNOWN — not in the table, size unknown) arg=0x7ffd011733c0
  -> rc=0 errno=0
UVM ioctl fd=12 cmd=0x00000018 nr=24 (UNKNOWN — not in the table, size unknown) arg=0x7ffd01173390
  -> rc=0 errno=0
UVM ioctl fd=12 cmd=0x00000018 nr=24 (UNKNOWN — not in the table, size unknown) arg=0x7ffd01173390
  -> rc=0 errno=0
UVM ioctl fd=12 cmd=0x00000018 nr=24 (UNKNOWN — not in the table, size unknown) arg=0x7ffd01173390
  -> rc=0 errno=0
UVM ioctl fd=12 cmd=0x00000018 nr=24 (UNKNOWN — not in the table, size unknown) arg=0x7ffd01173390
  -> rc=0 errno=0
UVM ioctl fd=12 cmd=0x00000022 nr=34 (UVM_FREE) arg=0x7ffd01172f00
    IN 
      +00: 00 00 20 32 92 79 00 00 00 00 20 00 00 00 00 00
      +16: 00 00 00 00 00 00 00 00
  -> rc=0 errno=0
    OUT
      +00: 00 00 20 32 92 79 00 00 00 00 20 00 00 00 00 00
      +16: 00 00 00 00 00 00 00 00
  ★ UVM_FREE rmStatus = 0x00000000 (NV_OK)
UVM ioctl fd=12 cmd=0x00000022 nr=34 (UVM_FREE) arg=0x7ffd01172f70
    IN 
      +00: 00 00 00 32 92 79 00 00 00 00 20 00 00 00 00 00
      +16: 00 00 00 00 00 00 00 00
  -> rc=0 errno=0
    OUT
      +00: 00 00 00 32 92 79 00 00 00 00 20 00 00 00 00 00
      +16: 00 00 00 00 00 00 00 00
  ★ UVM_FREE rmStatus = 0x00000000 (NV_OK)
UVM ioctl fd=12 cmd=0x0000001c nr=28 (UVM_UNREGISTER_CHANNEL) arg=0x7ffd011732c0
    IN 
      +00: 00 00 00 00 00 00 00 00 00 00 00 00 00 00 00 00
      +16: 0c 00 d0 c1 19 00 00 5c 00 00 00 00
  -> rc=0 errno=0
    OUT
      +00: 00 00 00 00 00 00 00 00 00 00 00 00 00 00 00 00
      +16: 0c 00 d0 c1 19 00 00 5c 00 00 00 00
  ★ UVM_UNREGISTER_CHANNEL rmStatus = 0x00000000 (NV_OK)
UVM ioctl fd=12 cmd=0x0000001c nr=28 (UVM_UNREGISTER_CHANNEL) arg=0x7ffd011732c0
    IN 
      +00: 00 00 00 00 00 00 00 00 00 00 00 00 00 00 00 00
      +16: 0c 00 d0 c1 1f 00 00 5c 00 00 00 00
  -> rc=0 errno=0
    OUT
      +00: 00 00 00 00 00 00 00 00 00 00 00 00 00 00 00 00
      +16: 0c 00 d0 c1 1f 00 00 5c 00 00 00 00
  ★ UVM_UNREGISTER_CHANNEL rmStatus = 0x00000000 (NV_OK)
UVM ioctl fd=12 cmd=0x0000001c nr=28 (UVM_UNREGISTER_CHANNEL) arg=0x7ffd011732c0
    IN 
      +00: 00 00 00 00 00 00 00 00 00 00 00 00 00 00 00 00
      +16: 0c 00 d0 c1 23 00 00 5c 00 00 00 00
  -> rc=0 errno=0
    OUT
      +00: 00 00 00 00 00 00 00 00 00 00 00 00 00 00 00 00
      +16: 0c 00 d0 c1 23 00 00 5c 00 00 00 00
  ★ UVM_UNREGISTER_CHANNEL rmStatus = 0x00000000 (NV_OK)
UVM ioctl fd=12 cmd=0x0000001c nr=28 (UVM_UNREGISTER_CHANNEL) arg=0x7ffd011732c0
    IN 
      +00: 00 00 00 00 00 00 00 00 00 00 00 00 00 00 00 00
      +16: 0c 00 d0 c1 27 00 00 5c 00 00 00 00
  -> rc=0 errno=0
    OUT
      +00: 00 00 00 00 00 00 00 00 00 00 00 00 00 00 00 00
      +16: 0c 00 d0 c1 27 00 00 5c 00 00 00 00
  ★ UVM_UNREGISTER_CHANNEL rmStatus = 0x00000000 (NV_OK)
UVM ioctl fd=12 cmd=0x0000001c nr=28 (UVM_UNREGISTER_CHANNEL) arg=0x7ffd011732c0
    IN 
      +00: 00 00 00 00 00 00 00 00 00 00 00 00 00 00 00 00
      +16: 0c 00 d0 c1 2b 00 00 5c 00 00 00 00
  -> rc=0 errno=0
    OUT
      +00: 00 00 00 00 00 00 00 00 00 00 00 00 00 00 00 00
      +16: 0c 00 d0 c1 2b 00 00 5c 00 00 00 00
  ★ UVM_UNREGISTER_CHANNEL rmStatus = 0x00000000 (NV_OK)
UVM ioctl fd=12 cmd=0x0000001c nr=28 (UVM_UNREGISTER_CHANNEL) arg=0x7ffd011732c0
    IN 
      +00: 00 00 00 00 00 00 00 00 00 00 00 00 00 00 00 00
      +16: 0c 00 d0 c1 2f 00 00 5c 00 00 00 00
  -> rc=0 errno=0
    OUT
      +00: 00 00 00 00 00 00 00 00 00 00 00 00 00 00 00 00
      +16: 0c 00 d0 c1 2f 00 00 5c 00 00 00 00
  ★ UVM_UNREGISTER_CHANNEL rmStatus = 0x00000000 (NV_OK)
UVM ioctl fd=12 cmd=0x0000001c nr=28 (UVM_UNREGISTER_CHANNEL) arg=0x7ffd011732c0
    IN 
      +00: 00 00 00 00 00 00 00 00 00 00 00 00 00 00 00 00
      +16: 0c 00 d0 c1 33 00 00 5c 00 00 00 00
  -> rc=0 errno=0
    OUT
      +00: 00 00 00 00 00 00 00 00 00 00 00 00 00 00 00 00
      +16: 0c 00 d0 c1 33 00 00 5c 00 00 00 00
  ★ UVM_UNREGISTER_CHANNEL rmStatus = 0x00000000 (NV_OK)
UVM ioctl fd=12 cmd=0x0000001c nr=28 (UVM_UNREGISTER_CHANNEL) arg=0x7ffd011732c0
    IN 
      +00: 00 00 00 00 00 00 00 00 00 00 00 00 00 00 00 00
      +16: 0c 00 d0 c1 37 00 00 5c 00 00 00 00
  -> rc=0 errno=0
    OUT
      +00: 00 00 00 00 00 00 00 00 00 00 00 00 00 00 00 00
      +16: 0c 00 d0 c1 37 00 00 5c 00 00 00 00
  ★ UVM_UNREGISTER_CHANNEL rmStatus = 0x00000000 (NV_OK)
UVM ioctl fd=12 cmd=0x0000001c nr=28 (UVM_UNREGISTER_CHANNEL) arg=0x7ffd011732c0
    IN 
      +00: 00 00 00 00 00 00 00 00 00 00 00 00 00 00 00 00
      +16: 0c 00 d0 c1 3d 00 00 5c 00 00 00 00
  -> rc=0 errno=0
    OUT
      +00: 00 00 00 00 00 00 00 00 00 00 00 00 00 00 00 00
      +16: 0c 00 d0 c1 3d 00 00 5c 00 00 00 00
  ★ UVM_UNREGISTER_CHANNEL rmStatus = 0x00000000 (NV_OK)
UVM ioctl fd=12 cmd=0x0000001c nr=28 (UVM_UNREGISTER_CHANNEL) arg=0x7ffd011732c0
    IN 
      +00: 00 00 00 00 00 00 00 00 00 00 00 00 00 00 00 00
      +16: 0c 00 d0 c1 40 00 00 5c 00 00 00 00
  -> rc=0 errno=0
    OUT
      +00: 00 00 00 00 00 00 00 00 00 00 00 00 00 00 00 00
      +16: 0c 00 d0 c1 40 00 00 5c 00 00 00 00
  ★ UVM_UNREGISTER_CHANNEL rmStatus = 0x00000000 (NV_OK)
UVM ioctl fd=12 cmd=0x0000001c nr=28 (UVM_UNREGISTER_CHANNEL) arg=0x7ffd011732c0
    IN 
      +00: 00 00 00 00 00 00 00 00 00 00 00 00 00 00 00 00
      +16: 0c 00 d0 c1 43 00 00 5c 00 00 00 00
  -> rc=0 errno=0
    OUT
      +00: 00 00 00 00 00 00 00 00 00 00 00 00 00 00 00 00
      +16: 0c 00 d0 c1 43 00 00 5c 00 00 00 00
  ★ UVM_UNREGISTER_CHANNEL rmStatus = 0x00000000 (NV_OK)
UVM ioctl fd=12 cmd=0x0000001c nr=28 (UVM_UNREGISTER_CHANNEL) arg=0x7ffd011732c0
    IN 
      +00: 00 00 00 00 00 00 00 00 00 00 00 00 00 00 00 00
      +16: 0c 00 d0 c1 46 00 00 5c 00 00 00 00
  -> rc=0 errno=0
    OUT
      +00: 00 00 00 00 00 00 00 00 00 00 00 00 00 00 00 00
      +16: 0c 00 d0 c1 46 00 00 5c 00 00 00 00
  ★ UVM_UNREGISTER_CHANNEL rmStatus = 0x00000000 (NV_OK)
UVM ioctl fd=12 cmd=0x0000001c nr=28 (UVM_UNREGISTER_CHANNEL) arg=0x7ffd011732c0
    IN 
      +00: 00 00 00 00 00 00 00 00 00 00 00 00 00 00 00 00
      +16: 0c 00 d0 c1 4b 00 00 5c 00 00 00 00
  -> rc=0 errno=0
    OUT
      +00: 00 00 00 00 00 00 00 00 00 00 00 00 00 00 00 00
      +16: 0c 00 d0 c1 4b 00 00 5c 00 00 00 00
  ★ UVM_UNREGISTER_CHANNEL rmStatus = 0x00000000 (NV_OK)
UVM ioctl fd=12 cmd=0x0000001c nr=28 (UVM_UNREGISTER_CHANNEL) arg=0x7ffd011732c0
    IN 
      +00: 00 00 00 00 00 00 00 00 00 00 00 00 00 00 00 00
      +16: 0c 00 d0 c1 4e 00 00 5c 00 00 00 00
  -> rc=0 errno=0
    OUT
      +00: 00 00 00 00 00 00 00 00 00 00 00 00 00 00 00 00
      +16: 0c 00 d0 c1 4e 00 00 5c 00 00 00 00
  ★ UVM_UNREGISTER_CHANNEL rmStatus = 0x00000000 (NV_OK)
UVM ioctl fd=12 cmd=0x0000001c nr=28 (UVM_UNREGISTER_CHANNEL) arg=0x7ffd011732c0
    IN 
      +00: 00 00 00 00 00 00 00 00 00 00 00 00 00 00 00 00
      +16: 0c 00 d0 c1 51 00 00 5c 00 00 00 00
  -> rc=0 errno=0
    OUT
      +00: 00 00 00 00 00 00 00 00 00 00 00 00 00 00 00 00
      +16: 0c 00 d0 c1 51 00 00 5c 00 00 00 00
  ★ UVM_UNREGISTER_CHANNEL rmStatus = 0x00000000 (NV_OK)
UVM ioctl fd=12 cmd=0x0000001c nr=28 (UVM_UNREGISTER_CHANNEL) arg=0x7ffd011732c0
    IN 
      +00: 00 00 00 00 00 00 00 00 00 00 00 00 00 00 00 00
      +16: 0c 00 d0 c1 54 00 00 5c 00 00 00 00
  -> rc=0 errno=0
    OUT
      +00: 00 00 00 00 00 00 00 00 00 00 00 00 00 00 00 00
      +16: 0c 00 d0 c1 54 00 00 5c 00 00 00 00
  ★ UVM_UNREGISTER_CHANNEL rmStatus = 0x00000000 (NV_OK)
UVM ioctl fd=12 cmd=0x00000022 nr=34 (UVM_FREE) arg=0x7ffd01172de0
    IN 
      +00: 00 00 40 00 02 00 00 00 00 00 00 03 00 00 00 00
      +16: 00 00 00 00 00 00 00 00
  -> rc=0 errno=0
    OUT
      +00: 00 00 40 00 02 00 00 00 00 00 00 03 00 00 00 00
      +16: 00 00 00 00 00 00 00 00
  ★ UVM_FREE rmStatus = 0x00000000 (NV_OK)
UVM ioctl fd=12 cmd=0x00000022 nr=34 (UVM_FREE) arg=0x7ffd01172de0
    IN 
      +00: 00 00 20 00 02 00 00 00 00 00 20 00 00 00 00 00
      +16: 00 00 00 00 00 00 00 00
  -> rc=0 errno=0
    OUT
      +00: 00 00 20 00 02 00 00 00 00 00 20 00 00 00 00 00
      +16: 00 00 00 00 00 00 00 00
  ★ UVM_FREE rmStatus = 0x00000000 (NV_OK)
UVM ioctl fd=12 cmd=0x00000022 nr=34 (UVM_FREE) arg=0x7ffd01172f70
    IN 
      +00: 00 00 00 00 02 00 00 00 00 00 20 00 00 00 00 00
      +16: 00 00 00 00 00 00 00 00
  -> rc=0 errno=0
    OUT
      +00: 00 00 00 00 02 00 00 00 00 00 20 00 00 00 00 00
      +16: 00 00 00 00 00 00 00 00
  ★ UVM_FREE rmStatus = 0x00000000 (NV_OK)
UVM ioctl fd=12 cmd=0x00000022 nr=34 (UVM_FREE) arg=0x7ffd01172f30
    IN 
      +00: 00 00 a0 04 02 00 00 00 00 00 20 00 00 00 00 00
      +16: 00 00 00 00 00 00 00 00
  -> rc=0 errno=0
    OUT
      +00: 00 00 a0 04 02 00 00 00 00 00 20 00 00 00 00 00
      +16: 00 00 00 00 00 00 00 00
  ★ UVM_FREE rmStatus = 0x00000000 (NV_OK)
UVM ioctl fd=12 cmd=0x00000022 nr=34 (UVM_FREE) arg=0x7ffd01172f30
    IN 
      +00: 00 00 c0 04 02 00 00 00 00 00 20 00 00 00 00 00
      +16: 00 00 00 00 00 00 00 00
  -> rc=0 errno=0
    OUT
      +00: 00 00 c0 04 02 00 00 00 00 00 20 00 00 00 00 00
      +16: 00 00 00 00 00 00 00 00
  ★ UVM_FREE rmStatus = 0x00000000 (NV_OK)
UVM ioctl fd=12 cmd=0x00000022 nr=34 (UVM_FREE) arg=0x7ffd01172f30
    IN 
      +00: 00 00 60 04 02 00 00 00 00 00 20 00 00 00 00 00
      +16: 00 00 00 00 00 00 00 00
  -> rc=0 errno=0
    OUT
      +00: 00 00 60 04 02 00 00 00 00 00 20 00 00 00 00 00
      +16: 00 00 00 00 00 00 00 00
  ★ UVM_FREE rmStatus = 0x00000000 (NV_OK)
UVM ioctl fd=12 cmd=0x00000022 nr=34 (UVM_FREE) arg=0x7ffd01172f30
    IN 
      +00: 00 00 40 04 02 00 00 00 00 00 20 00 00 00 00 00
      +16: 00 00 00 00 00 00 00 00
  -> rc=0 errno=0
    OUT
      +00: 00 00 40 04 02 00 00 00 00 00 20 00 00 00 00 00
      +16: 00 00 00 00 00 00 00 00
  ★ UVM_FREE rmStatus = 0x00000000 (NV_OK)
UVM ioctl fd=12 cmd=0x00000022 nr=34 (UVM_FREE) arg=0x7ffd01172f40
    IN 
      +00: 00 00 a0 32 92 79 00 00 00 00 20 00 00 00 00 00
      +16: 00 00 00 00 00 00 00 00
  -> rc=0 errno=0
    OUT
      +00: 00 00 a0 32 92 79 00 00 00 00 20 00 00 00 00 00
      +16: 00 00 00 00 00 00 00 00
  ★ UVM_FREE rmStatus = 0x00000000 (NV_OK)
UVM ioctl fd=12 cmd=0x00000022 nr=34 (UVM_FREE) arg=0x7ffd01172f40
    IN 
      +00: 00 00 80 32 92 79 00 00 00 00 20 00 00 00 00 00
      +16: 00 00 00 00 00 00 00 00
  -> rc=0 errno=0
    OUT
      +00: 00 00 80 32 92 79 00 00 00 00 20 00 00 00 00 00
      +16: 00 00 00 00 00 00 00 00
  ★ UVM_FREE rmStatus = 0x00000000 (NV_OK)
UVM ioctl fd=12 cmd=0x00000022 nr=34 (UVM_FREE) arg=0x7ffd01173030
    IN 
      +00: 00 00 80 04 02 00 00 00 00 00 20 00 00 00 00 00
      +16: 00 00 00 00 00 00 00 00
  -> rc=0 errno=0
    OUT
      +00: 00 00 80 04 02 00 00 00 00 00 20 00 00 00 00 00
      +16: 00 00 00 00 00 00 00 00
  ★ UVM_FREE rmStatus = 0x00000000 (NV_OK)
UVM ioctl fd=12 cmd=0x00000022 nr=34 (UVM_FREE) arg=0x7ffd01172f40
    IN 
      +00: 00 00 e0 32 92 79 00 00 00 00 20 00 00 00 00 00
      +16: 00 00 00 00 00 00 00 00
  -> rc=0 errno=0
    OUT
      +00: 00 00 e0 32 92 79 00 00 00 00 20 00 00 00 00 00
      +16: 00 00 00 00 00 00 00 00
  ★ UVM_FREE rmStatus = 0x00000000 (NV_OK)
UVM ioctl fd=12 cmd=0x0000001a nr=26 (UVM_UNREGISTER_GPU_VASPACE) arg=0x7ffd011733e0
    IN 
      +00: 78 b3 52 c7 1c cd 7a 86 d2 82 49 48 4c 82 7f 27
      +16: 00 00 00 00
  -> rc=0 errno=0
    OUT
      +00: 78 b3 52 c7 1c cd 7a 86 d2 82 49 48 4c 82 7f 27
      +16: 00 00 00 00
  ★ UVM_UNREGISTER_GPU_VASPACE rmStatus = 0x00000000 (NV_OK)
=== ★★★ THE RM PLANE — every call carrying a NON-ZERO status, in order ===
39:CTRL cmd=0x20810108 hClient=0xc1d0000c hObject=0x5c000004 size=992 status=0x00000056 rc=0 in=0000000000000000000000000000000000000000000000000000000000000000000000000000000000000000000000000000000000000000000000000000000000000000000000000000000000000000000000000000000000000000000000000000000000000000000000000000000000000000000000000000000000000000000000000000000000000000000000000000000000000000
48:CTRL cmd=0x2080012f hClient=0xc1d0000c hObject=0x5c000003 size=1464 status=0x00000056 rc=0 in=000000000000000000000000000000000000000000000000000000000000000000000000000000000000000000000000000000000000000000000000000000000000000000000000000000000000000000000000000000000000000000000000000000000000000000000000000000000000000000000000000000000000000000000000000000000000000000000000000000000000000
90:CTRL cmd=0x2080200a hClient=0xc1d0000c hObject=0x5c000003 size=8 status=0x00000056 rc=0 in=12000000ffffffff out=12000000ffffffff
297:CTRL cmd=0x20801702 hClient=0xc1d0000c hObject=0x5c000003 size=4 status=0x0000003a rc=0 in=ffffffff out=ffffffff
309:CTRL cmd=0x20801702 hClient=0xc1d0000c hObject=0x5c000003 size=4 status=0x0000003a rc=0 in=ffffffff out=ffffffff
313:CTRL cmd=0x20801702 hClient=0xc1d0000c hObject=0x5c000003 size=4 status=0x0000003a rc=0 in=ffffffff out=ffffffff
314:CTRL cmd=0x20801702 hClient=0xc1d0000c hObject=0x5c000003 size=4 status=0x0000003a rc=0 in=ffffffff out=ffffffff
316:CTRL cmd=0x20801702 hClient=0xc1d0000c hObject=0x5c000003 size=4 status=0x0000003a rc=0 in=ffffffff out=ffffffff
317:CTRL cmd=0x20801702 hClient=0xc1d0000c hObject=0x5c000003 size=4 status=0x0000003a rc=0 in=ffffffff out=ffffffff
319:CTRL cmd=0x20801702 hClient=0xc1d0000c hObject=0x5c000003 size=4 status=0x0000003a rc=0 in=ffffffff out=ffffffff
320:CTRL cmd=0x20801702 hClient=0xc1d0000c hObject=0x5c000003 size=4 status=0x0000003a rc=0 in=ffffffff out=ffffffff
327:CTRL cmd=0x20801702 hClient=0xc1d0000c hObject=0x5c000003 size=4 status=0x0000003a rc=0 in=ffffffff out=ffffffff
328:CTRL cmd=0x20801702 hClient=0xc1d0000c hObject=0x5c000003 size=4 status=0x0000003a rc=0 in=ffffffff out=ffffffff
341:CTRL cmd=0x20801702 hClient=0xc1d0000c hObject=0x5c000003 size=4 status=0x0000003a rc=0 in=ffffffff out=ffffffff
342:CTRL cmd=0x83de0309 hClient=0xc1d0000c hObject=0x5c000072 size=4 status=0x00000056 rc=0 in=3a000000 out=3a000000
343:CTRL cmd=0x20801702 hClient=0xc1d0000c hObject=0x5c000003 size=4 status=0x0000003a rc=0 in=ffffffff out=ffffffff
357:CTRL cmd=0xa06c0103 hClient=0xc1d0000c hObject=0x5c000012 size=8 status=0x00000056 rc=0 in=0008000000000000 out=0008000000000000
360:FREE hRoot=0xc1d0000c hParent=0xc1d0000c hObject=0x5c000072 status=0x00000056 rc=0
364:CTRL cmd=0x20801702 hClient=0xc1d0000c hObject=0x5c000003 size=4 status=0x0000003a rc=0 in=ffffffff out=ffffffff
365:CTRL cmd=0xa06c0105 hClient=0xc1d0000c hObject=0x5c000012 size=8 status=0x00000056 rc=0 in=0100000000000000 out=0100000000000000
=== the RM plane: LAST 25 calls before cuInit gave up ===
FREE hRoot=0xc1d0000c hParent=0x5c000002 hObject=0x5c00004d status=0x00000000 rc=0
FREE hRoot=0xc1d0000c hParent=0x5c000051 hObject=0x5c000052 status=0x00000000 rc=0
FREE hRoot=0xc1d0000c hParent=0x5c000002 hObject=0x5c000051 status=0x00000000 rc=0
ESC nr=0x4f len=32 rc=0
FREE hRoot=0xc1d0000c hParent=0x5c000002 hObject=0x5c000050 status=0x00000000 rc=0
FREE hRoot=0xc1d0000c hParent=0x5c000054 hObject=0x5c000055 status=0x00000000 rc=0
FREE hRoot=0xc1d0000c hParent=0x5c000002 hObject=0x5c000054 status=0x00000000 rc=0
ESC nr=0x4f len=32 rc=0
FREE hRoot=0xc1d0000c hParent=0x5c000002 hObject=0x5c000053 status=0x00000000 rc=0
ESC nr=0x4f len=32 rc=0
FREE hRoot=0xc1d0000c hParent=0x5c000002 hObject=0x5c000016 status=0x00000000 rc=0
ESC nr=0x4f len=32 rc=0
FREE hRoot=0xc1d0000c hParent=0x5c000002 hObject=0x5c000014 status=0x00000000 rc=0
FREE hRoot=0xc1d0000c hParent=0x5c000002 hObject=0x5c000049 status=0x00000000 rc=0
FREE hRoot=0xc1d0000c hParent=0x5c000002 hObject=0x5c00000b status=0x00000000 rc=0
FREE hRoot=0xc1d0000c hParent=0x5c000002 hObject=0x5c00005f status=0x00000000 rc=0
FREE hRoot=0xc1d0000c hParent=0x5c000002 hObject=0x5c000061 status=0x00000000 rc=0
ESC nr=0x4f len=32 rc=0
FREE hRoot=0xc1d0000c hParent=0x5c000002 hObject=0x5c000057 status=0x00000000 rc=0
ESC nr=0x4f len=32 rc=0
FREE hRoot=0xc1d0000c hParent=0x5c000002 hObject=0x5c00001c status=0x00000000 rc=0
FREE hRoot=0xc1d0000c hParent=0x5c000002 hObject=0x5c000065 status=0x00000000 rc=0
FREE hRoot=0xc1d0000c hParent=0x5c000002 hObject=0x5c000063 status=0x00000000 rc=0
FREE hRoot=0xc1d0000c hParent=0x5c000002 hObject=0x5c00006a status=0x00000000 rc=0
CTRL cmd=0x20800146 hClient=0xc1d0000c hObject=0x5c000003 size=0 status=0x00000000 rc=0 in=- out=-
=== RM plane line count + the MARK lines ===
469 /tmp/rmtrace.txt
(no MARK lines)
=== ★ THE FULL RM PLANE — verbatim, because this file dies with the guest ===
ESC nr=0xd6 len=8 rc=0
ESC nr=0xc8 len=2304 rc=0
ALLOC hClass=0x00000000 hRoot=0x00000000 hParent=0x00000000 hObject=0xc1d0000b size=0 shape=NVOS64 status=0x00000000 rc=0 params=-
CTRL cmd=0x00000101 hClient=0xc1d0000b hObject=0xc1d0000b size=40 status=0x00000000 rc=0 in=500000000000000000381701fd7f0000b0371701fd7f000060371701fd7f00000000000000000000 out=500000000000000000381701fd7f0000b0371701fd7f000060371701fd7f0000000000006f244202
FREE hRoot=0xc1d0000b hParent=0xc1d0000b hObject=0xc1d0000b status=0x00000000 rc=0
ESC nr=0xd6 len=8 rc=0
ESC nr=0xc8 len=2304 rc=0
ALLOC hClass=0x00000000 hRoot=0x00000000 hParent=0x00000000 hObject=0xc1d0000c size=0 shape=NVOS64 status=0x00000000 rc=0 params=-
CTRL cmd=0x00000d04 hClient=0xc1d0000c hObject=0xc1d0000c size=12 status=0x00000000 rc=0 in=0c00d0c10100000004000000 out=0c00d0c10100000004000000
CTRL cmd=0x00000d04 hClient=0xc1d0000c hObject=0xc1d0000c size=12 status=0x00000000 rc=0 in=0c00d0c10400000004000400 out=0c00d0c10400000004000400
ALLOC hClass=0x0000cb33 hRoot=0xc1d0000c hParent=0xc1d0000c hObject=0x5c000001 size=0 shape=NVOS64 status=0x00000000 rc=0 params=-
CTRL cmd=0x000001f0 hClient=0xc1d0000c hObject=0xc1d0000c size=4 status=0x00000000 rc=0 in=00000000 out=08000000
CTRL cmd=0x00000214 hClient=0xc1d0000c hObject=0xc1d0000c size=384 status=0x00000000 rc=0 in=00000000000000000000000000000000000000000000000000000000000000000000000000000000000000000000000000000000000000000000000000000000000000000000000000000000000000000000000000000000000000000000000000000000000000000000000000000000000000000000000000000000000000000000000000000000000000000000000000000000000000000000000000000000000000000000000000000000000000000000000000000000000000000000000000000000000000000000000000000000000000000000000000000000000000000000000000000000000000000000000000000000000000000000000000000000..TRUNC out=03000000ffffffffffffffffffffffffffffffffffffffffffffffffffffffffffffffffffffffffffffffffffffffffffffffffffffffffffffffffffffffffffffffffffffffffffffffffffffffffffffffffffffffffffffffffffffffffffffffffffffffffffffffffffffffffffffffffffffffffffffffffffffffffffffffffffffffffffffffffffffffffffffffffffffffffffffffffffffffffffffffffffffffffffffffffffffffffffffffffffffffffffffffffffffffffffffffffffffffffffffffffffffffffffffffffffffffffffffffffffffffffffffffffffffffffffffffffffffffffffffffffffffffffffffffffffffffff..TRUNC
CTRL cmd=0x00000a04 hClient=0xc1d0000c hObject=0xc1d0000c size=2244 status=0x00000000 rc=0 in=00000000000000000000000000000000000000000000000000000000000000000000000000000000000000000000000000000000000000000000000000000000000000000000000000000000000000000000000000000000000000000000000000000000000000000000000000000000000000000000000000000000000000000000000000000000000000000000000000000000000000000000000000000000000000000000000000000000000000000000000000000000000000000000000000000000000000000000000000000000000000000000000000000000000000000000000000000000000000000000000000000000000000000000000000000000..TRUNC out=00000000000000000000000000000000000000000000000000000000000000000000000000000000000000000000000000000000000000000000000000000000000000000000000000000000000000000000000000000000000000000000000000000000000000000000000000000000000000000000000000000000000000000000000000000000000000000000000000000000000000000000000000000000000000000000000000000000000000000000000000000000000000000000000000000000000000000000000000000000000000000000000000000000000000000000000000000000000000000000000000000000000000000000000000000000..TRUNC
CTRL cmd=0x00000215 hClient=0xc1d0000c hObject=0xc1d0000c size=132 status=0x00000000 rc=0 in=03000000ffffffff00000000000000000000000000000000000000000000000000000000000000000000000000000000000000000000000000000000000000000000000000000000000000000000000000000000000000000000000000000000000000000000000000000000000000000000000000000000000000000000000000000000 out=03000000ffffffff00000000000000000000000000000000000000000000000000000000000000000000000000000000000000000000000000000000000000000000000000000000000000000000000000000000000000000000000000000000000000000000000000000000000000000000000000000000000000000000000000000000
CTRL cmd=0xcb330101 hClient=0xc1d0000c hObject=0x5c000001 size=6 status=0x00000000 rc=0 in=000000000000 out=000000000000
CTRL cmd=0x00000288 hClient=0xc1d0000c hObject=0xc1d0000c size=3076 status=0x00000000 rc=0 in=00000000000000000000000000000000000000000000000000000000000000000000000000000000000000000000000000000000000000000000000000000000000000000000000000000000000000000000000000000000000000000000000000000000000000000000000000000000000000000000000000000000000000000000000000000000000000000000000000000000000000000000000000000000000000000000000000000000000000000000000000000000000000000000000000000000000000000000000000000000000000000000000000000000000000000000000000000000000000000000000000000000000000000000000000000000..TRUNC out=0100000003000000ffffffffffffffff000000000000000000000000000000000000000000000000000000000000000000000000000000000000000000000000000000000000000000000000000000000000000000000000000000000000000000000000000000000000000000000000000000000000000000000000000000000000000000000000000000000000000000000000000000000000000000000000000000000000000000000000000000000000000000000000000000000000000000000000000000000000000000000000000000000000000000000000000000000000000000000000000000000000000000000000000000000000000000000000..TRUNC
CTRL cmd=0x00000205 hClient=0xc1d0000c hObject=0xc1d0000c size=32 status=0x00000000 rc=0 in=0300000000000000000000000000000000000000000000000000000000000000 out=03000000000000000000000000000000410000000300000000000000ffffffff
FREE hRoot=0xc1d0000c hParent=0xc1d0000c hObject=0x5c000002 status=0x00000000 rc=0
CTRL cmd=0x00000201 hClient=0xc1d0000c hObject=0xc1d0000c size=128 status=0x00000000 rc=0 in=0000000000000000000000000000000000000000000000000000000000000000000000000000000000000000000000000000000000000000000000000000000000000000000000000000000000000000000000000000000000000000000000000000000000000000000000000000000000000000000000000000000000000000 out=03000000ffffffffffffffffffffffffffffffffffffffffffffffffffffffffffffffffffffffffffffffffffffffffffffffffffffffffffffffffffffffffffffffffffffffffffffffffffffffffffffffffffffffffffffffffffffffffffffffffffffffffffffffffffffffffffffffffffffffffffffffffffffffff
CTRL cmd=0x00000202 hClient=0xc1d0000c hObject=0xc1d0000c size=40 status=0x00000000 rc=0 in=03000000000000000000000000000000000000000000000000000000000000000000000000000000 out=030000000000000000000000000000000000000000000000410000000300000000000000ffffffff
ESC nr=0xc9 len=4 rc=0
ESC nr=0xd7 len=560 rc=0
CTRL cmd=0x00000205 hClient=0xc1d0000c hObject=0xc1d0000c size=32 status=0x00000000 rc=0 in=0300000000000000000000000000000000000000000000000000000000000000 out=03000000000000000000000000000000410000000300000000000000ffffffff
ALLOC hClass=0x00000080 hRoot=0xc1d0000c hParent=0xc1d0000c hObject=0x5c000002 size=0 shape=NVOS64 status=0x00000000 rc=0 params=-
CTRL cmd=0x00801402 hClient=0xc1d0000c hObject=0x5c000002 size=3 status=0x00000000 rc=0 in=000000 out=000000
CTRL cmd=0x00800292 hClient=0xc1d0000c hObject=0x5c000002 size=804 status=0x00000000 rc=0 in=00000000000000000000000000000000000000000000000000000000000000000000000000000000000000000000000000000000000000000000000000000000000000000000000000000000000000000000000000000000000000000000000000000000000000000000000000000000000000000000000000000000000000000000000000000000000000000000000000000000000000000000000000000000000000000000000000000000000000000000000000000000000000000000000000000000000000000000000000000000000000000000000000000000000000000000000000000000000000000000000000000000000000000000000000000000..TRUNC out=5e0000000001000001010000020000008000000005000000780000007e00000079000000810000003e000000710000000000000041000000010000008020000039c6000038c6000040c6000037c600000f0000006f900000cc900000de83000090000000ccb10000ccb2000063c700000e9000002000000092000000ce900000f300000076000000b10000008200000083000000c20000003f0000000400000081200000822000008f200000f1300000db0000002c40000010900000bca00000bda0000050000000cd900000f1000000e0000000f8000000fb000000f9000000fe000000da00000074c5000065c3000097c700006fc50000c0c70000b5c70000..TRUNC
CTRL cmd=0x00800280 hClient=0xc1d0000c hObject=0x5c000002 size=4 status=0x00000000 rc=0 in=00000000 out=01000000
CTRL cmd=0x00000202 hClient=0xc1d0000c hObject=0xc1d0000c size=40 status=0x00000000 rc=0 in=03000000000000000000000000000000000000000000000000000000000000000000000000000000 out=030000000100000000000000000000000000000000000000410000000300000000000000ffffffff
CTRL cmd=0x00000201 hClient=0xc1d0000c hObject=0xc1d0000c size=128 status=0x00000000 rc=0 in=0000000000000000000000000000000000000000000000000000000000000000000000000000000000000000000000000000000000000000000000000000000000000000000000000000000000000000000000000000000000000000000000000000000000000000000000000000000000000000000000000000000000000000 out=03000000ffffffffffffffffffffffffffffffffffffffffffffffffffffffffffffffffffffffffffffffffffffffffffffffffffffffffffffffffffffffffffffffffffffffffffffffffffffffffffffffffffffffffffffffffffffffffffffffffffffffffffffffffffffffffffffffffffffffffffffffffffffffff
CTRL cmd=0x00000202 hClient=0xc1d0000c hObject=0xc1d0000c size=40 status=0x00000000 rc=0 in=03000000000000000000000000000000000000000000000000000000000000000000000000000000 out=030000000100000000000000000000000000000000000000410000000300000000000000ffffffff
ESC nr=0xc9 len=4 rc=0
ALLOC hClass=0x00002080 hRoot=0xc1d0000c hParent=0x5c000002 hObject=0x5c000003 size=0 shape=NVOS64 status=0x00000000 rc=0 params=-
ALLOC hClass=0x00002081 hRoot=0xc1d0000c hParent=0x5c000003 hObject=0x5c000004 size=0 shape=NVOS64 status=0x00000000 rc=0 params=-
CTRL cmd=0x20801303 hClient=0xc1d0000c hObject=0x5c000003 size=1028 status=0x00000000 rc=0 in=01000000080000000000000000000000000000000000000000000000000000000000000000000000000000000000000000000000000000000000000000000000000000000000000000000000000000000000000000000000000000000000000000000000000000000000000000000000000000000000000000000000000000000000000000000000000000000000000000000000000000000000000000000000000000000000000000000000000000000000000000000000000000000000000000000000000000000000000000000000000000000000000000000000000000000000000000000000000000000000000000000000000000000000000000000000..TRUNC out=01000000080000000000c00000000000000000000000000000000000000000000000000000000000000000000000000000000000000000000000000000000000000000000000000000000000000000000000000000000000000000000000000000000000000000000000000000000000000000000000000000000000000000000000000000000000000000000000000000000000000000000000000000000000000000000000000000000000000000000000000000000000000000000000000000000000000000000000000000000000000000000000000000000000000000000000000000000000000000000000000000000000000000000000000000000000..TRUNC
CTRL cmd=0x20801303 hClient=0xc1d0000c hObject=0x5c000003 size=1028 status=0x00000000 rc=0 in=010000003b0000000000000000000000000000000000000000000000000000000000000000000000000000000000000000000000000000000000000000000000000000000000000000000000000000000000000000000000000000000000000000000000000000000000000000000000000000000000000000000000000000000000000000000000000000000000000000000000000000000000000000000000000000000000000000000000000000000000000000000000000000000000000000000000000000000000000000000000000000000000000000000000000000000000000000000000000000000000000000000000000000000000000000000000..TRUNC out=010000003b000000ffffffff00000000000000000000000000000000000000000000000000000000000000000000000000000000000000000000000000000000000000000000000000000000000000000000000000000000000000000000000000000000000000000000000000000000000000000000000000000000000000000000000000000000000000000000000000000000000000000000000000000000000000000000000000000000000000000000000000000000000000000000000000000000000000000000000000000000000000000000000000000000000000000000000000000000000000000000000000000000000000000000000000000000..TRUNC
CTRL cmd=0x2080014a hClient=0xc1d0000c hObject=0x5c000003 size=268 status=0x00000000 rc=0 in=00000000020000000000000000000000000000000000000000000000000000000000000000000000000000000000000000000000000000000000000000000000000000000000000000000000000000000000000000000000000000000000000000000000000000000000000000000000000000000000000000000000000000000000000000000000000000000000000000000000000000000000000000000000000000000000000000000000000000000000000000000000000000000000000000000000000000000000000000000000000000000000000000000000000000000000000000000000000000000000000000000000000000000000000000000000..TRUNC out=00000000020000001000000078b352c71ccd7a86d28249484c827f27000000000000000000000000000000000000000000000000000000000000000000000000000000000000000000000000000000000000000000000000000000000000000000000000000000000000000000000000000000000000000000000000000000000000000000000000000000000000000000000000000000000000000000000000000000000000000000000000000000000000000000000000000000000000000000000000000000000000000000000000000000000000000000000000000000000000000000000000000000000000000000000000000000000000000000000000..TRUNC
CTRL cmd=0x00800289 hClient=0xc1d0000c hObject=0x5c000002 size=8 status=0x00000000 rc=0 in=0000000000000000 out=0100000000000000
CTRL cmd=0x20810108 hClient=0xc1d0000c hObject=0x5c000004 size=992 status=0x00000056 rc=0 in=00000000000000000000000000000000000000000000000000000000000000000000000000000000000000000000000000000000000000000000000000000000000000000000000000000000000000000000000000000000000000000000000000000000000000000000000000000000000000000000000000000000000000000000000000000000000000000000000000000000000000000000000000000000000000000000000000000000000000000000000000000000000000000000000000000000000000000000000000000000000000000000000000000000000000000000000000000000000000000000000000000000000000000000000000000000..TRUNC out=00000000000000000000000000000000000000000000000000000000000000000000000000000000000000000000000000000000000000000000000000000000000000000000000000000000000000000000000000000000000000000000000000000000000000000000000000000000000000000000000000000000000000000000000000000000000000000000000000000000000000000000000000000000000000000000000000000000000000000000000000000000000000000000000000000000000000000000000000000000000000000000000000000000000000000000000000000000000000000000000000000000000000000000000000000000..TRUNC
CTRL cmd=0x20801303 hClient=0xc1d0000c hObject=0x5c000003 size=1028 status=0x00000000 rc=0 in=03000000160000000000000009000000000000001000000000000000000000000000000000000000000000000000000000000000000000000000000000000000000000000000000000000000000000000000000000000000000000000000000000000000000000000000000000000000000000000000000000000000000000000000000000000000000000000000000000000000000000000000000000000000000000000000000000000000000000000000000000000000000000000000000000000000000000000000000000000000000000000000000000000000000000000000000000000000000000000000000000000000000000000000000000000000..TRUNC out=030000001600000000ddba000900000000ddba001000000000000000000000000000000000000000000000000000000000000000000000000000000000000000000000000000000000000000000000000000000000000000000000000000000000000000000000000000000000000000000000000000000000000000000000000000000000000000000000000000000000000000000000000000000000000000000000000000000000000000000000000000000000000000000000000000000000000000000000000000000000000000000000000000000000000000000000000000000000000000000000000000000000000000000000000000000000000000..TRUNC
CTRL cmd=0x20800102 hClient=0xc1d0000c hObject=0x5c000003 size=564 status=0x00000000 rc=0 in=0b0000001100000000000000220000000000000027000000000000002a0000000000000037000000000000003b000000000000003c000000000000003d000000000000002d000000000000003a0000000000000044000000000000000000000000000000000000000000000000000000000000000000000000000000000000000000000000000000000000000000000000000000000000000000000000000000000000000000000000000000000000000000000000000000000000000000000000000000000000000000000000000000000000000000000000000000000000000000000000000000000000000000000000000000000000000000000000000000..TRUNC out=0b0000001100000000000000220000000000000027000000000000002a0000000000000037000000010000003b000000000000003c000000000000003d000000010000002d000000000000003a0000000000000044000000000000000000000000000000000000000000000000000000000000000000000000000000000000000000000000000000000000000000000000000000000000000000000000000000000000000000000000000000000000000000000000000000000000000000000000000000000000000000000000000000000000000000000000000000000000000000000000000000000000000000000000000000000000000000000000000000..TRUNC
CTRL cmd=0x20801701 hClient=0xc1d0000c hObject=0x5c000003 size=16 status=0x00000000 rc=0 in=00000000000000000000000000000000 out=7001000006000000a100000000000000
CTRL cmd=0x20801823 hClient=0xc1d0000c hObject=0x5c000003 size=420 status=0x00000000 rc=0 in=03000000000000000000000002000000000000000b00000000000000000000000000000000000000000000000000000000000000000000000000000000000000000000000000000000000000000000000000000000000000000000000000000000000000000000000000000000000000000000000000000000000000000000000000000000000000000000000000000000000000000000000000000000000000000000000000000000000000000000000000000000000000000000000000000000000000000000000000000000000000000000000000000000000000000000000000000000000000000000000000000000000000000000000000000000000000..TRUNC out=03000000000000000300000002000000000000000b00000005000000000000000000000000000000000000000000000000000000000000000000000000000000000000000000000000000000000000000000000000000000000000000000000000000000000000000000000000000000000000000000000000000000000000000000000000000000000000000000000000000000000000000000000000000000000000000000000000000000000000000000000000000000000000000000000000000000000000000000000000000000000000000000000000000000000000000000000000000000000000000000000000000000000000000000000000000000..TRUNC
CTRL cmd=0x20801801 hClient=0xc1d0000c hObject=0x5c000003 size=16 status=0x00000000 rc=0 in=00000000000000000000000000000000 out=de10042562147d39a100000004250000
CTRL cmd=0x20801823 hClient=0xc1d0000c hObject=0x5c000003 size=420 status=0x00000000 rc=0 in=060000000f0000000300000010000000000000002c000000050000002d0000000000000003000000000000000600000000000000000000000000000000000000000000000000000000000000000000000000000000000000000000000000000000000000000000000000000000000000000000000000000000000000000000000000000000000000000000000000000000000000000000000000000000000000000000000000000000000000000000000000000000000000000000000000000000000000000000000000000000000000000000000000000000000000000000000000000000000000000000000000000000000000000000000000000000000000..TRUNC out=060000000f0000000000000010000000030000002c000000000000002d0000000030330003000000040100000600000000000000000000000000000000000000000000000000000000000000000000000000000000000000000000000000000000000000000000000000000000000000000000000000000000000000000000000000000000000000000000000000000000000000000000000000000000000000000000000000000000000000000000000000000000000000000000000000000000000000000000000000000000000000000000000000000000000000000000000000000000000000000000000000000000000000000000000000000000000000..TRUNC
CTRL cmd=0x20801803 hClient=0xc1d0000c hObject=0x5c000003 size=200 status=0x00000000 rc=0 in=0000000000000000000000000000000000000000000000000000000000000000000000000000000000000000000000000000000000000000000000000000000000000000000000000000000000000000000000000000000000000000000000000000000000000000000000000000000000000000000000000000000000000000000000000000000000000000000000000000000000000000000000000000000000000000000000000000000000000000000000000000000000000000000000000000000000000000 out=0400000000000000000000001000000000000001000000000000000000000000000000000001000000000010000000000000000000000000000000002000000000000002000000000000000000000000000000000000000000000000000000000000000000000000000000000000000000000000000000000000000000000000000000000000000000000000000000000000000000000000000000000000000000000000000000000000000000000000000000000000000000000000000000000000000000000000
CTRL cmd=0x2080182a hClient=0xc1d0000c hObject=0x5c000003 size=112 status=0x00000000 rc=0 in=00000000000000000000000000000000000000000000000000000000000000000000000000000000000000000000000000000000000000000000000000000000000000000000000000000000000000000000000000000000000000000000000000000000000000000000000000000000 out=00000000000000000000000000000000000000000000000000000000000000000000000000000000000000000000000000000000000000000000000000000000000000000000000000000000000000000000000000000000000000000000000000000000000000000000000000000000
CTRL cmd=0x2080012f hClient=0xc1d0000c hObject=0x5c000003 size=1464 status=0x00000056 rc=0 in=00000000000000000000000000000000000000000000000000000000000000000000000000000000000000000000000000000000000000000000000000000000000000000000000000000000000000000000000000000000000000000000000000000000000000000000000000000000000000000000000000000000000000000000000000000000000000000000000000000000000000000000000000000000000000000000000000000000000000000000000000000000000000000000000000000000000000000000000000000000000000000000000000000000000000000000000000000000000000000000000000000000000000000000000000000000..TRUNC out=00000000000000000000000000000000000000000000000000000000000000000000000000000000000000000000000000000000000000000000000000000000000000000000000000000000000000000000000000000000000000000000000000000000000000000000000000000000000000000000000000000000000000000000000000000000000000000000000000000000000000000000000000000000000000000000000000000000000000000000000000000000000000000000000000000000000000000000000000000000000000000000000000000000000000000000000000000000000000000000000000000000000000000000000000000000..TRUNC
CTRL cmd=0x20801303 hClient=0xc1d0000c hObject=0x5c000003 size=1028 status=0x00000000 rc=0 in=070000000b0000000000000019000000000000001b0000000000000018000000000000000d000000000000001700000000000000080000000000000000000000000000000000000000000000000000000000000000000000000000000000000000000000000000000000000000000000000000000000000000000000000000000000000000000000000000000000000000000000000000000000000000000000000000000000000000000000000000000000000000000000000000000000000000000000000000000000000000000000000000000000000000000000000000000000000000000000000000000000000000000000000000000000000000000000..TRUNC out=070000000b000000c000000019000000030000001b0000000000240018000000000000000d000000110000001700000000000000080000000000c00000000000000000000000000000000000000000000000000000000000000000000000000000000000000000000000000000000000000000000000000000000000000000000000000000000000000000000000000000000000000000000000000000000000000000000000000000000000000000000000000000000000000000000000000000000000000000000000000000000000000000000000000000000000000000000000000000000000000000000000000000000000000000000000000000000000..TRUNC
CTRL cmd=0x20800170 hClient=0xc1d0000c hObject=0x5c000003 size=340 status=0x00000000 rc=0 in=54000000000000000000000000000000000000000000000000000000000000000000000000000000000000000000000000000000000000000000000000000000000000000000000000000000000000000000000000000000000000000000000000000000000000000000000000000000000000000000000000000000000000000000000000000000000000000000000000000000000000000000000000000000000000000000000000000000000000000000000000000000000000000000000000000000000000000000000000000000000000000000000000000000000000000000000000000000000000000000000000000000000000000000000000000000..TRUNC out=0600000001000000090000000a0000000b0000000c00000022000000000000000000000000000000000000000000000000000000000000000000000000000000000000000000000000000000000000000000000000000000000000000000000000000000000000000000000000000000000000000000000000000000000000000000000000000000000000000000000000000000000000000000000000000000000000000000000000000000000000000000000000000000000000000000000000000000000000000000000000000000000000000000000000000000000000000000000000000000000000000000000000000000000000000000000000000000..TRUNC
CTRL cmd=0x20800119 hClient=0xc1d0000c hObject=0x5c000003 size=4 status=0x00000000 rc=0 in=00000000 out=00000000
CTRL cmd=0x0000027b hClient=0xc1d0000c hObject=0xc1d0000c size=4 status=0x00000000 rc=0 in=00000000 out=00000000
ESC nr=0xc9 len=4 rc=0
ESC nr=0xce len=16 rc=0
CTRL cmd=0x20801201 hClient=0xc1d0000c hObject=0x5c000003 size=32 status=0x00000000 rc=0 in=3a00000000000000501b1701fd7f000000000000000000000000000000000000 out=3a00000000000000501b1701fd7f000000000000000000000000000000000000
CTRL cmd=0x2080122a hClient=0xc1d0000c hObject=0x5c000003 size=24 status=0x00000000 rc=0 in=000000000000000000000000000000000000000000000000 out=000000000000000000000000000000000700000000000000
CTRL cmd=0x2080122b hClient=0xc1d0000c hObject=0x5c000003 size=24 status=0x00000000 rc=0 in=000000000000000000000000000000000000000000000000 out=00000000000000000000000000000000000000001e000000
CTRL cmd=0x2080122b hClient=0xc1d0000c hObject=0x5c000003 size=24 status=0x00000000 rc=0 in=000000000000000000000000000000000100000000000000 out=00000000000000000000000000000000010000001f000000
CTRL cmd=0x2080122b hClient=0xc1d0000c hObject=0x5c000003 size=24 status=0x00000000 rc=0 in=000000000000000000000000000000000200000000000000 out=00000000000000000000000000000000020000001f000000
CTRL cmd=0x20801227 hClient=0xc1d0000c hObject=0x5c000003 size=48 status=0x00000000 rc=0 in=000000000000000000000000000000000000000000000000000000000000000000000000000000000000000000000000 out=b06200000000000100000010010800101000000004c00500000000000000000000000000000000000100000000000000
CTRL cmd=0x20802a0a hClient=0xc1d0000c hObject=0x5c000003 size=136 status=0x00000000 rc=0 in=00000000000000000000000000000000000000000000000000000000000000000000000000000000000000000000000000000000000000000000000000000000000000000000000000000000000000000000000000000000000000000000000000000000000000000000000000000000000000000000000000000000000000000000000000000000 out=e303e303e203e2030000000000000000000000000000000000000000000000000000000000000000000000000000000000000000000000000000000000000000000000000000000000000000000000000000000000000000000000000000000000000000000000000000000000000000000000000000000000000000000000000f00000000000000
CTRL cmd=0x2080121b hClient=0xc1d0000c hObject=0x5c000003 size=9240 status=0x00000000 rc=0 in=00000000000000000000000000000000000000000000000000000000000000000000000000000000000000000000000000000000000000000000000000000000000000000000000000000000000000000000000000000000000000000000000000000000000000000000000000000000000000000000000000000000000000000000000000000000000000000000000000000000000000000000000000000000000000000000000000000000000000000000000000000000000000000000000000000000000000000000000000000000000000000000000000000000000000000000000000000000000000000000000000000000000000000000000000000000..TRUNC out=01000000000000000000000000000000000001000000010000000000000000000000000002000000000001000000000000000000000002000000010001000000000000000000000000000100000002000000000000000000010000000100010002000000000000000000010001000200000003000000000000000000010001000200010003000000000000000000010002000200000004000000000000000000010002000200010004000000000000000000010000000000000005000000000000000000000000000000010005000000000000000000000001000400000006000000000000000000020001000400010006000000000000000000020002000400..TRUNC
CTRL cmd=0x20803801 hClient=0xc1d0000c hObject=0x5c000003 size=1928 status=0x00000000 rc=0 in=03000000000000000200000000000000000000000000000000000000020000000000000001000000000000000000000002000000000000000200000000000000000000000000000000000000000000000000000000000000000000000000000000000000000000000000000000000000000000000000000000000000000000000000000000000000000000000000000000000000000000000000000000000000000000000000000000000000000000000000000000000000000000000000000000000000000000000000000000000000000000000000000000000000000000000000000000000000000000000000000000000000000000000000000000000000..TRUNC out=03000000000000000200000000000000000000000000000000000000020000000000000001000000010000000000000002000000000000000200000002000000000000000000000000000000000000000000000000000000000000000000000000000000000000000000000000000000000000000000000000000000000000000000000000000000000000000000000000000000000000000000000000000000000000000000000000000000000000000000000000000000000000000000000000000000000000000000000000000000000000000000000000000000000000000000000000000000000000000000000000000000000000000000000000000000..TRUNC
CTRL cmd=0x00801307 hClient=0xc1d0000c hObject=0x5c000002 size=3 status=0x00000000 rc=0 in=000000 out=0b8112
CTRL cmd=0x20801303 hClient=0xc1d0000c hObject=0x5c000003 size=1028 status=0x00000000 rc=0 in=030000001a0000000000000022000000000000002300000000000000000000000000000000000000000000000000000000000000000000000000000000000000000000000000000000000000000000000000000000000000000000000000000000000000000000000000000000000000000000000000000000000000000000000000000000000000000000000000000000000000000000000000000000000000000000000000000000000000000000000000000000000000000000000000000000000000000000000000000000000000000000000000000000000000000000000000000000000000000000000000000000000000000000000000000000000000..TRUNC out=030000001a0000000700000022000000060000002300000012000000000000000000000000000000000000000000000000000000000000000000000000000000000000000000000000000000000000000000000000000000000000000000000000000000000000000000000000000000000000000000000000000000000000000000000000000000000000000000000000000000000000000000000000000000000000000000000000000000000000000000000000000000000000000000000000000000000000000000000000000000000000000000000000000000000000000000000000000000000000000000000000000000000000000000000000000000..TRUNC
ALLOC hClass=0x0000c461 hRoot=0xc1d0000c hParent=0x5c000003 hObject=0x5c000005 size=0 shape=NVOS64 status=0x00000000 rc=0 params=-
CTRL cmd=0x00000d01 hClient=0xc1d0000c hObject=0xc1d0000c size=12 status=0x00000000 rc=0 in=0500005c0200080000000000 out=0500005c0200080003000000
ESC nr=0x4e len=56 rc=0
ALLOC hClass=0x000000de hRoot=0xc1d0000c hParent=0x5c000003 hObject=0x5c000006 size=0 shape=NVOS64 status=0x00000000 rc=0 params=-
CTRL cmd=0x00000d01 hClient=0xc1d0000c hObject=0xc1d0000c size=12 status=0x00000000 rc=0 in=0600005c0100080000000000 out=0600005c0100080001000000
ESC nr=0x4e len=56 rc=0
CTRL cmd=0x20803601 hClient=0xc1d0000c hObject=0x5c000003 size=72 status=0x00000000 rc=0 in=000000000000000000000000000000000000000000000000000000000000000000000000000000000000000000000000000000000000000000000000000000000000000000000000 out=0100000001013538302e3135392e30340000000000000000000000000000000000000000000000000000000000000000000000000000000000000000000000000000000000000000
ALLOC hClass=0x000090f1 hRoot=0xc1d0000c hParent=0x5c000002 hObject=0x5c000007 size=0 shape=NVOS64 status=0x00000000 rc=0 params=-
ALLOC hClass=0x000090f1 hRoot=0xc1d0000c hParent=0x5c000002 hObject=0x5c000008 size=0 shape=NVOS64 status=0x00000000 rc=0 params=-
CTRL cmd=0x20800111 hClient=0xc1d0000c hObject=0x5c000003 size=64 status=0x00000000 rc=0 in=00000000000000000000000000000000000000000000000000000000000000000000000000000000000000000000000000000000000000000000000000000000 out=00000000000000000000000000000000000000000000000000000000000000000000000000000000000000000000000000000000000000000000000000000000
CTRL cmd=0x20800110 hClient=0xc1d0000c hObject=0x5c000003 size=132 status=0x00000000 rc=0 in=000000000000000000000000000000000000000000000000000000000000000000000000000000000000000000000000000000000000000000000000000000000000000000000000000000000000000000000000000000000000000000000000000000000000000000000000000000000000000000000000000000000000000000000000 out=000000000000000000000000000000000000000000000000000000000000000000000000000000000000000000000000000000000000000000000000000000000000000000000000000000000000000000000000000000000000000000000000000000000000000000000000000000000000000000000000000000000000000000000000
CTRL cmd=0x2080014a hClient=0xc1d0000c hObject=0x5c000003 size=268 status=0x00000000 rc=0 in=00000000020000000000000000000000000000000000000000000000000000000000000000000000000000000000000000000000000000000000000000000000000000000000000000000000000000000000000000000000000000000000000000000000000000000000000000000000000000000000000000000000000000000000000000000000000000000000000000000000000000000000000000000000000000000000000000000000000000000000000000000000000000000000000000000000000000000000000000000000000000000000000000000000000000000000000000000000000000000000000000000000000000000000000000000000..TRUNC out=00000000020000001000000078b352c71ccd7a86d28249484c827f27000000000000000000000000000000000000000000000000000000000000000000000000000000000000000000000000000000000000000000000000000000000000000000000000000000000000000000000000000000000000000000000000000000000000000000000000000000000000000000000000000000000000000000000000000000000000000000000000000000000000000000000000000000000000000000000000000000000000000000000000000000000000000000000000000000000000000000000000000000000000000000000000000000000000000000000000..TRUNC
CTRL cmd=0x20800131 hClient=0xc1d0000c hObject=0x5c000003 size=4 status=0x00000000 rc=0 in=00000000 out=00000000
CTRL cmd=0x20808159 hClient=0xc1d0000c hObject=0x5c000003 size=332 status=0x00000000 rc=0 in=020000000c0000000000000025000000000000000000000000000000000000000000000000000000000000000000000000000000000000000000000000000000000000000000000000000000000000000000000000000000000000000000000000000000000000000000000000000000000000000000000000000000000000000000000000000000000000000000000000000000000000000000000000000000000000000000000000000000000000000000000000000000000000000000000000000000000000000000000000000000000000000000000000000000000000000000000000000000000000000000000000000000000000000000000000000000..TRUNC out=020000000c0000000000000025000000000000000000000000000000000000000000000000000000000000000000000000000000000000000000000000000000000000000000000000000000000000000000000000000000000000000000000000000000000000000000000000000000000000000000000000000000000000000000000000000000000000000000000000000000000000000000000000000000000000000000000000000000000000000000000000000000000000000000000000000000000000000000000000000000000000000000000000000000000000000000000000000000000000000000000000000000000000000000000000000000..TRUNC
CTRL cmd=0x00000136 hClient=0xc1d0000c hObject=0xc1d0000c size=4 status=0x00000000 rc=0 in=01000000 out=01000000
CTRL cmd=0x2080220c hClient=0xc1d0000c hObject=0x5c000003 size=0 status=0x00000000 rc=0 in=- out=-
CTRL cmd=0x20802210 hClient=0xc1d0000c hObject=0x5c000003 size=0 status=0x00000000 rc=0 in=- out=-
CTRL cmd=0x0000013a hClient=0xc1d0000c hObject=0xc1d0000c size=1352 status=0x00000000 rc=0 in=01000000000000000300000000000000000000000000000000000000000000000000000000000000000000000000000000000000000000000000000000000000000000000000000000000000000000000000000000000000000000000000000000000000000000000000000000000000000000000000000000000000000000000000000000000000000000000000000000000000000000000000000000000000000000000000000000000000000000000000000000000000000000000000000000000000000000000000000000000000000000000000000000000000000000000000000000000000000000000000000000000000000000000000000000000000..TRUNC out=01000000000000000300000000000000000000000000000000000000000000000000000000000000000000000000000000000000000000000000000000000000000000000000000000000000000000000000000000000000000000000000000000000000000000000000000000000000000000000000000000000000000000000000000000000000000000000000000000000000000000000000000000000000000000000000000000000000000000000000000000000000000000000000000000000000000000000000000000000000000000000000000000000000000000000000000000000000000000000000000000000000000000000000000000000000..TRUNC
CTRL cmd=0x20808162 hClient=0xc1d0000c hObject=0x5c000003 size=1 status=0x00000000 rc=0 in=00 out=01
CTRL cmd=0x2080182b hClient=0xc1d0000c hObject=0x5c000003 size=28 status=0x00000000 rc=0 in=00000000000000000000000000000000000000000000000000000000 out=00000000000000000000000000000000000000000000000000000000
CTRL cmd=0x20803002 hClient=0xc1d0000c hObject=0x5c000003 size=13344 status=0x00000000 rc=0 in=00000000000000000000000000000000000000000000000000000000000000000000000000000000000000000000000000000000000000000000000000000000000000000000000000000000000000000000000000000000000000000000000000000000000000000000000000000000000000000000000000000000000000000000000000000000000000000000000000000000000000000000000000000000000000000000000000000000000000000000000000000000000000000000000000000000000000000000000000000000000000000000000000000000000000000000000000000000000000000000000000000000000000000000000000000000..TRUNC out=00000000000000000000000000000000000000000000000000000000000000000000000000000000000000000000000000000000000000000000000000000000000000000000000000000000000000000000000000000000000000000000000000000000000000000000000000000000000000000000000000000000000000000000000000000000000000000000000000000000000000000000000000000000000000000000000000000000000000000000000000000000000000000000000000000000000000000000000000000000000000000000000000000000000000000000000000000000000000000000000000000000000000000000000000000000..TRUNC
ALLOC hClass=0x000050a0 hRoot=0xc1d0000c hParent=0x5c000002 hObject=0x5c00000a size=0 shape=NVOS64 status=0x00000000 rc=0 params=-
CTRL cmd=0x20800110 hClient=0xc1d0000c hObject=0x5c000003 size=132 status=0x00000000 rc=0 in=000000000000000000000000000000000000000000000000000000000000000000000000000000000000000000000000000000000000000000000000000000000000000000000000000000000000000000000000000000000000000000000000000000000000000000000000000000000000000000000000000000000000000000000000 out=000000000000000000000000000000000000000000000000000000000000000000000000000000000000000000000000000000000000000000000000000000000000000000000000000000000000000000000000000000000000000000000000000000000000000000000000000000000000000000000000000000000000000000000000
CTRL cmd=0x20803601 hClient=0xc1d0000c hObject=0x5c000003 size=72 status=0x00000000 rc=0 in=000000000000000000000000000000000000000000000000000000000000000000000000000000000000000000000000000000000000000000000000000000000000000000000000 out=0100000001013538302e3135392e30340000000000000000000000000000000000000000000000000000000000000000000000000000000000000000000000000000000000000000
CTRL cmd=0x2080200a hClient=0xc1d0000c hObject=0x5c000003 size=8 status=0x00000056 rc=0 in=12000000ffffffff out=12000000ffffffff
CTRL cmd=0x20800145 hClient=0xc1d0000c hObject=0x5c000003 size=0 status=0x00000000 rc=0 in=- out=-
ALLOC hClass=0x00000040 hRoot=0xc1d0000c hParent=0x5c000002 hObject=0x5c00000b size=0 shape=NVOS64 status=0x00000000 rc=0 params=-
ALLOC hClass=0x00000040 hRoot=0xc1d0000c hParent=0x5c000002 hObject=0x5c00000e size=0 shape=NVOS64 status=0x00000000 rc=0 params=-
ALLOC hClass=0x00000040 hRoot=0xc1d0000c hParent=0x5c000002 hObject=0x5c00000f size=0 shape=NVOS64 status=0x00000000 rc=0 params=-
ALLOC hClass=0x00000040 hRoot=0xc1d0000c hParent=0x5c000002 hObject=0x5c000010 size=0 shape=NVOS64 status=0x00000000 rc=0 params=-
ALLOC hClass=0x0000a06c hRoot=0xc1d0000c hParent=0x5c000002 hObject=0x5c000012 size=0 shape=NVOS64 status=0x00000000 rc=0 params=-
ALLOC hClass=0x00009067 hRoot=0xc1d0000c hParent=0x5c000012 hObject=0x5c000013 size=0 shape=NVOS64 status=0x00000000 rc=0 params=-
ALLOC hClass=0x00000040 hRoot=0xc1d0000c hParent=0x5c000002 hObject=0x5c000014 size=0 shape=NVOS64 status=0x00000000 rc=0 params=-
CTRL cmd=0x00000d01 hClient=0xc1d0000c hObject=0xc1d0000c size=12 status=0x00000000 rc=0 in=1400005c00000c0000000000 out=1400005c00000c0002000000
ESC nr=0x4e len=56 rc=0
ESC nr=0x5e len=40 rc=0
ALLOC hClass=0x0000003e hRoot=0xc1d0000c hParent=0x5c000002 hObject=0x5c000016 size=0 shape=NVOS64 status=0x00000000 rc=0 params=-
CTRL cmd=0x00000d01 hClient=0xc1d0000c hObject=0xc1d0000c size=12 status=0x00000000 rc=0 in=1600005c00000c0000000000 out=1600005c00000c0001000000
ESC nr=0x4e len=56 rc=0
ALLOC hClass=0x0000003e hRoot=0xc1d0000c hParent=0x5c000002 hObject=0x5c000018 size=0 shape=NVOS64 status=0x00000000 rc=0 params=-
CTRL cmd=0x00000d01 hClient=0xc1d0000c hObject=0xc1d0000c size=12 status=0x00000000 rc=0 in=1800005c00000c0000000000 out=1800005c00000c0001000000
ESC nr=0x4e len=56 rc=0
ALLOC hClass=0x0000c56f hRoot=0xc1d0000c hParent=0x5c000012 hObject=0x5c000019 size=0 shape=NVOS64 status=0x00000000 rc=0 params=-
CTRL cmd=0x0080170d hClient=0xc1d0000c hObject=0x5c000002 size=24 status=0x00000000 rc=0 in=01000000000000007c2c1701fd7f00009820d13892790000 out=01000000000000007c2c1701fd7f00009820d13892790000
ALLOC hClass=0x0000c7c0 hRoot=0xc1d0000c hParent=0x5c000019 hObject=0x5c00001a size=0 shape=NVOS64 status=0x00000000 rc=0 params=-
CTRL cmd=0x906f0101 hClient=0xc1d0000c hObject=0x5c000019 size=16 status=0x00000000 rc=0 in=1a00005c000000000000000000000000 out=1a00005cc0c70000c0c7000001000000
ALLOC hClass=0x0000c7b5 hRoot=0xc1d0000c hParent=0x5c000019 hObject=0x5c00001b size=0 shape=NVOS64 status=0x00000000 rc=0 params=-
CTRL cmd=0x906f0101 hClient=0xc1d0000c hObject=0x5c000019 size=16 status=0x00000000 rc=0 in=1b00005c000000000000000000000000 out=1b00005cb5c70000b5c700000a000000
CTRL cmd=0xc36f0108 hClient=0xc1d0000c hObject=0x5c000019 size=4 status=0x00000000 rc=0 in=00000000 out=07000000
CTRL cmd=0x20801218 hClient=0xc1d0000c hObject=0x5c000003 size=16 status=0x00000000 rc=0 in=1900005c000000000000000000000000 out=1900005c0000000000b0eb0000000000
ALLOC hClass=0x0000003e hRoot=0xc1d0000c hParent=0x5c000002 hObject=0x5c00001c size=0 shape=NVOS64 status=0x00000000 rc=0 params=-
CTRL cmd=0x00000d01 hClient=0xc1d0000c hObject=0xc1d0000c size=12 status=0x00000000 rc=0 in=1c00005c00800c0000000000 out=1c00005c00800c0001000000
ESC nr=0x4e len=56 rc=0
ALLOC hClass=0x0000003e hRoot=0xc1d0000c hParent=0x5c000002 hObject=0x5c00001e size=0 shape=NVOS64 status=0x00000000 rc=0 params=-
CTRL cmd=0x00000d01 hClient=0xc1d0000c hObject=0xc1d0000c size=12 status=0x00000000 rc=0 in=1e00005c00000c0000000000 out=1e00005c00000c0001000000
ESC nr=0x4e len=56 rc=0
ALLOC hClass=0x0000c56f hRoot=0xc1d0000c hParent=0x5c000012 hObject=0x5c00001f size=0 shape=NVOS64 status=0x00000000 rc=0 params=-
CTRL cmd=0x0080170d hClient=0xc1d0000c hObject=0x5c000002 size=24 status=0x00000000 rc=0 in=01000000000000007c2c1701fd7f0000b0b6d13892790000 out=01000000000000007c2c1701fd7f0000b0b6d13892790000
ALLOC hClass=0x0000c7c0 hRoot=0xc1d0000c hParent=0x5c00001f hObject=0x5c000020 size=0 shape=NVOS64 status=0x00000000 rc=0 params=-
CTRL cmd=0x906f0101 hClient=0xc1d0000c hObject=0x5c00001f size=16 status=0x00000000 rc=0 in=2000005c000000000000000000000000 out=2000005cc0c70000c0c7000001000000
ALLOC hClass=0x0000c7b5 hRoot=0xc1d0000c hParent=0x5c00001f hObject=0x5c000021 size=0 shape=NVOS64 status=0x00000000 rc=0 params=-
CTRL cmd=0x906f0101 hClient=0xc1d0000c hObject=0x5c00001f size=16 status=0x00000000 rc=0 in=2100005c000000000000000000000000 out=2100005cb5c70000b5c700000a000000
CTRL cmd=0xc36f0108 hClient=0xc1d0000c hObject=0x5c00001f size=4 status=0x00000000 rc=0 in=00000000 out=08000000
CTRL cmd=0x20801218 hClient=0xc1d0000c hObject=0x5c000003 size=16 status=0x00000000 rc=0 in=1f00005c000000000000000000000000 out=1f00005c0000000000b0eb0000000000
ALLOC hClass=0x0000003e hRoot=0xc1d0000c hParent=0x5c000002 hObject=0x5c000022 size=0 shape=NVOS64 status=0x00000000 rc=0 params=-
CTRL cmd=0x00000d01 hClient=0xc1d0000c hObject=0xc1d0000c size=12 status=0x00000000 rc=0 in=2200005c00000c0000000000 out=2200005c00000c0001000000
ESC nr=0x4e len=56 rc=0
ALLOC hClass=0x0000c56f hRoot=0xc1d0000c hParent=0x5c000012 hObject=0x5c000023 size=0 shape=NVOS64 status=0x00000000 rc=0 params=-
CTRL cmd=0x0080170d hClient=0xc1d0000c hObject=0x5c000002 size=24 status=0x00000000 rc=0 in=01000000000000007c2c1701fd7f0000c84cd23892790000 out=01000000000000007c2c1701fd7f0000c84cd23892790000
ALLOC hClass=0x0000c7c0 hRoot=0xc1d0000c hParent=0x5c000023 hObject=0x5c000024 size=0 shape=NVOS64 status=0x00000000 rc=0 params=-
CTRL cmd=0x906f0101 hClient=0xc1d0000c hObject=0x5c000023 size=16 status=0x00000000 rc=0 in=2400005c000000000000000000000000 out=2400005cc0c70000c0c7000001000000
ALLOC hClass=0x0000c7b5 hRoot=0xc1d0000c hParent=0x5c000023 hObject=0x5c000025 size=0 shape=NVOS64 status=0x00000000 rc=0 params=-
CTRL cmd=0x906f0101 hClient=0xc1d0000c hObject=0x5c000023 size=16 status=0x00000000 rc=0 in=2500005c000000000000000000000000 out=2500005cb5c70000b5c700000a000000
CTRL cmd=0xc36f0108 hClient=0xc1d0000c hObject=0x5c000023 size=4 status=0x00000000 rc=0 in=00000000 out=09000000
CTRL cmd=0x20801218 hClient=0xc1d0000c hObject=0x5c000003 size=16 status=0x00000000 rc=0 in=2300005c000000000000000000000000 out=2300005c0000000000b0eb0000000000
ALLOC hClass=0x0000003e hRoot=0xc1d0000c hParent=0x5c000002 hObject=0x5c000026 size=0 shape=NVOS64 status=0x00000000 rc=0 params=-
CTRL cmd=0x00000d01 hClient=0xc1d0000c hObject=0xc1d0000c size=12 status=0x00000000 rc=0 in=2600005c00000c0000000000 out=2600005c00000c0001000000
ESC nr=0x4e len=56 rc=0
ALLOC hClass=0x0000c56f hRoot=0xc1d0000c hParent=0x5c000012 hObject=0x5c000027 size=0 shape=NVOS64 status=0x00000000 rc=0 params=-
CTRL cmd=0x0080170d hClient=0xc1d0000c hObject=0x5c000002 size=24 status=0x00000000 rc=0 in=01000000000000007c2c1701fd7f0000e0e2d23892790000 out=01000000000000007c2c1701fd7f0000e0e2d23892790000
ALLOC hClass=0x0000c7c0 hRoot=0xc1d0000c hParent=0x5c000027 hObject=0x5c000028 size=0 shape=NVOS64 status=0x00000000 rc=0 params=-
CTRL cmd=0x906f0101 hClient=0xc1d0000c hObject=0x5c000027 size=16 status=0x00000000 rc=0 in=2800005c000000000000000000000000 out=2800005cc0c70000c0c7000001000000
ALLOC hClass=0x0000c7b5 hRoot=0xc1d0000c hParent=0x5c000027 hObject=0x5c000029 size=0 shape=NVOS64 status=0x00000000 rc=0 params=-
CTRL cmd=0x906f0101 hClient=0xc1d0000c hObject=0x5c000027 size=16 status=0x00000000 rc=0 in=2900005c000000000000000000000000 out=2900005cb5c70000b5c700000a000000
CTRL cmd=0xc36f0108 hClient=0xc1d0000c hObject=0x5c000027 size=4 status=0x00000000 rc=0 in=00000000 out=0a000000
CTRL cmd=0x20801218 hClient=0xc1d0000c hObject=0x5c000003 size=16 status=0x00000000 rc=0 in=2700005c000000000000000000000000 out=2700005c0000000000b0eb0000000000
ALLOC hClass=0x0000003e hRoot=0xc1d0000c hParent=0x5c000002 hObject=0x5c00002a size=0 shape=NVOS64 status=0x00000000 rc=0 params=-
CTRL cmd=0x00000d01 hClient=0xc1d0000c hObject=0xc1d0000c size=12 status=0x00000000 rc=0 in=2a00005c00000c0000000000 out=2a00005c00000c0001000000
ESC nr=0x4e len=56 rc=0
ALLOC hClass=0x0000c56f hRoot=0xc1d0000c hParent=0x5c000012 hObject=0x5c00002b size=0 shape=NVOS64 status=0x00000000 rc=0 params=-
CTRL cmd=0x0080170d hClient=0xc1d0000c hObject=0x5c000002 size=24 status=0x00000000 rc=0 in=01000000000000007c2c1701fd7f0000f878d33892790000 out=01000000000000007c2c1701fd7f0000f878d33892790000
ALLOC hClass=0x0000c7c0 hRoot=0xc1d0000c hParent=0x5c00002b hObject=0x5c00002c size=0 shape=NVOS64 status=0x00000000 rc=0 params=-
CTRL cmd=0x906f0101 hClient=0xc1d0000c hObject=0x5c00002b size=16 status=0x00000000 rc=0 in=2c00005c000000000000000000000000 out=2c00005cc0c70000c0c7000001000000
ALLOC hClass=0x0000c7b5 hRoot=0xc1d0000c hParent=0x5c00002b hObject=0x5c00002d size=0 shape=NVOS64 status=0x00000000 rc=0 params=-
CTRL cmd=0x906f0101 hClient=0xc1d0000c hObject=0x5c00002b size=16 status=0x00000000 rc=0 in=2d00005c000000000000000000000000 out=2d00005cb5c70000b5c700000a000000
CTRL cmd=0xc36f0108 hClient=0xc1d0000c hObject=0x5c00002b size=4 status=0x00000000 rc=0 in=00000000 out=0b000000
CTRL cmd=0x20801218 hClient=0xc1d0000c hObject=0x5c000003 size=16 status=0x00000000 rc=0 in=2b00005c000000000000000000000000 out=2b00005c0000000000b0eb0000000000
ALLOC hClass=0x0000003e hRoot=0xc1d0000c hParent=0x5c000002 hObject=0x5c00002e size=0 shape=NVOS64 status=0x00000000 rc=0 params=-
CTRL cmd=0x00000d01 hClient=0xc1d0000c hObject=0xc1d0000c size=12 status=0x00000000 rc=0 in=2e00005c00000c0000000000 out=2e00005c00000c0001000000
ESC nr=0x4e len=56 rc=0
ALLOC hClass=0x0000c56f hRoot=0xc1d0000c hParent=0x5c000012 hObject=0x5c00002f size=0 shape=NVOS64 status=0x00000000 rc=0 params=-
CTRL cmd=0x0080170d hClient=0xc1d0000c hObject=0x5c000002 size=24 status=0x00000000 rc=0 in=01000000000000007c2c1701fd7f0000100fd43892790000 out=01000000000000007c2c1701fd7f0000100fd43892790000
ALLOC hClass=0x0000c7c0 hRoot=0xc1d0000c hParent=0x5c00002f hObject=0x5c000030 size=0 shape=NVOS64 status=0x00000000 rc=0 params=-
CTRL cmd=0x906f0101 hClient=0xc1d0000c hObject=0x5c00002f size=16 status=0x00000000 rc=0 in=3000005c000000000000000000000000 out=3000005cc0c70000c0c7000001000000
ALLOC hClass=0x0000c7b5 hRoot=0xc1d0000c hParent=0x5c00002f hObject=0x5c000031 size=0 shape=NVOS64 status=0x00000000 rc=0 params=-
CTRL cmd=0x906f0101 hClient=0xc1d0000c hObject=0x5c00002f size=16 status=0x00000000 rc=0 in=3100005c000000000000000000000000 out=3100005cb5c70000b5c700000a000000
CTRL cmd=0xc36f0108 hClient=0xc1d0000c hObject=0x5c00002f size=4 status=0x00000000 rc=0 in=00000000 out=0c000000
CTRL cmd=0x20801218 hClient=0xc1d0000c hObject=0x5c000003 size=16 status=0x00000000 rc=0 in=2f00005c000000000000000000000000 out=2f00005c0000000000b0eb0000000000
ALLOC hClass=0x0000003e hRoot=0xc1d0000c hParent=0x5c000002 hObject=0x5c000032 size=0 shape=NVOS64 status=0x00000000 rc=0 params=-
CTRL cmd=0x00000d01 hClient=0xc1d0000c hObject=0xc1d0000c size=12 status=0x00000000 rc=0 in=3200005c00000c0000000000 out=3200005c00000c0001000000
ESC nr=0x4e len=56 rc=0
ALLOC hClass=0x0000c56f hRoot=0xc1d0000c hParent=0x5c000012 hObject=0x5c000033 size=0 shape=NVOS64 status=0x00000000 rc=0 params=-
CTRL cmd=0x0080170d hClient=0xc1d0000c hObject=0x5c000002 size=24 status=0x00000000 rc=0 in=01000000000000007c2c1701fd7f000028a5d43892790000 out=01000000000000007c2c1701fd7f000028a5d43892790000
ALLOC hClass=0x0000c7c0 hRoot=0xc1d0000c hParent=0x5c000033 hObject=0x5c000034 size=0 shape=NVOS64 status=0x00000000 rc=0 params=-
CTRL cmd=0x906f0101 hClient=0xc1d0000c hObject=0x5c000033 size=16 status=0x00000000 rc=0 in=3400005c000000000000000000000000 out=3400005cc0c70000c0c7000001000000
ALLOC hClass=0x0000c7b5 hRoot=0xc1d0000c hParent=0x5c000033 hObject=0x5c000035 size=0 shape=NVOS64 status=0x00000000 rc=0 params=-
CTRL cmd=0x906f0101 hClient=0xc1d0000c hObject=0x5c000033 size=16 status=0x00000000 rc=0 in=3500005c000000000000000000000000 out=3500005cb5c70000b5c700000a000000
CTRL cmd=0xc36f0108 hClient=0xc1d0000c hObject=0x5c000033 size=4 status=0x00000000 rc=0 in=00000000 out=0d000000
CTRL cmd=0x20801218 hClient=0xc1d0000c hObject=0x5c000003 size=16 status=0x00000000 rc=0 in=3300005c000000000000000000000000 out=3300005c0000000000b0eb0000000000
ALLOC hClass=0x0000003e hRoot=0xc1d0000c hParent=0x5c000002 hObject=0x5c000036 size=0 shape=NVOS64 status=0x00000000 rc=0 params=-
CTRL cmd=0x00000d01 hClient=0xc1d0000c hObject=0xc1d0000c size=12 status=0x00000000 rc=0 in=3600005c00000c0000000000 out=3600005c00000c0001000000
ESC nr=0x4e len=56 rc=0
ALLOC hClass=0x0000c56f hRoot=0xc1d0000c hParent=0x5c000012 hObject=0x5c000037 size=0 shape=NVOS64 status=0x00000000 rc=0 params=-
CTRL cmd=0x0080170d hClient=0xc1d0000c hObject=0x5c000002 size=24 status=0x00000000 rc=0 in=01000000000000007c2c1701fd7f0000403bd53892790000 out=01000000000000007c2c1701fd7f0000403bd53892790000
ALLOC hClass=0x0000c7c0 hRoot=0xc1d0000c hParent=0x5c000037 hObject=0x5c000038 size=0 shape=NVOS64 status=0x00000000 rc=0 params=-
CTRL cmd=0x906f0101 hClient=0xc1d0000c hObject=0x5c000037 size=16 status=0x00000000 rc=0 in=3800005c000000000000000000000000 out=3800005cc0c70000c0c7000001000000
ALLOC hClass=0x0000c7b5 hRoot=0xc1d0000c hParent=0x5c000037 hObject=0x5c000039 size=0 shape=NVOS64 status=0x00000000 rc=0 params=-
CTRL cmd=0x906f0101 hClient=0xc1d0000c hObject=0x5c000037 size=16 status=0x00000000 rc=0 in=3900005c000000000000000000000000 out=3900005cb5c70000b5c700000a000000
CTRL cmd=0xc36f0108 hClient=0xc1d0000c hObject=0x5c000037 size=4 status=0x00000000 rc=0 in=00000000 out=0e000000
CTRL cmd=0x20801218 hClient=0xc1d0000c hObject=0x5c000003 size=16 status=0x00000000 rc=0 in=3700005c000000000000000000000000 out=3700005c0000000000b0eb0000000000
CTRL cmd=0xa06c0101 hClient=0xc1d0000c hObject=0x5c000012 size=3 status=0x00000000 rc=0 in=010000 out=010000
ESC nr=0xc9 len=4 rc=0
ESC nr=0xce len=16 rc=0
ALLOC hClass=0x00000079 hRoot=0xc1d0000c hParent=0x5c000003 hObject=0x5c00003a size=0 shape=NVOS64 status=0x00000000 rc=0 params=-
ALLOC hClass=0x0000a06c hRoot=0xc1d0000c hParent=0x5c000002 hObject=0x5c00003b size=0 shape=NVOS64 status=0x00000000 rc=0 params=-
ALLOC hClass=0x0000003e hRoot=0xc1d0000c hParent=0x5c000002 hObject=0x5c00003c size=0 shape=NVOS64 status=0x00000000 rc=0 params=-
CTRL cmd=0x00000d01 hClient=0xc1d0000c hObject=0xc1d0000c size=12 status=0x00000000 rc=0 in=3c00005c00000c0000000000 out=3c00005c00000c0001000000
ESC nr=0x4e len=56 rc=0
ALLOC hClass=0x0000c56f hRoot=0xc1d0000c hParent=0x5c00003b hObject=0x5c00003d size=0 shape=NVOS64 status=0x00000000 rc=0 params=-
CTRL cmd=0x0080170d hClient=0xc1d0000c hObject=0x5c000002 size=24 status=0x00000000 rc=0 in=01000000000000007c2c1701fd7f000098f0644c92790000 out=01000000000000007c2c1701fd7f000098f0644c92790000
ALLOC hClass=0x0000c7b5 hRoot=0xc1d0000c hParent=0x5c00003d hObject=0x5c00003e size=0 shape=NVOS64 status=0x00000000 rc=0 params=-
CTRL cmd=0x906f0101 hClient=0xc1d0000c hObject=0x5c00003d size=16 status=0x00000000 rc=0 in=3e00005c000000000000000000000000 out=3e00005cb5c70000b5c700000b000000
CTRL cmd=0xc36f0108 hClient=0xc1d0000c hObject=0x5c00003d size=4 status=0x00000000 rc=0 in=00000000 out=0f000100
ALLOC hClass=0x0000003e hRoot=0xc1d0000c hParent=0x5c000002 hObject=0x5c00003f size=0 shape=NVOS64 status=0x00000000 rc=0 params=-
CTRL cmd=0x00000d01 hClient=0xc1d0000c hObject=0xc1d0000c size=12 status=0x00000000 rc=0 in=3f00005c00000c0000000000 out=3f00005c00000c0001000000
ESC nr=0x4e len=56 rc=0
ALLOC hClass=0x0000c56f hRoot=0xc1d0000c hParent=0x5c00003b hObject=0x5c000040 size=0 shape=NVOS64 status=0x00000000 rc=0 params=-
CTRL cmd=0x0080170d hClient=0xc1d0000c hObject=0x5c000002 size=24 status=0x00000000 rc=0 in=01000000000000007c2c1701fd7f0000b086654c92790000 out=01000000000000007c2c1701fd7f0000b086654c92790000
ALLOC hClass=0x0000c7b5 hRoot=0xc1d0000c hParent=0x5c000040 hObject=0x5c000041 size=0 shape=NVOS64 status=0x00000000 rc=0 params=-
CTRL cmd=0x906f0101 hClient=0xc1d0000c hObject=0x5c000040 size=16 status=0x00000000 rc=0 in=4100005c000000000000000000000000 out=4100005cb5c70000b5c700000b000000
CTRL cmd=0xc36f0108 hClient=0xc1d0000c hObject=0x5c000040 size=4 status=0x00000000 rc=0 in=00000000 out=10000100
ALLOC hClass=0x0000003e hRoot=0xc1d0000c hParent=0x5c000002 hObject=0x5c000042 size=0 shape=NVOS64 status=0x00000000 rc=0 params=-
CTRL cmd=0x00000d01 hClient=0xc1d0000c hObject=0xc1d0000c size=12 status=0x00000000 rc=0 in=4200005c00000c0000000000 out=4200005c00000c0001000000
ESC nr=0x4e len=56 rc=0
ALLOC hClass=0x0000c56f hRoot=0xc1d0000c hParent=0x5c00003b hObject=0x5c000043 size=0 shape=NVOS64 status=0x00000000 rc=0 params=-
CTRL cmd=0x0080170d hClient=0xc1d0000c hObject=0x5c000002 size=24 status=0x00000000 rc=0 in=01000000000000007c2c1701fd7f0000c81c664c92790000 out=01000000000000007c2c1701fd7f0000c81c664c92790000
ALLOC hClass=0x0000c7b5 hRoot=0xc1d0000c hParent=0x5c000043 hObject=0x5c000044 size=0 shape=NVOS64 status=0x00000000 rc=0 params=-
CTRL cmd=0x906f0101 hClient=0xc1d0000c hObject=0x5c000043 size=16 status=0x00000000 rc=0 in=4400005c000000000000000000000000 out=4400005cb5c70000b5c700000b000000
CTRL cmd=0xc36f0108 hClient=0xc1d0000c hObject=0x5c000043 size=4 status=0x00000000 rc=0 in=00000000 out=11000100
ALLOC hClass=0x0000003e hRoot=0xc1d0000c hParent=0x5c000002 hObject=0x5c000045 size=0 shape=NVOS64 status=0x00000000 rc=0 params=-
CTRL cmd=0x00000d01 hClient=0xc1d0000c hObject=0xc1d0000c size=12 status=0x00000000 rc=0 in=4500005c00000c0000000000 out=4500005c00000c0001000000
ESC nr=0x4e len=56 rc=0
ALLOC hClass=0x0000c56f hRoot=0xc1d0000c hParent=0x5c00003b hObject=0x5c000046 size=0 shape=NVOS64 status=0x00000000 rc=0 params=-
CTRL cmd=0x0080170d hClient=0xc1d0000c hObject=0x5c000002 size=24 status=0x00000000 rc=0 in=01000000000000007c2c1701fd7f0000e0b2664c92790000 out=01000000000000007c2c1701fd7f0000e0b2664c92790000
ALLOC hClass=0x0000c7b5 hRoot=0xc1d0000c hParent=0x5c000046 hObject=0x5c000047 size=0 shape=NVOS64 status=0x00000000 rc=0 params=-
CTRL cmd=0x906f0101 hClient=0xc1d0000c hObject=0x5c000046 size=16 status=0x00000000 rc=0 in=4700005c000000000000000000000000 out=4700005cb5c70000b5c700000b000000
CTRL cmd=0xc36f0108 hClient=0xc1d0000c hObject=0x5c000046 size=4 status=0x00000000 rc=0 in=00000000 out=12000100
CTRL cmd=0xa06c0101 hClient=0xc1d0000c hObject=0x5c00003b size=3 status=0x00000000 rc=0 in=010000 out=010000
ESC nr=0xc9 len=4 rc=0
ESC nr=0xce len=16 rc=0
ALLOC hClass=0x00000079 hRoot=0xc1d0000c hParent=0x5c000003 hObject=0x5c000048 size=0 shape=NVOS64 status=0x00000000 rc=0 params=-
ALLOC hClass=0x0000a06c hRoot=0xc1d0000c hParent=0x5c000002 hObject=0x5c000049 size=0 shape=NVOS64 status=0x00000000 rc=0 params=-
ALLOC hClass=0x0000003e hRoot=0xc1d0000c hParent=0x5c000002 hObject=0x5c00004a size=0 shape=NVOS64 status=0x00000000 rc=0 params=-
CTRL cmd=0x00000d01 hClient=0xc1d0000c hObject=0xc1d0000c size=12 status=0x00000000 rc=0 in=4a00005c00000c0000000000 out=4a00005c00000c0001000000
ESC nr=0x4e len=56 rc=0
ALLOC hClass=0x0000c56f hRoot=0xc1d0000c hParent=0x5c000049 hObject=0x5c00004b size=0 shape=NVOS64 status=0x00000000 rc=0 params=-
CTRL cmd=0x0080170d hClient=0xc1d0000c hObject=0x5c000002 size=24 status=0x00000000 rc=0 in=01000000000000007c2c1701fd7f00009800834692790000 out=01000000000000007c2c1701fd7f00009800834692790000
ALLOC hClass=0x0000c7b5 hRoot=0xc1d0000c hParent=0x5c00004b hObject=0x5c00004c size=0 shape=NVOS64 status=0x00000000 rc=0 params=-
CTRL cmd=0x906f0101 hClient=0xc1d0000c hObject=0x5c00004b size=16 status=0x00000000 rc=0 in=4c00005c000000000000000000000000 out=4c00005cb5c70000b5c700000c000000
CTRL cmd=0xc36f0108 hClient=0xc1d0000c hObject=0x5c00004b size=4 status=0x00000000 rc=0 in=00000000 out=13000200
ALLOC hClass=0x0000003e hRoot=0xc1d0000c hParent=0x5c000002 hObject=0x5c00004d size=0 shape=NVOS64 status=0x00000000 rc=0 params=-
CTRL cmd=0x00000d01 hClient=0xc1d0000c hObject=0xc1d0000c size=12 status=0x00000000 rc=0 in=4d00005c00000c0000000000 out=4d00005c00000c0001000000
ESC nr=0x4e len=56 rc=0
ALLOC hClass=0x0000c56f hRoot=0xc1d0000c hParent=0x5c000049 hObject=0x5c00004e size=0 shape=NVOS64 status=0x00000000 rc=0 params=-
CTRL cmd=0x0080170d hClient=0xc1d0000c hObject=0x5c000002 size=24 status=0x00000000 rc=0 in=01000000000000007c2c1701fd7f0000b096834692790000 out=01000000000000007c2c1701fd7f0000b096834692790000
ALLOC hClass=0x0000c7b5 hRoot=0xc1d0000c hParent=0x5c00004e hObject=0x5c00004f size=0 shape=NVOS64 status=0x00000000 rc=0 params=-
CTRL cmd=0x906f0101 hClient=0xc1d0000c hObject=0x5c00004e size=16 status=0x00000000 rc=0 in=4f00005c000000000000000000000000 out=4f00005cb5c70000b5c700000c000000
CTRL cmd=0xc36f0108 hClient=0xc1d0000c hObject=0x5c00004e size=4 status=0x00000000 rc=0 in=00000000 out=14000200
ALLOC hClass=0x0000003e hRoot=0xc1d0000c hParent=0x5c000002 hObject=0x5c000050 size=0 shape=NVOS64 status=0x00000000 rc=0 params=-
CTRL cmd=0x00000d01 hClient=0xc1d0000c hObject=0xc1d0000c size=12 status=0x00000000 rc=0 in=5000005c00000c0000000000 out=5000005c00000c0001000000
ESC nr=0x4e len=56 rc=0
ALLOC hClass=0x0000c56f hRoot=0xc1d0000c hParent=0x5c000049 hObject=0x5c000051 size=0 shape=NVOS64 status=0x00000000 rc=0 params=-
CTRL cmd=0x0080170d hClient=0xc1d0000c hObject=0x5c000002 size=24 status=0x00000000 rc=0 in=01000000000000007c2c1701fd7f0000c82c844692790000 out=01000000000000007c2c1701fd7f0000c82c844692790000
ALLOC hClass=0x0000c7b5 hRoot=0xc1d0000c hParent=0x5c000051 hObject=0x5c000052 size=0 shape=NVOS64 status=0x00000000 rc=0 params=-
CTRL cmd=0x906f0101 hClient=0xc1d0000c hObject=0x5c000051 size=16 status=0x00000000 rc=0 in=5200005c000000000000000000000000 out=5200005cb5c70000b5c700000c000000
CTRL cmd=0xc36f0108 hClient=0xc1d0000c hObject=0x5c000051 size=4 status=0x00000000 rc=0 in=00000000 out=15000200
ALLOC hClass=0x0000003e hRoot=0xc1d0000c hParent=0x5c000002 hObject=0x5c000053 size=0 shape=NVOS64 status=0x00000000 rc=0 params=-
CTRL cmd=0x00000d01 hClient=0xc1d0000c hObject=0xc1d0000c size=12 status=0x00000000 rc=0 in=5300005c00000c0000000000 out=5300005c00000c0001000000
ESC nr=0x4e len=56 rc=0
ALLOC hClass=0x0000c56f hRoot=0xc1d0000c hParent=0x5c000049 hObject=0x5c000054 size=0 shape=NVOS64 status=0x00000000 rc=0 params=-
CTRL cmd=0x0080170d hClient=0xc1d0000c hObject=0x5c000002 size=24 status=0x00000000 rc=0 in=01000000000000007c2c1701fd7f0000e0c2844692790000 out=01000000000000007c2c1701fd7f0000e0c2844692790000
ALLOC hClass=0x0000c7b5 hRoot=0xc1d0000c hParent=0x5c000054 hObject=0x5c000055 size=0 shape=NVOS64 status=0x00000000 rc=0 params=-
CTRL cmd=0x906f0101 hClient=0xc1d0000c hObject=0x5c000054 size=16 status=0x00000000 rc=0 in=5500005c000000000000000000000000 out=5500005cb5c70000b5c700000c000000
CTRL cmd=0xc36f0108 hClient=0xc1d0000c hObject=0x5c000054 size=4 status=0x00000000 rc=0 in=00000000 out=16000200
CTRL cmd=0xa06c0101 hClient=0xc1d0000c hObject=0x5c000049 size=3 status=0x00000000 rc=0 in=010000 out=010000
ESC nr=0xc9 len=4 rc=0
ESC nr=0xce len=16 rc=0
ALLOC hClass=0x00000079 hRoot=0xc1d0000c hParent=0x5c000003 hObject=0x5c000056 size=0 shape=NVOS64 status=0x00000000 rc=0 params=-
ALLOC hClass=0x0000003e hRoot=0xc1d0000c hParent=0x5c000002 hObject=0x5c000057 size=0 shape=NVOS64 status=0x00000000 rc=0 params=-
CTRL cmd=0x00000d01 hClient=0xc1d0000c hObject=0xc1d0000c size=12 status=0x00000000 rc=0 in=5700005c00000c0000000000 out=5700005c00000c0001000000
ESC nr=0x4e len=56 rc=0
CTRL cmd=0x20801702 hClient=0xc1d0000c hObject=0x5c000003 size=4 status=0x00000000 rc=0 in=ffffffff out=ffffffff
CTRL cmd=0x20801702 hClient=0xc1d0000c hObject=0x5c000003 size=4 status=0x00000000 rc=0 in=ffffffff out=ffffffff
CTRL cmd=0x20801702 hClient=0xc1d0000c hObject=0x5c000003 size=4 status=0x00000000 rc=0 in=ffffffff out=ffffffff
CTRL cmd=0x20801702 hClient=0xc1d0000c hObject=0x5c000003 size=4 status=0x00000000 rc=0 in=ffffffff out=ffffffff
CTRL cmd=0x20801702 hClient=0xc1d0000c hObject=0x5c000003 size=4 status=0x00000000 rc=0 in=ffffffff out=ffffffff
CTRL cmd=0x20801702 hClient=0xc1d0000c hObject=0x5c000003 size=4 status=0x00000000 rc=0 in=ffffffff out=ffffffff
CTRL cmd=0x20801702 hClient=0xc1d0000c hObject=0x5c000003 size=4 status=0x00000000 rc=0 in=ffffffff out=ffffffff
CTRL cmd=0x20801702 hClient=0xc1d0000c hObject=0x5c000003 size=4 status=0x00000000 rc=0 in=ffffffff out=ffffffff
CTRL cmd=0x20801702 hClient=0xc1d0000c hObject=0x5c000003 size=4 status=0x00000000 rc=0 in=ffffffff out=ffffffff
CTRL cmd=0x20801702 hClient=0xc1d0000c hObject=0x5c000003 size=4 status=0x00000000 rc=0 in=ffffffff out=ffffffff
CTRL cmd=0x20801702 hClient=0xc1d0000c hObject=0x5c000003 size=4 status=0x00000000 rc=0 in=ffffffff out=ffffffff
CTRL cmd=0x20801702 hClient=0xc1d0000c hObject=0x5c000003 size=4 status=0x00000000 rc=0 in=ffffffff out=ffffffff
CTRL cmd=0x20801702 hClient=0xc1d0000c hObject=0x5c000003 size=4 status=0x00000000 rc=0 in=ffffffff out=ffffffff
CTRL cmd=0x20801702 hClient=0xc1d0000c hObject=0x5c000003 size=4 status=0x00000000 rc=0 in=ffffffff out=ffffffff
CTRL cmd=0x20801702 hClient=0xc1d0000c hObject=0x5c000003 size=4 status=0x00000000 rc=0 in=ffffffff out=ffffffff
CTRL cmd=0x20801702 hClient=0xc1d0000c hObject=0x5c000003 size=4 status=0x00000000 rc=0 in=ffffffff out=ffffffff
CTRL cmd=0x20801702 hClient=0xc1d0000c hObject=0x5c000003 size=4 status=0x00000000 rc=0 in=ffffffff out=ffffffff
CTRL cmd=0x20801702 hClient=0xc1d0000c hObject=0x5c000003 size=4 status=0x00000000 rc=0 in=ffffffff out=ffffffff
CTRL cmd=0x20801702 hClient=0xc1d0000c hObject=0x5c000003 size=4 status=0x00000000 rc=0 in=ffffffff out=ffffffff
CTRL cmd=0x20801702 hClient=0xc1d0000c hObject=0x5c000003 size=4 status=0x00000000 rc=0 in=ffffffff out=ffffffff
CTRL cmd=0x20801702 hClient=0xc1d0000c hObject=0x5c000003 size=4 status=0x0000003a rc=0 in=ffffffff out=ffffffff
ALLOC hClass=0x00000040 hRoot=0xc1d0000c hParent=0x5c000002 hObject=0x5c000059 size=0 shape=NVOS64 status=0x00000000 rc=0 params=-
ALLOC hClass=0x0000003e hRoot=0xc1d0000c hParent=0x5c000002 hObject=0x5c00005b size=0 shape=NVOS64 status=0x00000000 rc=0 params=-
CTRL cmd=0x00000d01 hClient=0xc1d0000c hObject=0xc1d0000c size=12 status=0x00000000 rc=0 in=5b00005c00000c0000000000 out=5b00005c00000c0001000000
ESC nr=0x4e len=56 rc=0
ESC nr=0x27 len=56 rc=0
ALLOC hClass=0x00000040 hRoot=0xc1d0000c hParent=0x5c000002 hObject=0x5c00005f size=0 shape=NVOS64 status=0x00000000 rc=0 params=-
ALLOC hClass=0x00000040 hRoot=0xc1d0000c hParent=0x5c000002 hObject=0x5c000061 size=0 shape=NVOS64 status=0x00000000 rc=0 params=-
ESC nr=0x27 len=56 rc=0
ALLOC hClass=0x00000040 hRoot=0xc1d0000c hParent=0x5c000002 hObject=0x5c000065 size=0 shape=NVOS64 status=0x00000000 rc=0 params=-
ESC nr=0x27 len=56 rc=0
ALLOC hClass=0x00000040 hRoot=0xc1d0000c hParent=0x5c000002 hObject=0x5c00006a size=0 shape=NVOS64 status=0x00000000 rc=0 params=-
CTRL cmd=0x20801702 hClient=0xc1d0000c hObject=0x5c000003 size=4 status=0x0000003a rc=0 in=ffffffff out=ffffffff
ALLOC hClass=0x0000003e hRoot=0xc1d0000c hParent=0x5c000002 hObject=0x5c00006c size=0 shape=NVOS64 status=0x00000000 rc=0 params=-
CTRL cmd=0x00000d01 hClient=0xc1d0000c hObject=0xc1d0000c size=12 status=0x00000000 rc=0 in=6c00005c00000c0000000000 out=6c00005c00000c0001000000
ESC nr=0x4e len=56 rc=0
CTRL cmd=0x20801702 hClient=0xc1d0000c hObject=0x5c000003 size=4 status=0x0000003a rc=0 in=ffffffff out=ffffffff
CTRL cmd=0x20801702 hClient=0xc1d0000c hObject=0x5c000003 size=4 status=0x0000003a rc=0 in=ffffffff out=ffffffff
ALLOC hClass=0x00000040 hRoot=0xc1d0000c hParent=0x5c000002 hObject=0x5c00006e size=0 shape=NVOS64 status=0x00000000 rc=0 params=-
CTRL cmd=0x20801702 hClient=0xc1d0000c hObject=0x5c000003 size=4 status=0x0000003a rc=0 in=ffffffff out=ffffffff
CTRL cmd=0x20801702 hClient=0xc1d0000c hObject=0x5c000003 size=4 status=0x0000003a rc=0 in=ffffffff out=ffffffff
ESC nr=0x27 len=56 rc=0
CTRL cmd=0x20801702 hClient=0xc1d0000c hObject=0x5c000003 size=4 status=0x0000003a rc=0 in=ffffffff out=ffffffff
CTRL cmd=0x20801702 hClient=0xc1d0000c hObject=0x5c000003 size=4 status=0x0000003a rc=0 in=ffffffff out=ffffffff
ALLOC hClass=0x000083de hRoot=0xc1d0000c hParent=0x5c000002 hObject=0x5c000072 size=0 shape=NVOS64 status=0x00000000 rc=0 params=-
ALLOC hClass=0x0000003e hRoot=0xc1d0000c hParent=0x5c000002 hObject=0x5c000073 size=0 shape=NVOS64 status=0x00000000 rc=0 params=-
CTRL cmd=0x00000d01 hClient=0xc1d0000c hObject=0xc1d0000c size=12 status=0x00000000 rc=0 in=7300005c00000c0000000000 out=7300005c00000c0001000000
ESC nr=0x4e len=56 rc=0
ALLOC hClass=0x00000040 hRoot=0xc1d0000c hParent=0x5c000002 hObject=0x5c000075 size=0 shape=NVOS64 status=0x00000000 rc=0 params=-
ALLOC hClass=0x00000040 hRoot=0xc1d0000c hParent=0x5c000002 hObject=0x5c000077 size=0 shape=NVOS64 status=0x00000000 rc=0 params=-
CTRL cmd=0x20801702 hClient=0xc1d0000c hObject=0x5c000003 size=4 status=0x0000003a rc=0 in=ffffffff out=ffffffff
CTRL cmd=0x20801702 hClient=0xc1d0000c hObject=0x5c000003 size=4 status=0x0000003a rc=0 in=ffffffff out=ffffffff
ESC nr=0xc9 len=4 rc=0
ESC nr=0xce len=16 rc=0
ALLOC hClass=0x00000079 hRoot=0xc1d0000c hParent=0x5c00001a hObject=0x5c000079 size=0 shape=NVOS64 status=0x00000000 rc=0 params=-
ESC nr=0xc9 len=4 rc=0
ESC nr=0xce len=16 rc=0
ALLOC hClass=0x00000079 hRoot=0xc1d0000c hParent=0x5c00001a hObject=0x5c00007a size=0 shape=NVOS64 status=0x00000000 rc=0 params=-
ESC nr=0xc9 len=4 rc=0
ESC nr=0xce len=16 rc=0
ALLOC hClass=0x00000079 hRoot=0xc1d0000c hParent=0x5c00001a hObject=0x5c00007b size=0 shape=NVOS64 status=0x00000000 rc=0 params=-
ESC nr=0xc9 len=4 rc=0
ESC nr=0xce len=16 rc=0
ALLOC hClass=0x00000079 hRoot=0xc1d0000c hParent=0x5c00001a hObject=0x5c00007c size=0 shape=NVOS64 status=0x00000000 rc=0 params=-
CTRL cmd=0x20801702 hClient=0xc1d0000c hObject=0x5c000003 size=4 status=0x0000003a rc=0 in=ffffffff out=ffffffff
CTRL cmd=0x83de0309 hClient=0xc1d0000c hObject=0x5c000072 size=4 status=0x00000056 rc=0 in=3a000000 out=3a000000
CTRL cmd=0x20801702 hClient=0xc1d0000c hObject=0x5c000003 size=4 status=0x0000003a rc=0 in=ffffffff out=ffffffff
CTRL cmd=0x20801210 hClient=0xc1d0000c hObject=0x5c000003 size=32 status=0x00000000 rc=0 in=010000001200005c000000000000000000000000000000000000000000000000 out=010000001200005c000000000000000000000000000000000000000000000000
FREE hRoot=0xc1d0000c hParent=0x5c00001a hObject=0x5c00007a status=0x00000000 rc=0
ESC nr=0xcf len=16 rc=0
FREE hRoot=0xc1d0000c hParent=0x5c00001a hObject=0x5c00007b status=0x00000000 rc=0
ESC nr=0xcf len=16 rc=0
FREE hRoot=0xc1d0000c hParent=0x5c00001a hObject=0x5c000079 status=0x00000000 rc=0
ESC nr=0xcf len=16 rc=0
FREE hRoot=0xc1d0000c hParent=0x5c00001a hObject=0x5c00007c status=0x00000000 rc=0
ESC nr=0xcf len=16 rc=0
FREE hRoot=0xc1d0000c hParent=0x5c000002 hObject=0x5c000075 status=0x00000000 rc=0
FREE hRoot=0xc1d0000c hParent=0x5c000002 hObject=0x5c000077 status=0x00000000 rc=0
ESC nr=0x4f len=32 rc=0
FREE hRoot=0xc1d0000c hParent=0x5c000002 hObject=0x5c000073 status=0x00000000 rc=0
CTRL cmd=0xa06c0103 hClient=0xc1d0000c hObject=0x5c000012 size=8 status=0x00000056 rc=0 in=0008000000000000 out=0008000000000000
FREE hRoot=0xc1d0000c hParent=0x5c000002 hObject=0x5c00000e status=0x00000000 rc=0
FREE hRoot=0xc1d0000c hParent=0x5c000002 hObject=0x5c00000f status=0x00000000 rc=0
FREE hRoot=0xc1d0000c hParent=0xc1d0000c hObject=0x5c000072 status=0x00000056 rc=0
FREE hRoot=0xc1d0000c hParent=0x5c000002 hObject=0x5c000070 status=0x00000000 rc=0
ESC nr=0x4f len=32 rc=0
FREE hRoot=0xc1d0000c hParent=0x5c000002 hObject=0x5c00006c status=0x00000000 rc=0
CTRL cmd=0x20801702 hClient=0xc1d0000c hObject=0x5c000003 size=4 status=0x0000003a rc=0 in=ffffffff out=ffffffff
CTRL cmd=0xa06c0105 hClient=0xc1d0000c hObject=0x5c000012 size=8 status=0x00000056 rc=0 in=0100000000000000 out=0100000000000000
FREE hRoot=0xc1d0000c hParent=0x5c000002 hObject=0x5c00006e status=0x00000000 rc=0
FREE hRoot=0xc1d0000c hParent=0x5c000002 hObject=0x5c000068 status=0x00000000 rc=0
FREE hRoot=0xc1d0000c hParent=0x5c000002 hObject=0x5c00005d status=0x00000000 rc=0
ESC nr=0x4f len=32 rc=0
FREE hRoot=0xc1d0000c hParent=0x5c000002 hObject=0x5c00005b status=0x00000000 rc=0
FREE hRoot=0xc1d0000c hParent=0x5c000002 hObject=0x5c000059 status=0x00000000 rc=0
FREE hRoot=0xc1d0000c hParent=0x5c000002 hObject=0x5c000010 status=0x00000000 rc=0
FREE hRoot=0xc1d0000c hParent=0x5c000003 hObject=0x5c00003a status=0x00000000 rc=0
ESC nr=0xcf len=16 rc=0
FREE hRoot=0xc1d0000c hParent=0x5c000019 hObject=0x5c00001a status=0x00000000 rc=0
FREE hRoot=0xc1d0000c hParent=0x5c000019 hObject=0x5c00001b status=0x00000000 rc=0
FREE hRoot=0xc1d0000c hParent=0x5c000002 hObject=0x5c000019 status=0x00000000 rc=0
ESC nr=0x4f len=32 rc=0
FREE hRoot=0xc1d0000c hParent=0x5c000002 hObject=0x5c000018 status=0x00000000 rc=0
FREE hRoot=0xc1d0000c hParent=0x5c00001f hObject=0x5c000020 status=0x00000000 rc=0
FREE hRoot=0xc1d0000c hParent=0x5c00001f hObject=0x5c000021 status=0x00000000 rc=0
FREE hRoot=0xc1d0000c hParent=0x5c000002 hObject=0x5c00001f status=0x00000000 rc=0
ESC nr=0x4f len=32 rc=0
FREE hRoot=0xc1d0000c hParent=0x5c000002 hObject=0x5c00001e status=0x00000000 rc=0
FREE hRoot=0xc1d0000c hParent=0x5c000023 hObject=0x5c000024 status=0x00000000 rc=0
FREE hRoot=0xc1d0000c hParent=0x5c000023 hObject=0x5c000025 status=0x00000000 rc=0
FREE hRoot=0xc1d0000c hParent=0x5c000002 hObject=0x5c000023 status=0x00000000 rc=0
ESC nr=0x4f len=32 rc=0
FREE hRoot=0xc1d0000c hParent=0x5c000002 hObject=0x5c000022 status=0x00000000 rc=0
FREE hRoot=0xc1d0000c hParent=0x5c000027 hObject=0x5c000028 status=0x00000000 rc=0
FREE hRoot=0xc1d0000c hParent=0x5c000027 hObject=0x5c000029 status=0x00000000 rc=0
FREE hRoot=0xc1d0000c hParent=0x5c000002 hObject=0x5c000027 status=0x00000000 rc=0
ESC nr=0x4f len=32 rc=0
FREE hRoot=0xc1d0000c hParent=0x5c000002 hObject=0x5c000026 status=0x00000000 rc=0
FREE hRoot=0xc1d0000c hParent=0x5c00002b hObject=0x5c00002c status=0x00000000 rc=0
FREE hRoot=0xc1d0000c hParent=0x5c00002b hObject=0x5c00002d status=0x00000000 rc=0
FREE hRoot=0xc1d0000c hParent=0x5c000002 hObject=0x5c00002b status=0x00000000 rc=0
ESC nr=0x4f len=32 rc=0
FREE hRoot=0xc1d0000c hParent=0x5c000002 hObject=0x5c00002a status=0x00000000 rc=0
FREE hRoot=0xc1d0000c hParent=0x5c00002f hObject=0x5c000030 status=0x00000000 rc=0
FREE hRoot=0xc1d0000c hParent=0x5c00002f hObject=0x5c000031 status=0x00000000 rc=0
FREE hRoot=0xc1d0000c hParent=0x5c000002 hObject=0x5c00002f status=0x00000000 rc=0
ESC nr=0x4f len=32 rc=0
FREE hRoot=0xc1d0000c hParent=0x5c000002 hObject=0x5c00002e status=0x00000000 rc=0
FREE hRoot=0xc1d0000c hParent=0x5c000033 hObject=0x5c000034 status=0x00000000 rc=0
FREE hRoot=0xc1d0000c hParent=0x5c000033 hObject=0x5c000035 status=0x00000000 rc=0
FREE hRoot=0xc1d0000c hParent=0x5c000002 hObject=0x5c000033 status=0x00000000 rc=0
ESC nr=0x4f len=32 rc=0
FREE hRoot=0xc1d0000c hParent=0x5c000002 hObject=0x5c000032 status=0x00000000 rc=0
FREE hRoot=0xc1d0000c hParent=0x5c000037 hObject=0x5c000038 status=0x00000000 rc=0
FREE hRoot=0xc1d0000c hParent=0x5c000037 hObject=0x5c000039 status=0x00000000 rc=0
FREE hRoot=0xc1d0000c hParent=0x5c000002 hObject=0x5c000037 status=0x00000000 rc=0
ESC nr=0x4f len=32 rc=0
FREE hRoot=0xc1d0000c hParent=0x5c000002 hObject=0x5c000036 status=0x00000000 rc=0
FREE hRoot=0xc1d0000c hParent=0x5c000012 hObject=0x5c000013 status=0x00000000 rc=0
FREE hRoot=0xc1d0000c hParent=0x5c000002 hObject=0x5c000012 status=0x00000000 rc=0
FREE hRoot=0xc1d0000c hParent=0x5c000003 hObject=0x5c000048 status=0x00000000 rc=0
ESC nr=0xcf len=16 rc=0
FREE hRoot=0xc1d0000c hParent=0x5c00003d hObject=0x5c00003e status=0x00000000 rc=0
FREE hRoot=0xc1d0000c hParent=0x5c000002 hObject=0x5c00003d status=0x00000000 rc=0
ESC nr=0x4f len=32 rc=0
FREE hRoot=0xc1d0000c hParent=0x5c000002 hObject=0x5c00003c status=0x00000000 rc=0
FREE hRoot=0xc1d0000c hParent=0x5c000040 hObject=0x5c000041 status=0x00000000 rc=0
FREE hRoot=0xc1d0000c hParent=0x5c000002 hObject=0x5c000040 status=0x00000000 rc=0
ESC nr=0x4f len=32 rc=0
FREE hRoot=0xc1d0000c hParent=0x5c000002 hObject=0x5c00003f status=0x00000000 rc=0
FREE hRoot=0xc1d0000c hParent=0x5c000043 hObject=0x5c000044 status=0x00000000 rc=0
FREE hRoot=0xc1d0000c hParent=0x5c000002 hObject=0x5c000043 status=0x00000000 rc=0
ESC nr=0x4f len=32 rc=0
FREE hRoot=0xc1d0000c hParent=0x5c000002 hObject=0x5c000042 status=0x00000000 rc=0
FREE hRoot=0xc1d0000c hParent=0x5c000046 hObject=0x5c000047 status=0x00000000 rc=0
FREE hRoot=0xc1d0000c hParent=0x5c000002 hObject=0x5c000046 status=0x00000000 rc=0
ESC nr=0x4f len=32 rc=0
FREE hRoot=0xc1d0000c hParent=0x5c000002 hObject=0x5c000045 status=0x00000000 rc=0
FREE hRoot=0xc1d0000c hParent=0x5c000002 hObject=0x5c00003b status=0x00000000 rc=0
FREE hRoot=0xc1d0000c hParent=0x5c000003 hObject=0x5c000056 status=0x00000000 rc=0
ESC nr=0xcf len=16 rc=0
FREE hRoot=0xc1d0000c hParent=0x5c00004b hObject=0x5c00004c status=0x00000000 rc=0
FREE hRoot=0xc1d0000c hParent=0x5c000002 hObject=0x5c00004b status=0x00000000 rc=0
ESC nr=0x4f len=32 rc=0
FREE hRoot=0xc1d0000c hParent=0x5c000002 hObject=0x5c00004a status=0x00000000 rc=0
FREE hRoot=0xc1d0000c hParent=0x5c00004e hObject=0x5c00004f status=0x00000000 rc=0
FREE hRoot=0xc1d0000c hParent=0x5c000002 hObject=0x5c00004e status=0x00000000 rc=0
ESC nr=0x4f len=32 rc=0
FREE hRoot=0xc1d0000c hParent=0x5c000002 hObject=0x5c00004d status=0x00000000 rc=0
FREE hRoot=0xc1d0000c hParent=0x5c000051 hObject=0x5c000052 status=0x00000000 rc=0
FREE hRoot=0xc1d0000c hParent=0x5c000002 hObject=0x5c000051 status=0x00000000 rc=0
ESC nr=0x4f len=32 rc=0
FREE hRoot=0xc1d0000c hParent=0x5c000002 hObject=0x5c000050 status=0x00000000 rc=0
FREE hRoot=0xc1d0000c hParent=0x5c000054 hObject=0x5c000055 status=0x00000000 rc=0
FREE hRoot=0xc1d0000c hParent=0x5c000002 hObject=0x5c000054 status=0x00000000 rc=0
ESC nr=0x4f len=32 rc=0
FREE hRoot=0xc1d0000c hParent=0x5c000002 hObject=0x5c000053 status=0x00000000 rc=0
ESC nr=0x4f len=32 rc=0
FREE hRoot=0xc1d0000c hParent=0x5c000002 hObject=0x5c000016 status=0x00000000 rc=0
ESC nr=0x4f len=32 rc=0
FREE hRoot=0xc1d0000c hParent=0x5c000002 hObject=0x5c000014 status=0x00000000 rc=0
FREE hRoot=0xc1d0000c hParent=0x5c000002 hObject=0x5c000049 status=0x00000000 rc=0
FREE hRoot=0xc1d0000c hParent=0x5c000002 hObject=0x5c00000b status=0x00000000 rc=0
FREE hRoot=0xc1d0000c hParent=0x5c000002 hObject=0x5c00005f status=0x00000000 rc=0
FREE hRoot=0xc1d0000c hParent=0x5c000002 hObject=0x5c000061 status=0x00000000 rc=0
ESC nr=0x4f len=32 rc=0
FREE hRoot=0xc1d0000c hParent=0x5c000002 hObject=0x5c000057 status=0x00000000 rc=0
ESC nr=0x4f len=32 rc=0
FREE hRoot=0xc1d0000c hParent=0x5c000002 hObject=0x5c00001c status=0x00000000 rc=0
FREE hRoot=0xc1d0000c hParent=0x5c000002 hObject=0x5c000065 status=0x00000000 rc=0
FREE hRoot=0xc1d0000c hParent=0x5c000002 hObject=0x5c000063 status=0x00000000 rc=0
FREE hRoot=0xc1d0000c hParent=0x5c000002 hObject=0x5c00006a status=0x00000000 rc=0
CTRL cmd=0x20800146 hClient=0xc1d0000c hObject=0x5c000003 size=0 status=0x00000000 rc=0 in=- out=-
kept: /workspace/bench/run_w216_f5f55ad_mcbudget_rmtrace.txt (469 lines)
kept: /workspace/bench/run_w216_f5f55ad_mcbudget_uvm.txt (752 lines)
=== dmesg produced by cup2 ALONE (ring cleared immediately before it) ===
[   48.498335] NVRM: nvAssertOkFailedNoLog: Assertion failed: Call not supported [NV_ERR_NOT_SUPPORTED] (0x00000056) returned from pRmApi->Control(pRmApi, pGpu->hInternalClient, pGpu->hInternalSubdevice, NV2080_CTRL_CMD_INTERNAL_INIT_USER_SHARED_DATA, &params, sizeof(params)) @ gpu_user_shared_data.c:233
[   48.499150] NVRM: nvAssertOkFailedNoLog: Assertion failed: Call not supported [NV_ERR_NOT_SUPPORTED] (0x00000056) returned from pRmApi->Control(pRmApi, pGpu->hInternalClient, pGpu->hInternalSubdevice, NV2080_CTRL_CMD_INTERNAL_USER_SHARED_DATA_SET_DATA_POLL, &params, sizeof(params)) @ gpu_user_shared_data.c:268
[   49.754406] NVRM: kperfGpuBoostSyncStateInit_IMPL: Failed to read Sync Gpu Boost init state, status=0x56
[   49.785925] NVRM: kperfGpuBoostSyncStateInit_IMPL: Failed to read Sync Gpu Boost init state, status=0x56
[   49.786641] NVRM: nvAssertOkFailedNoLog: Assertion failed: Call not supported [NV_ERR_NOT_SUPPORTED] (0x00000056) returned from pRmApi->Control(pRmApi, pGpu->hInternalClient, pGpu->hInternalSubdevice, NV2080_CTRL_CMD_INTERNAL_CE_GET_PCE_CONFIG_FOR_LCE_TYPE, &pceConfigParams, sizeof(pceConfigParams)) @ kernel_ce.c:1020
[   49.786972] NVRM: nvAssertOkFailedNoLog: Assertion failed: Call not supported [NV_ERR_NOT_SUPPORTED] (0x00000056) returned from kceGetPceConfigForLceType(pGpu, pKCe, NV2080_CTRL_CE_LCE_TYPE_DECOMP, &numPcesPerLce, &numLces, &supportedPceMask, &supportedLceMask, &pcesPerHshub) @ kernel_ce_gp100.c:62
[   54.822191] NVRM: rpcRmApiAlloc_GSP: GspRmAlloc failed: hClient=0xc1d00013; hParent=0x31415903; hObject=0x3141590f; hClass=0x00000070; paramsSize=0x00000018; paramsStatus=0x00000000; status=0x00000056
[   55.174260] NVRM: rpcRmApiAlloc_GSP: GspRmAlloc failed: hClient=0xc1d00013; hParent=0x31415903; hObject=0x31415900; hClass=0x0000c36f; paramsSize=0x00000170; paramsStatus=0x00000000; status=0x00000056
[   55.262130] NVRM: nvCheckOkFailedNoLog: Check failed: Call not supported [NV_ERR_NOT_SUPPORTED] (0x00000056) returned from kgrobjPromoteContext(pGpu, pKernelGraphicsObject, pKernelGraphics) @ kernel_graphics_object.c:224
[   55.307250] NVRM: nvAssertFailedNoLog: Assertion failed: status == NV_OK @ kernel_rc_watchdog.c:1198
[   55.307651] NVRM: rpcRmApiFree_GSP: GspRmFree failed: hClient=0xc1d00013; hObject=0x31415900; paramsStatus=0x00000000; status=0x00000056
[   55.338077] NVRM: vaListDestroy: non-zero mapCount(pVaList): 0x1
[   55.338082] NVRM: vaListDestroy: non-zero mapCount(pVaList): 0x1
[   55.338084] NVRM: vaListDestroy: non-zero mapCount(pVaList): 0x1
[   55.338086] NVRM: vaListDestroy: non-zero mapCount(pVaList): 0x1
[   55.340702] NVRM: rpcRmApiFree_GSP: GspRmFree failed: hClient=0xc1d00013; hObject=0x3141590f; paramsStatus=0x00000000; status=0x00000056
[   55.340708] NVRM: nvAssertFailedNoLog: Assertion failed: (status == NV_OK) || (status == NV_ERR_GPU_IN_FULLCHIP_RESET) @ mem.c:180
[   55.354273] NVRM: rpcRmApiAlloc_GSP: GspRmAlloc failed: hClient=0xc1d00014; hParent=0xcaf00001; hObject=0xcaf00002; hClass=0x0000402c; paramsSize=0x00000000; paramsStatus=0x00000000; status=0x00000056
[   56.609678] NVRM: rpcRmApiAlloc_GSP: GspRmAlloc failed: hClient=0xc1d0000a; hParent=0xcaf0003e; hObject=0xcaf00041; hClass=0x0000c574; paramsSize=0x00000008; paramsStatus=0x00000000; status=0x00000056
[   56.622377] NVRM: rpcRmApiAlloc_GSP: GspRmAlloc failed: hClient=0xc1d0000a; hParent=0xcaf00042; hObject=0xcaf00045; hClass=0x0000c574; paramsSize=0x00000008; paramsStatus=0x00000000; status=0x00000056
[   56.625972] NVRM: rpcRmApiAlloc_GSP: GspRmAlloc failed: hClient=0xc1d0000a; hParent=0xcaf00046; hObject=0xcaf00049; hClass=0x0000c574; paramsSize=0x00000008; paramsStatus=0x00000000; status=0x00000056
[   56.629690] NVRM: rpcRmApiAlloc_GSP: GspRmAlloc failed: hClient=0xc1d0000a; hParent=0xcaf0004a; hObject=0xcaf0004d; hClass=0x0000c574; paramsSize=0x00000008; paramsStatus=0x00000000; status=0x00000056
[   56.633636] NVRM: rpcRmApiAlloc_GSP: GspRmAlloc failed: hClient=0xc1d0000a; hParent=0xcaf0004e; hObject=0xcaf00051; hClass=0x0000c574; paramsSize=0x00000008; paramsStatus=0x00000000; status=0x00000056
[   56.637386] NVRM: rpcRmApiAlloc_GSP: GspRmAlloc failed: hClient=0xc1d0000a; hParent=0xcaf00052; hObject=0xcaf00055; hClass=0x0000c574; paramsSize=0x00000008; paramsStatus=0x00000000; status=0x00000056
[   56.641242] NVRM: rpcRmApiAlloc_GSP: GspRmAlloc failed: hClient=0xc1d0000a; hParent=0xcaf00056; hObject=0xcaf00059; hClass=0x0000c574; paramsSize=0x00000008; paramsStatus=0x00000000; status=0x00000056
[   56.644959] NVRM: rpcRmApiAlloc_GSP: GspRmAlloc failed: hClient=0xc1d0000a; hParent=0xcaf0005a; hObject=0xcaf0005d; hClass=0x0000c574; paramsSize=0x00000008; paramsStatus=0x00000000; status=0x00000056
[   56.810256] NVRM: rpcRmApiAlloc_GSP: GspRmAlloc failed: hClient=0xc1d0000a; hParent=0xcaf0005e; hObject=0xcaf00062; hClass=0x0000c574; paramsSize=0x00000008; paramsStatus=0x00000000; status=0x00000056
[   56.813035] NVRM: rpcRmApiAlloc_GSP: GspRmAlloc failed: hClient=0xc1d0000a; hParent=0xcaf00063; hObject=0xcaf00067; hClass=0x0000c574; paramsSize=0x00000008; paramsStatus=0x00000000; status=0x00000056
[   56.815834] NVRM: rpcRmApiAlloc_GSP: GspRmAlloc failed: hClient=0xc1d0000a; hParent=0xcaf00068; hObject=0xcaf0006c; hClass=0x0000c574; paramsSize=0x00000008; paramsStatus=0x00000000; status=0x00000056
[   56.819079] NVRM: rpcRmApiAlloc_GSP: GspRmAlloc failed: hClient=0xc1d0000a; hParent=0xcaf0006d; hObject=0xcaf00071; hClass=0x0000c574; paramsSize=0x00000008; paramsStatus=0x00000000; status=0x00000056
[   56.989435] NVRM: rpcRmApiAlloc_GSP: GspRmAlloc failed: hClient=0xc1d0000a; hParent=0xcaf00072; hObject=0xcaf00076; hClass=0x0000c574; paramsSize=0x00000008; paramsStatus=0x00000000; status=0x00000056
[   56.992681] NVRM: rpcRmApiAlloc_GSP: GspRmAlloc failed: hClient=0xc1d0000a; hParent=0xcaf00077; hObject=0xcaf0007b; hClass=0x0000c574; paramsSize=0x00000008; paramsStatus=0x00000000; status=0x00000056
[   56.995825] NVRM: rpcRmApiAlloc_GSP: GspRmAlloc failed: hClient=0xc1d0000a; hParent=0xcaf0007c; hObject=0xcaf00080; hClass=0x0000c574; paramsSize=0x00000008; paramsStatus=0x00000000; status=0x00000056
[   56.998954] NVRM: rpcRmApiAlloc_GSP: GspRmAlloc failed: hClient=0xc1d0000a; hParent=0xcaf00081; hObject=0xcaf00085; hClass=0x0000c574; paramsSize=0x00000008; paramsStatus=0x00000000; status=0x00000056
[   78.046179] NVRM: subdeviceCtrlCmdMcServiceInterrupts_IMPL: NVRM_RPC: NV2080_CTRL_CMD_MC_SERVICE_INTERRUPTS failed with error 0x3a
[   79.162990] NVRM: subdeviceCtrlCmdMcServiceInterrupts_IMPL: NVRM_RPC: NV2080_CTRL_CMD_MC_SERVICE_INTERRUPTS failed with error 0x3a
[   80.197821] NVRM: subdeviceCtrlCmdMcServiceInterrupts_IMPL: NVRM_RPC: NV2080_CTRL_CMD_MC_SERVICE_INTERRUPTS failed with error 0x3a
[   81.228539] NVRM: subdeviceCtrlCmdMcServiceInterrupts_IMPL: NVRM_RPC: NV2080_CTRL_CMD_MC_SERVICE_INTERRUPTS failed with error 0x3a
[   82.243958] NVRM: subdeviceCtrlCmdMcServiceInterrupts_IMPL: NVRM_RPC: NV2080_CTRL_CMD_MC_SERVICE_INTERRUPTS failed with error 0x3a
[   83.251296] NVRM: subdeviceCtrlCmdMcServiceInterrupts_IMPL: NVRM_RPC: NV2080_CTRL_CMD_MC_SERVICE_INTERRUPTS failed with error 0x3a
[   84.257141] NVRM: subdeviceCtrlCmdMcServiceInterrupts_IMPL: NVRM_RPC: NV2080_CTRL_CMD_MC_SERVICE_INTERRUPTS failed with error 0x3a
[   85.259119] NVRM: subdeviceCtrlCmdMcServiceInterrupts_IMPL: NVRM_RPC: NV2080_CTRL_CMD_MC_SERVICE_INTERRUPTS failed with error 0x3a
[   85.261986] NVRM: rpcRmApiAlloc_GSP: GspRmAlloc failed: hClient=0xc1d0000c; hParent=0x5c000002; hObject=0x5c000072; hClass=0x000083de; paramsSize=0x0000000c; paramsStatus=0x00000000; status=0x00000056
[   86.312591] NVRM: subdeviceCtrlCmdMcServiceInterrupts_IMPL: NVRM_RPC: NV2080_CTRL_CMD_MC_SERVICE_INTERRUPTS failed with error 0x3a
[   87.315054] NVRM: subdeviceCtrlCmdMcServiceInterrupts_IMPL: NVRM_RPC: NV2080_CTRL_CMD_MC_SERVICE_INTERRUPTS failed with error 0x3a
[   88.322241] NVRM: subdeviceCtrlCmdMcServiceInterrupts_IMPL: NVRM_RPC: NV2080_CTRL_CMD_MC_SERVICE_INTERRUPTS failed with error 0x3a
[   89.324218] NVRM: subdeviceCtrlCmdMcServiceInterrupts_IMPL: NVRM_RPC: NV2080_CTRL_CMD_MC_SERVICE_INTERRUPTS failed with error 0x3a
[   89.381653] NVRM: rpcRmApiFree_GSP: GspRmFree failed: hClient=0xc1d0000c; hObject=0x5c000072; paramsStatus=0x00000000; status=0x00000056
[   89.381659] NVRM: nvAssertFailedNoLog: Assertion failed: (status == NV_OK) || (status == NV_ERR_GPU_IN_FULLCHIP_RESET) @ rs_client.c:844
[   89.381835] NVRM: nvAssertFailedNoLog: Assertion failed: (status == NV_OK) || (status == NV_ERR_GPU_IN_FULLCHIP_RESET) @ rs_server.c:259
[   90.394500] NVRM: subdeviceCtrlCmdMcServiceInterrupts_IMPL: NVRM_RPC: NV2080_CTRL_CMD_MC_SERVICE_INTERRUPTS failed with error 0x3a
[   90.438932] NVRM: nvAssertOkFailedNoLog: Assertion failed: Call not supported [NV_ERR_NOT_SUPPORTED] (0x00000056) returned from pRmApi->Control(pRmApi, RES_GET_CLIENT_HANDLE(pKernelChannel), RES_GET_HANDLE(pKernelChannel), NVA06F_CTRL_CMD_STOP_CHANNEL, &stopChannelParams, sizeof(stopChannelParams)) @ nv_gpu_ops.c:10957
[   90.439158] NVRM: nvAssertOkFailedNoLog: Assertion failed: Call not supported [NV_ERR_NOT_SUPPORTED] (0x00000056) returned from pRmApi->Control(pRmApi, retainedChannel->session->handle, retainedChannel->rmSubDevice->subDeviceHandle, NV2080_CTRL_CMD_GPU_EVICT_CTX, &params, sizeof(params)) @ nv_gpu_ops.c:10977
[   90.440566] NVRM: rpcRmApiFree_GSP: GspRmFree failed: hClient=0xc1d0000a; hObject=0xcaf00041; paramsStatus=0x00000000; status=0x00000056
[   90.440571] NVRM: nvAssertFailedNoLog: Assertion failed: (status == NV_OK) || (status == NV_ERR_GPU_IN_FULLCHIP_RESET) @ rs_client.c:844
[   90.440664] NVRM: nvAssertFailedNoLog: Assertion failed: (status == NV_OK) || (status == NV_ERR_GPU_IN_FULLCHIP_RESET) @ rs_server.c:259
[   90.440790] NVRM: nvAssertFailedNoLog: Assertion failed: status == NV_OK @ nv_gpu_ops.c:10328
[   90.446033] NVRM: nvAssertOkFailedNoLog: Assertion failed: Call not supported [NV_ERR_NOT_SUPPORTED] (0x00000056) returned from pRmApi->Control(pRmApi, RES_GET_CLIENT_HANDLE(pKernelChannel), RES_GET_HANDLE(pKernelChannel), NVA06F_CTRL_CMD_STOP_CHANNEL, &stopChannelParams, sizeof(stopChannelParams)) @ nv_gpu_ops.c:10957
[   90.446240] NVRM: nvAssertOkFailedNoLog: Assertion failed: Call not supported [NV_ERR_NOT_SUPPORTED] (0x00000056) returned from pRmApi->Control(pRmApi, retainedChannel->session->handle, retainedChannel->rmSubDevice->subDeviceHandle, NV2080_CTRL_CMD_GPU_EVICT_CTX, &params, sizeof(params)) @ nv_gpu_ops.c:10977
[   90.447759] NVRM: rpcRmApiFree_GSP: GspRmFree failed: hClient=0xc1d0000a; hObject=0xcaf00045; paramsStatus=0x00000000; status=0x00000056
[   90.447764] NVRM: nvAssertFailedNoLog: Assertion failed: (status == NV_OK) || (status == NV_ERR_GPU_IN_FULLCHIP_RESET) @ rs_client.c:844
[   90.447860] NVRM: nvAssertFailedNoLog: Assertion failed: (status == NV_OK) || (status == NV_ERR_GPU_IN_FULLCHIP_RESET) @ rs_server.c:259
[   90.447922] NVRM: nvAssertFailedNoLog: Assertion failed: status == NV_OK @ nv_gpu_ops.c:10328
[   90.449331] NVRM: nvAssertOkFailedNoLog: Assertion failed: Call not supported [NV_ERR_NOT_SUPPORTED] (0x00000056) returned from pRmApi->Control(pRmApi, RES_GET_CLIENT_HANDLE(pKernelChannel), RES_GET_HANDLE(pKernelChannel), NVA06F_CTRL_CMD_STOP_CHANNEL, &stopChannelParams, sizeof(stopChannelParams)) @ nv_gpu_ops.c:10957
[   90.449526] NVRM: nvAssertOkFailedNoLog: Assertion failed: Call not supported [NV_ERR_NOT_SUPPORTED] (0x00000056) returned from pRmApi->Control(pRmApi, retainedChannel->session->handle, retainedChannel->rmSubDevice->subDeviceHandle, NV2080_CTRL_CMD_GPU_EVICT_CTX, &params, sizeof(params)) @ nv_gpu_ops.c:10977
[   90.451032] NVRM: rpcRmApiFree_GSP: GspRmFree failed: hClient=0xc1d0000a; hObject=0xcaf00049; paramsStatus=0x00000000; status=0x00000056
[   90.451037] NVRM: nvAssertFailedNoLog: Assertion failed: (status == NV_OK) || (status == NV_ERR_GPU_IN_FULLCHIP_RESET) @ rs_client.c:844
[   90.451101] NVRM: nvAssertFailedNoLog: Assertion failed: (status == NV_OK) || (status == NV_ERR_GPU_IN_FULLCHIP_RESET) @ rs_server.c:259
[   90.451161] NVRM: nvAssertFailedNoLog: Assertion failed: status == NV_OK @ nv_gpu_ops.c:10328
[   90.452539] NVRM: nvAssertOkFailedNoLog: Assertion failed: Call not supported [NV_ERR_NOT_SUPPORTED] (0x00000056) returned from pRmApi->Control(pRmApi, RES_GET_CLIENT_HANDLE(pKernelChannel), RES_GET_HANDLE(pKernelChannel), NVA06F_CTRL_CMD_STOP_CHANNEL, &stopChannelParams, sizeof(stopChannelParams)) @ nv_gpu_ops.c:10957
[   90.452900] NVRM: nvAssertOkFailedNoLog: Assertion failed: Call not supported [NV_ERR_NOT_SUPPORTED] (0x00000056) returned from pRmApi->Control(pRmApi, retainedChannel->session->handle, retainedChannel->rmSubDevice->subDeviceHandle, NV2080_CTRL_CMD_GPU_EVICT_CTX, &params, sizeof(params)) @ nv_gpu_ops.c:10977
[   90.454552] NVRM: rpcRmApiFree_GSP: GspRmFree failed: hClient=0xc1d0000a; hObject=0xcaf0004d; paramsStatus=0x00000000; status=0x00000056
[   90.454557] NVRM: nvAssertFailedNoLog: Assertion failed: (status == NV_OK) || (status == NV_ERR_GPU_IN_FULLCHIP_RESET) @ rs_client.c:844
[   90.454655] NVRM: nvAssertFailedNoLog: Assertion failed: (status == NV_OK) || (status == NV_ERR_GPU_IN_FULLCHIP_RESET) @ rs_server.c:259
[   90.454798] NVRM: nvAssertFailedNoLog: Assertion failed: status == NV_OK @ nv_gpu_ops.c:10328
[   90.456375] NVRM: nvAssertOkFailedNoLog: Assertion failed: Call not supported [NV_ERR_NOT_SUPPORTED] (0x00000056) returned from pRmApi->Control(pRmApi, RES_GET_CLIENT_HANDLE(pKernelChannel), RES_GET_HANDLE(pKernelChannel), NVA06F_CTRL_CMD_STOP_CHANNEL, &stopChannelParams, sizeof(stopChannelParams)) @ nv_gpu_ops.c:10957
[   90.456599] NVRM: nvAssertOkFailedNoLog: Assertion failed: Call not supported [NV_ERR_NOT_SUPPORTED] (0x00000056) returned from pRmApi->Control(pRmApi, retainedChannel->session->handle, retainedChannel->rmSubDevice->subDeviceHandle, NV2080_CTRL_CMD_GPU_EVICT_CTX, &params, sizeof(params)) @ nv_gpu_ops.c:10977
[   90.458285] NVRM: rpcRmApiFree_GSP: GspRmFree failed: hClient=0xc1d0000a; hObject=0xcaf00051; paramsStatus=0x00000000; status=0x00000056
[   90.458290] NVRM: nvAssertFailedNoLog: Assertion failed: (status == NV_OK) || (status == NV_ERR_GPU_IN_FULLCHIP_RESET) @ rs_client.c:844
[   90.458363] NVRM: nvAssertFailedNoLog: Assertion failed: (status == NV_OK) || (status == NV_ERR_GPU_IN_FULLCHIP_RESET) @ rs_server.c:259
[   90.458432] NVRM: nvAssertFailedNoLog: Assertion failed: status == NV_OK @ nv_gpu_ops.c:10328
[   90.459979] NVRM: nvAssertOkFailedNoLog: Assertion failed: Call not supported [NV_ERR_NOT_SUPPORTED] (0x00000056) returned from pRmApi->Control(pRmApi, RES_GET_CLIENT_HANDLE(pKernelChannel), RES_GET_HANDLE(pKernelChannel), NVA06F_CTRL_CMD_STOP_CHANNEL, &stopChannelParams, sizeof(stopChannelParams)) @ nv_gpu_ops.c:10957
[   90.460204] NVRM: nvAssertOkFailedNoLog: Assertion failed: Call not supported [NV_ERR_NOT_SUPPORTED] (0x00000056) returned from pRmApi->Control(pRmApi, retainedChannel->session->handle, retainedChannel->rmSubDevice->subDeviceHandle, NV2080_CTRL_CMD_GPU_EVICT_CTX, &params, sizeof(params)) @ nv_gpu_ops.c:10977
[   90.461928] NVRM: rpcRmApiFree_GSP: GspRmFree failed: hClient=0xc1d0000a; hObject=0xcaf00055; paramsStatus=0x00000000; status=0x00000056
[   90.461933] NVRM: nvAssertFailedNoLog: Assertion failed: (status == NV_OK) || (status == NV_ERR_GPU_IN_FULLCHIP_RESET) @ rs_client.c:844
[   90.462006] NVRM: nvAssertFailedNoLog: Assertion failed: (status == NV_OK) || (status == NV_ERR_GPU_IN_FULLCHIP_RESET) @ rs_server.c:259
[   90.462074] NVRM: nvAssertFailedNoLog: Assertion failed: status == NV_OK @ nv_gpu_ops.c:10328
[   90.463598] NVRM: nvAssertOkFailedNoLog: Assertion failed: Call not supported [NV_ERR_NOT_SUPPORTED] (0x00000056) returned from pRmApi->Control(pRmApi, RES_GET_CLIENT_HANDLE(pKernelChannel), RES_GET_HANDLE(pKernelChannel), NVA06F_CTRL_CMD_STOP_CHANNEL, &stopChannelParams, sizeof(stopChannelParams)) @ nv_gpu_ops.c:10957
[   90.463964] NVRM: nvAssertOkFailedNoLog: Assertion failed: Call not supported [NV_ERR_NOT_SUPPORTED] (0x00000056) returned from pRmApi->Control(pRmApi, retainedChannel->session->handle, retainedChannel->rmSubDevice->subDeviceHandle, NV2080_CTRL_CMD_GPU_EVICT_CTX, &params, sizeof(params)) @ nv_gpu_ops.c:10977
[   90.465508] NVRM: rpcRmApiFree_GSP: GspRmFree failed: hClient=0xc1d0000a; hObject=0xcaf00059; paramsStatus=0x00000000; status=0x00000056
[   90.465512] NVRM: nvAssertFailedNoLog: Assertion failed: (status == NV_OK) || (status == NV_ERR_GPU_IN_FULLCHIP_RESET) @ rs_client.c:844
[   90.465573] NVRM: nvAssertFailedNoLog: Assertion failed: (status == NV_OK) || (status == NV_ERR_GPU_IN_FULLCHIP_RESET) @ rs_server.c:259
[   90.465677] NVRM: nvAssertFailedNoLog: Assertion failed: status == NV_OK @ nv_gpu_ops.c:10328
[   90.471203] NVRM: nvAssertOkFailedNoLog: Assertion failed: Call not supported [NV_ERR_NOT_SUPPORTED] (0x00000056) returned from pRmApi->Control(pRmApi, RES_GET_CLIENT_HANDLE(pKernelChannel), RES_GET_HANDLE(pKernelChannel), NVA06F_CTRL_CMD_STOP_CHANNEL, &stopChannelParams, sizeof(stopChannelParams)) @ nv_gpu_ops.c:10957
[   90.471395] NVRM: nvAssertOkFailedNoLog: Assertion failed: Call not supported [NV_ERR_NOT_SUPPORTED] (0x00000056) returned from pRmApi->Control(pRmApi, retainedChannel->session->handle, retainedChannel->rmSubDevice->subDeviceHandle, NV2080_CTRL_CMD_GPU_EVICT_CTX, &params, sizeof(params)) @ nv_gpu_ops.c:10977
[   90.481400] NVRM: rpcRmApiFree_GSP: GspRmFree failed: hClient=0xc1d0000a; hObject=0xcaf0005d; paramsStatus=0x00000000; status=0x00000056
[   90.481405] NVRM: nvAssertFailedNoLog: Assertion failed: (status == NV_OK) || (status == NV_ERR_GPU_IN_FULLCHIP_RESET) @ rs_client.c:844
[   90.481469] NVRM: nvAssertFailedNoLog: Assertion failed: (status == NV_OK) || (status == NV_ERR_GPU_IN_FULLCHIP_RESET) @ rs_server.c:259
[   90.481528] NVRM: nvAssertFailedNoLog: Assertion failed: status == NV_OK @ nv_gpu_ops.c:10328
[   90.531656] NVRM: nvAssertOkFailedNoLog: Assertion failed: Call not supported [NV_ERR_NOT_SUPPORTED] (0x00000056) returned from pRmApi->Control(pRmApi, RES_GET_CLIENT_HANDLE(pKernelChannel), RES_GET_HANDLE(pKernelChannel), NVA06F_CTRL_CMD_STOP_CHANNEL, &stopChannelParams, sizeof(stopChannelParams)) @ nv_gpu_ops.c:10957
[   90.533355] NVRM: rpcRmApiFree_GSP: GspRmFree failed: hClient=0xc1d0000a; hObject=0xcaf00062; paramsStatus=0x00000000; status=0x00000056
[   90.533360] NVRM: nvAssertFailedNoLog: Assertion failed: (status == NV_OK) || (status == NV_ERR_GPU_IN_FULLCHIP_RESET) @ rs_client.c:844
[   90.533432] NVRM: nvAssertFailedNoLog: Assertion failed: (status == NV_OK) || (status == NV_ERR_GPU_IN_FULLCHIP_RESET) @ rs_server.c:259
[   90.533496] NVRM: nvAssertFailedNoLog: Assertion failed: status == NV_OK @ nv_gpu_ops.c:10328
[   90.538683] NVRM: nvAssertOkFailedNoLog: Assertion failed: Call not supported [NV_ERR_NOT_SUPPORTED] (0x00000056) returned from pRmApi->Control(pRmApi, RES_GET_CLIENT_HANDLE(pKernelChannel), RES_GET_HANDLE(pKernelChannel), NVA06F_CTRL_CMD_STOP_CHANNEL, &stopChannelParams, sizeof(stopChannelParams)) @ nv_gpu_ops.c:10957
[   90.540475] NVRM: rpcRmApiFree_GSP: GspRmFree failed: hClient=0xc1d0000a; hObject=0xcaf00067; paramsStatus=0x00000000; status=0x00000056
[   90.540479] NVRM: nvAssertFailedNoLog: Assertion failed: (status == NV_OK) || (status == NV_ERR_GPU_IN_FULLCHIP_RESET) @ rs_client.c:844
[   90.540545] NVRM: nvAssertFailedNoLog: Assertion failed: (status == NV_OK) || (status == NV_ERR_GPU_IN_FULLCHIP_RESET) @ rs_server.c:259
[   90.540645] NVRM: nvAssertFailedNoLog: Assertion failed: status == NV_OK @ nv_gpu_ops.c:10328
[   90.542032] NVRM: nvAssertOkFailedNoLog: Assertion failed: Call not supported [NV_ERR_NOT_SUPPORTED] (0x00000056) returned from pRmApi->Control(pRmApi, RES_GET_CLIENT_HANDLE(pKernelChannel), RES_GET_HANDLE(pKernelChannel), NVA06F_CTRL_CMD_STOP_CHANNEL, &stopChannelParams, sizeof(stopChannelParams)) @ nv_gpu_ops.c:10957
[   90.543552] NVRM: rpcRmApiFree_GSP: GspRmFree failed: hClient=0xc1d0000a; hObject=0xcaf0006c; paramsStatus=0x00000000; status=0x00000056
[   90.543556] NVRM: nvAssertFailedNoLog: Assertion failed: (status == NV_OK) || (status == NV_ERR_GPU_IN_FULLCHIP_RESET) @ rs_client.c:844
[   90.543662] NVRM: nvAssertFailedNoLog: Assertion failed: (status == NV_OK) || (status == NV_ERR_GPU_IN_FULLCHIP_RESET) @ rs_server.c:259
[   90.543805] NVRM: nvAssertFailedNoLog: Assertion failed: status == NV_OK @ nv_gpu_ops.c:10328
[   90.545072] NVRM: nvAssertOkFailedNoLog: Assertion failed: Call not supported [NV_ERR_NOT_SUPPORTED] (0x00000056) returned from pRmApi->Control(pRmApi, RES_GET_CLIENT_HANDLE(pKernelChannel), RES_GET_HANDLE(pKernelChannel), NVA06F_CTRL_CMD_STOP_CHANNEL, &stopChannelParams, sizeof(stopChannelParams)) @ nv_gpu_ops.c:10957
[   90.546596] NVRM: rpcRmApiFree_GSP: GspRmFree failed: hClient=0xc1d0000a; hObject=0xcaf00071; paramsStatus=0x00000000; status=0x00000056
[   90.546641] NVRM: nvAssertFailedNoLog: Assertion failed: (status == NV_OK) || (status == NV_ERR_GPU_IN_FULLCHIP_RESET) @ rs_client.c:844
[   90.546792] NVRM: nvAssertFailedNoLog: Assertion failed: (status == NV_OK) || (status == NV_ERR_GPU_IN_FULLCHIP_RESET) @ rs_server.c:259
[   90.546876] NVRM: nvAssertFailedNoLog: Assertion failed: status == NV_OK @ nv_gpu_ops.c:10328
[   90.573547] NVRM: nvAssertOkFailedNoLog: Assertion failed: Call not supported [NV_ERR_NOT_SUPPORTED] (0x00000056) returned from pRmApi->Control(pRmApi, RES_GET_CLIENT_HANDLE(pKernelChannel), RES_GET_HANDLE(pKernelChannel), NVA06F_CTRL_CMD_STOP_CHANNEL, &stopChannelParams, sizeof(stopChannelParams)) @ nv_gpu_ops.c:10957
[   90.575059] NVRM: rpcRmApiFree_GSP: GspRmFree failed: hClient=0xc1d0000a; hObject=0xcaf00076; paramsStatus=0x00000000; status=0x00000056
[   90.575064] NVRM: nvAssertFailedNoLog: Assertion failed: (status == NV_OK) || (status == NV_ERR_GPU_IN_FULLCHIP_RESET) @ rs_client.c:844
[   90.575142] NVRM: nvAssertFailedNoLog: Assertion failed: (status == NV_OK) || (status == NV_ERR_GPU_IN_FULLCHIP_RESET) @ rs_server.c:259
[   90.575217] NVRM: nvAssertFailedNoLog: Assertion failed: status == NV_OK @ nv_gpu_ops.c:10328
[   90.576297] NVRM: nvAssertOkFailedNoLog: Assertion failed: Call not supported [NV_ERR_NOT_SUPPORTED] (0x00000056) returned from pRmApi->Control(pRmApi, RES_GET_CLIENT_HANDLE(pKernelChannel), RES_GET_HANDLE(pKernelChannel), NVA06F_CTRL_CMD_STOP_CHANNEL, &stopChannelParams, sizeof(stopChannelParams)) @ nv_gpu_ops.c:10957
[   90.577701] NVRM: rpcRmApiFree_GSP: GspRmFree failed: hClient=0xc1d0000a; hObject=0xcaf0007b; paramsStatus=0x00000000; status=0x00000056
[   90.577706] NVRM: nvAssertFailedNoLog: Assertion failed: (status == NV_OK) || (status == NV_ERR_GPU_IN_FULLCHIP_RESET) @ rs_client.c:844
[   90.577872] NVRM: nvAssertFailedNoLog: Assertion failed: (status == NV_OK) || (status == NV_ERR_GPU_IN_FULLCHIP_RESET) @ rs_server.c:259
[   90.577948] NVRM: nvAssertFailedNoLog: Assertion failed: status == NV_OK @ nv_gpu_ops.c:10328
[   90.579024] NVRM: nvAssertOkFailedNoLog: Assertion failed: Call not supported [NV_ERR_NOT_SUPPORTED] (0x00000056) returned from pRmApi->Control(pRmApi, RES_GET_CLIENT_HANDLE(pKernelChannel), RES_GET_HANDLE(pKernelChannel), NVA06F_CTRL_CMD_STOP_CHANNEL, &stopChannelParams, sizeof(stopChannelParams)) @ nv_gpu_ops.c:10957
[   90.580350] NVRM: rpcRmApiFree_GSP: GspRmFree failed: hClient=0xc1d0000a; hObject=0xcaf00080; paramsStatus=0x00000000; status=0x00000056
[   90.580355] NVRM: nvAssertFailedNoLog: Assertion failed: (status == NV_OK) || (status == NV_ERR_GPU_IN_FULLCHIP_RESET) @ rs_client.c:844
[   90.580419] NVRM: nvAssertFailedNoLog: Assertion failed: (status == NV_OK) || (status == NV_ERR_GPU_IN_FULLCHIP_RESET) @ rs_server.c:259
[   90.580478] NVRM: nvAssertFailedNoLog: Assertion failed: status == NV_OK @ nv_gpu_ops.c:10328
[   90.581464] NVRM: nvAssertOkFailedNoLog: Assertion failed: Call not supported [NV_ERR_NOT_SUPPORTED] (0x00000056) returned from pRmApi->Control(pRmApi, RES_GET_CLIENT_HANDLE(pKernelChannel), RES_GET_HANDLE(pKernelChannel), NVA06F_CTRL_CMD_STOP_CHANNEL, &stopChannelParams, sizeof(stopChannelParams)) @ nv_gpu_ops.c:10957
[   90.582873] NVRM: rpcRmApiFree_GSP: GspRmFree failed: hClient=0xc1d0000a; hObject=0xcaf00085; paramsStatus=0x00000000; status=0x00000056
[   90.582877] NVRM: nvAssertFailedNoLog: Assertion failed: (status == NV_OK) || (status == NV_ERR_GPU_IN_FULLCHIP_RESET) @ rs_client.c:844
[   90.582941] NVRM: nvAssertFailedNoLog: Assertion failed: (status == NV_OK) || (status == NV_ERR_GPU_IN_FULLCHIP_RESET) @ rs_server.c:259
[   90.583001] NVRM: nvAssertFailedNoLog: Assertion failed: status == NV_OK @ nv_gpu_ops.c:10328
[   90.834132] NVRM: kgmmuClientShadowFaultBufferUnregister_IMPL: Unregistering non-replayable fault buffer failed (status=0x00000056), proceeding...
[   90.835921] NVRM: kgmmuFaultBufferReplayableDestroy_IMPL: Unregistering Replayable Fault buffer failed (status=0x00000056), proceeding...
[   90.837566] NVRM: uvmTerminateAccessCntrBuffer_IMPL: Unloading UVM Access counters failed (status=0x00000056), proceeding...
[   92.130925] NVRM: rpcRmApiFree_GSP: GspRmFree failed: hClient=0xc1d00014; hObject=0xcaf00002; paramsStatus=0x00000000; status=0x00000056
[   92.130936] NVRM: nvAssertFailedNoLog: Assertion failed: (status == NV_OK) || (status == NV_ERR_GPU_IN_FULLCHIP_RESET) @ rs_client.c:844
[   92.131032] NVRM: nvAssertFailedNoLog: Assertion failed: (status == NV_OK) || (status == NV_ERR_GPU_IN_FULLCHIP_RESET) @ rs_server.c:259
[   92.131123] NVRM: nvAssertFailedNoLog: Assertion failed: (status == NV_OK) || (status == NV_ERR_GPU_IN_FULLCHIP_RESET) @ rs_server.c:1375
[   92.133219] NVRM: nvAssertFailedNoLog: Assertion failed: (status == NV_OK) || (status == NV_ERR_GPU_IN_FULLCHIP_RESET) @ fecs_event_list.c:1623
[   93.449299] NVRM: nvCheckOkFailedNoLog: Check failed: Call not supported [NV_ERR_NOT_SUPPORTED] (0x00000056) returned from pRmApi->Control(pRmApi, pGpu->hInternalClient, pGpu->hInternalSubdevice, NV2080_CTRL_CMD_INTERNAL_INIT_USER_SHARED_DATA, &params, sizeof(params)) @ gpu_user_shared_data.c:213
=== ★★ is the CE wall ARMED or DORMANT? (one line decides it) ===
NEITHER LINE PRESENT at this loglevel
HOOK_RC=0
