# tag	field	nvkvm-pv	driver-matrix	verdict
535.43.02	uvm_map_ext_size	1200	1200	agree
535.43.02	uvm_map_ext_fd_off	1184	1184	agree
535.43.02	uvm_sem_pool_size	1184	1184	agree
535.43.02	uvm_register_gpu_size	40	40	agree
535.43.02	uvm_register_gpu_fd_off	24	24	agree
535.43.02	uvm_register_gpu_status_off	36	36	agree
535.43.02	uvm_register_gpu_hclient_off	28	28	agree
535.43.02	uvm_register_gpu_hsmcpart_off	32	32	agree
535.43.02	chan_alloc_size	304	304	agree
535.43.02	vaspace_alloc_size	48	48	agree
535.43.02	mem_alloc_size	120	120	agree
535.43.02	nv00de_alloc_size	4	4	agree
535.43.02	nvos46_size	56	56	agree
535.43.02	nvos46_status_off	48	48	agree
535.43.08	uvm_map_ext_size	1200	1200	agree
535.43.08	uvm_map_ext_fd_off	1184	1184	agree
535.43.08	uvm_sem_pool_size	1184	1184	agree
535.43.08	uvm_register_gpu_size	40	40	agree
535.43.08	uvm_register_gpu_fd_off	24	24	agree
535.43.08	uvm_register_gpu_status_off	36	36	agree
535.43.08	uvm_register_gpu_hclient_off	28	28	agree
535.43.08	uvm_register_gpu_hsmcpart_off	32	32	agree
535.43.08	chan_alloc_size	360	360	agree
535.43.08	vaspace_alloc_size	48	48	agree
535.43.08	mem_alloc_size	120	120	agree
535.43.08	nv00de_alloc_size	4	4	agree
535.43.08	nvos46_size	56	56	agree
535.43.08	nvos46_status_off	48	48	agree
535.43.09	uvm_map_ext_size	1200	1200	agree
535.43.09	uvm_map_ext_fd_off	1184	1184	agree
535.43.09	uvm_sem_pool_size	1184	1184	agree
535.43.09	uvm_register_gpu_size	40	40	agree
535.43.09	uvm_register_gpu_fd_off	24	24	agree
535.43.09	uvm_register_gpu_status_off	36	36	agree
535.43.09	uvm_register_gpu_hclient_off	28	28	agree
535.43.09	uvm_register_gpu_hsmcpart_off	32	32	agree
535.43.09	chan_alloc_size	360	360	agree
535.43.09	vaspace_alloc_size	48	48	agree
535.43.09	mem_alloc_size	120	120	agree
535.43.09	nv00de_alloc_size	4	4	agree
535.43.09	nvos46_size	56	56	agree
535.43.09	nvos46_status_off	48	48	agree
535.43.10	uvm_map_ext_size	1200	1200	agree
535.43.10	uvm_map_ext_fd_off	1184	1184	agree
535.43.10	uvm_sem_pool_size	1184	1184	agree
535.43.10	uvm_register_gpu_size	40	40	agree
535.43.10	uvm_register_gpu_fd_off	24	24	agree
535.43.10	uvm_register_gpu_status_off	36	36	agree
535.43.10	uvm_register_gpu_hclient_off	28	28	agree
535.43.10	uvm_register_gpu_hsmcpart_off	32	32	agree
535.43.10	chan_alloc_size	360	360	agree
535.43.10	vaspace_alloc_size	48	48	agree
535.43.10	mem_alloc_size	120	120	agree
535.43.10	nv00de_alloc_size	4	4	agree
535.43.10	nvos46_size	56	56	agree
535.43.10	nvos46_status_off	48	48	agree
535.43.11	uvm_map_ext_size	1200	1200	agree
535.43.11	uvm_map_ext_fd_off	1184	1184	agree
535.43.11	uvm_sem_pool_size	1184	1184	agree
535.43.11	uvm_register_gpu_size	40	40	agree
535.43.11	uvm_register_gpu_fd_off	24	24	agree
535.43.11	uvm_register_gpu_status_off	36	36	agree
535.43.11	uvm_register_gpu_hclient_off	28	28	agree
535.43.11	uvm_register_gpu_hsmcpart_off	32	32	agree
535.43.11	chan_alloc_size	360	360	agree
535.43.11	vaspace_alloc_size	48	48	agree
535.43.11	mem_alloc_size	120	120	agree
535.43.11	nv00de_alloc_size	4	4	agree
535.43.11	nvos46_size	56	56	agree
535.43.11	nvos46_status_off	48	48	agree
535.43.13	uvm_map_ext_size	1200	1200	agree
535.43.13	uvm_map_ext_fd_off	1184	1184	agree
535.43.13	uvm_sem_pool_size	1184	1184	agree
535.43.13	uvm_register_gpu_size	40	40	agree
535.43.13	uvm_register_gpu_fd_off	24	24	agree
535.43.13	uvm_register_gpu_status_off	36	36	agree
535.43.13	uvm_register_gpu_hclient_off	28	28	agree
535.43.13	uvm_register_gpu_hsmcpart_off	32	32	agree
535.43.13	chan_alloc_size	360	360	agree
535.43.13	vaspace_alloc_size	48	48	agree
535.43.13	mem_alloc_size	120	120	agree
535.43.13	nv00de_alloc_size	4	4	agree
535.43.13	nvos46_size	56	56	agree
535.43.13	nvos46_status_off	48	48	agree
535.43.15	uvm_map_ext_size	1200	1200	agree
535.43.15	uvm_map_ext_fd_off	1184	1184	agree
535.43.15	uvm_sem_pool_size	1184	1184	agree
535.43.15	uvm_register_gpu_size	40	40	agree
535.43.15	uvm_register_gpu_fd_off	24	24	agree
535.43.15	uvm_register_gpu_status_off	36	36	agree
535.43.15	uvm_register_gpu_hclient_off	28	28	agree
535.43.15	uvm_register_gpu_hsmcpart_off	32	32	agree
535.43.15	chan_alloc_size	360	360	agree
535.43.15	vaspace_alloc_size	48	48	agree
535.43.15	mem_alloc_size	120	120	agree
535.43.15	nv00de_alloc_size	4	4	agree
535.43.15	nvos46_size	56	56	agree
535.43.15	nvos46_status_off	48	48	agree
535.43.16	uvm_map_ext_size	1200	1200	agree
535.43.16	uvm_map_ext_fd_off	1184	1184	agree
535.43.16	uvm_sem_pool_size	1184	1184	agree
535.43.16	uvm_register_gpu_size	40	40	agree
535.43.16	uvm_register_gpu_fd_off	24	24	agree
535.43.16	uvm_register_gpu_status_off	36	36	agree
535.43.16	uvm_register_gpu_hclient_off	28	28	agree
535.43.16	uvm_register_gpu_hsmcpart_off	32	32	agree
535.43.16	chan_alloc_size	360	360	agree
535.43.16	vaspace_alloc_size	48	48	agree
535.43.16	mem_alloc_size	120	120	agree
535.43.16	nv00de_alloc_size	4	4	agree
535.43.16	nvos46_size	56	56	agree
535.43.16	nvos46_status_off	48	48	agree
535.43.19	uvm_map_ext_size	1200	1200	agree
535.43.19	uvm_map_ext_fd_off	1184	1184	agree
535.43.19	uvm_sem_pool_size	1184	1184	agree
535.43.19	uvm_register_gpu_size	40	40	agree
535.43.19	uvm_register_gpu_fd_off	24	24	agree
535.43.19	uvm_register_gpu_status_off	36	36	agree
535.43.19	uvm_register_gpu_hclient_off	28	28	agree
535.43.19	uvm_register_gpu_hsmcpart_off	32	32	agree
535.43.19	chan_alloc_size	360	360	agree
535.43.19	vaspace_alloc_size	48	48	agree
535.43.19	mem_alloc_size	120	120	agree
535.43.19	nv00de_alloc_size	4	4	agree
535.43.19	nvos46_size	56	56	agree
535.43.19	nvos46_status_off	48	48	agree
535.43.20	uvm_map_ext_size	1200	1200	agree
535.43.20	uvm_map_ext_fd_off	1184	1184	agree
535.43.20	uvm_sem_pool_size	1184	1184	agree
535.43.20	uvm_register_gpu_size	40	40	agree
535.43.20	uvm_register_gpu_fd_off	24	24	agree
535.43.20	uvm_register_gpu_status_off	36	36	agree
535.43.20	uvm_register_gpu_hclient_off	28	28	agree
535.43.20	uvm_register_gpu_hsmcpart_off	32	32	agree
535.43.20	chan_alloc_size	360	360	agree
535.43.20	vaspace_alloc_size	48	48	agree
535.43.20	mem_alloc_size	120	120	agree
535.43.20	nv00de_alloc_size	4	4	agree
535.43.20	nvos46_size	56	56	agree
535.43.20	nvos46_status_off	48	48	agree
535.43.22	uvm_map_ext_size	1200	1200	agree
535.43.22	uvm_map_ext_fd_off	1184	1184	agree
535.43.22	uvm_sem_pool_size	1184	1184	agree
535.43.22	uvm_register_gpu_size	40	40	agree
535.43.22	uvm_register_gpu_fd_off	24	24	agree
535.43.22	uvm_register_gpu_status_off	36	36	agree
535.43.22	uvm_register_gpu_hclient_off	28	28	agree
535.43.22	uvm_register_gpu_hsmcpart_off	32	32	agree
535.43.22	chan_alloc_size	360	360	agree
535.43.22	vaspace_alloc_size	48	48	agree
535.43.22	mem_alloc_size	120	120	agree
535.43.22	nv00de_alloc_size	4	4	agree
535.43.22	nvos46_size	56	56	agree
535.43.22	nvos46_status_off	48	48	agree
535.43.23	uvm_map_ext_size	1200	1200	agree
535.43.23	uvm_map_ext_fd_off	1184	1184	agree
535.43.23	uvm_sem_pool_size	1184	1184	agree
535.43.23	uvm_register_gpu_size	40	40	agree
535.43.23	uvm_register_gpu_fd_off	24	24	agree
535.43.23	uvm_register_gpu_status_off	36	36	agree
535.43.23	uvm_register_gpu_hclient_off	28	28	agree
535.43.23	uvm_register_gpu_hsmcpart_off	32	32	agree
535.43.23	chan_alloc_size	360	360	agree
535.43.23	vaspace_alloc_size	48	48	agree
535.43.23	mem_alloc_size	120	120	agree
535.43.23	nv00de_alloc_size	4	4	agree
535.43.23	nvos46_size	56	56	agree
535.43.23	nvos46_status_off	48	48	agree
535.43.24	uvm_map_ext_size	1200	1200	agree
535.43.24	uvm_map_ext_fd_off	1184	1184	agree
535.43.24	uvm_sem_pool_size	1184	1184	agree
535.43.24	uvm_register_gpu_size	40	40	agree
535.43.24	uvm_register_gpu_fd_off	24	24	agree
535.43.24	uvm_register_gpu_status_off	36	36	agree
535.43.24	uvm_register_gpu_hclient_off	28	28	agree
535.43.24	uvm_register_gpu_hsmcpart_off	32	32	agree
535.43.24	chan_alloc_size	360	360	agree
535.43.24	vaspace_alloc_size	48	48	agree
535.43.24	mem_alloc_size	120	120	agree
535.43.24	nv00de_alloc_size	4	4	agree
535.43.24	nvos46_size	56	56	agree
535.43.24	nvos46_status_off	48	48	agree
535.43.25	uvm_map_ext_size	1200	1200	agree
535.43.25	uvm_map_ext_fd_off	1184	1184	agree
535.43.25	uvm_sem_pool_size	1184	1184	agree
535.43.25	uvm_register_gpu_size	40	40	agree
535.43.25	uvm_register_gpu_fd_off	24	24	agree
535.43.25	uvm_register_gpu_status_off	36	36	agree
535.43.25	uvm_register_gpu_hclient_off	28	28	agree
535.43.25	uvm_register_gpu_hsmcpart_off	32	32	agree
535.43.25	chan_alloc_size	360	360	agree
535.43.25	vaspace_alloc_size	48	48	agree
535.43.25	mem_alloc_size	120	120	agree
535.43.25	nv00de_alloc_size	4	4	agree
535.43.25	nvos46_size	56	56	agree
535.43.25	nvos46_status_off	48	48	agree
535.43.28	uvm_map_ext_size	1200	1200	agree
535.43.28	uvm_map_ext_fd_off	1184	1184	agree
535.43.28	uvm_sem_pool_size	1184	1184	agree
535.43.28	uvm_register_gpu_size	40	40	agree
535.43.28	uvm_register_gpu_fd_off	24	24	agree
535.43.28	uvm_register_gpu_status_off	36	36	agree
535.43.28	uvm_register_gpu_hclient_off	28	28	agree
535.43.28	uvm_register_gpu_hsmcpart_off	32	32	agree
535.43.28	chan_alloc_size	360	360	agree
535.43.28	vaspace_alloc_size	48	48	agree
535.43.28	mem_alloc_size	120	120	agree
535.43.28	nv00de_alloc_size	4	4	agree
535.43.28	nvos46_size	56	56	agree
535.43.28	nvos46_status_off	48	48	agree
535.54.03	uvm_map_ext_size	1200	1200	agree
535.54.03	uvm_map_ext_fd_off	1184	1184	agree
535.54.03	uvm_sem_pool_size	1184	1184	agree
535.54.03	uvm_register_gpu_size	40	40	agree
535.54.03	uvm_register_gpu_fd_off	24	24	agree
535.54.03	uvm_register_gpu_status_off	36	36	agree
535.54.03	uvm_register_gpu_hclient_off	28	28	agree
535.54.03	uvm_register_gpu_hsmcpart_off	32	32	agree
535.54.03	chan_alloc_size	304	304	agree
535.54.03	vaspace_alloc_size	48	48	agree
535.54.03	mem_alloc_size	120	120	agree
535.54.03	nv00de_alloc_size	4	4	agree
535.54.03	nvos46_size	56	56	agree
535.54.03	nvos46_status_off	48	48	agree
535.86.05	uvm_map_ext_size	1200	1200	agree
535.86.05	uvm_map_ext_fd_off	1184	1184	agree
535.86.05	uvm_sem_pool_size	1184	1184	agree
535.86.05	uvm_register_gpu_size	40	40	agree
535.86.05	uvm_register_gpu_fd_off	24	24	agree
535.86.05	uvm_register_gpu_status_off	36	36	agree
535.86.05	uvm_register_gpu_hclient_off	28	28	agree
535.86.05	uvm_register_gpu_hsmcpart_off	32	32	agree
535.86.05	chan_alloc_size	360	360	agree
535.86.05	vaspace_alloc_size	48	48	agree
535.86.05	mem_alloc_size	120	120	agree
535.86.05	nv00de_alloc_size	4	4	agree
535.86.05	nvos46_size	56	56	agree
535.86.05	nvos46_status_off	48	48	agree
535.86.10	uvm_map_ext_size	1200	1200	agree
535.86.10	uvm_map_ext_fd_off	1184	1184	agree
535.86.10	uvm_sem_pool_size	1184	1184	agree
535.86.10	uvm_register_gpu_size	40	40	agree
535.86.10	uvm_register_gpu_fd_off	24	24	agree
535.86.10	uvm_register_gpu_status_off	36	36	agree
535.86.10	uvm_register_gpu_hclient_off	28	28	agree
535.86.10	uvm_register_gpu_hsmcpart_off	32	32	agree
535.86.10	chan_alloc_size	360	360	agree
535.86.10	vaspace_alloc_size	48	48	agree
535.86.10	mem_alloc_size	120	120	agree
535.86.10	nv00de_alloc_size	4	4	agree
535.86.10	nvos46_size	56	56	agree
535.86.10	nvos46_status_off	48	48	agree
535.98	uvm_map_ext_size	1200	1200	agree
535.98	uvm_map_ext_fd_off	1184	1184	agree
535.98	uvm_sem_pool_size	1184	1184	agree
535.98	uvm_register_gpu_size	40	40	agree
535.98	uvm_register_gpu_fd_off	24	24	agree
535.98	uvm_register_gpu_status_off	36	36	agree
535.98	uvm_register_gpu_hclient_off	28	28	agree
535.98	uvm_register_gpu_hsmcpart_off	32	32	agree
535.98	chan_alloc_size	360	360	agree
535.98	vaspace_alloc_size	48	48	agree
535.98	mem_alloc_size	120	120	agree
535.98	nv00de_alloc_size	4	4	agree
535.98	nvos46_size	56	56	agree
535.98	nvos46_status_off	48	48	agree
535.104.05	uvm_map_ext_size	1200	1200	agree
535.104.05	uvm_map_ext_fd_off	1184	1184	agree
535.104.05	uvm_sem_pool_size	1184	1184	agree
535.104.05	uvm_register_gpu_size	40	40	agree
535.104.05	uvm_register_gpu_fd_off	24	24	agree
535.104.05	uvm_register_gpu_status_off	36	36	agree
535.104.05	uvm_register_gpu_hclient_off	28	28	agree
535.104.05	uvm_register_gpu_hsmcpart_off	32	32	agree
535.104.05	chan_alloc_size	360	360	agree
535.104.05	vaspace_alloc_size	48	48	agree
535.104.05	mem_alloc_size	120	120	agree
535.104.05	nv00de_alloc_size	4	4	agree
535.104.05	nvos46_size	56	56	agree
535.104.05	nvos46_status_off	48	48	agree
535.104.12	uvm_map_ext_size	1200	1200	agree
535.104.12	uvm_map_ext_fd_off	1184	1184	agree
535.104.12	uvm_sem_pool_size	1184	1184	agree
535.104.12	uvm_register_gpu_size	40	40	agree
535.104.12	uvm_register_gpu_fd_off	24	24	agree
535.104.12	uvm_register_gpu_status_off	36	36	agree
535.104.12	uvm_register_gpu_hclient_off	28	28	agree
535.104.12	uvm_register_gpu_hsmcpart_off	32	32	agree
535.104.12	chan_alloc_size	360	360	agree
535.104.12	vaspace_alloc_size	48	48	agree
535.104.12	mem_alloc_size	120	120	agree
535.104.12	nv00de_alloc_size	4	4	agree
535.104.12	nvos46_size	56	56	agree
535.104.12	nvos46_status_off	48	48	agree
535.113.01	uvm_map_ext_size	1200	1200	agree
535.113.01	uvm_map_ext_fd_off	1184	1184	agree
535.113.01	uvm_sem_pool_size	1184	1184	agree
535.113.01	uvm_register_gpu_size	40	40	agree
535.113.01	uvm_register_gpu_fd_off	24	24	agree
535.113.01	uvm_register_gpu_status_off	36	36	agree
535.113.01	uvm_register_gpu_hclient_off	28	28	agree
535.113.01	uvm_register_gpu_hsmcpart_off	32	32	agree
535.113.01	chan_alloc_size	360	360	agree
535.113.01	vaspace_alloc_size	48	48	agree
535.113.01	mem_alloc_size	120	120	agree
535.113.01	nv00de_alloc_size	4	4	agree
535.113.01	nvos46_size	56	56	agree
535.113.01	nvos46_status_off	48	48	agree
535.129.03	uvm_map_ext_size	1200	1200	agree
535.129.03	uvm_map_ext_fd_off	1184	1184	agree
535.129.03	uvm_sem_pool_size	1184	1184	agree
535.129.03	uvm_register_gpu_size	40	40	agree
535.129.03	uvm_register_gpu_fd_off	24	24	agree
535.129.03	uvm_register_gpu_status_off	36	36	agree
535.129.03	uvm_register_gpu_hclient_off	28	28	agree
535.129.03	uvm_register_gpu_hsmcpart_off	32	32	agree
535.129.03	chan_alloc_size	360	360	agree
535.129.03	vaspace_alloc_size	48	48	agree
535.129.03	mem_alloc_size	120	120	agree
535.129.03	nv00de_alloc_size	4	4	agree
535.129.03	nvos46_size	56	56	agree
535.129.03	nvos46_status_off	48	48	agree
535.146.02	uvm_map_ext_size	1200	1200	agree
535.146.02	uvm_map_ext_fd_off	1184	1184	agree
535.146.02	uvm_sem_pool_size	1184	1184	agree
535.146.02	uvm_register_gpu_size	40	40	agree
535.146.02	uvm_register_gpu_fd_off	24	24	agree
535.146.02	uvm_register_gpu_status_off	36	36	agree
535.146.02	uvm_register_gpu_hclient_off	28	28	agree
535.146.02	uvm_register_gpu_hsmcpart_off	32	32	agree
535.146.02	chan_alloc_size	360	360	agree
535.146.02	vaspace_alloc_size	48	48	agree
535.146.02	mem_alloc_size	120	120	agree
535.146.02	nv00de_alloc_size	4	4	agree
535.146.02	nvos46_size	56	56	agree
535.146.02	nvos46_status_off	48	48	agree
535.154.05	uvm_map_ext_size	1200	1200	agree
535.154.05	uvm_map_ext_fd_off	1184	1184	agree
535.154.05	uvm_sem_pool_size	1184	1184	agree
535.154.05	uvm_register_gpu_size	40	40	agree
535.154.05	uvm_register_gpu_fd_off	24	24	agree
535.154.05	uvm_register_gpu_status_off	36	36	agree
535.154.05	uvm_register_gpu_hclient_off	28	28	agree
535.154.05	uvm_register_gpu_hsmcpart_off	32	32	agree
535.154.05	chan_alloc_size	360	360	agree
535.154.05	vaspace_alloc_size	48	48	agree
535.154.05	mem_alloc_size	120	120	agree
535.154.05	nv00de_alloc_size	4	4	agree
535.154.05	nvos46_size	56	56	agree
535.154.05	nvos46_status_off	48	48	agree
535.161.07	uvm_map_ext_size	1200	1200	agree
535.161.07	uvm_map_ext_fd_off	1184	1184	agree
535.161.07	uvm_sem_pool_size	1184	1184	agree
535.161.07	uvm_register_gpu_size	40	40	agree
535.161.07	uvm_register_gpu_fd_off	24	24	agree
535.161.07	uvm_register_gpu_status_off	36	36	agree
535.161.07	uvm_register_gpu_hclient_off	28	28	agree
535.161.07	uvm_register_gpu_hsmcpart_off	32	32	agree
535.161.07	chan_alloc_size	360	360	agree
535.161.07	vaspace_alloc_size	48	48	agree
535.161.07	mem_alloc_size	120	120	agree
535.161.07	nv00de_alloc_size	4	4	agree
535.161.07	nvos46_size	56	56	agree
535.161.07	nvos46_status_off	48	48	agree
535.161.08	uvm_map_ext_size	1200	1200	agree
535.161.08	uvm_map_ext_fd_off	1184	1184	agree
535.161.08	uvm_sem_pool_size	1184	1184	agree
535.161.08	uvm_register_gpu_size	40	40	agree
535.161.08	uvm_register_gpu_fd_off	24	24	agree
535.161.08	uvm_register_gpu_status_off	36	36	agree
535.161.08	uvm_register_gpu_hclient_off	28	28	agree
535.161.08	uvm_register_gpu_hsmcpart_off	32	32	agree
535.161.08	chan_alloc_size	360	360	agree
535.161.08	vaspace_alloc_size	48	48	agree
535.161.08	mem_alloc_size	120	120	agree
535.161.08	nv00de_alloc_size	4	4	agree
535.161.08	nvos46_size	56	56	agree
535.161.08	nvos46_status_off	48	48	agree
535.171.04	uvm_map_ext_size	1200	1200	agree
535.171.04	uvm_map_ext_fd_off	1184	1184	agree
535.171.04	uvm_sem_pool_size	1184	1184	agree
535.171.04	uvm_register_gpu_size	40	40	agree
535.171.04	uvm_register_gpu_fd_off	24	24	agree
535.171.04	uvm_register_gpu_status_off	36	36	agree
535.171.04	uvm_register_gpu_hclient_off	28	28	agree
535.171.04	uvm_register_gpu_hsmcpart_off	32	32	agree
535.171.04	chan_alloc_size	360	360	agree
535.171.04	vaspace_alloc_size	48	48	agree
535.171.04	mem_alloc_size	120	120	agree
535.171.04	nv00de_alloc_size	4	4	agree
535.171.04	nvos46_size	56	56	agree
535.171.04	nvos46_status_off	48	48	agree
535.179	uvm_map_ext_size	1200	1200	agree
535.179	uvm_map_ext_fd_off	1184	1184	agree
535.179	uvm_sem_pool_size	1184	1184	agree
535.179	uvm_register_gpu_size	40	40	agree
535.179	uvm_register_gpu_fd_off	24	24	agree
535.179	uvm_register_gpu_status_off	36	36	agree
535.179	uvm_register_gpu_hclient_off	28	28	agree
535.179	uvm_register_gpu_hsmcpart_off	32	32	agree
535.179	chan_alloc_size	360	360	agree
535.179	vaspace_alloc_size	48	48	agree
535.179	mem_alloc_size	120	120	agree
535.179	nv00de_alloc_size	4	4	agree
535.179	nvos46_size	56	56	agree
535.179	nvos46_status_off	48	48	agree
535.183.01	uvm_map_ext_size	1200	1200	agree
535.183.01	uvm_map_ext_fd_off	1184	1184	agree
535.183.01	uvm_sem_pool_size	1184	1184	agree
535.183.01	uvm_register_gpu_size	40	40	agree
535.183.01	uvm_register_gpu_fd_off	24	24	agree
535.183.01	uvm_register_gpu_status_off	36	36	agree
535.183.01	uvm_register_gpu_hclient_off	28	28	agree
535.183.01	uvm_register_gpu_hsmcpart_off	32	32	agree
535.183.01	chan_alloc_size	360	360	agree
535.183.01	vaspace_alloc_size	48	48	agree
535.183.01	mem_alloc_size	120	120	agree
535.183.01	nv00de_alloc_size	4	4	agree
535.183.01	nvos46_size	56	56	agree
535.183.01	nvos46_status_off	48	48	agree
535.183.06	uvm_map_ext_size	1200	1200	agree
535.183.06	uvm_map_ext_fd_off	1184	1184	agree
535.183.06	uvm_sem_pool_size	1184	1184	agree
535.183.06	uvm_register_gpu_size	40	40	agree
535.183.06	uvm_register_gpu_fd_off	24	24	agree
535.183.06	uvm_register_gpu_status_off	36	36	agree
535.183.06	uvm_register_gpu_hclient_off	28	28	agree
535.183.06	uvm_register_gpu_hsmcpart_off	32	32	agree
535.183.06	chan_alloc_size	360	360	agree
535.183.06	vaspace_alloc_size	48	48	agree
535.183.06	mem_alloc_size	120	120	agree
535.183.06	nv00de_alloc_size	4	4	agree
535.183.06	nvos46_size	56	56	agree
535.183.06	nvos46_status_off	48	48	agree
535.216.01	uvm_map_ext_size	1200	1200	agree
535.216.01	uvm_map_ext_fd_off	1184	1184	agree
535.216.01	uvm_sem_pool_size	1184	1184	agree
535.216.01	uvm_register_gpu_size	40	40	agree
535.216.01	uvm_register_gpu_fd_off	24	24	agree
535.216.01	uvm_register_gpu_status_off	36	36	agree
535.216.01	uvm_register_gpu_hclient_off	28	28	agree
535.216.01	uvm_register_gpu_hsmcpart_off	32	32	agree
535.216.01	chan_alloc_size	360	360	agree
535.216.01	vaspace_alloc_size	48	48	agree
535.216.01	mem_alloc_size	120	120	agree
535.216.01	nv00de_alloc_size	4	4	agree
535.216.01	nvos46_size	56	56	agree
535.216.01	nvos46_status_off	48	48	agree
535.216.03	uvm_map_ext_size	1200	1200	agree
535.216.03	uvm_map_ext_fd_off	1184	1184	agree
535.216.03	uvm_sem_pool_size	1184	1184	agree
535.216.03	uvm_register_gpu_size	40	40	agree
535.216.03	uvm_register_gpu_fd_off	24	24	agree
535.216.03	uvm_register_gpu_status_off	36	36	agree
535.216.03	uvm_register_gpu_hclient_off	28	28	agree
535.216.03	uvm_register_gpu_hsmcpart_off	32	32	agree
535.216.03	chan_alloc_size	360	360	agree
535.216.03	vaspace_alloc_size	48	48	agree
535.216.03	mem_alloc_size	120	120	agree
535.216.03	nv00de_alloc_size	4	4	agree
535.216.03	nvos46_size	56	56	agree
535.216.03	nvos46_status_off	48	48	agree
535.230.02	uvm_map_ext_size	1200	1200	agree
535.230.02	uvm_map_ext_fd_off	1184	1184	agree
535.230.02	uvm_sem_pool_size	1184	1184	agree
535.230.02	uvm_register_gpu_size	40	40	agree
535.230.02	uvm_register_gpu_fd_off	24	24	agree
535.230.02	uvm_register_gpu_status_off	36	36	agree
535.230.02	uvm_register_gpu_hclient_off	28	28	agree
535.230.02	uvm_register_gpu_hsmcpart_off	32	32	agree
535.230.02	chan_alloc_size	360	360	agree
535.230.02	vaspace_alloc_size	48	48	agree
535.230.02	mem_alloc_size	120	120	agree
535.230.02	nv00de_alloc_size	4	4	agree
535.230.02	nvos46_size	56	56	agree
535.230.02	nvos46_status_off	48	48	agree
535.247.01	uvm_map_ext_size	1200	1200	agree
535.247.01	uvm_map_ext_fd_off	1184	1184	agree
535.247.01	uvm_sem_pool_size	1184	1184	agree
535.247.01	uvm_register_gpu_size	40	40	agree
535.247.01	uvm_register_gpu_fd_off	24	24	agree
535.247.01	uvm_register_gpu_status_off	36	36	agree
535.247.01	uvm_register_gpu_hclient_off	28	28	agree
535.247.01	uvm_register_gpu_hsmcpart_off	32	32	agree
535.247.01	chan_alloc_size	360	360	agree
535.247.01	vaspace_alloc_size	48	48	agree
535.247.01	mem_alloc_size	120	120	agree
535.247.01	nv00de_alloc_size	4	4	agree
535.247.01	nvos46_size	56	56	agree
535.247.01	nvos46_status_off	48	48	agree
535.261.03	uvm_map_ext_size	1200	1200	agree
535.261.03	uvm_map_ext_fd_off	1184	1184	agree
535.261.03	uvm_sem_pool_size	1184	1184	agree
535.261.03	uvm_register_gpu_size	40	40	agree
535.261.03	uvm_register_gpu_fd_off	24	24	agree
535.261.03	uvm_register_gpu_status_off	36	36	agree
535.261.03	uvm_register_gpu_hclient_off	28	28	agree
535.261.03	uvm_register_gpu_hsmcpart_off	32	32	agree
535.261.03	chan_alloc_size	360	360	agree
535.261.03	vaspace_alloc_size	48	48	agree
535.261.03	mem_alloc_size	120	120	agree
535.261.03	nv00de_alloc_size	4	4	agree
535.261.03	nvos46_size	56	56	agree
535.261.03	nvos46_status_off	48	48	agree
535.274.02	uvm_map_ext_size	1200	1200	agree
535.274.02	uvm_map_ext_fd_off	1184	1184	agree
535.274.02	uvm_sem_pool_size	1184	1184	agree
535.274.02	uvm_register_gpu_size	40	40	agree
535.274.02	uvm_register_gpu_fd_off	24	24	agree
535.274.02	uvm_register_gpu_status_off	36	36	agree
535.274.02	uvm_register_gpu_hclient_off	28	28	agree
535.274.02	uvm_register_gpu_hsmcpart_off	32	32	agree
535.274.02	chan_alloc_size	360	360	agree
535.274.02	vaspace_alloc_size	48	48	agree
535.274.02	mem_alloc_size	120	120	agree
535.274.02	nv00de_alloc_size	4	4	agree
535.274.02	nvos46_size	56	56	agree
535.274.02	nvos46_status_off	48	48	agree
535.288.01	uvm_map_ext_size	1200	1200	agree
535.288.01	uvm_map_ext_fd_off	1184	1184	agree
535.288.01	uvm_sem_pool_size	1184	1184	agree
535.288.01	uvm_register_gpu_size	40	40	agree
535.288.01	uvm_register_gpu_fd_off	24	24	agree
535.288.01	uvm_register_gpu_status_off	36	36	agree
535.288.01	uvm_register_gpu_hclient_off	28	28	agree
535.288.01	uvm_register_gpu_hsmcpart_off	32	32	agree
535.288.01	chan_alloc_size	360	360	agree
535.288.01	vaspace_alloc_size	48	48	agree
535.288.01	mem_alloc_size	120	120	agree
535.288.01	nv00de_alloc_size	4	4	agree
535.288.01	nvos46_size	56	56	agree
535.288.01	nvos46_status_off	48	48	agree
535.309.01	uvm_map_ext_size	1200	1200	agree
535.309.01	uvm_map_ext_fd_off	1184	1184	agree
535.309.01	uvm_sem_pool_size	1184	1184	agree
535.309.01	uvm_register_gpu_size	40	40	agree
535.309.01	uvm_register_gpu_fd_off	24	24	agree
535.309.01	uvm_register_gpu_status_off	36	36	agree
535.309.01	uvm_register_gpu_hclient_off	28	28	agree
535.309.01	uvm_register_gpu_hsmcpart_off	32	32	agree
535.309.01	chan_alloc_size	360	360	agree
535.309.01	vaspace_alloc_size	48	48	agree
535.309.01	mem_alloc_size	120	120	agree
535.309.01	nv00de_alloc_size	4	4	agree
535.309.01	nvos46_size	56	56	agree
535.309.01	nvos46_status_off	48	48	agree
545.23.06	uvm_map_ext_size	1200	1200	agree
545.23.06	uvm_map_ext_fd_off	1184	1184	agree
545.23.06	uvm_sem_pool_size	1184	1184	agree
545.23.06	uvm_register_gpu_size	40	40	agree
545.23.06	uvm_register_gpu_fd_off	24	24	agree
545.23.06	uvm_register_gpu_status_off	36	36	agree
545.23.06	uvm_register_gpu_hclient_off	28	28	agree
545.23.06	uvm_register_gpu_hsmcpart_off	32	32	agree
545.23.06	chan_alloc_size	360	360	agree
545.23.06	vaspace_alloc_size	48	48	agree
545.23.06	mem_alloc_size	128	128	agree
545.23.06	nv00de_alloc_size	8	8	agree
545.23.06	nvos46_size	56	56	agree
545.23.06	nvos46_status_off	48	48	agree
545.23.08	uvm_map_ext_size	1200	1200	agree
545.23.08	uvm_map_ext_fd_off	1184	1184	agree
545.23.08	uvm_sem_pool_size	1184	1184	agree
545.23.08	uvm_register_gpu_size	40	40	agree
545.23.08	uvm_register_gpu_fd_off	24	24	agree
545.23.08	uvm_register_gpu_status_off	36	36	agree
545.23.08	uvm_register_gpu_hclient_off	28	28	agree
545.23.08	uvm_register_gpu_hsmcpart_off	32	32	agree
545.23.08	chan_alloc_size	360	360	agree
545.23.08	vaspace_alloc_size	48	48	agree
545.23.08	mem_alloc_size	128	128	agree
545.23.08	nv00de_alloc_size	8	8	agree
545.23.08	nvos46_size	56	56	agree
545.23.08	nvos46_status_off	48	48	agree
545.29.02	uvm_map_ext_size	1200	1200	agree
545.29.02	uvm_map_ext_fd_off	1184	1184	agree
545.29.02	uvm_sem_pool_size	1184	1184	agree
545.29.02	uvm_register_gpu_size	40	40	agree
545.29.02	uvm_register_gpu_fd_off	24	24	agree
545.29.02	uvm_register_gpu_status_off	36	36	agree
545.29.02	uvm_register_gpu_hclient_off	28	28	agree
545.29.02	uvm_register_gpu_hsmcpart_off	32	32	agree
545.29.02	chan_alloc_size	360	360	agree
545.29.02	vaspace_alloc_size	48	48	agree
545.29.02	mem_alloc_size	128	128	agree
545.29.02	nv00de_alloc_size	8	8	agree
545.29.02	nvos46_size	56	56	agree
545.29.02	nvos46_status_off	48	48	agree
545.29.03	uvm_map_ext_size	1200	1200	agree
545.29.03	uvm_map_ext_fd_off	1184	1184	agree
545.29.03	uvm_sem_pool_size	1184	1184	agree
545.29.03	uvm_register_gpu_size	40	40	agree
545.29.03	uvm_register_gpu_fd_off	24	24	agree
545.29.03	uvm_register_gpu_status_off	36	36	agree
545.29.03	uvm_register_gpu_hclient_off	28	28	agree
545.29.03	uvm_register_gpu_hsmcpart_off	32	32	agree
545.29.03	chan_alloc_size	360	360	agree
545.29.03	vaspace_alloc_size	48	48	agree
545.29.03	mem_alloc_size	128	128	agree
545.29.03	nv00de_alloc_size	8	8	agree
545.29.03	nvos46_size	56	56	agree
545.29.03	nvos46_status_off	48	48	agree
545.29.06	uvm_map_ext_size	1200	1200	agree
545.29.06	uvm_map_ext_fd_off	1184	1184	agree
545.29.06	uvm_sem_pool_size	1184	1184	agree
545.29.06	uvm_register_gpu_size	40	40	agree
545.29.06	uvm_register_gpu_fd_off	24	24	agree
545.29.06	uvm_register_gpu_status_off	36	36	agree
545.29.06	uvm_register_gpu_hclient_off	28	28	agree
545.29.06	uvm_register_gpu_hsmcpart_off	32	32	agree
545.29.06	chan_alloc_size	360	360	agree
545.29.06	vaspace_alloc_size	48	48	agree
545.29.06	mem_alloc_size	128	128	agree
545.29.06	nv00de_alloc_size	8	8	agree
545.29.06	nvos46_size	56	56	agree
545.29.06	nvos46_status_off	48	48	agree
550.40.07	uvm_map_ext_size	1200	1200	agree
550.40.07	uvm_map_ext_fd_off	1184	1184	agree
550.40.07	uvm_sem_pool_size	1184	1184	agree
550.40.07	uvm_register_gpu_size	40	40	agree
550.40.07	uvm_register_gpu_fd_off	24	24	agree
550.40.07	uvm_register_gpu_status_off	36	36	agree
550.40.07	uvm_register_gpu_hclient_off	28	28	agree
550.40.07	uvm_register_gpu_hsmcpart_off	32	32	agree
550.40.07	chan_alloc_size	360	360	agree
550.40.07	vaspace_alloc_size	48	48	agree
550.40.07	mem_alloc_size	128	128	agree
550.40.07	nv00de_alloc_size	8	8	agree
550.40.07	nvos46_size	56	56	agree
550.40.07	nvos46_status_off	48	48	agree
550.40.53	uvm_map_ext_size	9264	9264	agree
550.40.53	uvm_map_ext_fd_off	9248	9248	agree
550.40.53	uvm_sem_pool_size	9248	9248	agree
550.40.53	uvm_register_gpu_size	40	40	agree
550.40.53	uvm_register_gpu_fd_off	24	24	agree
550.40.53	uvm_register_gpu_status_off	36	36	agree
550.40.53	uvm_register_gpu_hclient_off	28	28	agree
550.40.53	uvm_register_gpu_hsmcpart_off	32	32	agree
550.40.53	chan_alloc_size	360	360	agree
550.40.53	vaspace_alloc_size	48	48	agree
550.40.53	mem_alloc_size	128	128	agree
550.40.53	nv00de_alloc_size	8	8	agree
550.40.53	nvos46_size	56	56	agree
550.40.53	nvos46_status_off	48	48	agree
550.40.55	uvm_map_ext_size	9264	9264	agree
550.40.55	uvm_map_ext_fd_off	9248	9248	agree
550.40.55	uvm_sem_pool_size	9248	9248	agree
550.40.55	uvm_register_gpu_size	40	40	agree
550.40.55	uvm_register_gpu_fd_off	24	24	agree
550.40.55	uvm_register_gpu_status_off	36	36	agree
550.40.55	uvm_register_gpu_hclient_off	28	28	agree
550.40.55	uvm_register_gpu_hsmcpart_off	32	32	agree
550.40.55	chan_alloc_size	360	360	agree
550.40.55	vaspace_alloc_size	48	48	agree
550.40.55	mem_alloc_size	128	128	agree
550.40.55	nv00de_alloc_size	8	8	agree
550.40.55	nvos46_size	56	56	agree
550.40.55	nvos46_status_off	48	48	agree
550.40.59	uvm_map_ext_size	9264	9264	agree
550.40.59	uvm_map_ext_fd_off	9248	9248	agree
550.40.59	uvm_sem_pool_size	9248	9248	agree
550.40.59	uvm_register_gpu_size	40	40	agree
550.40.59	uvm_register_gpu_fd_off	24	24	agree
550.40.59	uvm_register_gpu_status_off	36	36	agree
550.40.59	uvm_register_gpu_hclient_off	28	28	agree
550.40.59	uvm_register_gpu_hsmcpart_off	32	32	agree
550.40.59	chan_alloc_size	360	360	agree
550.40.59	vaspace_alloc_size	48	48	agree
550.40.59	mem_alloc_size	128	128	agree
550.40.59	nv00de_alloc_size	8	8	agree
550.40.59	nvos46_size	56	56	agree
550.40.59	nvos46_status_off	48	48	agree
550.40.61	uvm_map_ext_size	9264	9264	agree
550.40.61	uvm_map_ext_fd_off	9248	9248	agree
550.40.61	uvm_sem_pool_size	9248	9248	agree
550.40.61	uvm_register_gpu_size	40	40	agree
550.40.61	uvm_register_gpu_fd_off	24	24	agree
550.40.61	uvm_register_gpu_status_off	36	36	agree
550.40.61	uvm_register_gpu_hclient_off	28	28	agree
550.40.61	uvm_register_gpu_hsmcpart_off	32	32	agree
550.40.61	chan_alloc_size	360	360	agree
550.40.61	vaspace_alloc_size	48	48	agree
550.40.61	mem_alloc_size	128	128	agree
550.40.61	nv00de_alloc_size	8	8	agree
550.40.61	nvos46_size	56	56	agree
550.40.61	nvos46_status_off	48	48	agree
550.40.63	uvm_map_ext_size	9264	9264	agree
550.40.63	uvm_map_ext_fd_off	9248	9248	agree
550.40.63	uvm_sem_pool_size	9248	9248	agree
550.40.63	uvm_register_gpu_size	40	40	agree
550.40.63	uvm_register_gpu_fd_off	24	24	agree
550.40.63	uvm_register_gpu_status_off	36	36	agree
550.40.63	uvm_register_gpu_hclient_off	28	28	agree
550.40.63	uvm_register_gpu_hsmcpart_off	32	32	agree
550.40.63	chan_alloc_size	360	360	agree
550.40.63	vaspace_alloc_size	48	48	agree
550.40.63	mem_alloc_size	128	128	agree
550.40.63	nv00de_alloc_size	8	8	agree
550.40.63	nvos46_size	56	56	agree
550.40.63	nvos46_status_off	48	48	agree
550.40.65	uvm_map_ext_size	9264	9264	agree
550.40.65	uvm_map_ext_fd_off	9248	9248	agree
550.40.65	uvm_sem_pool_size	9248	9248	agree
550.40.65	uvm_register_gpu_size	40	40	agree
550.40.65	uvm_register_gpu_fd_off	24	24	agree
550.40.65	uvm_register_gpu_status_off	36	36	agree
550.40.65	uvm_register_gpu_hclient_off	28	28	agree
550.40.65	uvm_register_gpu_hsmcpart_off	32	32	agree
550.40.65	chan_alloc_size	360	360	agree
550.40.65	vaspace_alloc_size	48	48	agree
550.40.65	mem_alloc_size	128	128	agree
550.40.65	nv00de_alloc_size	8	8	agree
550.40.65	nvos46_size	56	56	agree
550.40.65	nvos46_status_off	48	48	agree
550.40.67	uvm_map_ext_size	9264	9264	agree
550.40.67	uvm_map_ext_fd_off	9248	9248	agree
550.40.67	uvm_sem_pool_size	9248	9248	agree
550.40.67	uvm_register_gpu_size	40	40	agree
550.40.67	uvm_register_gpu_fd_off	24	24	agree
550.40.67	uvm_register_gpu_status_off	36	36	agree
550.40.67	uvm_register_gpu_hclient_off	28	28	agree
550.40.67	uvm_register_gpu_hsmcpart_off	32	32	agree
550.40.67	chan_alloc_size	360	360	agree
550.40.67	vaspace_alloc_size	48	48	agree
550.40.67	mem_alloc_size	128	128	agree
550.40.67	nv00de_alloc_size	8	8	agree
550.40.67	nvos46_size	56	56	agree
550.40.67	nvos46_status_off	48	48	agree
550.40.70	uvm_map_ext_size	9264	9264	agree
550.40.70	uvm_map_ext_fd_off	9248	9248	agree
550.40.70	uvm_sem_pool_size	9248	9248	agree
550.40.70	uvm_register_gpu_size	40	40	agree
550.40.70	uvm_register_gpu_fd_off	24	24	agree
550.40.70	uvm_register_gpu_status_off	36	36	agree
550.40.70	uvm_register_gpu_hclient_off	28	28	agree
550.40.70	uvm_register_gpu_hsmcpart_off	32	32	agree
550.40.70	chan_alloc_size	360	360	agree
550.40.70	vaspace_alloc_size	48	48	agree
550.40.70	mem_alloc_size	128	128	agree
550.40.70	nv00de_alloc_size	8	8	agree
550.40.70	nvos46_size	56	56	agree
550.40.70	nvos46_status_off	48	48	agree
550.40.71	uvm_map_ext_size	9264	9264	agree
550.40.71	uvm_map_ext_fd_off	9248	9248	agree
550.40.71	uvm_sem_pool_size	9248	9248	agree
550.40.71	uvm_register_gpu_size	40	40	agree
550.40.71	uvm_register_gpu_fd_off	24	24	agree
550.40.71	uvm_register_gpu_status_off	36	36	agree
550.40.71	uvm_register_gpu_hclient_off	28	28	agree
550.40.71	uvm_register_gpu_hsmcpart_off	32	32	agree
550.40.71	chan_alloc_size	360	360	agree
550.40.71	vaspace_alloc_size	48	48	agree
550.40.71	mem_alloc_size	128	128	agree
550.40.71	nv00de_alloc_size	8	8	agree
550.40.71	nvos46_size	56	56	agree
550.40.71	nvos46_status_off	48	48	agree
550.40.75	uvm_map_ext_size	9264	9264	agree
550.40.75	uvm_map_ext_fd_off	9248	9248	agree
550.40.75	uvm_sem_pool_size	9248	9248	agree
550.40.75	uvm_register_gpu_size	40	40	agree
550.40.75	uvm_register_gpu_fd_off	24	24	agree
550.40.75	uvm_register_gpu_status_off	36	36	agree
550.40.75	uvm_register_gpu_hclient_off	28	28	agree
550.40.75	uvm_register_gpu_hsmcpart_off	32	32	agree
550.40.75	chan_alloc_size	360	360	agree
550.40.75	vaspace_alloc_size	48	48	agree
550.40.75	mem_alloc_size	128	128	agree
550.40.75	nv00de_alloc_size	8	8	agree
550.40.75	nvos46_size	56	56	agree
550.40.75	nvos46_status_off	48	48	agree
550.40.76	uvm_map_ext_size	9264	9264	agree
550.40.76	uvm_map_ext_fd_off	9248	9248	agree
550.40.76	uvm_sem_pool_size	9248	9248	agree
550.40.76	uvm_register_gpu_size	40	40	agree
550.40.76	uvm_register_gpu_fd_off	24	24	agree
550.40.76	uvm_register_gpu_status_off	36	36	agree
550.40.76	uvm_register_gpu_hclient_off	28	28	agree
550.40.76	uvm_register_gpu_hsmcpart_off	32	32	agree
550.40.76	chan_alloc_size	360	360	agree
550.40.76	vaspace_alloc_size	48	48	agree
550.40.76	mem_alloc_size	128	128	agree
550.40.76	nv00de_alloc_size	8	8	agree
550.40.76	nvos46_size	56	56	agree
550.40.76	nvos46_status_off	48	48	agree
550.40.79	uvm_map_ext_size	9264	9264	agree
550.40.79	uvm_map_ext_fd_off	9248	9248	agree
550.40.79	uvm_sem_pool_size	9248	9248	agree
550.40.79	uvm_register_gpu_size	40	40	agree
550.40.79	uvm_register_gpu_fd_off	24	24	agree
550.40.79	uvm_register_gpu_status_off	36	36	agree
550.40.79	uvm_register_gpu_hclient_off	28	28	agree
550.40.79	uvm_register_gpu_hsmcpart_off	32	32	agree
550.40.79	chan_alloc_size	360	360	agree
550.40.79	vaspace_alloc_size	48	48	agree
550.40.79	mem_alloc_size	128	128	agree
550.40.79	nv00de_alloc_size	8	8	agree
550.40.79	nvos46_size	56	56	agree
550.40.79	nvos46_status_off	48	48	agree
550.40.80	uvm_map_ext_size	9264	9264	agree
550.40.80	uvm_map_ext_fd_off	9248	9248	agree
550.40.80	uvm_sem_pool_size	9248	9248	agree
550.40.80	uvm_register_gpu_size	40	40	agree
550.40.80	uvm_register_gpu_fd_off	24	24	agree
550.40.80	uvm_register_gpu_status_off	36	36	agree
550.40.80	uvm_register_gpu_hclient_off	28	28	agree
550.40.80	uvm_register_gpu_hsmcpart_off	32	32	agree
550.40.80	chan_alloc_size	360	360	agree
550.40.80	vaspace_alloc_size	48	48	agree
550.40.80	mem_alloc_size	128	128	agree
550.40.80	nv00de_alloc_size	8	8	agree
550.40.80	nvos46_size	56	56	agree
550.40.80	nvos46_status_off	48	48	agree
550.40.81	uvm_map_ext_size	9264	9264	agree
550.40.81	uvm_map_ext_fd_off	9248	9248	agree
550.40.81	uvm_sem_pool_size	9248	9248	agree
550.40.81	uvm_register_gpu_size	40	40	agree
550.40.81	uvm_register_gpu_fd_off	24	24	agree
550.40.81	uvm_register_gpu_status_off	36	36	agree
550.40.81	uvm_register_gpu_hclient_off	28	28	agree
550.40.81	uvm_register_gpu_hsmcpart_off	32	32	agree
550.40.81	chan_alloc_size	360	360	agree
550.40.81	vaspace_alloc_size	48	48	agree
550.40.81	mem_alloc_size	128	128	agree
550.40.81	nv00de_alloc_size	8	8	agree
550.40.81	nvos46_size	56	56	agree
550.40.81	nvos46_status_off	48	48	agree
550.40.82	uvm_map_ext_size	9264	9264	agree
550.40.82	uvm_map_ext_fd_off	9248	9248	agree
550.40.82	uvm_sem_pool_size	9248	9248	agree
550.40.82	uvm_register_gpu_size	40	40	agree
550.40.82	uvm_register_gpu_fd_off	24	24	agree
550.40.82	uvm_register_gpu_status_off	36	36	agree
550.40.82	uvm_register_gpu_hclient_off	28	28	agree
550.40.82	uvm_register_gpu_hsmcpart_off	32	32	agree
550.40.82	chan_alloc_size	360	360	agree
550.40.82	vaspace_alloc_size	48	48	agree
550.40.82	mem_alloc_size	128	128	agree
550.40.82	nv00de_alloc_size	8	8	agree
550.40.82	nvos46_size	56	56	agree
550.40.82	nvos46_status_off	48	48	agree
550.40.83	uvm_map_ext_size	9264	9264	agree
550.40.83	uvm_map_ext_fd_off	9248	9248	agree
550.40.83	uvm_sem_pool_size	9248	9248	agree
550.40.83	uvm_register_gpu_size	40	40	agree
550.40.83	uvm_register_gpu_fd_off	24	24	agree
550.40.83	uvm_register_gpu_status_off	36	36	agree
550.40.83	uvm_register_gpu_hclient_off	28	28	agree
550.40.83	uvm_register_gpu_hsmcpart_off	32	32	agree
550.40.83	chan_alloc_size	360	360	agree
550.40.83	vaspace_alloc_size	48	48	agree
550.40.83	mem_alloc_size	128	128	agree
550.40.83	nv00de_alloc_size	8	8	agree
550.40.83	nvos46_size	56	56	agree
550.40.83	nvos46_status_off	48	48	agree
550.40.85	uvm_map_ext_size	9264	9264	agree
550.40.85	uvm_map_ext_fd_off	9248	9248	agree
550.40.85	uvm_sem_pool_size	9248	9248	agree
550.40.85	uvm_register_gpu_size	40	40	agree
550.40.85	uvm_register_gpu_fd_off	24	24	agree
550.40.85	uvm_register_gpu_status_off	36	36	agree
550.40.85	uvm_register_gpu_hclient_off	28	28	agree
550.40.85	uvm_register_gpu_hsmcpart_off	32	32	agree
550.40.85	chan_alloc_size	360	360	agree
550.40.85	vaspace_alloc_size	48	48	agree
550.40.85	mem_alloc_size	128	128	agree
550.40.85	nv00de_alloc_size	8	8	agree
550.40.85	nvos46_size	56	56	agree
550.40.85	nvos46_status_off	48	48	agree
550.54.14	uvm_map_ext_size	9264	9264	agree
550.54.14	uvm_map_ext_fd_off	9248	9248	agree
550.54.14	uvm_sem_pool_size	9248	9248	agree
550.54.14	uvm_register_gpu_size	40	40	agree
550.54.14	uvm_register_gpu_fd_off	24	24	agree
550.54.14	uvm_register_gpu_status_off	36	36	agree
550.54.14	uvm_register_gpu_hclient_off	28	28	agree
550.54.14	uvm_register_gpu_hsmcpart_off	32	32	agree
550.54.14	chan_alloc_size	360	360	agree
550.54.14	vaspace_alloc_size	48	48	agree
550.54.14	mem_alloc_size	128	128	agree
550.54.14	nv00de_alloc_size	8	8	agree
550.54.14	nvos46_size	56	56	agree
550.54.14	nvos46_status_off	48	48	agree
550.54.15	uvm_map_ext_size	9264	9264	agree
550.54.15	uvm_map_ext_fd_off	9248	9248	agree
550.54.15	uvm_sem_pool_size	9248	9248	agree
550.54.15	uvm_register_gpu_size	40	40	agree
550.54.15	uvm_register_gpu_fd_off	24	24	agree
550.54.15	uvm_register_gpu_status_off	36	36	agree
550.54.15	uvm_register_gpu_hclient_off	28	28	agree
550.54.15	uvm_register_gpu_hsmcpart_off	32	32	agree
550.54.15	chan_alloc_size	360	360	agree
550.54.15	vaspace_alloc_size	48	48	agree
550.54.15	mem_alloc_size	128	128	agree
550.54.15	nv00de_alloc_size	8	8	agree
550.54.15	nvos46_size	56	56	agree
550.54.15	nvos46_status_off	48	48	agree
550.67	uvm_map_ext_size	9264	9264	agree
550.67	uvm_map_ext_fd_off	9248	9248	agree
550.67	uvm_sem_pool_size	9248	9248	agree
550.67	uvm_register_gpu_size	40	40	agree
550.67	uvm_register_gpu_fd_off	24	24	agree
550.67	uvm_register_gpu_status_off	36	36	agree
550.67	uvm_register_gpu_hclient_off	28	28	agree
550.67	uvm_register_gpu_hsmcpart_off	32	32	agree
550.67	chan_alloc_size	360	360	agree
550.67	vaspace_alloc_size	48	48	agree
550.67	mem_alloc_size	128	128	agree
550.67	nv00de_alloc_size	8	8	agree
550.67	nvos46_size	56	56	agree
550.67	nvos46_status_off	48	48	agree
550.76	uvm_map_ext_size	9264	9264	agree
550.76	uvm_map_ext_fd_off	9248	9248	agree
550.76	uvm_sem_pool_size	9248	9248	agree
550.76	uvm_register_gpu_size	40	40	agree
550.76	uvm_register_gpu_fd_off	24	24	agree
550.76	uvm_register_gpu_status_off	36	36	agree
550.76	uvm_register_gpu_hclient_off	28	28	agree
550.76	uvm_register_gpu_hsmcpart_off	32	32	agree
550.76	chan_alloc_size	360	360	agree
550.76	vaspace_alloc_size	48	48	agree
550.76	mem_alloc_size	128	128	agree
550.76	nv00de_alloc_size	8	8	agree
550.76	nvos46_size	56	56	agree
550.76	nvos46_status_off	48	48	agree
550.78	uvm_map_ext_size	9264	9264	agree
550.78	uvm_map_ext_fd_off	9248	9248	agree
550.78	uvm_sem_pool_size	9248	9248	agree
550.78	uvm_register_gpu_size	40	40	agree
550.78	uvm_register_gpu_fd_off	24	24	agree
550.78	uvm_register_gpu_status_off	36	36	agree
550.78	uvm_register_gpu_hclient_off	28	28	agree
550.78	uvm_register_gpu_hsmcpart_off	32	32	agree
550.78	chan_alloc_size	360	360	agree
550.78	vaspace_alloc_size	48	48	agree
550.78	mem_alloc_size	128	128	agree
550.78	nv00de_alloc_size	8	8	agree
550.78	nvos46_size	56	56	agree
550.78	nvos46_status_off	48	48	agree
550.90.07	uvm_map_ext_size	9264	9264	agree
550.90.07	uvm_map_ext_fd_off	9248	9248	agree
550.90.07	uvm_sem_pool_size	9248	9248	agree
550.90.07	uvm_register_gpu_size	40	40	agree
550.90.07	uvm_register_gpu_fd_off	24	24	agree
550.90.07	uvm_register_gpu_status_off	36	36	agree
550.90.07	uvm_register_gpu_hclient_off	28	28	agree
550.90.07	uvm_register_gpu_hsmcpart_off	32	32	agree
550.90.07	chan_alloc_size	360	360	agree
550.90.07	vaspace_alloc_size	48	48	agree
550.90.07	mem_alloc_size	128	128	agree
550.90.07	nv00de_alloc_size	8	8	agree
550.90.07	nvos46_size	56	56	agree
550.90.07	nvos46_status_off	48	48	agree
550.90.12	uvm_map_ext_size	9264	9264	agree
550.90.12	uvm_map_ext_fd_off	9248	9248	agree
550.90.12	uvm_sem_pool_size	9248	9248	agree
550.90.12	uvm_register_gpu_size	40	40	agree
550.90.12	uvm_register_gpu_fd_off	24	24	agree
550.90.12	uvm_register_gpu_status_off	36	36	agree
550.90.12	uvm_register_gpu_hclient_off	28	28	agree
550.90.12	uvm_register_gpu_hsmcpart_off	32	32	agree
550.90.12	chan_alloc_size	360	360	agree
550.90.12	vaspace_alloc_size	48	48	agree
550.90.12	mem_alloc_size	128	128	agree
550.90.12	nv00de_alloc_size	8	8	agree
550.90.12	nvos46_size	56	56	agree
550.90.12	nvos46_status_off	48	48	agree
550.100	uvm_map_ext_size	9264	9264	agree
550.100	uvm_map_ext_fd_off	9248	9248	agree
550.100	uvm_sem_pool_size	9248	9248	agree
550.100	uvm_register_gpu_size	40	40	agree
550.100	uvm_register_gpu_fd_off	24	24	agree
550.100	uvm_register_gpu_status_off	36	36	agree
550.100	uvm_register_gpu_hclient_off	28	28	agree
550.100	uvm_register_gpu_hsmcpart_off	32	32	agree
550.100	chan_alloc_size	360	360	agree
550.100	vaspace_alloc_size	48	48	agree
550.100	mem_alloc_size	128	128	agree
550.100	nv00de_alloc_size	8	8	agree
550.100	nvos46_size	56	56	agree
550.100	nvos46_status_off	48	48	agree
550.107.02	uvm_map_ext_size	9264	9264	agree
550.107.02	uvm_map_ext_fd_off	9248	9248	agree
550.107.02	uvm_sem_pool_size	9248	9248	agree
550.107.02	uvm_register_gpu_size	40	40	agree
550.107.02	uvm_register_gpu_fd_off	24	24	agree
550.107.02	uvm_register_gpu_status_off	36	36	agree
550.107.02	uvm_register_gpu_hclient_off	28	28	agree
550.107.02	uvm_register_gpu_hsmcpart_off	32	32	agree
550.107.02	chan_alloc_size	360	360	agree
550.107.02	vaspace_alloc_size	48	48	agree
550.107.02	mem_alloc_size	128	128	agree
550.107.02	nv00de_alloc_size	8	8	agree
550.107.02	nvos46_size	56	56	agree
550.107.02	nvos46_status_off	48	48	agree
550.120	uvm_map_ext_size	9264	9264	agree
550.120	uvm_map_ext_fd_off	9248	9248	agree
550.120	uvm_sem_pool_size	9248	9248	agree
550.120	uvm_register_gpu_size	40	40	agree
550.120	uvm_register_gpu_fd_off	24	24	agree
550.120	uvm_register_gpu_status_off	36	36	agree
550.120	uvm_register_gpu_hclient_off	28	28	agree
550.120	uvm_register_gpu_hsmcpart_off	32	32	agree
550.120	chan_alloc_size	360	360	agree
550.120	vaspace_alloc_size	48	48	agree
550.120	mem_alloc_size	128	128	agree
550.120	nv00de_alloc_size	8	8	agree
550.120	nvos46_size	56	56	agree
550.120	nvos46_status_off	48	48	agree
550.127.05	uvm_map_ext_size	9264	9264	agree
550.127.05	uvm_map_ext_fd_off	9248	9248	agree
550.127.05	uvm_sem_pool_size	9248	9248	agree
550.127.05	uvm_register_gpu_size	40	40	agree
550.127.05	uvm_register_gpu_fd_off	24	24	agree
550.127.05	uvm_register_gpu_status_off	36	36	agree
550.127.05	uvm_register_gpu_hclient_off	28	28	agree
550.127.05	uvm_register_gpu_hsmcpart_off	32	32	agree
550.127.05	chan_alloc_size	360	360	agree
550.127.05	vaspace_alloc_size	48	48	agree
550.127.05	mem_alloc_size	128	128	agree
550.127.05	nv00de_alloc_size	8	8	agree
550.127.05	nvos46_size	56	56	agree
550.127.05	nvos46_status_off	48	48	agree
550.127.08	uvm_map_ext_size	9264	9264	agree
550.127.08	uvm_map_ext_fd_off	9248	9248	agree
550.127.08	uvm_sem_pool_size	9248	9248	agree
550.127.08	uvm_register_gpu_size	40	40	agree
550.127.08	uvm_register_gpu_fd_off	24	24	agree
550.127.08	uvm_register_gpu_status_off	36	36	agree
550.127.08	uvm_register_gpu_hclient_off	28	28	agree
550.127.08	uvm_register_gpu_hsmcpart_off	32	32	agree
550.127.08	chan_alloc_size	360	360	agree
550.127.08	vaspace_alloc_size	48	48	agree
550.127.08	mem_alloc_size	128	128	agree
550.127.08	nv00de_alloc_size	8	8	agree
550.127.08	nvos46_size	56	56	agree
550.127.08	nvos46_status_off	48	48	agree
550.135	uvm_map_ext_size	9264	9264	agree
550.135	uvm_map_ext_fd_off	9248	9248	agree
550.135	uvm_sem_pool_size	9248	9248	agree
550.135	uvm_register_gpu_size	40	40	agree
550.135	uvm_register_gpu_fd_off	24	24	agree
550.135	uvm_register_gpu_status_off	36	36	agree
550.135	uvm_register_gpu_hclient_off	28	28	agree
550.135	uvm_register_gpu_hsmcpart_off	32	32	agree
550.135	chan_alloc_size	360	360	agree
550.135	vaspace_alloc_size	48	48	agree
550.135	mem_alloc_size	128	128	agree
550.135	nv00de_alloc_size	8	8	agree
550.135	nvos46_size	56	56	agree
550.135	nvos46_status_off	48	48	agree
550.142	uvm_map_ext_size	9264	9264	agree
550.142	uvm_map_ext_fd_off	9248	9248	agree
550.142	uvm_sem_pool_size	9248	9248	agree
550.142	uvm_register_gpu_size	40	40	agree
550.142	uvm_register_gpu_fd_off	24	24	agree
550.142	uvm_register_gpu_status_off	36	36	agree
550.142	uvm_register_gpu_hclient_off	28	28	agree
550.142	uvm_register_gpu_hsmcpart_off	32	32	agree
550.142	chan_alloc_size	360	360	agree
550.142	vaspace_alloc_size	48	48	agree
550.142	mem_alloc_size	128	128	agree
550.142	nv00de_alloc_size	8	8	agree
550.142	nvos46_size	56	56	agree
550.142	nvos46_status_off	48	48	agree
550.144.03	uvm_map_ext_size	9264	9264	agree
550.144.03	uvm_map_ext_fd_off	9248	9248	agree
550.144.03	uvm_sem_pool_size	9248	9248	agree
550.144.03	uvm_register_gpu_size	40	40	agree
550.144.03	uvm_register_gpu_fd_off	24	24	agree
550.144.03	uvm_register_gpu_status_off	36	36	agree
550.144.03	uvm_register_gpu_hclient_off	28	28	agree
550.144.03	uvm_register_gpu_hsmcpart_off	32	32	agree
550.144.03	chan_alloc_size	360	360	agree
550.144.03	vaspace_alloc_size	48	48	agree
550.144.03	mem_alloc_size	128	128	agree
550.144.03	nv00de_alloc_size	8	8	agree
550.144.03	nvos46_size	56	56	agree
550.144.03	nvos46_status_off	48	48	agree
550.163.01	uvm_map_ext_size	9264	9264	agree
550.163.01	uvm_map_ext_fd_off	9248	9248	agree
550.163.01	uvm_sem_pool_size	9248	9248	agree
550.163.01	uvm_register_gpu_size	40	40	agree
550.163.01	uvm_register_gpu_fd_off	24	24	agree
550.163.01	uvm_register_gpu_status_off	36	36	agree
550.163.01	uvm_register_gpu_hclient_off	28	28	agree
550.163.01	uvm_register_gpu_hsmcpart_off	32	32	agree
550.163.01	chan_alloc_size	360	360	agree
550.163.01	vaspace_alloc_size	48	48	agree
550.163.01	mem_alloc_size	128	128	agree
550.163.01	nv00de_alloc_size	8	8	agree
550.163.01	nvos46_size	56	56	agree
550.163.01	nvos46_status_off	48	48	agree
555.42.02	uvm_map_ext_size	9264	9264	agree
555.42.02	uvm_map_ext_fd_off	9248	9248	agree
555.42.02	uvm_sem_pool_size	9248	9248	agree
555.42.02	uvm_register_gpu_size	40	40	agree
555.42.02	uvm_register_gpu_fd_off	24	24	agree
555.42.02	uvm_register_gpu_status_off	36	36	agree
555.42.02	uvm_register_gpu_hclient_off	28	28	agree
555.42.02	uvm_register_gpu_hsmcpart_off	32	32	agree
555.42.02	chan_alloc_size	360	360	agree
555.42.02	vaspace_alloc_size	48	48	agree
555.42.02	mem_alloc_size	128	128	agree
555.42.02	nv00de_alloc_size	8	8	agree
555.42.02	nvos46_size	56	56	agree
555.42.02	nvos46_status_off	48	48	agree
555.42.06	uvm_map_ext_size	9264	9264	agree
555.42.06	uvm_map_ext_fd_off	9248	9248	agree
555.42.06	uvm_sem_pool_size	9248	9248	agree
555.42.06	uvm_register_gpu_size	40	40	agree
555.42.06	uvm_register_gpu_fd_off	24	24	agree
555.42.06	uvm_register_gpu_status_off	36	36	agree
555.42.06	uvm_register_gpu_hclient_off	28	28	agree
555.42.06	uvm_register_gpu_hsmcpart_off	32	32	agree
555.42.06	chan_alloc_size	360	360	agree
555.42.06	vaspace_alloc_size	48	48	agree
555.42.06	mem_alloc_size	128	128	agree
555.42.06	nv00de_alloc_size	8	8	agree
555.42.06	nvos46_size	56	56	agree
555.42.06	nvos46_status_off	48	48	agree
555.52.04	uvm_map_ext_size	9264	9264	agree
555.52.04	uvm_map_ext_fd_off	9248	9248	agree
555.52.04	uvm_sem_pool_size	9248	9248	agree
555.52.04	uvm_register_gpu_size	40	40	agree
555.52.04	uvm_register_gpu_fd_off	24	24	agree
555.52.04	uvm_register_gpu_status_off	36	36	agree
555.52.04	uvm_register_gpu_hclient_off	28	28	agree
555.52.04	uvm_register_gpu_hsmcpart_off	32	32	agree
555.52.04	chan_alloc_size	360	360	agree
555.52.04	vaspace_alloc_size	48	48	agree
555.52.04	mem_alloc_size	128	128	agree
555.52.04	nv00de_alloc_size	8	8	agree
555.52.04	nvos46_size	56	56	agree
555.52.04	nvos46_status_off	48	48	agree
555.58	uvm_map_ext_size	9264	9264	agree
555.58	uvm_map_ext_fd_off	9248	9248	agree
555.58	uvm_sem_pool_size	9248	9248	agree
555.58	uvm_register_gpu_size	40	40	agree
555.58	uvm_register_gpu_fd_off	24	24	agree
555.58	uvm_register_gpu_status_off	36	36	agree
555.58	uvm_register_gpu_hclient_off	28	28	agree
555.58	uvm_register_gpu_hsmcpart_off	32	32	agree
555.58	chan_alloc_size	360	360	agree
555.58	vaspace_alloc_size	48	48	agree
555.58	mem_alloc_size	128	128	agree
555.58	nv00de_alloc_size	8	8	agree
555.58	nvos46_size	56	56	agree
555.58	nvos46_status_off	48	48	agree
555.58.02	uvm_map_ext_size	9264	9264	agree
555.58.02	uvm_map_ext_fd_off	9248	9248	agree
555.58.02	uvm_sem_pool_size	9248	9248	agree
555.58.02	uvm_register_gpu_size	40	40	agree
555.58.02	uvm_register_gpu_fd_off	24	24	agree
555.58.02	uvm_register_gpu_status_off	36	36	agree
555.58.02	uvm_register_gpu_hclient_off	28	28	agree
555.58.02	uvm_register_gpu_hsmcpart_off	32	32	agree
555.58.02	chan_alloc_size	360	360	agree
555.58.02	vaspace_alloc_size	48	48	agree
555.58.02	mem_alloc_size	128	128	agree
555.58.02	nv00de_alloc_size	8	8	agree
555.58.02	nvos46_size	56	56	agree
555.58.02	nvos46_status_off	48	48	agree
560.28.03	uvm_map_ext_size	9264	9264	agree
560.28.03	uvm_map_ext_fd_off	9248	9248	agree
560.28.03	uvm_sem_pool_size	9248	9248	agree
560.28.03	uvm_register_gpu_size	40	40	agree
560.28.03	uvm_register_gpu_fd_off	24	24	agree
560.28.03	uvm_register_gpu_status_off	36	36	agree
560.28.03	uvm_register_gpu_hclient_off	28	28	agree
560.28.03	uvm_register_gpu_hsmcpart_off	32	32	agree
560.28.03	chan_alloc_size	360	360	agree
560.28.03	vaspace_alloc_size	48	48	agree
560.28.03	mem_alloc_size	128	128	agree
560.28.03	nv00de_alloc_size	8	8	agree
560.28.03	nvos46_size	56	56	agree
560.28.03	nvos46_status_off	48	48	agree
560.31.02	uvm_map_ext_size	9264	9264	agree
560.31.02	uvm_map_ext_fd_off	9248	9248	agree
560.31.02	uvm_sem_pool_size	9248	9248	agree
560.31.02	uvm_register_gpu_size	40	40	agree
560.31.02	uvm_register_gpu_fd_off	24	24	agree
560.31.02	uvm_register_gpu_status_off	36	36	agree
560.31.02	uvm_register_gpu_hclient_off	28	28	agree
560.31.02	uvm_register_gpu_hsmcpart_off	32	32	agree
560.31.02	chan_alloc_size	360	360	agree
560.31.02	vaspace_alloc_size	48	48	agree
560.31.02	mem_alloc_size	128	128	agree
560.31.02	nv00de_alloc_size	8	8	agree
560.31.02	nvos46_size	56	56	agree
560.31.02	nvos46_status_off	48	48	agree
560.35.03	uvm_map_ext_size	9264	9264	agree
560.35.03	uvm_map_ext_fd_off	9248	9248	agree
560.35.03	uvm_sem_pool_size	9248	9248	agree
560.35.03	uvm_register_gpu_size	40	40	agree
560.35.03	uvm_register_gpu_fd_off	24	24	agree
560.35.03	uvm_register_gpu_status_off	36	36	agree
560.35.03	uvm_register_gpu_hclient_off	28	28	agree
560.35.03	uvm_register_gpu_hsmcpart_off	32	32	agree
560.35.03	chan_alloc_size	360	360	agree
560.35.03	vaspace_alloc_size	48	48	agree
560.35.03	mem_alloc_size	128	128	agree
560.35.03	nv00de_alloc_size	8	8	agree
560.35.03	nvos46_size	56	56	agree
560.35.03	nvos46_status_off	48	48	agree
565.57.01	uvm_map_ext_size	9264	9264	agree
565.57.01	uvm_map_ext_fd_off	9248	9248	agree
565.57.01	uvm_sem_pool_size	9248	9248	agree
565.57.01	uvm_register_gpu_size	40	40	agree
565.57.01	uvm_register_gpu_fd_off	24	24	agree
565.57.01	uvm_register_gpu_status_off	36	36	agree
565.57.01	uvm_register_gpu_hclient_off	28	28	agree
565.57.01	uvm_register_gpu_hsmcpart_off	32	32	agree
565.57.01	chan_alloc_size	360	360	agree
565.57.01	vaspace_alloc_size	48	48	agree
565.57.01	mem_alloc_size	128	128	agree
565.57.01	nv00de_alloc_size	8	8	agree
565.57.01	nvos46_size	56	56	agree
565.57.01	nvos46_status_off	48	48	agree
565.77	uvm_map_ext_size	9264	9264	agree
565.77	uvm_map_ext_fd_off	9248	9248	agree
565.77	uvm_sem_pool_size	9248	9248	agree
565.77	uvm_register_gpu_size	40	40	agree
565.77	uvm_register_gpu_fd_off	24	24	agree
565.77	uvm_register_gpu_status_off	36	36	agree
565.77	uvm_register_gpu_hclient_off	28	28	agree
565.77	uvm_register_gpu_hsmcpart_off	32	32	agree
565.77	chan_alloc_size	360	360	agree
565.77	vaspace_alloc_size	48	48	agree
565.77	mem_alloc_size	128	128	agree
565.77	nv00de_alloc_size	8	8	agree
565.77	nvos46_size	56	56	agree
565.77	nvos46_status_off	48	48	agree
570.86.15	uvm_map_ext_size	9264	9264	agree
570.86.15	uvm_map_ext_fd_off	9248	9248	agree
570.86.15	uvm_sem_pool_size	9248	9248	agree
570.86.15	uvm_register_gpu_size	40	40	agree
570.86.15	uvm_register_gpu_fd_off	24	24	agree
570.86.15	uvm_register_gpu_status_off	36	36	agree
570.86.15	uvm_register_gpu_hclient_off	28	28	agree
570.86.15	uvm_register_gpu_hsmcpart_off	32	32	agree
570.86.15	chan_alloc_size	368	368	agree
570.86.15	vaspace_alloc_size	48	48	agree
570.86.15	mem_alloc_size	128	128	agree
570.86.15	nv00de_alloc_size	8	8	agree
570.86.15	nvos46_size	56	56	agree
570.86.15	nvos46_status_off	48	48	agree
570.86.16	uvm_map_ext_size	9264	9264	agree
570.86.16	uvm_map_ext_fd_off	9248	9248	agree
570.86.16	uvm_sem_pool_size	9248	9248	agree
570.86.16	uvm_register_gpu_size	40	40	agree
570.86.16	uvm_register_gpu_fd_off	24	24	agree
570.86.16	uvm_register_gpu_status_off	36	36	agree
570.86.16	uvm_register_gpu_hclient_off	28	28	agree
570.86.16	uvm_register_gpu_hsmcpart_off	32	32	agree
570.86.16	chan_alloc_size	368	368	agree
570.86.16	vaspace_alloc_size	48	48	agree
570.86.16	mem_alloc_size	128	128	agree
570.86.16	nv00de_alloc_size	8	8	agree
570.86.16	nvos46_size	56	56	agree
570.86.16	nvos46_status_off	48	48	agree
570.123.01	uvm_map_ext_size	9264	9264	agree
570.123.01	uvm_map_ext_fd_off	9248	9248	agree
570.123.01	uvm_sem_pool_size	9248	9248	agree
570.123.01	uvm_register_gpu_size	40	40	agree
570.123.01	uvm_register_gpu_fd_off	24	24	agree
570.123.01	uvm_register_gpu_status_off	36	36	agree
570.123.01	uvm_register_gpu_hclient_off	28	28	agree
570.123.01	uvm_register_gpu_hsmcpart_off	32	32	agree
570.123.01	chan_alloc_size	368	368	agree
570.123.01	vaspace_alloc_size	48	48	agree
570.123.01	mem_alloc_size	128	128	agree
570.123.01	nv00de_alloc_size	8	8	agree
570.123.01	nvos46_size	56	56	agree
570.123.01	nvos46_status_off	48	48	agree
570.123.06	uvm_map_ext_size	9264	9264	agree
570.123.06	uvm_map_ext_fd_off	9248	9248	agree
570.123.06	uvm_sem_pool_size	9248	9248	agree
570.123.06	uvm_register_gpu_size	40	40	agree
570.123.06	uvm_register_gpu_fd_off	24	24	agree
570.123.06	uvm_register_gpu_status_off	36	36	agree
570.123.06	uvm_register_gpu_hclient_off	28	28	agree
570.123.06	uvm_register_gpu_hsmcpart_off	32	32	agree
570.123.06	chan_alloc_size	368	368	agree
570.123.06	vaspace_alloc_size	48	48	agree
570.123.06	mem_alloc_size	128	128	agree
570.123.06	nv00de_alloc_size	8	8	agree
570.123.06	nvos46_size	56	56	agree
570.123.06	nvos46_status_off	48	48	agree
570.123.07	uvm_map_ext_size	9264	9264	agree
570.123.07	uvm_map_ext_fd_off	9248	9248	agree
570.123.07	uvm_sem_pool_size	9248	9248	agree
570.123.07	uvm_register_gpu_size	40	40	agree
570.123.07	uvm_register_gpu_fd_off	24	24	agree
570.123.07	uvm_register_gpu_status_off	36	36	agree
570.123.07	uvm_register_gpu_hclient_off	28	28	agree
570.123.07	uvm_register_gpu_hsmcpart_off	32	32	agree
570.123.07	chan_alloc_size	368	368	agree
570.123.07	vaspace_alloc_size	48	48	agree
570.123.07	mem_alloc_size	128	128	agree
570.123.07	nv00de_alloc_size	8	8	agree
570.123.07	nvos46_size	56	56	agree
570.123.07	nvos46_status_off	48	48	agree
570.123.10	uvm_map_ext_size	9264	9264	agree
570.123.10	uvm_map_ext_fd_off	9248	9248	agree
570.123.10	uvm_sem_pool_size	9248	9248	agree
570.123.10	uvm_register_gpu_size	40	40	agree
570.123.10	uvm_register_gpu_fd_off	24	24	agree
570.123.10	uvm_register_gpu_status_off	36	36	agree
570.123.10	uvm_register_gpu_hclient_off	28	28	agree
570.123.10	uvm_register_gpu_hsmcpart_off	32	32	agree
570.123.10	chan_alloc_size	368	368	agree
570.123.10	vaspace_alloc_size	48	48	agree
570.123.10	mem_alloc_size	128	128	agree
570.123.10	nv00de_alloc_size	8	8	agree
570.123.10	nvos46_size	56	56	agree
570.123.10	nvos46_status_off	48	48	agree
570.123.11	uvm_map_ext_size	9264	9264	agree
570.123.11	uvm_map_ext_fd_off	9248	9248	agree
570.123.11	uvm_sem_pool_size	9248	9248	agree
570.123.11	uvm_register_gpu_size	40	40	agree
570.123.11	uvm_register_gpu_fd_off	24	24	agree
570.123.11	uvm_register_gpu_status_off	36	36	agree
570.123.11	uvm_register_gpu_hclient_off	28	28	agree
570.123.11	uvm_register_gpu_hsmcpart_off	32	32	agree
570.123.11	chan_alloc_size	368	368	agree
570.123.11	vaspace_alloc_size	48	48	agree
570.123.11	mem_alloc_size	128	128	agree
570.123.11	nv00de_alloc_size	8	8	agree
570.123.11	nvos46_size	56	56	agree
570.123.11	nvos46_status_off	48	48	agree
570.123.14	uvm_map_ext_size	9264	9264	agree
570.123.14	uvm_map_ext_fd_off	9248	9248	agree
570.123.14	uvm_sem_pool_size	9248	9248	agree
570.123.14	uvm_register_gpu_size	40	40	agree
570.123.14	uvm_register_gpu_fd_off	24	24	agree
570.123.14	uvm_register_gpu_status_off	36	36	agree
570.123.14	uvm_register_gpu_hclient_off	28	28	agree
570.123.14	uvm_register_gpu_hsmcpart_off	32	32	agree
570.123.14	chan_alloc_size	368	368	agree
570.123.14	vaspace_alloc_size	48	48	agree
570.123.14	mem_alloc_size	128	128	agree
570.123.14	nv00de_alloc_size	8	8	agree
570.123.14	nvos46_size	56	56	agree
570.123.14	nvos46_status_off	48	48	agree
570.123.18	uvm_map_ext_size	9264	9264	agree
570.123.18	uvm_map_ext_fd_off	9248	9248	agree
570.123.18	uvm_sem_pool_size	9248	9248	agree
570.123.18	uvm_register_gpu_size	40	40	agree
570.123.18	uvm_register_gpu_fd_off	24	24	agree
570.123.18	uvm_register_gpu_status_off	36	36	agree
570.123.18	uvm_register_gpu_hclient_off	28	28	agree
570.123.18	uvm_register_gpu_hsmcpart_off	32	32	agree
570.123.18	chan_alloc_size	368	368	agree
570.123.18	vaspace_alloc_size	48	48	agree
570.123.18	mem_alloc_size	128	128	agree
570.123.18	nv00de_alloc_size	8	8	agree
570.123.18	nvos46_size	56	56	agree
570.123.18	nvos46_status_off	48	48	agree
570.123.19	uvm_map_ext_size	9264	9264	agree
570.123.19	uvm_map_ext_fd_off	9248	9248	agree
570.123.19	uvm_sem_pool_size	9248	9248	agree
570.123.19	uvm_register_gpu_size	40	40	agree
570.123.19	uvm_register_gpu_fd_off	24	24	agree
570.123.19	uvm_register_gpu_status_off	36	36	agree
570.123.19	uvm_register_gpu_hclient_off	28	28	agree
570.123.19	uvm_register_gpu_hsmcpart_off	32	32	agree
570.123.19	chan_alloc_size	368	368	agree
570.123.19	vaspace_alloc_size	48	48	agree
570.123.19	mem_alloc_size	128	128	agree
570.123.19	nv00de_alloc_size	8	8	agree
570.123.19	nvos46_size	56	56	agree
570.123.19	nvos46_status_off	48	48	agree
570.124.04	uvm_map_ext_size	9264	9264	agree
570.124.04	uvm_map_ext_fd_off	9248	9248	agree
570.124.04	uvm_sem_pool_size	9248	9248	agree
570.124.04	uvm_register_gpu_size	40	40	agree
570.124.04	uvm_register_gpu_fd_off	24	24	agree
570.124.04	uvm_register_gpu_status_off	36	36	agree
570.124.04	uvm_register_gpu_hclient_off	28	28	agree
570.124.04	uvm_register_gpu_hsmcpart_off	32	32	agree
570.124.04	chan_alloc_size	368	368	agree
570.124.04	vaspace_alloc_size	48	48	agree
570.124.04	mem_alloc_size	128	128	agree
570.124.04	nv00de_alloc_size	8	8	agree
570.124.04	nvos46_size	56	56	agree
570.124.04	nvos46_status_off	48	48	agree
570.124.06	uvm_map_ext_size	9264	9264	agree
570.124.06	uvm_map_ext_fd_off	9248	9248	agree
570.124.06	uvm_sem_pool_size	9248	9248	agree
570.124.06	uvm_register_gpu_size	40	40	agree
570.124.06	uvm_register_gpu_fd_off	24	24	agree
570.124.06	uvm_register_gpu_status_off	36	36	agree
570.124.06	uvm_register_gpu_hclient_off	28	28	agree
570.124.06	uvm_register_gpu_hsmcpart_off	32	32	agree
570.124.06	chan_alloc_size	368	368	agree
570.124.06	vaspace_alloc_size	48	48	agree
570.124.06	mem_alloc_size	128	128	agree
570.124.06	nv00de_alloc_size	8	8	agree
570.124.06	nvos46_size	56	56	agree
570.124.06	nvos46_status_off	48	48	agree
570.133.07	uvm_map_ext_size	9264	9264	agree
570.133.07	uvm_map_ext_fd_off	9248	9248	agree
570.133.07	uvm_sem_pool_size	9248	9248	agree
570.133.07	uvm_register_gpu_size	40	40	agree
570.133.07	uvm_register_gpu_fd_off	24	24	agree
570.133.07	uvm_register_gpu_status_off	36	36	agree
570.133.07	uvm_register_gpu_hclient_off	28	28	agree
570.133.07	uvm_register_gpu_hsmcpart_off	32	32	agree
570.133.07	chan_alloc_size	368	368	agree
570.133.07	vaspace_alloc_size	48	48	agree
570.133.07	mem_alloc_size	128	128	agree
570.133.07	nv00de_alloc_size	8	8	agree
570.133.07	nvos46_size	56	56	agree
570.133.07	nvos46_status_off	48	48	agree
570.133.20	uvm_map_ext_size	9264	9264	agree
570.133.20	uvm_map_ext_fd_off	9248	9248	agree
570.133.20	uvm_sem_pool_size	9248	9248	agree
570.133.20	uvm_register_gpu_size	40	40	agree
570.133.20	uvm_register_gpu_fd_off	24	24	agree
570.133.20	uvm_register_gpu_status_off	36	36	agree
570.133.20	uvm_register_gpu_hclient_off	28	28	agree
570.133.20	uvm_register_gpu_hsmcpart_off	32	32	agree
570.133.20	chan_alloc_size	368	368	agree
570.133.20	vaspace_alloc_size	48	48	agree
570.133.20	mem_alloc_size	128	128	agree
570.133.20	nv00de_alloc_size	8	8	agree
570.133.20	nvos46_size	56	56	agree
570.133.20	nvos46_status_off	48	48	agree
570.144	uvm_map_ext_size	9264	9264	agree
570.144	uvm_map_ext_fd_off	9248	9248	agree
570.144	uvm_sem_pool_size	9248	9248	agree
570.144	uvm_register_gpu_size	40	40	agree
570.144	uvm_register_gpu_fd_off	24	24	agree
570.144	uvm_register_gpu_status_off	36	36	agree
570.144	uvm_register_gpu_hclient_off	28	28	agree
570.144	uvm_register_gpu_hsmcpart_off	32	32	agree
570.144	chan_alloc_size	368	368	agree
570.144	vaspace_alloc_size	48	48	agree
570.144	mem_alloc_size	128	128	agree
570.144	nv00de_alloc_size	8	8	agree
570.144	nvos46_size	56	56	agree
570.144	nvos46_status_off	48	48	agree
570.148.08	uvm_map_ext_size	9264	9264	agree
570.148.08	uvm_map_ext_fd_off	9248	9248	agree
570.148.08	uvm_sem_pool_size	9248	9248	agree
570.148.08	uvm_register_gpu_size	40	40	agree
570.148.08	uvm_register_gpu_fd_off	24	24	agree
570.148.08	uvm_register_gpu_status_off	36	36	agree
570.148.08	uvm_register_gpu_hclient_off	28	28	agree
570.148.08	uvm_register_gpu_hsmcpart_off	32	32	agree
570.148.08	chan_alloc_size	368	368	agree
570.148.08	vaspace_alloc_size	48	48	agree
570.148.08	mem_alloc_size	128	128	agree
570.148.08	nv00de_alloc_size	8	8	agree
570.148.08	nvos46_size	56	56	agree
570.148.08	nvos46_status_off	48	48	agree
570.153.02	uvm_map_ext_size	9264	9264	agree
570.153.02	uvm_map_ext_fd_off	9248	9248	agree
570.153.02	uvm_sem_pool_size	9248	9248	agree
570.153.02	uvm_register_gpu_size	40	40	agree
570.153.02	uvm_register_gpu_fd_off	24	24	agree
570.153.02	uvm_register_gpu_status_off	36	36	agree
570.153.02	uvm_register_gpu_hclient_off	28	28	agree
570.153.02	uvm_register_gpu_hsmcpart_off	32	32	agree
570.153.02	chan_alloc_size	368	368	agree
570.153.02	vaspace_alloc_size	48	48	agree
570.153.02	mem_alloc_size	128	128	agree
570.153.02	nv00de_alloc_size	8	8	agree
570.153.02	nvos46_size	56	56	agree
570.153.02	nvos46_status_off	48	48	agree
570.158.01	uvm_map_ext_size	9264	9264	agree
570.158.01	uvm_map_ext_fd_off	9248	9248	agree
570.158.01	uvm_sem_pool_size	9248	9248	agree
570.158.01	uvm_register_gpu_size	40	40	agree
570.158.01	uvm_register_gpu_fd_off	24	24	agree
570.158.01	uvm_register_gpu_status_off	36	36	agree
570.158.01	uvm_register_gpu_hclient_off	28	28	agree
570.158.01	uvm_register_gpu_hsmcpart_off	32	32	agree
570.158.01	chan_alloc_size	368	368	agree
570.158.01	vaspace_alloc_size	48	48	agree
570.158.01	mem_alloc_size	128	128	agree
570.158.01	nv00de_alloc_size	8	8	agree
570.158.01	nvos46_size	56	56	agree
570.158.01	nvos46_status_off	48	48	agree
570.169	uvm_map_ext_size	9264	9264	agree
570.169	uvm_map_ext_fd_off	9248	9248	agree
570.169	uvm_sem_pool_size	9248	9248	agree
570.169	uvm_register_gpu_size	40	40	agree
570.169	uvm_register_gpu_fd_off	24	24	agree
570.169	uvm_register_gpu_status_off	36	36	agree
570.169	uvm_register_gpu_hclient_off	28	28	agree
570.169	uvm_register_gpu_hsmcpart_off	32	32	agree
570.169	chan_alloc_size	368	368	agree
570.169	vaspace_alloc_size	48	48	agree
570.169	mem_alloc_size	128	128	agree
570.169	nv00de_alloc_size	8	8	agree
570.169	nvos46_size	56	56	agree
570.169	nvos46_status_off	48	48	agree
570.172.08	uvm_map_ext_size	9264	9264	agree
570.172.08	uvm_map_ext_fd_off	9248	9248	agree
570.172.08	uvm_sem_pool_size	9248	9248	agree
570.172.08	uvm_register_gpu_size	40	40	agree
570.172.08	uvm_register_gpu_fd_off	24	24	agree
570.172.08	uvm_register_gpu_status_off	36	36	agree
570.172.08	uvm_register_gpu_hclient_off	28	28	agree
570.172.08	uvm_register_gpu_hsmcpart_off	32	32	agree
570.172.08	chan_alloc_size	368	368	agree
570.172.08	vaspace_alloc_size	48	48	agree
570.172.08	mem_alloc_size	128	128	agree
570.172.08	nv00de_alloc_size	8	8	agree
570.172.08	nvos46_size	56	56	agree
570.172.08	nvos46_status_off	48	48	agree
570.181	uvm_map_ext_size	9264	9264	agree
570.181	uvm_map_ext_fd_off	9248	9248	agree
570.181	uvm_sem_pool_size	9248	9248	agree
570.181	uvm_register_gpu_size	40	40	agree
570.181	uvm_register_gpu_fd_off	24	24	agree
570.181	uvm_register_gpu_status_off	36	36	agree
570.181	uvm_register_gpu_hclient_off	28	28	agree
570.181	uvm_register_gpu_hsmcpart_off	32	32	agree
570.181	chan_alloc_size	368	368	agree
570.181	vaspace_alloc_size	48	48	agree
570.181	mem_alloc_size	128	128	agree
570.181	nv00de_alloc_size	8	8	agree
570.181	nvos46_size	56	56	agree
570.181	nvos46_status_off	48	48	agree
570.190	uvm_map_ext_size	9264	9264	agree
570.190	uvm_map_ext_fd_off	9248	9248	agree
570.190	uvm_sem_pool_size	9248	9248	agree
570.190	uvm_register_gpu_size	40	40	agree
570.190	uvm_register_gpu_fd_off	24	24	agree
570.190	uvm_register_gpu_status_off	36	36	agree
570.190	uvm_register_gpu_hclient_off	28	28	agree
570.190	uvm_register_gpu_hsmcpart_off	32	32	agree
570.190	chan_alloc_size	368	368	agree
570.190	vaspace_alloc_size	48	48	agree
570.190	mem_alloc_size	128	128	agree
570.190	nv00de_alloc_size	8	8	agree
570.190	nvos46_size	56	56	agree
570.190	nvos46_status_off	48	48	agree
570.195.03	uvm_map_ext_size	9264	9264	agree
570.195.03	uvm_map_ext_fd_off	9248	9248	agree
570.195.03	uvm_sem_pool_size	9248	9248	agree
570.195.03	uvm_register_gpu_size	40	40	agree
570.195.03	uvm_register_gpu_fd_off	24	24	agree
570.195.03	uvm_register_gpu_status_off	36	36	agree
570.195.03	uvm_register_gpu_hclient_off	28	28	agree
570.195.03	uvm_register_gpu_hsmcpart_off	32	32	agree
570.195.03	chan_alloc_size	368	368	agree
570.195.03	vaspace_alloc_size	48	48	agree
570.195.03	mem_alloc_size	128	128	agree
570.195.03	nv00de_alloc_size	8	8	agree
570.195.03	nvos46_size	56	56	agree
570.195.03	nvos46_status_off	48	48	agree
570.207	uvm_map_ext_size	9264	9264	agree
570.207	uvm_map_ext_fd_off	9248	9248	agree
570.207	uvm_sem_pool_size	9248	9248	agree
570.207	uvm_register_gpu_size	40	40	agree
570.207	uvm_register_gpu_fd_off	24	24	agree
570.207	uvm_register_gpu_status_off	36	36	agree
570.207	uvm_register_gpu_hclient_off	28	28	agree
570.207	uvm_register_gpu_hsmcpart_off	32	32	agree
570.207	chan_alloc_size	368	368	agree
570.207	vaspace_alloc_size	48	48	agree
570.207	mem_alloc_size	128	128	agree
570.207	nv00de_alloc_size	8	8	agree
570.207	nvos46_size	56	56	agree
570.207	nvos46_status_off	48	48	agree
570.211.01	uvm_map_ext_size	9264	9264	agree
570.211.01	uvm_map_ext_fd_off	9248	9248	agree
570.211.01	uvm_sem_pool_size	9248	9248	agree
570.211.01	uvm_register_gpu_size	40	40	agree
570.211.01	uvm_register_gpu_fd_off	24	24	agree
570.211.01	uvm_register_gpu_status_off	36	36	agree
570.211.01	uvm_register_gpu_hclient_off	28	28	agree
570.211.01	uvm_register_gpu_hsmcpart_off	32	32	agree
570.211.01	chan_alloc_size	368	368	agree
570.211.01	vaspace_alloc_size	48	48	agree
570.211.01	mem_alloc_size	128	128	agree
570.211.01	nv00de_alloc_size	8	8	agree
570.211.01	nvos46_size	56	56	agree
570.211.01	nvos46_status_off	48	48	agree
575.51.02	uvm_map_ext_size	9264	9264	agree
575.51.02	uvm_map_ext_fd_off	9248	9248	agree
575.51.02	uvm_sem_pool_size	9248	9248	agree
575.51.02	uvm_register_gpu_size	40	40	agree
575.51.02	uvm_register_gpu_fd_off	24	24	agree
575.51.02	uvm_register_gpu_status_off	36	36	agree
575.51.02	uvm_register_gpu_hclient_off	28	28	agree
575.51.02	uvm_register_gpu_hsmcpart_off	32	32	agree
575.51.02	chan_alloc_size	368	368	agree
575.51.02	vaspace_alloc_size	48	48	agree
575.51.02	mem_alloc_size	128	128	agree
575.51.02	nv00de_alloc_size	8	8	agree
575.51.02	nvos46_size	56	56	agree
575.51.02	nvos46_status_off	48	48	agree
575.51.03	uvm_map_ext_size	9264	9264	agree
575.51.03	uvm_map_ext_fd_off	9248	9248	agree
575.51.03	uvm_sem_pool_size	9248	9248	agree
575.51.03	uvm_register_gpu_size	40	40	agree
575.51.03	uvm_register_gpu_fd_off	24	24	agree
575.51.03	uvm_register_gpu_status_off	36	36	agree
575.51.03	uvm_register_gpu_hclient_off	28	28	agree
575.51.03	uvm_register_gpu_hsmcpart_off	32	32	agree
575.51.03	chan_alloc_size	368	368	agree
575.51.03	vaspace_alloc_size	48	48	agree
575.51.03	mem_alloc_size	128	128	agree
575.51.03	nv00de_alloc_size	8	8	agree
575.51.03	nvos46_size	56	56	agree
575.51.03	nvos46_status_off	48	48	agree
575.57.08	uvm_map_ext_size	9264	9264	agree
575.57.08	uvm_map_ext_fd_off	9248	9248	agree
575.57.08	uvm_sem_pool_size	9248	9248	agree
575.57.08	uvm_register_gpu_size	40	40	agree
575.57.08	uvm_register_gpu_fd_off	24	24	agree
575.57.08	uvm_register_gpu_status_off	36	36	agree
575.57.08	uvm_register_gpu_hclient_off	28	28	agree
575.57.08	uvm_register_gpu_hsmcpart_off	32	32	agree
575.57.08	chan_alloc_size	368	368	agree
575.57.08	vaspace_alloc_size	48	48	agree
575.57.08	mem_alloc_size	128	128	agree
575.57.08	nv00de_alloc_size	8	8	agree
575.57.08	nvos46_size	56	56	agree
575.57.08	nvos46_status_off	48	48	agree
575.64	uvm_map_ext_size	9264	9264	agree
575.64	uvm_map_ext_fd_off	9248	9248	agree
575.64	uvm_sem_pool_size	9248	9248	agree
575.64	uvm_register_gpu_size	40	40	agree
575.64	uvm_register_gpu_fd_off	24	24	agree
575.64	uvm_register_gpu_status_off	36	36	agree
575.64	uvm_register_gpu_hclient_off	28	28	agree
575.64	uvm_register_gpu_hsmcpart_off	32	32	agree
575.64	chan_alloc_size	368	368	agree
575.64	vaspace_alloc_size	48	48	agree
575.64	mem_alloc_size	128	128	agree
575.64	nv00de_alloc_size	8	8	agree
575.64	nvos46_size	56	56	agree
575.64	nvos46_status_off	48	48	agree
575.64.03	uvm_map_ext_size	9264	9264	agree
575.64.03	uvm_map_ext_fd_off	9248	9248	agree
575.64.03	uvm_sem_pool_size	9248	9248	agree
575.64.03	uvm_register_gpu_size	40	40	agree
575.64.03	uvm_register_gpu_fd_off	24	24	agree
575.64.03	uvm_register_gpu_status_off	36	36	agree
575.64.03	uvm_register_gpu_hclient_off	28	28	agree
575.64.03	uvm_register_gpu_hsmcpart_off	32	32	agree
575.64.03	chan_alloc_size	368	368	agree
575.64.03	vaspace_alloc_size	48	48	agree
575.64.03	mem_alloc_size	128	128	agree
575.64.03	nv00de_alloc_size	8	8	agree
575.64.03	nvos46_size	56	56	agree
575.64.03	nvos46_status_off	48	48	agree
575.64.05	uvm_map_ext_size	9264	9264	agree
575.64.05	uvm_map_ext_fd_off	9248	9248	agree
575.64.05	uvm_sem_pool_size	9248	9248	agree
575.64.05	uvm_register_gpu_size	40	40	agree
575.64.05	uvm_register_gpu_fd_off	24	24	agree
575.64.05	uvm_register_gpu_status_off	36	36	agree
575.64.05	uvm_register_gpu_hclient_off	28	28	agree
575.64.05	uvm_register_gpu_hsmcpart_off	32	32	agree
575.64.05	chan_alloc_size	368	368	agree
575.64.05	vaspace_alloc_size	48	48	agree
575.64.05	mem_alloc_size	128	128	agree
575.64.05	nv00de_alloc_size	8	8	agree
575.64.05	nvos46_size	56	56	agree
575.64.05	nvos46_status_off	48	48	agree
580.65.06	uvm_map_ext_size	9264	9264	agree
580.65.06	uvm_map_ext_fd_off	9248	9248	agree
580.65.06	uvm_sem_pool_size	9248	9248	agree
580.65.06	uvm_register_gpu_size	40	40	agree
580.65.06	uvm_register_gpu_fd_off	24	24	agree
580.65.06	uvm_register_gpu_status_off	36	36	agree
580.65.06	uvm_register_gpu_hclient_off	28	28	agree
580.65.06	uvm_register_gpu_hsmcpart_off	32	32	agree
580.65.06	chan_alloc_size	368	368	agree
580.65.06	vaspace_alloc_size	56	56	agree
580.65.06	mem_alloc_size	128	128	agree
580.65.06	nv00de_alloc_size	8	8	agree
580.65.06	nvos46_size	64	64	agree
580.65.06	nvos46_status_off	56	56	agree
580.76.05	uvm_map_ext_size	9264	9264	agree
580.76.05	uvm_map_ext_fd_off	9248	9248	agree
580.76.05	uvm_sem_pool_size	9248	9248	agree
580.76.05	uvm_register_gpu_size	40	40	agree
580.76.05	uvm_register_gpu_fd_off	24	24	agree
580.76.05	uvm_register_gpu_status_off	36	36	agree
580.76.05	uvm_register_gpu_hclient_off	28	28	agree
580.76.05	uvm_register_gpu_hsmcpart_off	32	32	agree
580.76.05	chan_alloc_size	368	368	agree
580.76.05	vaspace_alloc_size	56	56	agree
580.76.05	mem_alloc_size	128	128	agree
580.76.05	nv00de_alloc_size	8	8	agree
580.76.05	nvos46_size	64	64	agree
580.76.05	nvos46_status_off	56	56	agree
580.82.07	uvm_map_ext_size	9264	9264	agree
580.82.07	uvm_map_ext_fd_off	9248	9248	agree
580.82.07	uvm_sem_pool_size	9248	9248	agree
580.82.07	uvm_register_gpu_size	40	40	agree
580.82.07	uvm_register_gpu_fd_off	24	24	agree
580.82.07	uvm_register_gpu_status_off	36	36	agree
580.82.07	uvm_register_gpu_hclient_off	28	28	agree
580.82.07	uvm_register_gpu_hsmcpart_off	32	32	agree
580.82.07	chan_alloc_size	368	368	agree
580.82.07	vaspace_alloc_size	56	56	agree
580.82.07	mem_alloc_size	128	128	agree
580.82.07	nv00de_alloc_size	8	8	agree
580.82.07	nvos46_size	64	64	agree
580.82.07	nvos46_status_off	56	56	agree
580.82.09	uvm_map_ext_size	9264	9264	agree
580.82.09	uvm_map_ext_fd_off	9248	9248	agree
580.82.09	uvm_sem_pool_size	9248	9248	agree
580.82.09	uvm_register_gpu_size	40	40	agree
580.82.09	uvm_register_gpu_fd_off	24	24	agree
580.82.09	uvm_register_gpu_status_off	36	36	agree
580.82.09	uvm_register_gpu_hclient_off	28	28	agree
580.82.09	uvm_register_gpu_hsmcpart_off	32	32	agree
580.82.09	chan_alloc_size	368	368	agree
580.82.09	vaspace_alloc_size	56	56	agree
580.82.09	mem_alloc_size	128	128	agree
580.82.09	nv00de_alloc_size	8	8	agree
580.82.09	nvos46_size	64	64	agree
580.82.09	nvos46_status_off	56	56	agree
580.94.02	uvm_map_ext_size	9264	9264	agree
580.94.02	uvm_map_ext_fd_off	9248	9248	agree
580.94.02	uvm_sem_pool_size	9248	9248	agree
580.94.02	uvm_register_gpu_size	40	40	agree
580.94.02	uvm_register_gpu_fd_off	24	24	agree
580.94.02	uvm_register_gpu_status_off	36	36	agree
580.94.02	uvm_register_gpu_hclient_off	28	28	agree
580.94.02	uvm_register_gpu_hsmcpart_off	32	32	agree
580.94.02	chan_alloc_size	368	368	agree
580.94.02	vaspace_alloc_size	56	56	agree
580.94.02	mem_alloc_size	128	128	agree
580.94.02	nv00de_alloc_size	8	8	agree
580.94.02	nvos46_size	64	64	agree
580.94.02	nvos46_status_off	56	56	agree
580.94.03	uvm_map_ext_size	9264	9264	agree
580.94.03	uvm_map_ext_fd_off	9248	9248	agree
580.94.03	uvm_sem_pool_size	9248	9248	agree
580.94.03	uvm_register_gpu_size	40	40	agree
580.94.03	uvm_register_gpu_fd_off	24	24	agree
580.94.03	uvm_register_gpu_status_off	36	36	agree
580.94.03	uvm_register_gpu_hclient_off	28	28	agree
580.94.03	uvm_register_gpu_hsmcpart_off	32	32	agree
580.94.03	chan_alloc_size	368	368	agree
580.94.03	vaspace_alloc_size	56	56	agree
580.94.03	mem_alloc_size	128	128	agree
580.94.03	nv00de_alloc_size	8	8	agree
580.94.03	nvos46_size	64	64	agree
580.94.03	nvos46_status_off	56	56	agree
580.94.06	uvm_map_ext_size	9264	9264	agree
580.94.06	uvm_map_ext_fd_off	9248	9248	agree
580.94.06	uvm_sem_pool_size	9248	9248	agree
580.94.06	uvm_register_gpu_size	40	40	agree
580.94.06	uvm_register_gpu_fd_off	24	24	agree
580.94.06	uvm_register_gpu_status_off	36	36	agree
580.94.06	uvm_register_gpu_hclient_off	28	28	agree
580.94.06	uvm_register_gpu_hsmcpart_off	32	32	agree
580.94.06	chan_alloc_size	368	368	agree
580.94.06	vaspace_alloc_size	56	56	agree
580.94.06	mem_alloc_size	128	128	agree
580.94.06	nv00de_alloc_size	8	8	agree
580.94.06	nvos46_size	64	64	agree
580.94.06	nvos46_status_off	56	56	agree
580.94.10	uvm_map_ext_size	9264	9264	agree
580.94.10	uvm_map_ext_fd_off	9248	9248	agree
580.94.10	uvm_sem_pool_size	9248	9248	agree
580.94.10	uvm_register_gpu_size	40	40	agree
580.94.10	uvm_register_gpu_fd_off	24	24	agree
580.94.10	uvm_register_gpu_status_off	36	36	agree
580.94.10	uvm_register_gpu_hclient_off	28	28	agree
580.94.10	uvm_register_gpu_hsmcpart_off	32	32	agree
580.94.10	chan_alloc_size	368	368	agree
580.94.10	vaspace_alloc_size	56	56	agree
580.94.10	mem_alloc_size	128	128	agree
580.94.10	nv00de_alloc_size	8	8	agree
580.94.10	nvos46_size	64	64	agree
580.94.10	nvos46_status_off	56	56	agree
580.94.11	uvm_map_ext_size	9264	9264	agree
580.94.11	uvm_map_ext_fd_off	9248	9248	agree
580.94.11	uvm_sem_pool_size	9248	9248	agree
580.94.11	uvm_register_gpu_size	40	40	agree
580.94.11	uvm_register_gpu_fd_off	24	24	agree
580.94.11	uvm_register_gpu_status_off	36	36	agree
580.94.11	uvm_register_gpu_hclient_off	28	28	agree
580.94.11	uvm_register_gpu_hsmcpart_off	32	32	agree
580.94.11	chan_alloc_size	368	368	agree
580.94.11	vaspace_alloc_size	56	56	agree
580.94.11	mem_alloc_size	128	128	agree
580.94.11	nv00de_alloc_size	8	8	agree
580.94.11	nvos46_size	64	64	agree
580.94.11	nvos46_status_off	56	56	agree
580.94.13	uvm_map_ext_size	9264	9264	agree
580.94.13	uvm_map_ext_fd_off	9248	9248	agree
580.94.13	uvm_sem_pool_size	9248	9248	agree
580.94.13	uvm_register_gpu_size	40	40	agree
580.94.13	uvm_register_gpu_fd_off	24	24	agree
580.94.13	uvm_register_gpu_status_off	36	36	agree
580.94.13	uvm_register_gpu_hclient_off	28	28	agree
580.94.13	uvm_register_gpu_hsmcpart_off	32	32	agree
580.94.13	chan_alloc_size	368	368	agree
580.94.13	vaspace_alloc_size	56	56	agree
580.94.13	mem_alloc_size	128	128	agree
580.94.13	nv00de_alloc_size	8	8	agree
580.94.13	nvos46_size	64	64	agree
580.94.13	nvos46_status_off	56	56	agree
580.94.16	uvm_map_ext_size	9264	9264	agree
580.94.16	uvm_map_ext_fd_off	9248	9248	agree
580.94.16	uvm_sem_pool_size	9248	9248	agree
580.94.16	uvm_register_gpu_size	40	40	agree
580.94.16	uvm_register_gpu_fd_off	24	24	agree
580.94.16	uvm_register_gpu_status_off	36	36	agree
580.94.16	uvm_register_gpu_hclient_off	28	28	agree
580.94.16	uvm_register_gpu_hsmcpart_off	32	32	agree
580.94.16	chan_alloc_size	368	368	agree
580.94.16	vaspace_alloc_size	56	56	agree
580.94.16	mem_alloc_size	128	128	agree
580.94.16	nv00de_alloc_size	8	8	agree
580.94.16	nvos46_size	64	64	agree
580.94.16	nvos46_status_off	56	56	agree
580.94.17	uvm_map_ext_size	9264	9264	agree
580.94.17	uvm_map_ext_fd_off	9248	9248	agree
580.94.17	uvm_sem_pool_size	9248	9248	agree
580.94.17	uvm_register_gpu_size	40	40	agree
580.94.17	uvm_register_gpu_fd_off	24	24	agree
580.94.17	uvm_register_gpu_status_off	36	36	agree
580.94.17	uvm_register_gpu_hclient_off	28	28	agree
580.94.17	uvm_register_gpu_hsmcpart_off	32	32	agree
580.94.17	chan_alloc_size	368	368	agree
580.94.17	vaspace_alloc_size	56	56	agree
580.94.17	mem_alloc_size	128	128	agree
580.94.17	nv00de_alloc_size	8	8	agree
580.94.17	nvos46_size	64	64	agree
580.94.17	nvos46_status_off	56	56	agree
580.94.18	uvm_map_ext_size	9264	9264	agree
580.94.18	uvm_map_ext_fd_off	9248	9248	agree
580.94.18	uvm_sem_pool_size	9248	9248	agree
580.94.18	uvm_register_gpu_size	40	40	agree
580.94.18	uvm_register_gpu_fd_off	24	24	agree
580.94.18	uvm_register_gpu_status_off	36	36	agree
580.94.18	uvm_register_gpu_hclient_off	28	28	agree
580.94.18	uvm_register_gpu_hsmcpart_off	32	32	agree
580.94.18	chan_alloc_size	368	368	agree
580.94.18	vaspace_alloc_size	56	56	agree
580.94.18	mem_alloc_size	128	128	agree
580.94.18	nv00de_alloc_size	8	8	agree
580.94.18	nvos46_size	64	64	agree
580.94.18	nvos46_status_off	56	56	agree
580.95.05	uvm_map_ext_size	9264	9264	agree
580.95.05	uvm_map_ext_fd_off	9248	9248	agree
580.95.05	uvm_sem_pool_size	9248	9248	agree
580.95.05	uvm_register_gpu_size	40	40	agree
580.95.05	uvm_register_gpu_fd_off	24	24	agree
580.95.05	uvm_register_gpu_status_off	36	36	agree
580.95.05	uvm_register_gpu_hclient_off	28	28	agree
580.95.05	uvm_register_gpu_hsmcpart_off	32	32	agree
580.95.05	chan_alloc_size	368	368	agree
580.95.05	vaspace_alloc_size	56	56	agree
580.95.05	mem_alloc_size	128	128	agree
580.95.05	nv00de_alloc_size	8	8	agree
580.95.05	nvos46_size	64	64	agree
580.95.05	nvos46_status_off	56	56	agree
580.105.08	uvm_map_ext_size	9264	9264	agree
580.105.08	uvm_map_ext_fd_off	9248	9248	agree
580.105.08	uvm_sem_pool_size	9248	9248	agree
580.105.08	uvm_register_gpu_size	40	40	agree
580.105.08	uvm_register_gpu_fd_off	24	24	agree
580.105.08	uvm_register_gpu_status_off	36	36	agree
580.105.08	uvm_register_gpu_hclient_off	28	28	agree
580.105.08	uvm_register_gpu_hsmcpart_off	32	32	agree
580.105.08	chan_alloc_size	368	368	agree
580.105.08	vaspace_alloc_size	56	56	agree
580.105.08	mem_alloc_size	128	128	agree
580.105.08	nv00de_alloc_size	8	8	agree
580.105.08	nvos46_size	64	64	agree
580.105.08	nvos46_status_off	56	56	agree
580.119.02	uvm_map_ext_size	9264	9264	agree
580.119.02	uvm_map_ext_fd_off	9248	9248	agree
580.119.02	uvm_sem_pool_size	9248	9248	agree
580.119.02	uvm_register_gpu_size	40	40	agree
580.119.02	uvm_register_gpu_fd_off	24	24	agree
580.119.02	uvm_register_gpu_status_off	36	36	agree
580.119.02	uvm_register_gpu_hclient_off	28	28	agree
580.119.02	uvm_register_gpu_hsmcpart_off	32	32	agree
580.119.02	chan_alloc_size	368	368	agree
580.119.02	vaspace_alloc_size	56	56	agree
580.119.02	mem_alloc_size	128	128	agree
580.119.02	nv00de_alloc_size	8	8	agree
580.119.02	nvos46_size	64	64	agree
580.119.02	nvos46_status_off	56	56	agree
580.126.09	uvm_map_ext_size	9264	9264	agree
580.126.09	uvm_map_ext_fd_off	9248	9248	agree
580.126.09	uvm_sem_pool_size	9248	9248	agree
580.126.09	uvm_register_gpu_size	40	40	agree
580.126.09	uvm_register_gpu_fd_off	24	24	agree
580.126.09	uvm_register_gpu_status_off	36	36	agree
580.126.09	uvm_register_gpu_hclient_off	28	28	agree
580.126.09	uvm_register_gpu_hsmcpart_off	32	32	agree
580.126.09	chan_alloc_size	368	368	agree
580.126.09	vaspace_alloc_size	56	56	agree
580.126.09	mem_alloc_size	128	128	agree
580.126.09	nv00de_alloc_size	8	8	agree
580.126.09	nvos46_size	64	64	agree
580.126.09	nvos46_status_off	56	56	agree
580.126.16	uvm_map_ext_size	9264	9264	agree
580.126.16	uvm_map_ext_fd_off	9248	9248	agree
580.126.16	uvm_sem_pool_size	9248	9248	agree
580.126.16	uvm_register_gpu_size	40	40	agree
580.126.16	uvm_register_gpu_fd_off	24	24	agree
580.126.16	uvm_register_gpu_status_off	36	36	agree
580.126.16	uvm_register_gpu_hclient_off	28	28	agree
580.126.16	uvm_register_gpu_hsmcpart_off	32	32	agree
580.126.16	chan_alloc_size	368	368	agree
580.126.16	vaspace_alloc_size	56	56	agree
580.126.16	mem_alloc_size	128	128	agree
580.126.16	nv00de_alloc_size	8	8	agree
580.126.16	nvos46_size	64	64	agree
580.126.16	nvos46_status_off	56	56	agree
580.126.18	uvm_map_ext_size	9264	9264	agree
580.126.18	uvm_map_ext_fd_off	9248	9248	agree
580.126.18	uvm_sem_pool_size	9248	9248	agree
580.126.18	uvm_register_gpu_size	40	40	agree
580.126.18	uvm_register_gpu_fd_off	24	24	agree
580.126.18	uvm_register_gpu_status_off	36	36	agree
580.126.18	uvm_register_gpu_hclient_off	28	28	agree
580.126.18	uvm_register_gpu_hsmcpart_off	32	32	agree
580.126.18	chan_alloc_size	368	368	agree
580.126.18	vaspace_alloc_size	56	56	agree
580.126.18	mem_alloc_size	128	128	agree
580.126.18	nv00de_alloc_size	8	8	agree
580.126.18	nvos46_size	64	64	agree
580.126.18	nvos46_status_off	56	56	agree
580.126.20	uvm_map_ext_size	9264	9264	agree
580.126.20	uvm_map_ext_fd_off	9248	9248	agree
580.126.20	uvm_sem_pool_size	9248	9248	agree
580.126.20	uvm_register_gpu_size	40	40	agree
580.126.20	uvm_register_gpu_fd_off	24	24	agree
580.126.20	uvm_register_gpu_status_off	36	36	agree
580.126.20	uvm_register_gpu_hclient_off	28	28	agree
580.126.20	uvm_register_gpu_hsmcpart_off	32	32	agree
580.126.20	chan_alloc_size	368	368	agree
580.126.20	vaspace_alloc_size	56	56	agree
580.126.20	mem_alloc_size	128	128	agree
580.126.20	nv00de_alloc_size	8	8	agree
580.126.20	nvos46_size	64	64	agree
580.126.20	nvos46_status_off	56	56	agree
580.142	uvm_map_ext_size	9264	9264	agree
580.142	uvm_map_ext_fd_off	9248	9248	agree
580.142	uvm_sem_pool_size	9248	9248	agree
580.142	uvm_register_gpu_size	40	40	agree
580.142	uvm_register_gpu_fd_off	24	24	agree
580.142	uvm_register_gpu_status_off	36	36	agree
580.142	uvm_register_gpu_hclient_off	28	28	agree
580.142	uvm_register_gpu_hsmcpart_off	32	32	agree
580.142	chan_alloc_size	368	368	agree
580.142	vaspace_alloc_size	56	56	agree
580.142	mem_alloc_size	128	128	agree
580.142	nv00de_alloc_size	8	8	agree
580.142	nvos46_size	64	64	agree
580.142	nvos46_status_off	56	56	agree
580.159.03	uvm_map_ext_size	9264	9264	agree
580.159.03	uvm_map_ext_fd_off	9248	9248	agree
580.159.03	uvm_sem_pool_size	9248	9248	agree
580.159.03	uvm_register_gpu_size	40	40	agree
580.159.03	uvm_register_gpu_fd_off	24	24	agree
580.159.03	uvm_register_gpu_status_off	36	36	agree
580.159.03	uvm_register_gpu_hclient_off	28	28	agree
580.159.03	uvm_register_gpu_hsmcpart_off	32	32	agree
580.159.03	chan_alloc_size	368	368	agree
580.159.03	vaspace_alloc_size	56	56	agree
580.159.03	mem_alloc_size	128	128	agree
580.159.03	nv00de_alloc_size	8	8	agree
580.159.03	nvos46_size	64	64	agree
580.159.03	nvos46_status_off	56	56	agree
580.159.04	uvm_map_ext_size	9264	9264	agree
580.159.04	uvm_map_ext_fd_off	9248	9248	agree
580.159.04	uvm_sem_pool_size	9248	9248	agree
580.159.04	uvm_register_gpu_size	40	40	agree
580.159.04	uvm_register_gpu_fd_off	24	24	agree
580.159.04	uvm_register_gpu_status_off	36	36	agree
580.159.04	uvm_register_gpu_hclient_off	28	28	agree
580.159.04	uvm_register_gpu_hsmcpart_off	32	32	agree
580.159.04	chan_alloc_size	368	368	agree
580.159.04	vaspace_alloc_size	56	56	agree
580.159.04	mem_alloc_size	128	128	agree
580.159.04	nv00de_alloc_size	8	8	agree
580.159.04	nvos46_size	64	64	agree
580.159.04	nvos46_status_off	56	56	agree
580.167.08	uvm_map_ext_size	9264	9264	agree
580.167.08	uvm_map_ext_fd_off	9248	9248	agree
580.167.08	uvm_sem_pool_size	9248	9248	agree
580.167.08	uvm_register_gpu_size	40	40	agree
580.167.08	uvm_register_gpu_fd_off	24	24	agree
580.167.08	uvm_register_gpu_status_off	36	36	agree
580.167.08	uvm_register_gpu_hclient_off	28	28	agree
580.167.08	uvm_register_gpu_hsmcpart_off	32	32	agree
580.167.08	chan_alloc_size	368	368	agree
580.167.08	vaspace_alloc_size	56	56	agree
580.167.08	mem_alloc_size	128	128	agree
580.167.08	nv00de_alloc_size	8	8	agree
580.167.08	nvos46_size	64	64	agree
580.167.08	nvos46_status_off	56	56	agree
580.173.02	uvm_map_ext_size	9264	9264	agree
580.173.02	uvm_map_ext_fd_off	9248	9248	agree
580.173.02	uvm_sem_pool_size	9248	9248	agree
580.173.02	uvm_register_gpu_size	40	40	agree
580.173.02	uvm_register_gpu_fd_off	24	24	agree
580.173.02	uvm_register_gpu_status_off	36	36	agree
580.173.02	uvm_register_gpu_hclient_off	28	28	agree
580.173.02	uvm_register_gpu_hsmcpart_off	32	32	agree
580.173.02	chan_alloc_size	368	368	agree
580.173.02	vaspace_alloc_size	56	56	agree
580.173.02	mem_alloc_size	128	128	agree
580.173.02	nv00de_alloc_size	8	8	agree
580.173.02	nvos46_size	64	64	agree
580.173.02	nvos46_status_off	56	56	agree
580.178.04	uvm_map_ext_size	9264	9264	agree
580.178.04	uvm_map_ext_fd_off	9248	9248	agree
580.178.04	uvm_sem_pool_size	9248	9248	agree
580.178.04	uvm_register_gpu_size	40	40	agree
580.178.04	uvm_register_gpu_fd_off	24	24	agree
580.178.04	uvm_register_gpu_status_off	36	36	agree
580.178.04	uvm_register_gpu_hclient_off	28	28	agree
580.178.04	uvm_register_gpu_hsmcpart_off	32	32	agree
580.178.04	chan_alloc_size	368	368	agree
580.178.04	vaspace_alloc_size	56	56	agree
580.178.04	mem_alloc_size	128	128	agree
580.178.04	nv00de_alloc_size	8	8	agree
580.178.04	nvos46_size	64	64	agree
580.178.04	nvos46_status_off	56	56	agree
590.44.01	uvm_map_ext_size	9264	9264	agree
590.44.01	uvm_map_ext_fd_off	9248	9248	agree
590.44.01	uvm_sem_pool_size	9248	9248	agree
590.44.01	uvm_register_gpu_size	40	40	agree
590.44.01	uvm_register_gpu_fd_off	24	24	agree
590.44.01	uvm_register_gpu_status_off	36	36	agree
590.44.01	uvm_register_gpu_hclient_off	28	28	agree
590.44.01	uvm_register_gpu_hsmcpart_off	32	32	agree
590.44.01	chan_alloc_size	368	368	agree
590.44.01	vaspace_alloc_size	56	56	agree
590.44.01	mem_alloc_size	128	128	agree
590.44.01	nv00de_alloc_size	8	8	agree
590.44.01	nvos46_size	64	64	agree
590.44.01	nvos46_status_off	56	56	agree
590.48.01	uvm_map_ext_size	9264	9264	agree
590.48.01	uvm_map_ext_fd_off	9248	9248	agree
590.48.01	uvm_sem_pool_size	9248	9248	agree
590.48.01	uvm_register_gpu_size	40	40	agree
590.48.01	uvm_register_gpu_fd_off	24	24	agree
590.48.01	uvm_register_gpu_status_off	36	36	agree
590.48.01	uvm_register_gpu_hclient_off	28	28	agree
590.48.01	uvm_register_gpu_hsmcpart_off	32	32	agree
590.48.01	chan_alloc_size	368	368	agree
590.48.01	vaspace_alloc_size	56	56	agree
590.48.01	mem_alloc_size	128	128	agree
590.48.01	nv00de_alloc_size	8	8	agree
590.48.01	nvos46_size	64	64	agree
590.48.01	nvos46_status_off	56	56	agree
595.44.02	uvm_map_ext_size	9264	9264	agree
595.44.02	uvm_map_ext_fd_off	9248	9248	agree
595.44.02	uvm_sem_pool_size	9248	9248	agree
595.44.02	uvm_register_gpu_size	40	40	agree
595.44.02	uvm_register_gpu_fd_off	24	24	agree
595.44.02	uvm_register_gpu_status_off	36	36	agree
595.44.02	uvm_register_gpu_hclient_off	28	28	agree
595.44.02	uvm_register_gpu_hsmcpart_off	32	32	agree
595.44.02	chan_alloc_size	368	368	agree
595.44.02	vaspace_alloc_size	56	56	agree
595.44.02	mem_alloc_size	128	128	agree
595.44.02	nv00de_alloc_size	8	8	agree
595.44.02	nvos46_size	64	64	agree
595.44.02	nvos46_status_off	56	56	agree
595.44.03	uvm_map_ext_size	9264	9264	agree
595.44.03	uvm_map_ext_fd_off	9248	9248	agree
595.44.03	uvm_sem_pool_size	9248	9248	agree
595.44.03	uvm_register_gpu_size	40	40	agree
595.44.03	uvm_register_gpu_fd_off	24	24	agree
595.44.03	uvm_register_gpu_status_off	36	36	agree
595.44.03	uvm_register_gpu_hclient_off	28	28	agree
595.44.03	uvm_register_gpu_hsmcpart_off	32	32	agree
595.44.03	chan_alloc_size	368	368	agree
595.44.03	vaspace_alloc_size	56	56	agree
595.44.03	mem_alloc_size	128	128	agree
595.44.03	nv00de_alloc_size	8	8	agree
595.44.03	nvos46_size	64	64	agree
595.44.03	nvos46_status_off	56	56	agree
595.44.05	uvm_map_ext_size	9264	9264	agree
595.44.05	uvm_map_ext_fd_off	9248	9248	agree
595.44.05	uvm_sem_pool_size	9248	9248	agree
595.44.05	uvm_register_gpu_size	40	40	agree
595.44.05	uvm_register_gpu_fd_off	24	24	agree
595.44.05	uvm_register_gpu_status_off	36	36	agree
595.44.05	uvm_register_gpu_hclient_off	28	28	agree
595.44.05	uvm_register_gpu_hsmcpart_off	32	32	agree
595.44.05	chan_alloc_size	368	368	agree
595.44.05	vaspace_alloc_size	56	56	agree
595.44.05	mem_alloc_size	128	128	agree
595.44.05	nv00de_alloc_size	8	8	agree
595.44.05	nvos46_size	64	64	agree
595.44.05	nvos46_status_off	56	56	agree
595.44.06	uvm_map_ext_size	9264	9264	agree
595.44.06	uvm_map_ext_fd_off	9248	9248	agree
595.44.06	uvm_sem_pool_size	9248	9248	agree
595.44.06	uvm_register_gpu_size	40	40	agree
595.44.06	uvm_register_gpu_fd_off	24	24	agree
595.44.06	uvm_register_gpu_status_off	36	36	agree
595.44.06	uvm_register_gpu_hclient_off	28	28	agree
595.44.06	uvm_register_gpu_hsmcpart_off	32	32	agree
595.44.06	chan_alloc_size	368	368	agree
595.44.06	vaspace_alloc_size	56	56	agree
595.44.06	mem_alloc_size	128	128	agree
595.44.06	nv00de_alloc_size	8	8	agree
595.44.06	nvos46_size	64	64	agree
595.44.06	nvos46_status_off	56	56	agree
595.44.07	uvm_map_ext_size	9264	9264	agree
595.44.07	uvm_map_ext_fd_off	9248	9248	agree
595.44.07	uvm_sem_pool_size	9248	9248	agree
595.44.07	uvm_register_gpu_size	40	40	agree
595.44.07	uvm_register_gpu_fd_off	24	24	agree
595.44.07	uvm_register_gpu_status_off	36	36	agree
595.44.07	uvm_register_gpu_hclient_off	28	28	agree
595.44.07	uvm_register_gpu_hsmcpart_off	32	32	agree
595.44.07	chan_alloc_size	368	368	agree
595.44.07	vaspace_alloc_size	56	56	agree
595.44.07	mem_alloc_size	128	128	agree
595.44.07	nv00de_alloc_size	8	8	agree
595.44.07	nvos46_size	64	64	agree
595.44.07	nvos46_status_off	56	56	agree
595.44.08	uvm_map_ext_size	9264	9264	agree
595.44.08	uvm_map_ext_fd_off	9248	9248	agree
595.44.08	uvm_sem_pool_size	9248	9248	agree
595.44.08	uvm_register_gpu_size	40	40	agree
595.44.08	uvm_register_gpu_fd_off	24	24	agree
595.44.08	uvm_register_gpu_status_off	36	36	agree
595.44.08	uvm_register_gpu_hclient_off	28	28	agree
595.44.08	uvm_register_gpu_hsmcpart_off	32	32	agree
595.44.08	chan_alloc_size	368	368	agree
595.44.08	vaspace_alloc_size	56	56	agree
595.44.08	mem_alloc_size	128	128	agree
595.44.08	nv00de_alloc_size	8	8	agree
595.44.08	nvos46_size	64	64	agree
595.44.08	nvos46_status_off	56	56	agree
595.44.09	uvm_map_ext_size	9264	9264	agree
595.44.09	uvm_map_ext_fd_off	9248	9248	agree
595.44.09	uvm_sem_pool_size	9248	9248	agree
595.44.09	uvm_register_gpu_size	40	40	agree
595.44.09	uvm_register_gpu_fd_off	24	24	agree
595.44.09	uvm_register_gpu_status_off	36	36	agree
595.44.09	uvm_register_gpu_hclient_off	28	28	agree
595.44.09	uvm_register_gpu_hsmcpart_off	32	32	agree
595.44.09	chan_alloc_size	368	368	agree
595.44.09	vaspace_alloc_size	56	56	agree
595.44.09	mem_alloc_size	128	128	agree
595.44.09	nv00de_alloc_size	8	8	agree
595.44.09	nvos46_size	64	64	agree
595.44.09	nvos46_status_off	56	56	agree
595.44.10	uvm_map_ext_size	9264	9264	agree
595.44.10	uvm_map_ext_fd_off	9248	9248	agree
595.44.10	uvm_sem_pool_size	9248	9248	agree
595.44.10	uvm_register_gpu_size	40	40	agree
595.44.10	uvm_register_gpu_fd_off	24	24	agree
595.44.10	uvm_register_gpu_status_off	36	36	agree
595.44.10	uvm_register_gpu_hclient_off	28	28	agree
595.44.10	uvm_register_gpu_hsmcpart_off	32	32	agree
595.44.10	chan_alloc_size	368	368	agree
595.44.10	vaspace_alloc_size	56	56	agree
595.44.10	mem_alloc_size	128	128	agree
595.44.10	nv00de_alloc_size	8	8	agree
595.44.10	nvos46_size	64	64	agree
595.44.10	nvos46_status_off	56	56	agree
595.44.11	uvm_map_ext_size	9264	9264	agree
595.44.11	uvm_map_ext_fd_off	9248	9248	agree
595.44.11	uvm_sem_pool_size	9248	9248	agree
595.44.11	uvm_register_gpu_size	40	40	agree
595.44.11	uvm_register_gpu_fd_off	24	24	agree
595.44.11	uvm_register_gpu_status_off	36	36	agree
595.44.11	uvm_register_gpu_hclient_off	28	28	agree
595.44.11	uvm_register_gpu_hsmcpart_off	32	32	agree
595.44.11	chan_alloc_size	368	368	agree
595.44.11	vaspace_alloc_size	56	56	agree
595.44.11	mem_alloc_size	128	128	agree
595.44.11	nv00de_alloc_size	8	8	agree
595.44.11	nvos46_size	64	64	agree
595.44.11	nvos46_status_off	56	56	agree
595.44.13	uvm_map_ext_size	9264	9264	agree
595.44.13	uvm_map_ext_fd_off	9248	9248	agree
595.44.13	uvm_sem_pool_size	9248	9248	agree
595.44.13	uvm_register_gpu_size	40	40	agree
595.44.13	uvm_register_gpu_fd_off	24	24	agree
595.44.13	uvm_register_gpu_status_off	36	36	agree
595.44.13	uvm_register_gpu_hclient_off	28	28	agree
595.44.13	uvm_register_gpu_hsmcpart_off	32	32	agree
595.44.13	chan_alloc_size	368	368	agree
595.44.13	vaspace_alloc_size	56	56	agree
595.44.13	mem_alloc_size	128	128	agree
595.44.13	nv00de_alloc_size	8	8	agree
595.44.13	nvos46_size	64	64	agree
595.44.13	nvos46_status_off	56	56	agree
595.44.14	uvm_map_ext_size	9264	9264	agree
595.44.14	uvm_map_ext_fd_off	9248	9248	agree
595.44.14	uvm_sem_pool_size	9248	9248	agree
595.44.14	uvm_register_gpu_size	40	40	agree
595.44.14	uvm_register_gpu_fd_off	24	24	agree
595.44.14	uvm_register_gpu_status_off	36	36	agree
595.44.14	uvm_register_gpu_hclient_off	28	28	agree
595.44.14	uvm_register_gpu_hsmcpart_off	32	32	agree
595.44.14	chan_alloc_size	368	368	agree
595.44.14	vaspace_alloc_size	56	56	agree
595.44.14	mem_alloc_size	128	128	agree
595.44.14	nv00de_alloc_size	8	8	agree
595.44.14	nvos46_size	64	64	agree
595.44.14	nvos46_status_off	56	56	agree
595.45.04	uvm_map_ext_size	9264	9264	agree
595.45.04	uvm_map_ext_fd_off	9248	9248	agree
595.45.04	uvm_sem_pool_size	9248	9248	agree
595.45.04	uvm_register_gpu_size	40	40	agree
595.45.04	uvm_register_gpu_fd_off	24	24	agree
595.45.04	uvm_register_gpu_status_off	36	36	agree
595.45.04	uvm_register_gpu_hclient_off	28	28	agree
595.45.04	uvm_register_gpu_hsmcpart_off	32	32	agree
595.45.04	chan_alloc_size	368	368	agree
595.45.04	vaspace_alloc_size	56	56	agree
595.45.04	mem_alloc_size	128	128	agree
595.45.04	nv00de_alloc_size	8	8	agree
595.45.04	nvos46_size	64	64	agree
595.45.04	nvos46_status_off	56	56	agree
595.58.03	uvm_map_ext_size	9264	9264	agree
595.58.03	uvm_map_ext_fd_off	9248	9248	agree
595.58.03	uvm_sem_pool_size	9248	9248	agree
595.58.03	uvm_register_gpu_size	40	40	agree
595.58.03	uvm_register_gpu_fd_off	24	24	agree
595.58.03	uvm_register_gpu_status_off	36	36	agree
595.58.03	uvm_register_gpu_hclient_off	28	28	agree
595.58.03	uvm_register_gpu_hsmcpart_off	32	32	agree
595.58.03	chan_alloc_size	368	368	agree
595.58.03	vaspace_alloc_size	56	56	agree
595.58.03	mem_alloc_size	128	128	agree
595.58.03	nv00de_alloc_size	8	8	agree
595.58.03	nvos46_size	64	64	agree
595.58.03	nvos46_status_off	56	56	agree
595.71.05	uvm_map_ext_size	9264	9264	agree
595.71.05	uvm_map_ext_fd_off	9248	9248	agree
595.71.05	uvm_sem_pool_size	9248	9248	agree
595.71.05	uvm_register_gpu_size	40	40	agree
595.71.05	uvm_register_gpu_fd_off	24	24	agree
595.71.05	uvm_register_gpu_status_off	36	36	agree
595.71.05	uvm_register_gpu_hclient_off	28	28	agree
595.71.05	uvm_register_gpu_hsmcpart_off	32	32	agree
595.71.05	chan_alloc_size	368	368	agree
595.71.05	vaspace_alloc_size	56	56	agree
595.71.05	mem_alloc_size	128	128	agree
595.71.05	nv00de_alloc_size	8	8	agree
595.71.05	nvos46_size	64	64	agree
595.71.05	nvos46_status_off	56	56	agree
595.80	uvm_map_ext_size	9264	9264	agree
595.80	uvm_map_ext_fd_off	9248	9248	agree
595.80	uvm_sem_pool_size	9248	9248	agree
595.80	uvm_register_gpu_size	40	40	agree
595.80	uvm_register_gpu_fd_off	24	24	agree
595.80	uvm_register_gpu_status_off	36	36	agree
595.80	uvm_register_gpu_hclient_off	28	28	agree
595.80	uvm_register_gpu_hsmcpart_off	32	32	agree
595.80	chan_alloc_size	368	368	agree
595.80	vaspace_alloc_size	56	56	agree
595.80	mem_alloc_size	128	128	agree
595.80	nv00de_alloc_size	8	8	agree
595.80	nvos46_size	64	64	agree
595.80	nvos46_status_off	56	56	agree
595.84	uvm_map_ext_size	9264	9264	agree
595.84	uvm_map_ext_fd_off	9248	9248	agree
595.84	uvm_sem_pool_size	9248	9248	agree
595.84	uvm_register_gpu_size	40	40	agree
595.84	uvm_register_gpu_fd_off	24	24	agree
595.84	uvm_register_gpu_status_off	36	36	agree
595.84	uvm_register_gpu_hclient_off	28	28	agree
595.84	uvm_register_gpu_hsmcpart_off	32	32	agree
595.84	chan_alloc_size	368	368	agree
595.84	vaspace_alloc_size	56	56	agree
595.84	mem_alloc_size	128	128	agree
595.84	nv00de_alloc_size	8	8	agree
595.84	nvos46_size	64	64	agree
595.84	nvos46_status_off	56	56	agree
595.91.07	uvm_map_ext_size	9264	9264	agree
595.91.07	uvm_map_ext_fd_off	9248	9248	agree
595.91.07	uvm_sem_pool_size	9248	9248	agree
595.91.07	uvm_register_gpu_size	40	40	agree
595.91.07	uvm_register_gpu_fd_off	24	24	agree
595.91.07	uvm_register_gpu_status_off	36	36	agree
595.91.07	uvm_register_gpu_hclient_off	28	28	agree
595.91.07	uvm_register_gpu_hsmcpart_off	32	32	agree
595.91.07	chan_alloc_size	368	368	agree
595.91.07	vaspace_alloc_size	56	56	agree
595.91.07	mem_alloc_size	128	128	agree
595.91.07	nv00de_alloc_size	8	8	agree
595.91.07	nvos46_size	64	64	agree
595.91.07	nvos46_status_off	56	56	agree
610.43.02	uvm_map_ext_size	9264	9264	agree
610.43.02	uvm_map_ext_fd_off	9248	9248	agree
610.43.02	uvm_sem_pool_size	9248	9248	agree
610.43.02	uvm_register_gpu_size	40	40	agree
610.43.02	uvm_register_gpu_fd_off	24	24	agree
610.43.02	uvm_register_gpu_status_off	36	36	agree
610.43.02	uvm_register_gpu_hclient_off	28	28	agree
610.43.02	uvm_register_gpu_hsmcpart_off	32	32	agree
610.43.02	chan_alloc_size	376	376	agree
610.43.02	vaspace_alloc_size	56	56	agree
610.43.02	mem_alloc_size	128	128	agree
610.43.02	nv00de_alloc_size	8	8	agree
610.43.02	nvos46_size	64	64	agree
610.43.02	nvos46_status_off	56	56	agree
610.43.03	uvm_map_ext_size	9264	9264	agree
610.43.03	uvm_map_ext_fd_off	9248	9248	agree
610.43.03	uvm_sem_pool_size	9248	9248	agree
610.43.03	uvm_register_gpu_size	40	40	agree
610.43.03	uvm_register_gpu_fd_off	24	24	agree
610.43.03	uvm_register_gpu_status_off	36	36	agree
610.43.03	uvm_register_gpu_hclient_off	28	28	agree
610.43.03	uvm_register_gpu_hsmcpart_off	32	32	agree
610.43.03	chan_alloc_size	376	376	agree
610.43.03	vaspace_alloc_size	56	56	agree
610.43.03	mem_alloc_size	128	128	agree
610.43.03	nv00de_alloc_size	8	8	agree
610.43.03	nvos46_size	64	64	agree
610.43.03	nvos46_status_off	56	56	agree
610.57.04	uvm_map_ext_size	9264	9264	agree
610.57.04	uvm_map_ext_fd_off	9248	9248	agree
610.57.04	uvm_sem_pool_size	9248	9248	agree
610.57.04	uvm_register_gpu_size	40	40	agree
610.57.04	uvm_register_gpu_fd_off	24	24	agree
610.57.04	uvm_register_gpu_status_off	36	36	agree
610.57.04	uvm_register_gpu_hclient_off	28	28	agree
610.57.04	uvm_register_gpu_hsmcpart_off	32	32	agree
610.57.04	chan_alloc_size	376	376	agree
610.57.04	vaspace_alloc_size	56	56	agree
610.57.04	mem_alloc_size	128	128	agree
610.57.04	nv00de_alloc_size	8	8	agree
610.57.04	nvos46_size	64	64	agree
610.57.04	nvos46_status_off	56	56	agree
# cells compared 2338: agree 2338, DISAGREE 0
