# kind	item	first_tag	last_tag	value    (measured by tools/drivermatrix/dm.py; tags 535.309.01..615.71.09, 29 of them)
# tags	535.309.01 545.23.08 550.40.07 550.54.14 550.90.07 555.42.02 560.28.03 565.57.01 570.86.15 570.124.06 570.148.08 575.51.02 575.51.03 575.57.08 575.64.05 580.65.06 580.82.07 580.94.02 580.95.05 580.105.08 580.126.09 580.159.04 580.173.02 580.178.04 590.48.01 595.84 610.43.02 610.57.04 615.71.09
sizeof	GSP_ARGUMENTS_CACHED	535.309.01	550.90.07	0+80
sizeof	GSP_ARGUMENTS_CACHED	555.42.02	565.57.01	0+64
sizeof	GSP_ARGUMENTS_CACHED	570.86.15	570.148.08	0+72
sizeof	GSP_ARGUMENTS_CACHED	575.51.02	590.48.01	0+88
sizeof	GSP_ARGUMENTS_CACHED	595.84	595.84	0+136
sizeof	GSP_ARGUMENTS_CACHED	610.43.02	610.57.04	0+152
sizeof	GSP_ARGUMENTS_CACHED	615.71.09	615.71.09	0+184
field	GSP_ARGUMENTS_CACHED.bDmemStack	535.309.01	565.57.01	ABSENT
field	GSP_ARGUMENTS_CACHED.bDmemStack	570.86.15	590.48.01	48+1
field	GSP_ARGUMENTS_CACHED.bDmemStack	595.84	610.57.04	80+1
field	GSP_ARGUMENTS_CACHED.bDmemStack	615.71.09	615.71.09	ABSENT
field	GSP_ARGUMENTS_CACHED.bindataArgs	535.309.01	595.84	ABSENT
field	GSP_ARGUMENTS_CACHED.bindataArgs	610.43.02	610.57.04	136+16
field	GSP_ARGUMENTS_CACHED.bindataArgs	615.71.09	615.71.09	152+16
field	GSP_ARGUMENTS_CACHED.bindataArgs.radix3	535.309.01	595.84	ABSENT
field	GSP_ARGUMENTS_CACHED.bindataArgs.radix3	610.43.02	610.57.04	136+8
field	GSP_ARGUMENTS_CACHED.bindataArgs.radix3	615.71.09	615.71.09	152+8
field	GSP_ARGUMENTS_CACHED.bindataArgs.size	535.309.01	595.84	ABSENT
field	GSP_ARGUMENTS_CACHED.bindataArgs.size	610.43.02	610.57.04	144+8
field	GSP_ARGUMENTS_CACHED.bindataArgs.size	615.71.09	615.71.09	160+8
field	GSP_ARGUMENTS_CACHED.flags	535.309.01	610.57.04	ABSENT
field	GSP_ARGUMENTS_CACHED.flags	615.71.09	615.71.09	8+8
field	GSP_ARGUMENTS_CACHED.gpuInstance	535.309.01	550.90.07	60+4
field	GSP_ARGUMENTS_CACHED.gpuInstance	555.42.02	590.48.01	44+4
field	GSP_ARGUMENTS_CACHED.gpuInstance	595.84	610.57.04	76+4
field	GSP_ARGUMENTS_CACHED.gpuInstance	615.71.09	615.71.09	100+4
field	GSP_ARGUMENTS_CACHED.magic	535.309.01	610.57.04	ABSENT
field	GSP_ARGUMENTS_CACHED.magic	615.71.09	615.71.09	0+4
field	GSP_ARGUMENTS_CACHED.messageQueueInitArguments	535.309.01	550.90.07	0+48
field	GSP_ARGUMENTS_CACHED.messageQueueInitArguments	555.42.02	590.48.01	0+32
field	GSP_ARGUMENTS_CACHED.messageQueueInitArguments	595.84	610.57.04	0+64
field	GSP_ARGUMENTS_CACHED.messageQueueInitArguments	615.71.09	615.71.09	16+64
field	GSP_ARGUMENTS_CACHED.messageQueueInitArguments.cmdQueueOffset	535.309.01	610.57.04	16+8
field	GSP_ARGUMENTS_CACHED.messageQueueInitArguments.cmdQueueOffset	615.71.09	615.71.09	32+8
field	GSP_ARGUMENTS_CACHED.messageQueueInitArguments.flags	535.309.01	610.57.04	ABSENT
field	GSP_ARGUMENTS_CACHED.messageQueueInitArguments.flags	615.71.09	615.71.09	16+8
field	GSP_ARGUMENTS_CACHED.messageQueueInitArguments.locklessCmdQueueOffset	535.309.01	550.90.07	32+8
field	GSP_ARGUMENTS_CACHED.messageQueueInitArguments.locklessCmdQueueOffset	555.42.02	615.71.09	ABSENT
field	GSP_ARGUMENTS_CACHED.messageQueueInitArguments.locklessStatQueueOffset	535.309.01	550.90.07	40+8
field	GSP_ARGUMENTS_CACHED.messageQueueInitArguments.locklessStatQueueOffset	555.42.02	615.71.09	ABSENT
field	GSP_ARGUMENTS_CACHED.messageQueueInitArguments.pageTableEntryCount	535.309.01	610.57.04	8+4
field	GSP_ARGUMENTS_CACHED.messageQueueInitArguments.pageTableEntryCount	615.71.09	615.71.09	68+4
field	GSP_ARGUMENTS_CACHED.messageQueueInitArguments.queueElementAlign	535.309.01	590.48.01	ABSENT
field	GSP_ARGUMENTS_CACHED.messageQueueInitArguments.queueElementAlign	595.84	610.57.04	60+4
field	GSP_ARGUMENTS_CACHED.messageQueueInitArguments.queueElementAlign	615.71.09	615.71.09	64+4
field	GSP_ARGUMENTS_CACHED.messageQueueInitArguments.queueElementHdrSize	535.309.01	590.48.01	ABSENT
field	GSP_ARGUMENTS_CACHED.messageQueueInitArguments.queueElementHdrSize	595.84	610.57.04	32+8
field	GSP_ARGUMENTS_CACHED.messageQueueInitArguments.queueElementHdrSize	615.71.09	615.71.09	48+4
field	GSP_ARGUMENTS_CACHED.messageQueueInitArguments.queueElementSizeMax	535.309.01	590.48.01	ABSENT
field	GSP_ARGUMENTS_CACHED.messageQueueInitArguments.queueElementSizeMax	595.84	610.57.04	48+8
field	GSP_ARGUMENTS_CACHED.messageQueueInitArguments.queueElementSizeMax	615.71.09	615.71.09	56+4
field	GSP_ARGUMENTS_CACHED.messageQueueInitArguments.queueElementSizeMin	535.309.01	590.48.01	ABSENT
field	GSP_ARGUMENTS_CACHED.messageQueueInitArguments.queueElementSizeMin	595.84	610.57.04	40+8
field	GSP_ARGUMENTS_CACHED.messageQueueInitArguments.queueElementSizeMin	615.71.09	615.71.09	52+4
field	GSP_ARGUMENTS_CACHED.messageQueueInitArguments.queueHeaderAlign	535.309.01	590.48.01	ABSENT
field	GSP_ARGUMENTS_CACHED.messageQueueInitArguments.queueHeaderAlign	595.84	610.57.04	56+4
field	GSP_ARGUMENTS_CACHED.messageQueueInitArguments.queueHeaderAlign	615.71.09	615.71.09	60+4
field	GSP_ARGUMENTS_CACHED.messageQueueInitArguments.reserved	535.309.01	610.57.04	ABSENT
field	GSP_ARGUMENTS_CACHED.messageQueueInitArguments.reserved	615.71.09	615.71.09	72+8
field	GSP_ARGUMENTS_CACHED.messageQueueInitArguments.sharedMemPhysAddr	535.309.01	610.57.04	0+8
field	GSP_ARGUMENTS_CACHED.messageQueueInitArguments.sharedMemPhysAddr	615.71.09	615.71.09	24+8
field	GSP_ARGUMENTS_CACHED.messageQueueInitArguments.statQueueOffset	535.309.01	610.57.04	24+8
field	GSP_ARGUMENTS_CACHED.messageQueueInitArguments.statQueueOffset	615.71.09	615.71.09	40+8
field	GSP_ARGUMENTS_CACHED.profilerArgs	535.309.01	550.90.07	64+16
field	GSP_ARGUMENTS_CACHED.profilerArgs	555.42.02	565.57.01	48+16
field	GSP_ARGUMENTS_CACHED.profilerArgs	570.86.15	590.48.01	56+16
field	GSP_ARGUMENTS_CACHED.profilerArgs	595.84	610.57.04	88+16
field	GSP_ARGUMENTS_CACHED.profilerArgs	615.71.09	615.71.09	104+16
field	GSP_ARGUMENTS_CACHED.profilerArgs.pa	535.309.01	550.90.07	64+8
field	GSP_ARGUMENTS_CACHED.profilerArgs.pa	555.42.02	565.57.01	48+8
field	GSP_ARGUMENTS_CACHED.profilerArgs.pa	570.86.15	590.48.01	56+8
field	GSP_ARGUMENTS_CACHED.profilerArgs.pa	595.84	610.57.04	88+8
field	GSP_ARGUMENTS_CACHED.profilerArgs.pa	615.71.09	615.71.09	104+8
field	GSP_ARGUMENTS_CACHED.profilerArgs.size	535.309.01	550.90.07	72+8
field	GSP_ARGUMENTS_CACHED.profilerArgs.size	555.42.02	565.57.01	56+8
field	GSP_ARGUMENTS_CACHED.profilerArgs.size	570.86.15	590.48.01	64+8
field	GSP_ARGUMENTS_CACHED.profilerArgs.size	595.84	610.57.04	96+8
field	GSP_ARGUMENTS_CACHED.profilerArgs.size	615.71.09	615.71.09	112+8
field	GSP_ARGUMENTS_CACHED.reserved	535.309.01	610.57.04	ABSENT
field	GSP_ARGUMENTS_CACHED.reserved	615.71.09	615.71.09	6+2
field	GSP_ARGUMENTS_CACHED.reserved2	535.309.01	610.57.04	ABSENT
field	GSP_ARGUMENTS_CACHED.reserved2	615.71.09	615.71.09	96+4
field	GSP_ARGUMENTS_CACHED.rmStateMonitorBufferArgs	535.309.01	590.48.01	ABSENT
field	GSP_ARGUMENTS_CACHED.rmStateMonitorBufferArgs	595.84	610.57.04	120+16
field	GSP_ARGUMENTS_CACHED.rmStateMonitorBufferArgs	615.71.09	615.71.09	136+16
field	GSP_ARGUMENTS_CACHED.rmStateMonitorBufferArgs.pa	535.309.01	590.48.01	ABSENT
field	GSP_ARGUMENTS_CACHED.rmStateMonitorBufferArgs.pa	595.84	610.57.04	120+8
field	GSP_ARGUMENTS_CACHED.rmStateMonitorBufferArgs.pa	615.71.09	615.71.09	136+8
field	GSP_ARGUMENTS_CACHED.rmStateMonitorBufferArgs.size	535.309.01	590.48.01	ABSENT
field	GSP_ARGUMENTS_CACHED.rmStateMonitorBufferArgs.size	595.84	610.57.04	128+8
field	GSP_ARGUMENTS_CACHED.rmStateMonitorBufferArgs.size	615.71.09	615.71.09	144+8
field	GSP_ARGUMENTS_CACHED.size	535.309.01	610.57.04	ABSENT
field	GSP_ARGUMENTS_CACHED.size	615.71.09	615.71.09	4+2
field	GSP_ARGUMENTS_CACHED.srInitArguments	535.309.01	550.90.07	48+12
field	GSP_ARGUMENTS_CACHED.srInitArguments	555.42.02	590.48.01	32+12
field	GSP_ARGUMENTS_CACHED.srInitArguments	595.84	610.57.04	64+12
field	GSP_ARGUMENTS_CACHED.srInitArguments	615.71.09	615.71.09	80+16
field	GSP_ARGUMENTS_CACHED.srInitArguments.bInPMTransition	535.309.01	550.90.07	56+1
field	GSP_ARGUMENTS_CACHED.srInitArguments.bInPMTransition	555.42.02	590.48.01	40+1
field	GSP_ARGUMENTS_CACHED.srInitArguments.bInPMTransition	595.84	610.57.04	72+1
field	GSP_ARGUMENTS_CACHED.srInitArguments.bInPMTransition	615.71.09	615.71.09	ABSENT
field	GSP_ARGUMENTS_CACHED.srInitArguments.flags	535.309.01	550.90.07	52+4
field	GSP_ARGUMENTS_CACHED.srInitArguments.flags	555.42.02	590.48.01	36+4
field	GSP_ARGUMENTS_CACHED.srInitArguments.flags	595.84	610.57.04	68+4
field	GSP_ARGUMENTS_CACHED.srInitArguments.flags	615.71.09	615.71.09	84+4
field	GSP_ARGUMENTS_CACHED.srInitArguments.oldLevel	535.309.01	550.90.07	48+4
field	GSP_ARGUMENTS_CACHED.srInitArguments.oldLevel	555.42.02	590.48.01	32+4
field	GSP_ARGUMENTS_CACHED.srInitArguments.oldLevel	595.84	610.57.04	64+4
field	GSP_ARGUMENTS_CACHED.srInitArguments.oldLevel	615.71.09	615.71.09	80+4
field	GSP_ARGUMENTS_CACHED.srInitArguments.reserved	535.309.01	610.57.04	ABSENT
field	GSP_ARGUMENTS_CACHED.srInitArguments.reserved	615.71.09	615.71.09	88+8
field	GSP_ARGUMENTS_CACHED.sysmemHeapArgs	535.309.01	570.148.08	ABSENT
field	GSP_ARGUMENTS_CACHED.sysmemHeapArgs	575.51.02	590.48.01	72+16
field	GSP_ARGUMENTS_CACHED.sysmemHeapArgs	595.84	610.57.04	104+16
field	GSP_ARGUMENTS_CACHED.sysmemHeapArgs	615.71.09	615.71.09	120+16
field	GSP_ARGUMENTS_CACHED.sysmemHeapArgs.pa	535.309.01	570.148.08	ABSENT
field	GSP_ARGUMENTS_CACHED.sysmemHeapArgs.pa	575.51.02	590.48.01	72+8
field	GSP_ARGUMENTS_CACHED.sysmemHeapArgs.pa	595.84	610.57.04	104+8
field	GSP_ARGUMENTS_CACHED.sysmemHeapArgs.pa	615.71.09	615.71.09	120+8
field	GSP_ARGUMENTS_CACHED.sysmemHeapArgs.size	535.309.01	570.148.08	ABSENT
field	GSP_ARGUMENTS_CACHED.sysmemHeapArgs.size	575.51.02	590.48.01	80+8
field	GSP_ARGUMENTS_CACHED.sysmemHeapArgs.size	595.84	610.57.04	112+8
field	GSP_ARGUMENTS_CACHED.sysmemHeapArgs.size	615.71.09	615.71.09	128+8
field	GSP_ARGUMENTS_CACHED.vbiosOverrideArgs	535.309.01	610.57.04	ABSENT
field	GSP_ARGUMENTS_CACHED.vbiosOverrideArgs	615.71.09	615.71.09	168+16
field	GSP_ARGUMENTS_CACHED.vbiosOverrideArgs.pa	535.309.01	610.57.04	ABSENT
field	GSP_ARGUMENTS_CACHED.vbiosOverrideArgs.pa	615.71.09	615.71.09	168+8
field	GSP_ARGUMENTS_CACHED.vbiosOverrideArgs.size	535.309.01	610.57.04	ABSENT
field	GSP_ARGUMENTS_CACHED.vbiosOverrideArgs.size	615.71.09	615.71.09	176+8
sizeof	GSP_MSG_QUEUE_ELEMENT	535.309.01	595.84	0+80
sizeof	GSP_MSG_QUEUE_ELEMENT	610.43.02	610.57.04	0+16
sizeof	GSP_MSG_QUEUE_ELEMENT	615.71.09	615.71.09	0+40
field	GSP_MSG_QUEUE_ELEMENT.<anon>	535.309.01	610.57.04	ABSENT
field	GSP_MSG_QUEUE_ELEMENT.<anon>	615.71.09	615.71.09	16+24
field	GSP_MSG_QUEUE_ELEMENT.<anon>.noEncryption	535.309.01	610.57.04	ABSENT
field	GSP_MSG_QUEUE_ELEMENT.<anon>.noEncryption	615.71.09	615.71.09	16+8
field	GSP_MSG_QUEUE_ELEMENT.<anon>.noEncryption.nvdmPayloadSize	535.309.01	610.57.04	ABSENT
field	GSP_MSG_QUEUE_ELEMENT.<anon>.noEncryption.nvdmPayloadSize	615.71.09	615.71.09	16+4
field	GSP_MSG_QUEUE_ELEMENT.<anon>.noEncryption.payload	535.309.01	610.57.04	ABSENT
field	GSP_MSG_QUEUE_ELEMENT.<anon>.noEncryption.payload	615.71.09	615.71.09	24+0
field	GSP_MSG_QUEUE_ELEMENT.<anon>.noEncryption.reserved	535.309.01	610.57.04	ABSENT
field	GSP_MSG_QUEUE_ELEMENT.<anon>.noEncryption.reserved	615.71.09	615.71.09	20+4
field	GSP_MSG_QUEUE_ELEMENT.<anon>.withEncryption	535.309.01	610.57.04	ABSENT
field	GSP_MSG_QUEUE_ELEMENT.<anon>.withEncryption	615.71.09	615.71.09	16+24
field	GSP_MSG_QUEUE_ELEMENT.<anon>.withEncryption.encryptionTag	535.309.01	610.57.04	ABSENT
field	GSP_MSG_QUEUE_ELEMENT.<anon>.withEncryption.encryptionTag	615.71.09	615.71.09	16+16
field	GSP_MSG_QUEUE_ELEMENT.<anon>.withEncryption.encryptionTag.authTagBuffer	535.309.01	610.57.04	ABSENT
field	GSP_MSG_QUEUE_ELEMENT.<anon>.withEncryption.encryptionTag.authTagBuffer	615.71.09	615.71.09	16+16
field	GSP_MSG_QUEUE_ELEMENT.<anon>.withEncryption.nvdmPayloadSize	535.309.01	610.57.04	ABSENT
field	GSP_MSG_QUEUE_ELEMENT.<anon>.withEncryption.nvdmPayloadSize	615.71.09	615.71.09	32+4
field	GSP_MSG_QUEUE_ELEMENT.<anon>.withEncryption.payload	535.309.01	610.57.04	ABSENT
field	GSP_MSG_QUEUE_ELEMENT.<anon>.withEncryption.payload	615.71.09	615.71.09	40+0
field	GSP_MSG_QUEUE_ELEMENT.<anon>.withEncryption.reserved	535.309.01	610.57.04	ABSENT
field	GSP_MSG_QUEUE_ELEMENT.<anon>.withEncryption.reserved	615.71.09	615.71.09	36+4
field	GSP_MSG_QUEUE_ELEMENT.aadBuffer	535.309.01	595.84	16+16
field	GSP_MSG_QUEUE_ELEMENT.aadBuffer	610.43.02	615.71.09	ABSENT
field	GSP_MSG_QUEUE_ELEMENT.authTagBuffer	535.309.01	595.84	0+16
field	GSP_MSG_QUEUE_ELEMENT.authTagBuffer	610.43.02	615.71.09	ABSENT
field	GSP_MSG_QUEUE_ELEMENT.checkSum	535.309.01	595.84	32+4
field	GSP_MSG_QUEUE_ELEMENT.checkSum	610.43.02	610.57.04	8+4
field	GSP_MSG_QUEUE_ELEMENT.checkSum	615.71.09	615.71.09	ABSENT
field	GSP_MSG_QUEUE_ELEMENT.elemCount	535.309.01	595.84	40+4
field	GSP_MSG_QUEUE_ELEMENT.elemCount	610.43.02	615.71.09	ABSENT
field	GSP_MSG_QUEUE_ELEMENT.mctpHeader	535.309.01	595.84	ABSENT
field	GSP_MSG_QUEUE_ELEMENT.mctpHeader	610.43.02	610.57.04	0+4
field	GSP_MSG_QUEUE_ELEMENT.mctpHeader	615.71.09	615.71.09	8+4
field	GSP_MSG_QUEUE_ELEMENT.mctpMagic	535.309.01	610.57.04	ABSENT
field	GSP_MSG_QUEUE_ELEMENT.mctpMagic	615.71.09	615.71.09	0+4
field	GSP_MSG_QUEUE_ELEMENT.mctpPayloadSize	535.309.01	610.57.04	ABSENT
field	GSP_MSG_QUEUE_ELEMENT.mctpPayloadSize	615.71.09	615.71.09	4+4
field	GSP_MSG_QUEUE_ELEMENT.nvdmHeader	535.309.01	595.84	ABSENT
field	GSP_MSG_QUEUE_ELEMENT.nvdmHeader	610.43.02	610.57.04	4+4
field	GSP_MSG_QUEUE_ELEMENT.nvdmHeader	615.71.09	615.71.09	12+4
field	GSP_MSG_QUEUE_ELEMENT.payload	535.309.01	595.84	ABSENT
field	GSP_MSG_QUEUE_ELEMENT.payload	610.43.02	610.57.04	16+0
field	GSP_MSG_QUEUE_ELEMENT.payload	615.71.09	615.71.09	ABSENT
field	GSP_MSG_QUEUE_ELEMENT.rpc	535.309.01	595.84	48+32
field	GSP_MSG_QUEUE_ELEMENT.rpc	610.43.02	615.71.09	ABSENT
field	GSP_MSG_QUEUE_ELEMENT.rpc.function	535.309.01	595.84	60+4
field	GSP_MSG_QUEUE_ELEMENT.rpc.function	610.43.02	615.71.09	ABSENT
field	GSP_MSG_QUEUE_ELEMENT.rpc.header_version	535.309.01	595.84	48+4
field	GSP_MSG_QUEUE_ELEMENT.rpc.header_version	610.43.02	615.71.09	ABSENT
field	GSP_MSG_QUEUE_ELEMENT.rpc.length	535.309.01	595.84	56+4
field	GSP_MSG_QUEUE_ELEMENT.rpc.length	610.43.02	615.71.09	ABSENT
field	GSP_MSG_QUEUE_ELEMENT.rpc.rpc_message_data	535.309.01	595.84	80+0
field	GSP_MSG_QUEUE_ELEMENT.rpc.rpc_message_data	610.43.02	615.71.09	ABSENT
field	GSP_MSG_QUEUE_ELEMENT.rpc.rpc_result	535.309.01	595.84	64+4
field	GSP_MSG_QUEUE_ELEMENT.rpc.rpc_result	610.43.02	615.71.09	ABSENT
field	GSP_MSG_QUEUE_ELEMENT.rpc.rpc_result_private	535.309.01	595.84	68+4
field	GSP_MSG_QUEUE_ELEMENT.rpc.rpc_result_private	610.43.02	615.71.09	ABSENT
field	GSP_MSG_QUEUE_ELEMENT.rpc.sequence	535.309.01	595.84	72+4
field	GSP_MSG_QUEUE_ELEMENT.rpc.sequence	610.43.02	615.71.09	ABSENT
field	GSP_MSG_QUEUE_ELEMENT.rpc.signature	535.309.01	595.84	52+4
field	GSP_MSG_QUEUE_ELEMENT.rpc.signature	610.43.02	615.71.09	ABSENT
field	GSP_MSG_QUEUE_ELEMENT.rpc.u	535.309.01	595.84	76+4
field	GSP_MSG_QUEUE_ELEMENT.rpc.u	610.43.02	615.71.09	ABSENT
field	GSP_MSG_QUEUE_ELEMENT.rpc.u.cpuRmGfid	535.309.01	595.84	76+4
field	GSP_MSG_QUEUE_ELEMENT.rpc.u.cpuRmGfid	610.43.02	615.71.09	ABSENT
field	GSP_MSG_QUEUE_ELEMENT.rpc.u.spare	535.309.01	595.84	76+4
field	GSP_MSG_QUEUE_ELEMENT.rpc.u.spare	610.43.02	615.71.09	ABSENT
field	GSP_MSG_QUEUE_ELEMENT.seqNum	535.309.01	595.84	36+4
field	GSP_MSG_QUEUE_ELEMENT.seqNum	610.43.02	610.57.04	12+4
field	GSP_MSG_QUEUE_ELEMENT.seqNum	615.71.09	615.71.09	ABSENT
sizeof	GSP_SR_INIT_ARGUMENTS	535.309.01	610.57.04	0+12
sizeof	GSP_SR_INIT_ARGUMENTS	615.71.09	615.71.09	0+16
field	GSP_SR_INIT_ARGUMENTS.bInPMTransition	535.309.01	610.57.04	8+1
field	GSP_SR_INIT_ARGUMENTS.bInPMTransition	615.71.09	615.71.09	ABSENT
field	GSP_SR_INIT_ARGUMENTS.flags	535.309.01	615.71.09	4+4
field	GSP_SR_INIT_ARGUMENTS.oldLevel	535.309.01	615.71.09	0+4
field	GSP_SR_INIT_ARGUMENTS.reserved	535.309.01	610.57.04	ABSENT
field	GSP_SR_INIT_ARGUMENTS.reserved	615.71.09	615.71.09	8+8
sizeof	GspFwWprMeta	535.309.01	615.71.09	0+256
field	GspFwWprMeta.<anon>	535.309.01	615.71.09	72+16
field	GspFwWprMeta.<anon>.<anon>	535.309.01	615.71.09	72+16
field	GspFwWprMeta.<anon>.<anon>.elfCodeOffset	535.309.01	615.71.09	220+4
field	GspFwWprMeta.<anon>.<anon>.elfCodeSize	535.309.01	615.71.09	228+4
field	GspFwWprMeta.<anon>.<anon>.elfDataOffset	535.309.01	615.71.09	224+4
field	GspFwWprMeta.<anon>.<anon>.elfDataSize	535.309.01	615.71.09	232+4
field	GspFwWprMeta.<anon>.<anon>.gspFwHeapFreeListWprOffset	535.309.01	615.71.09	72+4
field	GspFwWprMeta.<anon>.<anon>.lsUcodeVersion	535.309.01	615.71.09	236+4
field	GspFwWprMeta.<anon>.<anon>.lsUcodeVersionPadding	535.309.01	615.71.09	236+4
field	GspFwWprMeta.<anon>.<anon>.partitionRpcAddr	535.309.01	615.71.09	208+8
field	GspFwWprMeta.<anon>.<anon>.partitionRpcPadding	535.309.01	615.71.09	208+16
field	GspFwWprMeta.<anon>.<anon>.partitionRpcReplyOffset	535.309.01	615.71.09	218+2
field	GspFwWprMeta.<anon>.<anon>.partitionRpcRequestOffset	535.309.01	615.71.09	216+2
field	GspFwWprMeta.<anon>.<anon>.sizeOfCrashReportQueue	535.309.01	615.71.09	232+4
field	GspFwWprMeta.<anon>.<anon>.sizeOfSignature	535.309.01	615.71.09	80+8
field	GspFwWprMeta.<anon>.<anon>.sysmemAddrOfCrashReportQueue	535.309.01	615.71.09	224+8
field	GspFwWprMeta.<anon>.<anon>.sysmemAddrOfSignature	535.309.01	615.71.09	72+8
field	GspFwWprMeta.<anon>.<anon>.unused0	535.309.01	615.71.09	76+4
field	GspFwWprMeta.<anon>.<anon>.unused1	535.309.01	615.71.09	80+8
field	GspFwWprMeta.bootBinOffset	535.309.01	615.71.09	144+8
field	GspFwWprMeta.bootCount	535.309.01	615.71.09	200+8
field	GspFwWprMeta.bootloaderCodeOffset	535.309.01	615.71.09	48+8
field	GspFwWprMeta.bootloaderDataOffset	535.309.01	615.71.09	56+8
field	GspFwWprMeta.bootloaderManifestOffset	535.309.01	615.71.09	64+8
field	GspFwWprMeta.fbSize	535.309.01	615.71.09	176+8
field	GspFwWprMeta.flags	535.309.01	615.71.09	241+1
field	GspFwWprMeta.frtsOffset	535.309.01	615.71.09	152+8
field	GspFwWprMeta.frtsSize	535.309.01	615.71.09	160+8
field	GspFwWprMeta.gspFwHeapOffset	535.309.01	615.71.09	120+8
field	GspFwWprMeta.gspFwHeapSize	535.309.01	615.71.09	128+8
field	GspFwWprMeta.gspFwHeapVfPartitionCount	535.309.01	615.71.09	240+1
field	GspFwWprMeta.gspFwOffset	535.309.01	615.71.09	136+8
field	GspFwWprMeta.gspFwRsvdStart	535.309.01	615.71.09	88+8
field	GspFwWprMeta.gspFwWprEnd	535.309.01	615.71.09	168+8
field	GspFwWprMeta.gspFwWprStart	535.309.01	615.71.09	112+8
field	GspFwWprMeta.magic	535.309.01	615.71.09	0+8
field	GspFwWprMeta.nonWprHeapOffset	535.309.01	615.71.09	96+8
field	GspFwWprMeta.nonWprHeapSize	535.309.01	615.71.09	104+8
field	GspFwWprMeta.padding	535.309.01	550.90.07	242+6
field	GspFwWprMeta.padding	555.42.02	610.57.04	242+2
field	GspFwWprMeta.padding	615.71.09	615.71.09	ABSENT
field	GspFwWprMeta.pagingConfig	535.309.01	610.57.04	ABSENT
field	GspFwWprMeta.pagingConfig	615.71.09	615.71.09	242+2
field	GspFwWprMeta.pmuReservedSize	535.309.01	550.90.07	ABSENT
field	GspFwWprMeta.pmuReservedSize	555.42.02	615.71.09	244+4
field	GspFwWprMeta.revision	535.309.01	615.71.09	8+8
field	GspFwWprMeta.sizeOfBootloader	535.309.01	615.71.09	40+8
field	GspFwWprMeta.sizeOfRadix3Elf	535.309.01	615.71.09	24+8
field	GspFwWprMeta.sysmemAddrOfBootloader	535.309.01	615.71.09	32+8
field	GspFwWprMeta.sysmemAddrOfRadix3Elf	535.309.01	615.71.09	16+8
field	GspFwWprMeta.verified	535.309.01	615.71.09	248+8
field	GspFwWprMeta.vgaWorkspaceOffset	535.309.01	615.71.09	184+8
field	GspFwWprMeta.vgaWorkspaceSize	535.309.01	615.71.09	192+8
sizeof	GspStaticConfigInfo	535.309.01	545.23.08	0+2168
sizeof	GspStaticConfigInfo	550.40.07	550.90.07	0+2184
sizeof	GspStaticConfigInfo	555.42.02	555.42.02	0+2216
sizeof	GspStaticConfigInfo	560.28.03	560.28.03	0+2224
sizeof	GspStaticConfigInfo	565.57.01	565.57.01	0+1640
sizeof	GspStaticConfigInfo	570.86.15	575.64.05	0+1656
sizeof	GspStaticConfigInfo	580.65.06	580.178.04	0+1792
sizeof	GspStaticConfigInfo	590.48.01	590.48.01	0+1808
sizeof	GspStaticConfigInfo	595.84	595.84	0+1592
sizeof	GspStaticConfigInfo	610.43.02	610.57.04	0+1600
sizeof	GspStaticConfigInfo	615.71.09	615.71.09	0+1608
field	GspStaticConfigInfo.RTD3GC6PerstDelay	535.309.01	550.90.07	ABSENT
field	GspStaticConfigInfo.RTD3GC6PerstDelay	555.42.02	555.42.02	2116+2
field	GspStaticConfigInfo.RTD3GC6PerstDelay	560.28.03	560.28.03	2114+2
field	GspStaticConfigInfo.RTD3GC6PerstDelay	565.57.01	565.57.01	1530+2
field	GspStaticConfigInfo.RTD3GC6PerstDelay	570.86.15	575.64.05	1532+2
field	GspStaticConfigInfo.RTD3GC6PerstDelay	580.65.06	580.178.04	1660+2
field	GspStaticConfigInfo.RTD3GC6PerstDelay	590.48.01	590.48.01	1676+2
field	GspStaticConfigInfo.RTD3GC6PerstDelay	595.84	610.57.04	1496+2
field	GspStaticConfigInfo.RTD3GC6PerstDelay	615.71.09	615.71.09	1498+2
field	GspStaticConfigInfo.RTD3GC6TotalBoardPower	535.309.01	550.90.07	ABSENT
field	GspStaticConfigInfo.RTD3GC6TotalBoardPower	555.42.02	555.42.02	2114+2
field	GspStaticConfigInfo.RTD3GC6TotalBoardPower	560.28.03	560.28.03	2112+2
field	GspStaticConfigInfo.RTD3GC6TotalBoardPower	565.57.01	565.57.01	1528+2
field	GspStaticConfigInfo.RTD3GC6TotalBoardPower	570.86.15	575.64.05	1530+2
field	GspStaticConfigInfo.RTD3GC6TotalBoardPower	580.65.06	580.178.04	1658+2
field	GspStaticConfigInfo.RTD3GC6TotalBoardPower	590.48.01	590.48.01	1674+2
field	GspStaticConfigInfo.RTD3GC6TotalBoardPower	595.84	610.57.04	1494+2
field	GspStaticConfigInfo.RTD3GC6TotalBoardPower	615.71.09	615.71.09	1496+2
field	GspStaticConfigInfo.SKUInfo	535.309.01	545.23.08	808+32
field	GspStaticConfigInfo.SKUInfo	550.40.07	560.28.03	808+48
field	GspStaticConfigInfo.SKUInfo	565.57.01	590.48.01	292+48
field	GspStaticConfigInfo.SKUInfo	595.84	615.71.09	268+48
field	GspStaticConfigInfo.SKUInfo.BoardID	535.309.01	560.28.03	808+4
field	GspStaticConfigInfo.SKUInfo.BoardID	565.57.01	590.48.01	292+4
field	GspStaticConfigInfo.SKUInfo.BoardID	595.84	615.71.09	268+4
field	GspStaticConfigInfo.SKUInfo.CDP	535.309.01	545.23.08	828+6
field	GspStaticConfigInfo.SKUInfo.CDP	550.40.07	560.28.03	842+6
field	GspStaticConfigInfo.SKUInfo.CDP	565.57.01	590.48.01	326+6
field	GspStaticConfigInfo.SKUInfo.CDP	595.84	615.71.09	302+6
field	GspStaticConfigInfo.SKUInfo.businessCycle	535.309.01	545.23.08	836+4
field	GspStaticConfigInfo.SKUInfo.businessCycle	550.40.07	560.28.03	852+4
field	GspStaticConfigInfo.SKUInfo.businessCycle	565.57.01	590.48.01	336+4
field	GspStaticConfigInfo.SKUInfo.businessCycle	595.84	615.71.09	312+4
field	GspStaticConfigInfo.SKUInfo.chipSKU	535.309.01	545.23.08	812+4
field	GspStaticConfigInfo.SKUInfo.chipSKU	550.40.07	560.28.03	812+9
field	GspStaticConfigInfo.SKUInfo.chipSKU	565.57.01	590.48.01	296+9
field	GspStaticConfigInfo.SKUInfo.chipSKU	595.84	615.71.09	272+9
field	GspStaticConfigInfo.SKUInfo.chipSKUMod	535.309.01	545.23.08	816+2
field	GspStaticConfigInfo.SKUInfo.chipSKUMod	550.40.07	560.28.03	821+5
field	GspStaticConfigInfo.SKUInfo.chipSKUMod	565.57.01	590.48.01	305+5
field	GspStaticConfigInfo.SKUInfo.chipSKUMod	595.84	615.71.09	281+5
field	GspStaticConfigInfo.SKUInfo.project	535.309.01	545.23.08	818+5
field	GspStaticConfigInfo.SKUInfo.project	550.40.07	560.28.03	832+5
field	GspStaticConfigInfo.SKUInfo.project	565.57.01	590.48.01	316+5
field	GspStaticConfigInfo.SKUInfo.project	595.84	615.71.09	292+5
field	GspStaticConfigInfo.SKUInfo.projectSKU	535.309.01	545.23.08	823+5
field	GspStaticConfigInfo.SKUInfo.projectSKU	550.40.07	560.28.03	837+5
field	GspStaticConfigInfo.SKUInfo.projectSKU	565.57.01	590.48.01	321+5
field	GspStaticConfigInfo.SKUInfo.projectSKU	595.84	615.71.09	297+5
field	GspStaticConfigInfo.SKUInfo.projectSKUMod	535.309.01	545.23.08	834+2
field	GspStaticConfigInfo.SKUInfo.projectSKUMod	550.40.07	560.28.03	848+2
field	GspStaticConfigInfo.SKUInfo.projectSKUMod	565.57.01	590.48.01	332+2
field	GspStaticConfigInfo.SKUInfo.projectSKUMod	595.84	615.71.09	308+2
field	GspStaticConfigInfo.SKUInfo.skuConfigVersion	535.309.01	545.23.08	ABSENT
field	GspStaticConfigInfo.SKUInfo.skuConfigVersion	550.40.07	560.28.03	828+4
field	GspStaticConfigInfo.SKUInfo.skuConfigVersion	565.57.01	590.48.01	312+4
field	GspStaticConfigInfo.SKUInfo.skuConfigVersion	595.84	615.71.09	288+4
field	GspStaticConfigInfo.SM_info	535.309.01	545.23.08	1708+36
field	GspStaticConfigInfo.SM_info	550.40.07	555.42.02	1724+36
field	GspStaticConfigInfo.SM_info	560.28.03	560.28.03	1728+36
field	GspStaticConfigInfo.SM_info	565.57.01	615.71.09	ABSENT
field	GspStaticConfigInfo.SM_info.geomGsObufEntries	535.309.01	545.23.08	1728+4
field	GspStaticConfigInfo.SM_info.geomGsObufEntries	550.40.07	555.42.02	1744+4
field	GspStaticConfigInfo.SM_info.geomGsObufEntries	560.28.03	560.28.03	1748+4
field	GspStaticConfigInfo.SM_info.geomGsObufEntries	565.57.01	615.71.09	ABSENT
field	GspStaticConfigInfo.SM_info.geomXbufEntries	535.309.01	545.23.08	1732+4
field	GspStaticConfigInfo.SM_info.geomXbufEntries	550.40.07	555.42.02	1748+4
field	GspStaticConfigInfo.SM_info.geomXbufEntries	560.28.03	560.28.03	1752+4
field	GspStaticConfigInfo.SM_info.geomXbufEntries	565.57.01	615.71.09	ABSENT
field	GspStaticConfigInfo.SM_info.maxSPPerSM	535.309.01	545.23.08	1736+4
field	GspStaticConfigInfo.SM_info.maxSPPerSM	550.40.07	555.42.02	1752+4
field	GspStaticConfigInfo.SM_info.maxSPPerSM	560.28.03	560.28.03	1756+4
field	GspStaticConfigInfo.SM_info.maxSPPerSM	565.57.01	615.71.09	ABSENT
field	GspStaticConfigInfo.SM_info.maxThreadsPerWarp	535.309.01	545.23.08	1724+4
field	GspStaticConfigInfo.SM_info.maxThreadsPerWarp	550.40.07	555.42.02	1740+4
field	GspStaticConfigInfo.SM_info.maxThreadsPerWarp	560.28.03	560.28.03	1744+4
field	GspStaticConfigInfo.SM_info.maxThreadsPerWarp	565.57.01	615.71.09	ABSENT
field	GspStaticConfigInfo.SM_info.maxWarpsPerSM	535.309.01	545.23.08	1720+4
field	GspStaticConfigInfo.SM_info.maxWarpsPerSM	550.40.07	555.42.02	1736+4
field	GspStaticConfigInfo.SM_info.maxWarpsPerSM	560.28.03	560.28.03	1740+4
field	GspStaticConfigInfo.SM_info.maxWarpsPerSM	565.57.01	615.71.09	ABSENT
field	GspStaticConfigInfo.SM_info.regBankCount	535.309.01	545.23.08	1712+4
field	GspStaticConfigInfo.SM_info.regBankCount	550.40.07	555.42.02	1728+4
field	GspStaticConfigInfo.SM_info.regBankCount	560.28.03	560.28.03	1732+4
field	GspStaticConfigInfo.SM_info.regBankCount	565.57.01	615.71.09	ABSENT
field	GspStaticConfigInfo.SM_info.regBankRegCount	535.309.01	545.23.08	1716+4
field	GspStaticConfigInfo.SM_info.regBankRegCount	550.40.07	555.42.02	1732+4
field	GspStaticConfigInfo.SM_info.regBankRegCount	560.28.03	560.28.03	1736+4
field	GspStaticConfigInfo.SM_info.regBankRegCount	565.57.01	615.71.09	ABSENT
field	GspStaticConfigInfo.SM_info.rtCoreCount	535.309.01	545.23.08	1740+4
field	GspStaticConfigInfo.SM_info.rtCoreCount	550.40.07	555.42.02	1756+4
field	GspStaticConfigInfo.SM_info.rtCoreCount	560.28.03	560.28.03	1760+4
field	GspStaticConfigInfo.SM_info.rtCoreCount	565.57.01	615.71.09	ABSENT
field	GspStaticConfigInfo.SM_info.version	535.309.01	545.23.08	1708+4
field	GspStaticConfigInfo.SM_info.version	550.40.07	555.42.02	1724+4
field	GspStaticConfigInfo.SM_info.version	560.28.03	560.28.03	1728+4
field	GspStaticConfigInfo.SM_info.version	565.57.01	615.71.09	ABSENT
field	GspStaticConfigInfo.bAtsSupported	535.309.01	545.23.08	2165+1
field	GspStaticConfigInfo.bAtsSupported	550.40.07	550.90.07	2181+1
field	GspStaticConfigInfo.bAtsSupported	555.42.02	560.28.03	2197+1
field	GspStaticConfigInfo.bAtsSupported	565.57.01	575.64.05	1613+1
field	GspStaticConfigInfo.bAtsSupported	580.65.06	580.178.04	1741+1
field	GspStaticConfigInfo.bAtsSupported	590.48.01	590.48.01	1757+1
field	GspStaticConfigInfo.bAtsSupported	595.84	595.84	1549+1
field	GspStaticConfigInfo.bAtsSupported	610.43.02	615.71.09	1557+1
field	GspStaticConfigInfo.bBusResetRequired	535.309.01	595.84	ABSENT
field	GspStaticConfigInfo.bBusResetRequired	610.43.02	610.57.04	1592+1
field	GspStaticConfigInfo.bBusResetRequired	615.71.09	615.71.09	1600+1
field	GspStaticConfigInfo.bClRootportNeedsNosnoopWAR	535.309.01	545.23.08	2118+1
field	GspStaticConfigInfo.bClRootportNeedsNosnoopWAR	550.40.07	550.90.07	2134+1
field	GspStaticConfigInfo.bClRootportNeedsNosnoopWAR	555.42.02	560.28.03	2150+1
field	GspStaticConfigInfo.bClRootportNeedsNosnoopWAR	565.57.01	575.64.05	1566+1
field	GspStaticConfigInfo.bClRootportNeedsNosnoopWAR	580.65.06	580.178.04	1694+1
field	GspStaticConfigInfo.bClRootportNeedsNosnoopWAR	590.48.01	590.48.01	1710+1
field	GspStaticConfigInfo.bClRootportNeedsNosnoopWAR	595.84	595.84	1534+1
field	GspStaticConfigInfo.bClRootportNeedsNosnoopWAR	610.43.02	615.71.09	1542+1
field	GspStaticConfigInfo.bGeforceSmb	535.309.01	545.23.08	2081+1
field	GspStaticConfigInfo.bGeforceSmb	550.40.07	550.90.07	2097+1
field	GspStaticConfigInfo.bGeforceSmb	555.42.02	560.28.03	2105+1
field	GspStaticConfigInfo.bGeforceSmb	565.57.01	575.64.05	1521+1
field	GspStaticConfigInfo.bGeforceSmb	580.65.06	580.178.04	1649+1
field	GspStaticConfigInfo.bGeforceSmb	590.48.01	590.48.01	1665+1
field	GspStaticConfigInfo.bGeforceSmb	595.84	615.71.09	1485+1
field	GspStaticConfigInfo.bGpuInternalSku	535.309.01	545.23.08	2076+1
field	GspStaticConfigInfo.bGpuInternalSku	550.40.07	550.90.07	2092+1
field	GspStaticConfigInfo.bGpuInternalSku	555.42.02	560.28.03	2100+1
field	GspStaticConfigInfo.bGpuInternalSku	565.57.01	575.64.05	1516+1
field	GspStaticConfigInfo.bGpuInternalSku	580.65.06	580.178.04	1644+1
field	GspStaticConfigInfo.bGpuInternalSku	590.48.01	590.48.01	1660+1
field	GspStaticConfigInfo.bGpuInternalSku	595.84	615.71.09	1480+1
field	GspStaticConfigInfo.bIsCmpSku	535.309.01	610.57.04	ABSENT
field	GspStaticConfigInfo.bIsCmpSku	615.71.09	615.71.09	1489+1
field	GspStaticConfigInfo.bIsEfiInit	535.309.01	555.42.02	ABSENT
field	GspStaticConfigInfo.bIsEfiInit	560.28.03	560.28.03	2199+1
field	GspStaticConfigInfo.bIsEfiInit	565.57.01	575.64.05	1615+1
field	GspStaticConfigInfo.bIsEfiInit	580.65.06	580.178.04	1743+1
field	GspStaticConfigInfo.bIsEfiInit	590.48.01	590.48.01	1759+1
field	GspStaticConfigInfo.bIsEfiInit	595.84	595.84	1551+1
field	GspStaticConfigInfo.bIsEfiInit	610.43.02	615.71.09	1560+1
field	GspStaticConfigInfo.bIsGc6Rtd3Allowed	535.309.01	545.23.08	2085+1
field	GspStaticConfigInfo.bIsGc6Rtd3Allowed	550.40.07	550.90.07	2101+1
field	GspStaticConfigInfo.bIsGc6Rtd3Allowed	555.42.02	560.28.03	2109+1
field	GspStaticConfigInfo.bIsGc6Rtd3Allowed	565.57.01	575.64.05	1525+1
field	GspStaticConfigInfo.bIsGc6Rtd3Allowed	580.65.06	580.178.04	1653+1
field	GspStaticConfigInfo.bIsGc6Rtd3Allowed	590.48.01	590.48.01	1669+1
field	GspStaticConfigInfo.bIsGc6Rtd3Allowed	595.84	610.57.04	1489+1
field	GspStaticConfigInfo.bIsGc6Rtd3Allowed	615.71.09	615.71.09	1490+1
field	GspStaticConfigInfo.bIsGc8Rtd3Allowed	535.309.01	550.90.07	ABSENT
field	GspStaticConfigInfo.bIsGc8Rtd3Allowed	555.42.02	555.42.02	2110+1
field	GspStaticConfigInfo.bIsGc8Rtd3Allowed	560.28.03	565.57.01	ABSENT
field	GspStaticConfigInfo.bIsGc8Rtd3Allowed	570.86.15	575.64.05	1526+1
field	GspStaticConfigInfo.bIsGc8Rtd3Allowed	580.65.06	580.178.04	1654+1
field	GspStaticConfigInfo.bIsGc8Rtd3Allowed	590.48.01	590.48.01	1670+1
field	GspStaticConfigInfo.bIsGc8Rtd3Allowed	595.84	610.57.04	1490+1
field	GspStaticConfigInfo.bIsGc8Rtd3Allowed	615.71.09	615.71.09	1491+1
field	GspStaticConfigInfo.bIsGcOffRtd3Allowed	535.309.01	545.23.08	2086+1
field	GspStaticConfigInfo.bIsGcOffRtd3Allowed	550.40.07	550.90.07	2102+1
field	GspStaticConfigInfo.bIsGcOffRtd3Allowed	555.42.02	555.42.02	2111+1
field	GspStaticConfigInfo.bIsGcOffRtd3Allowed	560.28.03	560.28.03	2110+1
field	GspStaticConfigInfo.bIsGcOffRtd3Allowed	565.57.01	565.57.01	1526+1
field	GspStaticConfigInfo.bIsGcOffRtd3Allowed	570.86.15	575.64.05	1527+1
field	GspStaticConfigInfo.bIsGcOffRtd3Allowed	580.65.06	580.178.04	1655+1
field	GspStaticConfigInfo.bIsGcOffRtd3Allowed	590.48.01	590.48.01	1671+1
field	GspStaticConfigInfo.bIsGcOffRtd3Allowed	595.84	610.57.04	1491+1
field	GspStaticConfigInfo.bIsGcOffRtd3Allowed	615.71.09	615.71.09	1492+1
field	GspStaticConfigInfo.bIsGcoffLegacyAllowed	535.309.01	545.23.08	2087+1
field	GspStaticConfigInfo.bIsGcoffLegacyAllowed	550.40.07	550.90.07	2103+1
field	GspStaticConfigInfo.bIsGcoffLegacyAllowed	555.42.02	555.42.02	2112+1
field	GspStaticConfigInfo.bIsGcoffLegacyAllowed	560.28.03	560.28.03	2111+1
field	GspStaticConfigInfo.bIsGcoffLegacyAllowed	565.57.01	565.57.01	1527+1
field	GspStaticConfigInfo.bIsGcoffLegacyAllowed	570.86.15	575.64.05	1528+1
field	GspStaticConfigInfo.bIsGcoffLegacyAllowed	580.65.06	580.178.04	1656+1
field	GspStaticConfigInfo.bIsGcoffLegacyAllowed	590.48.01	590.48.01	1672+1
field	GspStaticConfigInfo.bIsGcoffLegacyAllowed	595.84	610.57.04	1492+1
field	GspStaticConfigInfo.bIsGcoffLegacyAllowed	615.71.09	615.71.09	1493+1
field	GspStaticConfigInfo.bIsGpuUefi	535.309.01	545.23.08	2166+1
field	GspStaticConfigInfo.bIsGpuUefi	550.40.07	550.90.07	2182+1
field	GspStaticConfigInfo.bIsGpuUefi	555.42.02	560.28.03	2198+1
field	GspStaticConfigInfo.bIsGpuUefi	565.57.01	575.64.05	1614+1
field	GspStaticConfigInfo.bIsGpuUefi	580.65.06	580.178.04	1742+1
field	GspStaticConfigInfo.bIsGpuUefi	590.48.01	590.48.01	1758+1
field	GspStaticConfigInfo.bIsGpuUefi	595.84	595.84	1550+1
field	GspStaticConfigInfo.bIsGpuUefi	610.43.02	615.71.09	1559+1
field	GspStaticConfigInfo.bIsMigSupported	535.309.01	565.57.01	ABSENT
field	GspStaticConfigInfo.bIsMigSupported	570.86.15	575.64.05	1529+1
field	GspStaticConfigInfo.bIsMigSupported	580.65.06	580.178.04	1657+1
field	GspStaticConfigInfo.bIsMigSupported	590.48.01	590.48.01	1673+1
field	GspStaticConfigInfo.bIsMigSupported	595.84	610.57.04	1493+1
field	GspStaticConfigInfo.bIsMigSupported	615.71.09	615.71.09	1494+1
field	GspStaticConfigInfo.bIsMobile	535.309.01	545.23.08	2084+1
field	GspStaticConfigInfo.bIsMobile	550.40.07	550.90.07	2100+1
field	GspStaticConfigInfo.bIsMobile	555.42.02	560.28.03	2108+1
field	GspStaticConfigInfo.bIsMobile	565.57.01	575.64.05	1524+1
field	GspStaticConfigInfo.bIsMobile	580.65.06	580.178.04	1652+1
field	GspStaticConfigInfo.bIsMobile	590.48.01	590.48.01	1668+1
field	GspStaticConfigInfo.bIsMobile	595.84	615.71.09	1488+1
field	GspStaticConfigInfo.bIsNvidiaNvs	535.309.01	545.23.08	2079+1
field	GspStaticConfigInfo.bIsNvidiaNvs	550.40.07	550.90.07	2095+1
field	GspStaticConfigInfo.bIsNvidiaNvs	555.42.02	560.28.03	2103+1
field	GspStaticConfigInfo.bIsNvidiaNvs	565.57.01	575.64.05	1519+1
field	GspStaticConfigInfo.bIsNvidiaNvs	580.65.06	580.178.04	1647+1
field	GspStaticConfigInfo.bIsNvidiaNvs	590.48.01	590.48.01	1663+1
field	GspStaticConfigInfo.bIsNvidiaNvs	595.84	615.71.09	1483+1
field	GspStaticConfigInfo.bIsQuadroAd	535.309.01	545.23.08	2078+1
field	GspStaticConfigInfo.bIsQuadroAd	550.40.07	550.90.07	2094+1
field	GspStaticConfigInfo.bIsQuadroAd	555.42.02	560.28.03	2102+1
field	GspStaticConfigInfo.bIsQuadroAd	565.57.01	575.64.05	1518+1
field	GspStaticConfigInfo.bIsQuadroAd	580.65.06	580.178.04	1646+1
field	GspStaticConfigInfo.bIsQuadroAd	590.48.01	590.48.01	1662+1
field	GspStaticConfigInfo.bIsQuadroAd	595.84	615.71.09	1482+1
field	GspStaticConfigInfo.bIsQuadroGeneric	535.309.01	545.23.08	2077+1
field	GspStaticConfigInfo.bIsQuadroGeneric	550.40.07	550.90.07	2093+1
field	GspStaticConfigInfo.bIsQuadroGeneric	555.42.02	560.28.03	2101+1
field	GspStaticConfigInfo.bIsQuadroGeneric	565.57.01	575.64.05	1517+1
field	GspStaticConfigInfo.bIsQuadroGeneric	580.65.06	580.178.04	1645+1
field	GspStaticConfigInfo.bIsQuadroGeneric	590.48.01	590.48.01	1661+1
field	GspStaticConfigInfo.bIsQuadroGeneric	595.84	615.71.09	1481+1
field	GspStaticConfigInfo.bIsTesla	535.309.01	545.23.08	2083+1
field	GspStaticConfigInfo.bIsTesla	550.40.07	550.90.07	2099+1
field	GspStaticConfigInfo.bIsTesla	555.42.02	560.28.03	2107+1
field	GspStaticConfigInfo.bIsTesla	565.57.01	575.64.05	1523+1
field	GspStaticConfigInfo.bIsTesla	580.65.06	580.178.04	1651+1
field	GspStaticConfigInfo.bIsTesla	590.48.01	590.48.01	1667+1
field	GspStaticConfigInfo.bIsTesla	595.84	615.71.09	1487+1
field	GspStaticConfigInfo.bIsTitan	535.309.01	545.23.08	2082+1
field	GspStaticConfigInfo.bIsTitan	550.40.07	550.90.07	2098+1
field	GspStaticConfigInfo.bIsTitan	555.42.02	560.28.03	2106+1
field	GspStaticConfigInfo.bIsTitan	565.57.01	575.64.05	1522+1
field	GspStaticConfigInfo.bIsTitan	580.65.06	580.178.04	1650+1
field	GspStaticConfigInfo.bIsTitan	590.48.01	590.48.01	1666+1
field	GspStaticConfigInfo.bIsTitan	595.84	615.71.09	1486+1
field	GspStaticConfigInfo.bIsVgx	535.309.01	545.23.08	2080+1
field	GspStaticConfigInfo.bIsVgx	550.40.07	550.90.07	2096+1
field	GspStaticConfigInfo.bIsVgx	555.42.02	560.28.03	2104+1
field	GspStaticConfigInfo.bIsVgx	565.57.01	575.64.05	1520+1
field	GspStaticConfigInfo.bIsVgx	580.65.06	580.178.04	1648+1
field	GspStaticConfigInfo.bIsVgx	590.48.01	590.48.01	1664+1
field	GspStaticConfigInfo.bIsVgx	595.84	615.71.09	1484+1
field	GspStaticConfigInfo.bPageRetirementSupported	535.309.01	545.23.08	2116+1
field	GspStaticConfigInfo.bPageRetirementSupported	550.40.07	550.90.07	2132+1
field	GspStaticConfigInfo.bPageRetirementSupported	555.42.02	560.28.03	2148+1
field	GspStaticConfigInfo.bPageRetirementSupported	565.57.01	575.64.05	1564+1
field	GspStaticConfigInfo.bPageRetirementSupported	580.65.06	580.178.04	1692+1
field	GspStaticConfigInfo.bPageRetirementSupported	590.48.01	590.48.01	1708+1
field	GspStaticConfigInfo.bPageRetirementSupported	595.84	595.84	1532+1
field	GspStaticConfigInfo.bPageRetirementSupported	610.43.02	615.71.09	1540+1
field	GspStaticConfigInfo.bPdiValid	535.309.01	580.178.04	ABSENT
field	GspStaticConfigInfo.bPdiValid	590.48.01	590.48.01	1248+1
field	GspStaticConfigInfo.bPdiValid	595.84	615.71.09	1224+1
field	GspStaticConfigInfo.bSelfHostedMode	535.309.01	545.23.08	2164+1
field	GspStaticConfigInfo.bSelfHostedMode	550.40.07	550.90.07	2180+1
field	GspStaticConfigInfo.bSelfHostedMode	555.42.02	560.28.03	2196+1
field	GspStaticConfigInfo.bSelfHostedMode	565.57.01	575.64.05	1612+1
field	GspStaticConfigInfo.bSelfHostedMode	580.65.06	580.178.04	1740+1
field	GspStaticConfigInfo.bSelfHostedMode	590.48.01	590.48.01	1756+1
field	GspStaticConfigInfo.bSelfHostedMode	595.84	595.84	1548+1
field	GspStaticConfigInfo.bSelfHostedMode	610.43.02	615.71.09	1556+1
field	GspStaticConfigInfo.bSplitVasBetweenServerClientRm	535.309.01	545.23.08	2117+1
field	GspStaticConfigInfo.bSplitVasBetweenServerClientRm	550.40.07	550.90.07	2133+1
field	GspStaticConfigInfo.bSplitVasBetweenServerClientRm	555.42.02	560.28.03	2149+1
field	GspStaticConfigInfo.bSplitVasBetweenServerClientRm	565.57.01	575.64.05	1565+1
field	GspStaticConfigInfo.bSplitVasBetweenServerClientRm	580.65.06	580.178.04	1693+1
field	GspStaticConfigInfo.bSplitVasBetweenServerClientRm	590.48.01	590.48.01	1709+1
field	GspStaticConfigInfo.bSplitVasBetweenServerClientRm	595.84	595.84	1533+1
field	GspStaticConfigInfo.bSplitVasBetweenServerClientRm	610.43.02	615.71.09	1541+1
field	GspStaticConfigInfo.bSysL2CacheCoherentMode	535.309.01	595.84	ABSENT
field	GspStaticConfigInfo.bSysL2CacheCoherentMode	610.43.02	615.71.09	1558+1
field	GspStaticConfigInfo.bSystemRebootRequired	535.309.01	575.64.05	ABSENT
field	GspStaticConfigInfo.bSystemRebootRequired	580.65.06	580.178.04	1784+1
field	GspStaticConfigInfo.bSystemRebootRequired	590.48.01	590.48.01	1800+1
field	GspStaticConfigInfo.bSystemRebootRequired	595.84	595.84	1584+1
field	GspStaticConfigInfo.bSystemRebootRequired	610.43.02	615.71.09	ABSENT
field	GspStaticConfigInfo.bVbiosValid	535.309.01	545.23.08	2104+1
field	GspStaticConfigInfo.bVbiosValid	550.40.07	550.90.07	2120+1
field	GspStaticConfigInfo.bVbiosValid	555.42.02	560.28.03	2136+1
field	GspStaticConfigInfo.bVbiosValid	565.57.01	575.64.05	1552+1
field	GspStaticConfigInfo.bVbiosValid	580.65.06	580.178.04	1680+1
field	GspStaticConfigInfo.bVbiosValid	590.48.01	590.48.01	1696+1
field	GspStaticConfigInfo.bVbiosValid	595.84	615.71.09	1520+1
field	GspStaticConfigInfo.bar1PdeBase	535.309.01	545.23.08	2088+8
field	GspStaticConfigInfo.bar1PdeBase	550.40.07	550.90.07	2104+8
field	GspStaticConfigInfo.bar1PdeBase	555.42.02	560.28.03	2120+8
field	GspStaticConfigInfo.bar1PdeBase	565.57.01	575.64.05	1536+8
field	GspStaticConfigInfo.bar1PdeBase	580.65.06	580.178.04	1664+8
field	GspStaticConfigInfo.bar1PdeBase	590.48.01	590.48.01	1680+8
field	GspStaticConfigInfo.bar1PdeBase	595.84	615.71.09	1504+8
field	GspStaticConfigInfo.bar2PdeBase	535.309.01	545.23.08	2096+8
field	GspStaticConfigInfo.bar2PdeBase	550.40.07	550.90.07	2112+8
field	GspStaticConfigInfo.bar2PdeBase	555.42.02	560.28.03	2128+8
field	GspStaticConfigInfo.bar2PdeBase	565.57.01	575.64.05	1544+8
field	GspStaticConfigInfo.bar2PdeBase	580.65.06	580.178.04	1672+8
field	GspStaticConfigInfo.bar2PdeBase	590.48.01	590.48.01	1688+8
field	GspStaticConfigInfo.bar2PdeBase	595.84	615.71.09	1512+8
field	GspStaticConfigInfo.chipSubRev	535.309.01	610.57.04	ABSENT
field	GspStaticConfigInfo.chipSubRev	615.71.09	615.71.09	1601+1
field	GspStaticConfigInfo.computeBranding	535.309.01	545.23.08	1616+4
field	GspStaticConfigInfo.computeBranding	550.40.07	615.71.09	ABSENT
field	GspStaticConfigInfo.displaylessMaxHeads	535.309.01	545.23.08	2120+8
field	GspStaticConfigInfo.displaylessMaxHeads	550.40.07	550.90.07	2136+8
field	GspStaticConfigInfo.displaylessMaxHeads	555.42.02	560.28.03	2152+8
field	GspStaticConfigInfo.displaylessMaxHeads	565.57.01	575.64.05	1568+8
field	GspStaticConfigInfo.displaylessMaxHeads	580.65.06	580.178.04	1696+8
field	GspStaticConfigInfo.displaylessMaxHeads	590.48.01	590.48.01	1712+8
field	GspStaticConfigInfo.displaylessMaxHeads	595.84	615.71.09	ABSENT
field	GspStaticConfigInfo.displaylessMaxHeads.maxNumHeads	535.309.01	545.23.08	2124+4
field	GspStaticConfigInfo.displaylessMaxHeads.maxNumHeads	550.40.07	550.90.07	2140+4
field	GspStaticConfigInfo.displaylessMaxHeads.maxNumHeads	555.42.02	560.28.03	2156+4
field	GspStaticConfigInfo.displaylessMaxHeads.maxNumHeads	565.57.01	575.64.05	1572+4
field	GspStaticConfigInfo.displaylessMaxHeads.maxNumHeads	580.65.06	580.178.04	1700+4
field	GspStaticConfigInfo.displaylessMaxHeads.maxNumHeads	590.48.01	590.48.01	1716+4
field	GspStaticConfigInfo.displaylessMaxHeads.maxNumHeads	595.84	615.71.09	ABSENT
field	GspStaticConfigInfo.displaylessMaxHeads.numHeads	535.309.01	545.23.08	2120+4
field	GspStaticConfigInfo.displaylessMaxHeads.numHeads	550.40.07	550.90.07	2136+4
field	GspStaticConfigInfo.displaylessMaxHeads.numHeads	555.42.02	560.28.03	2152+4
field	GspStaticConfigInfo.displaylessMaxHeads.numHeads	565.57.01	575.64.05	1568+4
field	GspStaticConfigInfo.displaylessMaxHeads.numHeads	580.65.06	580.178.04	1696+4
field	GspStaticConfigInfo.displaylessMaxHeads.numHeads	590.48.01	590.48.01	1712+4
field	GspStaticConfigInfo.displaylessMaxHeads.numHeads	595.84	615.71.09	ABSENT
field	GspStaticConfigInfo.displaylessMaxPixels	535.309.01	545.23.08	2144+8
field	GspStaticConfigInfo.displaylessMaxPixels	550.40.07	550.90.07	2160+8
field	GspStaticConfigInfo.displaylessMaxPixels	555.42.02	560.28.03	2176+8
field	GspStaticConfigInfo.displaylessMaxPixels	565.57.01	575.64.05	1592+8
field	GspStaticConfigInfo.displaylessMaxPixels	580.65.06	580.178.04	1720+8
field	GspStaticConfigInfo.displaylessMaxPixels	590.48.01	590.48.01	1736+8
field	GspStaticConfigInfo.displaylessMaxPixels	595.84	615.71.09	ABSENT
field	GspStaticConfigInfo.displaylessMaxResolution	535.309.01	545.23.08	2128+12
field	GspStaticConfigInfo.displaylessMaxResolution	550.40.07	550.90.07	2144+12
field	GspStaticConfigInfo.displaylessMaxResolution	555.42.02	560.28.03	2160+12
field	GspStaticConfigInfo.displaylessMaxResolution	565.57.01	575.64.05	1576+12
field	GspStaticConfigInfo.displaylessMaxResolution	580.65.06	580.178.04	1704+12
field	GspStaticConfigInfo.displaylessMaxResolution	590.48.01	590.48.01	1720+12
field	GspStaticConfigInfo.displaylessMaxResolution	595.84	615.71.09	ABSENT
field	GspStaticConfigInfo.displaylessMaxResolution.headIndex	535.309.01	545.23.08	2128+4
field	GspStaticConfigInfo.displaylessMaxResolution.headIndex	550.40.07	550.90.07	2144+4
field	GspStaticConfigInfo.displaylessMaxResolution.headIndex	555.42.02	560.28.03	2160+4
field	GspStaticConfigInfo.displaylessMaxResolution.headIndex	565.57.01	575.64.05	1576+4
field	GspStaticConfigInfo.displaylessMaxResolution.headIndex	580.65.06	580.178.04	1704+4
field	GspStaticConfigInfo.displaylessMaxResolution.headIndex	590.48.01	590.48.01	1720+4
field	GspStaticConfigInfo.displaylessMaxResolution.headIndex	595.84	615.71.09	ABSENT
field	GspStaticConfigInfo.displaylessMaxResolution.maxHResolution	535.309.01	545.23.08	2132+4
field	GspStaticConfigInfo.displaylessMaxResolution.maxHResolution	550.40.07	550.90.07	2148+4
field	GspStaticConfigInfo.displaylessMaxResolution.maxHResolution	555.42.02	560.28.03	2164+4
field	GspStaticConfigInfo.displaylessMaxResolution.maxHResolution	565.57.01	575.64.05	1580+4
field	GspStaticConfigInfo.displaylessMaxResolution.maxHResolution	580.65.06	580.178.04	1708+4
field	GspStaticConfigInfo.displaylessMaxResolution.maxHResolution	590.48.01	590.48.01	1724+4
field	GspStaticConfigInfo.displaylessMaxResolution.maxHResolution	595.84	615.71.09	ABSENT
field	GspStaticConfigInfo.displaylessMaxResolution.maxVResolution	535.309.01	545.23.08	2136+4
field	GspStaticConfigInfo.displaylessMaxResolution.maxVResolution	550.40.07	550.90.07	2152+4
field	GspStaticConfigInfo.displaylessMaxResolution.maxVResolution	555.42.02	560.28.03	2168+4
field	GspStaticConfigInfo.displaylessMaxResolution.maxVResolution	565.57.01	575.64.05	1584+4
field	GspStaticConfigInfo.displaylessMaxResolution.maxVResolution	580.65.06	580.178.04	1712+4
field	GspStaticConfigInfo.displaylessMaxResolution.maxVResolution	590.48.01	590.48.01	1728+4
field	GspStaticConfigInfo.displaylessMaxResolution.maxVResolution	595.84	615.71.09	ABSENT
field	GspStaticConfigInfo.ecidInfo	535.309.01	550.90.07	ABSENT
field	GspStaticConfigInfo.ecidInfo	555.42.02	555.42.02	2200+12
field	GspStaticConfigInfo.ecidInfo	560.28.03	560.28.03	2200+24
field	GspStaticConfigInfo.ecidInfo	565.57.01	575.64.05	1616+24
field	GspStaticConfigInfo.ecidInfo	580.65.06	580.178.04	1744+24
field	GspStaticConfigInfo.ecidInfo	590.48.01	590.48.01	1760+24
field	GspStaticConfigInfo.ecidInfo	595.84	595.84	1552+12
field	GspStaticConfigInfo.ecidInfo	610.43.02	610.57.04	1564+12
field	GspStaticConfigInfo.ecidInfo	615.71.09	615.71.09	1568+16
field	GspStaticConfigInfo.ecidInfo.ecidExtended	535.309.01	550.90.07	ABSENT
field	GspStaticConfigInfo.ecidInfo.ecidExtended	555.42.02	555.42.02	2208+4
field	GspStaticConfigInfo.ecidInfo.ecidExtended	560.28.03	590.48.01	ABSENT
field	GspStaticConfigInfo.ecidInfo.ecidExtended	595.84	595.84	1560+4
field	GspStaticConfigInfo.ecidInfo.ecidExtended	610.43.02	610.57.04	1572+4
field	GspStaticConfigInfo.ecidInfo.ecidExtended	615.71.09	615.71.09	ABSENT
field	GspStaticConfigInfo.ecidInfo.ecidHigh	535.309.01	550.90.07	ABSENT
field	GspStaticConfigInfo.ecidInfo.ecidHigh	555.42.02	555.42.02	2204+4
field	GspStaticConfigInfo.ecidInfo.ecidHigh	560.28.03	590.48.01	ABSENT
field	GspStaticConfigInfo.ecidInfo.ecidHigh	595.84	595.84	1556+4
field	GspStaticConfigInfo.ecidInfo.ecidHigh	610.43.02	610.57.04	1568+4
field	GspStaticConfigInfo.ecidInfo.ecidHigh	615.71.09	615.71.09	ABSENT
field	GspStaticConfigInfo.ecidInfo.ecidLow	535.309.01	550.90.07	ABSENT
field	GspStaticConfigInfo.ecidInfo.ecidLow	555.42.02	555.42.02	2200+4
field	GspStaticConfigInfo.ecidInfo.ecidLow	560.28.03	590.48.01	ABSENT
field	GspStaticConfigInfo.ecidInfo.ecidLow	595.84	595.84	1552+4
field	GspStaticConfigInfo.ecidInfo.ecidLow	610.43.02	610.57.04	1564+4
field	GspStaticConfigInfo.ecidInfo.ecidLow	615.71.09	615.71.09	ABSENT
field	GspStaticConfigInfo.ecidInfo.info	535.309.01	610.57.04	ABSENT
field	GspStaticConfigInfo.ecidInfo.info	615.71.09	615.71.09	1568+16
field	GspStaticConfigInfo.ecidInfo[]	535.309.01	555.42.02	ABSENT
field	GspStaticConfigInfo.ecidInfo[]	560.28.03	560.28.03	2200+12
field	GspStaticConfigInfo.ecidInfo[]	565.57.01	575.64.05	1616+12
field	GspStaticConfigInfo.ecidInfo[]	580.65.06	580.178.04	1744+12
field	GspStaticConfigInfo.ecidInfo[]	590.48.01	590.48.01	1760+12
field	GspStaticConfigInfo.ecidInfo[]	595.84	615.71.09	ABSENT
field	GspStaticConfigInfo.ecidInfo[].ecidExtended	535.309.01	555.42.02	ABSENT
field	GspStaticConfigInfo.ecidInfo[].ecidExtended	560.28.03	560.28.03	2208+4
field	GspStaticConfigInfo.ecidInfo[].ecidExtended	565.57.01	575.64.05	1624+4
field	GspStaticConfigInfo.ecidInfo[].ecidExtended	580.65.06	580.178.04	1752+4
field	GspStaticConfigInfo.ecidInfo[].ecidExtended	590.48.01	590.48.01	1768+4
field	GspStaticConfigInfo.ecidInfo[].ecidExtended	595.84	615.71.09	ABSENT
field	GspStaticConfigInfo.ecidInfo[].ecidHigh	535.309.01	555.42.02	ABSENT
field	GspStaticConfigInfo.ecidInfo[].ecidHigh	560.28.03	560.28.03	2204+4
field	GspStaticConfigInfo.ecidInfo[].ecidHigh	565.57.01	575.64.05	1620+4
field	GspStaticConfigInfo.ecidInfo[].ecidHigh	580.65.06	580.178.04	1748+4
field	GspStaticConfigInfo.ecidInfo[].ecidHigh	590.48.01	590.48.01	1764+4
field	GspStaticConfigInfo.ecidInfo[].ecidHigh	595.84	615.71.09	ABSENT
field	GspStaticConfigInfo.ecidInfo[].ecidLow	535.309.01	555.42.02	ABSENT
field	GspStaticConfigInfo.ecidInfo[].ecidLow	560.28.03	560.28.03	2200+4
field	GspStaticConfigInfo.ecidInfo[].ecidLow	565.57.01	575.64.05	1616+4
field	GspStaticConfigInfo.ecidInfo[].ecidLow	580.65.06	580.178.04	1744+4
field	GspStaticConfigInfo.ecidInfo[].ecidLow	590.48.01	590.48.01	1760+4
field	GspStaticConfigInfo.ecidInfo[].ecidLow	595.84	615.71.09	ABSENT
field	GspStaticConfigInfo.emulationRev1	535.309.01	610.57.04	ABSENT
field	GspStaticConfigInfo.emulationRev1	615.71.09	615.71.09	1604+4
field	GspStaticConfigInfo.engineCaps	535.309.01	545.23.08	1700+8
field	GspStaticConfigInfo.engineCaps	550.40.07	555.42.02	1716+8
field	GspStaticConfigInfo.engineCaps	560.28.03	560.28.03	1716+12
field	GspStaticConfigInfo.engineCaps	565.57.01	575.64.05	1204+12
field	GspStaticConfigInfo.engineCaps	580.65.06	580.178.04	1332+12
field	GspStaticConfigInfo.engineCaps	590.48.01	590.48.01	1348+12
field	GspStaticConfigInfo.engineCaps	595.84	615.71.09	1324+12
field	GspStaticConfigInfo.fbRegionInfoParams	535.309.01	545.23.08	840+776
field	GspStaticConfigInfo.fbRegionInfoParams	550.40.07	560.28.03	856+776
field	GspStaticConfigInfo.fbRegionInfoParams	565.57.01	575.64.05	344+776
field	GspStaticConfigInfo.fbRegionInfoParams	580.65.06	590.48.01	344+904
field	GspStaticConfigInfo.fbRegionInfoParams	595.84	615.71.09	320+904
field	GspStaticConfigInfo.fbRegionInfoParams.fbRegion	535.309.01	545.23.08	848+768
field	GspStaticConfigInfo.fbRegionInfoParams.fbRegion	550.40.07	560.28.03	864+768
field	GspStaticConfigInfo.fbRegionInfoParams.fbRegion	565.57.01	575.64.05	352+768
field	GspStaticConfigInfo.fbRegionInfoParams.fbRegion	580.65.06	590.48.01	352+896
field	GspStaticConfigInfo.fbRegionInfoParams.fbRegion	595.84	615.71.09	328+896
field	GspStaticConfigInfo.fbRegionInfoParams.fbRegion[]	535.309.01	545.23.08	848+48
field	GspStaticConfigInfo.fbRegionInfoParams.fbRegion[]	550.40.07	560.28.03	864+48
field	GspStaticConfigInfo.fbRegionInfoParams.fbRegion[]	565.57.01	575.64.05	352+48
field	GspStaticConfigInfo.fbRegionInfoParams.fbRegion[]	580.65.06	590.48.01	352+56
field	GspStaticConfigInfo.fbRegionInfoParams.fbRegion[]	595.84	615.71.09	328+56
field	GspStaticConfigInfo.fbRegionInfoParams.fbRegion[].bProtected	535.309.01	545.23.08	878+1
field	GspStaticConfigInfo.fbRegionInfoParams.fbRegion[].bProtected	550.40.07	560.28.03	894+1
field	GspStaticConfigInfo.fbRegionInfoParams.fbRegion[].bProtected	565.57.01	590.48.01	382+1
field	GspStaticConfigInfo.fbRegionInfoParams.fbRegion[].bProtected	595.84	615.71.09	358+1
field	GspStaticConfigInfo.fbRegionInfoParams.fbRegion[].base	535.309.01	545.23.08	848+8
field	GspStaticConfigInfo.fbRegionInfoParams.fbRegion[].base	550.40.07	560.28.03	864+8
field	GspStaticConfigInfo.fbRegionInfoParams.fbRegion[].base	565.57.01	590.48.01	352+8
field	GspStaticConfigInfo.fbRegionInfoParams.fbRegion[].base	595.84	615.71.09	328+8
field	GspStaticConfigInfo.fbRegionInfoParams.fbRegion[].blackList	535.309.01	545.23.08	879+17
field	GspStaticConfigInfo.fbRegionInfoParams.fbRegion[].blackList	550.40.07	560.28.03	895+17
field	GspStaticConfigInfo.fbRegionInfoParams.fbRegion[].blackList	565.57.01	575.64.05	383+17
field	GspStaticConfigInfo.fbRegionInfoParams.fbRegion[].blackList	580.65.06	590.48.01	383+18
field	GspStaticConfigInfo.fbRegionInfoParams.fbRegion[].blackList	595.84	615.71.09	359+18
field	GspStaticConfigInfo.fbRegionInfoParams.fbRegion[].limit	535.309.01	545.23.08	856+8
field	GspStaticConfigInfo.fbRegionInfoParams.fbRegion[].limit	550.40.07	560.28.03	872+8
field	GspStaticConfigInfo.fbRegionInfoParams.fbRegion[].limit	565.57.01	590.48.01	360+8
field	GspStaticConfigInfo.fbRegionInfoParams.fbRegion[].limit	595.84	615.71.09	336+8
field	GspStaticConfigInfo.fbRegionInfoParams.fbRegion[].performance	535.309.01	545.23.08	872+4
field	GspStaticConfigInfo.fbRegionInfoParams.fbRegion[].performance	550.40.07	560.28.03	888+4
field	GspStaticConfigInfo.fbRegionInfoParams.fbRegion[].performance	565.57.01	590.48.01	376+4
field	GspStaticConfigInfo.fbRegionInfoParams.fbRegion[].performance	595.84	615.71.09	352+4
field	GspStaticConfigInfo.fbRegionInfoParams.fbRegion[].regionTag	535.309.01	595.84	ABSENT
field	GspStaticConfigInfo.fbRegionInfoParams.fbRegion[].regionTag	610.43.02	615.71.09	380+4
field	GspStaticConfigInfo.fbRegionInfoParams.fbRegion[].reserved	535.309.01	545.23.08	864+8
field	GspStaticConfigInfo.fbRegionInfoParams.fbRegion[].reserved	550.40.07	560.28.03	880+8
field	GspStaticConfigInfo.fbRegionInfoParams.fbRegion[].reserved	565.57.01	590.48.01	368+8
field	GspStaticConfigInfo.fbRegionInfoParams.fbRegion[].reserved	595.84	615.71.09	344+8
field	GspStaticConfigInfo.fbRegionInfoParams.fbRegion[].supportCompressed	535.309.01	545.23.08	876+1
field	GspStaticConfigInfo.fbRegionInfoParams.fbRegion[].supportCompressed	550.40.07	560.28.03	892+1
field	GspStaticConfigInfo.fbRegionInfoParams.fbRegion[].supportCompressed	565.57.01	590.48.01	380+1
field	GspStaticConfigInfo.fbRegionInfoParams.fbRegion[].supportCompressed	595.84	615.71.09	356+1
field	GspStaticConfigInfo.fbRegionInfoParams.fbRegion[].supportISO	535.309.01	545.23.08	877+1
field	GspStaticConfigInfo.fbRegionInfoParams.fbRegion[].supportISO	550.40.07	560.28.03	893+1
field	GspStaticConfigInfo.fbRegionInfoParams.fbRegion[].supportISO	565.57.01	590.48.01	381+1
field	GspStaticConfigInfo.fbRegionInfoParams.fbRegion[].supportISO	595.84	615.71.09	357+1
field	GspStaticConfigInfo.fbRegionInfoParams.numFBRegions	535.309.01	545.23.08	840+4
field	GspStaticConfigInfo.fbRegionInfoParams.numFBRegions	550.40.07	560.28.03	856+4
field	GspStaticConfigInfo.fbRegionInfoParams.numFBRegions	565.57.01	590.48.01	344+4
field	GspStaticConfigInfo.fbRegionInfoParams.numFBRegions	595.84	615.71.09	320+4
field	GspStaticConfigInfo.fb_bus_width	535.309.01	545.23.08	1764+4
field	GspStaticConfigInfo.fb_bus_width	550.40.07	550.90.07	1780+4
field	GspStaticConfigInfo.fb_bus_width	555.42.02	560.28.03	1784+4
field	GspStaticConfigInfo.fb_bus_width	565.57.01	575.64.05	1240+4
field	GspStaticConfigInfo.fb_bus_width	580.65.06	580.178.04	1368+4
field	GspStaticConfigInfo.fb_bus_width	590.48.01	590.48.01	1384+4
field	GspStaticConfigInfo.fb_bus_width	595.84	615.71.09	ABSENT
field	GspStaticConfigInfo.fb_length	535.309.01	545.23.08	1752+8
field	GspStaticConfigInfo.fb_length	550.40.07	560.28.03	1768+8
field	GspStaticConfigInfo.fb_length	565.57.01	575.64.05	1224+8
field	GspStaticConfigInfo.fb_length	580.65.06	580.178.04	1352+8
field	GspStaticConfigInfo.fb_length	590.48.01	590.48.01	1368+8
field	GspStaticConfigInfo.fb_length	595.84	615.71.09	1344+8
field	GspStaticConfigInfo.fb_ram_type	535.309.01	545.23.08	1768+4
field	GspStaticConfigInfo.fb_ram_type	550.40.07	550.90.07	1784+4
field	GspStaticConfigInfo.fb_ram_type	555.42.02	560.28.03	1788+4
field	GspStaticConfigInfo.fb_ram_type	565.57.01	575.64.05	1244+4
field	GspStaticConfigInfo.fb_ram_type	580.65.06	580.178.04	1372+4
field	GspStaticConfigInfo.fb_ram_type	590.48.01	590.48.01	1388+4
field	GspStaticConfigInfo.fb_ram_type	595.84	615.71.09	ABSENT
field	GspStaticConfigInfo.fbio_mask	535.309.01	545.23.08	1760+4
field	GspStaticConfigInfo.fbio_mask	550.40.07	550.90.07	1776+4
field	GspStaticConfigInfo.fbio_mask	555.42.02	560.28.03	1776+8
field	GspStaticConfigInfo.fbio_mask	565.57.01	575.64.05	1232+8
field	GspStaticConfigInfo.fbio_mask	580.65.06	580.178.04	1360+8
field	GspStaticConfigInfo.fbio_mask	590.48.01	590.48.01	1376+8
field	GspStaticConfigInfo.fbio_mask	595.84	615.71.09	ABSENT
field	GspStaticConfigInfo.fbp_mask	535.309.01	545.23.08	1772+4
field	GspStaticConfigInfo.fbp_mask	550.40.07	550.90.07	1788+4
field	GspStaticConfigInfo.fbp_mask	555.42.02	560.28.03	1792+8
field	GspStaticConfigInfo.fbp_mask	565.57.01	575.64.05	1248+8
field	GspStaticConfigInfo.fbp_mask	580.65.06	580.178.04	1376+8
field	GspStaticConfigInfo.fbp_mask	590.48.01	590.48.01	1392+8
field	GspStaticConfigInfo.fbp_mask	595.84	615.71.09	ABSENT
field	GspStaticConfigInfo.fwWprLayoutOffset	535.309.01	565.57.01	ABSENT
field	GspStaticConfigInfo.fwWprLayoutOffset	570.86.15	575.64.05	1640+16
field	GspStaticConfigInfo.fwWprLayoutOffset	580.65.06	580.178.04	1768+16
field	GspStaticConfigInfo.fwWprLayoutOffset	590.48.01	590.48.01	1784+16
field	GspStaticConfigInfo.fwWprLayoutOffset	595.84	595.84	1568+16
field	GspStaticConfigInfo.fwWprLayoutOffset	610.43.02	610.57.04	1576+16
field	GspStaticConfigInfo.fwWprLayoutOffset	615.71.09	615.71.09	1584+16
field	GspStaticConfigInfo.fwWprLayoutOffset.frtsOffset	535.309.01	565.57.01	ABSENT
field	GspStaticConfigInfo.fwWprLayoutOffset.frtsOffset	570.86.15	575.64.05	1648+8
field	GspStaticConfigInfo.fwWprLayoutOffset.frtsOffset	580.65.06	580.178.04	1776+8
field	GspStaticConfigInfo.fwWprLayoutOffset.frtsOffset	590.48.01	590.48.01	1792+8
field	GspStaticConfigInfo.fwWprLayoutOffset.frtsOffset	595.84	595.84	1576+8
field	GspStaticConfigInfo.fwWprLayoutOffset.frtsOffset	610.43.02	610.57.04	1584+8
field	GspStaticConfigInfo.fwWprLayoutOffset.frtsOffset	615.71.09	615.71.09	1592+8
field	GspStaticConfigInfo.fwWprLayoutOffset.nonWprHeapOffset	535.309.01	565.57.01	ABSENT
field	GspStaticConfigInfo.fwWprLayoutOffset.nonWprHeapOffset	570.86.15	575.64.05	1640+8
field	GspStaticConfigInfo.fwWprLayoutOffset.nonWprHeapOffset	580.65.06	580.178.04	1768+8
field	GspStaticConfigInfo.fwWprLayoutOffset.nonWprHeapOffset	590.48.01	590.48.01	1784+8
field	GspStaticConfigInfo.fwWprLayoutOffset.nonWprHeapOffset	595.84	595.84	1568+8
field	GspStaticConfigInfo.fwWprLayoutOffset.nonWprHeapOffset	610.43.02	610.57.04	1576+8
field	GspStaticConfigInfo.fwWprLayoutOffset.nonWprHeapOffset	615.71.09	615.71.09	1584+8
field	GspStaticConfigInfo.gfxpBufferAlignment	535.309.01	545.23.08	1800+20
field	GspStaticConfigInfo.gfxpBufferAlignment	550.40.07	550.90.07	1816+20
field	GspStaticConfigInfo.gfxpBufferAlignment	555.42.02	560.28.03	1824+20
field	GspStaticConfigInfo.gfxpBufferAlignment	565.57.01	615.71.09	ABSENT
field	GspStaticConfigInfo.gfxpBufferSize	535.309.01	545.23.08	1780+20
field	GspStaticConfigInfo.gfxpBufferSize	550.40.07	550.90.07	1796+20
field	GspStaticConfigInfo.gfxpBufferSize	555.42.02	560.28.03	1804+20
field	GspStaticConfigInfo.gfxpBufferSize	565.57.01	615.71.09	ABSENT
field	GspStaticConfigInfo.gidInfo	535.309.01	590.48.01	24+268
field	GspStaticConfigInfo.gidInfo	595.84	615.71.09	0+268
field	GspStaticConfigInfo.gidInfo.data	535.309.01	590.48.01	36+256
field	GspStaticConfigInfo.gidInfo.data	595.84	615.71.09	12+256
field	GspStaticConfigInfo.gidInfo.flags	535.309.01	590.48.01	28+4
field	GspStaticConfigInfo.gidInfo.flags	595.84	615.71.09	4+4
field	GspStaticConfigInfo.gidInfo.index	535.309.01	590.48.01	24+4
field	GspStaticConfigInfo.gidInfo.index	595.84	615.71.09	0+4
field	GspStaticConfigInfo.gidInfo.length	535.309.01	590.48.01	32+4
field	GspStaticConfigInfo.gidInfo.length	595.84	615.71.09	8+4
field	GspStaticConfigInfo.gpcInfo	535.309.01	560.28.03	292+4
field	GspStaticConfigInfo.gpcInfo	565.57.01	615.71.09	ABSENT
field	GspStaticConfigInfo.gpcInfo.gpcMask	535.309.01	560.28.03	292+4
field	GspStaticConfigInfo.gpcInfo.gpcMask	565.57.01	615.71.09	ABSENT
field	GspStaticConfigInfo.gpuNameString	535.309.01	545.23.08	1820+64
field	GspStaticConfigInfo.gpuNameString	550.40.07	550.90.07	1836+64
field	GspStaticConfigInfo.gpuNameString	555.42.02	560.28.03	1844+64
field	GspStaticConfigInfo.gpuNameString	565.57.01	575.64.05	1260+64
field	GspStaticConfigInfo.gpuNameString	580.65.06	580.178.04	1388+64
field	GspStaticConfigInfo.gpuNameString	590.48.01	590.48.01	1404+64
field	GspStaticConfigInfo.gpuNameString	595.84	615.71.09	1352+64
field	GspStaticConfigInfo.gpuNameString_Unicode	535.309.01	545.23.08	1948+128
field	GspStaticConfigInfo.gpuNameString_Unicode	550.40.07	550.90.07	1964+128
field	GspStaticConfigInfo.gpuNameString_Unicode	555.42.02	560.28.03	1972+128
field	GspStaticConfigInfo.gpuNameString_Unicode	565.57.01	575.64.05	1388+128
field	GspStaticConfigInfo.gpuNameString_Unicode	580.65.06	580.178.04	1516+128
field	GspStaticConfigInfo.gpuNameString_Unicode	590.48.01	590.48.01	1532+128
field	GspStaticConfigInfo.gpuNameString_Unicode	595.84	615.71.09	ABSENT
field	GspStaticConfigInfo.gpuShortNameString	535.309.01	545.23.08	1884+64
field	GspStaticConfigInfo.gpuShortNameString	550.40.07	550.90.07	1900+64
field	GspStaticConfigInfo.gpuShortNameString	555.42.02	560.28.03	1908+64
field	GspStaticConfigInfo.gpuShortNameString	565.57.01	575.64.05	1324+64
field	GspStaticConfigInfo.gpuShortNameString	580.65.06	580.178.04	1452+64
field	GspStaticConfigInfo.gpuShortNameString	590.48.01	590.48.01	1468+64
field	GspStaticConfigInfo.gpuShortNameString	595.84	615.71.09	1416+64
field	GspStaticConfigInfo.grCapsBits	535.309.01	590.48.01	0+23
field	GspStaticConfigInfo.grCapsBits	595.84	615.71.09	ABSENT
field	GspStaticConfigInfo.hInternalClient	535.309.01	545.23.08	2152+4
field	GspStaticConfigInfo.hInternalClient	550.40.07	550.90.07	2168+4
field	GspStaticConfigInfo.hInternalClient	555.42.02	560.28.03	2184+4
field	GspStaticConfigInfo.hInternalClient	565.57.01	575.64.05	1600+4
field	GspStaticConfigInfo.hInternalClient	580.65.06	580.178.04	1728+4
field	GspStaticConfigInfo.hInternalClient	590.48.01	590.48.01	1744+4
field	GspStaticConfigInfo.hInternalClient	595.84	595.84	1536+4
field	GspStaticConfigInfo.hInternalClient	610.43.02	615.71.09	1544+4
field	GspStaticConfigInfo.hInternalDevice	535.309.01	545.23.08	2156+4
field	GspStaticConfigInfo.hInternalDevice	550.40.07	550.90.07	2172+4
field	GspStaticConfigInfo.hInternalDevice	555.42.02	560.28.03	2188+4
field	GspStaticConfigInfo.hInternalDevice	565.57.01	575.64.05	1604+4
field	GspStaticConfigInfo.hInternalDevice	580.65.06	580.178.04	1732+4
field	GspStaticConfigInfo.hInternalDevice	590.48.01	590.48.01	1748+4
field	GspStaticConfigInfo.hInternalDevice	595.84	595.84	1540+4
field	GspStaticConfigInfo.hInternalDevice	610.43.02	615.71.09	1548+4
field	GspStaticConfigInfo.hInternalSubdevice	535.309.01	545.23.08	2160+4
field	GspStaticConfigInfo.hInternalSubdevice	550.40.07	550.90.07	2176+4
field	GspStaticConfigInfo.hInternalSubdevice	555.42.02	560.28.03	2192+4
field	GspStaticConfigInfo.hInternalSubdevice	565.57.01	575.64.05	1608+4
field	GspStaticConfigInfo.hInternalSubdevice	580.65.06	580.178.04	1736+4
field	GspStaticConfigInfo.hInternalSubdevice	590.48.01	590.48.01	1752+4
field	GspStaticConfigInfo.hInternalSubdevice	595.84	595.84	1544+4
field	GspStaticConfigInfo.hInternalSubdevice	610.43.02	615.71.09	1552+4
field	GspStaticConfigInfo.l2_cache_size	535.309.01	545.23.08	1776+4
field	GspStaticConfigInfo.l2_cache_size	550.40.07	550.90.07	1792+4
field	GspStaticConfigInfo.l2_cache_size	555.42.02	560.28.03	1800+4
field	GspStaticConfigInfo.l2_cache_size	565.57.01	575.64.05	1256+4
field	GspStaticConfigInfo.l2_cache_size	580.65.06	580.178.04	1384+4
field	GspStaticConfigInfo.l2_cache_size	590.48.01	590.48.01	1400+4
field	GspStaticConfigInfo.l2_cache_size	595.84	615.71.09	ABSENT
field	GspStaticConfigInfo.pdi	535.309.01	580.178.04	ABSENT
field	GspStaticConfigInfo.pdi	590.48.01	590.48.01	1256+8
field	GspStaticConfigInfo.pdi	595.84	615.71.09	1232+8
field	GspStaticConfigInfo.poisonFuseEnabled	535.309.01	545.23.08	1744+1
field	GspStaticConfigInfo.poisonFuseEnabled	550.40.07	555.42.02	1760+1
field	GspStaticConfigInfo.poisonFuseEnabled	560.28.03	560.28.03	1764+1
field	GspStaticConfigInfo.poisonFuseEnabled	565.57.01	575.64.05	1216+1
field	GspStaticConfigInfo.poisonFuseEnabled	580.65.06	580.178.04	1344+1
field	GspStaticConfigInfo.poisonFuseEnabled	590.48.01	590.48.01	1360+1
field	GspStaticConfigInfo.poisonFuseEnabled	595.84	615.71.09	1336+1
field	GspStaticConfigInfo.sriovCaps	535.309.01	545.23.08	1624+72
field	GspStaticConfigInfo.sriovCaps	550.40.07	560.28.03	1632+80
field	GspStaticConfigInfo.sriovCaps	565.57.01	575.64.05	1120+80
field	GspStaticConfigInfo.sriovCaps	580.65.06	580.178.04	1248+80
field	GspStaticConfigInfo.sriovCaps	590.48.01	590.48.01	1264+80
field	GspStaticConfigInfo.sriovCaps	595.84	615.71.09	1240+80
field	GspStaticConfigInfo.sriovCaps.FirstVFBar0Address	535.309.01	545.23.08	1640+8
field	GspStaticConfigInfo.sriovCaps.FirstVFBar0Address	550.40.07	560.28.03	1648+8
field	GspStaticConfigInfo.sriovCaps.FirstVFBar0Address	565.57.01	575.64.05	1136+8
field	GspStaticConfigInfo.sriovCaps.FirstVFBar0Address	580.65.06	580.178.04	1264+8
field	GspStaticConfigInfo.sriovCaps.FirstVFBar0Address	590.48.01	590.48.01	1280+8
field	GspStaticConfigInfo.sriovCaps.FirstVFBar0Address	595.84	615.71.09	1256+8
field	GspStaticConfigInfo.sriovCaps.FirstVFBar1Address	535.309.01	545.23.08	1648+8
field	GspStaticConfigInfo.sriovCaps.FirstVFBar1Address	550.40.07	560.28.03	1656+8
field	GspStaticConfigInfo.sriovCaps.FirstVFBar1Address	565.57.01	575.64.05	1144+8
field	GspStaticConfigInfo.sriovCaps.FirstVFBar1Address	580.65.06	580.178.04	1272+8
field	GspStaticConfigInfo.sriovCaps.FirstVFBar1Address	590.48.01	590.48.01	1288+8
field	GspStaticConfigInfo.sriovCaps.FirstVFBar1Address	595.84	615.71.09	1264+8
field	GspStaticConfigInfo.sriovCaps.FirstVFBar2Address	535.309.01	545.23.08	1656+8
field	GspStaticConfigInfo.sriovCaps.FirstVFBar2Address	550.40.07	560.28.03	1664+8
field	GspStaticConfigInfo.sriovCaps.FirstVFBar2Address	565.57.01	575.64.05	1152+8
field	GspStaticConfigInfo.sriovCaps.FirstVFBar2Address	580.65.06	580.178.04	1280+8
field	GspStaticConfigInfo.sriovCaps.FirstVFBar2Address	590.48.01	590.48.01	1296+8
field	GspStaticConfigInfo.sriovCaps.FirstVFBar2Address	595.84	615.71.09	1272+8
field	GspStaticConfigInfo.sriovCaps.b64bitBar0	535.309.01	545.23.08	1688+1
field	GspStaticConfigInfo.sriovCaps.b64bitBar0	550.40.07	560.28.03	1696+1
field	GspStaticConfigInfo.sriovCaps.b64bitBar0	565.57.01	575.64.05	1184+1
field	GspStaticConfigInfo.sriovCaps.b64bitBar0	580.65.06	580.178.04	1312+1
field	GspStaticConfigInfo.sriovCaps.b64bitBar0	590.48.01	590.48.01	1328+1
field	GspStaticConfigInfo.sriovCaps.b64bitBar0	595.84	615.71.09	1304+1
field	GspStaticConfigInfo.sriovCaps.b64bitBar1	535.309.01	545.23.08	1689+1
field	GspStaticConfigInfo.sriovCaps.b64bitBar1	550.40.07	560.28.03	1697+1
field	GspStaticConfigInfo.sriovCaps.b64bitBar1	565.57.01	575.64.05	1185+1
field	GspStaticConfigInfo.sriovCaps.b64bitBar1	580.65.06	580.178.04	1313+1
field	GspStaticConfigInfo.sriovCaps.b64bitBar1	590.48.01	590.48.01	1329+1
field	GspStaticConfigInfo.sriovCaps.b64bitBar1	595.84	615.71.09	1305+1
field	GspStaticConfigInfo.sriovCaps.b64bitBar2	535.309.01	545.23.08	1690+1
field	GspStaticConfigInfo.sriovCaps.b64bitBar2	550.40.07	560.28.03	1698+1
field	GspStaticConfigInfo.sriovCaps.b64bitBar2	565.57.01	575.64.05	1186+1
field	GspStaticConfigInfo.sriovCaps.b64bitBar2	580.65.06	580.178.04	1314+1
field	GspStaticConfigInfo.sriovCaps.b64bitBar2	590.48.01	590.48.01	1330+1
field	GspStaticConfigInfo.sriovCaps.b64bitBar2	595.84	615.71.09	1306+1
field	GspStaticConfigInfo.sriovCaps.bClientRmAllocatedCtxBuffer	535.309.01	545.23.08	1694+1
field	GspStaticConfigInfo.sriovCaps.bClientRmAllocatedCtxBuffer	550.40.07	560.28.03	1702+1
field	GspStaticConfigInfo.sriovCaps.bClientRmAllocatedCtxBuffer	565.57.01	575.64.05	1190+1
field	GspStaticConfigInfo.sriovCaps.bClientRmAllocatedCtxBuffer	580.65.06	580.178.04	1318+1
field	GspStaticConfigInfo.sriovCaps.bClientRmAllocatedCtxBuffer	590.48.01	590.48.01	1334+1
field	GspStaticConfigInfo.sriovCaps.bClientRmAllocatedCtxBuffer	595.84	615.71.09	1310+1
field	GspStaticConfigInfo.sriovCaps.bEmulateVFBar0TlbInvalidationRegister	535.309.01	545.23.08	1693+1
field	GspStaticConfigInfo.sriovCaps.bEmulateVFBar0TlbInvalidationRegister	550.40.07	560.28.03	1701+1
field	GspStaticConfigInfo.sriovCaps.bEmulateVFBar0TlbInvalidationRegister	565.57.01	575.64.05	1189+1
field	GspStaticConfigInfo.sriovCaps.bEmulateVFBar0TlbInvalidationRegister	580.65.06	580.178.04	1317+1
field	GspStaticConfigInfo.sriovCaps.bEmulateVFBar0TlbInvalidationRegister	590.48.01	590.48.01	1333+1
field	GspStaticConfigInfo.sriovCaps.bEmulateVFBar0TlbInvalidationRegister	595.84	615.71.09	1309+1
field	GspStaticConfigInfo.sriovCaps.bNonPowerOf2ChannelCountSupported	535.309.01	535.309.01	ABSENT
field	GspStaticConfigInfo.sriovCaps.bNonPowerOf2ChannelCountSupported	545.23.08	545.23.08	1695+1
field	GspStaticConfigInfo.sriovCaps.bNonPowerOf2ChannelCountSupported	550.40.07	560.28.03	1703+1
field	GspStaticConfigInfo.sriovCaps.bNonPowerOf2ChannelCountSupported	565.57.01	575.64.05	1191+1
field	GspStaticConfigInfo.sriovCaps.bNonPowerOf2ChannelCountSupported	580.65.06	580.178.04	1319+1
field	GspStaticConfigInfo.sriovCaps.bNonPowerOf2ChannelCountSupported	590.48.01	590.48.01	1335+1
field	GspStaticConfigInfo.sriovCaps.bNonPowerOf2ChannelCountSupported	595.84	615.71.09	1311+1
field	GspStaticConfigInfo.sriovCaps.bSriovEnabled	535.309.01	545.23.08	1691+1
field	GspStaticConfigInfo.sriovCaps.bSriovEnabled	550.40.07	560.28.03	1699+1
field	GspStaticConfigInfo.sriovCaps.bSriovEnabled	565.57.01	575.64.05	1187+1
field	GspStaticConfigInfo.sriovCaps.bSriovEnabled	580.65.06	580.178.04	1315+1
field	GspStaticConfigInfo.sriovCaps.bSriovEnabled	590.48.01	590.48.01	1331+1
field	GspStaticConfigInfo.sriovCaps.bSriovEnabled	595.84	615.71.09	1307+1
field	GspStaticConfigInfo.sriovCaps.bSriovHeavyEnabled	535.309.01	545.23.08	1692+1
field	GspStaticConfigInfo.sriovCaps.bSriovHeavyEnabled	550.40.07	560.28.03	1700+1
field	GspStaticConfigInfo.sriovCaps.bSriovHeavyEnabled	565.57.01	575.64.05	1188+1
field	GspStaticConfigInfo.sriovCaps.bSriovHeavyEnabled	580.65.06	580.178.04	1316+1
field	GspStaticConfigInfo.sriovCaps.bSriovHeavyEnabled	590.48.01	590.48.01	1332+1
field	GspStaticConfigInfo.sriovCaps.bSriovHeavyEnabled	595.84	615.71.09	1308+1
field	GspStaticConfigInfo.sriovCaps.bVfResizableBAR1Supported	535.309.01	545.23.08	ABSENT
field	GspStaticConfigInfo.sriovCaps.bVfResizableBAR1Supported	550.40.07	560.28.03	1704+1
field	GspStaticConfigInfo.sriovCaps.bVfResizableBAR1Supported	565.57.01	575.64.05	1192+1
field	GspStaticConfigInfo.sriovCaps.bVfResizableBAR1Supported	580.65.06	580.178.04	1320+1
field	GspStaticConfigInfo.sriovCaps.bVfResizableBAR1Supported	590.48.01	590.48.01	1336+1
field	GspStaticConfigInfo.sriovCaps.bVfResizableBAR1Supported	595.84	615.71.09	1312+1
field	GspStaticConfigInfo.sriovCaps.bar0Size	535.309.01	545.23.08	1664+8
field	GspStaticConfigInfo.sriovCaps.bar0Size	550.40.07	560.28.03	1672+8
field	GspStaticConfigInfo.sriovCaps.bar0Size	565.57.01	575.64.05	1160+8
field	GspStaticConfigInfo.sriovCaps.bar0Size	580.65.06	580.178.04	1288+8
field	GspStaticConfigInfo.sriovCaps.bar0Size	590.48.01	590.48.01	1304+8
field	GspStaticConfigInfo.sriovCaps.bar0Size	595.84	615.71.09	1280+8
field	GspStaticConfigInfo.sriovCaps.bar1Size	535.309.01	545.23.08	1672+8
field	GspStaticConfigInfo.sriovCaps.bar1Size	550.40.07	560.28.03	1680+8
field	GspStaticConfigInfo.sriovCaps.bar1Size	565.57.01	575.64.05	1168+8
field	GspStaticConfigInfo.sriovCaps.bar1Size	580.65.06	580.178.04	1296+8
field	GspStaticConfigInfo.sriovCaps.bar1Size	590.48.01	590.48.01	1312+8
field	GspStaticConfigInfo.sriovCaps.bar1Size	595.84	615.71.09	1288+8
field	GspStaticConfigInfo.sriovCaps.bar2Size	535.309.01	545.23.08	1680+8
field	GspStaticConfigInfo.sriovCaps.bar2Size	550.40.07	560.28.03	1688+8
field	GspStaticConfigInfo.sriovCaps.bar2Size	565.57.01	575.64.05	1176+8
field	GspStaticConfigInfo.sriovCaps.bar2Size	580.65.06	580.178.04	1304+8
field	GspStaticConfigInfo.sriovCaps.bar2Size	590.48.01	590.48.01	1320+8
field	GspStaticConfigInfo.sriovCaps.bar2Size	595.84	615.71.09	1296+8
field	GspStaticConfigInfo.sriovCaps.firstVfOffset	535.309.01	545.23.08	1628+4
field	GspStaticConfigInfo.sriovCaps.firstVfOffset	550.40.07	560.28.03	1636+4
field	GspStaticConfigInfo.sriovCaps.firstVfOffset	565.57.01	575.64.05	1124+4
field	GspStaticConfigInfo.sriovCaps.firstVfOffset	580.65.06	580.178.04	1252+4
field	GspStaticConfigInfo.sriovCaps.firstVfOffset	590.48.01	590.48.01	1268+4
field	GspStaticConfigInfo.sriovCaps.firstVfOffset	595.84	615.71.09	1244+4
field	GspStaticConfigInfo.sriovCaps.totalVFs	535.309.01	545.23.08	1624+4
field	GspStaticConfigInfo.sriovCaps.totalVFs	550.40.07	560.28.03	1632+4
field	GspStaticConfigInfo.sriovCaps.totalVFs	565.57.01	575.64.05	1120+4
field	GspStaticConfigInfo.sriovCaps.totalVFs	580.65.06	580.178.04	1248+4
field	GspStaticConfigInfo.sriovCaps.totalVFs	590.48.01	590.48.01	1264+4
field	GspStaticConfigInfo.sriovCaps.totalVFs	595.84	615.71.09	1240+4
field	GspStaticConfigInfo.sriovCaps.vfFeatureMask	535.309.01	545.23.08	1632+4
field	GspStaticConfigInfo.sriovCaps.vfFeatureMask	550.40.07	560.28.03	1640+4
field	GspStaticConfigInfo.sriovCaps.vfFeatureMask	565.57.01	575.64.05	1128+4
field	GspStaticConfigInfo.sriovCaps.vfFeatureMask	580.65.06	580.178.04	1256+4
field	GspStaticConfigInfo.sriovCaps.vfFeatureMask	590.48.01	590.48.01	1272+4
field	GspStaticConfigInfo.sriovCaps.vfFeatureMask	595.84	615.71.09	1248+4
field	GspStaticConfigInfo.sriovMaxGfid	535.309.01	545.23.08	1696+4
field	GspStaticConfigInfo.sriovMaxGfid	550.40.07	560.28.03	1712+4
field	GspStaticConfigInfo.sriovMaxGfid	565.57.01	575.64.05	1200+4
field	GspStaticConfigInfo.sriovMaxGfid	580.65.06	580.178.04	1328+4
field	GspStaticConfigInfo.sriovMaxGfid	590.48.01	590.48.01	1344+4
field	GspStaticConfigInfo.sriovMaxGfid	595.84	615.71.09	1320+4
field	GspStaticConfigInfo.tpcInfo	535.309.01	560.28.03	296+256
field	GspStaticConfigInfo.tpcInfo	565.57.01	615.71.09	ABSENT
field	GspStaticConfigInfo.tpcInfo[]	535.309.01	560.28.03	296+8
field	GspStaticConfigInfo.tpcInfo[]	565.57.01	615.71.09	ABSENT
field	GspStaticConfigInfo.tpcInfo[].gpcId	535.309.01	560.28.03	296+4
field	GspStaticConfigInfo.tpcInfo[].gpcId	565.57.01	615.71.09	ABSENT
field	GspStaticConfigInfo.tpcInfo[].tpcMask	535.309.01	560.28.03	300+4
field	GspStaticConfigInfo.tpcInfo[].tpcMask	565.57.01	615.71.09	ABSENT
field	GspStaticConfigInfo.vbiosOemRevision	535.309.01	595.84	ABSENT
field	GspStaticConfigInfo.vbiosOemRevision	610.43.02	615.71.09	1536+4
field	GspStaticConfigInfo.vbiosRevision	535.309.01	595.84	ABSENT
field	GspStaticConfigInfo.vbiosRevision	610.43.02	615.71.09	1532+4
field	GspStaticConfigInfo.vbiosSubDevice	535.309.01	545.23.08	2112+4
field	GspStaticConfigInfo.vbiosSubDevice	550.40.07	550.90.07	2128+4
field	GspStaticConfigInfo.vbiosSubDevice	555.42.02	560.28.03	2144+4
field	GspStaticConfigInfo.vbiosSubDevice	565.57.01	575.64.05	1560+4
field	GspStaticConfigInfo.vbiosSubDevice	580.65.06	580.178.04	1688+4
field	GspStaticConfigInfo.vbiosSubDevice	590.48.01	590.48.01	1704+4
field	GspStaticConfigInfo.vbiosSubDevice	595.84	615.71.09	1528+4
field	GspStaticConfigInfo.vbiosSubVendor	535.309.01	545.23.08	2108+4
field	GspStaticConfigInfo.vbiosSubVendor	550.40.07	550.90.07	2124+4
field	GspStaticConfigInfo.vbiosSubVendor	555.42.02	560.28.03	2140+4
field	GspStaticConfigInfo.vbiosSubVendor	565.57.01	575.64.05	1556+4
field	GspStaticConfigInfo.vbiosSubVendor	580.65.06	580.178.04	1684+4
field	GspStaticConfigInfo.vbiosSubVendor	590.48.01	590.48.01	1700+4
field	GspStaticConfigInfo.vbiosSubVendor	595.84	615.71.09	1524+4
field	GspStaticConfigInfo.zcullInfo	535.309.01	560.28.03	552+256
field	GspStaticConfigInfo.zcullInfo	565.57.01	615.71.09	ABSENT
field	GspStaticConfigInfo.zcullInfo[]	535.309.01	560.28.03	552+8
field	GspStaticConfigInfo.zcullInfo[]	565.57.01	615.71.09	ABSENT
field	GspStaticConfigInfo.zcullInfo[].gpcId	535.309.01	560.28.03	552+4
field	GspStaticConfigInfo.zcullInfo[].gpcId	565.57.01	615.71.09	ABSENT
field	GspStaticConfigInfo.zcullInfo[].zcullMask	535.309.01	560.28.03	556+4
field	GspStaticConfigInfo.zcullInfo[].zcullMask	565.57.01	615.71.09	ABSENT
sizeof	GspSystemInfo	535.309.01	535.309.01	0+672
sizeof	GspSystemInfo	545.23.08	545.23.08	0+664
sizeof	GspSystemInfo	550.40.07	550.54.14	0+872
sizeof	GspSystemInfo	550.90.07	550.90.07	0+880
sizeof	GspSystemInfo	555.42.02	555.42.02	0+896
sizeof	GspSystemInfo	560.28.03	560.28.03	0+904
sizeof	GspSystemInfo	565.57.01	565.57.01	0+912
sizeof	GspSystemInfo	570.86.15	570.86.15	0+920
sizeof	GspSystemInfo	570.124.06	570.148.08	0+928
sizeof	GspSystemInfo	575.51.02	580.178.04	0+936
sizeof	GspSystemInfo	590.48.01	595.84	0+944
sizeof	GspSystemInfo	610.43.02	615.71.09	0+952
field	GspSystemInfo.Chipset	535.309.01	545.23.08	88+4
field	GspSystemInfo.Chipset	550.40.07	550.90.07	96+4
field	GspSystemInfo.Chipset	555.42.02	555.42.02	112+4
field	GspSystemInfo.Chipset	560.28.03	615.71.09	120+4
field	GspSystemInfo.FHBBusInfo	535.309.01	535.309.01	100+10
field	GspSystemInfo.FHBBusInfo	545.23.08	545.23.08	102+10
field	GspSystemInfo.FHBBusInfo	550.40.07	550.90.07	110+10
field	GspSystemInfo.FHBBusInfo	555.42.02	555.42.02	126+10
field	GspSystemInfo.FHBBusInfo	560.28.03	565.57.01	134+10
field	GspSystemInfo.FHBBusInfo	570.86.15	615.71.09	138+10
field	GspSystemInfo.FHBBusInfo.deviceID	535.309.01	535.309.01	100+2
field	GspSystemInfo.FHBBusInfo.deviceID	545.23.08	545.23.08	102+2
field	GspSystemInfo.FHBBusInfo.deviceID	550.40.07	550.90.07	110+2
field	GspSystemInfo.FHBBusInfo.deviceID	555.42.02	555.42.02	126+2
field	GspSystemInfo.FHBBusInfo.deviceID	560.28.03	565.57.01	134+2
field	GspSystemInfo.FHBBusInfo.deviceID	570.86.15	615.71.09	138+2
field	GspSystemInfo.FHBBusInfo.revisionID	535.309.01	535.309.01	108+1
field	GspSystemInfo.FHBBusInfo.revisionID	545.23.08	545.23.08	110+1
field	GspSystemInfo.FHBBusInfo.revisionID	550.40.07	550.90.07	118+1
field	GspSystemInfo.FHBBusInfo.revisionID	555.42.02	555.42.02	134+1
field	GspSystemInfo.FHBBusInfo.revisionID	560.28.03	565.57.01	142+1
field	GspSystemInfo.FHBBusInfo.revisionID	570.86.15	615.71.09	146+1
field	GspSystemInfo.FHBBusInfo.subdeviceID	535.309.01	535.309.01	104+2
field	GspSystemInfo.FHBBusInfo.subdeviceID	545.23.08	545.23.08	106+2
field	GspSystemInfo.FHBBusInfo.subdeviceID	550.40.07	550.90.07	114+2
field	GspSystemInfo.FHBBusInfo.subdeviceID	555.42.02	555.42.02	130+2
field	GspSystemInfo.FHBBusInfo.subdeviceID	560.28.03	565.57.01	138+2
field	GspSystemInfo.FHBBusInfo.subdeviceID	570.86.15	615.71.09	142+2
field	GspSystemInfo.FHBBusInfo.subvendorID	535.309.01	535.309.01	106+2
field	GspSystemInfo.FHBBusInfo.subvendorID	545.23.08	545.23.08	108+2
field	GspSystemInfo.FHBBusInfo.subvendorID	550.40.07	550.90.07	116+2
field	GspSystemInfo.FHBBusInfo.subvendorID	555.42.02	555.42.02	132+2
field	GspSystemInfo.FHBBusInfo.subvendorID	560.28.03	565.57.01	140+2
field	GspSystemInfo.FHBBusInfo.subvendorID	570.86.15	615.71.09	144+2
field	GspSystemInfo.FHBBusInfo.vendorID	535.309.01	535.309.01	102+2
field	GspSystemInfo.FHBBusInfo.vendorID	545.23.08	545.23.08	104+2
field	GspSystemInfo.FHBBusInfo.vendorID	550.40.07	550.90.07	112+2
field	GspSystemInfo.FHBBusInfo.vendorID	555.42.02	555.42.02	128+2
field	GspSystemInfo.FHBBusInfo.vendorID	560.28.03	565.57.01	136+2
field	GspSystemInfo.FHBBusInfo.vendorID	570.86.15	615.71.09	140+2
field	GspSystemInfo.PCIDeviceID	535.309.01	550.90.07	ABSENT
field	GspSystemInfo.PCIDeviceID	555.42.02	615.71.09	88+4
field	GspSystemInfo.PCIRevisionID	535.309.01	550.90.07	ABSENT
field	GspSystemInfo.PCIRevisionID	555.42.02	615.71.09	96+4
field	GspSystemInfo.PCISubDeviceID	535.309.01	550.90.07	ABSENT
field	GspSystemInfo.PCISubDeviceID	555.42.02	615.71.09	92+4
field	GspSystemInfo.acpiMethodData	535.309.01	535.309.01	120+484
field	GspSystemInfo.acpiMethodData	545.23.08	545.23.08	124+484
field	GspSystemInfo.acpiMethodData	550.40.07	550.90.07	132+676
field	GspSystemInfo.acpiMethodData	555.42.02	555.42.02	148+676
field	GspSystemInfo.acpiMethodData	560.28.03	565.57.01	156+676
field	GspSystemInfo.acpiMethodData	570.86.15	615.71.09	160+676
field	GspSystemInfo.acpiMethodData.bValid	535.309.01	535.309.01	120+1
field	GspSystemInfo.acpiMethodData.bValid	545.23.08	545.23.08	124+1
field	GspSystemInfo.acpiMethodData.bValid	550.40.07	550.90.07	132+1
field	GspSystemInfo.acpiMethodData.bValid	555.42.02	555.42.02	148+1
field	GspSystemInfo.acpiMethodData.bValid	560.28.03	565.57.01	156+1
field	GspSystemInfo.acpiMethodData.bValid	570.86.15	615.71.09	160+1
field	GspSystemInfo.acpiMethodData.capsMethodData	535.309.01	535.309.01	596+8
field	GspSystemInfo.acpiMethodData.capsMethodData	545.23.08	545.23.08	600+8
field	GspSystemInfo.acpiMethodData.capsMethodData	550.40.07	550.90.07	800+8
field	GspSystemInfo.acpiMethodData.capsMethodData	555.42.02	555.42.02	816+8
field	GspSystemInfo.acpiMethodData.capsMethodData	560.28.03	565.57.01	824+8
field	GspSystemInfo.acpiMethodData.capsMethodData	570.86.15	615.71.09	828+8
field	GspSystemInfo.acpiMethodData.capsMethodData.optimusCaps	535.309.01	535.309.01	600+4
field	GspSystemInfo.acpiMethodData.capsMethodData.optimusCaps	545.23.08	545.23.08	604+4
field	GspSystemInfo.acpiMethodData.capsMethodData.optimusCaps	550.40.07	550.90.07	804+4
field	GspSystemInfo.acpiMethodData.capsMethodData.optimusCaps	555.42.02	555.42.02	820+4
field	GspSystemInfo.acpiMethodData.capsMethodData.optimusCaps	560.28.03	565.57.01	828+4
field	GspSystemInfo.acpiMethodData.capsMethodData.optimusCaps	570.86.15	615.71.09	832+4
field	GspSystemInfo.acpiMethodData.capsMethodData.status	535.309.01	535.309.01	596+4
field	GspSystemInfo.acpiMethodData.capsMethodData.status	545.23.08	545.23.08	600+4
field	GspSystemInfo.acpiMethodData.capsMethodData.status	550.40.07	550.90.07	800+4
field	GspSystemInfo.acpiMethodData.capsMethodData.status	555.42.02	555.42.02	816+4
field	GspSystemInfo.acpiMethodData.capsMethodData.status	560.28.03	565.57.01	824+4
field	GspSystemInfo.acpiMethodData.capsMethodData.status	570.86.15	615.71.09	828+4
field	GspSystemInfo.acpiMethodData.dodMethodData	535.309.01	535.309.01	124+72
field	GspSystemInfo.acpiMethodData.dodMethodData	545.23.08	545.23.08	128+72
field	GspSystemInfo.acpiMethodData.dodMethodData	550.40.07	550.90.07	136+72
field	GspSystemInfo.acpiMethodData.dodMethodData	555.42.02	555.42.02	152+72
field	GspSystemInfo.acpiMethodData.dodMethodData	560.28.03	565.57.01	160+72
field	GspSystemInfo.acpiMethodData.dodMethodData	570.86.15	615.71.09	164+72
field	GspSystemInfo.acpiMethodData.dodMethodData.acpiIdList	535.309.01	535.309.01	132+64
field	GspSystemInfo.acpiMethodData.dodMethodData.acpiIdList	545.23.08	545.23.08	136+64
field	GspSystemInfo.acpiMethodData.dodMethodData.acpiIdList	550.40.07	550.90.07	144+64
field	GspSystemInfo.acpiMethodData.dodMethodData.acpiIdList	555.42.02	555.42.02	160+64
field	GspSystemInfo.acpiMethodData.dodMethodData.acpiIdList	560.28.03	565.57.01	168+64
field	GspSystemInfo.acpiMethodData.dodMethodData.acpiIdList	570.86.15	615.71.09	172+64
field	GspSystemInfo.acpiMethodData.dodMethodData.acpiIdListLen	535.309.01	535.309.01	128+4
field	GspSystemInfo.acpiMethodData.dodMethodData.acpiIdListLen	545.23.08	545.23.08	132+4
field	GspSystemInfo.acpiMethodData.dodMethodData.acpiIdListLen	550.40.07	550.90.07	140+4
field	GspSystemInfo.acpiMethodData.dodMethodData.acpiIdListLen	555.42.02	555.42.02	156+4
field	GspSystemInfo.acpiMethodData.dodMethodData.acpiIdListLen	560.28.03	565.57.01	164+4
field	GspSystemInfo.acpiMethodData.dodMethodData.acpiIdListLen	570.86.15	615.71.09	168+4
field	GspSystemInfo.acpiMethodData.dodMethodData.status	535.309.01	535.309.01	124+4
field	GspSystemInfo.acpiMethodData.dodMethodData.status	545.23.08	545.23.08	128+4
field	GspSystemInfo.acpiMethodData.dodMethodData.status	550.40.07	550.90.07	136+4
field	GspSystemInfo.acpiMethodData.dodMethodData.status	555.42.02	555.42.02	152+4
field	GspSystemInfo.acpiMethodData.dodMethodData.status	560.28.03	565.57.01	160+4
field	GspSystemInfo.acpiMethodData.dodMethodData.status	570.86.15	615.71.09	164+4
field	GspSystemInfo.acpiMethodData.jtMethodData	535.309.01	535.309.01	196+12
field	GspSystemInfo.acpiMethodData.jtMethodData	545.23.08	545.23.08	200+12
field	GspSystemInfo.acpiMethodData.jtMethodData	550.40.07	550.90.07	208+12
field	GspSystemInfo.acpiMethodData.jtMethodData	555.42.02	555.42.02	224+12
field	GspSystemInfo.acpiMethodData.jtMethodData	560.28.03	565.57.01	232+12
field	GspSystemInfo.acpiMethodData.jtMethodData	570.86.15	615.71.09	236+12
field	GspSystemInfo.acpiMethodData.jtMethodData.bSBIOSCaps	535.309.01	535.309.01	206+1
field	GspSystemInfo.acpiMethodData.jtMethodData.bSBIOSCaps	545.23.08	545.23.08	210+1
field	GspSystemInfo.acpiMethodData.jtMethodData.bSBIOSCaps	550.40.07	550.90.07	218+1
field	GspSystemInfo.acpiMethodData.jtMethodData.bSBIOSCaps	555.42.02	555.42.02	234+1
field	GspSystemInfo.acpiMethodData.jtMethodData.bSBIOSCaps	560.28.03	565.57.01	242+1
field	GspSystemInfo.acpiMethodData.jtMethodData.bSBIOSCaps	570.86.15	615.71.09	246+1
field	GspSystemInfo.acpiMethodData.jtMethodData.jtCaps	535.309.01	535.309.01	200+4
field	GspSystemInfo.acpiMethodData.jtMethodData.jtCaps	545.23.08	545.23.08	204+4
field	GspSystemInfo.acpiMethodData.jtMethodData.jtCaps	550.40.07	550.90.07	212+4
field	GspSystemInfo.acpiMethodData.jtMethodData.jtCaps	555.42.02	555.42.02	228+4
field	GspSystemInfo.acpiMethodData.jtMethodData.jtCaps	560.28.03	565.57.01	236+4
field	GspSystemInfo.acpiMethodData.jtMethodData.jtCaps	570.86.15	615.71.09	240+4
field	GspSystemInfo.acpiMethodData.jtMethodData.jtRevId	535.309.01	535.309.01	204+2
field	GspSystemInfo.acpiMethodData.jtMethodData.jtRevId	545.23.08	545.23.08	208+2
field	GspSystemInfo.acpiMethodData.jtMethodData.jtRevId	550.40.07	550.90.07	216+2
field	GspSystemInfo.acpiMethodData.jtMethodData.jtRevId	555.42.02	555.42.02	232+2
field	GspSystemInfo.acpiMethodData.jtMethodData.jtRevId	560.28.03	565.57.01	240+2
field	GspSystemInfo.acpiMethodData.jtMethodData.jtRevId	570.86.15	615.71.09	244+2
field	GspSystemInfo.acpiMethodData.jtMethodData.status	535.309.01	535.309.01	196+4
field	GspSystemInfo.acpiMethodData.jtMethodData.status	545.23.08	545.23.08	200+4
field	GspSystemInfo.acpiMethodData.jtMethodData.status	550.40.07	550.90.07	208+4
field	GspSystemInfo.acpiMethodData.jtMethodData.status	555.42.02	555.42.02	224+4
field	GspSystemInfo.acpiMethodData.jtMethodData.status	560.28.03	565.57.01	232+4
field	GspSystemInfo.acpiMethodData.jtMethodData.status	570.86.15	615.71.09	236+4
field	GspSystemInfo.acpiMethodData.muxMethodData	535.309.01	535.309.01	208+388
field	GspSystemInfo.acpiMethodData.muxMethodData	545.23.08	545.23.08	212+388
field	GspSystemInfo.acpiMethodData.muxMethodData	550.40.07	550.90.07	220+580
field	GspSystemInfo.acpiMethodData.muxMethodData	555.42.02	555.42.02	236+580
field	GspSystemInfo.acpiMethodData.muxMethodData	560.28.03	565.57.01	244+580
field	GspSystemInfo.acpiMethodData.muxMethodData	570.86.15	615.71.09	248+580
field	GspSystemInfo.acpiMethodData.muxMethodData.acpiIdMuxModeTable	535.309.01	535.309.01	212+192
field	GspSystemInfo.acpiMethodData.muxMethodData.acpiIdMuxModeTable	545.23.08	545.23.08	216+192
field	GspSystemInfo.acpiMethodData.muxMethodData.acpiIdMuxModeTable	550.40.07	550.90.07	224+192
field	GspSystemInfo.acpiMethodData.muxMethodData.acpiIdMuxModeTable	555.42.02	555.42.02	240+192
field	GspSystemInfo.acpiMethodData.muxMethodData.acpiIdMuxModeTable	560.28.03	565.57.01	248+192
field	GspSystemInfo.acpiMethodData.muxMethodData.acpiIdMuxModeTable	570.86.15	615.71.09	252+192
field	GspSystemInfo.acpiMethodData.muxMethodData.acpiIdMuxModeTable[]	535.309.01	535.309.01	212+12
field	GspSystemInfo.acpiMethodData.muxMethodData.acpiIdMuxModeTable[]	545.23.08	545.23.08	216+12
field	GspSystemInfo.acpiMethodData.muxMethodData.acpiIdMuxModeTable[]	550.40.07	550.90.07	224+12
field	GspSystemInfo.acpiMethodData.muxMethodData.acpiIdMuxModeTable[]	555.42.02	555.42.02	240+12
field	GspSystemInfo.acpiMethodData.muxMethodData.acpiIdMuxModeTable[]	560.28.03	565.57.01	248+12
field	GspSystemInfo.acpiMethodData.muxMethodData.acpiIdMuxModeTable[]	570.86.15	615.71.09	252+12
field	GspSystemInfo.acpiMethodData.muxMethodData.acpiIdMuxModeTable[].acpiId	535.309.01	535.309.01	212+4
field	GspSystemInfo.acpiMethodData.muxMethodData.acpiIdMuxModeTable[].acpiId	545.23.08	545.23.08	216+4
field	GspSystemInfo.acpiMethodData.muxMethodData.acpiIdMuxModeTable[].acpiId	550.40.07	550.90.07	224+4
field	GspSystemInfo.acpiMethodData.muxMethodData.acpiIdMuxModeTable[].acpiId	555.42.02	555.42.02	240+4
field	GspSystemInfo.acpiMethodData.muxMethodData.acpiIdMuxModeTable[].acpiId	560.28.03	565.57.01	248+4
field	GspSystemInfo.acpiMethodData.muxMethodData.acpiIdMuxModeTable[].acpiId	570.86.15	615.71.09	252+4
field	GspSystemInfo.acpiMethodData.muxMethodData.acpiIdMuxModeTable[].mode	535.309.01	535.309.01	216+4
field	GspSystemInfo.acpiMethodData.muxMethodData.acpiIdMuxModeTable[].mode	545.23.08	545.23.08	220+4
field	GspSystemInfo.acpiMethodData.muxMethodData.acpiIdMuxModeTable[].mode	550.40.07	550.90.07	228+4
field	GspSystemInfo.acpiMethodData.muxMethodData.acpiIdMuxModeTable[].mode	555.42.02	555.42.02	244+4
field	GspSystemInfo.acpiMethodData.muxMethodData.acpiIdMuxModeTable[].mode	560.28.03	565.57.01	252+4
field	GspSystemInfo.acpiMethodData.muxMethodData.acpiIdMuxModeTable[].mode	570.86.15	615.71.09	256+4
field	GspSystemInfo.acpiMethodData.muxMethodData.acpiIdMuxModeTable[].status	535.309.01	535.309.01	220+4
field	GspSystemInfo.acpiMethodData.muxMethodData.acpiIdMuxModeTable[].status	545.23.08	545.23.08	224+4
field	GspSystemInfo.acpiMethodData.muxMethodData.acpiIdMuxModeTable[].status	550.40.07	550.90.07	232+4
field	GspSystemInfo.acpiMethodData.muxMethodData.acpiIdMuxModeTable[].status	555.42.02	555.42.02	248+4
field	GspSystemInfo.acpiMethodData.muxMethodData.acpiIdMuxModeTable[].status	560.28.03	565.57.01	256+4
field	GspSystemInfo.acpiMethodData.muxMethodData.acpiIdMuxModeTable[].status	570.86.15	615.71.09	260+4
field	GspSystemInfo.acpiMethodData.muxMethodData.acpiIdMuxPartTable	535.309.01	535.309.01	404+192
field	GspSystemInfo.acpiMethodData.muxMethodData.acpiIdMuxPartTable	545.23.08	545.23.08	408+192
field	GspSystemInfo.acpiMethodData.muxMethodData.acpiIdMuxPartTable	550.40.07	550.90.07	416+192
field	GspSystemInfo.acpiMethodData.muxMethodData.acpiIdMuxPartTable	555.42.02	555.42.02	432+192
field	GspSystemInfo.acpiMethodData.muxMethodData.acpiIdMuxPartTable	560.28.03	565.57.01	440+192
field	GspSystemInfo.acpiMethodData.muxMethodData.acpiIdMuxPartTable	570.86.15	615.71.09	444+192
field	GspSystemInfo.acpiMethodData.muxMethodData.acpiIdMuxPartTable[]	535.309.01	535.309.01	404+12
field	GspSystemInfo.acpiMethodData.muxMethodData.acpiIdMuxPartTable[]	545.23.08	545.23.08	408+12
field	GspSystemInfo.acpiMethodData.muxMethodData.acpiIdMuxPartTable[]	550.40.07	550.90.07	416+12
field	GspSystemInfo.acpiMethodData.muxMethodData.acpiIdMuxPartTable[]	555.42.02	555.42.02	432+12
field	GspSystemInfo.acpiMethodData.muxMethodData.acpiIdMuxPartTable[]	560.28.03	565.57.01	440+12
field	GspSystemInfo.acpiMethodData.muxMethodData.acpiIdMuxPartTable[]	570.86.15	615.71.09	444+12
field	GspSystemInfo.acpiMethodData.muxMethodData.acpiIdMuxPartTable[].acpiId	535.309.01	535.309.01	404+4
field	GspSystemInfo.acpiMethodData.muxMethodData.acpiIdMuxPartTable[].acpiId	545.23.08	545.23.08	408+4
field	GspSystemInfo.acpiMethodData.muxMethodData.acpiIdMuxPartTable[].acpiId	550.40.07	550.90.07	416+4
field	GspSystemInfo.acpiMethodData.muxMethodData.acpiIdMuxPartTable[].acpiId	555.42.02	555.42.02	432+4
field	GspSystemInfo.acpiMethodData.muxMethodData.acpiIdMuxPartTable[].acpiId	560.28.03	565.57.01	440+4
field	GspSystemInfo.acpiMethodData.muxMethodData.acpiIdMuxPartTable[].acpiId	570.86.15	615.71.09	444+4
field	GspSystemInfo.acpiMethodData.muxMethodData.acpiIdMuxPartTable[].mode	535.309.01	535.309.01	408+4
field	GspSystemInfo.acpiMethodData.muxMethodData.acpiIdMuxPartTable[].mode	545.23.08	545.23.08	412+4
field	GspSystemInfo.acpiMethodData.muxMethodData.acpiIdMuxPartTable[].mode	550.40.07	550.90.07	420+4
field	GspSystemInfo.acpiMethodData.muxMethodData.acpiIdMuxPartTable[].mode	555.42.02	555.42.02	436+4
field	GspSystemInfo.acpiMethodData.muxMethodData.acpiIdMuxPartTable[].mode	560.28.03	565.57.01	444+4
field	GspSystemInfo.acpiMethodData.muxMethodData.acpiIdMuxPartTable[].mode	570.86.15	615.71.09	448+4
field	GspSystemInfo.acpiMethodData.muxMethodData.acpiIdMuxPartTable[].status	535.309.01	535.309.01	412+4
field	GspSystemInfo.acpiMethodData.muxMethodData.acpiIdMuxPartTable[].status	545.23.08	545.23.08	416+4
field	GspSystemInfo.acpiMethodData.muxMethodData.acpiIdMuxPartTable[].status	550.40.07	550.90.07	424+4
field	GspSystemInfo.acpiMethodData.muxMethodData.acpiIdMuxPartTable[].status	555.42.02	555.42.02	440+4
field	GspSystemInfo.acpiMethodData.muxMethodData.acpiIdMuxPartTable[].status	560.28.03	565.57.01	448+4
field	GspSystemInfo.acpiMethodData.muxMethodData.acpiIdMuxPartTable[].status	570.86.15	615.71.09	452+4
field	GspSystemInfo.acpiMethodData.muxMethodData.acpiIdMuxStateTable	535.309.01	545.23.08	ABSENT
field	GspSystemInfo.acpiMethodData.muxMethodData.acpiIdMuxStateTable	550.40.07	550.90.07	608+192
field	GspSystemInfo.acpiMethodData.muxMethodData.acpiIdMuxStateTable	555.42.02	555.42.02	624+192
field	GspSystemInfo.acpiMethodData.muxMethodData.acpiIdMuxStateTable	560.28.03	565.57.01	632+192
field	GspSystemInfo.acpiMethodData.muxMethodData.acpiIdMuxStateTable	570.86.15	615.71.09	636+192
field	GspSystemInfo.acpiMethodData.muxMethodData.acpiIdMuxStateTable[]	535.309.01	545.23.08	ABSENT
field	GspSystemInfo.acpiMethodData.muxMethodData.acpiIdMuxStateTable[]	550.40.07	550.90.07	608+12
field	GspSystemInfo.acpiMethodData.muxMethodData.acpiIdMuxStateTable[]	555.42.02	555.42.02	624+12
field	GspSystemInfo.acpiMethodData.muxMethodData.acpiIdMuxStateTable[]	560.28.03	565.57.01	632+12
field	GspSystemInfo.acpiMethodData.muxMethodData.acpiIdMuxStateTable[]	570.86.15	615.71.09	636+12
field	GspSystemInfo.acpiMethodData.muxMethodData.acpiIdMuxStateTable[].acpiId	535.309.01	545.23.08	ABSENT
field	GspSystemInfo.acpiMethodData.muxMethodData.acpiIdMuxStateTable[].acpiId	550.40.07	550.90.07	608+4
field	GspSystemInfo.acpiMethodData.muxMethodData.acpiIdMuxStateTable[].acpiId	555.42.02	555.42.02	624+4
field	GspSystemInfo.acpiMethodData.muxMethodData.acpiIdMuxStateTable[].acpiId	560.28.03	565.57.01	632+4
field	GspSystemInfo.acpiMethodData.muxMethodData.acpiIdMuxStateTable[].acpiId	570.86.15	615.71.09	636+4
field	GspSystemInfo.acpiMethodData.muxMethodData.acpiIdMuxStateTable[].mode	535.309.01	545.23.08	ABSENT
field	GspSystemInfo.acpiMethodData.muxMethodData.acpiIdMuxStateTable[].mode	550.40.07	550.90.07	612+4
field	GspSystemInfo.acpiMethodData.muxMethodData.acpiIdMuxStateTable[].mode	555.42.02	555.42.02	628+4
field	GspSystemInfo.acpiMethodData.muxMethodData.acpiIdMuxStateTable[].mode	560.28.03	565.57.01	636+4
field	GspSystemInfo.acpiMethodData.muxMethodData.acpiIdMuxStateTable[].mode	570.86.15	615.71.09	640+4
field	GspSystemInfo.acpiMethodData.muxMethodData.acpiIdMuxStateTable[].status	535.309.01	545.23.08	ABSENT
field	GspSystemInfo.acpiMethodData.muxMethodData.acpiIdMuxStateTable[].status	550.40.07	550.90.07	616+4
field	GspSystemInfo.acpiMethodData.muxMethodData.acpiIdMuxStateTable[].status	555.42.02	555.42.02	632+4
field	GspSystemInfo.acpiMethodData.muxMethodData.acpiIdMuxStateTable[].status	560.28.03	565.57.01	640+4
field	GspSystemInfo.acpiMethodData.muxMethodData.acpiIdMuxStateTable[].status	570.86.15	615.71.09	644+4
field	GspSystemInfo.acpiMethodData.muxMethodData.tableLen	535.309.01	535.309.01	208+4
field	GspSystemInfo.acpiMethodData.muxMethodData.tableLen	545.23.08	545.23.08	212+4
field	GspSystemInfo.acpiMethodData.muxMethodData.tableLen	550.40.07	550.90.07	220+4
field	GspSystemInfo.acpiMethodData.muxMethodData.tableLen	555.42.02	555.42.02	236+4
field	GspSystemInfo.acpiMethodData.muxMethodData.tableLen	560.28.03	565.57.01	244+4
field	GspSystemInfo.acpiMethodData.muxMethodData.tableLen	570.86.15	615.71.09	248+4
field	GspSystemInfo.b64bBar0Supported	535.309.01	535.309.01	ABSENT
field	GspSystemInfo.b64bBar0Supported	545.23.08	545.23.08	94+1
field	GspSystemInfo.b64bBar0Supported	550.40.07	550.90.07	102+1
field	GspSystemInfo.b64bBar0Supported	555.42.02	555.42.02	118+1
field	GspSystemInfo.b64bBar0Supported	560.28.03	615.71.09	126+1
field	GspSystemInfo.bClockBoostSupported	535.309.01	555.42.02	ABSENT
field	GspSystemInfo.bClockBoostSupported	560.28.03	560.28.03	899+1
field	GspSystemInfo.bClockBoostSupported	565.57.01	565.57.01	904+1
field	GspSystemInfo.bClockBoostSupported	570.86.15	615.71.09	912+1
field	GspSystemInfo.bEnableDynamicGranularityPageArrays	535.309.01	560.28.03	ABSENT
field	GspSystemInfo.bEnableDynamicGranularityPageArrays	565.57.01	565.57.01	903+1
field	GspSystemInfo.bEnableDynamicGranularityPageArrays	570.86.15	615.71.09	911+1
field	GspSystemInfo.bFeatureStretchVblankCapable	535.309.01	555.42.02	ABSENT
field	GspSystemInfo.bFeatureStretchVblankCapable	560.28.03	560.28.03	898+1
field	GspSystemInfo.bFeatureStretchVblankCapable	565.57.01	565.57.01	902+1
field	GspSystemInfo.bFeatureStretchVblankCapable	570.86.15	615.71.09	910+1
field	GspSystemInfo.bFlrSupported	535.309.01	535.309.01	ABSENT
field	GspSystemInfo.bFlrSupported	545.23.08	545.23.08	93+1
field	GspSystemInfo.bFlrSupported	550.40.07	550.90.07	101+1
field	GspSystemInfo.bFlrSupported	555.42.02	555.42.02	117+1
field	GspSystemInfo.bFlrSupported	560.28.03	615.71.09	125+1
field	GspSystemInfo.bGpuBehindBridge	535.309.01	545.23.08	92+1
field	GspSystemInfo.bGpuBehindBridge	550.40.07	550.90.07	100+1
field	GspSystemInfo.bGpuBehindBridge	555.42.02	555.42.02	116+1
field	GspSystemInfo.bGpuBehindBridge	560.28.03	615.71.09	124+1
field	GspSystemInfo.bGspNocatEnabled	535.309.01	575.64.05	ABSENT
field	GspSystemInfo.bGspNocatEnabled	580.65.06	615.71.09	929+1
field	GspSystemInfo.bIsCmcBasedHws	535.309.01	570.148.08	ABSENT
field	GspSystemInfo.bIsCmcBasedHws	575.51.02	615.71.09	928+1
field	GspSystemInfo.bIsCxlDevice	535.309.01	595.84	ABSENT
field	GspSystemInfo.bIsCxlDevice	610.43.02	615.71.09	944+1
field	GspSystemInfo.bIsPassthru	535.309.01	535.309.01	610+1
field	GspSystemInfo.bIsPassthru	545.23.08	545.23.08	612+1
field	GspSystemInfo.bIsPassthru	550.40.07	550.90.07	812+1
field	GspSystemInfo.bIsPassthru	555.42.02	555.42.02	828+1
field	GspSystemInfo.bIsPassthru	560.28.03	565.57.01	836+1
field	GspSystemInfo.bIsPassthru	570.86.15	575.64.05	840+1
field	GspSystemInfo.bIsPassthru	580.65.06	615.71.09	842+1
field	GspSystemInfo.bIsPrimary	535.309.01	550.90.07	ABSENT
field	GspSystemInfo.bIsPrimary	555.42.02	555.42.02	880+1
field	GspSystemInfo.bIsPrimary	560.28.03	565.57.01	888+1
field	GspSystemInfo.bIsPrimary	570.86.15	615.71.09	896+1
field	GspSystemInfo.bIsUnixHdmiFrlComplianceEnabled	535.309.01	580.82.07	ABSENT
field	GspSystemInfo.bIsUnixHdmiFrlComplianceEnabled	580.94.02	615.71.09	897+1
field	GspSystemInfo.bMnocAvailable	535.309.01	535.309.01	93+1
field	GspSystemInfo.bMnocAvailable	545.23.08	545.23.08	95+1
field	GspSystemInfo.bMnocAvailable	550.40.07	550.90.07	103+1
field	GspSystemInfo.bMnocAvailable	555.42.02	555.42.02	119+1
field	GspSystemInfo.bMnocAvailable	560.28.03	615.71.09	127+1
field	GspSystemInfo.bPciePowerControlPresent	535.309.01	580.178.04	ABSENT
field	GspSystemInfo.bPciePowerControlPresent	590.48.01	615.71.09	936+1
field	GspSystemInfo.bPreserveVideoMemoryAllocations	535.309.01	550.90.07	ABSENT
field	GspSystemInfo.bPreserveVideoMemoryAllocations	555.42.02	555.42.02	888+1
field	GspSystemInfo.bPreserveVideoMemoryAllocations	560.28.03	560.28.03	896+1
field	GspSystemInfo.bPreserveVideoMemoryAllocations	565.57.01	565.57.01	900+1
field	GspSystemInfo.bPreserveVideoMemoryAllocations	570.86.15	615.71.09	908+1
field	GspSystemInfo.bReserveZeroFbAddressAsRegion	535.309.01	610.57.04	ABSENT
field	GspSystemInfo.bReserveZeroFbAddressAsRegion	615.71.09	615.71.09	945+1
field	GspSystemInfo.bRouteDispIntrsToCPU	535.309.01	565.57.01	ABSENT
field	GspSystemInfo.bRouteDispIntrsToCPU	570.86.15	570.148.08	913+1
field	GspSystemInfo.bRouteDispIntrsToCPU	575.51.02	615.71.09	ABSENT
field	GspSystemInfo.bS0ixSupport	535.309.01	580.65.06	ABSENT
field	GspSystemInfo.bS0ixSupport	580.82.07	615.71.09	930+1
field	GspSystemInfo.bSystemHasMux	535.309.01	545.23.08	ABSENT
field	GspSystemInfo.bSystemHasMux	550.40.07	550.90.07	108+1
field	GspSystemInfo.bSystemHasMux	555.42.02	555.42.02	124+1
field	GspSystemInfo.bSystemHasMux	560.28.03	560.28.03	ABSENT
field	GspSystemInfo.bSystemHasMux	565.57.01	565.57.01	132+1
field	GspSystemInfo.bSystemHasMux	570.86.15	615.71.09	136+1
field	GspSystemInfo.bTdrEventSupported	535.309.01	535.309.01	664+1
field	GspSystemInfo.bTdrEventSupported	545.23.08	550.54.14	ABSENT
field	GspSystemInfo.bTdrEventSupported	550.90.07	550.90.07	872+1
field	GspSystemInfo.bTdrEventSupported	555.42.02	555.42.02	ABSENT
field	GspSystemInfo.bTdrEventSupported	560.28.03	560.28.03	897+1
field	GspSystemInfo.bTdrEventSupported	565.57.01	565.57.01	901+1
field	GspSystemInfo.bTdrEventSupported	570.86.15	615.71.09	909+1
field	GspSystemInfo.bUnstableEvents	535.309.01	610.57.04	ABSENT
field	GspSystemInfo.bUnstableEvents	615.71.09	615.71.09	106+1
field	GspSystemInfo.bUnstableRpcs	535.309.01	610.57.04	ABSENT
field	GspSystemInfo.bUnstableRpcs	615.71.09	615.71.09	105+1
field	GspSystemInfo.bUpstreamL0sUnsupported	535.309.01	535.309.01	94+1
field	GspSystemInfo.bUpstreamL0sUnsupported	545.23.08	545.23.08	96+1
field	GspSystemInfo.bUpstreamL0sUnsupported	550.40.07	550.90.07	104+1
field	GspSystemInfo.bUpstreamL0sUnsupported	555.42.02	555.42.02	120+1
field	GspSystemInfo.bUpstreamL0sUnsupported	560.28.03	565.57.01	128+1
field	GspSystemInfo.bUpstreamL0sUnsupported	570.86.15	615.71.09	132+1
field	GspSystemInfo.bUpstreamL1PorMobileOnly	535.309.01	535.309.01	97+1
field	GspSystemInfo.bUpstreamL1PorMobileOnly	545.23.08	545.23.08	99+1
field	GspSystemInfo.bUpstreamL1PorMobileOnly	550.40.07	550.90.07	107+1
field	GspSystemInfo.bUpstreamL1PorMobileOnly	555.42.02	555.42.02	123+1
field	GspSystemInfo.bUpstreamL1PorMobileOnly	560.28.03	565.57.01	131+1
field	GspSystemInfo.bUpstreamL1PorMobileOnly	570.86.15	615.71.09	135+1
field	GspSystemInfo.bUpstreamL1PorSupported	535.309.01	535.309.01	96+1
field	GspSystemInfo.bUpstreamL1PorSupported	545.23.08	545.23.08	98+1
field	GspSystemInfo.bUpstreamL1PorSupported	550.40.07	550.90.07	106+1
field	GspSystemInfo.bUpstreamL1PorSupported	555.42.02	555.42.02	122+1
field	GspSystemInfo.bUpstreamL1PorSupported	560.28.03	565.57.01	130+1
field	GspSystemInfo.bUpstreamL1PorSupported	570.86.15	615.71.09	134+1
field	GspSystemInfo.bUpstreamL1Unsupported	535.309.01	535.309.01	95+1
field	GspSystemInfo.bUpstreamL1Unsupported	545.23.08	545.23.08	97+1
field	GspSystemInfo.bUpstreamL1Unsupported	550.40.07	550.90.07	105+1
field	GspSystemInfo.bUpstreamL1Unsupported	555.42.02	555.42.02	121+1
field	GspSystemInfo.bUpstreamL1Unsupported	560.28.03	565.57.01	129+1
field	GspSystemInfo.bUpstreamL1Unsupported	570.86.15	615.71.09	133+1
field	GspSystemInfo.bWindowChannelAlwaysMapped	535.309.01	580.95.05	ABSENT
field	GspSystemInfo.bWindowChannelAlwaysMapped	580.105.08	615.71.09	931+1
field	GspSystemInfo.chipsetIDInfo	535.309.01	535.309.01	110+10
field	GspSystemInfo.chipsetIDInfo	545.23.08	545.23.08	112+10
field	GspSystemInfo.chipsetIDInfo	550.40.07	550.90.07	120+10
field	GspSystemInfo.chipsetIDInfo	555.42.02	555.42.02	136+10
field	GspSystemInfo.chipsetIDInfo	560.28.03	565.57.01	144+10
field	GspSystemInfo.chipsetIDInfo	570.86.15	615.71.09	148+10
field	GspSystemInfo.chipsetIDInfo.deviceID	535.309.01	535.309.01	110+2
field	GspSystemInfo.chipsetIDInfo.deviceID	545.23.08	545.23.08	112+2
field	GspSystemInfo.chipsetIDInfo.deviceID	550.40.07	550.90.07	120+2
field	GspSystemInfo.chipsetIDInfo.deviceID	555.42.02	555.42.02	136+2
field	GspSystemInfo.chipsetIDInfo.deviceID	560.28.03	565.57.01	144+2
field	GspSystemInfo.chipsetIDInfo.deviceID	570.86.15	615.71.09	148+2
field	GspSystemInfo.chipsetIDInfo.revisionID	535.309.01	535.309.01	118+1
field	GspSystemInfo.chipsetIDInfo.revisionID	545.23.08	545.23.08	120+1
field	GspSystemInfo.chipsetIDInfo.revisionID	550.40.07	550.90.07	128+1
field	GspSystemInfo.chipsetIDInfo.revisionID	555.42.02	555.42.02	144+1
field	GspSystemInfo.chipsetIDInfo.revisionID	560.28.03	565.57.01	152+1
field	GspSystemInfo.chipsetIDInfo.revisionID	570.86.15	615.71.09	156+1
field	GspSystemInfo.chipsetIDInfo.subdeviceID	535.309.01	535.309.01	114+2
field	GspSystemInfo.chipsetIDInfo.subdeviceID	545.23.08	545.23.08	116+2
field	GspSystemInfo.chipsetIDInfo.subdeviceID	550.40.07	550.90.07	124+2
field	GspSystemInfo.chipsetIDInfo.subdeviceID	555.42.02	555.42.02	140+2
field	GspSystemInfo.chipsetIDInfo.subdeviceID	560.28.03	565.57.01	148+2
field	GspSystemInfo.chipsetIDInfo.subdeviceID	570.86.15	615.71.09	152+2
field	GspSystemInfo.chipsetIDInfo.subvendorID	535.309.01	535.309.01	116+2
field	GspSystemInfo.chipsetIDInfo.subvendorID	545.23.08	545.23.08	118+2
field	GspSystemInfo.chipsetIDInfo.subvendorID	550.40.07	550.90.07	126+2
field	GspSystemInfo.chipsetIDInfo.subvendorID	555.42.02	555.42.02	142+2
field	GspSystemInfo.chipsetIDInfo.subvendorID	560.28.03	565.57.01	150+2
field	GspSystemInfo.chipsetIDInfo.subvendorID	570.86.15	615.71.09	154+2
field	GspSystemInfo.chipsetIDInfo.vendorID	535.309.01	535.309.01	112+2
field	GspSystemInfo.chipsetIDInfo.vendorID	545.23.08	545.23.08	114+2
field	GspSystemInfo.chipsetIDInfo.vendorID	550.40.07	550.90.07	122+2
field	GspSystemInfo.chipsetIDInfo.vendorID	555.42.02	555.42.02	138+2
field	GspSystemInfo.chipsetIDInfo.vendorID	560.28.03	565.57.01	146+2
field	GspSystemInfo.chipsetIDInfo.vendorID	570.86.15	615.71.09	150+2
field	GspSystemInfo.chipsetL1ssEnable	535.309.01	565.57.01	ABSENT
field	GspSystemInfo.chipsetL1ssEnable	570.86.15	615.71.09	128+4
field	GspSystemInfo.clPdbProperties	535.309.01	545.23.08	80+8
field	GspSystemInfo.clPdbProperties	550.40.07	550.90.07	88+8
field	GspSystemInfo.clPdbProperties	555.42.02	555.42.02	104+8
field	GspSystemInfo.clPdbProperties	560.28.03	615.71.09	112+8
field	GspSystemInfo.consoleMemSize	535.309.01	545.23.08	48+8
field	GspSystemInfo.consoleMemSize	550.40.07	550.90.07	56+8
field	GspSystemInfo.consoleMemSize	555.42.02	615.71.09	64+8
field	GspSystemInfo.gpuPhysAddr	535.309.01	615.71.09	0+8
field	GspSystemInfo.gpuPhysFbAddr	535.309.01	615.71.09	8+8
field	GspSystemInfo.gpuPhysInstAddr	535.309.01	615.71.09	16+8
field	GspSystemInfo.gpuPhysIoAddr	535.309.01	550.90.07	ABSENT
field	GspSystemInfo.gpuPhysIoAddr	555.42.02	615.71.09	24+8
field	GspSystemInfo.gridBuildCsp	535.309.01	550.40.07	ABSENT
field	GspSystemInfo.gridBuildCsp	550.54.14	550.90.07	868+4
field	GspSystemInfo.gridBuildCsp	555.42.02	555.42.02	884+4
field	GspSystemInfo.gridBuildCsp	560.28.03	560.28.03	892+4
field	GspSystemInfo.gridBuildCsp	565.57.01	565.57.01	896+4
field	GspSystemInfo.gridBuildCsp	570.86.15	615.71.09	904+4
field	GspSystemInfo.gspVFInfo	535.309.01	545.23.08	624+40
field	GspSystemInfo.gspVFInfo	550.40.07	550.90.07	824+40
field	GspSystemInfo.gspVFInfo	555.42.02	555.42.02	840+40
field	GspSystemInfo.gspVFInfo	560.28.03	565.57.01	848+40
field	GspSystemInfo.gspVFInfo	570.86.15	615.71.09	856+40
field	GspSystemInfo.gspVFInfo.FirstVFBar0Address	535.309.01	545.23.08	632+8
field	GspSystemInfo.gspVFInfo.FirstVFBar0Address	550.40.07	550.90.07	832+8
field	GspSystemInfo.gspVFInfo.FirstVFBar0Address	555.42.02	555.42.02	848+8
field	GspSystemInfo.gspVFInfo.FirstVFBar0Address	560.28.03	565.57.01	856+8
field	GspSystemInfo.gspVFInfo.FirstVFBar0Address	570.86.15	615.71.09	864+8
field	GspSystemInfo.gspVFInfo.FirstVFBar1Address	535.309.01	545.23.08	640+8
field	GspSystemInfo.gspVFInfo.FirstVFBar1Address	550.40.07	550.90.07	840+8
field	GspSystemInfo.gspVFInfo.FirstVFBar1Address	555.42.02	555.42.02	856+8
field	GspSystemInfo.gspVFInfo.FirstVFBar1Address	560.28.03	565.57.01	864+8
field	GspSystemInfo.gspVFInfo.FirstVFBar1Address	570.86.15	615.71.09	872+8
field	GspSystemInfo.gspVFInfo.FirstVFBar2Address	535.309.01	545.23.08	648+8
field	GspSystemInfo.gspVFInfo.FirstVFBar2Address	550.40.07	550.90.07	848+8
field	GspSystemInfo.gspVFInfo.FirstVFBar2Address	555.42.02	555.42.02	864+8
field	GspSystemInfo.gspVFInfo.FirstVFBar2Address	560.28.03	565.57.01	872+8
field	GspSystemInfo.gspVFInfo.FirstVFBar2Address	570.86.15	615.71.09	880+8
field	GspSystemInfo.gspVFInfo.b64bitBar0	535.309.01	545.23.08	656+1
field	GspSystemInfo.gspVFInfo.b64bitBar0	550.40.07	550.90.07	856+1
field	GspSystemInfo.gspVFInfo.b64bitBar0	555.42.02	555.42.02	872+1
field	GspSystemInfo.gspVFInfo.b64bitBar0	560.28.03	565.57.01	880+1
field	GspSystemInfo.gspVFInfo.b64bitBar0	570.86.15	615.71.09	888+1
field	GspSystemInfo.gspVFInfo.b64bitBar1	535.309.01	545.23.08	657+1
field	GspSystemInfo.gspVFInfo.b64bitBar1	550.40.07	550.90.07	857+1
field	GspSystemInfo.gspVFInfo.b64bitBar1	555.42.02	555.42.02	873+1
field	GspSystemInfo.gspVFInfo.b64bitBar1	560.28.03	565.57.01	881+1
field	GspSystemInfo.gspVFInfo.b64bitBar1	570.86.15	615.71.09	889+1
field	GspSystemInfo.gspVFInfo.b64bitBar2	535.309.01	545.23.08	658+1
field	GspSystemInfo.gspVFInfo.b64bitBar2	550.40.07	550.90.07	858+1
field	GspSystemInfo.gspVFInfo.b64bitBar2	555.42.02	555.42.02	874+1
field	GspSystemInfo.gspVFInfo.b64bitBar2	560.28.03	565.57.01	882+1
field	GspSystemInfo.gspVFInfo.b64bitBar2	570.86.15	615.71.09	890+1
field	GspSystemInfo.gspVFInfo.firstVFOffset	535.309.01	545.23.08	628+4
field	GspSystemInfo.gspVFInfo.firstVFOffset	550.40.07	550.90.07	828+4
field	GspSystemInfo.gspVFInfo.firstVFOffset	555.42.02	555.42.02	844+4
field	GspSystemInfo.gspVFInfo.firstVFOffset	560.28.03	565.57.01	852+4
field	GspSystemInfo.gspVFInfo.firstVFOffset	570.86.15	615.71.09	860+4
field	GspSystemInfo.gspVFInfo.totalVFs	535.309.01	545.23.08	624+4
field	GspSystemInfo.gspVFInfo.totalVFs	550.40.07	550.90.07	824+4
field	GspSystemInfo.gspVFInfo.totalVFs	555.42.02	555.42.02	840+4
field	GspSystemInfo.gspVFInfo.totalVFs	560.28.03	565.57.01	848+4
field	GspSystemInfo.gspVFInfo.totalVFs	570.86.15	615.71.09	856+4
field	GspSystemInfo.hostPageSize	535.309.01	570.86.15	ABSENT
field	GspSystemInfo.hostPageSize	570.124.06	615.71.09	920+8
field	GspSystemInfo.hypervisorType	535.309.01	535.309.01	604+4
field	GspSystemInfo.hypervisorType	545.23.08	545.23.08	608+4
field	GspSystemInfo.hypervisorType	550.40.07	550.90.07	808+4
field	GspSystemInfo.hypervisorType	555.42.02	555.42.02	824+4
field	GspSystemInfo.hypervisorType	560.28.03	565.57.01	832+4
field	GspSystemInfo.hypervisorType	570.86.15	615.71.09	836+4
field	GspSystemInfo.isGridBuild	535.309.01	545.23.08	ABSENT
field	GspSystemInfo.isGridBuild	550.40.07	550.90.07	864+1
field	GspSystemInfo.isGridBuild	555.42.02	555.42.02	881+1
field	GspSystemInfo.isGridBuild	560.28.03	565.57.01	889+1
field	GspSystemInfo.isGridBuild	570.86.15	580.82.07	897+1
field	GspSystemInfo.isGridBuild	580.94.02	615.71.09	898+1
field	GspSystemInfo.maxUserVa	535.309.01	545.23.08	56+8
field	GspSystemInfo.maxUserVa	550.40.07	550.90.07	64+8
field	GspSystemInfo.maxUserVa	555.42.02	615.71.09	72+8
field	GspSystemInfo.notifyOpSharedSurfacePhysAddr	535.309.01	545.23.08	ABSENT
field	GspSystemInfo.notifyOpSharedSurfacePhysAddr	550.40.07	550.90.07	40+8
field	GspSystemInfo.notifyOpSharedSurfacePhysAddr	555.42.02	615.71.09	48+8
field	GspSystemInfo.nvDomainBusDeviceFunc	535.309.01	550.90.07	24+8
field	GspSystemInfo.nvDomainBusDeviceFunc	555.42.02	615.71.09	32+8
field	GspSystemInfo.oorArch	535.309.01	545.23.08	72+1
field	GspSystemInfo.oorArch	550.40.07	550.90.07	80+1
field	GspSystemInfo.oorArch	555.42.02	555.42.02	100+1
field	GspSystemInfo.oorArch	560.28.03	615.71.09	104+1
field	GspSystemInfo.pciConfigMirrorBase	535.309.01	545.23.08	64+4
field	GspSystemInfo.pciConfigMirrorBase	550.40.07	550.90.07	72+4
field	GspSystemInfo.pciConfigMirrorBase	555.42.02	615.71.09	80+4
field	GspSystemInfo.pciConfigMirrorSize	535.309.01	545.23.08	68+4
field	GspSystemInfo.pciConfigMirrorSize	550.40.07	550.90.07	76+4
field	GspSystemInfo.pciConfigMirrorSize	555.42.02	615.71.09	84+4
field	GspSystemInfo.pcieAtomicsCplDeviceCapMask	535.309.01	555.42.02	ABSENT
field	GspSystemInfo.pcieAtomicsCplDeviceCapMask	560.28.03	615.71.09	100+4
field	GspSystemInfo.pcieAtomicsOpMask	535.309.01	545.23.08	40+8
field	GspSystemInfo.pcieAtomicsOpMask	550.40.07	550.90.07	48+8
field	GspSystemInfo.pcieAtomicsOpMask	555.42.02	615.71.09	56+8
field	GspSystemInfo.pcieConfigReg	535.309.01	560.28.03	ABSENT
field	GspSystemInfo.pcieConfigReg	565.57.01	565.57.01	892+4
field	GspSystemInfo.pcieConfigReg	570.86.15	615.71.09	900+4
field	GspSystemInfo.pcieConfigReg.linkCap	535.309.01	560.28.03	ABSENT
field	GspSystemInfo.pcieConfigReg.linkCap	565.57.01	565.57.01	892+4
field	GspSystemInfo.pcieConfigReg.linkCap	570.86.15	615.71.09	900+4
field	GspSystemInfo.pciePowerControlValue	535.309.01	580.178.04	ABSENT
field	GspSystemInfo.pciePowerControlValue	590.48.01	615.71.09	932+4
field	GspSystemInfo.pf0DeviceControl2Reg	535.309.01	590.48.01	ABSENT
field	GspSystemInfo.pf0DeviceControl2Reg	595.84	615.71.09	940+4
field	GspSystemInfo.simAccessBufPhysAddr	535.309.01	550.90.07	32+8
field	GspSystemInfo.simAccessBufPhysAddr	555.42.02	615.71.09	40+8
field	GspSystemInfo.sysTimerOffsetNs	535.309.01	545.23.08	616+8
field	GspSystemInfo.sysTimerOffsetNs	550.40.07	550.90.07	816+8
field	GspSystemInfo.sysTimerOffsetNs	555.42.02	555.42.02	832+8
field	GspSystemInfo.sysTimerOffsetNs	560.28.03	565.57.01	840+8
field	GspSystemInfo.sysTimerOffsetNs	570.86.15	615.71.09	848+8
field	GspSystemInfo.upstreamAddressValid	535.309.01	535.309.01	98+1
field	GspSystemInfo.upstreamAddressValid	545.23.08	545.23.08	100+1
field	GspSystemInfo.upstreamAddressValid	550.40.07	550.90.07	109+1
field	GspSystemInfo.upstreamAddressValid	555.42.02	555.42.02	125+1
field	GspSystemInfo.upstreamAddressValid	560.28.03	560.28.03	132+1
field	GspSystemInfo.upstreamAddressValid	565.57.01	565.57.01	133+1
field	GspSystemInfo.upstreamAddressValid	570.86.15	615.71.09	137+1
field	GspSystemInfo.virtualConfigBits	535.309.01	535.309.01	608+2
field	GspSystemInfo.virtualConfigBits	545.23.08	575.64.05	ABSENT
field	GspSystemInfo.virtualConfigBits	580.65.06	615.71.09	840+2
sizeof	LibosMemoryRegionInitArgument	535.309.01	615.71.09	0+32
field	LibosMemoryRegionInitArgument.id8	535.309.01	615.71.09	0+8
field	LibosMemoryRegionInitArgument.kind	535.309.01	615.71.09	24+1
field	LibosMemoryRegionInitArgument.loc	535.309.01	615.71.09	25+1
field	LibosMemoryRegionInitArgument.pa	535.309.01	615.71.09	8+8
field	LibosMemoryRegionInitArgument.size	535.309.01	615.71.09	16+8
sizeof	MESSAGE_QUEUE_INIT_ARGUMENTS	535.309.01	550.90.07	0+48
sizeof	MESSAGE_QUEUE_INIT_ARGUMENTS	555.42.02	590.48.01	0+32
sizeof	MESSAGE_QUEUE_INIT_ARGUMENTS	595.84	615.71.09	0+64
field	MESSAGE_QUEUE_INIT_ARGUMENTS.cmdQueueOffset	535.309.01	615.71.09	16+8
field	MESSAGE_QUEUE_INIT_ARGUMENTS.flags	535.309.01	610.57.04	ABSENT
field	MESSAGE_QUEUE_INIT_ARGUMENTS.flags	615.71.09	615.71.09	0+8
field	MESSAGE_QUEUE_INIT_ARGUMENTS.locklessCmdQueueOffset	535.309.01	550.90.07	32+8
field	MESSAGE_QUEUE_INIT_ARGUMENTS.locklessCmdQueueOffset	555.42.02	615.71.09	ABSENT
field	MESSAGE_QUEUE_INIT_ARGUMENTS.locklessStatQueueOffset	535.309.01	550.90.07	40+8
field	MESSAGE_QUEUE_INIT_ARGUMENTS.locklessStatQueueOffset	555.42.02	615.71.09	ABSENT
field	MESSAGE_QUEUE_INIT_ARGUMENTS.pageTableEntryCount	535.309.01	610.57.04	8+4
field	MESSAGE_QUEUE_INIT_ARGUMENTS.pageTableEntryCount	615.71.09	615.71.09	52+4
field	MESSAGE_QUEUE_INIT_ARGUMENTS.queueElementAlign	535.309.01	590.48.01	ABSENT
field	MESSAGE_QUEUE_INIT_ARGUMENTS.queueElementAlign	595.84	610.57.04	60+4
field	MESSAGE_QUEUE_INIT_ARGUMENTS.queueElementAlign	615.71.09	615.71.09	48+4
field	MESSAGE_QUEUE_INIT_ARGUMENTS.queueElementHdrSize	535.309.01	590.48.01	ABSENT
field	MESSAGE_QUEUE_INIT_ARGUMENTS.queueElementHdrSize	595.84	610.57.04	32+8
field	MESSAGE_QUEUE_INIT_ARGUMENTS.queueElementHdrSize	615.71.09	615.71.09	32+4
field	MESSAGE_QUEUE_INIT_ARGUMENTS.queueElementSizeMax	535.309.01	590.48.01	ABSENT
field	MESSAGE_QUEUE_INIT_ARGUMENTS.queueElementSizeMax	595.84	610.57.04	48+8
field	MESSAGE_QUEUE_INIT_ARGUMENTS.queueElementSizeMax	615.71.09	615.71.09	40+4
field	MESSAGE_QUEUE_INIT_ARGUMENTS.queueElementSizeMin	535.309.01	590.48.01	ABSENT
field	MESSAGE_QUEUE_INIT_ARGUMENTS.queueElementSizeMin	595.84	610.57.04	40+8
field	MESSAGE_QUEUE_INIT_ARGUMENTS.queueElementSizeMin	615.71.09	615.71.09	36+4
field	MESSAGE_QUEUE_INIT_ARGUMENTS.queueHeaderAlign	535.309.01	590.48.01	ABSENT
field	MESSAGE_QUEUE_INIT_ARGUMENTS.queueHeaderAlign	595.84	610.57.04	56+4
field	MESSAGE_QUEUE_INIT_ARGUMENTS.queueHeaderAlign	615.71.09	615.71.09	44+4
field	MESSAGE_QUEUE_INIT_ARGUMENTS.reserved	535.309.01	610.57.04	ABSENT
field	MESSAGE_QUEUE_INIT_ARGUMENTS.reserved	615.71.09	615.71.09	56+8
field	MESSAGE_QUEUE_INIT_ARGUMENTS.sharedMemPhysAddr	535.309.01	610.57.04	0+8
field	MESSAGE_QUEUE_INIT_ARGUMENTS.sharedMemPhysAddr	615.71.09	615.71.09	8+8
field	MESSAGE_QUEUE_INIT_ARGUMENTS.statQueueOffset	535.309.01	615.71.09	24+8
sizeof	NV0000_ALLOC_PARAMETERS	535.309.01	565.57.01	0+108
sizeof	NV0000_ALLOC_PARAMETERS	570.86.15	615.71.09	0+120
field	NV0000_ALLOC_PARAMETERS.hClient	535.309.01	615.71.09	0+4
field	NV0000_ALLOC_PARAMETERS.pOsPidInfo	535.309.01	565.57.01	ABSENT
field	NV0000_ALLOC_PARAMETERS.pOsPidInfo	570.86.15	615.71.09	112+8
field	NV0000_ALLOC_PARAMETERS.processID	535.309.01	615.71.09	4+4
field	NV0000_ALLOC_PARAMETERS.processName	535.309.01	615.71.09	8+100
sizeof	NV0000_CTRL_SYSTEM_GET_CLASSLIST_PARAMS	535.309.01	615.71.09	0+132
field	NV0000_CTRL_SYSTEM_GET_CLASSLIST_PARAMS.classes	535.309.01	615.71.09	4+128
field	NV0000_CTRL_SYSTEM_GET_CLASSLIST_PARAMS.numClasses	535.309.01	615.71.09	0+4
sizeof	NV0005_ALLOC_PARAMETERS	535.309.01	615.71.09	0+24
field	NV0005_ALLOC_PARAMETERS.data	535.309.01	615.71.09	16+8
field	NV0005_ALLOC_PARAMETERS.hClass	535.309.01	615.71.09	8+4
field	NV0005_ALLOC_PARAMETERS.hParentClient	535.309.01	615.71.09	0+4
field	NV0005_ALLOC_PARAMETERS.hSrcResource	535.309.01	615.71.09	4+4
field	NV0005_ALLOC_PARAMETERS.notifyIndex	535.309.01	615.71.09	12+4
sizeof	NV0080_ALLOC_PARAMETERS	535.309.01	615.71.09	0+56
field	NV0080_ALLOC_PARAMETERS.deviceId	535.309.01	615.71.09	0+4
field	NV0080_ALLOC_PARAMETERS.flags	535.309.01	615.71.09	16+4
field	NV0080_ALLOC_PARAMETERS.hClientShare	535.309.01	615.71.09	4+4
field	NV0080_ALLOC_PARAMETERS.hTargetClient	535.309.01	615.71.09	8+4
field	NV0080_ALLOC_PARAMETERS.hTargetDevice	535.309.01	615.71.09	12+4
field	NV0080_ALLOC_PARAMETERS.vaLimitInternal	535.309.01	615.71.09	40+8
field	NV0080_ALLOC_PARAMETERS.vaMode	535.309.01	615.71.09	48+4
field	NV0080_ALLOC_PARAMETERS.vaSpaceSize	535.309.01	615.71.09	24+8
field	NV0080_ALLOC_PARAMETERS.vaStartInternal	535.309.01	615.71.09	32+8
sizeof	NV0080_CTRL_BSP_GET_CAPS_PARAMS_V2	535.309.01	595.84	0+12
sizeof	NV0080_CTRL_BSP_GET_CAPS_PARAMS_V2	610.43.02	615.71.09	ABSENT
field	NV0080_CTRL_BSP_GET_CAPS_PARAMS_V2.capsTbl	535.309.01	595.84	0+8
field	NV0080_CTRL_BSP_GET_CAPS_PARAMS_V2.capsTbl	610.43.02	615.71.09	ABSENT
field	NV0080_CTRL_BSP_GET_CAPS_PARAMS_V2.instanceId	535.309.01	595.84	8+4
field	NV0080_CTRL_BSP_GET_CAPS_PARAMS_V2.instanceId	610.43.02	615.71.09	ABSENT
sizeof	NV0080_CTRL_DMA_SET_PAGE_DIRECTORY_PARAMS	535.309.01	615.71.09	0+32
field	NV0080_CTRL_DMA_SET_PAGE_DIRECTORY_PARAMS.chId	535.309.01	615.71.09	20+4
field	NV0080_CTRL_DMA_SET_PAGE_DIRECTORY_PARAMS.flags	535.309.01	615.71.09	12+4
field	NV0080_CTRL_DMA_SET_PAGE_DIRECTORY_PARAMS.hVASpace	535.309.01	615.71.09	16+4
field	NV0080_CTRL_DMA_SET_PAGE_DIRECTORY_PARAMS.numEntries	535.309.01	615.71.09	8+4
field	NV0080_CTRL_DMA_SET_PAGE_DIRECTORY_PARAMS.pasid	535.309.01	615.71.09	28+4
field	NV0080_CTRL_DMA_SET_PAGE_DIRECTORY_PARAMS.physAddress	535.309.01	615.71.09	0+8
field	NV0080_CTRL_DMA_SET_PAGE_DIRECTORY_PARAMS.subDeviceId	535.309.01	615.71.09	24+4
sizeof	NV0080_CTRL_DMA_UNSET_PAGE_DIRECTORY_PARAMS	535.309.01	615.71.09	0+8
field	NV0080_CTRL_DMA_UNSET_PAGE_DIRECTORY_PARAMS.hVASpace	535.309.01	615.71.09	0+4
field	NV0080_CTRL_DMA_UNSET_PAGE_DIRECTORY_PARAMS.subDeviceId	535.309.01	615.71.09	4+4
sizeof	NV0080_CTRL_FIFO_GET_ENGINE_CONTEXT_PROPERTIES_PARAMS	535.309.01	615.71.09	0+12
field	NV0080_CTRL_FIFO_GET_ENGINE_CONTEXT_PROPERTIES_PARAMS.alignment	535.309.01	615.71.09	4+4
field	NV0080_CTRL_FIFO_GET_ENGINE_CONTEXT_PROPERTIES_PARAMS.engineId	535.309.01	615.71.09	0+4
field	NV0080_CTRL_FIFO_GET_ENGINE_CONTEXT_PROPERTIES_PARAMS.size	535.309.01	615.71.09	8+4
sizeof	NV0080_CTRL_GPU_GET_CLASSLIST_V2_PARAMS	535.309.01	545.23.08	0+644
sizeof	NV0080_CTRL_GPU_GET_CLASSLIST_V2_PARAMS	550.40.07	550.90.07	0+700
sizeof	NV0080_CTRL_GPU_GET_CLASSLIST_V2_PARAMS	555.42.02	575.64.05	0+404
sizeof	NV0080_CTRL_GPU_GET_CLASSLIST_V2_PARAMS	580.65.06	615.71.09	0+804
field	NV0080_CTRL_GPU_GET_CLASSLIST_V2_PARAMS.classList	535.309.01	545.23.08	4+640
field	NV0080_CTRL_GPU_GET_CLASSLIST_V2_PARAMS.classList	550.40.07	550.90.07	4+696
field	NV0080_CTRL_GPU_GET_CLASSLIST_V2_PARAMS.classList	555.42.02	575.64.05	4+400
field	NV0080_CTRL_GPU_GET_CLASSLIST_V2_PARAMS.classList	580.65.06	615.71.09	4+800
field	NV0080_CTRL_GPU_GET_CLASSLIST_V2_PARAMS.numClasses	535.309.01	615.71.09	0+4
sizeof	NV0080_CTRL_MSENC_GET_CAPS_V2_PARAMS	535.309.01	545.23.08	ABSENT
sizeof	NV0080_CTRL_MSENC_GET_CAPS_V2_PARAMS	550.40.07	580.82.07	0+8
sizeof	NV0080_CTRL_MSENC_GET_CAPS_V2_PARAMS	580.94.02	595.84	0+12
sizeof	NV0080_CTRL_MSENC_GET_CAPS_V2_PARAMS	610.43.02	615.71.09	ABSENT
field	NV0080_CTRL_MSENC_GET_CAPS_V2_PARAMS.capsTbl	535.309.01	545.23.08	ABSENT
field	NV0080_CTRL_MSENC_GET_CAPS_V2_PARAMS.capsTbl	550.40.07	580.82.07	0+4
field	NV0080_CTRL_MSENC_GET_CAPS_V2_PARAMS.capsTbl	580.94.02	580.178.04	0+5
field	NV0080_CTRL_MSENC_GET_CAPS_V2_PARAMS.capsTbl	590.48.01	595.84	0+6
field	NV0080_CTRL_MSENC_GET_CAPS_V2_PARAMS.capsTbl	610.43.02	615.71.09	ABSENT
field	NV0080_CTRL_MSENC_GET_CAPS_V2_PARAMS.instanceId	535.309.01	545.23.08	ABSENT
field	NV0080_CTRL_MSENC_GET_CAPS_V2_PARAMS.instanceId	550.40.07	580.82.07	4+4
field	NV0080_CTRL_MSENC_GET_CAPS_V2_PARAMS.instanceId	580.94.02	595.84	8+4
field	NV0080_CTRL_MSENC_GET_CAPS_V2_PARAMS.instanceId	610.43.02	615.71.09	ABSENT
sizeof	NV00DE_ALLOC_PARAMETERS	535.309.01	535.309.01	0+4
sizeof	NV00DE_ALLOC_PARAMETERS	545.23.08	615.71.09	0+8
field	NV00DE_ALLOC_PARAMETERS.polledDataMask	535.309.01	535.309.01	ABSENT
field	NV00DE_ALLOC_PARAMETERS.polledDataMask	545.23.08	615.71.09	0+8
field	NV00DE_ALLOC_PARAMETERS.reserved	535.309.01	535.309.01	0+4
field	NV00DE_ALLOC_PARAMETERS.reserved	545.23.08	615.71.09	ABSENT
sizeof	NV2080_ALLOC_PARAMETERS	535.309.01	615.71.09	0+4
field	NV2080_ALLOC_PARAMETERS.subDeviceId	535.309.01	615.71.09	0+4
sizeof	NV2080_CTRL_BIOS_GET_INFO_V2_PARAMS	535.309.01	615.71.09	0+124
field	NV2080_CTRL_BIOS_GET_INFO_V2_PARAMS.biosInfoList	535.309.01	615.71.09	4+120
field	NV2080_CTRL_BIOS_GET_INFO_V2_PARAMS.biosInfoListSize	535.309.01	615.71.09	0+4
field	NV2080_CTRL_BIOS_GET_INFO_V2_PARAMS.biosInfoList[]	535.309.01	615.71.09	4+8
field	NV2080_CTRL_BIOS_GET_INFO_V2_PARAMS.biosInfoList[].data	535.309.01	615.71.09	8+4
field	NV2080_CTRL_BIOS_GET_INFO_V2_PARAMS.biosInfoList[].index	535.309.01	615.71.09	4+4
sizeof	NV2080_CTRL_BUS_GET_INFO_V2_PARAMS	535.309.01	615.71.09	0+420
field	NV2080_CTRL_BUS_GET_INFO_V2_PARAMS.busInfoList	535.309.01	615.71.09	4+416
field	NV2080_CTRL_BUS_GET_INFO_V2_PARAMS.busInfoListSize	535.309.01	615.71.09	0+4
field	NV2080_CTRL_BUS_GET_INFO_V2_PARAMS.busInfoList[]	535.309.01	615.71.09	4+8
field	NV2080_CTRL_BUS_GET_INFO_V2_PARAMS.busInfoList[].data	535.309.01	615.71.09	8+4
field	NV2080_CTRL_BUS_GET_INFO_V2_PARAMS.busInfoList[].index	535.309.01	615.71.09	4+4
sizeof	NV2080_CTRL_BUS_GET_PCI_BAR_INFO_PARAMS	535.309.01	615.71.09	0+200
field	NV2080_CTRL_BUS_GET_PCI_BAR_INFO_PARAMS.pciBarCount	535.309.01	615.71.09	0+4
field	NV2080_CTRL_BUS_GET_PCI_BAR_INFO_PARAMS.pciBarInfo	535.309.01	615.71.09	8+192
field	NV2080_CTRL_BUS_GET_PCI_BAR_INFO_PARAMS.pciBarInfo[]	535.309.01	615.71.09	8+24
field	NV2080_CTRL_BUS_GET_PCI_BAR_INFO_PARAMS.pciBarInfo[].barOffset	535.309.01	615.71.09	24+8
field	NV2080_CTRL_BUS_GET_PCI_BAR_INFO_PARAMS.pciBarInfo[].barSize	535.309.01	615.71.09	12+4
field	NV2080_CTRL_BUS_GET_PCI_BAR_INFO_PARAMS.pciBarInfo[].barSizeBytes	535.309.01	615.71.09	16+8
field	NV2080_CTRL_BUS_GET_PCI_BAR_INFO_PARAMS.pciBarInfo[].flags	535.309.01	615.71.09	8+4
sizeof	NV2080_CTRL_CE_GET_ALL_PHYSICAL_CAPS_PARAMS	535.309.01	535.309.01	0+68
sizeof	NV2080_CTRL_CE_GET_ALL_PHYSICAL_CAPS_PARAMS	545.23.08	615.71.09	0+136
field	NV2080_CTRL_CE_GET_ALL_PHYSICAL_CAPS_PARAMS.capsTbl	535.309.01	535.309.01	0+64
field	NV2080_CTRL_CE_GET_ALL_PHYSICAL_CAPS_PARAMS.capsTbl	545.23.08	615.71.09	0+128
field	NV2080_CTRL_CE_GET_ALL_PHYSICAL_CAPS_PARAMS.present	535.309.01	535.309.01	64+4
field	NV2080_CTRL_CE_GET_ALL_PHYSICAL_CAPS_PARAMS.present	545.23.08	615.71.09	128+8
sizeof	NV2080_CTRL_CE_GET_CAPS_V2_PARAMS	535.309.01	615.71.09	0+8
field	NV2080_CTRL_CE_GET_CAPS_V2_PARAMS.capsTbl	535.309.01	615.71.09	4+2
field	NV2080_CTRL_CE_GET_CAPS_V2_PARAMS.ceEngineType	535.309.01	615.71.09	0+4
sizeof	NV2080_CTRL_CE_GET_CE_PCE_MASK_PARAMS	535.309.01	615.71.09	0+8
field	NV2080_CTRL_CE_GET_CE_PCE_MASK_PARAMS.ceEngineType	535.309.01	615.71.09	0+4
field	NV2080_CTRL_CE_GET_CE_PCE_MASK_PARAMS.pceMask	535.309.01	615.71.09	4+4
sizeof	NV2080_CTRL_CE_GET_FAULT_METHOD_BUFFER_SIZE_PARAMS	535.309.01	615.71.09	0+4
field	NV2080_CTRL_CE_GET_FAULT_METHOD_BUFFER_SIZE_PARAMS.size	535.309.01	615.71.09	0+4
sizeof	NV2080_CTRL_CE_GET_PHYSICAL_CAPS_PARAMS	535.309.01	615.71.09	0+8
field	NV2080_CTRL_CE_GET_PHYSICAL_CAPS_PARAMS.capsTbl	535.309.01	615.71.09	4+2
field	NV2080_CTRL_CE_GET_PHYSICAL_CAPS_PARAMS.ceEngineType	535.309.01	615.71.09	0+4
sizeof	NV2080_CTRL_CMD_BUS_GET_C2C_INFO_PARAMS	535.309.01	615.71.09	0+28
field	NV2080_CTRL_CMD_BUS_GET_C2C_INFO_PARAMS.bEncryptionEnabled	535.309.01	595.84	ABSENT
field	NV2080_CTRL_CMD_BUS_GET_C2C_INFO_PARAMS.bEncryptionEnabled	610.43.02	615.71.09	2+1
field	NV2080_CTRL_CMD_BUS_GET_C2C_INFO_PARAMS.bIsLinkUp	535.309.01	615.71.09	0+1
field	NV2080_CTRL_CMD_BUS_GET_C2C_INFO_PARAMS.bLinkInHS	535.309.01	570.148.08	ABSENT
field	NV2080_CTRL_CMD_BUS_GET_C2C_INFO_PARAMS.bLinkInHS	575.51.02	615.71.09	1+1
field	NV2080_CTRL_CMD_BUS_GET_C2C_INFO_PARAMS.linkMask	535.309.01	615.71.09	12+4
field	NV2080_CTRL_CMD_BUS_GET_C2C_INFO_PARAMS.maxNrLinks	535.309.01	615.71.09	8+4
field	NV2080_CTRL_CMD_BUS_GET_C2C_INFO_PARAMS.nrLinks	535.309.01	615.71.09	4+4
field	NV2080_CTRL_CMD_BUS_GET_C2C_INFO_PARAMS.perLinkBwMBps	535.309.01	615.71.09	16+4
field	NV2080_CTRL_CMD_BUS_GET_C2C_INFO_PARAMS.perLinkLaneWidth	535.309.01	615.71.09	20+4
field	NV2080_CTRL_CMD_BUS_GET_C2C_INFO_PARAMS.remoteType	535.309.01	615.71.09	24+4
sizeof	NV2080_CTRL_CMD_BUS_GET_PCIE_SUPPORTED_GPU_ATOMICS_PARAMS	535.309.01	555.42.02	0+104
sizeof	NV2080_CTRL_CMD_BUS_GET_PCIE_SUPPORTED_GPU_ATOMICS_PARAMS	560.28.03	615.71.09	0+112
field	NV2080_CTRL_CMD_BUS_GET_PCIE_SUPPORTED_GPU_ATOMICS_PARAMS.atomicOp	535.309.01	555.42.02	0+104
field	NV2080_CTRL_CMD_BUS_GET_PCIE_SUPPORTED_GPU_ATOMICS_PARAMS.atomicOp	560.28.03	615.71.09	8+104
field	NV2080_CTRL_CMD_BUS_GET_PCIE_SUPPORTED_GPU_ATOMICS_PARAMS.atomicOp[]	535.309.01	555.42.02	0+8
field	NV2080_CTRL_CMD_BUS_GET_PCIE_SUPPORTED_GPU_ATOMICS_PARAMS.atomicOp[]	560.28.03	615.71.09	8+8
field	NV2080_CTRL_CMD_BUS_GET_PCIE_SUPPORTED_GPU_ATOMICS_PARAMS.atomicOp[].attributes	535.309.01	555.42.02	4+4
field	NV2080_CTRL_CMD_BUS_GET_PCIE_SUPPORTED_GPU_ATOMICS_PARAMS.atomicOp[].attributes	560.28.03	615.71.09	12+4
field	NV2080_CTRL_CMD_BUS_GET_PCIE_SUPPORTED_GPU_ATOMICS_PARAMS.atomicOp[].bSupported	535.309.01	555.42.02	0+1
field	NV2080_CTRL_CMD_BUS_GET_PCIE_SUPPORTED_GPU_ATOMICS_PARAMS.atomicOp[].bSupported	560.28.03	615.71.09	8+1
field	NV2080_CTRL_CMD_BUS_GET_PCIE_SUPPORTED_GPU_ATOMICS_PARAMS.capType	535.309.01	555.42.02	ABSENT
field	NV2080_CTRL_CMD_BUS_GET_PCIE_SUPPORTED_GPU_ATOMICS_PARAMS.capType	560.28.03	615.71.09	0+4
field	NV2080_CTRL_CMD_BUS_GET_PCIE_SUPPORTED_GPU_ATOMICS_PARAMS.dbdf	535.309.01	555.42.02	ABSENT
field	NV2080_CTRL_CMD_BUS_GET_PCIE_SUPPORTED_GPU_ATOMICS_PARAMS.dbdf	560.28.03	615.71.09	4+4
sizeof	NV2080_CTRL_CMD_INTERNAL_STATIC_KGR_GET_FECS_RECORD_SIZE_PARAMS	535.309.01	615.71.09	0+32
field	NV2080_CTRL_CMD_INTERNAL_STATIC_KGR_GET_FECS_RECORD_SIZE_PARAMS.fecsRecordSize	535.309.01	615.71.09	0+32
field	NV2080_CTRL_CMD_INTERNAL_STATIC_KGR_GET_FECS_RECORD_SIZE_PARAMS.fecsRecordSize[]	535.309.01	615.71.09	0+4
field	NV2080_CTRL_CMD_INTERNAL_STATIC_KGR_GET_FECS_RECORD_SIZE_PARAMS.fecsRecordSize[].fecsRecordSize	535.309.01	615.71.09	0+4
sizeof	NV2080_CTRL_EVENT_SET_NOTIFICATION_PARAMS	535.309.01	615.71.09	0+20
field	NV2080_CTRL_EVENT_SET_NOTIFICATION_PARAMS.action	535.309.01	615.71.09	4+4
field	NV2080_CTRL_EVENT_SET_NOTIFICATION_PARAMS.bNotifyState	535.309.01	615.71.09	8+1
field	NV2080_CTRL_EVENT_SET_NOTIFICATION_PARAMS.event	535.309.01	615.71.09	0+4
field	NV2080_CTRL_EVENT_SET_NOTIFICATION_PARAMS.info16	535.309.01	615.71.09	16+2
field	NV2080_CTRL_EVENT_SET_NOTIFICATION_PARAMS.info32	535.309.01	615.71.09	12+4
sizeof	NV2080_CTRL_FB_GET_GPU_CACHE_INFO_PARAMS	535.309.01	615.71.09	0+16
field	NV2080_CTRL_FB_GET_GPU_CACHE_INFO_PARAMS.bypassMode	535.309.01	615.71.09	8+4
field	NV2080_CTRL_FB_GET_GPU_CACHE_INFO_PARAMS.powerState	535.309.01	615.71.09	0+4
field	NV2080_CTRL_FB_GET_GPU_CACHE_INFO_PARAMS.rcmState	535.309.01	615.71.09	12+4
field	NV2080_CTRL_FB_GET_GPU_CACHE_INFO_PARAMS.writeMode	535.309.01	615.71.09	4+4
sizeof	NV2080_CTRL_FB_GET_INFO_V2_PARAMS	535.309.01	535.309.01	0+436
sizeof	NV2080_CTRL_FB_GET_INFO_V2_PARAMS	545.23.08	555.42.02	0+444
sizeof	NV2080_CTRL_FB_GET_INFO_V2_PARAMS	560.28.03	575.64.05	0+460
sizeof	NV2080_CTRL_FB_GET_INFO_V2_PARAMS	580.65.06	615.71.09	0+1028
field	NV2080_CTRL_FB_GET_INFO_V2_PARAMS.fbInfoList	535.309.01	535.309.01	4+432
field	NV2080_CTRL_FB_GET_INFO_V2_PARAMS.fbInfoList	545.23.08	555.42.02	4+440
field	NV2080_CTRL_FB_GET_INFO_V2_PARAMS.fbInfoList	560.28.03	575.64.05	4+456
field	NV2080_CTRL_FB_GET_INFO_V2_PARAMS.fbInfoList	580.65.06	615.71.09	4+1024
field	NV2080_CTRL_FB_GET_INFO_V2_PARAMS.fbInfoListSize	535.309.01	615.71.09	0+4
field	NV2080_CTRL_FB_GET_INFO_V2_PARAMS.fbInfoList[]	535.309.01	615.71.09	4+8
field	NV2080_CTRL_FB_GET_INFO_V2_PARAMS.fbInfoList[].data	535.309.01	615.71.09	8+4
field	NV2080_CTRL_FB_GET_INFO_V2_PARAMS.fbInfoList[].index	535.309.01	615.71.09	4+4
sizeof	NV2080_CTRL_FIFO_CHANNEL_PREEMPTIVE_REMOVAL_PARAMS	535.309.01	610.57.04	0+4
sizeof	NV2080_CTRL_FIFO_CHANNEL_PREEMPTIVE_REMOVAL_PARAMS	615.71.09	615.71.09	ABSENT
field	NV2080_CTRL_FIFO_CHANNEL_PREEMPTIVE_REMOVAL_PARAMS.hChannel	535.309.01	610.57.04	0+4
field	NV2080_CTRL_FIFO_CHANNEL_PREEMPTIVE_REMOVAL_PARAMS.hChannel	615.71.09	615.71.09	ABSENT
sizeof	NV2080_CTRL_FIFO_DISABLE_CHANNELS_PARAMS	535.309.01	615.71.09	0+536
field	NV2080_CTRL_FIFO_DISABLE_CHANNELS_PARAMS.bDisable	535.309.01	615.71.09	0+1
field	NV2080_CTRL_FIFO_DISABLE_CHANNELS_PARAMS.bOnlyDisableScheduling	535.309.01	615.71.09	8+1
field	NV2080_CTRL_FIFO_DISABLE_CHANNELS_PARAMS.bRewindGpPut	535.309.01	615.71.09	9+1
field	NV2080_CTRL_FIFO_DISABLE_CHANNELS_PARAMS.hChannelList	535.309.01	615.71.09	280+256
field	NV2080_CTRL_FIFO_DISABLE_CHANNELS_PARAMS.hClientList	535.309.01	615.71.09	24+256
field	NV2080_CTRL_FIFO_DISABLE_CHANNELS_PARAMS.numChannels	535.309.01	615.71.09	4+4
field	NV2080_CTRL_FIFO_DISABLE_CHANNELS_PARAMS.pRunlistPreemptEvent	535.309.01	615.71.09	16+8
sizeof	NV2080_CTRL_FIFO_GET_DEVICE_INFO_TABLE_PARAMS	535.309.01	610.57.04	0+3212
sizeof	NV2080_CTRL_FIFO_GET_DEVICE_INFO_TABLE_PARAMS	615.71.09	615.71.09	0+3340
field	NV2080_CTRL_FIFO_GET_DEVICE_INFO_TABLE_PARAMS.bMore	535.309.01	615.71.09	8+1
field	NV2080_CTRL_FIFO_GET_DEVICE_INFO_TABLE_PARAMS.baseIndex	535.309.01	615.71.09	0+4
field	NV2080_CTRL_FIFO_GET_DEVICE_INFO_TABLE_PARAMS.entries	535.309.01	610.57.04	12+3200
field	NV2080_CTRL_FIFO_GET_DEVICE_INFO_TABLE_PARAMS.entries	615.71.09	615.71.09	12+3328
field	NV2080_CTRL_FIFO_GET_DEVICE_INFO_TABLE_PARAMS.entries[]	535.309.01	610.57.04	12+100
field	NV2080_CTRL_FIFO_GET_DEVICE_INFO_TABLE_PARAMS.entries[]	615.71.09	615.71.09	12+104
field	NV2080_CTRL_FIFO_GET_DEVICE_INFO_TABLE_PARAMS.entries[].engineData	535.309.01	610.57.04	12+64
field	NV2080_CTRL_FIFO_GET_DEVICE_INFO_TABLE_PARAMS.entries[].engineData	615.71.09	615.71.09	12+68
field	NV2080_CTRL_FIFO_GET_DEVICE_INFO_TABLE_PARAMS.entries[].engineName	535.309.01	610.57.04	96+16
field	NV2080_CTRL_FIFO_GET_DEVICE_INFO_TABLE_PARAMS.entries[].engineName	615.71.09	615.71.09	100+16
field	NV2080_CTRL_FIFO_GET_DEVICE_INFO_TABLE_PARAMS.entries[].numPbdmas	535.309.01	610.57.04	92+4
field	NV2080_CTRL_FIFO_GET_DEVICE_INFO_TABLE_PARAMS.entries[].numPbdmas	615.71.09	615.71.09	96+4
field	NV2080_CTRL_FIFO_GET_DEVICE_INFO_TABLE_PARAMS.entries[].pbdmaFaultIds	535.309.01	610.57.04	84+8
field	NV2080_CTRL_FIFO_GET_DEVICE_INFO_TABLE_PARAMS.entries[].pbdmaFaultIds	615.71.09	615.71.09	88+8
field	NV2080_CTRL_FIFO_GET_DEVICE_INFO_TABLE_PARAMS.entries[].pbdmaIds	535.309.01	610.57.04	76+8
field	NV2080_CTRL_FIFO_GET_DEVICE_INFO_TABLE_PARAMS.entries[].pbdmaIds	615.71.09	615.71.09	80+8
field	NV2080_CTRL_FIFO_GET_DEVICE_INFO_TABLE_PARAMS.numEntries	535.309.01	615.71.09	4+4
sizeof	NV2080_CTRL_GPU_EVICT_CTX_PARAMS	535.309.01	615.71.09	0+20
field	NV2080_CTRL_GPU_EVICT_CTX_PARAMS.ChID	535.309.01	615.71.09	8+4
field	NV2080_CTRL_GPU_EVICT_CTX_PARAMS.engineType	535.309.01	615.71.09	0+4
field	NV2080_CTRL_GPU_EVICT_CTX_PARAMS.hChanClient	535.309.01	615.71.09	12+4
field	NV2080_CTRL_GPU_EVICT_CTX_PARAMS.hClient	535.309.01	615.71.09	4+4
field	NV2080_CTRL_GPU_EVICT_CTX_PARAMS.hObject	535.309.01	615.71.09	16+4
sizeof	NV2080_CTRL_GPU_GET_CONSTRUCTED_FALCON_INFO_PARAMS	535.309.01	545.23.08	ABSENT
sizeof	NV2080_CTRL_GPU_GET_CONSTRUCTED_FALCON_INFO_PARAMS	550.40.07	615.71.09	0+1284
field	NV2080_CTRL_GPU_GET_CONSTRUCTED_FALCON_INFO_PARAMS.constructedFalconsTable	535.309.01	545.23.08	ABSENT
field	NV2080_CTRL_GPU_GET_CONSTRUCTED_FALCON_INFO_PARAMS.constructedFalconsTable	550.40.07	615.71.09	4+1280
field	NV2080_CTRL_GPU_GET_CONSTRUCTED_FALCON_INFO_PARAMS.constructedFalconsTable[]	535.309.01	545.23.08	ABSENT
field	NV2080_CTRL_GPU_GET_CONSTRUCTED_FALCON_INFO_PARAMS.constructedFalconsTable[]	550.40.07	615.71.09	4+20
field	NV2080_CTRL_GPU_GET_CONSTRUCTED_FALCON_INFO_PARAMS.constructedFalconsTable[].addrSpaceList	535.309.01	545.23.08	ABSENT
field	NV2080_CTRL_GPU_GET_CONSTRUCTED_FALCON_INFO_PARAMS.constructedFalconsTable[].addrSpaceList	550.40.07	615.71.09	16+4
field	NV2080_CTRL_GPU_GET_CONSTRUCTED_FALCON_INFO_PARAMS.constructedFalconsTable[].ctxAttr	535.309.01	545.23.08	ABSENT
field	NV2080_CTRL_GPU_GET_CONSTRUCTED_FALCON_INFO_PARAMS.constructedFalconsTable[].ctxAttr	550.40.07	615.71.09	8+4
field	NV2080_CTRL_GPU_GET_CONSTRUCTED_FALCON_INFO_PARAMS.constructedFalconsTable[].ctxBufferSize	535.309.01	545.23.08	ABSENT
field	NV2080_CTRL_GPU_GET_CONSTRUCTED_FALCON_INFO_PARAMS.constructedFalconsTable[].ctxBufferSize	550.40.07	615.71.09	12+4
field	NV2080_CTRL_GPU_GET_CONSTRUCTED_FALCON_INFO_PARAMS.constructedFalconsTable[].engDesc	535.309.01	545.23.08	ABSENT
field	NV2080_CTRL_GPU_GET_CONSTRUCTED_FALCON_INFO_PARAMS.constructedFalconsTable[].engDesc	550.40.07	615.71.09	4+4
field	NV2080_CTRL_GPU_GET_CONSTRUCTED_FALCON_INFO_PARAMS.constructedFalconsTable[].registerBase	535.309.01	545.23.08	ABSENT
field	NV2080_CTRL_GPU_GET_CONSTRUCTED_FALCON_INFO_PARAMS.constructedFalconsTable[].registerBase	550.40.07	615.71.09	20+4
field	NV2080_CTRL_GPU_GET_CONSTRUCTED_FALCON_INFO_PARAMS.numConstructedFalcons	535.309.01	545.23.08	ABSENT
field	NV2080_CTRL_GPU_GET_CONSTRUCTED_FALCON_INFO_PARAMS.numConstructedFalcons	550.40.07	615.71.09	0+4
sizeof	NV2080_CTRL_GPU_GET_INFO_V2_PARAMS	535.309.01	535.309.01	0+516
sizeof	NV2080_CTRL_GPU_GET_INFO_V2_PARAMS	545.23.08	570.148.08	0+524
sizeof	NV2080_CTRL_GPU_GET_INFO_V2_PARAMS	575.51.02	575.64.05	0+532
sizeof	NV2080_CTRL_GPU_GET_INFO_V2_PARAMS	580.65.06	595.84	0+564
sizeof	NV2080_CTRL_GPU_GET_INFO_V2_PARAMS	610.43.02	615.71.09	0+580
field	NV2080_CTRL_GPU_GET_INFO_V2_PARAMS.gpuInfoList	535.309.01	535.309.01	4+512
field	NV2080_CTRL_GPU_GET_INFO_V2_PARAMS.gpuInfoList	545.23.08	570.148.08	4+520
field	NV2080_CTRL_GPU_GET_INFO_V2_PARAMS.gpuInfoList	575.51.02	575.64.05	4+528
field	NV2080_CTRL_GPU_GET_INFO_V2_PARAMS.gpuInfoList	580.65.06	595.84	4+560
field	NV2080_CTRL_GPU_GET_INFO_V2_PARAMS.gpuInfoList	610.43.02	615.71.09	4+576
field	NV2080_CTRL_GPU_GET_INFO_V2_PARAMS.gpuInfoListSize	535.309.01	615.71.09	0+4
field	NV2080_CTRL_GPU_GET_INFO_V2_PARAMS.gpuInfoList[]	535.309.01	615.71.09	4+8
field	NV2080_CTRL_GPU_GET_INFO_V2_PARAMS.gpuInfoList[].data	535.309.01	615.71.09	8+4
field	NV2080_CTRL_GPU_GET_INFO_V2_PARAMS.gpuInfoList[].index	535.309.01	615.71.09	4+4
sizeof	NV2080_CTRL_GPU_GET_NAME_STRING_PARAMS	535.309.01	590.48.01	0+132
sizeof	NV2080_CTRL_GPU_GET_NAME_STRING_PARAMS	595.84	615.71.09	0+68
field	NV2080_CTRL_GPU_GET_NAME_STRING_PARAMS.gpuNameString	535.309.01	590.48.01	4+128
field	NV2080_CTRL_GPU_GET_NAME_STRING_PARAMS.gpuNameString	595.84	615.71.09	4+64
field	NV2080_CTRL_GPU_GET_NAME_STRING_PARAMS.gpuNameString.ascii	535.309.01	615.71.09	4+64
field	NV2080_CTRL_GPU_GET_NAME_STRING_PARAMS.gpuNameString.unicode	535.309.01	590.48.01	4+128
field	NV2080_CTRL_GPU_GET_NAME_STRING_PARAMS.gpuNameString.unicode	595.84	615.71.09	ABSENT
field	NV2080_CTRL_GPU_GET_NAME_STRING_PARAMS.gpuNameStringFlags	535.309.01	615.71.09	0+4
sizeof	NV2080_CTRL_GPU_PROMOTE_CTX_PARAMS	535.309.01	615.71.09	0+560
field	NV2080_CTRL_GPU_PROMOTE_CTX_PARAMS.ChID	535.309.01	615.71.09	8+4
field	NV2080_CTRL_GPU_PROMOTE_CTX_PARAMS.engineType	535.309.01	615.71.09	0+4
field	NV2080_CTRL_GPU_PROMOTE_CTX_PARAMS.entryCount	535.309.01	615.71.09	40+4
field	NV2080_CTRL_GPU_PROMOTE_CTX_PARAMS.hChanClient	535.309.01	615.71.09	12+4
field	NV2080_CTRL_GPU_PROMOTE_CTX_PARAMS.hClient	535.309.01	615.71.09	4+4
field	NV2080_CTRL_GPU_PROMOTE_CTX_PARAMS.hObject	535.309.01	615.71.09	16+4
field	NV2080_CTRL_GPU_PROMOTE_CTX_PARAMS.hVirtMemory	535.309.01	615.71.09	20+4
field	NV2080_CTRL_GPU_PROMOTE_CTX_PARAMS.promoteEntry	535.309.01	615.71.09	48+512
field	NV2080_CTRL_GPU_PROMOTE_CTX_PARAMS.promoteEntry[]	535.309.01	615.71.09	48+32
field	NV2080_CTRL_GPU_PROMOTE_CTX_PARAMS.promoteEntry[].bInitialize	535.309.01	615.71.09	78+1
field	NV2080_CTRL_GPU_PROMOTE_CTX_PARAMS.promoteEntry[].bNonmapped	535.309.01	615.71.09	79+1
field	NV2080_CTRL_GPU_PROMOTE_CTX_PARAMS.promoteEntry[].bufferId	535.309.01	615.71.09	76+2
field	NV2080_CTRL_GPU_PROMOTE_CTX_PARAMS.promoteEntry[].gpuPhysAddr	535.309.01	615.71.09	48+8
field	NV2080_CTRL_GPU_PROMOTE_CTX_PARAMS.promoteEntry[].gpuVirtAddr	535.309.01	615.71.09	56+8
field	NV2080_CTRL_GPU_PROMOTE_CTX_PARAMS.promoteEntry[].physAttr	535.309.01	615.71.09	72+4
field	NV2080_CTRL_GPU_PROMOTE_CTX_PARAMS.promoteEntry[].size	535.309.01	615.71.09	64+8
field	NV2080_CTRL_GPU_PROMOTE_CTX_PARAMS.size	535.309.01	615.71.09	32+8
field	NV2080_CTRL_GPU_PROMOTE_CTX_PARAMS.virtAddress	535.309.01	615.71.09	24+8
sizeof	NV2080_CTRL_GRMGR_GET_GR_FS_INFO_PARAMS	535.309.01	615.71.09	0+1928
field	NV2080_CTRL_GRMGR_GET_GR_FS_INFO_PARAMS.numQueries	535.309.01	615.71.09	0+2
field	NV2080_CTRL_GRMGR_GET_GR_FS_INFO_PARAMS.queries	535.309.01	615.71.09	8+1920
field	NV2080_CTRL_GRMGR_GET_GR_FS_INFO_PARAMS.queries[]	535.309.01	615.71.09	8+20
field	NV2080_CTRL_GRMGR_GET_GR_FS_INFO_PARAMS.queries[].queryData	535.309.01	615.71.09	16+12
field	NV2080_CTRL_GRMGR_GET_GR_FS_INFO_PARAMS.queries[].queryData.chipletGpcMapData	535.309.01	615.71.09	16+8
field	NV2080_CTRL_GRMGR_GET_GR_FS_INFO_PARAMS.queries[].queryData.chipletGpcMapData.chipletGpcMap	535.309.01	615.71.09	20+4
field	NV2080_CTRL_GRMGR_GET_GR_FS_INFO_PARAMS.queries[].queryData.chipletGpcMapData.gpcId	535.309.01	615.71.09	16+4
field	NV2080_CTRL_GRMGR_GET_GR_FS_INFO_PARAMS.queries[].queryData.dmGpcMaskData	535.309.01	615.71.09	16+12
field	NV2080_CTRL_GRMGR_GET_GR_FS_INFO_PARAMS.queries[].queryData.dmGpcMaskData.gpcEnMask	535.309.01	615.71.09	24+4
field	NV2080_CTRL_GRMGR_GET_GR_FS_INFO_PARAMS.queries[].queryData.dmGpcMaskData.grIdx	535.309.01	615.71.09	20+4
field	NV2080_CTRL_GRMGR_GET_GR_FS_INFO_PARAMS.queries[].queryData.dmGpcMaskData.swizzId	535.309.01	615.71.09	16+4
field	NV2080_CTRL_GRMGR_GET_GR_FS_INFO_PARAMS.queries[].queryData.gfxGpcMaskData	535.309.01	575.64.05	ABSENT
field	NV2080_CTRL_GRMGR_GET_GR_FS_INFO_PARAMS.queries[].queryData.gfxGpcMaskData	580.65.06	615.71.09	16+12
field	NV2080_CTRL_GRMGR_GET_GR_FS_INFO_PARAMS.queries[].queryData.gfxGpcMaskData.gpcEnMask	535.309.01	575.64.05	ABSENT
field	NV2080_CTRL_GRMGR_GET_GR_FS_INFO_PARAMS.queries[].queryData.gfxGpcMaskData.gpcEnMask	580.65.06	615.71.09	24+4
field	NV2080_CTRL_GRMGR_GET_GR_FS_INFO_PARAMS.queries[].queryData.gfxGpcMaskData.grIdx	535.309.01	575.64.05	ABSENT
field	NV2080_CTRL_GRMGR_GET_GR_FS_INFO_PARAMS.queries[].queryData.gfxGpcMaskData.grIdx	580.65.06	615.71.09	20+4
field	NV2080_CTRL_GRMGR_GET_GR_FS_INFO_PARAMS.queries[].queryData.gfxGpcMaskData.swizzId	535.309.01	575.64.05	ABSENT
field	NV2080_CTRL_GRMGR_GET_GR_FS_INFO_PARAMS.queries[].queryData.gfxGpcMaskData.swizzId	580.65.06	615.71.09	16+4
field	NV2080_CTRL_GRMGR_GET_GR_FS_INFO_PARAMS.queries[].queryData.gfxSyspipeMaskData	535.309.01	575.64.05	ABSENT
field	NV2080_CTRL_GRMGR_GET_GR_FS_INFO_PARAMS.queries[].queryData.gfxSyspipeMaskData	580.65.06	615.71.09	16+4
field	NV2080_CTRL_GRMGR_GET_GR_FS_INFO_PARAMS.queries[].queryData.gfxSyspipeMaskData.chipletSyspipeMask	535.309.01	575.64.05	ABSENT
field	NV2080_CTRL_GRMGR_GET_GR_FS_INFO_PARAMS.queries[].queryData.gfxSyspipeMaskData.chipletSyspipeMask	580.65.06	615.71.09	16+4
field	NV2080_CTRL_GRMGR_GET_GR_FS_INFO_PARAMS.queries[].queryData.gpcCountData	535.309.01	615.71.09	16+4
field	NV2080_CTRL_GRMGR_GET_GR_FS_INFO_PARAMS.queries[].queryData.gpcCountData.gpcCount	535.309.01	615.71.09	16+4
field	NV2080_CTRL_GRMGR_GET_GR_FS_INFO_PARAMS.queries[].queryData.partitionChipletSyspipeData	535.309.01	615.71.09	16+12
field	NV2080_CTRL_GRMGR_GET_GR_FS_INFO_PARAMS.queries[].queryData.partitionChipletSyspipeData.physSyspipeId	535.309.01	615.71.09	20+8
field	NV2080_CTRL_GRMGR_GET_GR_FS_INFO_PARAMS.queries[].queryData.partitionChipletSyspipeData.physSyspipeIdCount	535.309.01	615.71.09	18+2
field	NV2080_CTRL_GRMGR_GET_GR_FS_INFO_PARAMS.queries[].queryData.partitionChipletSyspipeData.swizzId	535.309.01	615.71.09	16+2
field	NV2080_CTRL_GRMGR_GET_GR_FS_INFO_PARAMS.queries[].queryData.partitionGpcMapData	535.309.01	615.71.09	16+12
field	NV2080_CTRL_GRMGR_GET_GR_FS_INFO_PARAMS.queries[].queryData.partitionGpcMapData.chipletGpcMap	535.309.01	615.71.09	24+4
field	NV2080_CTRL_GRMGR_GET_GR_FS_INFO_PARAMS.queries[].queryData.partitionGpcMapData.gpcId	535.309.01	615.71.09	20+4
field	NV2080_CTRL_GRMGR_GET_GR_FS_INFO_PARAMS.queries[].queryData.partitionGpcMapData.swizzId	535.309.01	615.71.09	16+4
field	NV2080_CTRL_GRMGR_GET_GR_FS_INFO_PARAMS.queries[].queryData.partitionSyspipeIdData	535.309.01	615.71.09	16+4
field	NV2080_CTRL_GRMGR_GET_GR_FS_INFO_PARAMS.queries[].queryData.partitionSyspipeIdData.syspipeId	535.309.01	615.71.09	16+4
field	NV2080_CTRL_GRMGR_GET_GR_FS_INFO_PARAMS.queries[].queryData.ppcMaskData	535.309.01	615.71.09	16+8
field	NV2080_CTRL_GRMGR_GET_GR_FS_INFO_PARAMS.queries[].queryData.ppcMaskData.gpcId	535.309.01	615.71.09	16+4
field	NV2080_CTRL_GRMGR_GET_GR_FS_INFO_PARAMS.queries[].queryData.ppcMaskData.ppcMask	535.309.01	615.71.09	20+4
field	NV2080_CTRL_GRMGR_GET_GR_FS_INFO_PARAMS.queries[].queryData.ropMaskData	535.309.01	615.71.09	16+8
field	NV2080_CTRL_GRMGR_GET_GR_FS_INFO_PARAMS.queries[].queryData.ropMaskData.gpcId	535.309.01	615.71.09	16+4
field	NV2080_CTRL_GRMGR_GET_GR_FS_INFO_PARAMS.queries[].queryData.ropMaskData.ropMask	535.309.01	615.71.09	20+4
field	NV2080_CTRL_GRMGR_GET_GR_FS_INFO_PARAMS.queries[].queryData.syspipeMaskData	535.309.01	615.71.09	16+4
field	NV2080_CTRL_GRMGR_GET_GR_FS_INFO_PARAMS.queries[].queryData.syspipeMaskData.chipletSyspipeMask	535.309.01	615.71.09	16+4
field	NV2080_CTRL_GRMGR_GET_GR_FS_INFO_PARAMS.queries[].queryData.tpcMaskData	535.309.01	615.71.09	16+8
field	NV2080_CTRL_GRMGR_GET_GR_FS_INFO_PARAMS.queries[].queryData.tpcMaskData.gpcId	535.309.01	615.71.09	16+4
field	NV2080_CTRL_GRMGR_GET_GR_FS_INFO_PARAMS.queries[].queryData.tpcMaskData.tpcMask	535.309.01	615.71.09	20+4
field	NV2080_CTRL_GRMGR_GET_GR_FS_INFO_PARAMS.queries[].queryType	535.309.01	615.71.09	8+2
field	NV2080_CTRL_GRMGR_GET_GR_FS_INFO_PARAMS.queries[].reserved	535.309.01	615.71.09	10+2
field	NV2080_CTRL_GRMGR_GET_GR_FS_INFO_PARAMS.queries[].status	535.309.01	615.71.09	12+4
field	NV2080_CTRL_GRMGR_GET_GR_FS_INFO_PARAMS.reserved	535.309.01	615.71.09	2+6
sizeof	NV2080_CTRL_GR_GET_CAPS_V2_PARAMS	535.309.01	615.71.09	0+48
field	NV2080_CTRL_GR_GET_CAPS_V2_PARAMS.bCapsPopulated	535.309.01	615.71.09	40+1
field	NV2080_CTRL_GR_GET_CAPS_V2_PARAMS.capsTbl	535.309.01	615.71.09	0+23
field	NV2080_CTRL_GR_GET_CAPS_V2_PARAMS.grRouteInfo	535.309.01	615.71.09	24+16
field	NV2080_CTRL_GR_GET_CAPS_V2_PARAMS.grRouteInfo.flags	535.309.01	615.71.09	24+4
field	NV2080_CTRL_GR_GET_CAPS_V2_PARAMS.grRouteInfo.route	535.309.01	615.71.09	32+8
sizeof	NV2080_CTRL_GR_GET_ENGINE_CONTEXT_PROPERTIES_PARAMS	535.309.01	615.71.09	0+32
field	NV2080_CTRL_GR_GET_ENGINE_CONTEXT_PROPERTIES_PARAMS.alignment	535.309.01	615.71.09	20+4
field	NV2080_CTRL_GR_GET_ENGINE_CONTEXT_PROPERTIES_PARAMS.bInfoPopulated	535.309.01	615.71.09	28+1
field	NV2080_CTRL_GR_GET_ENGINE_CONTEXT_PROPERTIES_PARAMS.engineId	535.309.01	615.71.09	16+4
field	NV2080_CTRL_GR_GET_ENGINE_CONTEXT_PROPERTIES_PARAMS.grRouteInfo	535.309.01	615.71.09	0+16
field	NV2080_CTRL_GR_GET_ENGINE_CONTEXT_PROPERTIES_PARAMS.grRouteInfo.flags	535.309.01	615.71.09	0+4
field	NV2080_CTRL_GR_GET_ENGINE_CONTEXT_PROPERTIES_PARAMS.grRouteInfo.route	535.309.01	615.71.09	8+8
field	NV2080_CTRL_GR_GET_ENGINE_CONTEXT_PROPERTIES_PARAMS.size	535.309.01	615.71.09	24+4
sizeof	NV2080_CTRL_GSP_GET_FEATURES_PARAMS	535.309.01	615.71.09	0+72
field	NV2080_CTRL_GSP_GET_FEATURES_PARAMS.bDefaultGspRmGpu	535.309.01	615.71.09	5+1
field	NV2080_CTRL_GSP_GET_FEATURES_PARAMS.bValid	535.309.01	615.71.09	4+1
field	NV2080_CTRL_GSP_GET_FEATURES_PARAMS.firmwareVersion	535.309.01	615.71.09	6+64
field	NV2080_CTRL_GSP_GET_FEATURES_PARAMS.gspFeatures	535.309.01	615.71.09	0+4
sizeof	NV2080_CTRL_INTERNAL_BIF_GET_STATIC_INFO_PARAMS	535.309.01	565.57.01	0+16
sizeof	NV2080_CTRL_INTERNAL_BIF_GET_STATIC_INFO_PARAMS	570.86.15	615.71.09	0+4
field	NV2080_CTRL_INTERNAL_BIF_GET_STATIC_INFO_PARAMS.bGcxPmuCfgSpaceRestore	535.309.01	535.309.01	ABSENT
field	NV2080_CTRL_INTERNAL_BIF_GET_STATIC_INFO_PARAMS.bGcxPmuCfgSpaceRestore	545.23.08	615.71.09	3+1
field	NV2080_CTRL_INTERNAL_BIF_GET_STATIC_INFO_PARAMS.bIsC2CLinkUp	535.309.01	615.71.09	1+1
field	NV2080_CTRL_INTERNAL_BIF_GET_STATIC_INFO_PARAMS.bIsDeviceMultiFunction	535.309.01	535.309.01	ABSENT
field	NV2080_CTRL_INTERNAL_BIF_GET_STATIC_INFO_PARAMS.bIsDeviceMultiFunction	545.23.08	615.71.09	2+1
field	NV2080_CTRL_INTERNAL_BIF_GET_STATIC_INFO_PARAMS.bPcieGen4Capable	535.309.01	615.71.09	0+1
field	NV2080_CTRL_INTERNAL_BIF_GET_STATIC_INFO_PARAMS.dmaWindowStartAddress	535.309.01	565.57.01	8+8
field	NV2080_CTRL_INTERNAL_BIF_GET_STATIC_INFO_PARAMS.dmaWindowStartAddress	570.86.15	615.71.09	ABSENT
sizeof	NV2080_CTRL_INTERNAL_CONF_COMPUTE_GET_STATIC_INFO_PARAMS	535.309.01	615.71.09	0+2
field	NV2080_CTRL_INTERNAL_CONF_COMPUTE_GET_STATIC_INFO_PARAMS.bIsBar1Trusted	535.309.01	615.71.09	0+1
field	NV2080_CTRL_INTERNAL_CONF_COMPUTE_GET_STATIC_INFO_PARAMS.bIsPcieTrusted	535.309.01	615.71.09	1+1
sizeof	NV2080_CTRL_INTERNAL_FIFO_GET_NUM_CHANNELS_PARAMS	535.309.01	615.71.09	0+8
field	NV2080_CTRL_INTERNAL_FIFO_GET_NUM_CHANNELS_PARAMS.numChannels	535.309.01	615.71.09	4+4
field	NV2080_CTRL_INTERNAL_FIFO_GET_NUM_CHANNELS_PARAMS.runlistId	535.309.01	615.71.09	0+4
sizeof	NV2080_CTRL_INTERNAL_GET_DEVICE_INFO_TABLE_PARAMS	535.309.01	545.23.08	0+3172
sizeof	NV2080_CTRL_INTERNAL_GET_DEVICE_INFO_TABLE_PARAMS	550.40.07	555.42.02	0+9220
sizeof	NV2080_CTRL_INTERNAL_GET_DEVICE_INFO_TABLE_PARAMS	560.28.03	560.28.03	0+11268
sizeof	NV2080_CTRL_INTERNAL_GET_DEVICE_INFO_TABLE_PARAMS	565.57.01	615.71.09	0+24580
field	NV2080_CTRL_INTERNAL_GET_DEVICE_INFO_TABLE_PARAMS.deviceInfoTable	535.309.01	545.23.08	4+3168
field	NV2080_CTRL_INTERNAL_GET_DEVICE_INFO_TABLE_PARAMS.deviceInfoTable	550.40.07	555.42.02	4+9216
field	NV2080_CTRL_INTERNAL_GET_DEVICE_INFO_TABLE_PARAMS.deviceInfoTable	560.28.03	560.28.03	4+11264
field	NV2080_CTRL_INTERNAL_GET_DEVICE_INFO_TABLE_PARAMS.deviceInfoTable	565.57.01	615.71.09	4+24576
field	NV2080_CTRL_INTERNAL_GET_DEVICE_INFO_TABLE_PARAMS.deviceInfoTable[]	535.309.01	555.42.02	4+36
field	NV2080_CTRL_INTERNAL_GET_DEVICE_INFO_TABLE_PARAMS.deviceInfoTable[]	560.28.03	560.28.03	4+44
field	NV2080_CTRL_INTERNAL_GET_DEVICE_INFO_TABLE_PARAMS.deviceInfoTable[]	565.57.01	615.71.09	4+48
field	NV2080_CTRL_INTERNAL_GET_DEVICE_INFO_TABLE_PARAMS.deviceInfoTable[].deviceBroadcastPriBase	535.309.01	555.42.02	ABSENT
field	NV2080_CTRL_INTERNAL_GET_DEVICE_INFO_TABLE_PARAMS.deviceInfoTable[].deviceBroadcastPriBase	560.28.03	615.71.09	44+4
field	NV2080_CTRL_INTERNAL_GET_DEVICE_INFO_TABLE_PARAMS.deviceInfoTable[].devicePriBase	535.309.01	615.71.09	20+4
field	NV2080_CTRL_INTERNAL_GET_DEVICE_INFO_TABLE_PARAMS.deviceInfoTable[].faultId	535.309.01	615.71.09	4+4
field	NV2080_CTRL_INTERNAL_GET_DEVICE_INFO_TABLE_PARAMS.deviceInfoTable[].ginTargetId	535.309.01	555.42.02	ABSENT
field	NV2080_CTRL_INTERNAL_GET_DEVICE_INFO_TABLE_PARAMS.deviceInfoTable[].ginTargetId	560.28.03	615.71.09	40+4
field	NV2080_CTRL_INTERNAL_GET_DEVICE_INFO_TABLE_PARAMS.deviceInfoTable[].groupId	535.309.01	615.71.09	36+4
field	NV2080_CTRL_INTERNAL_GET_DEVICE_INFO_TABLE_PARAMS.deviceInfoTable[].groupLocalInstanceId	535.309.01	560.28.03	ABSENT
field	NV2080_CTRL_INTERNAL_GET_DEVICE_INFO_TABLE_PARAMS.deviceInfoTable[].groupLocalInstanceId	565.57.01	615.71.09	48+4
field	NV2080_CTRL_INTERNAL_GET_DEVICE_INFO_TABLE_PARAMS.deviceInfoTable[].instanceId	535.309.01	615.71.09	8+4
field	NV2080_CTRL_INTERNAL_GET_DEVICE_INFO_TABLE_PARAMS.deviceInfoTable[].isEngine	535.309.01	615.71.09	24+4
field	NV2080_CTRL_INTERNAL_GET_DEVICE_INFO_TABLE_PARAMS.deviceInfoTable[].resetId	535.309.01	615.71.09	16+4
field	NV2080_CTRL_INTERNAL_GET_DEVICE_INFO_TABLE_PARAMS.deviceInfoTable[].rlEngId	535.309.01	615.71.09	28+4
field	NV2080_CTRL_INTERNAL_GET_DEVICE_INFO_TABLE_PARAMS.deviceInfoTable[].runlistPriBase	535.309.01	615.71.09	32+4
field	NV2080_CTRL_INTERNAL_GET_DEVICE_INFO_TABLE_PARAMS.deviceInfoTable[].typeEnum	535.309.01	615.71.09	12+4
field	NV2080_CTRL_INTERNAL_GET_DEVICE_INFO_TABLE_PARAMS.numEntries	535.309.01	615.71.09	0+4
sizeof	NV2080_CTRL_INTERNAL_GMMU_GET_STATIC_INFO_PARAMS	535.309.01	615.71.09	0+16
field	NV2080_CTRL_INTERNAL_GMMU_GET_STATIC_INFO_PARAMS.nonReplayableFaultBufferSize	535.309.01	615.71.09	8+4
field	NV2080_CTRL_INTERNAL_GMMU_GET_STATIC_INFO_PARAMS.nonReplayableShadowFaultBufferMetadataSize	535.309.01	615.71.09	12+4
field	NV2080_CTRL_INTERNAL_GMMU_GET_STATIC_INFO_PARAMS.replayableFaultBufferSize	535.309.01	615.71.09	0+4
field	NV2080_CTRL_INTERNAL_GMMU_GET_STATIC_INFO_PARAMS.replayableShadowFaultBufferMetadataSize	535.309.01	615.71.09	4+4
sizeof	NV2080_CTRL_INTERNAL_GMMU_REGISTER_CLIENT_SHADOW_FAULT_BUFFER_PARAMS	535.309.01	615.71.09	0+24032
field	NV2080_CTRL_INTERNAL_GMMU_REGISTER_CLIENT_SHADOW_FAULT_BUFFER_PARAMS.faultBufferSharedMemoryPhysAddr	535.309.01	615.71.09	24024+8
field	NV2080_CTRL_INTERNAL_GMMU_REGISTER_CLIENT_SHADOW_FAULT_BUFFER_PARAMS.shadowFaultBufferMetadataSize	535.309.01	615.71.09	12+4
field	NV2080_CTRL_INTERNAL_GMMU_REGISTER_CLIENT_SHADOW_FAULT_BUFFER_PARAMS.shadowFaultBufferPteArray	535.309.01	615.71.09	16+24000
field	NV2080_CTRL_INTERNAL_GMMU_REGISTER_CLIENT_SHADOW_FAULT_BUFFER_PARAMS.shadowFaultBufferQueuePhysAddr	535.309.01	615.71.09	0+8
field	NV2080_CTRL_INTERNAL_GMMU_REGISTER_CLIENT_SHADOW_FAULT_BUFFER_PARAMS.shadowFaultBufferSize	535.309.01	615.71.09	8+4
field	NV2080_CTRL_INTERNAL_GMMU_REGISTER_CLIENT_SHADOW_FAULT_BUFFER_PARAMS.shadowFaultBufferType	535.309.01	615.71.09	24016+4
sizeof	NV2080_CTRL_INTERNAL_GMMU_REGISTER_FAULT_BUFFER_PARAMS	535.309.01	615.71.09	0+2064
field	NV2080_CTRL_INTERNAL_GMMU_REGISTER_FAULT_BUFFER_PARAMS.faultBufferPteArray	535.309.01	615.71.09	16+2048
field	NV2080_CTRL_INTERNAL_GMMU_REGISTER_FAULT_BUFFER_PARAMS.faultBufferSize	535.309.01	615.71.09	8+4
field	NV2080_CTRL_INTERNAL_GMMU_REGISTER_FAULT_BUFFER_PARAMS.hClient	535.309.01	615.71.09	0+4
field	NV2080_CTRL_INTERNAL_GMMU_REGISTER_FAULT_BUFFER_PARAMS.hObject	535.309.01	615.71.09	4+4
sizeof	NV2080_CTRL_INTERNAL_GMMU_UNREGISTER_CLIENT_SHADOW_FAULT_BUFFER_PARAMS	535.309.01	615.71.09	0+4
field	NV2080_CTRL_INTERNAL_GMMU_UNREGISTER_CLIENT_SHADOW_FAULT_BUFFER_PARAMS.shadowFaultBufferType	535.309.01	615.71.09	0+4
sizeof	NV2080_CTRL_INTERNAL_GPU_GET_CHIP_INFO_PARAMS	535.309.01	545.23.08	0+92
sizeof	NV2080_CTRL_INTERNAL_GPU_GET_CHIP_INFO_PARAMS	550.40.07	610.57.04	0+88
sizeof	NV2080_CTRL_INTERNAL_GPU_GET_CHIP_INFO_PARAMS	615.71.09	615.71.09	ABSENT
field	NV2080_CTRL_INTERNAL_GPU_GET_CHIP_INFO_PARAMS.bar1Size	535.309.01	545.23.08	12+4
field	NV2080_CTRL_INTERNAL_GPU_GET_CHIP_INFO_PARAMS.bar1Size	550.40.07	615.71.09	ABSENT
field	NV2080_CTRL_INTERNAL_GPU_GET_CHIP_INFO_PARAMS.chipSubRev	535.309.01	610.57.04	0+1
field	NV2080_CTRL_INTERNAL_GPU_GET_CHIP_INFO_PARAMS.chipSubRev	615.71.09	615.71.09	ABSENT
field	NV2080_CTRL_INTERNAL_GPU_GET_CHIP_INFO_PARAMS.emulationRev1	535.309.01	610.57.04	4+4
field	NV2080_CTRL_INTERNAL_GPU_GET_CHIP_INFO_PARAMS.emulationRev1	615.71.09	615.71.09	ABSENT
field	NV2080_CTRL_INTERNAL_GPU_GET_CHIP_INFO_PARAMS.isCmpSku	535.309.01	610.57.04	8+1
field	NV2080_CTRL_INTERNAL_GPU_GET_CHIP_INFO_PARAMS.isCmpSku	615.71.09	615.71.09	ABSENT
field	NV2080_CTRL_INTERNAL_GPU_GET_CHIP_INFO_PARAMS.pciDeviceId	535.309.01	545.23.08	16+4
field	NV2080_CTRL_INTERNAL_GPU_GET_CHIP_INFO_PARAMS.pciDeviceId	550.40.07	610.57.04	12+4
field	NV2080_CTRL_INTERNAL_GPU_GET_CHIP_INFO_PARAMS.pciDeviceId	615.71.09	615.71.09	ABSENT
field	NV2080_CTRL_INTERNAL_GPU_GET_CHIP_INFO_PARAMS.pciRevisionId	535.309.01	545.23.08	24+4
field	NV2080_CTRL_INTERNAL_GPU_GET_CHIP_INFO_PARAMS.pciRevisionId	550.40.07	610.57.04	20+4
field	NV2080_CTRL_INTERNAL_GPU_GET_CHIP_INFO_PARAMS.pciRevisionId	615.71.09	615.71.09	ABSENT
field	NV2080_CTRL_INTERNAL_GPU_GET_CHIP_INFO_PARAMS.pciSubDeviceId	535.309.01	545.23.08	20+4
field	NV2080_CTRL_INTERNAL_GPU_GET_CHIP_INFO_PARAMS.pciSubDeviceId	550.40.07	610.57.04	16+4
field	NV2080_CTRL_INTERNAL_GPU_GET_CHIP_INFO_PARAMS.pciSubDeviceId	615.71.09	615.71.09	ABSENT
field	NV2080_CTRL_INTERNAL_GPU_GET_CHIP_INFO_PARAMS.regBases	535.309.01	545.23.08	28+64
field	NV2080_CTRL_INTERNAL_GPU_GET_CHIP_INFO_PARAMS.regBases	550.40.07	610.57.04	24+64
field	NV2080_CTRL_INTERNAL_GPU_GET_CHIP_INFO_PARAMS.regBases	615.71.09	615.71.09	ABSENT
sizeof	NV2080_CTRL_INTERNAL_GPU_GET_SMC_MODE_PARAMS	535.309.01	615.71.09	0+4
field	NV2080_CTRL_INTERNAL_GPU_GET_SMC_MODE_PARAMS.smcMode	535.309.01	615.71.09	0+4
sizeof	NV2080_CTRL_INTERNAL_GPU_GET_USER_REGISTER_ACCESS_MAP_PARAMS	535.309.01	595.84	0+8204
sizeof	NV2080_CTRL_INTERNAL_GPU_GET_USER_REGISTER_ACCESS_MAP_PARAMS	610.43.02	615.71.09	0+20492
field	NV2080_CTRL_INTERNAL_GPU_GET_USER_REGISTER_ACCESS_MAP_PARAMS.compressedData	535.309.01	595.84	8+4096
field	NV2080_CTRL_INTERNAL_GPU_GET_USER_REGISTER_ACCESS_MAP_PARAMS.compressedData	610.43.02	615.71.09	8+16384
field	NV2080_CTRL_INTERNAL_GPU_GET_USER_REGISTER_ACCESS_MAP_PARAMS.compressedSize	535.309.01	615.71.09	4+4
field	NV2080_CTRL_INTERNAL_GPU_GET_USER_REGISTER_ACCESS_MAP_PARAMS.profilingRanges	535.309.01	595.84	4108+4096
field	NV2080_CTRL_INTERNAL_GPU_GET_USER_REGISTER_ACCESS_MAP_PARAMS.profilingRanges	610.43.02	615.71.09	16396+4096
field	NV2080_CTRL_INTERNAL_GPU_GET_USER_REGISTER_ACCESS_MAP_PARAMS.profilingRangesSize	535.309.01	595.84	4104+4
field	NV2080_CTRL_INTERNAL_GPU_GET_USER_REGISTER_ACCESS_MAP_PARAMS.profilingRangesSize	610.43.02	615.71.09	16392+4
field	NV2080_CTRL_INTERNAL_GPU_GET_USER_REGISTER_ACCESS_MAP_PARAMS.userRegisterAccessMapSize	535.309.01	615.71.09	0+4
sizeof	NV2080_CTRL_INTERNAL_INTR_GET_KERNEL_TABLE_PARAMS	535.309.01	575.64.05	0+2068
sizeof	NV2080_CTRL_INTERNAL_INTR_GET_KERNEL_TABLE_PARAMS	580.65.06	615.71.09	0+2112
field	NV2080_CTRL_INTERNAL_INTR_GET_KERNEL_TABLE_PARAMS.subtreeMap	535.309.01	575.64.05	2052+14
field	NV2080_CTRL_INTERNAL_INTR_GET_KERNEL_TABLE_PARAMS.subtreeMap	580.65.06	615.71.09	2056+56
field	NV2080_CTRL_INTERNAL_INTR_GET_KERNEL_TABLE_PARAMS.subtreeMap[]	535.309.01	575.64.05	2052+2
field	NV2080_CTRL_INTERNAL_INTR_GET_KERNEL_TABLE_PARAMS.subtreeMap[]	580.65.06	615.71.09	2056+8
field	NV2080_CTRL_INTERNAL_INTR_GET_KERNEL_TABLE_PARAMS.subtreeMap[].subtreeEnd	535.309.01	575.64.05	2053+1
field	NV2080_CTRL_INTERNAL_INTR_GET_KERNEL_TABLE_PARAMS.subtreeMap[].subtreeEnd	580.65.06	615.71.09	ABSENT
field	NV2080_CTRL_INTERNAL_INTR_GET_KERNEL_TABLE_PARAMS.subtreeMap[].subtreeMask	535.309.01	575.64.05	ABSENT
field	NV2080_CTRL_INTERNAL_INTR_GET_KERNEL_TABLE_PARAMS.subtreeMap[].subtreeMask	580.65.06	615.71.09	2056+8
field	NV2080_CTRL_INTERNAL_INTR_GET_KERNEL_TABLE_PARAMS.subtreeMap[].subtreeStart	535.309.01	575.64.05	2052+1
field	NV2080_CTRL_INTERNAL_INTR_GET_KERNEL_TABLE_PARAMS.subtreeMap[].subtreeStart	580.65.06	615.71.09	ABSENT
field	NV2080_CTRL_INTERNAL_INTR_GET_KERNEL_TABLE_PARAMS.table	535.309.01	615.71.09	4+2048
field	NV2080_CTRL_INTERNAL_INTR_GET_KERNEL_TABLE_PARAMS.tableLen	535.309.01	615.71.09	0+4
field	NV2080_CTRL_INTERNAL_INTR_GET_KERNEL_TABLE_PARAMS.table[]	535.309.01	615.71.09	4+16
field	NV2080_CTRL_INTERNAL_INTR_GET_KERNEL_TABLE_PARAMS.table[].engineIdx	535.309.01	615.71.09	4+2
field	NV2080_CTRL_INTERNAL_INTR_GET_KERNEL_TABLE_PARAMS.table[].pmcIntrMask	535.309.01	615.71.09	8+4
field	NV2080_CTRL_INTERNAL_INTR_GET_KERNEL_TABLE_PARAMS.table[].vectorNonStall	535.309.01	615.71.09	16+4
field	NV2080_CTRL_INTERNAL_INTR_GET_KERNEL_TABLE_PARAMS.table[].vectorStall	535.309.01	615.71.09	12+4
sizeof	NV2080_CTRL_INTERNAL_MEMSYS_GET_STATIC_CONFIG_PARAMS	535.309.01	545.23.08	0+56
sizeof	NV2080_CTRL_INTERNAL_MEMSYS_GET_STATIC_CONFIG_PARAMS	550.40.07	615.71.09	0+40
field	NV2080_CTRL_INTERNAL_MEMSYS_GET_STATIC_CONFIG_PARAMS.bDisableCompbitBacking	535.309.01	615.71.09	3+1
field	NV2080_CTRL_INTERNAL_MEMSYS_GET_STATIC_CONFIG_PARAMS.bDisablePlcForCertainOffsetsBug3046774	535.309.01	545.23.08	44+1
field	NV2080_CTRL_INTERNAL_MEMSYS_GET_STATIC_CONFIG_PARAMS.bDisablePlcForCertainOffsetsBug3046774	550.40.07	615.71.09	ABSENT
field	NV2080_CTRL_INTERNAL_MEMSYS_GET_STATIC_CONFIG_PARAMS.bDisablePostL2Compression	535.309.01	615.71.09	4+1
field	NV2080_CTRL_INTERNAL_MEMSYS_GET_STATIC_CONFIG_PARAMS.bEnabledEccFBPA	535.309.01	615.71.09	5+1
field	NV2080_CTRL_INTERNAL_MEMSYS_GET_STATIC_CONFIG_PARAMS.bFbpaPresent	535.309.01	545.23.08	17+1
field	NV2080_CTRL_INTERNAL_MEMSYS_GET_STATIC_CONFIG_PARAMS.bFbpaPresent	550.40.07	615.71.09	16+1
field	NV2080_CTRL_INTERNAL_MEMSYS_GET_STATIC_CONFIG_PARAMS.bL2PreFill	535.309.01	615.71.09	6+1
field	NV2080_CTRL_INTERNAL_MEMSYS_GET_STATIC_CONFIG_PARAMS.bOneToOneComptagLineAllocation	535.309.01	615.71.09	0+1
field	NV2080_CTRL_INTERNAL_MEMSYS_GET_STATIC_CONFIG_PARAMS.bReservedMemAtBottom	535.309.01	545.23.08	16+1
field	NV2080_CTRL_INTERNAL_MEMSYS_GET_STATIC_CONFIG_PARAMS.bReservedMemAtBottom	550.40.07	615.71.09	ABSENT
field	NV2080_CTRL_INTERNAL_MEMSYS_GET_STATIC_CONFIG_PARAMS.bUseOneToFourComptagLineAllocation	535.309.01	615.71.09	1+1
field	NV2080_CTRL_INTERNAL_MEMSYS_GET_STATIC_CONFIG_PARAMS.bUseRawModeComptaglineAllocation	535.309.01	615.71.09	2+1
field	NV2080_CTRL_INTERNAL_MEMSYS_GET_STATIC_CONFIG_PARAMS.comprPageShift	535.309.01	615.71.09	24+4
field	NV2080_CTRL_INTERNAL_MEMSYS_GET_STATIC_CONFIG_PARAMS.comprPageSize	535.309.01	615.71.09	20+4
field	NV2080_CTRL_INTERNAL_MEMSYS_GET_STATIC_CONFIG_PARAMS.fbOverrideStartKb	535.309.01	545.23.08	48+8
field	NV2080_CTRL_INTERNAL_MEMSYS_GET_STATIC_CONFIG_PARAMS.fbOverrideStartKb	550.40.07	615.71.09	ABSENT
field	NV2080_CTRL_INTERNAL_MEMSYS_GET_STATIC_CONFIG_PARAMS.l2CacheSize	535.309.01	615.71.09	8+8
field	NV2080_CTRL_INTERNAL_MEMSYS_GET_STATIC_CONFIG_PARAMS.ltcCount	535.309.01	545.23.08	36+4
field	NV2080_CTRL_INTERNAL_MEMSYS_GET_STATIC_CONFIG_PARAMS.ltcCount	550.40.07	615.71.09	32+4
field	NV2080_CTRL_INTERNAL_MEMSYS_GET_STATIC_CONFIG_PARAMS.ltsPerLtcCount	535.309.01	545.23.08	40+4
field	NV2080_CTRL_INTERNAL_MEMSYS_GET_STATIC_CONFIG_PARAMS.ltsPerLtcCount	550.40.07	615.71.09	36+4
field	NV2080_CTRL_INTERNAL_MEMSYS_GET_STATIC_CONFIG_PARAMS.maximumBlacklistPages	535.309.01	545.23.08	28+2
field	NV2080_CTRL_INTERNAL_MEMSYS_GET_STATIC_CONFIG_PARAMS.maximumBlacklistPages	550.40.07	615.71.09	ABSENT
field	NV2080_CTRL_INTERNAL_MEMSYS_GET_STATIC_CONFIG_PARAMS.ramType	535.309.01	545.23.08	32+4
field	NV2080_CTRL_INTERNAL_MEMSYS_GET_STATIC_CONFIG_PARAMS.ramType	550.40.07	615.71.09	28+4
sizeof	NV2080_CTRL_INTERNAL_MEMSYS_L2_INVALIDATE_EVICT_PARAMS	535.309.01	615.71.09	0+4
field	NV2080_CTRL_INTERNAL_MEMSYS_L2_INVALIDATE_EVICT_PARAMS.flags	535.309.01	615.71.09	0+4
sizeof	NV2080_CTRL_INTERNAL_STATIC_KGR_GET_CAPS_PARAMS	535.309.01	615.71.09	0+184
field	NV2080_CTRL_INTERNAL_STATIC_KGR_GET_CAPS_PARAMS.engineCaps	535.309.01	615.71.09	0+184
field	NV2080_CTRL_INTERNAL_STATIC_KGR_GET_CAPS_PARAMS.engineCaps[]	535.309.01	615.71.09	0+23
field	NV2080_CTRL_INTERNAL_STATIC_KGR_GET_CAPS_PARAMS.engineCaps[].capsTbl	535.309.01	615.71.09	0+23
sizeof	NV2080_CTRL_INTERNAL_STATIC_KGR_GET_CONTEXT_BUFFERS_INFO_PARAMS	535.309.01	545.23.08	0+1600
sizeof	NV2080_CTRL_INTERNAL_STATIC_KGR_GET_CONTEXT_BUFFERS_INFO_PARAMS	550.40.07	615.71.09	0+1664
field	NV2080_CTRL_INTERNAL_STATIC_KGR_GET_CONTEXT_BUFFERS_INFO_PARAMS.engineContextBuffersInfo	535.309.01	545.23.08	0+1600
field	NV2080_CTRL_INTERNAL_STATIC_KGR_GET_CONTEXT_BUFFERS_INFO_PARAMS.engineContextBuffersInfo	550.40.07	615.71.09	0+1664
field	NV2080_CTRL_INTERNAL_STATIC_KGR_GET_CONTEXT_BUFFERS_INFO_PARAMS.engineContextBuffersInfo[]	535.309.01	545.23.08	0+200
field	NV2080_CTRL_INTERNAL_STATIC_KGR_GET_CONTEXT_BUFFERS_INFO_PARAMS.engineContextBuffersInfo[]	550.40.07	615.71.09	0+208
field	NV2080_CTRL_INTERNAL_STATIC_KGR_GET_CONTEXT_BUFFERS_INFO_PARAMS.engineContextBuffersInfo[].engine	535.309.01	545.23.08	0+200
field	NV2080_CTRL_INTERNAL_STATIC_KGR_GET_CONTEXT_BUFFERS_INFO_PARAMS.engineContextBuffersInfo[].engine	550.40.07	615.71.09	0+208
field	NV2080_CTRL_INTERNAL_STATIC_KGR_GET_CONTEXT_BUFFERS_INFO_PARAMS.engineContextBuffersInfo[].engine[]	535.309.01	615.71.09	0+8
field	NV2080_CTRL_INTERNAL_STATIC_KGR_GET_CONTEXT_BUFFERS_INFO_PARAMS.engineContextBuffersInfo[].engine[].alignment	535.309.01	615.71.09	4+4
field	NV2080_CTRL_INTERNAL_STATIC_KGR_GET_CONTEXT_BUFFERS_INFO_PARAMS.engineContextBuffersInfo[].engine[].size	535.309.01	615.71.09	0+4
sizeof	NV2080_CTRL_INTERNAL_STATIC_KGR_GET_FECS_TRACE_DEFINES_PARAMS	535.309.01	615.71.09	0+256
field	NV2080_CTRL_INTERNAL_STATIC_KGR_GET_FECS_TRACE_DEFINES_PARAMS.fecsTraceDefines	535.309.01	615.71.09	0+256
field	NV2080_CTRL_INTERNAL_STATIC_KGR_GET_FECS_TRACE_DEFINES_PARAMS.fecsTraceDefines[]	535.309.01	615.71.09	0+32
field	NV2080_CTRL_INTERNAL_STATIC_KGR_GET_FECS_TRACE_DEFINES_PARAMS.fecsTraceDefines[].fecsRecordSize	535.309.01	615.71.09	0+4
field	NV2080_CTRL_INTERNAL_STATIC_KGR_GET_FECS_TRACE_DEFINES_PARAMS.fecsTraceDefines[].numLowerBitsZeroShift	535.309.01	615.71.09	24+1
field	NV2080_CTRL_INTERNAL_STATIC_KGR_GET_FECS_TRACE_DEFINES_PARAMS.fecsTraceDefines[].timestampHiTagMask	535.309.01	615.71.09	4+4
field	NV2080_CTRL_INTERNAL_STATIC_KGR_GET_FECS_TRACE_DEFINES_PARAMS.fecsTraceDefines[].timestampHiTagShift	535.309.01	615.71.09	8+1
field	NV2080_CTRL_INTERNAL_STATIC_KGR_GET_FECS_TRACE_DEFINES_PARAMS.fecsTraceDefines[].timestampVMask	535.309.01	615.71.09	16+8
sizeof	NV2080_CTRL_INTERNAL_STATIC_KGR_GET_FLOORSWEEPING_MASKS_PARAMS	535.309.01	575.64.05	0+2368
sizeof	NV2080_CTRL_INTERNAL_STATIC_KGR_GET_FLOORSWEEPING_MASKS_PARAMS	580.65.06	590.48.01	0+3008
sizeof	NV2080_CTRL_INTERNAL_STATIC_KGR_GET_FLOORSWEEPING_MASKS_PARAMS	595.84	595.84	0+5568
sizeof	NV2080_CTRL_INTERNAL_STATIC_KGR_GET_FLOORSWEEPING_MASKS_PARAMS	610.43.02	610.57.04	0+10688
sizeof	NV2080_CTRL_INTERNAL_STATIC_KGR_GET_FLOORSWEEPING_MASKS_PARAMS	615.71.09	615.71.09	0+10848
field	NV2080_CTRL_INTERNAL_STATIC_KGR_GET_FLOORSWEEPING_MASKS_PARAMS.floorsweepingMasks	535.309.01	575.64.05	0+2368
field	NV2080_CTRL_INTERNAL_STATIC_KGR_GET_FLOORSWEEPING_MASKS_PARAMS.floorsweepingMasks	580.65.06	590.48.01	0+3008
field	NV2080_CTRL_INTERNAL_STATIC_KGR_GET_FLOORSWEEPING_MASKS_PARAMS.floorsweepingMasks	595.84	595.84	0+5568
field	NV2080_CTRL_INTERNAL_STATIC_KGR_GET_FLOORSWEEPING_MASKS_PARAMS.floorsweepingMasks	610.43.02	610.57.04	0+10688
field	NV2080_CTRL_INTERNAL_STATIC_KGR_GET_FLOORSWEEPING_MASKS_PARAMS.floorsweepingMasks	615.71.09	615.71.09	0+10848
field	NV2080_CTRL_INTERNAL_STATIC_KGR_GET_FLOORSWEEPING_MASKS_PARAMS.floorsweepingMasks[]	535.309.01	575.64.05	0+296
field	NV2080_CTRL_INTERNAL_STATIC_KGR_GET_FLOORSWEEPING_MASKS_PARAMS.floorsweepingMasks[]	580.65.06	590.48.01	0+376
field	NV2080_CTRL_INTERNAL_STATIC_KGR_GET_FLOORSWEEPING_MASKS_PARAMS.floorsweepingMasks[]	595.84	595.84	0+696
field	NV2080_CTRL_INTERNAL_STATIC_KGR_GET_FLOORSWEEPING_MASKS_PARAMS.floorsweepingMasks[]	610.43.02	610.57.04	0+1336
field	NV2080_CTRL_INTERNAL_STATIC_KGR_GET_FLOORSWEEPING_MASKS_PARAMS.floorsweepingMasks[]	615.71.09	615.71.09	0+1356
field	NV2080_CTRL_INTERNAL_STATIC_KGR_GET_FLOORSWEEPING_MASKS_PARAMS.floorsweepingMasks[].gpcMask	535.309.01	615.71.09	0+4
field	NV2080_CTRL_INTERNAL_STATIC_KGR_GET_FLOORSWEEPING_MASKS_PARAMS.floorsweepingMasks[].mmuPerGpc	535.309.01	575.64.05	104+48
field	NV2080_CTRL_INTERNAL_STATIC_KGR_GET_FLOORSWEEPING_MASKS_PARAMS.floorsweepingMasks[].mmuPerGpc	580.65.06	590.48.01	136+64
field	NV2080_CTRL_INTERNAL_STATIC_KGR_GET_FLOORSWEEPING_MASKS_PARAMS.floorsweepingMasks[].mmuPerGpc	595.84	595.84	264+128
field	NV2080_CTRL_INTERNAL_STATIC_KGR_GET_FLOORSWEEPING_MASKS_PARAMS.floorsweepingMasks[].mmuPerGpc	610.43.02	615.71.09	520+256
field	NV2080_CTRL_INTERNAL_STATIC_KGR_GET_FLOORSWEEPING_MASKS_PARAMS.floorsweepingMasks[].numGfxTpc	535.309.01	575.64.05	292+4
field	NV2080_CTRL_INTERNAL_STATIC_KGR_GET_FLOORSWEEPING_MASKS_PARAMS.floorsweepingMasks[].numGfxTpc	580.65.06	590.48.01	372+4
field	NV2080_CTRL_INTERNAL_STATIC_KGR_GET_FLOORSWEEPING_MASKS_PARAMS.floorsweepingMasks[].numGfxTpc	595.84	595.84	692+4
field	NV2080_CTRL_INTERNAL_STATIC_KGR_GET_FLOORSWEEPING_MASKS_PARAMS.floorsweepingMasks[].numGfxTpc	610.43.02	610.57.04	1332+4
field	NV2080_CTRL_INTERNAL_STATIC_KGR_GET_FLOORSWEEPING_MASKS_PARAMS.floorsweepingMasks[].numGfxTpc	615.71.09	615.71.09	1352+4
field	NV2080_CTRL_INTERNAL_STATIC_KGR_GET_FLOORSWEEPING_MASKS_PARAMS.floorsweepingMasks[].numPesPerGpc	535.309.01	575.64.05	192+48
field	NV2080_CTRL_INTERNAL_STATIC_KGR_GET_FLOORSWEEPING_MASKS_PARAMS.floorsweepingMasks[].numPesPerGpc	580.65.06	590.48.01	240+64
field	NV2080_CTRL_INTERNAL_STATIC_KGR_GET_FLOORSWEEPING_MASKS_PARAMS.floorsweepingMasks[].numPesPerGpc	595.84	595.84	432+128
field	NV2080_CTRL_INTERNAL_STATIC_KGR_GET_FLOORSWEEPING_MASKS_PARAMS.floorsweepingMasks[].numPesPerGpc	610.43.02	610.57.04	816+256
field	NV2080_CTRL_INTERNAL_STATIC_KGR_GET_FLOORSWEEPING_MASKS_PARAMS.floorsweepingMasks[].numPesPerGpc	615.71.09	615.71.09	836+256
field	NV2080_CTRL_INTERNAL_STATIC_KGR_GET_FLOORSWEEPING_MASKS_PARAMS.floorsweepingMasks[].physGfxGpcMask	535.309.01	575.64.05	288+4
field	NV2080_CTRL_INTERNAL_STATIC_KGR_GET_FLOORSWEEPING_MASKS_PARAMS.floorsweepingMasks[].physGfxGpcMask	580.65.06	590.48.01	368+4
field	NV2080_CTRL_INTERNAL_STATIC_KGR_GET_FLOORSWEEPING_MASKS_PARAMS.floorsweepingMasks[].physGfxGpcMask	595.84	595.84	688+4
field	NV2080_CTRL_INTERNAL_STATIC_KGR_GET_FLOORSWEEPING_MASKS_PARAMS.floorsweepingMasks[].physGfxGpcMask	610.43.02	610.57.04	1328+4
field	NV2080_CTRL_INTERNAL_STATIC_KGR_GET_FLOORSWEEPING_MASKS_PARAMS.floorsweepingMasks[].physGfxGpcMask	615.71.09	615.71.09	1348+4
field	NV2080_CTRL_INTERNAL_STATIC_KGR_GET_FLOORSWEEPING_MASKS_PARAMS.floorsweepingMasks[].physGpcMask	535.309.01	575.64.05	100+4
field	NV2080_CTRL_INTERNAL_STATIC_KGR_GET_FLOORSWEEPING_MASKS_PARAMS.floorsweepingMasks[].physGpcMask	580.65.06	590.48.01	132+4
field	NV2080_CTRL_INTERNAL_STATIC_KGR_GET_FLOORSWEEPING_MASKS_PARAMS.floorsweepingMasks[].physGpcMask	595.84	595.84	260+4
field	NV2080_CTRL_INTERNAL_STATIC_KGR_GET_FLOORSWEEPING_MASKS_PARAMS.floorsweepingMasks[].physGpcMask	610.43.02	615.71.09	516+4
field	NV2080_CTRL_INTERNAL_STATIC_KGR_GET_FLOORSWEEPING_MASKS_PARAMS.floorsweepingMasks[].tpcCount	535.309.01	575.64.05	52+48
field	NV2080_CTRL_INTERNAL_STATIC_KGR_GET_FLOORSWEEPING_MASKS_PARAMS.floorsweepingMasks[].tpcCount	580.65.06	590.48.01	68+64
field	NV2080_CTRL_INTERNAL_STATIC_KGR_GET_FLOORSWEEPING_MASKS_PARAMS.floorsweepingMasks[].tpcCount	595.84	595.84	132+128
field	NV2080_CTRL_INTERNAL_STATIC_KGR_GET_FLOORSWEEPING_MASKS_PARAMS.floorsweepingMasks[].tpcCount	610.43.02	615.71.09	260+256
field	NV2080_CTRL_INTERNAL_STATIC_KGR_GET_FLOORSWEEPING_MASKS_PARAMS.floorsweepingMasks[].tpcMask	535.309.01	575.64.05	4+48
field	NV2080_CTRL_INTERNAL_STATIC_KGR_GET_FLOORSWEEPING_MASKS_PARAMS.floorsweepingMasks[].tpcMask	580.65.06	590.48.01	4+64
field	NV2080_CTRL_INTERNAL_STATIC_KGR_GET_FLOORSWEEPING_MASKS_PARAMS.floorsweepingMasks[].tpcMask	595.84	595.84	4+128
field	NV2080_CTRL_INTERNAL_STATIC_KGR_GET_FLOORSWEEPING_MASKS_PARAMS.floorsweepingMasks[].tpcMask	610.43.02	615.71.09	4+256
field	NV2080_CTRL_INTERNAL_STATIC_KGR_GET_FLOORSWEEPING_MASKS_PARAMS.floorsweepingMasks[].tpcToPesMap	535.309.01	575.64.05	152+40
field	NV2080_CTRL_INTERNAL_STATIC_KGR_GET_FLOORSWEEPING_MASKS_PARAMS.floorsweepingMasks[].tpcToPesMap	580.65.06	590.48.01	200+40
field	NV2080_CTRL_INTERNAL_STATIC_KGR_GET_FLOORSWEEPING_MASKS_PARAMS.floorsweepingMasks[].tpcToPesMap	595.84	595.84	392+40
field	NV2080_CTRL_INTERNAL_STATIC_KGR_GET_FLOORSWEEPING_MASKS_PARAMS.floorsweepingMasks[].tpcToPesMap	610.43.02	610.57.04	776+40
field	NV2080_CTRL_INTERNAL_STATIC_KGR_GET_FLOORSWEEPING_MASKS_PARAMS.floorsweepingMasks[].tpcToPesMap	615.71.09	615.71.09	776+60
field	NV2080_CTRL_INTERNAL_STATIC_KGR_GET_FLOORSWEEPING_MASKS_PARAMS.floorsweepingMasks[].zcullMask	535.309.01	575.64.05	240+48
field	NV2080_CTRL_INTERNAL_STATIC_KGR_GET_FLOORSWEEPING_MASKS_PARAMS.floorsweepingMasks[].zcullMask	580.65.06	590.48.01	304+64
field	NV2080_CTRL_INTERNAL_STATIC_KGR_GET_FLOORSWEEPING_MASKS_PARAMS.floorsweepingMasks[].zcullMask	595.84	595.84	560+128
field	NV2080_CTRL_INTERNAL_STATIC_KGR_GET_FLOORSWEEPING_MASKS_PARAMS.floorsweepingMasks[].zcullMask	610.43.02	610.57.04	1072+256
field	NV2080_CTRL_INTERNAL_STATIC_KGR_GET_FLOORSWEEPING_MASKS_PARAMS.floorsweepingMasks[].zcullMask	615.71.09	615.71.09	1092+256
sizeof	NV2080_CTRL_INTERNAL_STATIC_KGR_GET_GLOBAL_SM_ORDER_PARAMS	535.309.01	570.148.08	0+23072
sizeof	NV2080_CTRL_INTERNAL_STATIC_KGR_GET_GLOBAL_SM_ORDER_PARAMS	575.51.02	575.64.05	0+26912
sizeof	NV2080_CTRL_INTERNAL_STATIC_KGR_GET_GLOBAL_SM_ORDER_PARAMS	580.65.06	595.84	0+34592
sizeof	NV2080_CTRL_INTERNAL_STATIC_KGR_GET_GLOBAL_SM_ORDER_PARAMS	610.43.02	610.57.04	0+73760
sizeof	NV2080_CTRL_INTERNAL_STATIC_KGR_GET_GLOBAL_SM_ORDER_PARAMS	615.71.09	615.71.09	0+81952
field	NV2080_CTRL_INTERNAL_STATIC_KGR_GET_GLOBAL_SM_ORDER_PARAMS.globalSmOrder	535.309.01	570.148.08	0+23072
field	NV2080_CTRL_INTERNAL_STATIC_KGR_GET_GLOBAL_SM_ORDER_PARAMS.globalSmOrder	575.51.02	575.64.05	0+26912
field	NV2080_CTRL_INTERNAL_STATIC_KGR_GET_GLOBAL_SM_ORDER_PARAMS.globalSmOrder	580.65.06	595.84	0+34592
field	NV2080_CTRL_INTERNAL_STATIC_KGR_GET_GLOBAL_SM_ORDER_PARAMS.globalSmOrder	610.43.02	610.57.04	0+73760
field	NV2080_CTRL_INTERNAL_STATIC_KGR_GET_GLOBAL_SM_ORDER_PARAMS.globalSmOrder	615.71.09	615.71.09	0+81952
field	NV2080_CTRL_INTERNAL_STATIC_KGR_GET_GLOBAL_SM_ORDER_PARAMS.globalSmOrder[]	535.309.01	570.148.08	0+2884
field	NV2080_CTRL_INTERNAL_STATIC_KGR_GET_GLOBAL_SM_ORDER_PARAMS.globalSmOrder[]	575.51.02	575.64.05	0+3364
field	NV2080_CTRL_INTERNAL_STATIC_KGR_GET_GLOBAL_SM_ORDER_PARAMS.globalSmOrder[]	580.65.06	595.84	0+4324
field	NV2080_CTRL_INTERNAL_STATIC_KGR_GET_GLOBAL_SM_ORDER_PARAMS.globalSmOrder[]	610.43.02	610.57.04	0+9220
field	NV2080_CTRL_INTERNAL_STATIC_KGR_GET_GLOBAL_SM_ORDER_PARAMS.globalSmOrder[]	615.71.09	615.71.09	0+10244
field	NV2080_CTRL_INTERNAL_STATIC_KGR_GET_GLOBAL_SM_ORDER_PARAMS.globalSmOrder[].globalSmId	535.309.01	570.148.08	0+2880
field	NV2080_CTRL_INTERNAL_STATIC_KGR_GET_GLOBAL_SM_ORDER_PARAMS.globalSmOrder[].globalSmId	575.51.02	575.64.05	0+3360
field	NV2080_CTRL_INTERNAL_STATIC_KGR_GET_GLOBAL_SM_ORDER_PARAMS.globalSmOrder[].globalSmId	580.65.06	595.84	0+4320
field	NV2080_CTRL_INTERNAL_STATIC_KGR_GET_GLOBAL_SM_ORDER_PARAMS.globalSmOrder[].globalSmId	610.43.02	610.57.04	0+9216
field	NV2080_CTRL_INTERNAL_STATIC_KGR_GET_GLOBAL_SM_ORDER_PARAMS.globalSmOrder[].globalSmId	615.71.09	615.71.09	0+10240
field	NV2080_CTRL_INTERNAL_STATIC_KGR_GET_GLOBAL_SM_ORDER_PARAMS.globalSmOrder[].globalSmId[]	535.309.01	570.148.08	0+12
field	NV2080_CTRL_INTERNAL_STATIC_KGR_GET_GLOBAL_SM_ORDER_PARAMS.globalSmOrder[].globalSmId[]	575.51.02	575.64.05	0+14
field	NV2080_CTRL_INTERNAL_STATIC_KGR_GET_GLOBAL_SM_ORDER_PARAMS.globalSmOrder[].globalSmId[]	580.65.06	610.57.04	0+18
field	NV2080_CTRL_INTERNAL_STATIC_KGR_GET_GLOBAL_SM_ORDER_PARAMS.globalSmOrder[].globalSmId[]	615.71.09	615.71.09	0+20
field	NV2080_CTRL_INTERNAL_STATIC_KGR_GET_GLOBAL_SM_ORDER_PARAMS.globalSmOrder[].globalSmId[].globalTpcId	535.309.01	615.71.09	6+2
field	NV2080_CTRL_INTERNAL_STATIC_KGR_GET_GLOBAL_SM_ORDER_PARAMS.globalSmOrder[].globalSmId[].gpcId	535.309.01	615.71.09	0+2
field	NV2080_CTRL_INTERNAL_STATIC_KGR_GET_GLOBAL_SM_ORDER_PARAMS.globalSmOrder[].globalSmId[].localSmId	535.309.01	615.71.09	4+2
field	NV2080_CTRL_INTERNAL_STATIC_KGR_GET_GLOBAL_SM_ORDER_PARAMS.globalSmOrder[].globalSmId[].localTpcId	535.309.01	615.71.09	2+2
field	NV2080_CTRL_INTERNAL_STATIC_KGR_GET_GLOBAL_SM_ORDER_PARAMS.globalSmOrder[].globalSmId[].migratableTpcId	535.309.01	610.57.04	10+2
field	NV2080_CTRL_INTERNAL_STATIC_KGR_GET_GLOBAL_SM_ORDER_PARAMS.globalSmOrder[].globalSmId[].migratableTpcId	615.71.09	615.71.09	12+2
field	NV2080_CTRL_INTERNAL_STATIC_KGR_GET_GLOBAL_SM_ORDER_PARAMS.globalSmOrder[].globalSmId[].physicalCpcId	535.309.01	575.64.05	ABSENT
field	NV2080_CTRL_INTERNAL_STATIC_KGR_GET_GLOBAL_SM_ORDER_PARAMS.globalSmOrder[].globalSmId[].physicalCpcId	580.65.06	610.57.04	14+2
field	NV2080_CTRL_INTERNAL_STATIC_KGR_GET_GLOBAL_SM_ORDER_PARAMS.globalSmOrder[].globalSmId[].physicalCpcId	615.71.09	615.71.09	16+2
field	NV2080_CTRL_INTERNAL_STATIC_KGR_GET_GLOBAL_SM_ORDER_PARAMS.globalSmOrder[].globalSmId[].ugpuId	535.309.01	570.148.08	ABSENT
field	NV2080_CTRL_INTERNAL_STATIC_KGR_GET_GLOBAL_SM_ORDER_PARAMS.globalSmOrder[].globalSmId[].ugpuId	575.51.02	610.57.04	12+2
field	NV2080_CTRL_INTERNAL_STATIC_KGR_GET_GLOBAL_SM_ORDER_PARAMS.globalSmOrder[].globalSmId[].ugpuId	615.71.09	615.71.09	14+2
field	NV2080_CTRL_INTERNAL_STATIC_KGR_GET_GLOBAL_SM_ORDER_PARAMS.globalSmOrder[].globalSmId[].virtualDpcId	535.309.01	610.57.04	ABSENT
field	NV2080_CTRL_INTERNAL_STATIC_KGR_GET_GLOBAL_SM_ORDER_PARAMS.globalSmOrder[].globalSmId[].virtualDpcId	615.71.09	615.71.09	10+2
field	NV2080_CTRL_INTERNAL_STATIC_KGR_GET_GLOBAL_SM_ORDER_PARAMS.globalSmOrder[].globalSmId[].virtualGpcId	535.309.01	615.71.09	8+2
field	NV2080_CTRL_INTERNAL_STATIC_KGR_GET_GLOBAL_SM_ORDER_PARAMS.globalSmOrder[].globalSmId[].virtualTpcId	535.309.01	575.64.05	ABSENT
field	NV2080_CTRL_INTERNAL_STATIC_KGR_GET_GLOBAL_SM_ORDER_PARAMS.globalSmOrder[].globalSmId[].virtualTpcId	580.65.06	610.57.04	16+2
field	NV2080_CTRL_INTERNAL_STATIC_KGR_GET_GLOBAL_SM_ORDER_PARAMS.globalSmOrder[].globalSmId[].virtualTpcId	615.71.09	615.71.09	18+2
field	NV2080_CTRL_INTERNAL_STATIC_KGR_GET_GLOBAL_SM_ORDER_PARAMS.globalSmOrder[].numSm	535.309.01	570.148.08	2880+2
field	NV2080_CTRL_INTERNAL_STATIC_KGR_GET_GLOBAL_SM_ORDER_PARAMS.globalSmOrder[].numSm	575.51.02	575.64.05	3360+2
field	NV2080_CTRL_INTERNAL_STATIC_KGR_GET_GLOBAL_SM_ORDER_PARAMS.globalSmOrder[].numSm	580.65.06	595.84	4320+2
field	NV2080_CTRL_INTERNAL_STATIC_KGR_GET_GLOBAL_SM_ORDER_PARAMS.globalSmOrder[].numSm	610.43.02	610.57.04	9216+2
field	NV2080_CTRL_INTERNAL_STATIC_KGR_GET_GLOBAL_SM_ORDER_PARAMS.globalSmOrder[].numSm	615.71.09	615.71.09	10240+2
field	NV2080_CTRL_INTERNAL_STATIC_KGR_GET_GLOBAL_SM_ORDER_PARAMS.globalSmOrder[].numTpc	535.309.01	570.148.08	2882+2
field	NV2080_CTRL_INTERNAL_STATIC_KGR_GET_GLOBAL_SM_ORDER_PARAMS.globalSmOrder[].numTpc	575.51.02	575.64.05	3362+2
field	NV2080_CTRL_INTERNAL_STATIC_KGR_GET_GLOBAL_SM_ORDER_PARAMS.globalSmOrder[].numTpc	580.65.06	595.84	4322+2
field	NV2080_CTRL_INTERNAL_STATIC_KGR_GET_GLOBAL_SM_ORDER_PARAMS.globalSmOrder[].numTpc	610.43.02	610.57.04	9218+2
field	NV2080_CTRL_INTERNAL_STATIC_KGR_GET_GLOBAL_SM_ORDER_PARAMS.globalSmOrder[].numTpc	615.71.09	615.71.09	10242+2
sizeof	NV2080_CTRL_INTERNAL_STATIC_KGR_GET_INFO_PARAMS	535.309.01	535.309.01	0+3392
sizeof	NV2080_CTRL_INTERNAL_STATIC_KGR_GET_INFO_PARAMS	545.23.08	565.57.01	0+3584
sizeof	NV2080_CTRL_INTERNAL_STATIC_KGR_GET_INFO_PARAMS	570.86.15	580.178.04	0+3712
sizeof	NV2080_CTRL_INTERNAL_STATIC_KGR_GET_INFO_PARAMS	590.48.01	595.84	0+3776
sizeof	NV2080_CTRL_INTERNAL_STATIC_KGR_GET_INFO_PARAMS	610.43.02	615.71.09	0+4032
field	NV2080_CTRL_INTERNAL_STATIC_KGR_GET_INFO_PARAMS.engineInfo	535.309.01	535.309.01	0+3392
field	NV2080_CTRL_INTERNAL_STATIC_KGR_GET_INFO_PARAMS.engineInfo	545.23.08	565.57.01	0+3584
field	NV2080_CTRL_INTERNAL_STATIC_KGR_GET_INFO_PARAMS.engineInfo	570.86.15	580.178.04	0+3712
field	NV2080_CTRL_INTERNAL_STATIC_KGR_GET_INFO_PARAMS.engineInfo	590.48.01	595.84	0+3776
field	NV2080_CTRL_INTERNAL_STATIC_KGR_GET_INFO_PARAMS.engineInfo	610.43.02	615.71.09	0+4032
field	NV2080_CTRL_INTERNAL_STATIC_KGR_GET_INFO_PARAMS.engineInfo[]	535.309.01	535.309.01	0+424
field	NV2080_CTRL_INTERNAL_STATIC_KGR_GET_INFO_PARAMS.engineInfo[]	545.23.08	565.57.01	0+448
field	NV2080_CTRL_INTERNAL_STATIC_KGR_GET_INFO_PARAMS.engineInfo[]	570.86.15	580.178.04	0+464
field	NV2080_CTRL_INTERNAL_STATIC_KGR_GET_INFO_PARAMS.engineInfo[]	590.48.01	595.84	0+472
field	NV2080_CTRL_INTERNAL_STATIC_KGR_GET_INFO_PARAMS.engineInfo[]	610.43.02	615.71.09	0+504
field	NV2080_CTRL_INTERNAL_STATIC_KGR_GET_INFO_PARAMS.engineInfo[].infoList	535.309.01	535.309.01	0+424
field	NV2080_CTRL_INTERNAL_STATIC_KGR_GET_INFO_PARAMS.engineInfo[].infoList	545.23.08	565.57.01	0+448
field	NV2080_CTRL_INTERNAL_STATIC_KGR_GET_INFO_PARAMS.engineInfo[].infoList	570.86.15	580.178.04	0+464
field	NV2080_CTRL_INTERNAL_STATIC_KGR_GET_INFO_PARAMS.engineInfo[].infoList	590.48.01	595.84	0+472
field	NV2080_CTRL_INTERNAL_STATIC_KGR_GET_INFO_PARAMS.engineInfo[].infoList	610.43.02	615.71.09	0+504
field	NV2080_CTRL_INTERNAL_STATIC_KGR_GET_INFO_PARAMS.engineInfo[].infoList[]	535.309.01	615.71.09	0+8
field	NV2080_CTRL_INTERNAL_STATIC_KGR_GET_INFO_PARAMS.engineInfo[].infoList[].data	535.309.01	615.71.09	4+4
field	NV2080_CTRL_INTERNAL_STATIC_KGR_GET_INFO_PARAMS.engineInfo[].infoList[].index	535.309.01	615.71.09	0+4
sizeof	NV2080_CTRL_INTERNAL_STATIC_KGR_GET_PDB_PROPERTIES_PARAMS	535.309.01	615.71.09	0+8
field	NV2080_CTRL_INTERNAL_STATIC_KGR_GET_PDB_PROPERTIES_PARAMS.pdbTable	535.309.01	615.71.09	0+8
field	NV2080_CTRL_INTERNAL_STATIC_KGR_GET_PDB_PROPERTIES_PARAMS.pdbTable[]	535.309.01	615.71.09	0+1
field	NV2080_CTRL_INTERNAL_STATIC_KGR_GET_PDB_PROPERTIES_PARAMS.pdbTable[].bPerSubCtxheaderSupported	535.309.01	615.71.09	0+1
sizeof	NV2080_CTRL_INTERNAL_STATIC_KGR_GET_PPC_MASKS_PARAMS	535.309.01	575.64.05	0+384
sizeof	NV2080_CTRL_INTERNAL_STATIC_KGR_GET_PPC_MASKS_PARAMS	580.65.06	590.48.01	0+512
sizeof	NV2080_CTRL_INTERNAL_STATIC_KGR_GET_PPC_MASKS_PARAMS	595.84	595.84	0+1024
sizeof	NV2080_CTRL_INTERNAL_STATIC_KGR_GET_PPC_MASKS_PARAMS	610.43.02	615.71.09	0+2048
field	NV2080_CTRL_INTERNAL_STATIC_KGR_GET_PPC_MASKS_PARAMS.enginePpcMasks	535.309.01	575.64.05	0+384
field	NV2080_CTRL_INTERNAL_STATIC_KGR_GET_PPC_MASKS_PARAMS.enginePpcMasks	580.65.06	590.48.01	0+512
field	NV2080_CTRL_INTERNAL_STATIC_KGR_GET_PPC_MASKS_PARAMS.enginePpcMasks	595.84	595.84	0+1024
field	NV2080_CTRL_INTERNAL_STATIC_KGR_GET_PPC_MASKS_PARAMS.enginePpcMasks	610.43.02	615.71.09	0+2048
field	NV2080_CTRL_INTERNAL_STATIC_KGR_GET_PPC_MASKS_PARAMS.enginePpcMasks[]	535.309.01	575.64.05	0+48
field	NV2080_CTRL_INTERNAL_STATIC_KGR_GET_PPC_MASKS_PARAMS.enginePpcMasks[]	580.65.06	590.48.01	0+64
field	NV2080_CTRL_INTERNAL_STATIC_KGR_GET_PPC_MASKS_PARAMS.enginePpcMasks[]	595.84	595.84	0+128
field	NV2080_CTRL_INTERNAL_STATIC_KGR_GET_PPC_MASKS_PARAMS.enginePpcMasks[]	610.43.02	615.71.09	0+256
field	NV2080_CTRL_INTERNAL_STATIC_KGR_GET_PPC_MASKS_PARAMS.enginePpcMasks[].mask	535.309.01	575.64.05	0+48
field	NV2080_CTRL_INTERNAL_STATIC_KGR_GET_PPC_MASKS_PARAMS.enginePpcMasks[].mask	580.65.06	590.48.01	0+64
field	NV2080_CTRL_INTERNAL_STATIC_KGR_GET_PPC_MASKS_PARAMS.enginePpcMasks[].mask	595.84	595.84	0+128
field	NV2080_CTRL_INTERNAL_STATIC_KGR_GET_PPC_MASKS_PARAMS.enginePpcMasks[].mask	610.43.02	615.71.09	0+256
sizeof	NV2080_CTRL_INTERNAL_STATIC_KGR_GET_ROP_INFO_PARAMS	535.309.01	615.71.09	0+96
field	NV2080_CTRL_INTERNAL_STATIC_KGR_GET_ROP_INFO_PARAMS.engineRopInfo	535.309.01	615.71.09	0+96
field	NV2080_CTRL_INTERNAL_STATIC_KGR_GET_ROP_INFO_PARAMS.engineRopInfo[]	535.309.01	615.71.09	0+12
field	NV2080_CTRL_INTERNAL_STATIC_KGR_GET_ROP_INFO_PARAMS.engineRopInfo[].ropOperationsCount	535.309.01	615.71.09	8+4
field	NV2080_CTRL_INTERNAL_STATIC_KGR_GET_ROP_INFO_PARAMS.engineRopInfo[].ropOperationsFactor	535.309.01	615.71.09	4+4
field	NV2080_CTRL_INTERNAL_STATIC_KGR_GET_ROP_INFO_PARAMS.engineRopInfo[].ropUnitCount	535.309.01	615.71.09	0+4
sizeof	NV2080_CTRL_INTERNAL_STATIC_KGR_GET_SM_ISSUE_RATE_MODIFIER_PARAMS	535.309.01	615.71.09	0+72
field	NV2080_CTRL_INTERNAL_STATIC_KGR_GET_SM_ISSUE_RATE_MODIFIER_PARAMS.smIssueRateModifier	535.309.01	615.71.09	0+72
field	NV2080_CTRL_INTERNAL_STATIC_KGR_GET_SM_ISSUE_RATE_MODIFIER_PARAMS.smIssueRateModifier[]	535.309.01	615.71.09	0+9
field	NV2080_CTRL_INTERNAL_STATIC_KGR_GET_SM_ISSUE_RATE_MODIFIER_PARAMS.smIssueRateModifier[].dp	535.309.01	615.71.09	2+1
field	NV2080_CTRL_INTERNAL_STATIC_KGR_GET_SM_ISSUE_RATE_MODIFIER_PARAMS.smIssueRateModifier[].ffma	535.309.01	615.71.09	4+1
field	NV2080_CTRL_INTERNAL_STATIC_KGR_GET_SM_ISSUE_RATE_MODIFIER_PARAMS.smIssueRateModifier[].fmla16	535.309.01	615.71.09	1+1
field	NV2080_CTRL_INTERNAL_STATIC_KGR_GET_SM_ISSUE_RATE_MODIFIER_PARAMS.smIssueRateModifier[].fmla32	535.309.01	615.71.09	3+1
field	NV2080_CTRL_INTERNAL_STATIC_KGR_GET_SM_ISSUE_RATE_MODIFIER_PARAMS.smIssueRateModifier[].imla0	535.309.01	615.71.09	0+1
field	NV2080_CTRL_INTERNAL_STATIC_KGR_GET_SM_ISSUE_RATE_MODIFIER_PARAMS.smIssueRateModifier[].imla1	535.309.01	615.71.09	5+1
field	NV2080_CTRL_INTERNAL_STATIC_KGR_GET_SM_ISSUE_RATE_MODIFIER_PARAMS.smIssueRateModifier[].imla2	535.309.01	615.71.09	6+1
field	NV2080_CTRL_INTERNAL_STATIC_KGR_GET_SM_ISSUE_RATE_MODIFIER_PARAMS.smIssueRateModifier[].imla3	535.309.01	615.71.09	7+1
field	NV2080_CTRL_INTERNAL_STATIC_KGR_GET_SM_ISSUE_RATE_MODIFIER_PARAMS.smIssueRateModifier[].imla4	535.309.01	615.71.09	8+1
sizeof	NV2080_CTRL_INTERNAL_STATIC_KGR_GET_SM_ISSUE_RATE_MODIFIER_V2_PARAMS	535.309.01	570.148.08	ABSENT
sizeof	NV2080_CTRL_INTERNAL_STATIC_KGR_GET_SM_ISSUE_RATE_MODIFIER_V2_PARAMS	575.51.02	615.71.09	0+16352
field	NV2080_CTRL_INTERNAL_STATIC_KGR_GET_SM_ISSUE_RATE_MODIFIER_V2_PARAMS.smIssueRateModifierV2	535.309.01	570.148.08	ABSENT
field	NV2080_CTRL_INTERNAL_STATIC_KGR_GET_SM_ISSUE_RATE_MODIFIER_V2_PARAMS.smIssueRateModifierV2	575.51.02	615.71.09	0+16352
field	NV2080_CTRL_INTERNAL_STATIC_KGR_GET_SM_ISSUE_RATE_MODIFIER_V2_PARAMS.smIssueRateModifierV2[]	535.309.01	570.148.08	ABSENT
field	NV2080_CTRL_INTERNAL_STATIC_KGR_GET_SM_ISSUE_RATE_MODIFIER_V2_PARAMS.smIssueRateModifierV2[]	575.51.02	615.71.09	0+2044
field	NV2080_CTRL_INTERNAL_STATIC_KGR_GET_SM_ISSUE_RATE_MODIFIER_V2_PARAMS.smIssueRateModifierV2[].smIssueRateModifierList	535.309.01	570.148.08	ABSENT
field	NV2080_CTRL_INTERNAL_STATIC_KGR_GET_SM_ISSUE_RATE_MODIFIER_V2_PARAMS.smIssueRateModifierV2[].smIssueRateModifierList	575.51.02	615.71.09	4+2040
field	NV2080_CTRL_INTERNAL_STATIC_KGR_GET_SM_ISSUE_RATE_MODIFIER_V2_PARAMS.smIssueRateModifierV2[].smIssueRateModifierListSize	535.309.01	570.148.08	ABSENT
field	NV2080_CTRL_INTERNAL_STATIC_KGR_GET_SM_ISSUE_RATE_MODIFIER_V2_PARAMS.smIssueRateModifierV2[].smIssueRateModifierListSize	575.51.02	615.71.09	0+4
field	NV2080_CTRL_INTERNAL_STATIC_KGR_GET_SM_ISSUE_RATE_MODIFIER_V2_PARAMS.smIssueRateModifierV2[].smIssueRateModifierList[]	535.309.01	570.148.08	ABSENT
field	NV2080_CTRL_INTERNAL_STATIC_KGR_GET_SM_ISSUE_RATE_MODIFIER_V2_PARAMS.smIssueRateModifierV2[].smIssueRateModifierList[]	575.51.02	615.71.09	4+8
field	NV2080_CTRL_INTERNAL_STATIC_KGR_GET_SM_ISSUE_RATE_MODIFIER_V2_PARAMS.smIssueRateModifierV2[].smIssueRateModifierList[].data	535.309.01	570.148.08	ABSENT
field	NV2080_CTRL_INTERNAL_STATIC_KGR_GET_SM_ISSUE_RATE_MODIFIER_V2_PARAMS.smIssueRateModifierV2[].smIssueRateModifierList[].data	575.51.02	615.71.09	8+4
field	NV2080_CTRL_INTERNAL_STATIC_KGR_GET_SM_ISSUE_RATE_MODIFIER_V2_PARAMS.smIssueRateModifierV2[].smIssueRateModifierList[].index	535.309.01	570.148.08	ABSENT
field	NV2080_CTRL_INTERNAL_STATIC_KGR_GET_SM_ISSUE_RATE_MODIFIER_V2_PARAMS.smIssueRateModifierV2[].smIssueRateModifierList[].index	575.51.02	615.71.09	4+4
sizeof	NV2080_CTRL_INTERNAL_STATIC_KGR_GET_ZCULL_INFO_PARAMS	535.309.01	615.71.09	0+320
field	NV2080_CTRL_INTERNAL_STATIC_KGR_GET_ZCULL_INFO_PARAMS.engineZcullInfo	535.309.01	615.71.09	0+320
field	NV2080_CTRL_INTERNAL_STATIC_KGR_GET_ZCULL_INFO_PARAMS.engineZcullInfo[]	535.309.01	615.71.09	0+40
field	NV2080_CTRL_INTERNAL_STATIC_KGR_GET_ZCULL_INFO_PARAMS.engineZcullInfo[].aliquotTotal	535.309.01	615.71.09	12+4
field	NV2080_CTRL_INTERNAL_STATIC_KGR_GET_ZCULL_INFO_PARAMS.engineZcullInfo[].heightAlignPixels	535.309.01	615.71.09	4+4
field	NV2080_CTRL_INTERNAL_STATIC_KGR_GET_ZCULL_INFO_PARAMS.engineZcullInfo[].pixelSquaresByAliquots	535.309.01	615.71.09	8+4
field	NV2080_CTRL_INTERNAL_STATIC_KGR_GET_ZCULL_INFO_PARAMS.engineZcullInfo[].subregionCount	535.309.01	615.71.09	28+4
field	NV2080_CTRL_INTERNAL_STATIC_KGR_GET_ZCULL_INFO_PARAMS.engineZcullInfo[].subregionHeightAlignPixels	535.309.01	615.71.09	36+4
field	NV2080_CTRL_INTERNAL_STATIC_KGR_GET_ZCULL_INFO_PARAMS.engineZcullInfo[].subregionWidthAlignPixels	535.309.01	615.71.09	32+4
field	NV2080_CTRL_INTERNAL_STATIC_KGR_GET_ZCULL_INFO_PARAMS.engineZcullInfo[].widthAlignPixels	535.309.01	615.71.09	0+4
field	NV2080_CTRL_INTERNAL_STATIC_KGR_GET_ZCULL_INFO_PARAMS.engineZcullInfo[].zcullRegionByteMultiplier	535.309.01	615.71.09	16+4
field	NV2080_CTRL_INTERNAL_STATIC_KGR_GET_ZCULL_INFO_PARAMS.engineZcullInfo[].zcullRegionHeaderSize	535.309.01	615.71.09	20+4
field	NV2080_CTRL_INTERNAL_STATIC_KGR_GET_ZCULL_INFO_PARAMS.engineZcullInfo[].zcullSubregionHeaderSize	535.309.01	615.71.09	24+4
sizeof	NV2080_CTRL_INTERNAL_UVM_REGISTER_ACCESS_CNTR_BUFFER_PARAMS	535.309.01	615.71.09	0+520
field	NV2080_CTRL_INTERNAL_UVM_REGISTER_ACCESS_CNTR_BUFFER_PARAMS.accessCounterIndex	535.309.01	615.71.09	0+4
field	NV2080_CTRL_INTERNAL_UVM_REGISTER_ACCESS_CNTR_BUFFER_PARAMS.bufferPteArray	535.309.01	615.71.09	8+512
field	NV2080_CTRL_INTERNAL_UVM_REGISTER_ACCESS_CNTR_BUFFER_PARAMS.bufferSize	535.309.01	615.71.09	4+4
sizeof	NV2080_CTRL_INTERNAL_UVM_UNREGISTER_ACCESS_CNTR_BUFFER_PARAMS	535.309.01	615.71.09	0+4
field	NV2080_CTRL_INTERNAL_UVM_UNREGISTER_ACCESS_CNTR_BUFFER_PARAMS.accessCounterIndex	535.309.01	615.71.09	0+4
sizeof	NV2080_CTRL_KGR_GET_CTX_BUFFER_PTES_PARAMS	535.309.01	615.71.09	0+1056
field	NV2080_CTRL_KGR_GET_CTX_BUFFER_PTES_PARAMS.bNoMorePages	535.309.01	615.71.09	1048+1
field	NV2080_CTRL_KGR_GET_CTX_BUFFER_PTES_PARAMS.bufferType	535.309.01	615.71.09	8+4
field	NV2080_CTRL_KGR_GET_CTX_BUFFER_PTES_PARAMS.firstPage	535.309.01	615.71.09	12+4
field	NV2080_CTRL_KGR_GET_CTX_BUFFER_PTES_PARAMS.hChannel	535.309.01	615.71.09	4+4
field	NV2080_CTRL_KGR_GET_CTX_BUFFER_PTES_PARAMS.hUserClient	535.309.01	615.71.09	0+4
field	NV2080_CTRL_KGR_GET_CTX_BUFFER_PTES_PARAMS.numPages	535.309.01	615.71.09	16+4
field	NV2080_CTRL_KGR_GET_CTX_BUFFER_PTES_PARAMS.physAddrs	535.309.01	615.71.09	24+1024
sizeof	NV2080_CTRL_MC_GET_ARCH_INFO_PARAMS	535.309.01	615.71.09	0+16
field	NV2080_CTRL_MC_GET_ARCH_INFO_PARAMS.architecture	535.309.01	615.71.09	0+4
field	NV2080_CTRL_MC_GET_ARCH_INFO_PARAMS.implementation	535.309.01	615.71.09	4+4
field	NV2080_CTRL_MC_GET_ARCH_INFO_PARAMS.revision	535.309.01	615.71.09	8+4
field	NV2080_CTRL_MC_GET_ARCH_INFO_PARAMS.subRevision	535.309.01	615.71.09	12+1
sizeof	NV2080_CTRL_MC_SERVICE_INTERRUPTS_PARAMS	535.309.01	615.71.09	0+4
field	NV2080_CTRL_MC_SERVICE_INTERRUPTS_PARAMS.engines	535.309.01	615.71.09	0+4
sizeof	NV2080_CTRL_PERF_GET_LEVEL_INFO_V2_PARAMS	535.309.01	545.23.08	ABSENT
sizeof	NV2080_CTRL_PERF_GET_LEVEL_INFO_V2_PARAMS	550.40.07	615.71.09	0+780
field	NV2080_CTRL_PERF_GET_LEVEL_INFO_V2_PARAMS.flags	535.309.01	545.23.08	ABSENT
field	NV2080_CTRL_PERF_GET_LEVEL_INFO_V2_PARAMS.flags	550.40.07	615.71.09	4+4
field	NV2080_CTRL_PERF_GET_LEVEL_INFO_V2_PARAMS.level	535.309.01	545.23.08	ABSENT
field	NV2080_CTRL_PERF_GET_LEVEL_INFO_V2_PARAMS.level	550.40.07	615.71.09	0+4
field	NV2080_CTRL_PERF_GET_LEVEL_INFO_V2_PARAMS.perfGetClkInfoList	535.309.01	545.23.08	ABSENT
field	NV2080_CTRL_PERF_GET_LEVEL_INFO_V2_PARAMS.perfGetClkInfoList	550.40.07	615.71.09	8+768
field	NV2080_CTRL_PERF_GET_LEVEL_INFO_V2_PARAMS.perfGetClkInfoListSize	535.309.01	545.23.08	ABSENT
field	NV2080_CTRL_PERF_GET_LEVEL_INFO_V2_PARAMS.perfGetClkInfoListSize	550.40.07	615.71.09	776+4
field	NV2080_CTRL_PERF_GET_LEVEL_INFO_V2_PARAMS.perfGetClkInfoList[]	535.309.01	545.23.08	ABSENT
field	NV2080_CTRL_PERF_GET_LEVEL_INFO_V2_PARAMS.perfGetClkInfoList[]	550.40.07	615.71.09	8+24
field	NV2080_CTRL_PERF_GET_LEVEL_INFO_V2_PARAMS.perfGetClkInfoList[].currentFreq	535.309.01	545.23.08	ABSENT
field	NV2080_CTRL_PERF_GET_LEVEL_INFO_V2_PARAMS.perfGetClkInfoList[].currentFreq	550.40.07	615.71.09	16+4
field	NV2080_CTRL_PERF_GET_LEVEL_INFO_V2_PARAMS.perfGetClkInfoList[].defaultFreq	535.309.01	545.23.08	ABSENT
field	NV2080_CTRL_PERF_GET_LEVEL_INFO_V2_PARAMS.perfGetClkInfoList[].defaultFreq	550.40.07	615.71.09	20+4
field	NV2080_CTRL_PERF_GET_LEVEL_INFO_V2_PARAMS.perfGetClkInfoList[].domain	535.309.01	545.23.08	ABSENT
field	NV2080_CTRL_PERF_GET_LEVEL_INFO_V2_PARAMS.perfGetClkInfoList[].domain	550.40.07	615.71.09	12+4
field	NV2080_CTRL_PERF_GET_LEVEL_INFO_V2_PARAMS.perfGetClkInfoList[].flags	535.309.01	545.23.08	ABSENT
field	NV2080_CTRL_PERF_GET_LEVEL_INFO_V2_PARAMS.perfGetClkInfoList[].flags	550.40.07	615.71.09	8+4
field	NV2080_CTRL_PERF_GET_LEVEL_INFO_V2_PARAMS.perfGetClkInfoList[].maxFreq	535.309.01	545.23.08	ABSENT
field	NV2080_CTRL_PERF_GET_LEVEL_INFO_V2_PARAMS.perfGetClkInfoList[].maxFreq	550.40.07	615.71.09	28+4
field	NV2080_CTRL_PERF_GET_LEVEL_INFO_V2_PARAMS.perfGetClkInfoList[].minFreq	535.309.01	545.23.08	ABSENT
field	NV2080_CTRL_PERF_GET_LEVEL_INFO_V2_PARAMS.perfGetClkInfoList[].minFreq	550.40.07	615.71.09	24+4
sizeof	NV2080_CTRL_RC_GET_WATCHDOG_INFO_PARAMS	535.309.01	615.71.09	0+4
field	NV2080_CTRL_RC_GET_WATCHDOG_INFO_PARAMS.watchdogStatusFlags	535.309.01	615.71.09	0+4
sizeof	NV83DE_ALLOC_PARAMETERS	535.309.01	615.71.09	0+12
field	NV83DE_ALLOC_PARAMETERS.hAppClient	535.309.01	615.71.09	4+4
field	NV83DE_ALLOC_PARAMETERS.hClass3dObject	535.309.01	615.71.09	8+4
field	NV83DE_ALLOC_PARAMETERS.hDebuggerClient_Obsolete	535.309.01	615.71.09	0+4
sizeof	NV90F1_CTRL_VASPACE_COPY_SERVER_RESERVED_PDES_PARAMS	535.309.01	615.71.09	0+184
field	NV90F1_CTRL_VASPACE_COPY_SERVER_RESERVED_PDES_PARAMS.hSubDevice	535.309.01	615.71.09	0+4
field	NV90F1_CTRL_VASPACE_COPY_SERVER_RESERVED_PDES_PARAMS.levels	535.309.01	615.71.09	40+144
field	NV90F1_CTRL_VASPACE_COPY_SERVER_RESERVED_PDES_PARAMS.levels[]	535.309.01	615.71.09	40+24
field	NV90F1_CTRL_VASPACE_COPY_SERVER_RESERVED_PDES_PARAMS.levels[].aperture	535.309.01	615.71.09	56+4
field	NV90F1_CTRL_VASPACE_COPY_SERVER_RESERVED_PDES_PARAMS.levels[].pageShift	535.309.01	615.71.09	60+1
field	NV90F1_CTRL_VASPACE_COPY_SERVER_RESERVED_PDES_PARAMS.levels[].physAddress	535.309.01	615.71.09	40+8
field	NV90F1_CTRL_VASPACE_COPY_SERVER_RESERVED_PDES_PARAMS.levels[].size	535.309.01	615.71.09	48+8
field	NV90F1_CTRL_VASPACE_COPY_SERVER_RESERVED_PDES_PARAMS.numLevelsToCopy	535.309.01	615.71.09	32+4
field	NV90F1_CTRL_VASPACE_COPY_SERVER_RESERVED_PDES_PARAMS.pageSize	535.309.01	615.71.09	8+8
field	NV90F1_CTRL_VASPACE_COPY_SERVER_RESERVED_PDES_PARAMS.subDeviceId	535.309.01	615.71.09	4+4
field	NV90F1_CTRL_VASPACE_COPY_SERVER_RESERVED_PDES_PARAMS.virtAddrHi	535.309.01	615.71.09	24+8
field	NV90F1_CTRL_VASPACE_COPY_SERVER_RESERVED_PDES_PARAMS.virtAddrLo	535.309.01	615.71.09	16+8
sizeof	NVA06C_CTRL_GPFIFO_SCHEDULE_PARAMS	535.309.01	570.148.08	0+2
sizeof	NVA06C_CTRL_GPFIFO_SCHEDULE_PARAMS	575.51.02	615.71.09	0+3
field	NVA06C_CTRL_GPFIFO_SCHEDULE_PARAMS.bEnable	535.309.01	615.71.09	0+1
field	NVA06C_CTRL_GPFIFO_SCHEDULE_PARAMS.bSkipEnable	535.309.01	570.148.08	ABSENT
field	NVA06C_CTRL_GPFIFO_SCHEDULE_PARAMS.bSkipEnable	575.51.02	615.71.09	2+1
field	NVA06C_CTRL_GPFIFO_SCHEDULE_PARAMS.bSkipSubmit	535.309.01	615.71.09	1+1
sizeof	NVA06C_CTRL_INTERNAL_PROMOTE_FAULT_METHOD_BUFFERS_PARAMS	535.309.01	615.71.09	0+88
field	NVA06C_CTRL_INTERNAL_PROMOTE_FAULT_METHOD_BUFFERS_PARAMS.bar2Addr	535.309.01	615.71.09	64+16
field	NVA06C_CTRL_INTERNAL_PROMOTE_FAULT_METHOD_BUFFERS_PARAMS.methodBufferMemdesc	535.309.01	615.71.09	0+64
field	NVA06C_CTRL_INTERNAL_PROMOTE_FAULT_METHOD_BUFFERS_PARAMS.methodBufferMemdesc[]	535.309.01	615.71.09	0+32
field	NVA06C_CTRL_INTERNAL_PROMOTE_FAULT_METHOD_BUFFERS_PARAMS.methodBufferMemdesc[].addressSpace	535.309.01	615.71.09	24+4
field	NVA06C_CTRL_INTERNAL_PROMOTE_FAULT_METHOD_BUFFERS_PARAMS.methodBufferMemdesc[].alignment	535.309.01	615.71.09	16+8
field	NVA06C_CTRL_INTERNAL_PROMOTE_FAULT_METHOD_BUFFERS_PARAMS.methodBufferMemdesc[].base	535.309.01	615.71.09	0+8
field	NVA06C_CTRL_INTERNAL_PROMOTE_FAULT_METHOD_BUFFERS_PARAMS.methodBufferMemdesc[].cpuCacheAttrib	535.309.01	615.71.09	28+4
field	NVA06C_CTRL_INTERNAL_PROMOTE_FAULT_METHOD_BUFFERS_PARAMS.methodBufferMemdesc[].size	535.309.01	615.71.09	8+8
field	NVA06C_CTRL_INTERNAL_PROMOTE_FAULT_METHOD_BUFFERS_PARAMS.numValidEntries	535.309.01	615.71.09	80+4
sizeof	NVA06C_CTRL_PREEMPT_PARAMS	535.309.01	615.71.09	0+8
field	NVA06C_CTRL_PREEMPT_PARAMS.bManualTimeout	535.309.01	615.71.09	1+1
field	NVA06C_CTRL_PREEMPT_PARAMS.bWait	535.309.01	615.71.09	0+1
field	NVA06C_CTRL_PREEMPT_PARAMS.timeoutUs	535.309.01	615.71.09	4+4
sizeof	NVA06F_CTRL_BIND_PARAMS	535.309.01	615.71.09	0+4
field	NVA06F_CTRL_BIND_PARAMS.engineType	535.309.01	615.71.09	0+4
sizeof	NVA06F_CTRL_GPFIFO_SCHEDULE_PARAMS	535.309.01	570.148.08	0+2
sizeof	NVA06F_CTRL_GPFIFO_SCHEDULE_PARAMS	575.51.02	615.71.09	0+3
field	NVA06F_CTRL_GPFIFO_SCHEDULE_PARAMS.bEnable	535.309.01	615.71.09	0+1
field	NVA06F_CTRL_GPFIFO_SCHEDULE_PARAMS.bSkipEnable	535.309.01	570.148.08	ABSENT
field	NVA06F_CTRL_GPFIFO_SCHEDULE_PARAMS.bSkipEnable	575.51.02	615.71.09	2+1
field	NVA06F_CTRL_GPFIFO_SCHEDULE_PARAMS.bSkipSubmit	535.309.01	615.71.09	1+1
sizeof	NVA06F_CTRL_STOP_CHANNEL_PARAMS	535.309.01	615.71.09	0+1
field	NVA06F_CTRL_STOP_CHANNEL_PARAMS.bImmediate	535.309.01	615.71.09	0+1
sizeof	NVC36F_CTRL_CMD_GPFIFO_GET_WORK_SUBMIT_TOKEN_PARAMS	535.309.01	615.71.09	0+4
field	NVC36F_CTRL_CMD_GPFIFO_GET_WORK_SUBMIT_TOKEN_PARAMS.workSubmitToken	535.309.01	615.71.09	0+4
sizeof	NVOS00_PARAMETERS	535.309.01	615.71.09	0+16
field	NVOS00_PARAMETERS.hObjectOld	535.309.01	615.71.09	8+4
field	NVOS00_PARAMETERS.hObjectParent	535.309.01	615.71.09	4+4
field	NVOS00_PARAMETERS.hRoot	535.309.01	615.71.09	0+4
field	NVOS00_PARAMETERS.status	535.309.01	615.71.09	12+4
sizeof	NVOS02_PARAMETERS	535.309.01	615.71.09	0+48
field	NVOS02_PARAMETERS.flags	535.309.01	615.71.09	16+4
field	NVOS02_PARAMETERS.hClass	535.309.01	615.71.09	12+4
field	NVOS02_PARAMETERS.hObjectNew	535.309.01	615.71.09	8+4
field	NVOS02_PARAMETERS.hObjectParent	535.309.01	615.71.09	4+4
field	NVOS02_PARAMETERS.hRoot	535.309.01	615.71.09	0+4
field	NVOS02_PARAMETERS.limit	535.309.01	615.71.09	32+8
field	NVOS02_PARAMETERS.pMemory	535.309.01	615.71.09	24+8
field	NVOS02_PARAMETERS.status	535.309.01	615.71.09	40+4
sizeof	NVOS21_PARAMETERS	535.309.01	615.71.09	0+32
field	NVOS21_PARAMETERS.hClass	535.309.01	615.71.09	12+4
field	NVOS21_PARAMETERS.hObjectNew	535.309.01	615.71.09	8+4
field	NVOS21_PARAMETERS.hObjectParent	535.309.01	615.71.09	4+4
field	NVOS21_PARAMETERS.hRoot	535.309.01	615.71.09	0+4
field	NVOS21_PARAMETERS.pAllocParms	535.309.01	615.71.09	16+8
field	NVOS21_PARAMETERS.paramsSize	535.309.01	615.71.09	24+4
field	NVOS21_PARAMETERS.status	535.309.01	615.71.09	28+4
sizeof	NVOS32_PARAMETERS	535.309.01	615.71.09	0+184
field	NVOS32_PARAMETERS.data	535.309.01	615.71.09	40+144
field	NVOS32_PARAMETERS.data.AllocHintAlignment	535.309.01	570.148.08	40+88
field	NVOS32_PARAMETERS.data.AllocHintAlignment	575.51.02	615.71.09	40+56
field	NVOS32_PARAMETERS.data.AllocHintAlignment.alignAdjust	535.309.01	570.148.08	120+4
field	NVOS32_PARAMETERS.data.AllocHintAlignment.alignAdjust	575.51.02	615.71.09	88+4
field	NVOS32_PARAMETERS.data.AllocHintAlignment.alignAttr	535.309.01	615.71.09	44+4
field	NVOS32_PARAMETERS.data.AllocHintAlignment.alignAttr2	535.309.01	570.148.08	124+4
field	NVOS32_PARAMETERS.data.AllocHintAlignment.alignAttr2	575.51.02	615.71.09	92+4
field	NVOS32_PARAMETERS.data.AllocHintAlignment.alignBank	535.309.01	570.148.08	100+16
field	NVOS32_PARAMETERS.data.AllocHintAlignment.alignBank	575.51.02	615.71.09	ABSENT
field	NVOS32_PARAMETERS.data.AllocHintAlignment.alignHeight	535.309.01	615.71.09	64+4
field	NVOS32_PARAMETERS.data.AllocHintAlignment.alignInputFlags	535.309.01	615.71.09	48+4
field	NVOS32_PARAMETERS.data.AllocHintAlignment.alignKind	535.309.01	570.148.08	116+4
field	NVOS32_PARAMETERS.data.AllocHintAlignment.alignKind	575.51.02	615.71.09	84+4
field	NVOS32_PARAMETERS.data.AllocHintAlignment.alignMask	535.309.01	615.71.09	80+4
field	NVOS32_PARAMETERS.data.AllocHintAlignment.alignOutputFlags	535.309.01	570.148.08	84+16
field	NVOS32_PARAMETERS.data.AllocHintAlignment.alignOutputFlags	575.51.02	615.71.09	ABSENT
field	NVOS32_PARAMETERS.data.AllocHintAlignment.alignPad	535.309.01	615.71.09	76+4
field	NVOS32_PARAMETERS.data.AllocHintAlignment.alignPitch	535.309.01	615.71.09	72+4
field	NVOS32_PARAMETERS.data.AllocHintAlignment.alignSize	535.309.01	615.71.09	56+8
field	NVOS32_PARAMETERS.data.AllocHintAlignment.alignType	535.309.01	615.71.09	40+4
field	NVOS32_PARAMETERS.data.AllocHintAlignment.alignWidth	535.309.01	615.71.09	68+4
field	NVOS32_PARAMETERS.data.AllocOsDesc	535.309.01	615.71.09	40+48
field	NVOS32_PARAMETERS.data.AllocOsDesc.attr	535.309.01	615.71.09	52+4
field	NVOS32_PARAMETERS.data.AllocOsDesc.attr2	535.309.01	615.71.09	56+4
field	NVOS32_PARAMETERS.data.AllocOsDesc.descriptor	535.309.01	615.71.09	64+8
field	NVOS32_PARAMETERS.data.AllocOsDesc.descriptorType	535.309.01	615.71.09	80+4
field	NVOS32_PARAMETERS.data.AllocOsDesc.flags	535.309.01	615.71.09	48+4
field	NVOS32_PARAMETERS.data.AllocOsDesc.hMemory	535.309.01	615.71.09	40+4
field	NVOS32_PARAMETERS.data.AllocOsDesc.limit	535.309.01	615.71.09	72+8
field	NVOS32_PARAMETERS.data.AllocOsDesc.type	535.309.01	615.71.09	44+4
field	NVOS32_PARAMETERS.data.AllocSize	535.309.01	545.23.08	40+112
field	NVOS32_PARAMETERS.data.AllocSize	550.40.07	615.71.09	40+120
field	NVOS32_PARAMETERS.data.AllocSize.address	535.309.01	615.71.09	120+8
field	NVOS32_PARAMETERS.data.AllocSize.alignment	535.309.01	615.71.09	96+8
field	NVOS32_PARAMETERS.data.AllocSize.attr	535.309.01	615.71.09	56+4
field	NVOS32_PARAMETERS.data.AllocSize.attr2	535.309.01	615.71.09	144+4
field	NVOS32_PARAMETERS.data.AllocSize.comprCovg	535.309.01	615.71.09	64+4
field	NVOS32_PARAMETERS.data.AllocSize.ctagOffset	535.309.01	615.71.09	148+4
field	NVOS32_PARAMETERS.data.AllocSize.flags	535.309.01	615.71.09	52+4
field	NVOS32_PARAMETERS.data.AllocSize.format	535.309.01	615.71.09	60+4
field	NVOS32_PARAMETERS.data.AllocSize.hMemory	535.309.01	615.71.09	44+4
field	NVOS32_PARAMETERS.data.AllocSize.height	535.309.01	615.71.09	80+4
field	NVOS32_PARAMETERS.data.AllocSize.limit	535.309.01	615.71.09	112+8
field	NVOS32_PARAMETERS.data.AllocSize.numaNode	535.309.01	545.23.08	ABSENT
field	NVOS32_PARAMETERS.data.AllocSize.numaNode	550.40.07	615.71.09	152+4
field	NVOS32_PARAMETERS.data.AllocSize.offset	535.309.01	615.71.09	104+8
field	NVOS32_PARAMETERS.data.AllocSize.owner	535.309.01	615.71.09	40+4
field	NVOS32_PARAMETERS.data.AllocSize.partitionStride	535.309.01	615.71.09	72+4
field	NVOS32_PARAMETERS.data.AllocSize.rangeBegin	535.309.01	615.71.09	128+8
field	NVOS32_PARAMETERS.data.AllocSize.rangeEnd	535.309.01	615.71.09	136+8
field	NVOS32_PARAMETERS.data.AllocSize.size	535.309.01	615.71.09	88+8
field	NVOS32_PARAMETERS.data.AllocSize.type	535.309.01	615.71.09	48+4
field	NVOS32_PARAMETERS.data.AllocSize.width	535.309.01	615.71.09	76+4
field	NVOS32_PARAMETERS.data.AllocSize.zcullCovg	535.309.01	615.71.09	68+4
field	NVOS32_PARAMETERS.data.AllocSizeRange	535.309.01	545.23.08	40+104
field	NVOS32_PARAMETERS.data.AllocSizeRange	550.40.07	615.71.09	40+112
field	NVOS32_PARAMETERS.data.AllocSizeRange.address	535.309.01	615.71.09	128+8
field	NVOS32_PARAMETERS.data.AllocSizeRange.alignment	535.309.01	615.71.09	88+8
field	NVOS32_PARAMETERS.data.AllocSizeRange.attr	535.309.01	615.71.09	56+4
field	NVOS32_PARAMETERS.data.AllocSizeRange.attr2	535.309.01	615.71.09	136+4
field	NVOS32_PARAMETERS.data.AllocSizeRange.comprCovg	535.309.01	615.71.09	64+4
field	NVOS32_PARAMETERS.data.AllocSizeRange.ctagOffset	535.309.01	615.71.09	140+4
field	NVOS32_PARAMETERS.data.AllocSizeRange.flags	535.309.01	615.71.09	52+4
field	NVOS32_PARAMETERS.data.AllocSizeRange.format	535.309.01	615.71.09	60+4
field	NVOS32_PARAMETERS.data.AllocSizeRange.hMemory	535.309.01	615.71.09	44+4
field	NVOS32_PARAMETERS.data.AllocSizeRange.limit	535.309.01	615.71.09	104+8
field	NVOS32_PARAMETERS.data.AllocSizeRange.numaNode	535.309.01	545.23.08	ABSENT
field	NVOS32_PARAMETERS.data.AllocSizeRange.numaNode	550.40.07	615.71.09	144+4
field	NVOS32_PARAMETERS.data.AllocSizeRange.offset	535.309.01	615.71.09	96+8
field	NVOS32_PARAMETERS.data.AllocSizeRange.owner	535.309.01	615.71.09	40+4
field	NVOS32_PARAMETERS.data.AllocSizeRange.partitionStride	535.309.01	615.71.09	72+4
field	NVOS32_PARAMETERS.data.AllocSizeRange.rangeBegin	535.309.01	615.71.09	112+8
field	NVOS32_PARAMETERS.data.AllocSizeRange.rangeEnd	535.309.01	615.71.09	120+8
field	NVOS32_PARAMETERS.data.AllocSizeRange.size	535.309.01	615.71.09	80+8
field	NVOS32_PARAMETERS.data.AllocSizeRange.type	535.309.01	615.71.09	48+4
field	NVOS32_PARAMETERS.data.AllocSizeRange.zcullCovg	535.309.01	615.71.09	68+4
field	NVOS32_PARAMETERS.data.AllocTiledPitchHeight	535.309.01	545.23.08	40+112
field	NVOS32_PARAMETERS.data.AllocTiledPitchHeight	550.40.07	615.71.09	40+120
field	NVOS32_PARAMETERS.data.AllocTiledPitchHeight.address	535.309.01	615.71.09	120+8
field	NVOS32_PARAMETERS.data.AllocTiledPitchHeight.alignment	535.309.01	615.71.09	96+8
field	NVOS32_PARAMETERS.data.AllocTiledPitchHeight.attr	535.309.01	615.71.09	64+4
field	NVOS32_PARAMETERS.data.AllocTiledPitchHeight.attr2	535.309.01	615.71.09	144+4
field	NVOS32_PARAMETERS.data.AllocTiledPitchHeight.comprCovg	535.309.01	615.71.09	76+4
field	NVOS32_PARAMETERS.data.AllocTiledPitchHeight.ctagOffset	535.309.01	615.71.09	148+4
field	NVOS32_PARAMETERS.data.AllocTiledPitchHeight.flags	535.309.01	615.71.09	52+4
field	NVOS32_PARAMETERS.data.AllocTiledPitchHeight.format	535.309.01	615.71.09	72+4
field	NVOS32_PARAMETERS.data.AllocTiledPitchHeight.hMemory	535.309.01	615.71.09	44+4
field	NVOS32_PARAMETERS.data.AllocTiledPitchHeight.height	535.309.01	615.71.09	56+4
field	NVOS32_PARAMETERS.data.AllocTiledPitchHeight.limit	535.309.01	615.71.09	112+8
field	NVOS32_PARAMETERS.data.AllocTiledPitchHeight.numaNode	535.309.01	545.23.08	ABSENT
field	NVOS32_PARAMETERS.data.AllocTiledPitchHeight.numaNode	550.40.07	615.71.09	152+4
field	NVOS32_PARAMETERS.data.AllocTiledPitchHeight.offset	535.309.01	615.71.09	104+8
field	NVOS32_PARAMETERS.data.AllocTiledPitchHeight.owner	535.309.01	615.71.09	40+4
field	NVOS32_PARAMETERS.data.AllocTiledPitchHeight.partitionStride	535.309.01	615.71.09	84+4
field	NVOS32_PARAMETERS.data.AllocTiledPitchHeight.pitch	535.309.01	615.71.09	60+4
field	NVOS32_PARAMETERS.data.AllocTiledPitchHeight.rangeBegin	535.309.01	615.71.09	128+8
field	NVOS32_PARAMETERS.data.AllocTiledPitchHeight.rangeEnd	535.309.01	615.71.09	136+8
field	NVOS32_PARAMETERS.data.AllocTiledPitchHeight.size	535.309.01	615.71.09	88+8
field	NVOS32_PARAMETERS.data.AllocTiledPitchHeight.type	535.309.01	615.71.09	48+4
field	NVOS32_PARAMETERS.data.AllocTiledPitchHeight.width	535.309.01	615.71.09	68+4
field	NVOS32_PARAMETERS.data.AllocTiledPitchHeight.zcullCovg	535.309.01	615.71.09	80+4
field	NVOS32_PARAMETERS.data.Dump	535.309.01	570.148.08	40+24
field	NVOS32_PARAMETERS.data.Dump	575.51.02	615.71.09	ABSENT
field	NVOS32_PARAMETERS.data.Dump.flags	535.309.01	570.148.08	40+4
field	NVOS32_PARAMETERS.data.Dump.flags	575.51.02	615.71.09	ABSENT
field	NVOS32_PARAMETERS.data.Dump.numBlocks	535.309.01	570.148.08	56+4
field	NVOS32_PARAMETERS.data.Dump.numBlocks	575.51.02	615.71.09	ABSENT
field	NVOS32_PARAMETERS.data.Dump.pBuffer	535.309.01	570.148.08	48+8
field	NVOS32_PARAMETERS.data.Dump.pBuffer	575.51.02	615.71.09	ABSENT
field	NVOS32_PARAMETERS.data.Free	535.309.01	615.71.09	40+12
field	NVOS32_PARAMETERS.data.Free.flags	535.309.01	615.71.09	48+4
field	NVOS32_PARAMETERS.data.Free.hMemory	535.309.01	615.71.09	44+4
field	NVOS32_PARAMETERS.data.Free.owner	535.309.01	615.71.09	40+4
field	NVOS32_PARAMETERS.data.HwAlloc	535.309.01	615.71.09	40+144
field	NVOS32_PARAMETERS.data.HwAlloc.allocAddr	535.309.01	615.71.09	144+8
field	NVOS32_PARAMETERS.data.HwAlloc.allocAttr	535.309.01	615.71.09	56+4
field	NVOS32_PARAMETERS.data.HwAlloc.allocAttr2	535.309.01	615.71.09	136+4
field	NVOS32_PARAMETERS.data.HwAlloc.allocComprCovg	535.309.01	615.71.09	88+4
field	NVOS32_PARAMETERS.data.HwAlloc.allocHeight	535.309.01	615.71.09	72+4
field	NVOS32_PARAMETERS.data.HwAlloc.allocInputFlags	535.309.01	615.71.09	60+4
field	NVOS32_PARAMETERS.data.HwAlloc.allocMask	535.309.01	615.71.09	84+4
field	NVOS32_PARAMETERS.data.HwAlloc.allocOwner	535.309.01	615.71.09	40+4
field	NVOS32_PARAMETERS.data.HwAlloc.allocPitch	535.309.01	615.71.09	80+4
field	NVOS32_PARAMETERS.data.HwAlloc.allocSize	535.309.01	615.71.09	64+8
field	NVOS32_PARAMETERS.data.HwAlloc.allocType	535.309.01	615.71.09	52+4
field	NVOS32_PARAMETERS.data.HwAlloc.allocWidth	535.309.01	615.71.09	76+4
field	NVOS32_PARAMETERS.data.HwAlloc.allocZcullCovg	535.309.01	615.71.09	92+4
field	NVOS32_PARAMETERS.data.HwAlloc.allochMemory	535.309.01	615.71.09	44+4
field	NVOS32_PARAMETERS.data.HwAlloc.bindResultFunc	535.309.01	615.71.09	96+8
field	NVOS32_PARAMETERS.data.HwAlloc.comprInfo	535.309.01	615.71.09	152+24
field	NVOS32_PARAMETERS.data.HwAlloc.comprInfo.compPageIndexHi	535.309.01	615.71.09	168+4
field	NVOS32_PARAMETERS.data.HwAlloc.comprInfo.compPageIndexLo	535.309.01	615.71.09	164+4
field	NVOS32_PARAMETERS.data.HwAlloc.comprInfo.compPageShift	535.309.01	615.71.09	152+4
field	NVOS32_PARAMETERS.data.HwAlloc.comprInfo.compTagLineMin	535.309.01	615.71.09	160+4
field	NVOS32_PARAMETERS.data.HwAlloc.comprInfo.compTagLineMultiplier	535.309.01	615.71.09	172+4
field	NVOS32_PARAMETERS.data.HwAlloc.comprInfo.compressedKind	535.309.01	615.71.09	156+4
field	NVOS32_PARAMETERS.data.HwAlloc.flags	535.309.01	615.71.09	48+4
field	NVOS32_PARAMETERS.data.HwAlloc.hResourceHandle	535.309.01	615.71.09	112+4
field	NVOS32_PARAMETERS.data.HwAlloc.kind	535.309.01	615.71.09	120+4
field	NVOS32_PARAMETERS.data.HwAlloc.osDeviceHandle	535.309.01	615.71.09	128+8
field	NVOS32_PARAMETERS.data.HwAlloc.pHandle	535.309.01	615.71.09	104+8
field	NVOS32_PARAMETERS.data.HwAlloc.retAttr	535.309.01	615.71.09	116+4
field	NVOS32_PARAMETERS.data.HwAlloc.retAttr2	535.309.01	615.71.09	140+4
field	NVOS32_PARAMETERS.data.HwAlloc.uncompressedKind	535.309.01	615.71.09	176+4
field	NVOS32_PARAMETERS.data.HwFree	535.309.01	615.71.09	40+8
field	NVOS32_PARAMETERS.data.HwFree.flags	535.309.01	615.71.09	44+4
field	NVOS32_PARAMETERS.data.HwFree.hResourceHandle	535.309.01	615.71.09	40+4
field	NVOS32_PARAMETERS.data.Info	535.309.01	615.71.09	40+32
field	NVOS32_PARAMETERS.data.Info.attr	535.309.01	615.71.09	40+4
field	NVOS32_PARAMETERS.data.Info.base	535.309.01	615.71.09	64+8
field	NVOS32_PARAMETERS.data.Info.offset	535.309.01	615.71.09	48+8
field	NVOS32_PARAMETERS.data.Info.size	535.309.01	615.71.09	56+8
field	NVOS32_PARAMETERS.data.ReacquireCompr	535.309.01	615.71.09	40+12
field	NVOS32_PARAMETERS.data.ReacquireCompr.flags	535.309.01	615.71.09	44+4
field	NVOS32_PARAMETERS.data.ReacquireCompr.hMemory	535.309.01	615.71.09	48+4
field	NVOS32_PARAMETERS.data.ReacquireCompr.owner	535.309.01	615.71.09	40+4
field	NVOS32_PARAMETERS.data.ReleaseCompr	535.309.01	615.71.09	40+12
field	NVOS32_PARAMETERS.data.ReleaseCompr.flags	535.309.01	615.71.09	44+4
field	NVOS32_PARAMETERS.data.ReleaseCompr.hMemory	535.309.01	615.71.09	48+4
field	NVOS32_PARAMETERS.data.ReleaseCompr.owner	535.309.01	615.71.09	40+4
field	NVOS32_PARAMETERS.free	535.309.01	615.71.09	32+8
field	NVOS32_PARAMETERS.function	535.309.01	615.71.09	8+4
field	NVOS32_PARAMETERS.hObjectParent	535.309.01	615.71.09	4+4
field	NVOS32_PARAMETERS.hRoot	535.309.01	615.71.09	0+4
field	NVOS32_PARAMETERS.hVASpace	535.309.01	615.71.09	12+4
field	NVOS32_PARAMETERS.ivcHeapNumber	535.309.01	615.71.09	16+2
field	NVOS32_PARAMETERS.status	535.309.01	615.71.09	20+4
field	NVOS32_PARAMETERS.total	535.309.01	615.71.09	24+8
sizeof	NVOS33_PARAMETERS	535.309.01	615.71.09	0+48
field	NVOS33_PARAMETERS.flags	535.309.01	615.71.09	44+4
field	NVOS33_PARAMETERS.hClient	535.309.01	615.71.09	0+4
field	NVOS33_PARAMETERS.hDevice	535.309.01	615.71.09	4+4
field	NVOS33_PARAMETERS.hMemory	535.309.01	615.71.09	8+4
field	NVOS33_PARAMETERS.length	535.309.01	615.71.09	24+8
field	NVOS33_PARAMETERS.offset	535.309.01	615.71.09	16+8
field	NVOS33_PARAMETERS.pLinearAddress	535.309.01	615.71.09	32+8
field	NVOS33_PARAMETERS.status	535.309.01	615.71.09	40+4
sizeof	NVOS34_PARAMETERS	535.309.01	615.71.09	0+32
field	NVOS34_PARAMETERS.flags	535.309.01	615.71.09	28+4
field	NVOS34_PARAMETERS.hClient	535.309.01	615.71.09	0+4
field	NVOS34_PARAMETERS.hDevice	535.309.01	615.71.09	4+4
field	NVOS34_PARAMETERS.hMemory	535.309.01	615.71.09	8+4
field	NVOS34_PARAMETERS.pLinearAddress	535.309.01	615.71.09	16+8
field	NVOS34_PARAMETERS.status	535.309.01	615.71.09	24+4
sizeof	NVOS39_PARAMETERS	535.309.01	615.71.09	0+56
field	NVOS39_PARAMETERS.flags	535.309.01	615.71.09	16+4
field	NVOS39_PARAMETERS.hClass	535.309.01	615.71.09	12+4
field	NVOS39_PARAMETERS.hMemory	535.309.01	615.71.09	24+4
field	NVOS39_PARAMETERS.hObjectNew	535.309.01	615.71.09	8+4
field	NVOS39_PARAMETERS.hObjectParent	535.309.01	615.71.09	0+4
field	NVOS39_PARAMETERS.hSubDevice	535.309.01	615.71.09	4+4
field	NVOS39_PARAMETERS.limit	535.309.01	615.71.09	40+8
field	NVOS39_PARAMETERS.offset	535.309.01	615.71.09	32+8
field	NVOS39_PARAMETERS.selector	535.309.01	615.71.09	20+4
field	NVOS39_PARAMETERS.status	535.309.01	615.71.09	48+4
sizeof	NVOS46_PARAMETERS	535.309.01	575.64.05	0+56
sizeof	NVOS46_PARAMETERS	580.65.06	615.71.09	0+64
field	NVOS46_PARAMETERS.dmaOffset	535.309.01	575.64.05	40+8
field	NVOS46_PARAMETERS.dmaOffset	580.65.06	615.71.09	48+8
field	NVOS46_PARAMETERS.flags	535.309.01	615.71.09	32+4
field	NVOS46_PARAMETERS.flags2	535.309.01	575.64.05	ABSENT
field	NVOS46_PARAMETERS.flags2	580.65.06	615.71.09	36+4
field	NVOS46_PARAMETERS.hClient	535.309.01	615.71.09	0+4
field	NVOS46_PARAMETERS.hDevice	535.309.01	615.71.09	4+4
field	NVOS46_PARAMETERS.hDma	535.309.01	615.71.09	8+4
field	NVOS46_PARAMETERS.hMemory	535.309.01	615.71.09	12+4
field	NVOS46_PARAMETERS.kindOverride	535.309.01	575.64.05	ABSENT
field	NVOS46_PARAMETERS.kindOverride	580.65.06	615.71.09	40+4
field	NVOS46_PARAMETERS.length	535.309.01	615.71.09	24+8
field	NVOS46_PARAMETERS.offset	535.309.01	615.71.09	16+8
field	NVOS46_PARAMETERS.status	535.309.01	575.64.05	48+4
field	NVOS46_PARAMETERS.status	580.65.06	615.71.09	56+4
sizeof	NVOS47_PARAMETERS	535.309.01	545.23.08	0+40
sizeof	NVOS47_PARAMETERS	550.40.07	615.71.09	0+48
field	NVOS47_PARAMETERS.dmaOffset	535.309.01	615.71.09	24+8
field	NVOS47_PARAMETERS.flags	535.309.01	615.71.09	16+4
field	NVOS47_PARAMETERS.hClient	535.309.01	615.71.09	0+4
field	NVOS47_PARAMETERS.hDevice	535.309.01	615.71.09	4+4
field	NVOS47_PARAMETERS.hDma	535.309.01	615.71.09	8+4
field	NVOS47_PARAMETERS.hMemory	535.309.01	615.71.09	12+4
field	NVOS47_PARAMETERS.size	535.309.01	545.23.08	ABSENT
field	NVOS47_PARAMETERS.size	550.40.07	615.71.09	32+8
field	NVOS47_PARAMETERS.status	535.309.01	545.23.08	32+4
field	NVOS47_PARAMETERS.status	550.40.07	615.71.09	40+4
sizeof	NVOS54_PARAMETERS	535.309.01	615.71.09	0+32
field	NVOS54_PARAMETERS.cmd	535.309.01	615.71.09	8+4
field	NVOS54_PARAMETERS.flags	535.309.01	615.71.09	12+4
field	NVOS54_PARAMETERS.hClient	535.309.01	615.71.09	0+4
field	NVOS54_PARAMETERS.hObject	535.309.01	615.71.09	4+4
field	NVOS54_PARAMETERS.params	535.309.01	615.71.09	16+8
field	NVOS54_PARAMETERS.paramsSize	535.309.01	615.71.09	24+4
field	NVOS54_PARAMETERS.status	535.309.01	615.71.09	28+4
sizeof	NVOS55_PARAMETERS	535.309.01	615.71.09	0+28
field	NVOS55_PARAMETERS.flags	535.309.01	615.71.09	20+4
field	NVOS55_PARAMETERS.hClient	535.309.01	615.71.09	0+4
field	NVOS55_PARAMETERS.hClientSrc	535.309.01	615.71.09	12+4
field	NVOS55_PARAMETERS.hObject	535.309.01	615.71.09	8+4
field	NVOS55_PARAMETERS.hObjectSrc	535.309.01	615.71.09	16+4
field	NVOS55_PARAMETERS.hParent	535.309.01	615.71.09	4+4
field	NVOS55_PARAMETERS.status	535.309.01	615.71.09	24+4
sizeof	NVOS56_PARAMETERS	535.309.01	615.71.09	0+40
field	NVOS56_PARAMETERS.hClient	535.309.01	615.71.09	0+4
field	NVOS56_PARAMETERS.hDevice	535.309.01	615.71.09	4+4
field	NVOS56_PARAMETERS.hMemory	535.309.01	615.71.09	8+4
field	NVOS56_PARAMETERS.pNewCpuAddress	535.309.01	615.71.09	24+8
field	NVOS56_PARAMETERS.pOldCpuAddress	535.309.01	615.71.09	16+8
field	NVOS56_PARAMETERS.status	535.309.01	615.71.09	32+4
sizeof	NVOS57_PARAMETERS	535.309.01	615.71.09	0+24
field	NVOS57_PARAMETERS.hClient	535.309.01	615.71.09	0+4
field	NVOS57_PARAMETERS.hObject	535.309.01	615.71.09	4+4
field	NVOS57_PARAMETERS.sharePolicy	535.309.01	615.71.09	8+12
field	NVOS57_PARAMETERS.sharePolicy.accessMask	535.309.01	615.71.09	12+4
field	NVOS57_PARAMETERS.sharePolicy.accessMask.limbs	535.309.01	615.71.09	12+4
field	NVOS57_PARAMETERS.sharePolicy.action	535.309.01	615.71.09	18+1
field	NVOS57_PARAMETERS.sharePolicy.target	535.309.01	615.71.09	8+4
field	NVOS57_PARAMETERS.sharePolicy.type	535.309.01	615.71.09	16+2
field	NVOS57_PARAMETERS.status	535.309.01	615.71.09	20+4
sizeof	NVOS64_PARAMETERS	535.309.01	615.71.09	0+48
field	NVOS64_PARAMETERS.flags	535.309.01	615.71.09	36+4
field	NVOS64_PARAMETERS.hClass	535.309.01	615.71.09	12+4
field	NVOS64_PARAMETERS.hObjectNew	535.309.01	615.71.09	8+4
field	NVOS64_PARAMETERS.hObjectParent	535.309.01	615.71.09	4+4
field	NVOS64_PARAMETERS.hRoot	535.309.01	615.71.09	0+4
field	NVOS64_PARAMETERS.pAllocParms	535.309.01	615.71.09	16+8
field	NVOS64_PARAMETERS.pRightsRequested	535.309.01	615.71.09	24+8
field	NVOS64_PARAMETERS.paramsSize	535.309.01	615.71.09	32+4
field	NVOS64_PARAMETERS.status	535.309.01	615.71.09	40+4
sizeof	NV_CHANNEL_ALLOC_PARAMS	535.309.01	565.57.01	0+360
sizeof	NV_CHANNEL_ALLOC_PARAMS	570.86.15	595.84	0+368
sizeof	NV_CHANNEL_ALLOC_PARAMS	610.43.02	615.71.09	0+376
field	NV_CHANNEL_ALLOC_PARAMS.ProcessID	535.309.01	595.84	296+4
field	NV_CHANNEL_ALLOC_PARAMS.ProcessID	610.43.02	615.71.09	304+4
field	NV_CHANNEL_ALLOC_PARAMS.SubProcessID	535.309.01	595.84	300+4
field	NV_CHANNEL_ALLOC_PARAMS.SubProcessID	610.43.02	615.71.09	308+4
field	NV_CHANNEL_ALLOC_PARAMS.cid	535.309.01	595.84	132+4
field	NV_CHANNEL_ALLOC_PARAMS.cid	610.43.02	615.71.09	140+4
field	NV_CHANNEL_ALLOC_PARAMS.decryptIv	535.309.01	595.84	316+12
field	NV_CHANNEL_ALLOC_PARAMS.decryptIv	610.43.02	615.71.09	324+12
field	NV_CHANNEL_ALLOC_PARAMS.eccErrorNotifierMem	535.309.01	595.84	272+24
field	NV_CHANNEL_ALLOC_PARAMS.eccErrorNotifierMem	610.43.02	615.71.09	280+24
field	NV_CHANNEL_ALLOC_PARAMS.eccErrorNotifierMem.addressSpace	535.309.01	595.84	288+4
field	NV_CHANNEL_ALLOC_PARAMS.eccErrorNotifierMem.addressSpace	610.43.02	615.71.09	296+4
field	NV_CHANNEL_ALLOC_PARAMS.eccErrorNotifierMem.base	535.309.01	595.84	272+8
field	NV_CHANNEL_ALLOC_PARAMS.eccErrorNotifierMem.base	610.43.02	615.71.09	280+8
field	NV_CHANNEL_ALLOC_PARAMS.eccErrorNotifierMem.cacheAttrib	535.309.01	595.84	292+4
field	NV_CHANNEL_ALLOC_PARAMS.eccErrorNotifierMem.cacheAttrib	610.43.02	615.71.09	300+4
field	NV_CHANNEL_ALLOC_PARAMS.eccErrorNotifierMem.size	535.309.01	595.84	280+8
field	NV_CHANNEL_ALLOC_PARAMS.eccErrorNotifierMem.size	610.43.02	615.71.09	288+8
field	NV_CHANNEL_ALLOC_PARAMS.encryptIv	535.309.01	595.84	304+12
field	NV_CHANNEL_ALLOC_PARAMS.encryptIv	610.43.02	615.71.09	312+12
field	NV_CHANNEL_ALLOC_PARAMS.engineType	535.309.01	595.84	128+4
field	NV_CHANNEL_ALLOC_PARAMS.engineType	610.43.02	615.71.09	136+4
field	NV_CHANNEL_ALLOC_PARAMS.errorNotifierMem	535.309.01	595.84	248+24
field	NV_CHANNEL_ALLOC_PARAMS.errorNotifierMem	610.43.02	615.71.09	256+24
field	NV_CHANNEL_ALLOC_PARAMS.errorNotifierMem.addressSpace	535.309.01	595.84	264+4
field	NV_CHANNEL_ALLOC_PARAMS.errorNotifierMem.addressSpace	610.43.02	615.71.09	272+4
field	NV_CHANNEL_ALLOC_PARAMS.errorNotifierMem.base	535.309.01	595.84	248+8
field	NV_CHANNEL_ALLOC_PARAMS.errorNotifierMem.base	610.43.02	615.71.09	256+8
field	NV_CHANNEL_ALLOC_PARAMS.errorNotifierMem.cacheAttrib	535.309.01	595.84	268+4
field	NV_CHANNEL_ALLOC_PARAMS.errorNotifierMem.cacheAttrib	610.43.02	615.71.09	276+4
field	NV_CHANNEL_ALLOC_PARAMS.errorNotifierMem.size	535.309.01	595.84	256+8
field	NV_CHANNEL_ALLOC_PARAMS.errorNotifierMem.size	610.43.02	615.71.09	264+8
field	NV_CHANNEL_ALLOC_PARAMS.flags	535.309.01	615.71.09	20+4
field	NV_CHANNEL_ALLOC_PARAMS.gpFifoEntries	535.309.01	615.71.09	16+4
field	NV_CHANNEL_ALLOC_PARAMS.gpFifoOffset	535.309.01	615.71.09	8+8
field	NV_CHANNEL_ALLOC_PARAMS.hContextShare	535.309.01	615.71.09	24+4
field	NV_CHANNEL_ALLOC_PARAMS.hHandleVASpace	535.309.01	595.84	ABSENT
field	NV_CHANNEL_ALLOC_PARAMS.hHandleVASpace	610.43.02	615.71.09	32+4
field	NV_CHANNEL_ALLOC_PARAMS.hObjectBuffer	535.309.01	615.71.09	4+4
field	NV_CHANNEL_ALLOC_PARAMS.hObjectEccError	535.309.01	595.84	140+4
field	NV_CHANNEL_ALLOC_PARAMS.hObjectEccError	610.43.02	615.71.09	148+4
field	NV_CHANNEL_ALLOC_PARAMS.hObjectError	535.309.01	615.71.09	0+4
field	NV_CHANNEL_ALLOC_PARAMS.hPhysChannelGroup	535.309.01	595.84	240+4
field	NV_CHANNEL_ALLOC_PARAMS.hPhysChannelGroup	610.43.02	615.71.09	248+4
field	NV_CHANNEL_ALLOC_PARAMS.hUserdMemory	535.309.01	595.84	32+32
field	NV_CHANNEL_ALLOC_PARAMS.hUserdMemory	610.43.02	615.71.09	36+32
field	NV_CHANNEL_ALLOC_PARAMS.hVASpace	535.309.01	615.71.09	28+4
field	NV_CHANNEL_ALLOC_PARAMS.hmacNonce	535.309.01	595.84	328+32
field	NV_CHANNEL_ALLOC_PARAMS.hmacNonce	610.43.02	615.71.09	336+32
field	NV_CHANNEL_ALLOC_PARAMS.instanceMem	535.309.01	595.84	144+24
field	NV_CHANNEL_ALLOC_PARAMS.instanceMem	610.43.02	615.71.09	152+24
field	NV_CHANNEL_ALLOC_PARAMS.instanceMem.addressSpace	535.309.01	595.84	160+4
field	NV_CHANNEL_ALLOC_PARAMS.instanceMem.addressSpace	610.43.02	615.71.09	168+4
field	NV_CHANNEL_ALLOC_PARAMS.instanceMem.base	535.309.01	595.84	144+8
field	NV_CHANNEL_ALLOC_PARAMS.instanceMem.base	610.43.02	615.71.09	152+8
field	NV_CHANNEL_ALLOC_PARAMS.instanceMem.cacheAttrib	535.309.01	595.84	164+4
field	NV_CHANNEL_ALLOC_PARAMS.instanceMem.cacheAttrib	610.43.02	615.71.09	172+4
field	NV_CHANNEL_ALLOC_PARAMS.instanceMem.size	535.309.01	595.84	152+8
field	NV_CHANNEL_ALLOC_PARAMS.instanceMem.size	610.43.02	615.71.09	160+8
field	NV_CHANNEL_ALLOC_PARAMS.internalFlags	535.309.01	595.84	244+4
field	NV_CHANNEL_ALLOC_PARAMS.internalFlags	610.43.02	615.71.09	252+4
field	NV_CHANNEL_ALLOC_PARAMS.mthdbufMem	535.309.01	595.84	216+24
field	NV_CHANNEL_ALLOC_PARAMS.mthdbufMem	610.43.02	615.71.09	224+24
field	NV_CHANNEL_ALLOC_PARAMS.mthdbufMem.addressSpace	535.309.01	595.84	232+4
field	NV_CHANNEL_ALLOC_PARAMS.mthdbufMem.addressSpace	610.43.02	615.71.09	240+4
field	NV_CHANNEL_ALLOC_PARAMS.mthdbufMem.base	535.309.01	595.84	216+8
field	NV_CHANNEL_ALLOC_PARAMS.mthdbufMem.base	610.43.02	615.71.09	224+8
field	NV_CHANNEL_ALLOC_PARAMS.mthdbufMem.cacheAttrib	535.309.01	595.84	236+4
field	NV_CHANNEL_ALLOC_PARAMS.mthdbufMem.cacheAttrib	610.43.02	615.71.09	244+4
field	NV_CHANNEL_ALLOC_PARAMS.mthdbufMem.size	535.309.01	595.84	224+8
field	NV_CHANNEL_ALLOC_PARAMS.mthdbufMem.size	610.43.02	615.71.09	232+8
field	NV_CHANNEL_ALLOC_PARAMS.ramfcMem	535.309.01	595.84	192+24
field	NV_CHANNEL_ALLOC_PARAMS.ramfcMem	610.43.02	615.71.09	200+24
field	NV_CHANNEL_ALLOC_PARAMS.ramfcMem.addressSpace	535.309.01	595.84	208+4
field	NV_CHANNEL_ALLOC_PARAMS.ramfcMem.addressSpace	610.43.02	615.71.09	216+4
field	NV_CHANNEL_ALLOC_PARAMS.ramfcMem.base	535.309.01	595.84	192+8
field	NV_CHANNEL_ALLOC_PARAMS.ramfcMem.base	610.43.02	615.71.09	200+8
field	NV_CHANNEL_ALLOC_PARAMS.ramfcMem.cacheAttrib	535.309.01	595.84	212+4
field	NV_CHANNEL_ALLOC_PARAMS.ramfcMem.cacheAttrib	610.43.02	615.71.09	220+4
field	NV_CHANNEL_ALLOC_PARAMS.ramfcMem.size	535.309.01	595.84	200+8
field	NV_CHANNEL_ALLOC_PARAMS.ramfcMem.size	610.43.02	615.71.09	208+8
field	NV_CHANNEL_ALLOC_PARAMS.subDeviceId	535.309.01	595.84	136+4
field	NV_CHANNEL_ALLOC_PARAMS.subDeviceId	610.43.02	615.71.09	144+4
field	NV_CHANNEL_ALLOC_PARAMS.tpcConfigID	535.309.01	565.57.01	ABSENT
field	NV_CHANNEL_ALLOC_PARAMS.tpcConfigID	570.86.15	595.84	360+4
field	NV_CHANNEL_ALLOC_PARAMS.tpcConfigID	610.43.02	615.71.09	368+4
field	NV_CHANNEL_ALLOC_PARAMS.userdMem	535.309.01	595.84	168+24
field	NV_CHANNEL_ALLOC_PARAMS.userdMem	610.43.02	615.71.09	176+24
field	NV_CHANNEL_ALLOC_PARAMS.userdMem.addressSpace	535.309.01	595.84	184+4
field	NV_CHANNEL_ALLOC_PARAMS.userdMem.addressSpace	610.43.02	615.71.09	192+4
field	NV_CHANNEL_ALLOC_PARAMS.userdMem.base	535.309.01	595.84	168+8
field	NV_CHANNEL_ALLOC_PARAMS.userdMem.base	610.43.02	615.71.09	176+8
field	NV_CHANNEL_ALLOC_PARAMS.userdMem.cacheAttrib	535.309.01	595.84	188+4
field	NV_CHANNEL_ALLOC_PARAMS.userdMem.cacheAttrib	610.43.02	615.71.09	196+4
field	NV_CHANNEL_ALLOC_PARAMS.userdMem.size	535.309.01	595.84	176+8
field	NV_CHANNEL_ALLOC_PARAMS.userdMem.size	610.43.02	615.71.09	184+8
field	NV_CHANNEL_ALLOC_PARAMS.userdOffset	535.309.01	595.84	64+64
field	NV_CHANNEL_ALLOC_PARAMS.userdOffset	610.43.02	615.71.09	72+64
sizeof	NV_CHANNEL_GROUP_ALLOCATION_PARAMETERS	535.309.01	610.57.04	0+20
sizeof	NV_CHANNEL_GROUP_ALLOCATION_PARAMETERS	615.71.09	615.71.09	0+28
field	NV_CHANNEL_GROUP_ALLOCATION_PARAMETERS.bIsCallingContextVgpuPlugin	535.309.01	615.71.09	16+1
field	NV_CHANNEL_GROUP_ALLOCATION_PARAMETERS.engineType	535.309.01	615.71.09	12+4
field	NV_CHANNEL_GROUP_ALLOCATION_PARAMETERS.hObjectEccError	535.309.01	615.71.09	4+4
field	NV_CHANNEL_GROUP_ALLOCATION_PARAMETERS.hObjectError	535.309.01	615.71.09	0+4
field	NV_CHANNEL_GROUP_ALLOCATION_PARAMETERS.hVASpace	535.309.01	615.71.09	8+4
field	NV_CHANNEL_GROUP_ALLOCATION_PARAMETERS.internalFlags	535.309.01	610.57.04	ABSENT
field	NV_CHANNEL_GROUP_ALLOCATION_PARAMETERS.internalFlags	615.71.09	615.71.09	24+4
field	NV_CHANNEL_GROUP_ALLOCATION_PARAMETERS.reserved	535.309.01	610.57.04	ABSENT
field	NV_CHANNEL_GROUP_ALLOCATION_PARAMETERS.reserved	615.71.09	615.71.09	20+4
sizeof	NV_CONTEXT_DMA_ALLOCATION_PARAMS	535.309.01	615.71.09	0+32
field	NV_CONTEXT_DMA_ALLOCATION_PARAMS.flags	535.309.01	615.71.09	4+4
field	NV_CONTEXT_DMA_ALLOCATION_PARAMS.hMemory	535.309.01	615.71.09	8+4
field	NV_CONTEXT_DMA_ALLOCATION_PARAMS.hSubDevice	535.309.01	615.71.09	0+4
field	NV_CONTEXT_DMA_ALLOCATION_PARAMS.limit	535.309.01	615.71.09	24+8
field	NV_CONTEXT_DMA_ALLOCATION_PARAMS.offset	535.309.01	615.71.09	16+8
sizeof	NV_CTXSHARE_ALLOCATION_PARAMETERS	535.309.01	615.71.09	0+12
field	NV_CTXSHARE_ALLOCATION_PARAMETERS.flags	535.309.01	615.71.09	4+4
field	NV_CTXSHARE_ALLOCATION_PARAMETERS.hVASpace	535.309.01	615.71.09	0+4
field	NV_CTXSHARE_ALLOCATION_PARAMETERS.subctxId	535.309.01	615.71.09	8+4
sizeof	NV_GR_ALLOCATION_PARAMETERS	535.309.01	615.71.09	0+16
field	NV_GR_ALLOCATION_PARAMETERS.caps	535.309.01	615.71.09	12+4
field	NV_GR_ALLOCATION_PARAMETERS.flags	535.309.01	615.71.09	4+4
field	NV_GR_ALLOCATION_PARAMETERS.size	535.309.01	615.71.09	8+4
field	NV_GR_ALLOCATION_PARAMETERS.version	535.309.01	615.71.09	0+4
sizeof	NV_MEMORY_ALLOCATION_PARAMS	535.309.01	535.309.01	0+120
sizeof	NV_MEMORY_ALLOCATION_PARAMS	545.23.08	615.71.09	0+128
field	NV_MEMORY_ALLOCATION_PARAMS.address	535.309.01	615.71.09	96+8
field	NV_MEMORY_ALLOCATION_PARAMS.alignment	535.309.01	615.71.09	72+8
field	NV_MEMORY_ALLOCATION_PARAMS.attr	535.309.01	615.71.09	24+4
field	NV_MEMORY_ALLOCATION_PARAMS.attr2	535.309.01	615.71.09	28+4
field	NV_MEMORY_ALLOCATION_PARAMS.comprCovg	535.309.01	615.71.09	36+4
field	NV_MEMORY_ALLOCATION_PARAMS.ctagOffset	535.309.01	615.71.09	104+4
field	NV_MEMORY_ALLOCATION_PARAMS.flags	535.309.01	615.71.09	8+4
field	NV_MEMORY_ALLOCATION_PARAMS.format	535.309.01	615.71.09	32+4
field	NV_MEMORY_ALLOCATION_PARAMS.hVASpace	535.309.01	615.71.09	108+4
field	NV_MEMORY_ALLOCATION_PARAMS.height	535.309.01	615.71.09	16+4
field	NV_MEMORY_ALLOCATION_PARAMS.internalflags	535.309.01	615.71.09	112+4
field	NV_MEMORY_ALLOCATION_PARAMS.limit	535.309.01	615.71.09	88+8
field	NV_MEMORY_ALLOCATION_PARAMS.numaNode	535.309.01	535.309.01	ABSENT
field	NV_MEMORY_ALLOCATION_PARAMS.numaNode	545.23.08	615.71.09	120+4
field	NV_MEMORY_ALLOCATION_PARAMS.offset	535.309.01	615.71.09	80+8
field	NV_MEMORY_ALLOCATION_PARAMS.owner	535.309.01	615.71.09	0+4
field	NV_MEMORY_ALLOCATION_PARAMS.pitch	535.309.01	615.71.09	20+4
field	NV_MEMORY_ALLOCATION_PARAMS.rangeHi	535.309.01	615.71.09	56+8
field	NV_MEMORY_ALLOCATION_PARAMS.rangeLo	535.309.01	615.71.09	48+8
field	NV_MEMORY_ALLOCATION_PARAMS.size	535.309.01	615.71.09	64+8
field	NV_MEMORY_ALLOCATION_PARAMS.tag	535.309.01	615.71.09	116+4
field	NV_MEMORY_ALLOCATION_PARAMS.type	535.309.01	615.71.09	4+4
field	NV_MEMORY_ALLOCATION_PARAMS.width	535.309.01	615.71.09	12+4
field	NV_MEMORY_ALLOCATION_PARAMS.zcullCovg	535.309.01	615.71.09	40+4
sizeof	NV_MEMORY_VIRTUAL_ALLOCATION_PARAMS	535.309.01	615.71.09	0+24
field	NV_MEMORY_VIRTUAL_ALLOCATION_PARAMS.hVASpace	535.309.01	615.71.09	16+4
field	NV_MEMORY_VIRTUAL_ALLOCATION_PARAMS.limit	535.309.01	615.71.09	8+8
field	NV_MEMORY_VIRTUAL_ALLOCATION_PARAMS.offset	535.309.01	615.71.09	0+8
sizeof	NV_OS_DESC_MEMORY_ALLOCATION_PARAMS	535.309.01	615.71.09	0+40
field	NV_OS_DESC_MEMORY_ALLOCATION_PARAMS.attr	535.309.01	615.71.09	8+4
field	NV_OS_DESC_MEMORY_ALLOCATION_PARAMS.attr2	535.309.01	615.71.09	12+4
field	NV_OS_DESC_MEMORY_ALLOCATION_PARAMS.descriptor	535.309.01	615.71.09	16+8
field	NV_OS_DESC_MEMORY_ALLOCATION_PARAMS.descriptorType	535.309.01	615.71.09	32+4
field	NV_OS_DESC_MEMORY_ALLOCATION_PARAMS.flags	535.309.01	615.71.09	4+4
field	NV_OS_DESC_MEMORY_ALLOCATION_PARAMS.limit	535.309.01	615.71.09	24+8
field	NV_OS_DESC_MEMORY_ALLOCATION_PARAMS.tag	535.309.01	615.71.09	36+4
field	NV_OS_DESC_MEMORY_ALLOCATION_PARAMS.type	535.309.01	615.71.09	0+4
sizeof	NV_SEMAPHORE_SURFACE_ALLOC_PARAMETERS	535.309.01	615.71.09	0+16
field	NV_SEMAPHORE_SURFACE_ALLOC_PARAMETERS.flags	535.309.01	615.71.09	8+8
field	NV_SEMAPHORE_SURFACE_ALLOC_PARAMETERS.hMaxSubmittedMem	535.309.01	615.71.09	4+4
field	NV_SEMAPHORE_SURFACE_ALLOC_PARAMETERS.hSemaphoreMem	535.309.01	615.71.09	0+4
sizeof	NV_VASPACE_ALLOCATION_PARAMETERS	535.309.01	575.64.05	0+48
sizeof	NV_VASPACE_ALLOCATION_PARAMETERS	580.65.06	615.71.09	0+56
field	NV_VASPACE_ALLOCATION_PARAMETERS.bigPageSize	535.309.01	615.71.09	32+4
field	NV_VASPACE_ALLOCATION_PARAMETERS.flags	535.309.01	615.71.09	4+4
field	NV_VASPACE_ALLOCATION_PARAMETERS.index	535.309.01	615.71.09	0+4
field	NV_VASPACE_ALLOCATION_PARAMETERS.pasid	535.309.01	575.64.05	ABSENT
field	NV_VASPACE_ALLOCATION_PARAMETERS.pasid	580.65.06	615.71.09	48+4
field	NV_VASPACE_ALLOCATION_PARAMETERS.vaBase	535.309.01	615.71.09	40+8
field	NV_VASPACE_ALLOCATION_PARAMETERS.vaLimitInternal	535.309.01	615.71.09	24+8
field	NV_VASPACE_ALLOCATION_PARAMETERS.vaSize	535.309.01	615.71.09	8+8
field	NV_VASPACE_ALLOCATION_PARAMETERS.vaStartInternal	535.309.01	615.71.09	16+8
sizeof	UVM_MAP_EXTERNAL_ALLOCATION_PARAMS	535.309.01	550.40.07	0+1200
sizeof	UVM_MAP_EXTERNAL_ALLOCATION_PARAMS	550.54.14	615.71.09	0+9264
field	UVM_MAP_EXTERNAL_ALLOCATION_PARAMS.base	535.309.01	615.71.09	0+8
field	UVM_MAP_EXTERNAL_ALLOCATION_PARAMS.gpuAttributesCount	535.309.01	550.40.07	1176+8
field	UVM_MAP_EXTERNAL_ALLOCATION_PARAMS.gpuAttributesCount	550.54.14	615.71.09	9240+8
field	UVM_MAP_EXTERNAL_ALLOCATION_PARAMS.hClient	535.309.01	550.40.07	1188+4
field	UVM_MAP_EXTERNAL_ALLOCATION_PARAMS.hClient	550.54.14	615.71.09	9252+4
field	UVM_MAP_EXTERNAL_ALLOCATION_PARAMS.hMemory	535.309.01	550.40.07	1192+4
field	UVM_MAP_EXTERNAL_ALLOCATION_PARAMS.hMemory	550.54.14	615.71.09	9256+4
field	UVM_MAP_EXTERNAL_ALLOCATION_PARAMS.length	535.309.01	615.71.09	8+8
field	UVM_MAP_EXTERNAL_ALLOCATION_PARAMS.offset	535.309.01	615.71.09	16+8
field	UVM_MAP_EXTERNAL_ALLOCATION_PARAMS.perGpuAttributes	535.309.01	550.40.07	24+1152
field	UVM_MAP_EXTERNAL_ALLOCATION_PARAMS.perGpuAttributes	550.54.14	615.71.09	24+9216
field	UVM_MAP_EXTERNAL_ALLOCATION_PARAMS.perGpuAttributes[]	535.309.01	615.71.09	24+36
field	UVM_MAP_EXTERNAL_ALLOCATION_PARAMS.perGpuAttributes[].gpuCachingType	535.309.01	615.71.09	44+4
field	UVM_MAP_EXTERNAL_ALLOCATION_PARAMS.perGpuAttributes[].gpuCompressionType	535.309.01	615.71.09	56+4
field	UVM_MAP_EXTERNAL_ALLOCATION_PARAMS.perGpuAttributes[].gpuElementBits	535.309.01	615.71.09	52+4
field	UVM_MAP_EXTERNAL_ALLOCATION_PARAMS.perGpuAttributes[].gpuFormatType	535.309.01	615.71.09	48+4
field	UVM_MAP_EXTERNAL_ALLOCATION_PARAMS.perGpuAttributes[].gpuMappingType	535.309.01	615.71.09	40+4
field	UVM_MAP_EXTERNAL_ALLOCATION_PARAMS.perGpuAttributes[].gpuUuid	535.309.01	615.71.09	24+16
field	UVM_MAP_EXTERNAL_ALLOCATION_PARAMS.perGpuAttributes[].gpuUuid.uuid	535.309.01	615.71.09	24+16
field	UVM_MAP_EXTERNAL_ALLOCATION_PARAMS.rmCtrlFd	535.309.01	550.40.07	1184+4
field	UVM_MAP_EXTERNAL_ALLOCATION_PARAMS.rmCtrlFd	550.54.14	615.71.09	9248+4
field	UVM_MAP_EXTERNAL_ALLOCATION_PARAMS.rmStatus	535.309.01	550.40.07	1196+4
field	UVM_MAP_EXTERNAL_ALLOCATION_PARAMS.rmStatus	550.54.14	615.71.09	9260+4
sizeof	UVM_REGISTER_GPU_PARAMS	535.309.01	615.71.09	0+40
field	UVM_REGISTER_GPU_PARAMS.gpu_uuid	535.309.01	615.71.09	0+16
field	UVM_REGISTER_GPU_PARAMS.gpu_uuid.uuid	535.309.01	615.71.09	0+16
field	UVM_REGISTER_GPU_PARAMS.hClient	535.309.01	615.71.09	28+4
field	UVM_REGISTER_GPU_PARAMS.hSmcPartRef	535.309.01	615.71.09	32+4
field	UVM_REGISTER_GPU_PARAMS.numaEnabled	535.309.01	615.71.09	16+1
field	UVM_REGISTER_GPU_PARAMS.numaNodeId	535.309.01	615.71.09	20+4
field	UVM_REGISTER_GPU_PARAMS.rmCtrlFd	535.309.01	615.71.09	24+4
field	UVM_REGISTER_GPU_PARAMS.rmStatus	535.309.01	615.71.09	36+4
sizeof	msgqRxHeader	535.309.01	610.57.04	0+4
sizeof	msgqRxHeader	615.71.09	615.71.09	ABSENT
field	msgqRxHeader.readPtr	535.309.01	610.57.04	0+4
field	msgqRxHeader.readPtr	615.71.09	615.71.09	ABSENT
sizeof	msgqTxHeader	535.309.01	615.71.09	0+32
field	msgqTxHeader.entryOff	535.309.01	610.57.04	28+4
field	msgqTxHeader.entryOff	615.71.09	615.71.09	16+4
field	msgqTxHeader.flags	535.309.01	610.57.04	20+4
field	msgqTxHeader.flags	615.71.09	615.71.09	ABSENT
field	msgqTxHeader.msgCount	535.309.01	615.71.09	12+4
field	msgqTxHeader.msgSize	535.309.01	615.71.09	8+4
field	msgqTxHeader.reserved	535.309.01	610.57.04	ABSENT
field	msgqTxHeader.reserved	615.71.09	615.71.09	20+12
field	msgqTxHeader.rxHdrOff	535.309.01	610.57.04	24+4
field	msgqTxHeader.rxHdrOff	615.71.09	615.71.09	ABSENT
field	msgqTxHeader.size	535.309.01	615.71.09	4+4
field	msgqTxHeader.version	535.309.01	610.57.04	0+4
field	msgqTxHeader.version	615.71.09	615.71.09	ABSENT
field	msgqTxHeader.versionMajor	535.309.01	610.57.04	ABSENT
field	msgqTxHeader.versionMajor	615.71.09	615.71.09	0+2
field	msgqTxHeader.versionMinor	535.309.01	610.57.04	ABSENT
field	msgqTxHeader.versionMinor	615.71.09	615.71.09	2+2
field	msgqTxHeader.writePtr	535.309.01	610.57.04	16+4
field	msgqTxHeader.writePtr	615.71.09	615.71.09	ABSENT
sizeof	nv_ioctl_card_info_t	535.309.01	615.71.09	0+72
field	nv_ioctl_card_info_t.dev_name	535.309.01	615.71.09	60+10
field	nv_ioctl_card_info_t.fb_address	535.309.01	615.71.09	40+8
field	nv_ioctl_card_info_t.fb_size	535.309.01	615.71.09	48+8
field	nv_ioctl_card_info_t.gpu_id	535.309.01	615.71.09	16+4
field	nv_ioctl_card_info_t.interrupt_line	535.309.01	615.71.09	20+2
field	nv_ioctl_card_info_t.minor_number	535.309.01	615.71.09	56+4
field	nv_ioctl_card_info_t.pci_info	535.309.01	615.71.09	4+12
field	nv_ioctl_card_info_t.pci_info.bus	535.309.01	615.71.09	8+1
field	nv_ioctl_card_info_t.pci_info.device_id	535.309.01	615.71.09	14+2
field	nv_ioctl_card_info_t.pci_info.domain	535.309.01	615.71.09	4+4
field	nv_ioctl_card_info_t.pci_info.function	535.309.01	615.71.09	10+1
field	nv_ioctl_card_info_t.pci_info.slot	535.309.01	615.71.09	9+1
field	nv_ioctl_card_info_t.pci_info.vendor_id	535.309.01	615.71.09	12+2
field	nv_ioctl_card_info_t.reg_address	535.309.01	615.71.09	24+8
field	nv_ioctl_card_info_t.reg_size	535.309.01	615.71.09	32+8
field	nv_ioctl_card_info_t.valid	535.309.01	615.71.09	0+1
sizeof	nv_ioctl_export_to_dma_buf_fd_t	535.309.01	565.57.01	0+2600
sizeof	nv_ioctl_export_to_dma_buf_fd_t	570.86.15	615.71.09	0+2608
field	nv_ioctl_export_to_dma_buf_fd_t.bAllowMmap	535.309.01	575.64.05	ABSENT
field	nv_ioctl_export_to_dma_buf_fd_t.bAllowMmap	580.65.06	615.71.09	33+1
field	nv_ioctl_export_to_dma_buf_fd_t.fd	535.309.01	615.71.09	0+4
field	nv_ioctl_export_to_dma_buf_fd_t.hClient	535.309.01	615.71.09	4+4
field	nv_ioctl_export_to_dma_buf_fd_t.handles	535.309.01	565.57.01	32+512
field	nv_ioctl_export_to_dma_buf_fd_t.handles	570.86.15	615.71.09	36+512
field	nv_ioctl_export_to_dma_buf_fd_t.index	535.309.01	615.71.09	16+4
field	nv_ioctl_export_to_dma_buf_fd_t.mappingType	535.309.01	565.57.01	ABSENT
field	nv_ioctl_export_to_dma_buf_fd_t.mappingType	570.86.15	615.71.09	32+1
field	nv_ioctl_export_to_dma_buf_fd_t.numObjects	535.309.01	615.71.09	12+4
field	nv_ioctl_export_to_dma_buf_fd_t.offsets	535.309.01	565.57.01	544+1024
field	nv_ioctl_export_to_dma_buf_fd_t.offsets	570.86.15	615.71.09	552+1024
field	nv_ioctl_export_to_dma_buf_fd_t.sizes	535.309.01	565.57.01	1568+1024
field	nv_ioctl_export_to_dma_buf_fd_t.sizes	570.86.15	615.71.09	1576+1024
field	nv_ioctl_export_to_dma_buf_fd_t.status	535.309.01	565.57.01	2592+4
field	nv_ioctl_export_to_dma_buf_fd_t.status	570.86.15	615.71.09	2600+4
field	nv_ioctl_export_to_dma_buf_fd_t.totalObjects	535.309.01	615.71.09	8+4
field	nv_ioctl_export_to_dma_buf_fd_t.totalSize	535.309.01	615.71.09	24+8
sizeof	nv_ioctl_numa_info_t	535.309.01	580.178.04	ABSENT
sizeof	nv_ioctl_numa_info_t	590.48.01	615.71.09	0+560
field	nv_ioctl_numa_info_t.memblock_size	535.309.01	580.178.04	ABSENT
field	nv_ioctl_numa_info_t.memblock_size	590.48.01	615.71.09	8+8
field	nv_ioctl_numa_info_t.nid	535.309.01	580.178.04	ABSENT
field	nv_ioctl_numa_info_t.nid	590.48.01	615.71.09	0+4
field	nv_ioctl_numa_info_t.numa_mem_addr	535.309.01	580.178.04	ABSENT
field	nv_ioctl_numa_info_t.numa_mem_addr	590.48.01	615.71.09	16+8
field	nv_ioctl_numa_info_t.numa_mem_size	535.309.01	580.178.04	ABSENT
field	nv_ioctl_numa_info_t.numa_mem_size	590.48.01	615.71.09	24+8
field	nv_ioctl_numa_info_t.offline_addresses	535.309.01	580.178.04	ABSENT
field	nv_ioctl_numa_info_t.offline_addresses	590.48.01	615.71.09	40+520
field	nv_ioctl_numa_info_t.offline_addresses.addresses	535.309.01	580.178.04	ABSENT
field	nv_ioctl_numa_info_t.offline_addresses.addresses	590.48.01	615.71.09	40+512
field	nv_ioctl_numa_info_t.offline_addresses.numEntries	535.309.01	580.178.04	ABSENT
field	nv_ioctl_numa_info_t.offline_addresses.numEntries	590.48.01	615.71.09	552+4
field	nv_ioctl_numa_info_t.status	535.309.01	580.178.04	ABSENT
field	nv_ioctl_numa_info_t.status	590.48.01	615.71.09	4+4
field	nv_ioctl_numa_info_t.use_auto_online	535.309.01	580.178.04	ABSENT
field	nv_ioctl_numa_info_t.use_auto_online	590.48.01	615.71.09	32+1
sizeof	nv_ioctl_register_fd_t	535.309.01	615.71.09	0+4
field	nv_ioctl_register_fd_t.ctl_fd	535.309.01	615.71.09	0+4
sizeof	nv_ioctl_rm_api_version_t	535.309.01	615.71.09	0+72
field	nv_ioctl_rm_api_version_t.cmd	535.309.01	615.71.09	0+4
field	nv_ioctl_rm_api_version_t.reply	535.309.01	615.71.09	4+4
field	nv_ioctl_rm_api_version_t.versionString	535.309.01	615.71.09	8+64
sizeof	rpc_dup_object_v	535.309.01	615.71.09	0+28
field	rpc_dup_object_v.params	535.309.01	615.71.09	0+28
field	rpc_dup_object_v.params.flags	535.309.01	615.71.09	20+4
field	rpc_dup_object_v.params.hClient	535.309.01	615.71.09	0+4
field	rpc_dup_object_v.params.hClientSrc	535.309.01	615.71.09	12+4
field	rpc_dup_object_v.params.hObject	535.309.01	615.71.09	8+4
field	rpc_dup_object_v.params.hObjectSrc	535.309.01	615.71.09	16+4
field	rpc_dup_object_v.params.hParent	535.309.01	615.71.09	4+4
field	rpc_dup_object_v.params.status	535.309.01	615.71.09	24+4
sizeof	rpc_free_v	535.309.01	615.71.09	0+16
field	rpc_free_v.params	535.309.01	615.71.09	0+16
field	rpc_free_v.params.hObjectOld	535.309.01	615.71.09	8+4
field	rpc_free_v.params.hObjectParent	535.309.01	615.71.09	4+4
field	rpc_free_v.params.hRoot	535.309.01	615.71.09	0+4
field	rpc_free_v.params.status	535.309.01	615.71.09	12+4
sizeof	rpc_gsp_rm_alloc_v	535.309.01	615.71.09	0+32
field	rpc_gsp_rm_alloc_v.flags	535.309.01	615.71.09	24+4
field	rpc_gsp_rm_alloc_v.hClass	535.309.01	615.71.09	12+4
field	rpc_gsp_rm_alloc_v.hClient	535.309.01	615.71.09	0+4
field	rpc_gsp_rm_alloc_v.hObject	535.309.01	615.71.09	8+4
field	rpc_gsp_rm_alloc_v.hParent	535.309.01	615.71.09	4+4
field	rpc_gsp_rm_alloc_v.params	535.309.01	615.71.09	32+0
field	rpc_gsp_rm_alloc_v.paramsSize	535.309.01	615.71.09	20+4
field	rpc_gsp_rm_alloc_v.reserved	535.309.01	615.71.09	28+4
field	rpc_gsp_rm_alloc_v.status	535.309.01	615.71.09	16+4
sizeof	rpc_gsp_rm_control_v	535.309.01	570.148.08	0+24
sizeof	rpc_gsp_rm_control_v	575.51.02	615.71.09	0+40
field	rpc_gsp_rm_control_v.cmd	535.309.01	615.71.09	8+4
field	rpc_gsp_rm_control_v.flags	535.309.01	570.148.08	20+4
field	rpc_gsp_rm_control_v.flags	575.51.02	615.71.09	ABSENT
field	rpc_gsp_rm_control_v.hClient	535.309.01	615.71.09	0+4
field	rpc_gsp_rm_control_v.hObject	535.309.01	615.71.09	4+4
field	rpc_gsp_rm_control_v.params	535.309.01	570.148.08	24+0
field	rpc_gsp_rm_control_v.params	575.51.02	615.71.09	40+0
field	rpc_gsp_rm_control_v.paramsSize	535.309.01	615.71.09	16+4
field	rpc_gsp_rm_control_v.reserved0	535.309.01	570.148.08	ABSENT
field	rpc_gsp_rm_control_v.reserved0	575.51.02	615.71.09	32+8
field	rpc_gsp_rm_control_v.rmapiRpcFlags	535.309.01	570.148.08	ABSENT
field	rpc_gsp_rm_control_v.rmapiRpcFlags	575.51.02	615.71.09	20+4
field	rpc_gsp_rm_control_v.rmctrlAccessRight	535.309.01	570.148.08	ABSENT
field	rpc_gsp_rm_control_v.rmctrlAccessRight	575.51.02	615.71.09	28+4
field	rpc_gsp_rm_control_v.rmctrlFlags	535.309.01	570.148.08	ABSENT
field	rpc_gsp_rm_control_v.rmctrlFlags	575.51.02	615.71.09	24+4
field	rpc_gsp_rm_control_v.status	535.309.01	615.71.09	12+4
sizeof	rpc_gsp_set_system_info_v	535.309.01	610.57.04	0+4
sizeof	rpc_gsp_set_system_info_v	615.71.09	615.71.09	ABSENT
field	rpc_gsp_set_system_info_v.data	535.309.01	610.57.04	0+4
field	rpc_gsp_set_system_info_v.data	615.71.09	615.71.09	ABSENT
sizeof	rpc_init_gsp_trace_crash_buffer_v	535.309.01	580.126.09	ABSENT
sizeof	rpc_init_gsp_trace_crash_buffer_v	580.159.04	580.178.04	0+16
sizeof	rpc_init_gsp_trace_crash_buffer_v	590.48.01	590.48.01	ABSENT
sizeof	rpc_init_gsp_trace_crash_buffer_v	595.84	615.71.09	0+16
field	rpc_init_gsp_trace_crash_buffer_v.pa	535.309.01	580.126.09	ABSENT
field	rpc_init_gsp_trace_crash_buffer_v.pa	580.159.04	580.178.04	0+8
field	rpc_init_gsp_trace_crash_buffer_v.pa	590.48.01	590.48.01	ABSENT
field	rpc_init_gsp_trace_crash_buffer_v.pa	595.84	615.71.09	0+8
field	rpc_init_gsp_trace_crash_buffer_v.size	535.309.01	580.126.09	ABSENT
field	rpc_init_gsp_trace_crash_buffer_v.size	580.159.04	580.178.04	8+4
field	rpc_init_gsp_trace_crash_buffer_v.size	590.48.01	590.48.01	ABSENT
field	rpc_init_gsp_trace_crash_buffer_v.size	595.84	615.71.09	8+4
sizeof	rpc_message_header_v	535.309.01	615.71.09	0+32
field	rpc_message_header_v.function	535.309.01	615.71.09	12+4
field	rpc_message_header_v.header_version	535.309.01	615.71.09	0+4
field	rpc_message_header_v.length	535.309.01	615.71.09	8+4
field	rpc_message_header_v.rpc_message_data	535.309.01	615.71.09	32+0
field	rpc_message_header_v.rpc_result	535.309.01	615.71.09	16+4
field	rpc_message_header_v.rpc_result_private	535.309.01	615.71.09	20+4
field	rpc_message_header_v.sequence	535.309.01	615.71.09	24+4
field	rpc_message_header_v.signature	535.309.01	615.71.09	4+4
field	rpc_message_header_v.u	535.309.01	615.71.09	28+4
field	rpc_message_header_v.u.cpuRmGfid	535.309.01	615.71.09	28+4
field	rpc_message_header_v.u.spare	535.309.01	615.71.09	28+4
sizeof	rpc_os_error_log_v	535.309.01	570.86.15	0+268
sizeof	rpc_os_error_log_v	570.124.06	615.71.09	0+272
field	rpc_os_error_log_v.chid	535.309.01	570.148.08	8+4
field	rpc_os_error_log_v.chid	575.51.02	615.71.09	12+4
field	rpc_os_error_log_v.errString	535.309.01	570.148.08	12+256
field	rpc_os_error_log_v.errString	575.51.02	615.71.09	16+256
field	rpc_os_error_log_v.exceptType	535.309.01	615.71.09	0+4
field	rpc_os_error_log_v.preemptiveRemovalPreviousXid	535.309.01	570.86.15	ABSENT
field	rpc_os_error_log_v.preemptiveRemovalPreviousXid	570.124.06	570.148.08	268+4
field	rpc_os_error_log_v.preemptiveRemovalPreviousXid	575.51.02	615.71.09	4+4
field	rpc_os_error_log_v.runlistId	535.309.01	570.148.08	4+4
field	rpc_os_error_log_v.runlistId	575.51.02	615.71.09	8+4
sizeof	rpc_post_event_v	535.309.01	615.71.09	0+32
field	rpc_post_event_v.bNotifyList	535.309.01	615.71.09	28+1
field	rpc_post_event_v.data	535.309.01	615.71.09	12+4
field	rpc_post_event_v.eventData	535.309.01	615.71.09	29+0
field	rpc_post_event_v.eventDataSize	535.309.01	615.71.09	24+4
field	rpc_post_event_v.hClient	535.309.01	615.71.09	0+4
field	rpc_post_event_v.hEvent	535.309.01	615.71.09	4+4
field	rpc_post_event_v.info16	535.309.01	615.71.09	16+2
field	rpc_post_event_v.notifyIndex	535.309.01	615.71.09	8+4
field	rpc_post_event_v.status	535.309.01	615.71.09	20+4
sizeof	rpc_rc_triggered_v	535.309.01	535.309.01	0+28
sizeof	rpc_rc_triggered_v	545.23.08	545.23.08	0+20
sizeof	rpc_rc_triggered_v	550.40.07	550.90.07	0+24
sizeof	rpc_rc_triggered_v	555.42.02	560.28.03	0+44
sizeof	rpc_rc_triggered_v	565.57.01	610.57.04	0+48
sizeof	rpc_rc_triggered_v	615.71.09	615.71.09	0+64
field	rpc_rc_triggered_v.bCallbackNeeded	535.309.01	550.90.07	ABSENT
field	rpc_rc_triggered_v.bCallbackNeeded	555.42.02	560.28.03	36+1
field	rpc_rc_triggered_v.bCallbackNeeded	565.57.01	615.71.09	40+1
field	rpc_rc_triggered_v.chid	535.309.01	615.71.09	4+4
field	rpc_rc_triggered_v.exceptLevel	535.309.01	550.90.07	ABSENT
field	rpc_rc_triggered_v.exceptLevel	555.42.02	560.28.03	8+4
field	rpc_rc_triggered_v.exceptLevel	565.57.01	615.71.09	12+4
field	rpc_rc_triggered_v.exceptType	535.309.01	535.309.01	12+4
field	rpc_rc_triggered_v.exceptType	545.23.08	550.90.07	8+4
field	rpc_rc_triggered_v.exceptType	555.42.02	560.28.03	12+4
field	rpc_rc_triggered_v.exceptType	565.57.01	615.71.09	16+4
field	rpc_rc_triggered_v.gfid	535.309.01	535.309.01	8+4
field	rpc_rc_triggered_v.gfid	545.23.08	560.28.03	ABSENT
field	rpc_rc_triggered_v.gfid	565.57.01	615.71.09	8+4
field	rpc_rc_triggered_v.instblkAddrHi	535.309.01	610.57.04	ABSENT
field	rpc_rc_triggered_v.instblkAddrHi	615.71.09	615.71.09	52+4
field	rpc_rc_triggered_v.instblkAddrLo	535.309.01	610.57.04	ABSENT
field	rpc_rc_triggered_v.instblkAddrLo	615.71.09	615.71.09	48+4
field	rpc_rc_triggered_v.instblkAperture	535.309.01	610.57.04	ABSENT
field	rpc_rc_triggered_v.instblkAperture	615.71.09	615.71.09	56+4
field	rpc_rc_triggered_v.mmuFaultAddrHi	535.309.01	550.90.07	ABSENT
field	rpc_rc_triggered_v.mmuFaultAddrHi	555.42.02	560.28.03	28+4
field	rpc_rc_triggered_v.mmuFaultAddrHi	565.57.01	615.71.09	32+4
field	rpc_rc_triggered_v.mmuFaultAddrLo	535.309.01	550.90.07	ABSENT
field	rpc_rc_triggered_v.mmuFaultAddrLo	555.42.02	560.28.03	24+4
field	rpc_rc_triggered_v.mmuFaultAddrLo	565.57.01	615.71.09	28+4
field	rpc_rc_triggered_v.mmuFaultType	535.309.01	550.90.07	ABSENT
field	rpc_rc_triggered_v.mmuFaultType	555.42.02	560.28.03	32+4
field	rpc_rc_triggered_v.mmuFaultType	565.57.01	615.71.09	36+4
field	rpc_rc_triggered_v.nv2080EngineType	535.309.01	615.71.09	0+4
field	rpc_rc_triggered_v.partitionAttributionId	535.309.01	535.309.01	20+2
field	rpc_rc_triggered_v.partitionAttributionId	545.23.08	550.90.07	16+2
field	rpc_rc_triggered_v.partitionAttributionId	555.42.02	560.28.03	20+2
field	rpc_rc_triggered_v.partitionAttributionId	565.57.01	615.71.09	24+2
field	rpc_rc_triggered_v.rcChannelInfoType	535.309.01	610.57.04	ABSENT
field	rpc_rc_triggered_v.rcChannelInfoType	615.71.09	615.71.09	44+4
field	rpc_rc_triggered_v.rcJournalBuffer	535.309.01	535.309.01	28+0
field	rpc_rc_triggered_v.rcJournalBuffer	545.23.08	545.23.08	ABSENT
field	rpc_rc_triggered_v.rcJournalBuffer	550.40.07	550.90.07	24+0
field	rpc_rc_triggered_v.rcJournalBuffer	555.42.02	560.28.03	44+0
field	rpc_rc_triggered_v.rcJournalBuffer	565.57.01	610.57.04	48+0
field	rpc_rc_triggered_v.rcJournalBuffer	615.71.09	615.71.09	64+0
field	rpc_rc_triggered_v.rcJournalBufferSize	535.309.01	535.309.01	24+4
field	rpc_rc_triggered_v.rcJournalBufferSize	545.23.08	545.23.08	ABSENT
field	rpc_rc_triggered_v.rcJournalBufferSize	550.40.07	550.90.07	20+4
field	rpc_rc_triggered_v.rcJournalBufferSize	555.42.02	560.28.03	40+4
field	rpc_rc_triggered_v.rcJournalBufferSize	565.57.01	610.57.04	44+4
field	rpc_rc_triggered_v.rcJournalBufferSize	615.71.09	615.71.09	60+4
field	rpc_rc_triggered_v.scope	535.309.01	535.309.01	16+4
field	rpc_rc_triggered_v.scope	545.23.08	550.90.07	12+4
field	rpc_rc_triggered_v.scope	555.42.02	560.28.03	16+4
field	rpc_rc_triggered_v.scope	565.57.01	615.71.09	20+4
sizeof	rpc_run_cpu_sequencer_v	535.309.01	590.48.01	0+40
sizeof	rpc_run_cpu_sequencer_v	595.84	615.71.09	ABSENT
field	rpc_run_cpu_sequencer_v.bufferSizeDWord	535.309.01	590.48.01	0+4
field	rpc_run_cpu_sequencer_v.bufferSizeDWord	595.84	615.71.09	ABSENT
field	rpc_run_cpu_sequencer_v.cmdIndex	535.309.01	590.48.01	4+4
field	rpc_run_cpu_sequencer_v.cmdIndex	595.84	615.71.09	ABSENT
field	rpc_run_cpu_sequencer_v.commandBuffer	535.309.01	590.48.01	40+0
field	rpc_run_cpu_sequencer_v.commandBuffer	595.84	615.71.09	ABSENT
field	rpc_run_cpu_sequencer_v.regSaveArea	535.309.01	590.48.01	8+32
field	rpc_run_cpu_sequencer_v.regSaveArea	595.84	615.71.09	ABSENT
sizeof	rpc_set_guest_system_info_v	535.309.01	615.71.09	0+792
field	rpc_set_guest_system_info_v.guestClNum	535.309.01	615.71.09	20+4
field	rpc_set_guest_system_info_v.guestDriverVersion	535.309.01	615.71.09	24+256
field	rpc_set_guest_system_info_v.guestDriverVersionBufferLength	535.309.01	615.71.09	8+4
field	rpc_set_guest_system_info_v.guestTitle	535.309.01	615.71.09	536+256
field	rpc_set_guest_system_info_v.guestTitleBufferLength	535.309.01	615.71.09	16+4
field	rpc_set_guest_system_info_v.guestVersion	535.309.01	615.71.09	280+256
field	rpc_set_guest_system_info_v.guestVersionBufferLength	535.309.01	615.71.09	12+4
field	rpc_set_guest_system_info_v.vgxVersionMajorNum	535.309.01	615.71.09	0+4
field	rpc_set_guest_system_info_v.vgxVersionMinorNum	535.309.01	615.71.09	4+4
sizeof	rpc_unloading_guest_driver_v	535.309.01	615.71.09	0+8
field	rpc_unloading_guest_driver_v.bGc6Entering	535.309.01	615.71.09	1+1
field	rpc_unloading_guest_driver_v.bInPMTransition	535.309.01	615.71.09	0+1
field	rpc_unloading_guest_driver_v.newLevel	535.309.01	615.71.09	4+4
sizeof	rpc_update_bar_pde_v	535.309.01	615.71.09	0+24
field	rpc_update_bar_pde_v.info	535.309.01	615.71.09	0+24
field	rpc_update_bar_pde_v.info.barType	535.309.01	615.71.09	0+4
field	rpc_update_bar_pde_v.info.entryLevelShift	535.309.01	615.71.09	16+8
field	rpc_update_bar_pde_v.info.entryValue	535.309.01	615.71.09	8+8
value	class_ids:ACCESS_COUNTER_NOTIFY_BUFFER	535.309.01	615.71.09	50021
value	class_ids:ADA_A	535.309.01	615.71.09	51607
value	class_ids:ADA_COMPUTE_A	535.309.01	615.71.09	51648
value	class_ids:AMPERE_A	535.309.01	615.71.09	50839
value	class_ids:AMPERE_B	535.309.01	615.71.09	51095
value	class_ids:AMPERE_CHANNEL_GPFIFO_A	535.309.01	615.71.09	50543
value	class_ids:AMPERE_COMPUTE_A	535.309.01	615.71.09	50880
value	class_ids:AMPERE_COMPUTE_B	535.309.01	615.71.09	51136
value	class_ids:AMPERE_DMA_COPY_A	535.309.01	615.71.09	50869
value	class_ids:AMPERE_DMA_COPY_B	535.309.01	615.71.09	51125
value	class_ids:AMPERE_SMC_CONFIG_SESSION	535.309.01	615.71.09	50745
value	class_ids:AMPERE_SMC_EXEC_PARTITION_REF	535.309.01	615.71.09	50744
value	class_ids:AMPERE_SMC_MONITOR_SESSION	535.309.01	615.71.09	50752
value	class_ids:AMPERE_SMC_PARTITION_REF	535.309.01	615.71.09	50743
value	class_ids:AMPERE_USERMODE_A	535.309.01	615.71.09	50529
value	class_ids:BLACKWELL_A	535.309.01	555.42.02	ABSENT
value	class_ids:BLACKWELL_A	560.28.03	615.71.09	52631
value	class_ids:BLACKWELL_B	535.309.01	565.57.01	ABSENT
value	class_ids:BLACKWELL_B	570.86.15	615.71.09	52887
value	class_ids:BLACKWELL_CHANNEL_GPFIFO_A	535.309.01	555.42.02	ABSENT
value	class_ids:BLACKWELL_CHANNEL_GPFIFO_A	560.28.03	615.71.09	51567
value	class_ids:BLACKWELL_CHANNEL_GPFIFO_B	535.309.01	565.57.01	ABSENT
value	class_ids:BLACKWELL_CHANNEL_GPFIFO_B	570.86.15	615.71.09	51823
value	class_ids:BLACKWELL_COMPUTE_A	535.309.01	555.42.02	ABSENT
value	class_ids:BLACKWELL_COMPUTE_A	560.28.03	615.71.09	52672
value	class_ids:BLACKWELL_COMPUTE_B	535.309.01	565.57.01	ABSENT
value	class_ids:BLACKWELL_COMPUTE_B	570.86.15	615.71.09	52928
value	class_ids:BLACKWELL_DMA_COPY_A	535.309.01	555.42.02	ABSENT
value	class_ids:BLACKWELL_DMA_COPY_A	560.28.03	615.71.09	51637
value	class_ids:BLACKWELL_DMA_COPY_B	535.309.01	565.57.01	ABSENT
value	class_ids:BLACKWELL_DMA_COPY_B	570.86.15	615.71.09	51893
value	class_ids:BLACKWELL_INLINE_TO_MEMORY_A	535.309.01	555.42.02	ABSENT
value	class_ids:BLACKWELL_INLINE_TO_MEMORY_A	560.28.03	615.71.09	52544
value	class_ids:BLACKWELL_USERMODE_A	535.309.01	565.57.01	ABSENT
value	class_ids:BLACKWELL_USERMODE_A	570.86.15	615.71.09	51041
value	class_ids:FABRIC_MANAGER_SESSION	535.309.01	615.71.09	15
value	class_ids:FABRIC_VASPACE_A	535.309.01	615.71.09	252
value	class_ids:FERMI_CONTEXT_SHARE_A	535.309.01	615.71.09	36967
value	class_ids:FERMI_TWOD_A	535.309.01	615.71.09	36909
value	class_ids:FERMI_VASPACE_A	535.309.01	615.71.09	37105
value	class_ids:G84_PERFBUFFER	535.309.01	615.71.09	33868
value	class_ids:GF100_CHANNEL_GPFIFO	535.309.01	615.71.09	36975
value	class_ids:GF100_DISP_SW	535.309.01	615.71.09	36978
value	class_ids:GF100_HDACODEC	535.309.01	615.71.09	37100
value	class_ids:GF100_PROFILER	535.309.01	615.71.09	37068
value	class_ids:GF100_SUBDEVICE_INFOROM	535.309.01	615.71.09	37095
value	class_ids:GF100_SUBDEVICE_MASTER	535.309.01	615.71.09	37094
value	class_ids:GF100_TIMED_SEMAPHORE_SW	535.309.01	615.71.09	36980
value	class_ids:GF100_ZBC_CLEAR	535.309.01	615.71.09	37014
value	class_ids:GP100_UVM_SW	535.309.01	615.71.09	49270
value	class_ids:GT200_DEBUGGER	535.309.01	615.71.09	33758
value	class_ids:HOPPER_A	535.309.01	615.71.09	52119
value	class_ids:HOPPER_CHANNEL_GPFIFO_A	535.309.01	615.71.09	51311
value	class_ids:HOPPER_COMPUTE_A	535.309.01	615.71.09	52160
value	class_ids:HOPPER_DMA_COPY_A	535.309.01	615.71.09	51381
value	class_ids:HOPPER_MMU_VIDMEM_ACCESS_BIT_BUFFER	535.309.01	575.64.05	ABSENT
value	class_ids:HOPPER_MMU_VIDMEM_ACCESS_BIT_BUFFER	580.65.06	615.71.09	51299
value	class_ids:HOPPER_SEC2_WORK_LAUNCH_A	535.309.01	615.71.09	52130
value	class_ids:HOPPER_USERMODE_A	535.309.01	615.71.09	50785
value	class_ids:IO_VASPACE_A	535.309.01	615.71.09	242
value	class_ids:KEPLER_CHANNEL_GPFIFO_A	535.309.01	615.71.09	41071
value	class_ids:KEPLER_CHANNEL_GPFIFO_B	535.309.01	615.71.09	41327
value	class_ids:KEPLER_CHANNEL_GROUP_A	535.309.01	615.71.09	41068
value	class_ids:KEPLER_DEVICE_VGPU	535.309.01	545.23.08	ABSENT
value	class_ids:KEPLER_DEVICE_VGPU	550.40.07	615.71.09	41088
value	class_ids:KEPLER_INLINE_TO_MEMORY_B	535.309.01	615.71.09	41280
value	class_ids:KERNEL_GRAPHICS_CONTEXT	535.309.01	615.71.09	144
value	class_ids:KERNEL_WATCHDOG	535.309.01	580.178.04	ABSENT
value	class_ids:KERNEL_WATCHDOG	590.48.01	615.71.09	143
value	class_ids:LOCK_STRESS_OBJECT	535.309.01	550.90.07	ABSENT
value	class_ids:LOCK_STRESS_OBJECT	555.42.02	615.71.09	256
value	class_ids:LOCK_TEST_RELAXED_DUP_OBJECT	535.309.01	570.148.08	ABSENT
value	class_ids:LOCK_TEST_RELAXED_DUP_OBJECT	575.51.02	615.71.09	257
value	class_ids:MAXWELL_CHANNEL_GPFIFO_A	535.309.01	615.71.09	45167
value	class_ids:MAXWELL_DMA_COPY_A	535.309.01	615.71.09	45237
value	class_ids:MAXWELL_PROFILER	535.309.01	615.71.09	45260
value	class_ids:MAXWELL_PROFILER_CONTEXT	535.309.01	560.28.03	ABSENT
value	class_ids:MAXWELL_PROFILER_CONTEXT	565.57.01	615.71.09	45516
value	class_ids:MAXWELL_PROFILER_DEVICE	535.309.01	615.71.09	45772
value	class_ids:MMU_FAULT_BUFFER	535.309.01	615.71.09	50025
value	class_ids:MMU_VIDMEM_ACCESS_BIT_BUFFER	535.309.01	615.71.09	51043
value	class_ids:MPS_COMPUTE	535.309.01	615.71.09	36878
value	class_ids:NV0020_GPU_MANAGEMENT	535.309.01	615.71.09	32
value	class_ids:NV0060_SYNC_GPU_BOOST	535.309.01	615.71.09	96
value	class_ids:NV0092_RG_LINE_CALLBACK	535.309.01	615.71.09	146
value	class_ids:NV01_CONTEXT_DMA	535.309.01	615.71.09	2
value	class_ids:NV01_DEVICE_0	535.309.01	615.71.09	128
value	class_ids:NV01_EVENT	535.309.01	615.71.09	5
value	class_ids:NV01_EVENT_KERNEL_CALLBACK	535.309.01	615.71.09	120
value	class_ids:NV01_EVENT_KERNEL_CALLBACK_EX	535.309.01	615.71.09	126
value	class_ids:NV01_EVENT_OS_EVENT	535.309.01	615.71.09	121
value	class_ids:NV01_EVENT_WIN32_EVENT	535.309.01	615.71.09	121
value	class_ids:NV01_MEMORY_DEVICELESS	535.309.01	615.71.09	37070
value	class_ids:NV01_MEMORY_FLA	535.309.01	580.178.04	243
value	class_ids:NV01_MEMORY_FLA	590.48.01	615.71.09	ABSENT
value	class_ids:NV01_MEMORY_FRAMEBUFFER_CONSOLE	535.309.01	615.71.09	118
value	class_ids:NV01_MEMORY_HW_RESOURCES	535.309.01	615.71.09	177
value	class_ids:NV01_MEMORY_LIST_FBMEM	535.309.01	615.71.09	130
value	class_ids:NV01_MEMORY_LIST_OBJECT	535.309.01	615.71.09	131
value	class_ids:NV01_MEMORY_LIST_SYSTEM	535.309.01	615.71.09	129
value	class_ids:NV01_MEMORY_LOCAL_PHYSICAL	535.309.01	615.71.09	194
value	class_ids:NV01_MEMORY_LOCAL_PRIVILEGED	535.309.01	615.71.09	63
value	class_ids:NV01_MEMORY_LOCAL_USER	535.309.01	615.71.09	64
value	class_ids:NV01_MEMORY_PRIVILEGED	535.309.01	615.71.09	63
value	class_ids:NV01_MEMORY_SYNCPOINT	535.309.01	565.57.01	ABSENT
value	class_ids:NV01_MEMORY_SYNCPOINT	570.86.15	615.71.09	195
value	class_ids:NV01_MEMORY_SYSTEM	535.309.01	615.71.09	62
value	class_ids:NV01_MEMORY_SYSTEM_DYNAMIC	535.309.01	615.71.09	112
value	class_ids:NV01_MEMORY_SYSTEM_OS_DESCRIPTOR	535.309.01	615.71.09	113
value	class_ids:NV01_MEMORY_USER	535.309.01	615.71.09	64
value	class_ids:NV01_MEMORY_VIRTUAL	535.309.01	615.71.09	112
value	class_ids:NV01_NULL	535.309.01	615.71.09	48
value	class_ids:NV01_NULL_OBJECT	535.309.01	615.71.09	0
value	class_ids:NV01_ROOT	535.309.01	615.71.09	0
value	class_ids:NV01_ROOT_CLIENT	535.309.01	615.71.09	65
value	class_ids:NV01_ROOT_NON_PRIV	535.309.01	615.71.09	1
value	class_ids:NV01_TIMER	535.309.01	615.71.09	4
value	class_ids:NV04_DISPLAY_COMMON	535.309.01	615.71.09	115
value	class_ids:NV04_SOFTWARE_TEST	535.309.01	615.71.09	125
value	class_ids:NV1_EVENT	535.309.01	615.71.09	5
value	class_ids:NV1_EVENT_KERNEL_CALLBACK	535.309.01	615.71.09	120
value	class_ids:NV1_EVENT_KERNEL_CALLBACK_EX	535.309.01	615.71.09	126
value	class_ids:NV1_EVENT_OS_EVENT	535.309.01	615.71.09	121
value	class_ids:NV1_EVENT_WIN32_EVENT	535.309.01	615.71.09	121
value	class_ids:NV1_MEMORY_LOCAL_PRIVILEGED	535.309.01	615.71.09	63
value	class_ids:NV1_MEMORY_LOCAL_USER	535.309.01	615.71.09	64
value	class_ids:NV1_MEMORY_PRIVILEGED	535.309.01	615.71.09	63
value	class_ids:NV1_MEMORY_SYSTEM	535.309.01	615.71.09	62
value	class_ids:NV1_MEMORY_SYSTEM_DYNAMIC	535.309.01	615.71.09	112
value	class_ids:NV1_MEMORY_USER	535.309.01	615.71.09	64
value	class_ids:NV1_NULL	535.309.01	615.71.09	48
value	class_ids:NV1_NULL_OBJECT	535.309.01	615.71.09	0
value	class_ids:NV1_ROOT	535.309.01	615.71.09	0
value	class_ids:NV1_ROOT_NON_PRIV	535.309.01	615.71.09	1
value	class_ids:NV1_TIMER	535.309.01	615.71.09	4
value	class_ids:NV2081_BINAPI	535.309.01	615.71.09	8321
value	class_ids:NV2082_BINAPI_PRIVILEGED	535.309.01	615.71.09	8322
value	class_ids:NV20_SUBDEVICE_0	535.309.01	615.71.09	8320
value	class_ids:NV20_SUBDEVICE_DIAG	535.309.01	615.71.09	8335
value	class_ids:NV30_GSYNC	535.309.01	615.71.09	12529
value	class_ids:NV40_DEBUG_BUFFER	535.309.01	615.71.09	219
value	class_ids:NV40_I2C	535.309.01	615.71.09	16428
value	class_ids:NV4_SOFTWARE_TEST	535.309.01	615.71.09	125
value	class_ids:NV50_CHANNEL_GPFIFO	535.309.01	615.71.09	20591
value	class_ids:NV50_DEFERRED_API_CLASS	535.309.01	615.71.09	20608
value	class_ids:NV50_MEMORY_VIRTUAL	535.309.01	615.71.09	20640
value	class_ids:NV50_P2P	535.309.01	615.71.09	20539
value	class_ids:NV50_THIRD_PARTY_P2P	535.309.01	615.71.09	20540
value	class_ids:NV9010_VBLANK_CALLBACK	535.309.01	615.71.09	36880
value	class_ids:NVA081_VGPU_CONFIG	535.309.01	615.71.09	41089
value	class_ids:NVA083_GRID_DISPLAYLESS	535.309.01	590.48.01	ABSENT
value	class_ids:NVA083_GRID_DISPLAYLESS	595.84	615.71.09	41091
value	class_ids:NVA084_KERNEL_HOST_VGPU_DEVICE	535.309.01	615.71.09	41092
value	class_ids:NVB4B7_VIDEO_ENCODER	535.309.01	615.71.09	46263
value	class_ids:NVB8B0_VIDEO_DECODER	535.309.01	615.71.09	47280
value	class_ids:NVB8D1_VIDEO_NVJPG	535.309.01	615.71.09	47313
value	class_ids:NVB8FA_VIDEO_OFA	535.309.01	615.71.09	47354
value	class_ids:NVC371_DISP_SF_USER	535.309.01	615.71.09	50033
value	class_ids:NVC372_DISPLAY_SW	535.309.01	615.71.09	50034
value	class_ids:NVC4B0_VIDEO_DECODER	535.309.01	615.71.09	50352
value	class_ids:NVC4B7_VIDEO_ENCODER	535.309.01	615.71.09	50359
value	class_ids:NVC4D1_VIDEO_NVJPG	535.309.01	615.71.09	50385
value	class_ids:NVC570_DISPLAY	535.309.01	615.71.09	50544
value	class_ids:NVC573_DISP_CAPABILITIES	535.309.01	615.71.09	50547
value	class_ids:NVC57A_CURSOR_IMM_CHANNEL_PIO	535.309.01	615.71.09	50554
value	class_ids:NVC57B_WINDOW_IMM_CHANNEL_DMA	535.309.01	615.71.09	50555
value	class_ids:NVC57D_CORE_CHANNEL_DMA	535.309.01	615.71.09	50557
value	class_ids:NVC57E_WINDOW_CHANNEL_DMA	535.309.01	615.71.09	50558
value	class_ids:NVC670_DISPLAY	535.309.01	615.71.09	50800
value	class_ids:NVC671_DISP_SF_USER	535.309.01	615.71.09	50801
value	class_ids:NVC673_DISP_CAPABILITIES	535.309.01	615.71.09	50803
value	class_ids:NVC67A_CURSOR_IMM_CHANNEL_PIO	535.309.01	615.71.09	50810
value	class_ids:NVC67B_WINDOW_IMM_CHANNEL_DMA	535.309.01	615.71.09	50811
value	class_ids:NVC67D_CORE_CHANNEL_DMA	535.309.01	615.71.09	50813
value	class_ids:NVC67E_WINDOW_CHANNEL_DMA	535.309.01	615.71.09	50814
value	class_ids:NVC6B0_VIDEO_DECODER	535.309.01	615.71.09	50864
value	class_ids:NVC6FA_VIDEO_OFA	535.309.01	615.71.09	50938
value	class_ids:NVC770_DISPLAY	535.309.01	615.71.09	51056
value	class_ids:NVC771_DISP_SF_USER	535.309.01	615.71.09	51057
value	class_ids:NVC773_DISP_CAPABILITIES	535.309.01	615.71.09	51059
value	class_ids:NVC77D_CORE_CHANNEL_DMA	535.309.01	615.71.09	51069
value	class_ids:NVC77F_ANY_CHANNEL_DMA	535.309.01	615.71.09	51071
value	class_ids:NVC7B0_VIDEO_DECODER	535.309.01	615.71.09	51120
value	class_ids:NVC7B7_VIDEO_ENCODER	535.309.01	615.71.09	51127
value	class_ids:NVC7FA_VIDEO_OFA	535.309.01	615.71.09	51194
value	class_ids:NVC870_DISPLAY	535.309.01	595.84	ABSENT
value	class_ids:NVC870_DISPLAY	610.43.02	615.71.09	51312
value	class_ids:NVC871_DISP_SF_USER	535.309.01	595.84	ABSENT
value	class_ids:NVC871_DISP_SF_USER	610.43.02	615.71.09	51313
value	class_ids:NVC873_DISP_CAPABILITIES	535.309.01	595.84	ABSENT
value	class_ids:NVC873_DISP_CAPABILITIES	610.43.02	615.71.09	51315
value	class_ids:NVC87A_CURSOR_IMM_CHANNEL_PIO	535.309.01	595.84	ABSENT
value	class_ids:NVC87A_CURSOR_IMM_CHANNEL_PIO	610.43.02	615.71.09	51322
value	class_ids:NVC87B_WINDOW_IMM_CHANNEL_DMA	535.309.01	595.84	ABSENT
value	class_ids:NVC87B_WINDOW_IMM_CHANNEL_DMA	610.43.02	615.71.09	51323
value	class_ids:NVC87D_CORE_CHANNEL_DMA	535.309.01	595.84	ABSENT
value	class_ids:NVC87D_CORE_CHANNEL_DMA	610.43.02	615.71.09	51325
value	class_ids:NVC87E_WINDOW_CHANNEL_DMA	535.309.01	595.84	ABSENT
value	class_ids:NVC87E_WINDOW_CHANNEL_DMA	610.43.02	615.71.09	51326
value	class_ids:NVC970_DISPLAY	535.309.01	565.57.01	ABSENT
value	class_ids:NVC970_DISPLAY	570.86.15	615.71.09	51568
value	class_ids:NVC971_DISP_SF_USER	535.309.01	565.57.01	ABSENT
value	class_ids:NVC971_DISP_SF_USER	570.86.15	615.71.09	51569
value	class_ids:NVC973_DISP_CAPABILITIES	535.309.01	565.57.01	ABSENT
value	class_ids:NVC973_DISP_CAPABILITIES	570.86.15	615.71.09	51571
value	class_ids:NVC97A_CURSOR_IMM_CHANNEL_PIO	535.309.01	565.57.01	ABSENT
value	class_ids:NVC97A_CURSOR_IMM_CHANNEL_PIO	570.86.15	615.71.09	51578
value	class_ids:NVC97B_WINDOW_IMM_CHANNEL_DMA	535.309.01	565.57.01	ABSENT
value	class_ids:NVC97B_WINDOW_IMM_CHANNEL_DMA	570.86.15	615.71.09	51579
value	class_ids:NVC97D_CORE_CHANNEL_DMA	535.309.01	565.57.01	ABSENT
value	class_ids:NVC97D_CORE_CHANNEL_DMA	570.86.15	615.71.09	51581
value	class_ids:NVC97E_WINDOW_CHANNEL_DMA	535.309.01	565.57.01	ABSENT
value	class_ids:NVC97E_WINDOW_CHANNEL_DMA	570.86.15	615.71.09	51582
value	class_ids:NVC9B0_VIDEO_DECODER	535.309.01	615.71.09	51632
value	class_ids:NVC9B7_VIDEO_ENCODER	535.309.01	615.71.09	51639
value	class_ids:NVC9D1_VIDEO_NVJPG	535.309.01	615.71.09	51665
value	class_ids:NVC9FA_VIDEO_OFA	535.309.01	615.71.09	51706
value	class_ids:NVCA70_DISPLAY	535.309.01	565.57.01	ABSENT
value	class_ids:NVCA70_DISPLAY	570.86.15	615.71.09	51824
value	class_ids:NVCA71_DISP_SF_USER	535.309.01	565.57.01	ABSENT
value	class_ids:NVCA71_DISP_SF_USER	570.86.15	615.71.09	51825
value	class_ids:NVCA73_DISP_CAPABILITIES	535.309.01	565.57.01	ABSENT
value	class_ids:NVCA73_DISP_CAPABILITIES	570.86.15	615.71.09	51827
value	class_ids:NVCA7A_CURSOR_IMM_CHANNEL_PIO	535.309.01	565.57.01	ABSENT
value	class_ids:NVCA7A_CURSOR_IMM_CHANNEL_PIO	570.86.15	615.71.09	51834
value	class_ids:NVCA7B_WINDOW_IMM_CHANNEL_DMA	535.309.01	565.57.01	ABSENT
value	class_ids:NVCA7B_WINDOW_IMM_CHANNEL_DMA	570.86.15	615.71.09	51835
value	class_ids:NVCA7D_CORE_CHANNEL_DMA	535.309.01	565.57.01	ABSENT
value	class_ids:NVCA7D_CORE_CHANNEL_DMA	570.86.15	615.71.09	51837
value	class_ids:NVCA7E_WINDOW_CHANNEL_DMA	535.309.01	565.57.01	ABSENT
value	class_ids:NVCA7E_WINDOW_CHANNEL_DMA	570.86.15	615.71.09	51838
value	class_ids:NVCB70_DISPLAY	535.309.01	570.148.08	ABSENT
value	class_ids:NVCB70_DISPLAY	575.51.02	615.71.09	52080
value	class_ids:NVCB71_DISP_SF_USER	535.309.01	570.148.08	ABSENT
value	class_ids:NVCB71_DISP_SF_USER	575.51.02	615.71.09	52081
value	class_ids:NVCB73_DISP_CAPABILITIES	535.309.01	570.148.08	ABSENT
value	class_ids:NVCB73_DISP_CAPABILITIES	575.51.02	615.71.09	52083
value	class_ids:NVCB7A_CURSOR_IMM_CHANNEL_PIO	535.309.01	570.148.08	ABSENT
value	class_ids:NVCB7A_CURSOR_IMM_CHANNEL_PIO	575.51.02	615.71.09	52090
value	class_ids:NVCB7B_WINDOW_IMM_CHANNEL_DMA	535.309.01	570.148.08	ABSENT
value	class_ids:NVCB7B_WINDOW_IMM_CHANNEL_DMA	575.51.02	615.71.09	52091
value	class_ids:NVCB7D_CORE_CHANNEL_DMA	535.309.01	570.148.08	ABSENT
value	class_ids:NVCB7D_CORE_CHANNEL_DMA	575.51.02	615.71.09	52093
value	class_ids:NVCB7E_WINDOW_CHANNEL_DMA	535.309.01	570.148.08	ABSENT
value	class_ids:NVCB7E_WINDOW_CHANNEL_DMA	575.51.02	615.71.09	52094
value	class_ids:NVCC70_DISPLAY	535.309.01	575.64.05	ABSENT
value	class_ids:NVCC70_DISPLAY	580.65.06	615.71.09	52336
value	class_ids:NVCC71_DISP_SF_USER	535.309.01	575.64.05	ABSENT
value	class_ids:NVCC71_DISP_SF_USER	580.65.06	615.71.09	52337
value	class_ids:NVCC73_DISP_CAPABILITIES	535.309.01	575.64.05	ABSENT
value	class_ids:NVCC73_DISP_CAPABILITIES	580.65.06	615.71.09	52339
value	class_ids:NVCC7A_CURSOR_IMM_CHANNEL_PIO	535.309.01	575.64.05	ABSENT
value	class_ids:NVCC7A_CURSOR_IMM_CHANNEL_PIO	580.65.06	615.71.09	52346
value	class_ids:NVCC7B_WINDOW_IMM_CHANNEL_DMA	535.309.01	575.64.05	ABSENT
value	class_ids:NVCC7B_WINDOW_IMM_CHANNEL_DMA	580.65.06	615.71.09	52347
value	class_ids:NVCC7D_CORE_CHANNEL_DMA	535.309.01	575.64.05	ABSENT
value	class_ids:NVCC7D_CORE_CHANNEL_DMA	580.65.06	615.71.09	52349
value	class_ids:NVCC7E_WINDOW_CHANNEL_DMA	535.309.01	575.64.05	ABSENT
value	class_ids:NVCC7E_WINDOW_CHANNEL_DMA	580.65.06	615.71.09	52350
value	class_ids:NVCDB0_VIDEO_DECODER	535.309.01	555.42.02	ABSENT
value	class_ids:NVCDB0_VIDEO_DECODER	560.28.03	615.71.09	52656
value	class_ids:NVCDD1_VIDEO_NVJPG	535.309.01	555.42.02	ABSENT
value	class_ids:NVCDD1_VIDEO_NVJPG	560.28.03	615.71.09	52689
value	class_ids:NVCDFA_VIDEO_OFA	535.309.01	555.42.02	ABSENT
value	class_ids:NVCDFA_VIDEO_OFA	560.28.03	615.71.09	52730
value	class_ids:NVCEB0_VIDEO_DECODER	535.309.01	575.64.05	ABSENT
value	class_ids:NVCEB0_VIDEO_DECODER	580.65.06	615.71.09	52912
value	class_ids:NVCEB7_VIDEO_ENCODER	535.309.01	575.64.05	ABSENT
value	class_ids:NVCEB7_VIDEO_ENCODER	580.65.06	615.71.09	52919
value	class_ids:NVCED0_VIDEO_NVJPG	535.309.01	575.64.05	ABSENT
value	class_ids:NVCED0_VIDEO_NVJPG	580.65.06	615.71.09	52944
value	class_ids:NVCEFA_VIDEO_OFA	535.309.01	575.64.05	ABSENT
value	class_ids:NVCEFA_VIDEO_OFA	580.65.06	615.71.09	52986
value	class_ids:NVCFB0_VIDEO_DECODER	535.309.01	565.57.01	ABSENT
value	class_ids:NVCFB0_VIDEO_DECODER	570.86.15	615.71.09	53168
value	class_ids:NVCFB7_VIDEO_ENCODER	535.309.01	565.57.01	ABSENT
value	class_ids:NVCFB7_VIDEO_ENCODER	570.86.15	615.71.09	53175
value	class_ids:NVCFD1_VIDEO_NVJPG	535.309.01	565.57.01	ABSENT
value	class_ids:NVCFD1_VIDEO_NVJPG	570.86.15	615.71.09	53201
value	class_ids:NVCFFA_VIDEO_OFA	535.309.01	565.57.01	ABSENT
value	class_ids:NVCFFA_VIDEO_OFA	570.86.15	615.71.09	53242
value	class_ids:NVD1B0_VIDEO_DECODER	535.309.01	575.64.05	ABSENT
value	class_ids:NVD1B0_VIDEO_DECODER	580.65.06	615.71.09	53680
value	class_ids:NVD1B7_VIDEO_ENCODER	535.309.01	575.64.05	ABSENT
value	class_ids:NVD1B7_VIDEO_ENCODER	580.65.06	615.71.09	53687
value	class_ids:NVD1FA_VIDEO_OFA	535.309.01	575.64.05	ABSENT
value	class_ids:NVD1FA_VIDEO_OFA	580.65.06	615.71.09	53754
value	class_ids:NVD2B0_VIDEO_DECODER	535.309.01	595.84	ABSENT
value	class_ids:NVD2B0_VIDEO_DECODER	610.43.02	615.71.09	53936
value	class_ids:NVD2D1_VIDEO_NVJPG	535.309.01	595.84	ABSENT
value	class_ids:NVD2D1_VIDEO_NVJPG	610.43.02	615.71.09	53969
value	class_ids:NVD2FA_VIDEO_OFA	535.309.01	595.84	ABSENT
value	class_ids:NVD2FA_VIDEO_OFA	610.43.02	615.71.09	54010
value	class_ids:NVENC_SW_SESSION	535.309.01	545.23.08	ABSENT
value	class_ids:NVENC_SW_SESSION	550.40.07	615.71.09	41148
value	class_ids:NVFBC_SW_SESSION	535.309.01	545.23.08	ABSENT
value	class_ids:NVFBC_SW_SESSION	550.40.07	615.71.09	41149
value	class_ids:NV_CE_UTILS	535.309.01	615.71.09	80
value	class_ids:NV_CONFIDENTIAL_COMPUTE	535.309.01	615.71.09	52019
value	class_ids:NV_COUNTER_COLLECTION_UNIT	535.309.01	615.71.09	52170
value	class_ids:NV_EVENT_BUFFER	535.309.01	615.71.09	37069
value	class_ids:NV_IMEX_SESSION	535.309.01	545.23.08	ABSENT
value	class_ids:NV_IMEX_SESSION	550.40.07	615.71.09	241
value	class_ids:NV_MEMORY_EXPORT	535.309.01	545.23.08	ABSENT
value	class_ids:NV_MEMORY_EXPORT	550.40.07	615.71.09	224
value	class_ids:NV_MEMORY_EXTENDED_USER	535.309.01	590.48.01	66
value	class_ids:NV_MEMORY_EXTENDED_USER	595.84	615.71.09	ABSENT
value	class_ids:NV_MEMORY_FABRIC	535.309.01	615.71.09	248
value	class_ids:NV_MEMORY_FABRIC_IMPORTED_REF	535.309.01	545.23.08	ABSENT
value	class_ids:NV_MEMORY_FABRIC_IMPORTED_REF	550.40.07	615.71.09	251
value	class_ids:NV_MEMORY_FABRIC_IMPORT_V2	535.309.01	545.23.08	ABSENT
value	class_ids:NV_MEMORY_FABRIC_IMPORT_V2	550.40.07	615.71.09	249
value	class_ids:NV_MEMORY_MAPPER	535.309.01	615.71.09	254
value	class_ids:NV_MEMORY_MULTICAST_FABRIC	535.309.01	615.71.09	253
value	class_ids:NV_OPERATIONAL_EVENT_BUFFER_BIND	535.309.01	610.57.04	ABSENT
value	class_ids:NV_OPERATIONAL_EVENT_BUFFER_BIND	615.71.09	615.71.09	37072
value	class_ids:NV_SEMAPHORE_SURFACE	535.309.01	615.71.09	218
value	class_ids:PASCAL_CHANNEL_GPFIFO_A	535.309.01	615.71.09	49263
value	class_ids:PASCAL_DMA_COPY_A	535.309.01	615.71.09	49333
value	class_ids:PROFILER_CONTEXT_EVENT	535.309.01	595.84	ABSENT
value	class_ids:PROFILER_CONTEXT_EVENT	610.43.02	615.71.09	45262
value	class_ids:PROFILER_DEVICE_EVENT	535.309.01	595.84	ABSENT
value	class_ids:PROFILER_DEVICE_EVENT	610.43.02	615.71.09	45261
value	class_ids:RM_USER_SHARED_DATA	535.309.01	615.71.09	222
value	class_ids:TRACE_DEVICE_EVENT	535.309.01	595.84	ABSENT
value	class_ids:TRACE_DEVICE_EVENT	610.43.02	615.71.09	52685
value	class_ids:TURING_A	535.309.01	615.71.09	50583
value	class_ids:TURING_CHANNEL_GPFIFO_A	535.309.01	615.71.09	50287
value	class_ids:TURING_COMPUTE_A	535.309.01	615.71.09	50624
value	class_ids:TURING_DMA_COPY_A	535.309.01	615.71.09	50613
value	class_ids:TURING_USERMODE_A	535.309.01	615.71.09	50273
value	class_ids:UVM_CHANNEL_RETAINER	535.309.01	615.71.09	50548
value	class_ids:VOLTA_CHANNEL_GPFIFO_A	535.309.01	615.71.09	50031
value	class_ids:VOLTA_USERMODE_A	535.309.01	615.71.09	50017
value	class_ids:WPPS_CONFIG_SESSION	535.309.01	610.57.04	ABSENT
value	class_ids:WPPS_CONFIG_SESSION	615.71.09	615.71.09	53453
value	ctrl_cmds:NV0000_CTRL_CMD_SYSTEM_GET_CLASSLIST	535.309.01	615.71.09	264
value	ctrl_cmds:NV0080_CTRL_CMD_BSP_GET_CAPS_V2	535.309.01	615.71.09	8395778
value	ctrl_cmds:NV0080_CTRL_CMD_DMA_SET_PAGE_DIRECTORY	535.309.01	615.71.09	8394771
value	ctrl_cmds:NV0080_CTRL_CMD_DMA_UNSET_PAGE_DIRECTORY	535.309.01	615.71.09	8394772
value	ctrl_cmds:NV0080_CTRL_CMD_FIFO_GET_ENGINE_CONTEXT_PROPERTIES	535.309.01	615.71.09	8394503
value	ctrl_cmds:NV0080_CTRL_CMD_GPU_GET_CLASSLIST_V2	535.309.01	615.71.09	8389266
value	ctrl_cmds:NV0080_CTRL_CMD_MSENC_GET_CAPS_V2	535.309.01	545.23.08	ABSENT
value	ctrl_cmds:NV0080_CTRL_CMD_MSENC_GET_CAPS_V2	550.40.07	615.71.09	8395522
value	ctrl_cmds:NV2080_CTRL_CMD_BIOS_GET_INFO_V2	535.309.01	615.71.09	545261584
value	ctrl_cmds:NV2080_CTRL_CMD_BUS_GET_C2C_INFO	535.309.01	615.71.09	545265707
value	ctrl_cmds:NV2080_CTRL_CMD_BUS_GET_INFO_V2	535.309.01	615.71.09	545265699
value	ctrl_cmds:NV2080_CTRL_CMD_BUS_GET_PCIE_SUPPORTED_GPU_ATOMICS	535.309.01	615.71.09	545265706
value	ctrl_cmds:NV2080_CTRL_CMD_BUS_GET_PCI_BAR_INFO	535.309.01	615.71.09	545265667
value	ctrl_cmds:NV2080_CTRL_CMD_CE_GET_ALL_PHYSICAL_CAPS	535.309.01	615.71.09	545270283
value	ctrl_cmds:NV2080_CTRL_CMD_CE_GET_CAPS_V2	535.309.01	615.71.09	545270275
value	ctrl_cmds:NV2080_CTRL_CMD_CE_GET_CE_PCE_MASK	535.309.01	615.71.09	545270274
value	ctrl_cmds:NV2080_CTRL_CMD_CE_GET_FAULT_METHOD_BUFFER_SIZE	535.309.01	615.71.09	545270280
value	ctrl_cmds:NV2080_CTRL_CMD_CE_GET_PHYSICAL_CAPS	535.309.01	615.71.09	545270279
value	ctrl_cmds:NV2080_CTRL_CMD_EVENT_SET_NOTIFICATION	535.309.01	615.71.09	545260289
value	ctrl_cmds:NV2080_CTRL_CMD_FB_GET_GPU_CACHE_INFO	535.309.01	615.71.09	545264405
value	ctrl_cmds:NV2080_CTRL_CMD_FB_GET_INFO_V2	535.309.01	615.71.09	545264387
value	ctrl_cmds:NV2080_CTRL_CMD_FIFO_CHANNEL_PREEMPTIVE_REMOVAL	535.309.01	610.57.04	545263882
value	ctrl_cmds:NV2080_CTRL_CMD_FIFO_CHANNEL_PREEMPTIVE_REMOVAL	615.71.09	615.71.09	ABSENT
value	ctrl_cmds:NV2080_CTRL_CMD_FIFO_DISABLE_CHANNELS	535.309.01	615.71.09	545263883
value	ctrl_cmds:NV2080_CTRL_CMD_FIFO_GET_DEVICE_INFO_TABLE	535.309.01	615.71.09	545263890
value	ctrl_cmds:NV2080_CTRL_CMD_GPU_EVICT_CTX	535.309.01	615.71.09	545259820
value	ctrl_cmds:NV2080_CTRL_CMD_GPU_GET_CONSTRUCTED_FALCON_INFO	535.309.01	545.23.08	ABSENT
value	ctrl_cmds:NV2080_CTRL_CMD_GPU_GET_CONSTRUCTED_FALCON_INFO	550.40.07	615.71.09	545259952
value	ctrl_cmds:NV2080_CTRL_CMD_GPU_GET_INFO_V2	535.309.01	615.71.09	545259778
value	ctrl_cmds:NV2080_CTRL_CMD_GPU_GET_NAME_STRING	535.309.01	615.71.09	545259792
value	ctrl_cmds:NV2080_CTRL_CMD_GPU_PROMOTE_CTX	535.309.01	615.71.09	545259819
value	ctrl_cmds:NV2080_CTRL_CMD_GRMGR_GET_GR_FS_INFO	535.309.01	615.71.09	545273857
value	ctrl_cmds:NV2080_CTRL_CMD_GR_GET_CAPS_V2	535.309.01	615.71.09	545264167
value	ctrl_cmds:NV2080_CTRL_CMD_GR_GET_ENGINE_CONTEXT_PROPERTIES	535.309.01	615.71.09	545264173
value	ctrl_cmds:NV2080_CTRL_CMD_GSP_GET_FEATURES	535.309.01	615.71.09	545273345
value	ctrl_cmds:NV2080_CTRL_CMD_INTERNAL_BIF_GET_STATIC_INFO	535.309.01	615.71.09	545262252
value	ctrl_cmds:NV2080_CTRL_CMD_INTERNAL_CONF_COMPUTE_GET_STATIC_INFO	535.309.01	615.71.09	545262323
value	ctrl_cmds:NV2080_CTRL_CMD_INTERNAL_FIFO_GET_NUM_CHANNELS	535.309.01	615.71.09	545262177
value	ctrl_cmds:NV2080_CTRL_CMD_INTERNAL_GET_DEVICE_INFO_TABLE	535.309.01	615.71.09	545262144
value	ctrl_cmds:NV2080_CTRL_CMD_INTERNAL_GMMU_GET_STATIC_INFO	535.309.01	615.71.09	545262169
value	ctrl_cmds:NV2080_CTRL_CMD_INTERNAL_GMMU_REGISTER_CLIENT_SHADOW_FAULT_BUFFER	535.309.01	615.71.09	545262237
value	ctrl_cmds:NV2080_CTRL_CMD_INTERNAL_GMMU_REGISTER_FAULT_BUFFER	535.309.01	615.71.09	545262235
value	ctrl_cmds:NV2080_CTRL_CMD_INTERNAL_GMMU_UNREGISTER_CLIENT_SHADOW_FAULT_BUFFER	535.309.01	615.71.09	545262238
value	ctrl_cmds:NV2080_CTRL_CMD_INTERNAL_GPU_GET_CHIP_INFO	535.309.01	610.57.04	545262134
value	ctrl_cmds:NV2080_CTRL_CMD_INTERNAL_GPU_GET_CHIP_INFO	615.71.09	615.71.09	ABSENT
value	ctrl_cmds:NV2080_CTRL_CMD_INTERNAL_GPU_GET_SMC_MODE	535.309.01	615.71.09	545262156
value	ctrl_cmds:NV2080_CTRL_CMD_INTERNAL_GPU_GET_USER_REGISTER_ACCESS_MAP	535.309.01	615.71.09	545262145
value	ctrl_cmds:NV2080_CTRL_CMD_INTERNAL_INTR_GET_KERNEL_TABLE	535.309.01	615.71.09	545262172
value	ctrl_cmds:NV2080_CTRL_CMD_INTERNAL_MEMSYS_GET_STATIC_CONFIG	535.309.01	615.71.09	545262108
value	ctrl_cmds:NV2080_CTRL_CMD_INTERNAL_MEMSYS_L2_INVALIDATE_EVICT	535.309.01	615.71.09	545262188
value	ctrl_cmds:NV2080_CTRL_CMD_INTERNAL_STATIC_KGR_GET_CAPS	535.309.01	615.71.09	545262111
value	ctrl_cmds:NV2080_CTRL_CMD_INTERNAL_STATIC_KGR_GET_CONTEXT_BUFFERS_INFO	535.309.01	615.71.09	545262130
value	ctrl_cmds:NV2080_CTRL_CMD_INTERNAL_STATIC_KGR_GET_FECS_RECORD_SIZE	535.309.01	615.71.09	545262141
value	ctrl_cmds:NV2080_CTRL_CMD_INTERNAL_STATIC_KGR_GET_FECS_TRACE_DEFINES	535.309.01	615.71.09	545262143
value	ctrl_cmds:NV2080_CTRL_CMD_INTERNAL_STATIC_KGR_GET_FLOORSWEEPING_MASKS	535.309.01	615.71.09	545262118
value	ctrl_cmds:NV2080_CTRL_CMD_INTERNAL_STATIC_KGR_GET_GLOBAL_SM_ORDER	535.309.01	615.71.09	545262114
value	ctrl_cmds:NV2080_CTRL_CMD_INTERNAL_STATIC_KGR_GET_INFO	535.309.01	615.71.09	545262122
value	ctrl_cmds:NV2080_CTRL_CMD_INTERNAL_STATIC_KGR_GET_PDB_PROPERTIES	535.309.01	615.71.09	545262152
value	ctrl_cmds:NV2080_CTRL_CMD_INTERNAL_STATIC_KGR_GET_PPC_MASKS	535.309.01	615.71.09	545262128
value	ctrl_cmds:NV2080_CTRL_CMD_INTERNAL_STATIC_KGR_GET_ROP_INFO	535.309.01	615.71.09	545262126
value	ctrl_cmds:NV2080_CTRL_CMD_INTERNAL_STATIC_KGR_GET_SM_ISSUE_RATE_MODIFIER	535.309.01	615.71.09	545262132
value	ctrl_cmds:NV2080_CTRL_CMD_INTERNAL_STATIC_KGR_GET_SM_ISSUE_RATE_MODIFIER_V2	535.309.01	570.148.08	ABSENT
value	ctrl_cmds:NV2080_CTRL_CMD_INTERNAL_STATIC_KGR_GET_SM_ISSUE_RATE_MODIFIER_V2	575.51.02	615.71.09	545262339
value	ctrl_cmds:NV2080_CTRL_CMD_INTERNAL_STATIC_KGR_GET_ZCULL_INFO	535.309.01	615.71.09	545262124
value	ctrl_cmds:NV2080_CTRL_CMD_INTERNAL_UVM_REGISTER_ACCESS_CNTR_BUFFER	535.309.01	615.71.09	545262109
value	ctrl_cmds:NV2080_CTRL_CMD_INTERNAL_UVM_UNREGISTER_ACCESS_CNTR_BUFFER	535.309.01	615.71.09	545262110
value	ctrl_cmds:NV2080_CTRL_CMD_KGR_GET_CTX_BUFFER_PTES	535.309.01	615.71.09	545262120
value	ctrl_cmds:NV2080_CTRL_CMD_MC_GET_ARCH_INFO	535.309.01	615.71.09	545265409
value	ctrl_cmds:NV2080_CTRL_CMD_MC_SERVICE_INTERRUPTS	535.309.01	615.71.09	545265410
value	ctrl_cmds:NV2080_CTRL_CMD_PERF_GET_LEVEL_INFO_V2	535.309.01	545.23.08	ABSENT
value	ctrl_cmds:NV2080_CTRL_CMD_PERF_GET_LEVEL_INFO_V2	550.40.07	615.71.09	545267723
value	ctrl_cmds:NV2080_CTRL_CMD_RC_GET_WATCHDOG_INFO	535.309.01	615.71.09	545268233
value	ctrl_cmds:NV90F1_CTRL_CMD_VASPACE_COPY_SERVER_RESERVED_PDES	535.309.01	615.71.09	2431713542
value	ctrl_cmds:NVA06C_CTRL_CMD_GPFIFO_SCHEDULE	535.309.01	615.71.09	2691432705
value	ctrl_cmds:NVA06C_CTRL_CMD_INTERNAL_PROMOTE_FAULT_METHOD_BUFFERS	535.309.01	615.71.09	2691432714
value	ctrl_cmds:NVA06C_CTRL_CMD_PREEMPT	535.309.01	615.71.09	2691432709
value	ctrl_cmds:NVA06F_CTRL_CMD_BIND	535.309.01	615.71.09	2691629316
value	ctrl_cmds:NVA06F_CTRL_CMD_GPFIFO_SCHEDULE	535.309.01	615.71.09	2691629315
value	ctrl_cmds:NVA06F_CTRL_CMD_STOP_CHANNEL	535.309.01	615.71.09	2691629330
value	ctrl_cmds:NVC36F_CTRL_CMD_GPFIFO_GET_WORK_SUBMIT_TOKEN	535.309.01	615.71.09	3278831880
value	gsp_fw_meta_consts:GSP_FW_SR_META_INTERNAL_SIZE	535.309.01	565.57.01	ABSENT
value	gsp_fw_meta_consts:GSP_FW_SR_META_INTERNAL_SIZE	570.86.15	615.71.09	128
value	gsp_fw_meta_consts:GSP_FW_SR_META_MAGIC	535.309.01	615.71.09	9960759401688309139
value	gsp_fw_meta_consts:GSP_FW_SR_META_REVISION	535.309.01	615.71.09	2
value	gsp_fw_meta_consts:GSP_FW_WPR_META_MAGIC	535.309.01	615.71.09	15869187694674993331
value	gsp_fw_meta_consts:GSP_FW_WPR_META_REVISION	535.309.01	615.71.09	1
value	gsp_fw_meta_consts:GSP_FW_WPR_META_VERIFIED	535.309.01	615.71.09	11574427654092267680
value	gsp_msgq_consts:GSP_MSG_QUEUE_ALIGN	535.309.01	590.48.01	12
value	gsp_msgq_consts:GSP_MSG_QUEUE_ALIGN	595.84	615.71.09	ABSENT
value	gsp_msgq_consts:GSP_MSG_QUEUE_ELEMENT_ALIGN	535.309.01	590.48.01	12
value	gsp_msgq_consts:GSP_MSG_QUEUE_ELEMENT_ALIGN	595.84	615.71.09	ABSENT
value	gsp_msgq_consts:GSP_MSG_QUEUE_ELEMENT_ENCRYPTION_OFFSET	535.309.01	610.57.04	ABSENT
value	gsp_msgq_consts:GSP_MSG_QUEUE_ELEMENT_ENCRYPTION_OFFSET	615.71.09	615.71.09	32
value	gsp_msgq_consts:GSP_MSG_QUEUE_ELEMENT_HDR_SIZE	535.309.01	590.48.01	48
value	gsp_msgq_consts:GSP_MSG_QUEUE_ELEMENT_HDR_SIZE	595.84	615.71.09	ABSENT
value	gsp_msgq_consts:GSP_MSG_QUEUE_ELEMENT_SIZE_MAX	535.309.01	590.48.01	65536
value	gsp_msgq_consts:GSP_MSG_QUEUE_ELEMENT_SIZE_MAX	595.84	615.71.09	ABSENT
value	gsp_msgq_consts:GSP_MSG_QUEUE_ELEMENT_SIZE_MIN	535.309.01	590.48.01	4096
value	gsp_msgq_consts:GSP_MSG_QUEUE_ELEMENT_SIZE_MIN	595.84	615.71.09	ABSENT
value	gsp_msgq_consts:GSP_MSG_QUEUE_ELEMENT_SIZE_NO_ENCRYPTION	535.309.01	610.57.04	ABSENT
value	gsp_msgq_consts:GSP_MSG_QUEUE_ELEMENT_SIZE_NO_ENCRYPTION	615.71.09	615.71.09	24
value	gsp_msgq_consts:GSP_MSG_QUEUE_ELEMENT_SIZE_WITH_ENCRYPTION	535.309.01	610.57.04	ABSENT
value	gsp_msgq_consts:GSP_MSG_QUEUE_ELEMENT_SIZE_WITH_ENCRYPTION	615.71.09	615.71.09	40
value	gsp_msgq_consts:GSP_MSG_QUEUE_HEADER_ALIGN	535.309.01	590.48.01	4
value	gsp_msgq_consts:GSP_MSG_QUEUE_HEADER_ALIGN	595.84	615.71.09	ABSENT
value	gsp_msgq_consts:GSP_MSG_QUEUE_HEADER_SIZE	535.309.01	590.48.01	4096
value	gsp_msgq_consts:GSP_MSG_QUEUE_HEADER_SIZE	595.84	615.71.09	ABSENT
value	gsp_msgq_consts:GSP_MSG_QUEUE_RPC_SIZE_MAX	535.309.01	590.48.01	65488
value	gsp_msgq_consts:GSP_MSG_QUEUE_RPC_SIZE_MAX	595.84	615.71.09	ABSENT
value	gsp_msgq_consts:MSGQ_FLAGS_SWAP_RX	535.309.01	610.57.04	1
value	gsp_msgq_consts:MSGQ_FLAGS_SWAP_RX	615.71.09	615.71.09	ABSENT
value	gsp_msgq_consts:MSGQ_META_MAX_ALIGN	535.309.01	615.71.09	12
value	gsp_msgq_consts:MSGQ_META_MIN_ALIGN	535.309.01	615.71.09	3
value	gsp_msgq_consts:MSGQ_MSG_SIZE_MIN	535.309.01	615.71.09	16
value	gsp_msgq_consts:MSGQ_VERSION	535.309.01	610.57.04	0
value	gsp_msgq_consts:MSGQ_VERSION	615.71.09	615.71.09	ABSENT
value	gsp_msgq_consts:MSGQ_VERSION_MAJOR	535.309.01	610.57.04	ABSENT
value	gsp_msgq_consts:MSGQ_VERSION_MAJOR	615.71.09	615.71.09	2
value	gsp_msgq_consts:MSGQ_VERSION_MINOR	535.309.01	610.57.04	ABSENT
value	gsp_msgq_consts:MSGQ_VERSION_MINOR	615.71.09	615.71.09	0
value	libos_consts:LIBOS_MEMORY_REGION_INIT_ARGUMENTS_MAX	535.309.01	615.71.09	4096
value	libos_consts:LIBOS_MEMORY_REGION_RADIX_PAGE_LOG2	535.309.01	615.71.09	12
value	libos_consts:LIBOS_MEMORY_REGION_RADIX_PAGE_SIZE	535.309.01	615.71.09	4096
value	nv_escapes:NV_ESC_RM_ACCESS_REGISTRY	535.309.01	615.71.09	77
value	nv_escapes:NV_ESC_RM_ADD_VBLANK_CALLBACK	535.309.01	615.71.09	86
value	nv_escapes:NV_ESC_RM_ALLOC	535.309.01	615.71.09	43
value	nv_escapes:NV_ESC_RM_ALLOC_CONTEXT_DMA2	535.309.01	615.71.09	84
value	nv_escapes:NV_ESC_RM_ALLOC_MEMORY	535.309.01	615.71.09	39
value	nv_escapes:NV_ESC_RM_ALLOC_OBJECT	535.309.01	615.71.09	40
value	nv_escapes:NV_ESC_RM_BIND_CONTEXT_DMA	535.309.01	615.71.09	89
value	nv_escapes:NV_ESC_RM_CONFIG_GET	535.309.01	590.48.01	50
value	nv_escapes:NV_ESC_RM_CONFIG_GET	595.84	615.71.09	ABSENT
value	nv_escapes:NV_ESC_RM_CONFIG_GET_EX	535.309.01	590.48.01	55
value	nv_escapes:NV_ESC_RM_CONFIG_GET_EX	595.84	615.71.09	ABSENT
value	nv_escapes:NV_ESC_RM_CONFIG_SET	535.309.01	590.48.01	51
value	nv_escapes:NV_ESC_RM_CONFIG_SET	595.84	615.71.09	ABSENT
value	nv_escapes:NV_ESC_RM_CONFIG_SET_EX	535.309.01	590.48.01	56
value	nv_escapes:NV_ESC_RM_CONFIG_SET_EX	595.84	615.71.09	ABSENT
value	nv_escapes:NV_ESC_RM_CONTROL	535.309.01	615.71.09	42
value	nv_escapes:NV_ESC_RM_DUP_OBJECT	535.309.01	615.71.09	52
value	nv_escapes:NV_ESC_RM_EXPORT_OBJECT_TO_FD	535.309.01	615.71.09	92
value	nv_escapes:NV_ESC_RM_FREE	535.309.01	615.71.09	41
value	nv_escapes:NV_ESC_RM_GET_EVENT_DATA	535.309.01	615.71.09	82
value	nv_escapes:NV_ESC_RM_I2C_ACCESS	535.309.01	615.71.09	57
value	nv_escapes:NV_ESC_RM_IDLE_CHANNELS	535.309.01	615.71.09	65
value	nv_escapes:NV_ESC_RM_IMPORT_OBJECT_FROM_FD	535.309.01	615.71.09	93
value	nv_escapes:NV_ESC_RM_LOCKLESS_DIAGNOSTIC	535.309.01	535.309.01	ABSENT
value	nv_escapes:NV_ESC_RM_LOCKLESS_DIAGNOSTIC	545.23.08	615.71.09	95
value	nv_escapes:NV_ESC_RM_MAP_MEMORY	535.309.01	615.71.09	78
value	nv_escapes:NV_ESC_RM_MAP_MEMORY_DMA	535.309.01	615.71.09	87
value	nv_escapes:NV_ESC_RM_NVLOG_CTRL	535.309.01	535.309.01	95
value	nv_escapes:NV_ESC_RM_NVLOG_CTRL	545.23.08	615.71.09	ABSENT
value	nv_escapes:NV_ESC_RM_SHARE	535.309.01	615.71.09	53
value	nv_escapes:NV_ESC_RM_UNMAP_MEMORY	535.309.01	615.71.09	79
value	nv_escapes:NV_ESC_RM_UNMAP_MEMORY_DMA	535.309.01	615.71.09	88
value	nv_escapes:NV_ESC_RM_UPDATE_DEVICE_MAPPING_INFO	535.309.01	615.71.09	94
value	nv_escapes:NV_ESC_RM_VID_HEAP_CONTROL	535.309.01	615.71.09	74
value	nv_ioctl_consts:NV_ESC_ALLOC_OS_EVENT	535.309.01	615.71.09	206
value	nv_ioctl_consts:NV_ESC_ATTACH_GPUS_TO_FD	535.309.01	615.71.09	212
value	nv_ioctl_consts:NV_ESC_CARD_INFO	535.309.01	615.71.09	200
value	nv_ioctl_consts:NV_ESC_CHECK_VERSION_STR	535.309.01	615.71.09	210
value	nv_ioctl_consts:NV_ESC_EXPORT_TO_DMABUF_FD	535.309.01	615.71.09	217
value	nv_ioctl_consts:NV_ESC_FREE_OS_EVENT	535.309.01	615.71.09	207
value	nv_ioctl_consts:NV_ESC_IOCTL_XFER_CMD	535.309.01	615.71.09	211
value	nv_ioctl_consts:NV_ESC_NUMA_INFO	535.309.01	580.178.04	ABSENT
value	nv_ioctl_consts:NV_ESC_NUMA_INFO	590.48.01	615.71.09	215
value	nv_ioctl_consts:NV_ESC_QUERY_DEVICE_INTR	535.309.01	615.71.09	213
value	nv_ioctl_consts:NV_ESC_REGISTER_FD	535.309.01	615.71.09	201
value	nv_ioctl_consts:NV_ESC_SET_NUMA_STATUS	535.309.01	580.178.04	ABSENT
value	nv_ioctl_consts:NV_ESC_SET_NUMA_STATUS	590.48.01	615.71.09	216
value	nv_ioctl_consts:NV_ESC_STATUS_CODE	535.309.01	615.71.09	209
value	nv_ioctl_consts:NV_ESC_SYS_PARAMS	535.309.01	615.71.09	214
value	nv_ioctl_consts:NV_ESC_WAIT_OPEN_COMPLETE	535.309.01	545.23.08	ABSENT
value	nv_ioctl_consts:NV_ESC_WAIT_OPEN_COMPLETE	550.40.07	615.71.09	218
value	nv_ioctl_consts:NV_IOCTL_BASE	535.309.01	615.71.09	200
value	nv_ioctl_consts:NV_IOCTL_MAGIC	535.309.01	615.71.09	70
value	nv_ioctl_consts:NV_IOCTL_NUMA_INFO_MAX_OFFLINE_ADDRESSES	535.309.01	580.178.04	ABSENT
value	nv_ioctl_consts:NV_IOCTL_NUMA_INFO_MAX_OFFLINE_ADDRESSES	590.48.01	615.71.09	64
value	nv_ioctl_consts:NV_IOCTL_NUMA_STATUS_DISABLED	535.309.01	580.178.04	ABSENT
value	nv_ioctl_consts:NV_IOCTL_NUMA_STATUS_DISABLED	590.48.01	615.71.09	0
value	nv_ioctl_consts:NV_IOCTL_NUMA_STATUS_OFFLINE	535.309.01	580.178.04	ABSENT
value	nv_ioctl_consts:NV_IOCTL_NUMA_STATUS_OFFLINE	590.48.01	615.71.09	1
value	nv_ioctl_consts:NV_IOCTL_NUMA_STATUS_OFFLINE_FAILED	535.309.01	580.178.04	ABSENT
value	nv_ioctl_consts:NV_IOCTL_NUMA_STATUS_OFFLINE_FAILED	590.48.01	615.71.09	6
value	nv_ioctl_consts:NV_IOCTL_NUMA_STATUS_OFFLINE_IN_PROGRESS	535.309.01	580.178.04	ABSENT
value	nv_ioctl_consts:NV_IOCTL_NUMA_STATUS_OFFLINE_IN_PROGRESS	590.48.01	615.71.09	5
value	nv_ioctl_consts:NV_IOCTL_NUMA_STATUS_ONLINE	535.309.01	580.178.04	ABSENT
value	nv_ioctl_consts:NV_IOCTL_NUMA_STATUS_ONLINE	590.48.01	615.71.09	3
value	nv_ioctl_consts:NV_IOCTL_NUMA_STATUS_ONLINE_FAILED	535.309.01	580.178.04	ABSENT
value	nv_ioctl_consts:NV_IOCTL_NUMA_STATUS_ONLINE_FAILED	590.48.01	615.71.09	4
value	nv_ioctl_consts:NV_IOCTL_NUMA_STATUS_ONLINE_IN_PROGRESS	535.309.01	580.178.04	ABSENT
value	nv_ioctl_consts:NV_IOCTL_NUMA_STATUS_ONLINE_IN_PROGRESS	590.48.01	615.71.09	2
value	nv_ioctl_consts:NV_RM_API_VERSION_CMD_QUERY	535.309.01	615.71.09	50
value	nv_ioctl_consts:NV_RM_API_VERSION_CMD_RELAXED	535.309.01	615.71.09	49
value	nv_ioctl_consts:NV_RM_API_VERSION_CMD_STRICT	535.309.01	615.71.09	0
value	nv_ioctl_consts:NV_RM_API_VERSION_REPLY_RECOGNIZED	535.309.01	615.71.09	1
value	nv_ioctl_consts:NV_RM_API_VERSION_REPLY_UNRECOGNIZED	535.309.01	615.71.09	0
value	nv_ioctl_consts:NV_RM_API_VERSION_STRING_LENGTH	535.309.01	615.71.09	64
value	rpc_events:NV_VGPU_MSG_EVENT_BIND_BAR2	535.309.01	580.178.04	ABSENT
value	rpc_events:NV_VGPU_MSG_EVENT_BIND_BAR2	590.48.01	615.71.09	4132
value	rpc_events:NV_VGPU_MSG_EVENT_DISPLAY_MODESET	535.309.01	615.71.09	4113
value	rpc_events:NV_VGPU_MSG_EVENT_ECC_POSSIBLE_ERR_FAST_PATH	535.309.01	610.57.04	ABSENT
value	rpc_events:NV_VGPU_MSG_EVENT_ECC_POSSIBLE_ERR_FAST_PATH	615.71.09	615.71.09	4138
value	rpc_events:NV_VGPU_MSG_EVENT_EXTDEV_INTR_SERVICE	535.309.01	615.71.09	4114
value	rpc_events:NV_VGPU_MSG_EVENT_FECS_ERROR	535.309.01	550.90.07	ABSENT
value	rpc_events:NV_VGPU_MSG_EVENT_FECS_ERROR	555.42.02	615.71.09	4129
value	rpc_events:NV_VGPU_MSG_EVENT_FIRST_EVENT	535.309.01	615.71.09	4096
value	rpc_events:NV_VGPU_MSG_EVENT_FORCED_DRIVER_SHUTDOWN	535.309.01	580.178.04	ABSENT
value	rpc_events:NV_VGPU_MSG_EVENT_FORCED_DRIVER_SHUTDOWN	590.48.01	615.71.09	4133
value	rpc_events:NV_VGPU_MSG_EVENT_GPUACCT_PERFMON_UTIL_SAMPLES	535.309.01	615.71.09	4104
value	rpc_events:NV_VGPU_MSG_EVENT_GPU_GFM_STATE_CHANGE	535.309.01	610.57.04	ABSENT
value	rpc_events:NV_VGPU_MSG_EVENT_GPU_GFM_STATE_CHANGE	615.71.09	615.71.09	4140
value	rpc_events:NV_VGPU_MSG_EVENT_GSP_INIT_DONE	535.309.01	615.71.09	4097
value	rpc_events:NV_VGPU_MSG_EVENT_GSP_LOAD_EXEC_GENERIC_BOOTLOADER	535.309.01	590.48.01	ABSENT
value	rpc_events:NV_VGPU_MSG_EVENT_GSP_LOAD_EXEC_GENERIC_BOOTLOADER	595.84	615.71.09	4134
value	rpc_events:NV_VGPU_MSG_EVENT_GSP_LOAD_EXEC_HS_BINARY	535.309.01	590.48.01	ABSENT
value	rpc_events:NV_VGPU_MSG_EVENT_GSP_LOAD_EXEC_HS_BINARY	595.84	615.71.09	4135
value	rpc_events:NV_VGPU_MSG_EVENT_GSP_LOCKDOWN_NOTICE	535.309.01	535.309.01	4125
value	rpc_events:NV_VGPU_MSG_EVENT_GSP_LOCKDOWN_NOTICE	545.23.08	615.71.09	4124
value	rpc_events:NV_VGPU_MSG_EVENT_GSP_POST_NOCAT_RECORD	535.309.01	545.23.08	ABSENT
value	rpc_events:NV_VGPU_MSG_EVENT_GSP_POST_NOCAT_RECORD	550.40.07	615.71.09	4128
value	rpc_events:NV_VGPU_MSG_EVENT_GSP_RUN_CPU_SEQUENCER	535.309.01	615.71.09	4098
value	rpc_events:NV_VGPU_MSG_EVENT_GSP_SEND_USER_SHARED_DATA	535.309.01	535.309.01	4123
value	rpc_events:NV_VGPU_MSG_EVENT_GSP_SEND_USER_SHARED_DATA	545.23.08	615.71.09	ABSENT
value	rpc_events:NV_VGPU_MSG_EVENT_MIG_CI_CONFIG_UPDATE	535.309.01	535.309.01	4126
value	rpc_events:NV_VGPU_MSG_EVENT_MIG_CI_CONFIG_UPDATE	545.23.08	615.71.09	4125
value	rpc_events:NV_VGPU_MSG_EVENT_MMU_FAULT_QUEUED	535.309.01	615.71.09	4101
value	rpc_events:NV_VGPU_MSG_EVENT_NUM_EVENTS	535.309.01	535.309.01	4127
value	rpc_events:NV_VGPU_MSG_EVENT_NUM_EVENTS	545.23.08	545.23.08	4126
value	rpc_events:NV_VGPU_MSG_EVENT_NUM_EVENTS	550.40.07	550.90.07	4129
value	rpc_events:NV_VGPU_MSG_EVENT_NUM_EVENTS	555.42.02	560.28.03	4130
value	rpc_events:NV_VGPU_MSG_EVENT_NUM_EVENTS	565.57.01	580.159.04	4131
value	rpc_events:NV_VGPU_MSG_EVENT_NUM_EVENTS	580.173.02	580.178.04	4132
value	rpc_events:NV_VGPU_MSG_EVENT_NUM_EVENTS	590.48.01	590.48.01	4134
value	rpc_events:NV_VGPU_MSG_EVENT_NUM_EVENTS	595.84	610.57.04	4138
value	rpc_events:NV_VGPU_MSG_EVENT_NUM_EVENTS	615.71.09	615.71.09	4142
value	rpc_events:NV_VGPU_MSG_EVENT_NVLINK_ABM_FABRIC_HEALTH_MASK_UPDATE	535.309.01	580.159.04	ABSENT
value	rpc_events:NV_VGPU_MSG_EVENT_NVLINK_ABM_FABRIC_HEALTH_MASK_UPDATE	580.173.02	580.178.04	4131
value	rpc_events:NV_VGPU_MSG_EVENT_NVLINK_ABM_FABRIC_HEALTH_MASK_UPDATE	590.48.01	610.57.04	ABSENT
value	rpc_events:NV_VGPU_MSG_EVENT_NVLINK_ABM_FABRIC_HEALTH_MASK_UPDATE	615.71.09	615.71.09	4141
value	rpc_events:NV_VGPU_MSG_EVENT_NVLINK_FATAL_ERROR_RECOVERY	535.309.01	545.23.08	ABSENT
value	rpc_events:NV_VGPU_MSG_EVENT_NVLINK_FATAL_ERROR_RECOVERY	550.40.07	615.71.09	4127
value	rpc_events:NV_VGPU_MSG_EVENT_NVLINK_FAULT_UP	535.309.01	535.309.01	4124
value	rpc_events:NV_VGPU_MSG_EVENT_NVLINK_FAULT_UP	545.23.08	615.71.09	4123
value	rpc_events:NV_VGPU_MSG_EVENT_NVLINK_INBAND_RECEIVED_DATA_1024	535.309.01	615.71.09	4117
value	rpc_events:NV_VGPU_MSG_EVENT_NVLINK_INBAND_RECEIVED_DATA_2048	535.309.01	615.71.09	4118
value	rpc_events:NV_VGPU_MSG_EVENT_NVLINK_INBAND_RECEIVED_DATA_256	535.309.01	615.71.09	4115
value	rpc_events:NV_VGPU_MSG_EVENT_NVLINK_INBAND_RECEIVED_DATA_4096	535.309.01	615.71.09	4119
value	rpc_events:NV_VGPU_MSG_EVENT_NVLINK_INBAND_RECEIVED_DATA_512	535.309.01	615.71.09	4116
value	rpc_events:NV_VGPU_MSG_EVENT_NVLINK_IS_GPU_DEGRADED	535.309.01	615.71.09	4121
value	rpc_events:NV_VGPU_MSG_EVENT_NVLINK_TRAFFIC_QUIESCE_NOTIFY	535.309.01	610.57.04	ABSENT
value	rpc_events:NV_VGPU_MSG_EVENT_NVLINK_TRAFFIC_QUIESCE_NOTIFY	615.71.09	615.71.09	4139
value	rpc_events:NV_VGPU_MSG_EVENT_OS_ERROR_LOG	535.309.01	615.71.09	4102
value	rpc_events:NV_VGPU_MSG_EVENT_PERF_BRIDGELESS_INFO_UPDATE	535.309.01	615.71.09	4111
value	rpc_events:NV_VGPU_MSG_EVENT_PERF_GPU_BOOST_SYNC_LIMITS_CALLBACK	535.309.01	615.71.09	4110
value	rpc_events:NV_VGPU_MSG_EVENT_PFM_REQ_HNDLR_STATE_SYNC_CALLBACK	535.309.01	615.71.09	4122
value	rpc_events:NV_VGPU_MSG_EVENT_PMU_HALTED	535.309.01	590.48.01	ABSENT
value	rpc_events:NV_VGPU_MSG_EVENT_PMU_HALTED	595.84	615.71.09	4137
value	rpc_events:NV_VGPU_MSG_EVENT_POST_EVENT	535.309.01	615.71.09	4099
value	rpc_events:NV_VGPU_MSG_EVENT_RC_TRIGGERED	535.309.01	615.71.09	4100
value	rpc_events:NV_VGPU_MSG_EVENT_RECOVERY_ACTION	535.309.01	560.28.03	ABSENT
value	rpc_events:NV_VGPU_MSG_EVENT_RECOVERY_ACTION	565.57.01	615.71.09	4130
value	rpc_events:NV_VGPU_MSG_EVENT_RG_LINE_INTR	535.309.01	615.71.09	4103
value	rpc_events:NV_VGPU_MSG_EVENT_SEMAPHORE_SCHEDULE_CALLBACK	535.309.01	615.71.09	4107
value	rpc_events:NV_VGPU_MSG_EVENT_SIM_READ	535.309.01	615.71.09	4105
value	rpc_events:NV_VGPU_MSG_EVENT_SIM_WRITE	535.309.01	615.71.09	4106
value	rpc_events:NV_VGPU_MSG_EVENT_TIMED_SEMAPHORE_RELEASE	535.309.01	615.71.09	4120
value	rpc_events:NV_VGPU_MSG_EVENT_TRIGGER_BUGCHECK	535.309.01	580.178.04	ABSENT
value	rpc_events:NV_VGPU_MSG_EVENT_TRIGGER_BUGCHECK	590.48.01	615.71.09	4131
value	rpc_events:NV_VGPU_MSG_EVENT_UCODE_LIBOS_PRINT	535.309.01	615.71.09	4108
value	rpc_events:NV_VGPU_MSG_EVENT_UPDATE_GRID_DISPLAYLESS_PARAMS	535.309.01	590.48.01	ABSENT
value	rpc_events:NV_VGPU_MSG_EVENT_UPDATE_GRID_DISPLAYLESS_PARAMS	595.84	615.71.09	4136
value	rpc_events:NV_VGPU_MSG_EVENT_UPDATE_GSP_TRACE	535.309.01	545.23.08	ABSENT
value	rpc_events:NV_VGPU_MSG_EVENT_UPDATE_GSP_TRACE	550.40.07	615.71.09	4126
value	rpc_events:NV_VGPU_MSG_EVENT_VGPU_CONFIG	535.309.01	615.71.09	4112
value	rpc_events:NV_VGPU_MSG_EVENT_VGPU_GSP_PLUGIN_TRIGGERED	535.309.01	615.71.09	4109
value	rpc_functions:NV_VGPU_MSG_FUNCTION_ALLOC_CHANNEL_DMA	535.309.01	615.71.09	6
value	rpc_functions:NV_VGPU_MSG_FUNCTION_ALLOC_CTX_DMA	535.309.01	615.71.09	5
value	rpc_functions:NV_VGPU_MSG_FUNCTION_ALLOC_DEVICE	535.309.01	615.71.09	3
value	rpc_functions:NV_VGPU_MSG_FUNCTION_ALLOC_DISP_CHANNEL	535.309.01	615.71.09	17
value	rpc_functions:NV_VGPU_MSG_FUNCTION_ALLOC_DISP_OBJECT	535.309.01	615.71.09	18
value	rpc_functions:NV_VGPU_MSG_FUNCTION_ALLOC_DYNAMIC_MEMORY	535.309.01	615.71.09	20
value	rpc_functions:NV_VGPU_MSG_FUNCTION_ALLOC_EVENT	535.309.01	615.71.09	23
value	rpc_functions:NV_VGPU_MSG_FUNCTION_ALLOC_MEMORY	535.309.01	615.71.09	4
value	rpc_functions:NV_VGPU_MSG_FUNCTION_ALLOC_OBJECT	535.309.01	615.71.09	9
value	rpc_functions:NV_VGPU_MSG_FUNCTION_ALLOC_ROOT	535.309.01	615.71.09	2
value	rpc_functions:NV_VGPU_MSG_FUNCTION_ALLOC_SHARE_DEVICE	535.309.01	615.71.09	32
value	rpc_functions:NV_VGPU_MSG_FUNCTION_ALLOC_SUBDEVICE	535.309.01	615.71.09	19
value	rpc_functions:NV_VGPU_MSG_FUNCTION_ALLOC_VIDMEM	535.309.01	615.71.09	12
value	rpc_functions:NV_VGPU_MSG_FUNCTION_ALLOC_VIRTMEM	535.309.01	615.71.09	52
value	rpc_functions:NV_VGPU_MSG_FUNCTION_BIND_ARBITRARY_CTX_DMA	535.309.01	615.71.09	29
value	rpc_functions:NV_VGPU_MSG_FUNCTION_BIND_CTX_DMA	535.309.01	615.71.09	8
value	rpc_functions:NV_VGPU_MSG_FUNCTION_CLEANUP_SURFACE	535.309.01	615.71.09	46
value	rpc_functions:NV_VGPU_MSG_FUNCTION_CONTINUATION_RECORD	535.309.01	615.71.09	71
value	rpc_functions:NV_VGPU_MSG_FUNCTION_CREATE_FB_SEGMENT	535.309.01	615.71.09	30
value	rpc_functions:NV_VGPU_MSG_FUNCTION_CTRL_ALLOC_PMA_STREAM	535.309.01	615.71.09	140
value	rpc_functions:NV_VGPU_MSG_FUNCTION_CTRL_B0CC_EXEC_REG_OPS	535.309.01	615.71.09	130
value	rpc_functions:NV_VGPU_MSG_FUNCTION_CTRL_BIND_PM_RESOURCES	535.309.01	615.71.09	131
value	rpc_functions:NV_VGPU_MSG_FUNCTION_CTRL_BUS_SET_P2P_MAPPING	535.309.01	615.71.09	192
value	rpc_functions:NV_VGPU_MSG_FUNCTION_CTRL_BUS_UNSET_P2P_MAPPING	535.309.01	615.71.09	193
value	rpc_functions:NV_VGPU_MSG_FUNCTION_CTRL_CIPHER_AES_ENCRYPT	535.309.01	615.71.09	105
value	rpc_functions:NV_VGPU_MSG_FUNCTION_CTRL_CIPHER_SESSION_KEY	535.309.01	615.71.09	106
value	rpc_functions:NV_VGPU_MSG_FUNCTION_CTRL_CIPHER_SESSION_KEY_STATUS	535.309.01	615.71.09	107
value	rpc_functions:NV_VGPU_MSG_FUNCTION_CTRL_CLK_GET_EXTENDED_INFO	535.309.01	615.71.09	91
value	rpc_functions:NV_VGPU_MSG_FUNCTION_CTRL_CMD_GET_CHIPLET_HS_CREDIT_POOL	535.309.01	570.86.15	ABSENT
value	rpc_functions:NV_VGPU_MSG_FUNCTION_CTRL_CMD_GET_CHIPLET_HS_CREDIT_POOL	570.124.06	615.71.09	224
value	rpc_functions:NV_VGPU_MSG_FUNCTION_CTRL_CMD_GET_HS_CREDITS_MAPPING	535.309.01	570.86.15	ABSENT
value	rpc_functions:NV_VGPU_MSG_FUNCTION_CTRL_CMD_GET_HS_CREDITS_MAPPING	570.124.06	615.71.09	225
value	rpc_functions:NV_VGPU_MSG_FUNCTION_CTRL_CMD_INTERNAL_CONTROL_GSP_TRACE	535.309.01	560.28.03	ABSENT
value	rpc_functions:NV_VGPU_MSG_FUNCTION_CTRL_CMD_INTERNAL_CONTROL_GSP_TRACE	565.57.01	615.71.09	213
value	rpc_functions:NV_VGPU_MSG_FUNCTION_CTRL_CMD_INTERNAL_GPU_CHECK_CTS_ID_VALID	535.309.01	575.64.05	ABSENT
value	rpc_functions:NV_VGPU_MSG_FUNCTION_CTRL_CMD_INTERNAL_GPU_CHECK_CTS_ID_VALID	580.65.06	615.71.09	227
value	rpc_functions:NV_VGPU_MSG_FUNCTION_CTRL_CMD_INTERNAL_GPU_START_FABRIC_PROBE	535.309.01	545.23.08	ABSENT
value	rpc_functions:NV_VGPU_MSG_FUNCTION_CTRL_CMD_INTERNAL_GPU_START_FABRIC_PROBE	550.40.07	615.71.09	205
value	rpc_functions:NV_VGPU_MSG_FUNCTION_CTRL_CMD_NVLINK_INBAND_SEND_DATA	535.309.01	550.90.07	ABSENT
value	rpc_functions:NV_VGPU_MSG_FUNCTION_CTRL_CMD_NVLINK_INBAND_SEND_DATA	555.42.02	615.71.09	211
value	rpc_functions:NV_VGPU_MSG_FUNCTION_CTRL_DBG_CLEAR_ALL_SM_ERROR_STATES	535.309.01	615.71.09	108
value	rpc_functions:NV_VGPU_MSG_FUNCTION_CTRL_DBG_CLEAR_SINGLE_SM_ERROR_STATE	535.309.01	615.71.09	137
value	rpc_functions:NV_VGPU_MSG_FUNCTION_CTRL_DBG_EXEC_REG_OPS	535.309.01	615.71.09	134
value	rpc_functions:NV_VGPU_MSG_FUNCTION_CTRL_DBG_GET_MODE_MMU_DEBUG	535.309.01	545.23.08	ABSENT
value	rpc_functions:NV_VGPU_MSG_FUNCTION_CTRL_DBG_GET_MODE_MMU_DEBUG	550.40.07	615.71.09	203
value	rpc_functions:NV_VGPU_MSG_FUNCTION_CTRL_DBG_GET_MODE_MMU_GCC_DEBUG	535.309.01	565.57.01	ABSENT
value	rpc_functions:NV_VGPU_MSG_FUNCTION_CTRL_DBG_GET_MODE_MMU_GCC_DEBUG	570.86.15	615.71.09	218
value	rpc_functions:NV_VGPU_MSG_FUNCTION_CTRL_DBG_READ_ALL_SM_ERROR_STATES	535.309.01	615.71.09	109
value	rpc_functions:NV_VGPU_MSG_FUNCTION_CTRL_DBG_READ_SINGLE_SM_ERROR_STATE	535.309.01	615.71.09	136
value	rpc_functions:NV_VGPU_MSG_FUNCTION_CTRL_DBG_RESUME_CONTEXT	535.309.01	615.71.09	133
value	rpc_functions:NV_VGPU_MSG_FUNCTION_CTRL_DBG_SET_EXCEPTION_MASK	535.309.01	615.71.09	110
value	rpc_functions:NV_VGPU_MSG_FUNCTION_CTRL_DBG_SET_MODE_ERRBAR_DEBUG	535.309.01	615.71.09	138
value	rpc_functions:NV_VGPU_MSG_FUNCTION_CTRL_DBG_SET_MODE_MMU_DEBUG	535.309.01	615.71.09	135
value	rpc_functions:NV_VGPU_MSG_FUNCTION_CTRL_DBG_SET_MODE_MMU_GCC_DEBUG	535.309.01	565.57.01	ABSENT
value	rpc_functions:NV_VGPU_MSG_FUNCTION_CTRL_DBG_SET_MODE_MMU_GCC_DEBUG	570.86.15	615.71.09	217
value	rpc_functions:NV_VGPU_MSG_FUNCTION_CTRL_DBG_SET_NEXT_STOP_TRIGGER_TYPE	535.309.01	615.71.09	139
value	rpc_functions:NV_VGPU_MSG_FUNCTION_CTRL_DBG_SET_SINGLE_SM_SINGLE_STEP	535.309.01	615.71.09	157
value	rpc_functions:NV_VGPU_MSG_FUNCTION_CTRL_DBG_SUSPEND_CONTEXT	535.309.01	615.71.09	132
value	rpc_functions:NV_VGPU_MSG_FUNCTION_CTRL_DMA_SET_DEFAULT_VASPACE	535.309.01	615.71.09	120
value	rpc_functions:NV_VGPU_MSG_FUNCTION_CTRL_EVENT_BUFFER_UPDATE_GET	535.309.01	615.71.09	170
value	rpc_functions:NV_VGPU_MSG_FUNCTION_CTRL_EXEC_PARTITIONS_CREATE	535.309.01	615.71.09	184
value	rpc_functions:NV_VGPU_MSG_FUNCTION_CTRL_EXEC_PARTITIONS_DELETE	535.309.01	615.71.09	185
value	rpc_functions:NV_VGPU_MSG_FUNCTION_CTRL_EXEC_PARTITIONS_EXPORT	535.309.01	570.124.06	ABSENT
value	rpc_functions:NV_VGPU_MSG_FUNCTION_CTRL_EXEC_PARTITIONS_EXPORT	570.148.08	615.71.09	226
value	rpc_functions:NV_VGPU_MSG_FUNCTION_CTRL_FABRIC_MEMORY_DESCRIBE	535.309.01	615.71.09	179
value	rpc_functions:NV_VGPU_MSG_FUNCTION_CTRL_FABRIC_MEM_STATS	535.309.01	615.71.09	180
value	rpc_functions:NV_VGPU_MSG_FUNCTION_CTRL_FB_GET_FS_INFO	535.309.01	615.71.09	147
value	rpc_functions:NV_VGPU_MSG_FUNCTION_CTRL_FB_GET_INFO_V2	535.309.01	615.71.09	142
value	rpc_functions:NV_VGPU_MSG_FUNCTION_CTRL_FIFO_CLEAR_FAULTED_BIT	535.309.01	615.71.09	117
value	rpc_functions:NV_VGPU_MSG_FUNCTION_CTRL_FIFO_DISABLE_CHANNELS	535.309.01	615.71.09	100
value	rpc_functions:NV_VGPU_MSG_FUNCTION_CTRL_FIFO_SETUP_VF_ZOMBIE_SUBCTX_PDB	535.309.01	615.71.09	155
value	rpc_functions:NV_VGPU_MSG_FUNCTION_CTRL_FIFO_SET_CHANNEL_PROPERTIES	535.309.01	615.71.09	143
value	rpc_functions:NV_VGPU_MSG_FUNCTION_CTRL_FIFO_VGPU_SWRUNLIST_CHANNEL_UPDATE	535.309.01	610.57.04	ABSENT
value	rpc_functions:NV_VGPU_MSG_FUNCTION_CTRL_FIFO_VGPU_SWRUNLIST_CHANNEL_UPDATE	615.71.09	615.71.09	231
value	rpc_functions:NV_VGPU_MSG_FUNCTION_CTRL_FIFO_VGPU_SWRUNLIST_SUBMIT	535.309.01	610.57.04	ABSENT
value	rpc_functions:NV_VGPU_MSG_FUNCTION_CTRL_FIFO_VGPU_SWRUNLIST_SUBMIT	615.71.09	615.71.09	230
value	rpc_functions:NV_VGPU_MSG_FUNCTION_CTRL_FLA_SETUP_INSTANCE_MEM_BLOCK	535.309.01	615.71.09	194
value	rpc_functions:NV_VGPU_MSG_FUNCTION_CTRL_FLCN_GET_CTX_BUFFER_INFO	535.309.01	615.71.09	177
value	rpc_functions:NV_VGPU_MSG_FUNCTION_CTRL_FLCN_GET_CTX_BUFFER_SIZE	535.309.01	615.71.09	176
value	rpc_functions:NV_VGPU_MSG_FUNCTION_CTRL_FREE_PMA_STREAM	535.309.01	615.71.09	153
value	rpc_functions:NV_VGPU_MSG_FUNCTION_CTRL_GET_CE_PCE_MASK	535.309.01	615.71.09	121
value	rpc_functions:NV_VGPU_MSG_FUNCTION_CTRL_GET_HS_CREDITS	535.309.01	615.71.09	197
value	rpc_functions:NV_VGPU_MSG_FUNCTION_CTRL_GET_LATEST_ECC_ADDRESSES	535.309.01	615.71.09	118
value	rpc_functions:NV_VGPU_MSG_FUNCTION_CTRL_GET_MMU_DEBUG_MODE	535.309.01	615.71.09	174
value	rpc_functions:NV_VGPU_MSG_FUNCTION_CTRL_GET_NVLINK_PEER_ID_MASK	535.309.01	615.71.09	123
value	rpc_functions:NV_VGPU_MSG_FUNCTION_CTRL_GET_NVLINK_STATUS	535.309.01	615.71.09	124
value	rpc_functions:NV_VGPU_MSG_FUNCTION_CTRL_GET_P2P_CAPS	535.309.01	615.71.09	125
value	rpc_functions:NV_VGPU_MSG_FUNCTION_CTRL_GET_P2P_CAPS_MATRIX	535.309.01	615.71.09	126
value	rpc_functions:NV_VGPU_MSG_FUNCTION_CTRL_GET_P2P_CAPS_V2	535.309.01	615.71.09	104
value	rpc_functions:NV_VGPU_MSG_FUNCTION_CTRL_GET_TOTAL_HS_CREDITS	535.309.01	615.71.09	196
value	rpc_functions:NV_VGPU_MSG_FUNCTION_CTRL_GET_ZBC_CLEAR_TABLE	535.309.01	615.71.09	94
value	rpc_functions:NV_VGPU_MSG_FUNCTION_CTRL_GET_ZBC_CLEAR_TABLE_ENTRY	535.309.01	615.71.09	122
value	rpc_functions:NV_VGPU_MSG_FUNCTION_CTRL_GPFIFO_GET_WORK_SUBMIT_TOKEN	535.309.01	615.71.09	186
value	rpc_functions:NV_VGPU_MSG_FUNCTION_CTRL_GPFIFO_SCHEDULE	535.309.01	615.71.09	97
value	rpc_functions:NV_VGPU_MSG_FUNCTION_CTRL_GPFIFO_SET_WORK_SUBMIT_TOKEN_NOTIF_INDEX	535.309.01	615.71.09	187
value	rpc_functions:NV_VGPU_MSG_FUNCTION_CTRL_GPU_EVICT_CTX	535.309.01	615.71.09	146
value	rpc_functions:NV_VGPU_MSG_FUNCTION_CTRL_GPU_GET_INFO_V2	535.309.01	545.23.08	ABSENT
value	rpc_functions:NV_VGPU_MSG_FUNCTION_CTRL_GPU_GET_INFO_V2	550.40.07	615.71.09	209
value	rpc_functions:NV_VGPU_MSG_FUNCTION_CTRL_GPU_HANDLE_VF_PRI_FAULT	535.309.01	615.71.09	90
value	rpc_functions:NV_VGPU_MSG_FUNCTION_CTRL_GPU_INITIALIZE_CTX	535.309.01	615.71.09	115
value	rpc_functions:NV_VGPU_MSG_FUNCTION_CTRL_GPU_MIGRATABLE_OPS	535.309.01	615.71.09	195
value	rpc_functions:NV_VGPU_MSG_FUNCTION_CTRL_GPU_PROMOTE_CTX	535.309.01	615.71.09	111
value	rpc_functions:NV_VGPU_MSG_FUNCTION_CTRL_GPU_QUERY_ECC_STATUS	535.309.01	535.309.01	ABSENT
value	rpc_functions:NV_VGPU_MSG_FUNCTION_CTRL_GPU_QUERY_ECC_STATUS	545.23.08	615.71.09	201
value	rpc_functions:NV_VGPU_MSG_FUNCTION_CTRL_GPU_SET_MIGRATION_BLOCK	535.309.01	595.84	ABSENT
value	rpc_functions:NV_VGPU_MSG_FUNCTION_CTRL_GPU_SET_MIGRATION_BLOCK	610.43.02	615.71.09	229
value	rpc_functions:NV_VGPU_MSG_FUNCTION_CTRL_GRMGR_GET_GR_FS_INFO	535.309.01	615.71.09	148
value	rpc_functions:NV_VGPU_MSG_FUNCTION_CTRL_GR_CTXSW_PREEMPTION_BIND	535.309.01	615.71.09	112
value	rpc_functions:NV_VGPU_MSG_FUNCTION_CTRL_GR_CTXSW_ZCULL_BIND	535.309.01	615.71.09	114
value	rpc_functions:NV_VGPU_MSG_FUNCTION_CTRL_GR_GET_CTX_BUFFER_INFO	535.309.01	615.71.09	144
value	rpc_functions:NV_VGPU_MSG_FUNCTION_CTRL_GR_GET_TPC_PARTITION_MODE	535.309.01	615.71.09	158
value	rpc_functions:NV_VGPU_MSG_FUNCTION_CTRL_GR_PC_SAMPLING_MODE	535.309.01	615.71.09	150
value	rpc_functions:NV_VGPU_MSG_FUNCTION_CTRL_GR_SET_CTXSW_PREEMPTION_MODE	535.309.01	615.71.09	113
value	rpc_functions:NV_VGPU_MSG_FUNCTION_CTRL_GR_SET_TPC_PARTITION_MODE	535.309.01	615.71.09	159
value	rpc_functions:NV_VGPU_MSG_FUNCTION_CTRL_INTERNAL_MEMSYS_SET_ZBC_REFERENCED	535.309.01	615.71.09	183
value	rpc_functions:NV_VGPU_MSG_FUNCTION_CTRL_INTERNAL_PROMOTE_FAULT_METHOD_BUFFERS	535.309.01	615.71.09	175
value	rpc_functions:NV_VGPU_MSG_FUNCTION_CTRL_INTERNAL_QUIESCE_PMA_CHANNEL	535.309.01	615.71.09	167
value	rpc_functions:NV_VGPU_MSG_FUNCTION_CTRL_INTERNAL_SRIOV_PROMOTE_PMA_STREAM	535.309.01	615.71.09	173
value	rpc_functions:NV_VGPU_MSG_FUNCTION_CTRL_KGR_GET_CTX_BUFFER_PTES	535.309.01	615.71.09	145
value	rpc_functions:NV_VGPU_MSG_FUNCTION_CTRL_MASTER_GET_VIRTUAL_FUNCTION_ERROR_CONT_INTR_MASK	535.309.01	615.71.09	189
value	rpc_functions:NV_VGPU_MSG_FUNCTION_CTRL_MC_SERVICE_INTERRUPTS	535.309.01	615.71.09	119
value	rpc_functions:NV_VGPU_MSG_FUNCTION_CTRL_NVENC_SW_SESSION_UPDATE_INFO	535.309.01	615.71.09	87
value	rpc_functions:NV_VGPU_MSG_FUNCTION_CTRL_NVFBC_SW_SESSION_UPDATE_INFO	535.309.01	615.71.09	86
value	rpc_functions:NV_VGPU_MSG_FUNCTION_CTRL_NVLINK_GET_INBAND_RECEIVED_DATA	535.309.01	545.23.08	ABSENT
value	rpc_functions:NV_VGPU_MSG_FUNCTION_CTRL_NVLINK_GET_INBAND_RECEIVED_DATA	550.40.07	615.71.09	206
value	rpc_functions:NV_VGPU_MSG_FUNCTION_CTRL_PERF_BOOST	535.309.01	615.71.09	92
value	rpc_functions:NV_VGPU_MSG_FUNCTION_CTRL_PERF_LIMITS_SET_STATUS_V2	535.309.01	615.71.09	172
value	rpc_functions:NV_VGPU_MSG_FUNCTION_CTRL_PERF_RATED_TDP_GET_STATUS	535.309.01	615.71.09	151
value	rpc_functions:NV_VGPU_MSG_FUNCTION_CTRL_PERF_RATED_TDP_SET_CONTROL	535.309.01	615.71.09	152
value	rpc_functions:NV_VGPU_MSG_FUNCTION_CTRL_PERF_VPSTATES_GET_CONTROL	535.309.01	615.71.09	93
value	rpc_functions:NV_VGPU_MSG_FUNCTION_CTRL_PMA_STREAM_UPDATE_GET_PUT	535.309.01	615.71.09	141
value	rpc_functions:NV_VGPU_MSG_FUNCTION_CTRL_PM_AREA_PC_SAMPLER	535.309.01	615.71.09	199
value	rpc_functions:NV_VGPU_MSG_FUNCTION_CTRL_PREEMPT	535.309.01	615.71.09	99
value	rpc_functions:NV_VGPU_MSG_FUNCTION_CTRL_RELEASE_CCU_PROF	535.309.01	565.57.01	ABSENT
value	rpc_functions:NV_VGPU_MSG_FUNCTION_CTRL_RELEASE_CCU_PROF	570.86.15	615.71.09	222
value	rpc_functions:NV_VGPU_MSG_FUNCTION_CTRL_RELEASE_HES	535.309.01	565.57.01	ABSENT
value	rpc_functions:NV_VGPU_MSG_FUNCTION_CTRL_RELEASE_HES	570.86.15	615.71.09	220
value	rpc_functions:NV_VGPU_MSG_FUNCTION_CTRL_RESERVE_CCU_PROF	535.309.01	565.57.01	ABSENT
value	rpc_functions:NV_VGPU_MSG_FUNCTION_CTRL_RESERVE_CCU_PROF	570.86.15	615.71.09	221
value	rpc_functions:NV_VGPU_MSG_FUNCTION_CTRL_RESERVE_HES	535.309.01	565.57.01	ABSENT
value	rpc_functions:NV_VGPU_MSG_FUNCTION_CTRL_RESERVE_HES	570.86.15	615.71.09	219
value	rpc_functions:NV_VGPU_MSG_FUNCTION_CTRL_RESERVE_HWPM_LEGACY	535.309.01	615.71.09	129
value	rpc_functions:NV_VGPU_MSG_FUNCTION_CTRL_RESERVE_PM_AREA_SMPC	535.309.01	615.71.09	128
value	rpc_functions:NV_VGPU_MSG_FUNCTION_CTRL_RESET_CHANNEL	535.309.01	615.71.09	88
value	rpc_functions:NV_VGPU_MSG_FUNCTION_CTRL_RESET_ISOLATED_CHANNEL	535.309.01	615.71.09	89
value	rpc_functions:NV_VGPU_MSG_FUNCTION_CTRL_SET_CHANNEL_INTERLEAVE_LEVEL	535.309.01	615.71.09	102
value	rpc_functions:NV_VGPU_MSG_FUNCTION_CTRL_SET_HS_CREDITS	535.309.01	615.71.09	198
value	rpc_functions:NV_VGPU_MSG_FUNCTION_CTRL_SET_TIMESLICE	535.309.01	615.71.09	98
value	rpc_functions:NV_VGPU_MSG_FUNCTION_CTRL_SET_TSG_INTERLEAVE_LEVEL	535.309.01	615.71.09	101
value	rpc_functions:NV_VGPU_MSG_FUNCTION_CTRL_SET_VGPU_FB_USAGE	535.309.01	615.71.09	85
value	rpc_functions:NV_VGPU_MSG_FUNCTION_CTRL_SET_ZBC_COLOR_CLEAR	535.309.01	615.71.09	95
value	rpc_functions:NV_VGPU_MSG_FUNCTION_CTRL_SET_ZBC_DEPTH_CLEAR	535.309.01	615.71.09	96
value	rpc_functions:NV_VGPU_MSG_FUNCTION_CTRL_SET_ZBC_STENCIL_CLEAR	535.309.01	555.42.02	ABSENT
value	rpc_functions:NV_VGPU_MSG_FUNCTION_CTRL_SET_ZBC_STENCIL_CLEAR	560.28.03	615.71.09	214
value	rpc_functions:NV_VGPU_MSG_FUNCTION_CTRL_STOP_CHANNEL	535.309.01	615.71.09	149
value	rpc_functions:NV_VGPU_MSG_FUNCTION_CTRL_SUBDEVICE_GET_LIBOS_HEAP_STATS	535.309.01	565.57.01	ABSENT
value	rpc_functions:NV_VGPU_MSG_FUNCTION_CTRL_SUBDEVICE_GET_LIBOS_HEAP_STATS	570.86.15	615.71.09	216
value	rpc_functions:NV_VGPU_MSG_FUNCTION_CTRL_SUBDEVICE_GET_P2P_CAPS	535.309.01	615.71.09	191
value	rpc_functions:NV_VGPU_MSG_FUNCTION_CTRL_SUBDEVICE_GET_VGPU_HEAP_STATS	535.309.01	565.57.01	ABSENT
value	rpc_functions:NV_VGPU_MSG_FUNCTION_CTRL_SUBDEVICE_GET_VGPU_HEAP_STATS	570.86.15	615.71.09	215
value	rpc_functions:NV_VGPU_MSG_FUNCTION_CTRL_TIMER_SET_GR_TICK_FREQ	535.309.01	615.71.09	154
value	rpc_functions:NV_VGPU_MSG_FUNCTION_CTRL_VASPACE_COPY_SERVER_RESERVED_PDES	535.309.01	615.71.09	116
value	rpc_functions:NV_VGPU_MSG_FUNCTION_DCE_RM_INIT	535.309.01	615.71.09	168
value	rpc_functions:NV_VGPU_MSG_FUNCTION_DEFERRED_API_CONTROL	535.309.01	615.71.09	33
value	rpc_functions:NV_VGPU_MSG_FUNCTION_DESTROY_FB_SEGMENT	535.309.01	615.71.09	31
value	rpc_functions:NV_VGPU_MSG_FUNCTION_DISABLE_CHANNELS	535.309.01	615.71.09	178
value	rpc_functions:NV_VGPU_MSG_FUNCTION_DMA_CONTROL	535.309.01	615.71.09	26
value	rpc_functions:NV_VGPU_MSG_FUNCTION_DMA_FILL_PTE_MEM	535.309.01	615.71.09	27
value	rpc_functions:NV_VGPU_MSG_FUNCTION_DUMP_PROTOBUF_COMPONENT	535.309.01	615.71.09	78
value	rpc_functions:NV_VGPU_MSG_FUNCTION_DUP_OBJECT	535.309.01	615.71.09	21
value	rpc_functions:NV_VGPU_MSG_FUNCTION_ECC_NOTIFIER_WRITE_ACK	535.309.01	615.71.09	202
value	rpc_functions:NV_VGPU_MSG_FUNCTION_FREE	535.309.01	615.71.09	10
value	rpc_functions:NV_VGPU_MSG_FUNCTION_FREE_VIDMEM_VIRT	535.309.01	615.71.09	38
value	rpc_functions:NV_VGPU_MSG_FUNCTION_GET_BRAND_CAPS	535.309.01	545.23.08	ABSENT
value	rpc_functions:NV_VGPU_MSG_FUNCTION_GET_BRAND_CAPS	550.40.07	615.71.09	210
value	rpc_functions:NV_VGPU_MSG_FUNCTION_GET_CONSOLIDATED_GR_STATIC_INFO	535.309.01	615.71.09	156
value	rpc_functions:NV_VGPU_MSG_FUNCTION_GET_CONSOLIDATED_STATIC_INFO	535.309.01	615.71.09	80
value	rpc_functions:NV_VGPU_MSG_FUNCTION_GET_EDID	535.309.01	615.71.09	16
value	rpc_functions:NV_VGPU_MSG_FUNCTION_GET_ENCODER_CAPACITY	535.309.01	615.71.09	62
value	rpc_functions:NV_VGPU_MSG_FUNCTION_GET_ENGINE_UTILIZATION	535.309.01	615.71.09	60
value	rpc_functions:NV_VGPU_MSG_FUNCTION_GET_GSP_STATIC_INFO	535.309.01	615.71.09	65
value	rpc_functions:NV_VGPU_MSG_FUNCTION_GET_PLCABLE_ADDRESS_KIND	535.309.01	615.71.09	171
value	rpc_functions:NV_VGPU_MSG_FUNCTION_GET_STATIC_DATA	535.309.01	545.23.08	ABSENT
value	rpc_functions:NV_VGPU_MSG_FUNCTION_GET_STATIC_DATA	550.40.07	615.71.09	207
value	rpc_functions:NV_VGPU_MSG_FUNCTION_GET_STATIC_INFO	535.309.01	615.71.09	51
value	rpc_functions:NV_VGPU_MSG_FUNCTION_GET_STATIC_INFO2	535.309.01	615.71.09	77
value	rpc_functions:NV_VGPU_MSG_FUNCTION_GET_STATIC_PSTATE_INFO	535.309.01	615.71.09	55
value	rpc_functions:NV_VGPU_MSG_FUNCTION_GMMU_REGISTER_CLIENT_SHADOW_FAULT_BUFFER	535.309.01	615.71.09	83
value	rpc_functions:NV_VGPU_MSG_FUNCTION_GMMU_REGISTER_FAULT_BUFFER	535.309.01	615.71.09	81
value	rpc_functions:NV_VGPU_MSG_FUNCTION_GMMU_UNREGISTER_CLIENT_SHADOW_FAULT_BUFFER	535.309.01	615.71.09	84
value	rpc_functions:NV_VGPU_MSG_FUNCTION_GMMU_UNREGISTER_FAULT_BUFFER	535.309.01	615.71.09	82
value	rpc_functions:NV_VGPU_MSG_FUNCTION_GPU_EXEC_REG_OPS	535.309.01	615.71.09	50
value	rpc_functions:NV_VGPU_MSG_FUNCTION_GSP_INIT_POST_OBJGPU	535.309.01	615.71.09	74
value	rpc_functions:NV_VGPU_MSG_FUNCTION_GSP_RM_ALLOC	535.309.01	615.71.09	103
value	rpc_functions:NV_VGPU_MSG_FUNCTION_GSP_RM_CONTROL	535.309.01	615.71.09	76
value	rpc_functions:NV_VGPU_MSG_FUNCTION_GSP_SET_SYSTEM_INFO	535.309.01	615.71.09	72
value	rpc_functions:NV_VGPU_MSG_FUNCTION_IDLE_CHANNELS	535.309.01	615.71.09	22
value	rpc_functions:NV_VGPU_MSG_FUNCTION_INIT_GSP_TRACE_CRASH_BUFFER	535.309.01	580.126.09	ABSENT
value	rpc_functions:NV_VGPU_MSG_FUNCTION_INIT_GSP_TRACE_CRASH_BUFFER	580.159.04	580.178.04	228
value	rpc_functions:NV_VGPU_MSG_FUNCTION_INIT_GSP_TRACE_CRASH_BUFFER	590.48.01	590.48.01	ABSENT
value	rpc_functions:NV_VGPU_MSG_FUNCTION_INIT_GSP_TRACE_CRASH_BUFFER	595.84	615.71.09	228
value	rpc_functions:NV_VGPU_MSG_FUNCTION_INVALIDATE_TLB	535.309.01	615.71.09	200
value	rpc_functions:NV_VGPU_MSG_FUNCTION_LOG	535.309.01	615.71.09	11
value	rpc_functions:NV_VGPU_MSG_FUNCTION_MANAGE_HW_RESOURCE	535.309.01	615.71.09	28
value	rpc_functions:NV_VGPU_MSG_FUNCTION_MAP_MEMORY	535.309.01	615.71.09	7
value	rpc_functions:NV_VGPU_MSG_FUNCTION_MAP_MEMORY_DMA	535.309.01	615.71.09	14
value	rpc_functions:NV_VGPU_MSG_FUNCTION_MAP_SEMA_MEMORY	535.309.01	615.71.09	43
value	rpc_functions:NV_VGPU_MSG_FUNCTION_NOP	535.309.01	615.71.09	0
value	rpc_functions:NV_VGPU_MSG_FUNCTION_NUM_FUNCTIONS	535.309.01	545.23.08	203
value	rpc_functions:NV_VGPU_MSG_FUNCTION_NUM_FUNCTIONS	550.40.07	550.90.07	211
value	rpc_functions:NV_VGPU_MSG_FUNCTION_NUM_FUNCTIONS	555.42.02	555.42.02	212
value	rpc_functions:NV_VGPU_MSG_FUNCTION_NUM_FUNCTIONS	560.28.03	565.57.01	215
value	rpc_functions:NV_VGPU_MSG_FUNCTION_NUM_FUNCTIONS	570.86.15	570.86.15	223
value	rpc_functions:NV_VGPU_MSG_FUNCTION_NUM_FUNCTIONS	570.124.06	570.124.06	226
value	rpc_functions:NV_VGPU_MSG_FUNCTION_NUM_FUNCTIONS	570.148.08	575.64.05	227
value	rpc_functions:NV_VGPU_MSG_FUNCTION_NUM_FUNCTIONS	580.65.06	580.126.09	228
value	rpc_functions:NV_VGPU_MSG_FUNCTION_NUM_FUNCTIONS	580.159.04	580.178.04	229
value	rpc_functions:NV_VGPU_MSG_FUNCTION_NUM_FUNCTIONS	590.48.01	590.48.01	228
value	rpc_functions:NV_VGPU_MSG_FUNCTION_NUM_FUNCTIONS	595.84	595.84	229
value	rpc_functions:NV_VGPU_MSG_FUNCTION_NUM_FUNCTIONS	610.43.02	610.57.04	230
value	rpc_functions:NV_VGPU_MSG_FUNCTION_NUM_FUNCTIONS	615.71.09	615.71.09	232
value	rpc_functions:NV_VGPU_MSG_FUNCTION_PERF_GET_LEVEL_INFO	535.309.01	615.71.09	42
value	rpc_functions:NV_VGPU_MSG_FUNCTION_PERF_GET_PERFMON_SAMPLE	535.309.01	615.71.09	40
value	rpc_functions:NV_VGPU_MSG_FUNCTION_PERF_GET_PSTATE_INFO	535.309.01	615.71.09	39
value	rpc_functions:NV_VGPU_MSG_FUNCTION_PERF_GET_VIRTUAL_PSTATE_INFO	535.309.01	615.71.09	41
value	rpc_functions:NV_VGPU_MSG_FUNCTION_PMA_SCRUBBER_SHARED_BUFFER_GUEST_PAGES_OPERATION	535.309.01	615.71.09	188
value	rpc_functions:NV_VGPU_MSG_FUNCTION_REGISTER_VIRTUAL_EVENT_BUFFER	535.309.01	615.71.09	169
value	rpc_functions:NV_VGPU_MSG_FUNCTION_REMAPPER_CONTROL	535.309.01	615.71.09	25
value	rpc_functions:NV_VGPU_MSG_FUNCTION_REMOVE_DEFERRED_API	535.309.01	615.71.09	34
value	rpc_functions:NV_VGPU_MSG_FUNCTION_RESERVED	535.309.01	570.86.15	ABSENT
value	rpc_functions:NV_VGPU_MSG_FUNCTION_RESERVED	570.124.06	570.148.08	223
value	rpc_functions:NV_VGPU_MSG_FUNCTION_RESERVED	575.51.02	615.71.09	ABSENT
value	rpc_functions:NV_VGPU_MSG_FUNCTION_RESERVED_0	535.309.01	615.71.09	127
value	rpc_functions:NV_VGPU_MSG_FUNCTION_RESERVED_190	535.309.01	570.148.08	ABSENT
value	rpc_functions:NV_VGPU_MSG_FUNCTION_RESERVED_190	575.51.02	615.71.09	190
value	rpc_functions:NV_VGPU_MSG_FUNCTION_RESERVED_201	535.309.01	535.309.01	201
value	rpc_functions:NV_VGPU_MSG_FUNCTION_RESERVED_201	545.23.08	615.71.09	ABSENT
value	rpc_functions:NV_VGPU_MSG_FUNCTION_RESERVED_208	535.309.01	545.23.08	ABSENT
value	rpc_functions:NV_VGPU_MSG_FUNCTION_RESERVED_208	550.40.07	615.71.09	208
value	rpc_functions:NV_VGPU_MSG_FUNCTION_RESERVED_213	535.309.01	555.42.02	ABSENT
value	rpc_functions:NV_VGPU_MSG_FUNCTION_RESERVED_213	560.28.03	560.28.03	213
value	rpc_functions:NV_VGPU_MSG_FUNCTION_RESERVED_213	565.57.01	615.71.09	ABSENT
value	rpc_functions:NV_VGPU_MSG_FUNCTION_RESERVED_57	535.309.01	615.71.09	57
value	rpc_functions:NV_VGPU_MSG_FUNCTION_RESET_CURRENT_GR_CONTEXT	535.309.01	615.71.09	58
value	rpc_functions:NV_VGPU_MSG_FUNCTION_RESTORE_HIBERNATION_DATA	535.309.01	615.71.09	182
value	rpc_functions:NV_VGPU_MSG_FUNCTION_RMFS_CLEANUP	535.309.01	615.71.09	68
value	rpc_functions:NV_VGPU_MSG_FUNCTION_RMFS_CLOSE_QUEUE	535.309.01	615.71.09	67
value	rpc_functions:NV_VGPU_MSG_FUNCTION_RMFS_INIT	535.309.01	615.71.09	66
value	rpc_functions:NV_VGPU_MSG_FUNCTION_RMFS_TEST	535.309.01	615.71.09	69
value	rpc_functions:NV_VGPU_MSG_FUNCTION_RM_API_CONTROL	535.309.01	545.23.08	ABSENT
value	rpc_functions:NV_VGPU_MSG_FUNCTION_RM_API_CONTROL	550.40.07	615.71.09	204
value	rpc_functions:NV_VGPU_MSG_FUNCTION_SAVE_HIBERNATION_DATA	535.309.01	615.71.09	181
value	rpc_functions:NV_VGPU_MSG_FUNCTION_SEND_EVENT	535.309.01	615.71.09	24
value	rpc_functions:NV_VGPU_MSG_FUNCTION_SETUP_HIBERNATION_BUFFER	535.309.01	570.148.08	ABSENT
value	rpc_functions:NV_VGPU_MSG_FUNCTION_SETUP_HIBERNATION_BUFFER	575.51.02	615.71.09	223
value	rpc_functions:NV_VGPU_MSG_FUNCTION_SET_GUEST_SYSTEM_INFO	535.309.01	615.71.09	1
value	rpc_functions:NV_VGPU_MSG_FUNCTION_SET_GUEST_SYSTEM_INFO_EXT	535.309.01	615.71.09	64
value	rpc_functions:NV_VGPU_MSG_FUNCTION_SET_PAGE_DIRECTORY	535.309.01	615.71.09	54
value	rpc_functions:NV_VGPU_MSG_FUNCTION_SET_REGISTRY	535.309.01	615.71.09	73
value	rpc_functions:NV_VGPU_MSG_FUNCTION_SET_SEMA_MEM_VALIDATION_STATE	535.309.01	615.71.09	59
value	rpc_functions:NV_VGPU_MSG_FUNCTION_SET_SURFACE_PROPERTIES	535.309.01	615.71.09	45
value	rpc_functions:NV_VGPU_MSG_FUNCTION_SET_SYSMEM_DIRTY_PAGE_TRACKING_BUFFER	535.309.01	570.148.08	190
value	rpc_functions:NV_VGPU_MSG_FUNCTION_SET_SYSMEM_DIRTY_PAGE_TRACKING_BUFFER	575.51.02	615.71.09	ABSENT
value	rpc_functions:NV_VGPU_MSG_FUNCTION_SIM_ESCAPE_READ	535.309.01	615.71.09	35
value	rpc_functions:NV_VGPU_MSG_FUNCTION_SIM_ESCAPE_WRITE	535.309.01	615.71.09	36
value	rpc_functions:NV_VGPU_MSG_FUNCTION_SIM_MANAGE_DISPLAY_CONTEXT_DMA	535.309.01	615.71.09	37
value	rpc_functions:NV_VGPU_MSG_FUNCTION_SUBDEV_EVENT_SET_NOTIFICATION	535.309.01	615.71.09	75
value	rpc_functions:NV_VGPU_MSG_FUNCTION_SWITCH_TO_VGA	535.309.01	615.71.09	49
value	rpc_functions:NV_VGPU_MSG_FUNCTION_TDR_SET_TIMEOUT_STATE	535.309.01	615.71.09	48
value	rpc_functions:NV_VGPU_MSG_FUNCTION_TRANSLATE_GUEST_GPU_PTES	535.309.01	615.71.09	56
value	rpc_functions:NV_VGPU_MSG_FUNCTION_UNLOADING_GUEST_DRIVER	535.309.01	615.71.09	47
value	rpc_functions:NV_VGPU_MSG_FUNCTION_UNMAP_MEMORY	535.309.01	615.71.09	13
value	rpc_functions:NV_VGPU_MSG_FUNCTION_UNMAP_MEMORY_DMA	535.309.01	615.71.09	15
value	rpc_functions:NV_VGPU_MSG_FUNCTION_UNMAP_SEMA_MEMORY	535.309.01	615.71.09	44
value	rpc_functions:NV_VGPU_MSG_FUNCTION_UNSET_PAGE_DIRECTORY	535.309.01	615.71.09	79
value	rpc_functions:NV_VGPU_MSG_FUNCTION_UPDATE_BAR_PDE	535.309.01	615.71.09	70
value	rpc_functions:NV_VGPU_MSG_FUNCTION_UPDATE_GPM_GUEST_BUFFER_INFO	535.309.01	555.42.02	ABSENT
value	rpc_functions:NV_VGPU_MSG_FUNCTION_UPDATE_GPM_GUEST_BUFFER_INFO	560.28.03	615.71.09	212
value	rpc_functions:NV_VGPU_MSG_FUNCTION_UPDATE_GPU_PDES	535.309.01	615.71.09	61
value	rpc_functions:NV_VGPU_MSG_FUNCTION_UPDATE_PDE_2	535.309.01	615.71.09	53
value	rpc_functions:NV_VGPU_MSG_FUNCTION_UVM_METHOD_STREAM_GUEST_PAGES_OPERATION	535.309.01	615.71.09	166
value	rpc_functions:NV_VGPU_MSG_FUNCTION_UVM_PAGING_CHANNEL_ALLOCATE	535.309.01	615.71.09	160
value	rpc_functions:NV_VGPU_MSG_FUNCTION_UVM_PAGING_CHANNEL_DESTROY	535.309.01	615.71.09	161
value	rpc_functions:NV_VGPU_MSG_FUNCTION_UVM_PAGING_CHANNEL_MAP	535.309.01	615.71.09	162
value	rpc_functions:NV_VGPU_MSG_FUNCTION_UVM_PAGING_CHANNEL_PUSH_STREAM	535.309.01	615.71.09	164
value	rpc_functions:NV_VGPU_MSG_FUNCTION_UVM_PAGING_CHANNEL_SET_HANDLES	535.309.01	615.71.09	165
value	rpc_functions:NV_VGPU_MSG_FUNCTION_UVM_PAGING_CHANNEL_UNMAP	535.309.01	615.71.09	163
value	rpc_functions:NV_VGPU_MSG_FUNCTION_VGPU_PF_REG_READ32	535.309.01	615.71.09	63
value	uvm_ioctls:UVM_ADD_SESSION	535.309.01	615.71.09	10
value	uvm_ioctls:UVM_ALLOC_DEVICE_P2P	535.309.01	560.28.03	ABSENT
value	uvm_ioctls:UVM_ALLOC_DEVICE_P2P	565.57.01	615.71.09	78
value	uvm_ioctls:UVM_ALLOC_SEMAPHORE_POOL	535.309.01	615.71.09	68
value	uvm_ioctls:UVM_ALLOW_MIGRATION_RANGE_GROUPS	535.309.01	595.84	41
value	uvm_ioctls:UVM_ALLOW_MIGRATION_RANGE_GROUPS	610.43.02	615.71.09	ABSENT
value	uvm_ioctls:UVM_CLEAN_UP_ZOMBIE_RESOURCES	535.309.01	615.71.09	69
value	uvm_ioctls:UVM_CLEAR_ALL_ACCESS_COUNTERS	535.309.01	560.28.03	ABSENT
value	uvm_ioctls:UVM_CLEAR_ALL_ACCESS_COUNTERS	565.57.01	615.71.09	79
value	uvm_ioctls:UVM_COUNTERS_OFFSET_BASE	535.309.01	580.178.04	4611686018427387904
value	uvm_ioctls:UVM_COUNTERS_OFFSET_BASE	590.48.01	615.71.09	ABSENT
value	uvm_ioctls:UVM_COUNTER_CONFIG_STATE_DISABLE_REQUESTED	535.309.01	615.71.09	0
value	uvm_ioctls:UVM_COUNTER_CONFIG_STATE_ENABLE_REQUESTED	535.309.01	615.71.09	1
value	uvm_ioctls:UVM_COUNTER_NAME_FLAG_BYTES_XFER_BTD	535.309.01	615.71.09	64
value	uvm_ioctls:UVM_COUNTER_NAME_FLAG_BYTES_XFER_DTB	535.309.01	615.71.09	32
value	uvm_ioctls:UVM_COUNTER_NAME_FLAG_BYTES_XFER_DTH	535.309.01	615.71.09	2
value	uvm_ioctls:UVM_COUNTER_NAME_FLAG_BYTES_XFER_HTD	535.309.01	615.71.09	1
value	uvm_ioctls:UVM_COUNTER_NAME_FLAG_CPU_PAGE_FAULT_COUNT	535.309.01	615.71.09	4
value	uvm_ioctls:UVM_COUNTER_NAME_FLAG_GPU_PAGE_FAULT_COUNT	535.309.01	615.71.09	512
value	uvm_ioctls:UVM_COUNTER_NAME_FLAG_PREFETCH_BYTES_XFER_DTH	535.309.01	615.71.09	256
value	uvm_ioctls:UVM_COUNTER_NAME_FLAG_PREFETCH_BYTES_XFER_HTD	535.309.01	615.71.09	128
value	uvm_ioctls:UVM_COUNTER_NAME_FLAG_WDDM_BYTES_XFER_BTH	535.309.01	615.71.09	8
value	uvm_ioctls:UVM_COUNTER_NAME_FLAG_WDDM_BYTES_XFER_HTB	535.309.01	615.71.09	16
value	uvm_ioctls:UVM_CREATE_EVENT_QUEUE	535.309.01	615.71.09	14
value	uvm_ioctls:UVM_CREATE_EXTERNAL_RANGE	535.309.01	615.71.09	73
value	uvm_ioctls:UVM_CREATE_RANGE_GROUP	535.309.01	595.84	23
value	uvm_ioctls:UVM_CREATE_RANGE_GROUP	610.43.02	615.71.09	ABSENT
value	uvm_ioctls:UVM_DEBUG_ACCESS_MEMORY	535.309.01	570.148.08	36
value	uvm_ioctls:UVM_DEBUG_ACCESS_MEMORY	575.51.02	615.71.09	ABSENT
value	uvm_ioctls:UVM_DEBUG_ACCESS_PAGE_SIZE	535.309.01	570.148.08	4096
value	uvm_ioctls:UVM_DEBUG_ACCESS_PAGE_SIZE	575.51.02	615.71.09	ABSENT
value	uvm_ioctls:UVM_DEBUG_V1	535.309.01	580.178.04	1
value	uvm_ioctls:UVM_DEBUG_V1	590.48.01	615.71.09	ABSENT
value	uvm_ioctls:UVM_DESTROY_RANGE_GROUP	535.309.01	595.84	24
value	uvm_ioctls:UVM_DESTROY_RANGE_GROUP	610.43.02	615.71.09	ABSENT
value	uvm_ioctls:UVM_DISABLE_PEER_ACCESS	535.309.01	615.71.09	30
value	uvm_ioctls:UVM_DISABLE_READ_DUPLICATION	535.309.01	615.71.09	45
value	uvm_ioctls:UVM_DISABLE_SYSTEM_WIDE_ATOMICS	535.309.01	590.48.01	55
value	uvm_ioctls:UVM_DISABLE_SYSTEM_WIDE_ATOMICS	595.84	615.71.09	ABSENT
value	uvm_ioctls:UVM_DISCARD	535.309.01	575.64.05	ABSENT
value	uvm_ioctls:UVM_DISCARD	580.65.06	615.71.09	80
value	uvm_ioctls:UVM_DISCARD_FLAGS_UNMAP	535.309.01	575.64.05	ABSENT
value	uvm_ioctls:UVM_DISCARD_FLAGS_UNMAP	580.65.06	615.71.09	1
value	uvm_ioctls:UVM_ENABLE_COUNTERS	535.309.01	615.71.09	12
value	uvm_ioctls:UVM_ENABLE_PEER_ACCESS	535.309.01	615.71.09	29
value	uvm_ioctls:UVM_ENABLE_READ_DUPLICATION	535.309.01	615.71.09	44
value	uvm_ioctls:UVM_ENABLE_SYSTEM_WIDE_ATOMICS	535.309.01	590.48.01	54
value	uvm_ioctls:UVM_ENABLE_SYSTEM_WIDE_ATOMICS	595.84	615.71.09	ABSENT
value	uvm_ioctls:UVM_EVENTS_OFFSET_BASE	535.309.01	580.178.04	9223372036854775808
value	uvm_ioctls:UVM_EVENTS_OFFSET_BASE	590.48.01	615.71.09	ABSENT
value	uvm_ioctls:UVM_EVENT_CTRL	535.309.01	615.71.09	17
value	uvm_ioctls:UVM_EVENT_ENABLE_CPU_FAULT	535.309.01	615.71.09	2
value	uvm_ioctls:UVM_EVENT_ENABLE_EVICTION	535.309.01	615.71.09	16384
value	uvm_ioctls:UVM_EVENT_ENABLE_FATAL_FAULT	535.309.01	615.71.09	64
value	uvm_ioctls:UVM_EVENT_ENABLE_FAULT_BUFFER_OVERFLOW	535.309.01	615.71.09	32
value	uvm_ioctls:UVM_EVENT_ENABLE_GPU_FAULT	535.309.01	615.71.09	8
value	uvm_ioctls:UVM_EVENT_ENABLE_GPU_FAULT_REPLAY	535.309.01	615.71.09	16
value	uvm_ioctls:UVM_EVENT_ENABLE_MAP_REMOTE	535.309.01	615.71.09	8192
value	uvm_ioctls:UVM_EVENT_ENABLE_MEMORY_VIOLATION	535.309.01	615.71.09	2
value	uvm_ioctls:UVM_EVENT_ENABLE_MIGRATION	535.309.01	615.71.09	4
value	uvm_ioctls:UVM_EVENT_ENABLE_PAGE_SIZE_CHANGE	535.309.01	615.71.09	512
value	uvm_ioctls:UVM_EVENT_ENABLE_READ_DUPLICATE	535.309.01	615.71.09	128
value	uvm_ioctls:UVM_EVENT_ENABLE_READ_DUPLICATE_INVALIDATE	535.309.01	615.71.09	256
value	uvm_ioctls:UVM_EVENT_ENABLE_TEST_ACCESS_COUNTER	535.309.01	615.71.09	9223372036854775808
value	uvm_ioctls:UVM_EVENT_ENABLE_TEST_HMM_SPLIT_INVALIDATE	535.309.01	615.71.09	4611686018427387904
value	uvm_ioctls:UVM_EVENT_ENABLE_THRASHING_DETECTED	535.309.01	615.71.09	1024
value	uvm_ioctls:UVM_EVENT_ENABLE_THROTTLING_END	535.309.01	615.71.09	4096
value	uvm_ioctls:UVM_EVENT_ENABLE_THROTTLING_START	535.309.01	615.71.09	2048
value	uvm_ioctls:UVM_FREE	535.309.01	615.71.09	34
value	uvm_ioctls:UVM_GET_GPU_UUID_TABLE	535.309.01	615.71.09	20
value	uvm_ioctls:UVM_IMPORT_DMA_BUF	535.309.01	610.57.04	ABSENT
value	uvm_ioctls:UVM_IMPORT_DMA_BUF	615.71.09	615.71.09	83
value	uvm_ioctls:UVM_INIT_FLAGS_DISABLE_HMM	535.309.01	615.71.09	1
value	uvm_ioctls:UVM_INIT_FLAGS_DISABLE_PAGEABLE_ACCESS	535.309.01	595.84	ABSENT
value	uvm_ioctls:UVM_INIT_FLAGS_DISABLE_PAGEABLE_ACCESS	610.43.02	615.71.09	4
value	uvm_ioctls:UVM_INIT_FLAGS_DISABLE_PAGEABLE_MIGRATIONS	535.309.01	595.84	ABSENT
value	uvm_ioctls:UVM_INIT_FLAGS_DISABLE_PAGEABLE_MIGRATIONS	610.43.02	615.71.09	1
value	uvm_ioctls:UVM_INIT_FLAGS_MASK	535.309.01	595.84	3
value	uvm_ioctls:UVM_INIT_FLAGS_MASK	610.43.02	615.71.09	7
value	uvm_ioctls:UVM_INIT_FLAGS_MULTI_PROCESS_SHARING_MODE	535.309.01	615.71.09	2
value	uvm_ioctls:UVM_IS_8_SUPPORTED	535.309.01	615.71.09	2047
value	uvm_ioctls:UVM_IS_DMA_BUF_IMPORT_SUPPORTED	535.309.01	610.57.04	ABSENT
value	uvm_ioctls:UVM_IS_DMA_BUF_IMPORT_SUPPORTED	615.71.09	615.71.09	82
value	uvm_ioctls:UVM_MAP_COUNTER	535.309.01	615.71.09	13
value	uvm_ioctls:UVM_MAP_DMA_BUF	535.309.01	610.57.04	ABSENT
value	uvm_ioctls:UVM_MAP_DMA_BUF	615.71.09	615.71.09	84
value	uvm_ioctls:UVM_MAP_DYNAMIC_PARALLELISM_REGION	535.309.01	615.71.09	65
value	uvm_ioctls:UVM_MAP_EVENT_QUEUE	535.309.01	615.71.09	16
value	uvm_ioctls:UVM_MAP_EXTERNAL_ALLOCATION	535.309.01	615.71.09	33
value	uvm_ioctls:UVM_MAP_EXTERNAL_SPARSE	535.309.01	615.71.09	74
value	uvm_ioctls:UVM_MAX_COUNTERS_PER_IOCTL_CALL	535.309.01	615.71.09	32
value	uvm_ioctls:UVM_MAX_GPUS	535.309.01	550.90.07	32
value	uvm_ioctls:UVM_MAX_GPUS	555.42.02	615.71.09	256
value	uvm_ioctls:UVM_MAX_GPUS_V1	535.309.01	550.40.07	ABSENT
value	uvm_ioctls:UVM_MAX_GPUS_V1	550.54.14	615.71.09	32
value	uvm_ioctls:UVM_MAX_GPUS_V2	535.309.01	550.40.07	ABSENT
value	uvm_ioctls:UVM_MAX_GPUS_V2	550.54.14	550.90.07	256
value	uvm_ioctls:UVM_MAX_GPUS_V2	555.42.02	615.71.09	ABSENT
value	uvm_ioctls:UVM_MAX_PROCESSORS	535.309.01	550.90.07	33
value	uvm_ioctls:UVM_MAX_PROCESSORS	555.42.02	615.71.09	257
value	uvm_ioctls:UVM_MAX_PROCESSORS_V1	535.309.01	550.40.07	ABSENT
value	uvm_ioctls:UVM_MAX_PROCESSORS_V1	550.54.14	615.71.09	33
value	uvm_ioctls:UVM_MAX_PROCESSORS_V2	535.309.01	550.40.07	ABSENT
value	uvm_ioctls:UVM_MAX_PROCESSORS_V2	550.54.14	550.90.07	257
value	uvm_ioctls:UVM_MAX_PROCESSORS_V2	555.42.02	615.71.09	ABSENT
value	uvm_ioctls:UVM_MAX_RANGE_GROUPS_PER_IOCTL_CALL	535.309.01	595.84	32
value	uvm_ioctls:UVM_MAX_RANGE_GROUPS_PER_IOCTL_CALL	610.43.02	615.71.09	ABSENT
value	uvm_ioctls:UVM_MAX_STREAMS_PER_IOCTL_CALL	535.309.01	615.71.09	32
value	uvm_ioctls:UVM_MEM_MAP	535.309.01	615.71.09	35
value	uvm_ioctls:UVM_MIGRATE	535.309.01	615.71.09	51
value	uvm_ioctls:UVM_MIGRATE_FLAGS_ALL	535.309.01	615.71.09	7
value	uvm_ioctls:UVM_MIGRATE_FLAGS_TEST_ALL	535.309.01	615.71.09	6
value	uvm_ioctls:UVM_MIGRATE_FLAG_ASYNC	535.309.01	615.71.09	1
value	uvm_ioctls:UVM_MIGRATE_FLAG_NO_GPU_VA_SPACE	535.309.01	615.71.09	4
value	uvm_ioctls:UVM_MIGRATE_FLAG_SKIP_CPU_MAP	535.309.01	615.71.09	2
value	uvm_ioctls:UVM_MIGRATE_RANGE_GROUP	535.309.01	595.84	53
value	uvm_ioctls:UVM_MIGRATE_RANGE_GROUP	610.43.02	615.71.09	ABSENT
value	uvm_ioctls:UVM_MM_INITIALIZE	535.309.01	615.71.09	75
value	uvm_ioctls:UVM_PAGEABLE_MEM_ACCESS	535.309.01	615.71.09	39
value	uvm_ioctls:UVM_PAGEABLE_MEM_ACCESS_ON_GPU	535.309.01	615.71.09	70
value	uvm_ioctls:UVM_PAGE_SIZE_128K	535.309.01	575.64.05	ABSENT
value	uvm_ioctls:UVM_PAGE_SIZE_128K	580.65.06	615.71.09	131072
value	uvm_ioctls:UVM_PAGE_SIZE_256G	535.309.01	575.64.05	ABSENT
value	uvm_ioctls:UVM_PAGE_SIZE_256G	580.65.06	615.71.09	274877906944
value	uvm_ioctls:UVM_PAGE_SIZE_2M	535.309.01	575.64.05	ABSENT
value	uvm_ioctls:UVM_PAGE_SIZE_2M	580.65.06	615.71.09	2097152
value	uvm_ioctls:UVM_PAGE_SIZE_4K	535.309.01	575.64.05	ABSENT
value	uvm_ioctls:UVM_PAGE_SIZE_4K	580.65.06	615.71.09	4096
value	uvm_ioctls:UVM_PAGE_SIZE_512M	535.309.01	575.64.05	ABSENT
value	uvm_ioctls:UVM_PAGE_SIZE_512M	580.65.06	615.71.09	536870912
value	uvm_ioctls:UVM_PAGE_SIZE_64K	535.309.01	575.64.05	ABSENT
value	uvm_ioctls:UVM_PAGE_SIZE_64K	580.65.06	615.71.09	65536
value	uvm_ioctls:UVM_PAGE_SIZE_DEFAULT	535.309.01	575.64.05	ABSENT
value	uvm_ioctls:UVM_PAGE_SIZE_DEFAULT	580.65.06	615.71.09	0
value	uvm_ioctls:UVM_PARENT_ID_MAX_SUB_PROCESSORS	535.309.01	550.90.07	ABSENT
value	uvm_ioctls:UVM_PARENT_ID_MAX_SUB_PROCESSORS	555.42.02	615.71.09	8
value	uvm_ioctls:UVM_PMA_MAX_LOCALIZED_REGION_COUNT	535.309.01	580.178.04	ABSENT
value	uvm_ioctls:UVM_PMA_MAX_LOCALIZED_REGION_COUNT	590.48.01	615.71.09	2
value	uvm_ioctls:UVM_POPULATE_PAGEABLE	535.309.01	615.71.09	71
value	uvm_ioctls:UVM_POPULATE_PAGEABLE_FLAGS_ALL	535.309.01	570.148.08	3
value	uvm_ioctls:UVM_POPULATE_PAGEABLE_FLAGS_ALL	575.51.02	615.71.09	7
value	uvm_ioctls:UVM_POPULATE_PAGEABLE_FLAGS_INTERNAL	535.309.01	570.148.08	ABSENT
value	uvm_ioctls:UVM_POPULATE_PAGEABLE_FLAGS_INTERNAL	575.51.02	615.71.09	4
value	uvm_ioctls:UVM_POPULATE_PAGEABLE_FLAGS_TEST	535.309.01	570.148.08	ABSENT
value	uvm_ioctls:UVM_POPULATE_PAGEABLE_FLAGS_TEST	575.51.02	615.71.09	3
value	uvm_ioctls:UVM_POPULATE_PAGEABLE_FLAGS_TEST_ALL	535.309.01	570.148.08	3
value	uvm_ioctls:UVM_POPULATE_PAGEABLE_FLAGS_TEST_ALL	575.51.02	615.71.09	ABSENT
value	uvm_ioctls:UVM_POPULATE_PAGEABLE_FLAG_ALLOW_MANAGED	535.309.01	615.71.09	1
value	uvm_ioctls:UVM_POPULATE_PAGEABLE_FLAG_ALLOW_SPECIAL	535.309.01	570.148.08	ABSENT
value	uvm_ioctls:UVM_POPULATE_PAGEABLE_FLAG_ALLOW_SPECIAL	575.51.02	615.71.09	4
value	uvm_ioctls:UVM_POPULATE_PAGEABLE_FLAG_SKIP_PROT_CHECK	535.309.01	615.71.09	2
value	uvm_ioctls:UVM_PREVENT_MIGRATION_RANGE_GROUPS	535.309.01	595.84	40
value	uvm_ioctls:UVM_PREVENT_MIGRATION_RANGE_GROUPS	610.43.02	615.71.09	ABSENT
value	uvm_ioctls:UVM_PROCESSOR_MASK_SIZE	535.309.01	550.40.07	ABSENT
value	uvm_ioctls:UVM_PROCESSOR_MASK_SIZE	550.54.14	615.71.09	5
value	uvm_ioctls:UVM_QUERY_RESIDENCY	535.309.01	595.84	ABSENT
value	uvm_ioctls:UVM_QUERY_RESIDENCY	610.43.02	615.71.09	81
value	uvm_ioctls:UVM_RANGE_GROUP_ID_NONE	535.309.01	615.71.09	0
value	uvm_ioctls:UVM_REGION_COMMIT	535.309.01	615.71.09	3
value	uvm_ioctls:UVM_REGION_DECOMMIT	535.309.01	615.71.09	4
value	uvm_ioctls:UVM_REGION_SET_STREAM	535.309.01	615.71.09	5
value	uvm_ioctls:UVM_REGISTER_CHANNEL	535.309.01	615.71.09	27
value	uvm_ioctls:UVM_REGISTER_GPU	535.309.01	615.71.09	37
value	uvm_ioctls:UVM_REGISTER_GPU_VASPACE	535.309.01	615.71.09	25
value	uvm_ioctls:UVM_REGISTER_MPS_CLIENT	535.309.01	580.178.04	19
value	uvm_ioctls:UVM_REGISTER_MPS_CLIENT	590.48.01	615.71.09	ABSENT
value	uvm_ioctls:UVM_REGISTER_MPS_SERVER	535.309.01	580.178.04	18
value	uvm_ioctls:UVM_REGISTER_MPS_SERVER	590.48.01	615.71.09	ABSENT
value	uvm_ioctls:UVM_RELEASE_VA	535.309.01	615.71.09	2
value	uvm_ioctls:UVM_REMOVE_EVENT_QUEUE	535.309.01	615.71.09	15
value	uvm_ioctls:UVM_REMOVE_SESSION	535.309.01	580.178.04	11
value	uvm_ioctls:UVM_REMOVE_SESSION	590.48.01	615.71.09	ABSENT
value	uvm_ioctls:UVM_RESERVE_VA	535.309.01	615.71.09	1
value	uvm_ioctls:UVM_RUN_TEST	535.309.01	580.178.04	9
value	uvm_ioctls:UVM_RUN_TEST	590.48.01	615.71.09	ABSENT
value	uvm_ioctls:UVM_SET_ACCESSED_BY	535.309.01	615.71.09	46
value	uvm_ioctls:UVM_SET_PREFERRED_LOCATION	535.309.01	615.71.09	42
value	uvm_ioctls:UVM_SET_RANGE_GROUP	535.309.01	595.84	31
value	uvm_ioctls:UVM_SET_RANGE_GROUP	610.43.02	615.71.09	ABSENT
value	uvm_ioctls:UVM_SET_STREAM_RUNNING	535.309.01	615.71.09	6
value	uvm_ioctls:UVM_SET_STREAM_STOPPED	535.309.01	615.71.09	7
value	uvm_ioctls:UVM_STREAM_ALL	535.309.01	615.71.09	2
value	uvm_ioctls:UVM_STREAM_INVALID	535.309.01	615.71.09	0
value	uvm_ioctls:UVM_STREAM_NONE	535.309.01	615.71.09	3
value	uvm_ioctls:UVM_TOOLS_DISABLE_COUNTERS	535.309.01	615.71.09	61
value	uvm_ioctls:UVM_TOOLS_ENABLE_COUNTERS	535.309.01	615.71.09	60
value	uvm_ioctls:UVM_TOOLS_EVENT_QUEUE_DISABLE_EVENTS	535.309.01	615.71.09	59
value	uvm_ioctls:UVM_TOOLS_EVENT_QUEUE_ENABLE_EVENTS	535.309.01	615.71.09	58
value	uvm_ioctls:UVM_TOOLS_FLUSH_EVENTS	535.309.01	615.71.09	67
value	uvm_ioctls:UVM_TOOLS_GET_PROCESSOR_UUID_TABLE	535.309.01	615.71.09	64
value	uvm_ioctls:UVM_TOOLS_GET_PROCESSOR_UUID_TABLE_V2	535.309.01	560.28.03	ABSENT
value	uvm_ioctls:UVM_TOOLS_GET_PROCESSOR_UUID_TABLE_V2	565.57.01	615.71.09	77
value	uvm_ioctls:UVM_TOOLS_INIT_EVENT_TRACKER	535.309.01	615.71.09	56
value	uvm_ioctls:UVM_TOOLS_INIT_EVENT_TRACKER_V2	535.309.01	560.28.03	ABSENT
value	uvm_ioctls:UVM_TOOLS_INIT_EVENT_TRACKER_V2	565.57.01	615.71.09	76
value	uvm_ioctls:UVM_TOOLS_READ_PROCESS_MEMORY	535.309.01	615.71.09	62
value	uvm_ioctls:UVM_TOOLS_SET_NOTIFICATION_THRESHOLD	535.309.01	615.71.09	57
value	uvm_ioctls:UVM_TOOLS_WRITE_PROCESS_MEMORY	535.309.01	615.71.09	63
value	uvm_ioctls:UVM_UNMAP_DMA_BUF	535.309.01	610.57.04	ABSENT
value	uvm_ioctls:UVM_UNMAP_DMA_BUF	615.71.09	615.71.09	85
value	uvm_ioctls:UVM_UNMAP_EXTERNAL	535.309.01	615.71.09	66
value	uvm_ioctls:UVM_UNREGISTER_CHANNEL	535.309.01	615.71.09	28
value	uvm_ioctls:UVM_UNREGISTER_GPU	535.309.01	615.71.09	38
value	uvm_ioctls:UVM_UNREGISTER_GPU_VASPACE	535.309.01	615.71.09	26
value	uvm_ioctls:UVM_UNSET_ACCESSED_BY	535.309.01	615.71.09	47
value	uvm_ioctls:UVM_UNSET_PREFERRED_LOCATION	535.309.01	615.71.09	43
value	uvm_ioctls:UVM_VALIDATE_VA_RANGE	535.309.01	615.71.09	72
value	vgx_version:VGX_MAJOR_VERSION_NUMBER	535.309.01	535.309.01	35
value	vgx_version:VGX_MAJOR_VERSION_NUMBER	545.23.08	545.23.08	36
value	vgx_version:VGX_MAJOR_VERSION_NUMBER	550.40.07	550.90.07	37
value	vgx_version:VGX_MAJOR_VERSION_NUMBER	555.42.02	555.42.02	38
value	vgx_version:VGX_MAJOR_VERSION_NUMBER	560.28.03	560.28.03	39
value	vgx_version:VGX_MAJOR_VERSION_NUMBER	565.57.01	565.57.01	40
value	vgx_version:VGX_MAJOR_VERSION_NUMBER	570.86.15	570.148.08	41
value	vgx_version:VGX_MAJOR_VERSION_NUMBER	575.51.02	575.64.05	42
value	vgx_version:VGX_MAJOR_VERSION_NUMBER	580.65.06	580.178.04	43
value	vgx_version:VGX_MAJOR_VERSION_NUMBER	590.48.01	590.48.01	44
value	vgx_version:VGX_MAJOR_VERSION_NUMBER	595.84	595.84	45
value	vgx_version:VGX_MAJOR_VERSION_NUMBER	610.43.02	610.57.04	46
value	vgx_version:VGX_MAJOR_VERSION_NUMBER	615.71.09	615.71.09	47
value	vgx_version:VGX_MINOR_VERSION_NUMBER	535.309.01	535.309.01	5
value	vgx_version:VGX_MINOR_VERSION_NUMBER	545.23.08	545.23.08	10
value	vgx_version:VGX_MINOR_VERSION_NUMBER	550.40.07	550.40.07	24
value	vgx_version:VGX_MINOR_VERSION_NUMBER	550.54.14	550.90.07	27
value	vgx_version:VGX_MINOR_VERSION_NUMBER	555.42.02	555.42.02	5
value	vgx_version:VGX_MINOR_VERSION_NUMBER	560.28.03	560.28.03	6
value	vgx_version:VGX_MINOR_VERSION_NUMBER	565.57.01	565.57.01	8
value	vgx_version:VGX_MINOR_VERSION_NUMBER	570.86.15	570.86.15	9
value	vgx_version:VGX_MINOR_VERSION_NUMBER	570.124.06	570.124.06	11
value	vgx_version:VGX_MINOR_VERSION_NUMBER	570.148.08	570.148.08	12
value	vgx_version:VGX_MINOR_VERSION_NUMBER	575.51.02	575.64.05	9
value	vgx_version:VGX_MINOR_VERSION_NUMBER	580.65.06	580.178.04	19
value	vgx_version:VGX_MINOR_VERSION_NUMBER	590.48.01	590.48.01	7
value	vgx_version:VGX_MINOR_VERSION_NUMBER	595.84	595.84	3
value	vgx_version:VGX_MINOR_VERSION_NUMBER	610.43.02	610.57.04	13
value	vgx_version:VGX_MINOR_VERSION_NUMBER	615.71.09	615.71.09	6
