2026-08-12T06:18:56.195006Z qemu-system-x86_64: -device nvkvm-gpu,bar1-size=268435456,bar2-size=33554432,id=kf0: info: nvkvm: presenting 10de:2504 class 030000 rev a1 subsys 1462:397d (8 interrupt vectors)
kayfabe: memfd census — name="memory-backend-memfd" bytes=2147483648 shared_mapped=true (listed at fd 15, reported only: this number MOVED between two physical benches and is never matched on)
kayfabe: memfd census — name="displaysurface" bytes=1228800 shared_mapped=true (listed at fd 23, reported only: this number MOVED between two physical benches and is never matched on)
kayfabe: memfd census — name="kayfabe-isolate" bytes=737952 shared_mapped=false (listed at fd 24, reported only: this number MOVED between two physical benches and is never matched on)
kayfabe: ★★★ GUEST-RAM CROSSING ARMED — adopted the hypervisor's memory-backend-memfd block, 2147483648 bytes, dev=1 ino=1624975. Every isolate this factory spawns is granted a view of it at a fixed descriptor number; nothing is mapped until a grant says so. ⊘ The size is an EXTENT, not a LAYOUT — where in the guest's physical space these bytes appear is stated separately, by the hypervisor's own topology callbacks, and is reported when the memory plane attaches.
kayfabe: EXECUTORS isolate_plane=real ce_executor=local ⇒ local_ce_is_the_only_executor=true
kayfabe: RING-VIDMEM KAYFABE_RING_VIDMEM=1 ⇒ route B ON
kayfabe: FB-JOIN arm=shared exports_directory=true ⇒ leaves are JOINED — one backing, two mappings, ONE memory
kayfabe: GR-ROUTE arm=passthrough ⇒ a GrCompute doorbell is HANDED TO THE CORE — routed, the host channel materialized/scheduled, and its HOST token rung. ⊘ The host engine still fetches NOTHING: the channel's ring and its GP_PUT are both ours (gr_doorbell_passthrough.md §0.3)
kayfabe: GUEST-RING arm=ring host_isolates=true ⇒ the channel's own GPFIFO ring is WALKED to its framebuffer leaf and that leaf is JOINED, at the engine-object latch — i.e. BEFORE the host channel that would name it is born. ⊘ Supply side only: the host channel still declares OUR ring and OUR USERD (legs A2 and B)
kayfabe: ★★★ GUEST-RAM LAYOUT AT MEMORY PLANE ATTACH, AS THE HYPERVISOR STATED IT — dev=1 ino=1624975: 0 contiguous run(s) totalling 0 bytes, out of 0 stated section(s) LIVE over all backing files (0 live run(s) for this block). Section funnel: 0 reported -> 0 classified RAM -> 0 carried a backing file, 0 later withdrawn. ⊘ Every run below arrived on a topology callback; NOTHING here is derived from the machine type or from `-m`, and a guest-physical address outside these runs is refused by name rather than assumed to be its own file offset. ⚠ This is ONE INSTANT: the listener is registered on the device's bus-master address space, which is empty until the guest enables bus mastering, so an empty report here is a statement about WHEN it was taken and not about the machine.
kayfabe: ⊘⊘ ZERO RUNS, and the crossing IS armed — the descriptor was adopted and 0 section(s) stated a run, but none named this block. ★ Where it broke: nothing yet, and at THIS instant that is expected rather than broken — the guest has not enabled bus mastering, so the address space this device listens on is still empty. Read the END OF RUN report instead. Nothing can be mapped until this joins; an empty layout refuses every address, which is correct and is not progress.
kayfabe:   (no backing file stated any run at all, so there is nothing to have matched against)
kayfabe: COMPLETION-OBSERVER started — one thread, one epoll, one armed counter source. ⊘ It READS the addresses the guest declared and can write none of them.
2026-08-12T06:18:56.353984Z qemu-system-x86_64: info: nvkvm: memory plane realized (bar0=0xfd000000 bar1=0xe0000000 bar2=0xf0000000, register plane has guest memory=yes)
2026-08-12T06:19:38.141140Z qemu-system-x86_64: warning: nvkvm: the emulated GSP asked for its STATUS-QUEUE interrupt and this device does not deliver that one. It is the archive's own service cadence, not a guest waiting on anything: delivering it would send one message per doorbell with nothing pending behind it. A guest that BLOCKS on a REGISTERED os-event IS woken — that path latches the GSP engine's stall vector and delivers; see the "os-events" lines in this report for whether it fired.
kayfabe: GR-RING-JOIN arm=ring host_isolates=yes exports_directory=true fb_join=shared pending=1 — the engine-object latch is about to be drained, and every host channel it births is born HERE. ⊘ Nothing below reads a ring byte
kayfabe: GR-RING-JOIN proc=0 chan=0 class=0xc7b5 → ⊘ NOTHING TO ADOPT: ring_va=Some(4832247808) vas_pdb=None vaspace=Some(12). ⚠ `ring_va = Some(0)` would be a VALUE and not a blank — the driver declares `gpFifoOffset = 0` for its golden-context channel — so a `None` here is the channel declaring no ring at all
kayfabe: ENGINE-OBJECT class=0xc7b5 client=0xc1e00005 parent=0x2 params=8B → REFUSED host_chan=NONE NoVas(ChanId(0)) [seen=1 forwarded=0 refused=1]
kayfabe: GR-RING-JOIN arm=ring host_isolates=yes exports_directory=true fb_join=shared pending=1 — the engine-object latch is about to be drained, and every host channel it births is born HERE. ⊘ Nothing below reads a ring byte
kayfabe: GR-RING-JOIN proc=0 chan=1 ring=0x420064000 entries=4096 → ⊘ NOT A FRAMEBUFFER LEAF: GuestRam { gpa: 319569920 }. ⚠ `GuestRam` here is a REAL and SERVED case that belongs to the guest-RAM pin, not to this source; `Unresolved` is a TIMING fact — the guest had not bound its own ring at the instant its engine object was latched — and must NOT be read as `the channel declared no ring`
kayfabe-isolate: GR-BIRTH #1 engine=Ce vas=0xcafe0005 adopt=DECLINED ⊘ an engine-object birth, so the armed path WAS consulted — and the address table held no joined binding at this channel's ring VA → RingSource::Ours(None) [births=1 guest_ring=0 declined=1 not_asked=0 refused=0]
kayfabe: ENGINE-OBJECT class=0xc7b5 client=0xc1e00006 parent=0x2 params=8B → FORWARDED engine=Ce host_object=0xcafe000a materialized_channel=true reused=false [seen=2 forwarded=1 refused=1]
2026-08-12T06:19:43.757445Z qemu-system-x86_64: info: nvkvm: DOORBELL token 0x00010002 at +0xbb0090 SERVED-LOCAL [CpuCe::ServedLocally]
2026-08-12T06:19:43.758902Z qemu-system-x86_64: info: nvkvm: DOORBELL token 0x00010002 at +0xbb0090 SERVED-LOCAL [CpuCe::ServedLocally]
kayfabe: GR-RING-JOIN arm=ring host_isolates=yes exports_directory=true fb_join=shared pending=1 — the engine-object latch is about to be drained, and every host channel it births is born HERE. ⊘ Nothing below reads a ring byte
kayfabe: GR-RING-JOIN proc=0 chan=2 ring=0x0 entries=32 → ⊘ NOT A FRAMEBUFFER LEAF: Unresolved("CeWalk { va: GpuVa(0), kind: \"Fault\" } at va=0x0: Fault"). ⚠ `GuestRam` here is a REAL and SERVED case that belongs to the guest-RAM pin, not to this source; `Unresolved` is a TIMING fact — the guest had not bound its own ring at the instant its engine object was latched — and must NOT be read as `the channel declared no ring`
kayfabe-isolate: GR-BIRTH #2 engine=GrGraphics vas=0xcafe000c adopt=DECLINED ⊘ an engine-object birth, so the armed path WAS consulted — and the address table held no joined binding at this channel's ring VA → RingSource::Ours(None) [births=2 guest_ring=0 declined=2 not_asked=0 refused=0]
kayfabe: ENGINE-OBJECT class=0xc797 client=0xc1e00007 parent=0xbaba0045 params=0B → FORWARDED engine=GrGraphics host_object=0xcafe0011 materialized_channel=true reused=false [seen=3 forwarded=2 refused=1]
2026-08-12T06:19:53.442649Z qemu-system-x86_64: warning: nvkvm: the emulated GSP refused a register write at +0x110c00: GspFault::QueueNotBound
2026-08-12T06:19:53.442862Z qemu-system-x86_64: warning: nvkvm: the emulated GSP refused a register write at +0x110c00: GspFault::QueueNotBound
kayfabe: GR-RING-JOIN arm=ring host_isolates=yes exports_directory=true fb_join=shared pending=1 — the engine-object latch is about to be drained, and every host channel it births is born HERE. ⊘ Nothing below reads a ring byte
kayfabe: GR-RING-JOIN proc=0 chan=3 class=0xc7b5 → ⊘ NOTHING TO ADOPT: ring_va=Some(4832247808) vas_pdb=None vaspace=Some(12). ⚠ `ring_va = Some(0)` would be a VALUE and not a blank — the driver declares `gpFifoOffset = 0` for its golden-context channel — so a `None` here is the channel declaring no ring at all
kayfabe: ENGINE-OBJECT class=0xc7b5 client=0xc1e00010 parent=0x2 params=8B → REFUSED host_chan=NONE NoVas(ChanId(3)) [seen=4 forwarded=2 refused=2]
kayfabe: GR-RING-JOIN arm=ring host_isolates=yes exports_directory=true fb_join=shared pending=1 — the engine-object latch is about to be drained, and every host channel it births is born HERE. ⊘ Nothing below reads a ring byte
kayfabe: GR-RING-JOIN proc=0 chan=4 ring=0x420064000 entries=4096 → ⊘ NOT A FRAMEBUFFER LEAF: GuestRam { gpa: 708759552 }. ⚠ `GuestRam` here is a REAL and SERVED case that belongs to the guest-RAM pin, not to this source; `Unresolved` is a TIMING fact — the guest had not bound its own ring at the instant its engine object was latched — and must NOT be read as `the channel declared no ring`
kayfabe-isolate: GR-BIRTH #3 engine=Ce vas=0xcafe0013 adopt=DECLINED ⊘ an engine-object birth, so the armed path WAS consulted — and the address table held no joined binding at this channel's ring VA → RingSource::Ours(None) [births=3 guest_ring=0 declined=3 not_asked=0 refused=0]
kayfabe: ENGINE-OBJECT class=0xc7b5 client=0xc1e00011 parent=0x2 params=8B → FORWARDED engine=Ce host_object=0xcafe0018 materialized_channel=true reused=false [seen=5 forwarded=3 refused=2]
2026-08-12T06:19:59.429390Z qemu-system-x86_64: info: nvkvm: DOORBELL token 0x00010002 at +0xbb0090 SERVED-LOCAL [CpuCe::ServedLocally]
2026-08-12T06:19:59.430294Z qemu-system-x86_64: info: nvkvm: DOORBELL token 0x00010002 at +0xbb0090 SERVED-LOCAL [CpuCe::ServedLocally]
kayfabe: GR-RING-JOIN arm=ring host_isolates=yes exports_directory=true fb_join=shared pending=1 — the engine-object latch is about to be drained, and every host channel it births is born HERE. ⊘ Nothing below reads a ring byte
kayfabe: GR-RING-JOIN proc=0 chan=5 ring=0x0 entries=32 → ⊘ NOT A FRAMEBUFFER LEAF: Unresolved("CeWalk { va: GpuVa(0), kind: \"Fault\" } at va=0x0: Fault"). ⚠ `GuestRam` here is a REAL and SERVED case that belongs to the guest-RAM pin, not to this source; `Unresolved` is a TIMING fact — the guest had not bound its own ring at the instant its engine object was latched — and must NOT be read as `the channel declared no ring`
kayfabe-isolate: GR-BIRTH #4 engine=GrGraphics vas=0xcafe001a adopt=DECLINED ⊘ an engine-object birth, so the armed path WAS consulted — and the address table held no joined binding at this channel's ring VA → RingSource::Ours(None) [births=4 guest_ring=0 declined=4 not_asked=0 refused=0]
kayfabe: ENGINE-OBJECT class=0xc797 client=0xc1e00012 parent=0xbaba0045 params=0B → FORWARDED engine=GrGraphics host_object=0xcafe001f materialized_channel=true reused=false [seen=6 forwarded=4 refused=2]
kayfabe: GR-RING-JOIN arm=ring host_isolates=yes exports_directory=true fb_join=shared pending=1 — the engine-object latch is about to be drained, and every host channel it births is born HERE. ⊘ Nothing below reads a ring byte
kayfabe: GR-RING-JOIN RING(chan=6 entries=1024 engine=Ce) leaf va=0x121010000 len=0x10000 fb_phys=0x20000 → ⊘ REFUSED BY NAME `SystemDataPlane` — ⊘ NOT retried, NOT downgraded to the vidmem chain, and nothing was adopted. ⚠ If this is `Rm(NoMemory)` it is status 0x51, which is collision-or-exhaustion and CANNOT be told apart
kayfabe: GR-RING-JOIN proc=0 chan=6 ring=0x121010000 → ⊘ THE RING'S LEAF WAS NOT JOINED; the refusal above names why. Nothing is bound and the drain below is unaffected
kayfabe-isolate: GR-BIRTH #5 engine=Ce vas=0xcafe0021 adopt=DECLINED ⊘ an engine-object birth, so the armed path WAS consulted — and the address table held no joined binding at this channel's ring VA → RingSource::Ours(None) [births=5 guest_ring=0 declined=5 not_asked=0 refused=0]
kayfabe: ENGINE-OBJECT class=0xc7b5 client=0xc1d0000a parent=0xcaf00012 params=8B → FORWARDED engine=Ce host_object=0xcafe0026 materialized_channel=true reused=false [seen=7 forwarded=5 refused=2]
2026-08-12T06:20:03.252207Z qemu-system-x86_64: info: nvkvm: BAR1 GP_PUT #1 aperture +0xa008c val=0x1 — the guest advanced a GPFIFO put pointer in ITS OWN USERD (offset 0x8c). ⊘ WHICH channel is NOT known here: nothing joins a BAR1 offset to a channel, so this orders the guest's FIRST cursor advance against the host channel births above, never a particular channel's against its own. (printed 1 of 8; the total is reported at teardown and is not capped)
2026-08-12T06:20:03.252751Z qemu-system-x86_64: info: nvkvm: DOORBELL token 0x00010003 at +0xbb0090 SERVED-LOCAL [CpuCe::ServedLocally]
kayfabe: GR-RING-JOIN arm=ring host_isolates=yes exports_directory=true fb_join=shared pending=1 — the engine-object latch is about to be drained, and every host channel it births is born HERE. ⊘ Nothing below reads a ring byte
kayfabe: GR-RING-JOIN RING(chan=7 entries=1024 engine=Ce) leaf va=0x121040000 len=0x10000 fb_phys=0x50000 → ⊘ REFUSED BY NAME `SystemDataPlane` — ⊘ NOT retried, NOT downgraded to the vidmem chain, and nothing was adopted. ⚠ If this is `Rm(NoMemory)` it is status 0x51, which is collision-or-exhaustion and CANNOT be told apart
kayfabe: GR-RING-JOIN proc=0 chan=7 ring=0x121040000 → ⊘ THE RING'S LEAF WAS NOT JOINED; the refusal above names why. Nothing is bound and the drain below is unaffected
kayfabe-isolate: GR-BIRTH #6 engine=Ce vas=0xcafe0021 adopt=DECLINED ⊘ an engine-object birth, so the armed path WAS consulted — and the address table held no joined binding at this channel's ring VA → RingSource::Ours(None) [births=6 guest_ring=0 declined=6 not_asked=0 refused=0]
kayfabe: ENGINE-OBJECT class=0xc7b5 client=0xc1d0000a parent=0xcaf0001d params=8B → FORWARDED engine=Ce host_object=0xcafe002b materialized_channel=true reused=false [seen=8 forwarded=6 refused=2]
2026-08-12T06:20:03.349134Z qemu-system-x86_64: info: nvkvm: BAR1 GP_PUT #2 aperture +0xc008c val=0x1 — the guest advanced a GPFIFO put pointer in ITS OWN USERD (offset 0x8c). ⊘ WHICH channel is NOT known here: nothing joins a BAR1 offset to a channel, so this orders the guest's FIRST cursor advance against the host channel births above, never a particular channel's against its own. (printed 2 of 8; the total is reported at teardown and is not capped)
2026-08-12T06:20:03.349377Z qemu-system-x86_64: info: nvkvm: DOORBELL token 0x00010004 at +0xbb0090 SERVED-LOCAL [CpuCe::ServedLocally]
kayfabe: GR-RING-JOIN arm=ring host_isolates=yes exports_directory=true fb_join=shared pending=1 — the engine-object latch is about to be drained, and every host channel it births is born HERE. ⊘ Nothing below reads a ring byte
kayfabe: GR-RING-JOIN RING(chan=8 entries=1024 engine=Ce) leaf va=0x121070000 len=0x10000 fb_phys=0x80000 → ⊘ REFUSED BY NAME `SystemDataPlane` — ⊘ NOT retried, NOT downgraded to the vidmem chain, and nothing was adopted. ⚠ If this is `Rm(NoMemory)` it is status 0x51, which is collision-or-exhaustion and CANNOT be told apart
kayfabe: GR-RING-JOIN proc=0 chan=8 ring=0x121070000 → ⊘ THE RING'S LEAF WAS NOT JOINED; the refusal above names why. Nothing is bound and the drain below is unaffected
kayfabe-isolate: GR-BIRTH #7 engine=Ce vas=0xcafe0021 adopt=DECLINED ⊘ an engine-object birth, so the armed path WAS consulted — and the address table held no joined binding at this channel's ring VA → RingSource::Ours(None) [births=7 guest_ring=0 declined=7 not_asked=0 refused=0]
kayfabe: ENGINE-OBJECT class=0xc7b5 client=0xc1d0000a parent=0xcaf00028 params=8B → FORWARDED engine=Ce host_object=0xcafe0030 materialized_channel=true reused=false [seen=9 forwarded=7 refused=2]
2026-08-12T06:20:03.440421Z qemu-system-x86_64: info: nvkvm: BAR1 GP_PUT #3 aperture +0xe008c val=0x1 — the guest advanced a GPFIFO put pointer in ITS OWN USERD (offset 0x8c). ⊘ WHICH channel is NOT known here: nothing joins a BAR1 offset to a channel, so this orders the guest's FIRST cursor advance against the host channel births above, never a particular channel's against its own. (printed 3 of 8; the total is reported at teardown and is not capped)
2026-08-12T06:20:03.440588Z qemu-system-x86_64: info: nvkvm: DOORBELL token 0x00020005 at +0xbb0090 SERVED-LOCAL [CpuCe::ServedLocally]
kayfabe: GR-RING-JOIN arm=ring host_isolates=yes exports_directory=true fb_join=shared pending=1 — the engine-object latch is about to be drained, and every host channel it births is born HERE. ⊘ Nothing below reads a ring byte
kayfabe: GR-RING-JOIN RING(chan=9 entries=1024 engine=Ce) leaf va=0x1210a0000 len=0x10000 fb_phys=0xb0000 → ⊘ REFUSED BY NAME `SystemDataPlane` — ⊘ NOT retried, NOT downgraded to the vidmem chain, and nothing was adopted. ⚠ If this is `Rm(NoMemory)` it is status 0x51, which is collision-or-exhaustion and CANNOT be told apart
kayfabe: GR-RING-JOIN proc=0 chan=9 ring=0x1210a0000 → ⊘ THE RING'S LEAF WAS NOT JOINED; the refusal above names why. Nothing is bound and the drain below is unaffected
kayfabe-isolate: GR-BIRTH #8 engine=Ce vas=0xcafe0021 adopt=DECLINED ⊘ an engine-object birth, so the armed path WAS consulted — and the address table held no joined binding at this channel's ring VA → RingSource::Ours(None) [births=8 guest_ring=0 declined=8 not_asked=0 refused=0]
kayfabe: ENGINE-OBJECT class=0xc7b5 client=0xc1d0000a parent=0xcaf00033 params=8B → FORWARDED engine=Ce host_object=0xcafe0035 materialized_channel=true reused=false [seen=10 forwarded=8 refused=2]
2026-08-12T06:20:03.516698Z qemu-system-x86_64: info: nvkvm: BAR1 GP_PUT #4 aperture +0x10008c val=0x1 — the guest advanced a GPFIFO put pointer in ITS OWN USERD (offset 0x8c). ⊘ WHICH channel is NOT known here: nothing joins a BAR1 offset to a channel, so this orders the guest's FIRST cursor advance against the host channel births above, never a particular channel's against its own. (printed 4 of 8; the total is reported at teardown and is not capped)
2026-08-12T06:20:03.516847Z qemu-system-x86_64: info: nvkvm: DOORBELL token 0x00020006 at +0xbb0090 SERVED-LOCAL [CpuCe::ServedLocally]
2026-08-12T06:20:03.517670Z qemu-system-x86_64: info: nvkvm: BAR1 GP_PUT #5 aperture +0xa008c val=0x2 — the guest advanced a GPFIFO put pointer in ITS OWN USERD (offset 0x8c). ⊘ WHICH channel is NOT known here: nothing joins a BAR1 offset to a channel, so this orders the guest's FIRST cursor advance against the host channel births above, never a particular channel's against its own. (printed 5 of 8; the total is reported at teardown and is not capped)
2026-08-12T06:20:03.517825Z qemu-system-x86_64: info: nvkvm: DOORBELL token 0x00010003 at +0xbb0090 SERVED-LOCAL [CpuCe::ServedLocally]
2026-08-12T06:20:03.531449Z qemu-system-x86_64: info: nvkvm: BAR1 GP_PUT #6 aperture +0xa008c val=0x3 — the guest advanced a GPFIFO put pointer in ITS OWN USERD (offset 0x8c). ⊘ WHICH channel is NOT known here: nothing joins a BAR1 offset to a channel, so this orders the guest's FIRST cursor advance against the host channel births above, never a particular channel's against its own. (printed 6 of 8; the total is reported at teardown and is not capped)
2026-08-12T06:20:03.531624Z qemu-system-x86_64: info: nvkvm: DOORBELL token 0x00010003 at +0xbb0090 SERVED-LOCAL [CpuCe::ServedLocally]
2026-08-12T06:20:03.537080Z qemu-system-x86_64: info: nvkvm: BAR1 GP_PUT #7 aperture +0xa008c val=0x4 — the guest advanced a GPFIFO put pointer in ITS OWN USERD (offset 0x8c). ⊘ WHICH channel is NOT known here: nothing joins a BAR1 offset to a channel, so this orders the guest's FIRST cursor advance against the host channel births above, never a particular channel's against its own. (printed 7 of 8; the total is reported at teardown and is not capped)
2026-08-12T06:20:03.537411Z qemu-system-x86_64: info: nvkvm: DOORBELL token 0x00010003 at +0xbb0090 SERVED-LOCAL [CpuCe::ServedLocally]
2026-08-12T06:20:03.538929Z qemu-system-x86_64: info: nvkvm: BAR1 GP_PUT #8 aperture +0xa008c val=0x5 — the guest advanced a GPFIFO put pointer in ITS OWN USERD (offset 0x8c). ⊘ WHICH channel is NOT known here: nothing joins a BAR1 offset to a channel, so this orders the guest's FIRST cursor advance against the host channel births above, never a particular channel's against its own. (printed 8 of 8; the total is reported at teardown and is not capped)
2026-08-12T06:20:03.539103Z qemu-system-x86_64: info: nvkvm: DOORBELL token 0x00010003 at +0xbb0090 SERVED-LOCAL [CpuCe::ServedLocally]
2026-08-12T06:20:03.541719Z qemu-system-x86_64: info: nvkvm: DOORBELL token 0x00010003 at +0xbb0090 SERVED-LOCAL [CpuCe::ServedLocally]
2026-08-12T06:20:03.543460Z qemu-system-x86_64: info: nvkvm: DOORBELL token 0x00010003 at +0xbb0090 SERVED-LOCAL [CpuCe::ServedLocally]
2026-08-12T06:20:03.546723Z qemu-system-x86_64: info: nvkvm: DOORBELL token 0x00010003 at +0xbb0090 SERVED-LOCAL [CpuCe::ServedLocally]
2026-08-12T06:20:03.549182Z qemu-system-x86_64: info: nvkvm: DOORBELL token 0x00010003 at +0xbb0090 SERVED-LOCAL [CpuCe::ServedLocally]
2026-08-12T06:20:03.933240Z qemu-system-x86_64: info: nvkvm: DOORBELL-HEARTBEAT arrival #32 token 0x00010003
2026-08-12T06:20:03.956250Z qemu-system-x86_64: info: nvkvm: DOORBELL-HEARTBEAT arrival #64 token 0x00010003
kayfabe: GR-RING-JOIN arm=ring host_isolates=yes exports_directory=true fb_join=shared pending=1 — the engine-object latch is about to be drained, and every host channel it births is born HERE. ⊘ Nothing below reads a ring byte
kayfabe: GR-RING-JOIN RING(chan=0 entries=1024 engine=GrCompute) leaf va=0x200200000 len=0x200000 fb_phys=0x1000000 → JOINED (shared) memory=0xcafe0006 host_va=0x200200000 placed_as_asked=true established=0 bytes over 0 page(s), of which 0 NON-ZERO — ★ ONE memory. ⚠ The leaf is host SYSMEM, a named divergence from the C
kayfabe: GR-RING-JOIN   ⊘ the establishment copy was VACUOUS for this leaf: no page of it was resident, so nothing the guest had written came across. That is CORRECT (an unwritten leaf is zeros either way) and it is NOT evidence that the copy works
kayfabe: GR-RING-JOIN proc=2 chan=0 ring=0x200200000 entries=1024 → ★★★★★ THE RING'S OWN LEAF IS JOINED: memory=0xcafe0006 host_va=0x200200000 fb_phys=0x1000000. ⊘ This is the SUPPLY side only — the host channel about to be born still declares OUR ring and OUR USERD, so GP_PUT == GP_GET and the engine fetches nothing (gr_doorbell_passthrough.md §0.3). Legs A2 and B are what consume this
kayfabe-isolate: GR-BIRTH #1 engine=GrCompute vas=0xcafe0005 adopt=GUEST-RING memory=0xcafe0006 ring_va=0x200200000 gp_fifo_va=0x200200000 entries=1024 joined=YES ⇒ the address table held a JoinsGuestWindow binding at this channel's declared gpFifoOffset → alloc_channel_over_guest_ring [births=1 guest_ring=1 declined=0 not_asked=0 refused=0]
kayfabe: ENGINE-OBJECT class=0xc7c0 client=0xc1d0000c parent=0x5c000019 params=16B → FORWARDED engine=GrCompute host_object=0xcafe000a materialized_channel=true reused=false [seen=11 forwarded=9 refused=2]
kayfabe: GR-RING-JOIN arm=ring host_isolates=yes exports_directory=true fb_join=shared pending=1 — the engine-object latch is about to be drained, and every host channel it births is born HERE. ⊘ Nothing below reads a ring byte
kayfabe: GR-RING-JOIN RING(chan=0 entries=1024 engine=GrCompute) leaf va=0x200200000 → ALREADY JOINED (idempotent replay; no second object, no second descriptor, no second establishment copy) memory=0xcafe0006 host_va=0x200200000
kayfabe: GR-RING-JOIN proc=2 chan=0 ring=0x200200000 entries=1024 → ★★★★★ THE RING'S OWN LEAF IS JOINED: memory=0xcafe0006 host_va=0x200200000 fb_phys=0x1000000. ⊘ This is the SUPPLY side only — the host channel about to be born still declares OUR ring and OUR USERD, so GP_PUT == GP_GET and the engine fetches nothing (gr_doorbell_passthrough.md §0.3). Legs A2 and B are what consume this
kayfabe: ENGINE-OBJECT class=0xc7b5 client=0xc1d0000c parent=0x5c000019 params=8B → FORWARDED engine=Ce host_object=0xcafe000b materialized_channel=false reused=false [seen=12 forwarded=10 refused=2]
kayfabe: GR-RING-JOIN arm=ring host_isolates=yes exports_directory=true fb_join=shared pending=1 — the engine-object latch is about to be drained, and every host channel it births is born HERE. ⊘ Nothing below reads a ring byte
kayfabe: GR-RING-JOIN RING(chan=1 entries=1024 engine=GrCompute) leaf va=0x200200000 → ALREADY JOINED (idempotent replay; no second object, no second descriptor, no second establishment copy) memory=0xcafe0006 host_va=0x200200000
kayfabe: GR-RING-JOIN proc=2 chan=1 ring=0x200203000 entries=1024 → ★★★★★ THE RING'S OWN LEAF IS JOINED: memory=0xcafe0006 host_va=0x200200000 fb_phys=0x1000000. ⊘ This is the SUPPLY side only — the host channel about to be born still declares OUR ring and OUR USERD, so GP_PUT == GP_GET and the engine fetches nothing (gr_doorbell_passthrough.md §0.3). Legs A2 and B are what consume this
kayfabe-isolate: GR-BIRTH #2 engine=GrCompute vas=0xcafe0005 adopt=GUEST-RING memory=0xcafe0006 ring_va=0x200200000 gp_fifo_va=0x200203000 entries=1024 joined=YES ⇒ the address table held a JoinsGuestWindow binding at this channel's declared gpFifoOffset → alloc_channel_over_guest_ring [births=2 guest_ring=2 declined=0 not_asked=0 refused=0]
kayfabe: ENGINE-OBJECT class=0xc7c0 client=0xc1d0000c parent=0x5c00001f params=16B → FORWARDED engine=GrCompute host_object=0xcafe000f materialized_channel=true reused=false [seen=13 forwarded=11 refused=2]
kayfabe: GR-RING-JOIN arm=ring host_isolates=yes exports_directory=true fb_join=shared pending=1 — the engine-object latch is about to be drained, and every host channel it births is born HERE. ⊘ Nothing below reads a ring byte
kayfabe: GR-RING-JOIN RING(chan=1 entries=1024 engine=GrCompute) leaf va=0x200200000 → ALREADY JOINED (idempotent replay; no second object, no second descriptor, no second establishment copy) memory=0xcafe0006 host_va=0x200200000
kayfabe: GR-RING-JOIN proc=2 chan=1 ring=0x200203000 entries=1024 → ★★★★★ THE RING'S OWN LEAF IS JOINED: memory=0xcafe0006 host_va=0x200200000 fb_phys=0x1000000. ⊘ This is the SUPPLY side only — the host channel about to be born still declares OUR ring and OUR USERD, so GP_PUT == GP_GET and the engine fetches nothing (gr_doorbell_passthrough.md §0.3). Legs A2 and B are what consume this
kayfabe: ENGINE-OBJECT class=0xc7b5 client=0xc1d0000c parent=0x5c00001f params=8B → FORWARDED engine=Ce host_object=0xcafe0010 materialized_channel=false reused=false [seen=14 forwarded=12 refused=2]
kayfabe: GR-RING-JOIN arm=ring host_isolates=yes exports_directory=true fb_join=shared pending=1 — the engine-object latch is about to be drained, and every host channel it births is born HERE. ⊘ Nothing below reads a ring byte
kayfabe: GR-RING-JOIN RING(chan=2 entries=1024 engine=GrCompute) leaf va=0x200200000 → ALREADY JOINED (idempotent replay; no second object, no second descriptor, no second establishment copy) memory=0xcafe0006 host_va=0x200200000
kayfabe: GR-RING-JOIN proc=2 chan=2 ring=0x200206000 entries=1024 → ★★★★★ THE RING'S OWN LEAF IS JOINED: memory=0xcafe0006 host_va=0x200200000 fb_phys=0x1000000. ⊘ This is the SUPPLY side only — the host channel about to be born still declares OUR ring and OUR USERD, so GP_PUT == GP_GET and the engine fetches nothing (gr_doorbell_passthrough.md §0.3). Legs A2 and B are what consume this
kayfabe-isolate: GR-BIRTH #3 engine=GrCompute vas=0xcafe0005 adopt=GUEST-RING memory=0xcafe0006 ring_va=0x200200000 gp_fifo_va=0x200206000 entries=1024 joined=YES ⇒ the address table held a JoinsGuestWindow binding at this channel's declared gpFifoOffset → alloc_channel_over_guest_ring [births=3 guest_ring=3 declined=0 not_asked=0 refused=0]
kayfabe: ENGINE-OBJECT class=0xc7c0 client=0xc1d0000c parent=0x5c000023 params=16B → FORWARDED engine=GrCompute host_object=0xcafe0014 materialized_channel=true reused=false [seen=15 forwarded=13 refused=2]
kayfabe: GR-RING-JOIN arm=ring host_isolates=yes exports_directory=true fb_join=shared pending=1 — the engine-object latch is about to be drained, and every host channel it births is born HERE. ⊘ Nothing below reads a ring byte
kayfabe: GR-RING-JOIN RING(chan=2 entries=1024 engine=GrCompute) leaf va=0x200200000 → ALREADY JOINED (idempotent replay; no second object, no second descriptor, no second establishment copy) memory=0xcafe0006 host_va=0x200200000
kayfabe: GR-RING-JOIN proc=2 chan=2 ring=0x200206000 entries=1024 → ★★★★★ THE RING'S OWN LEAF IS JOINED: memory=0xcafe0006 host_va=0x200200000 fb_phys=0x1000000. ⊘ This is the SUPPLY side only — the host channel about to be born still declares OUR ring and OUR USERD, so GP_PUT == GP_GET and the engine fetches nothing (gr_doorbell_passthrough.md §0.3). Legs A2 and B are what consume this
kayfabe: ENGINE-OBJECT class=0xc7b5 client=0xc1d0000c parent=0x5c000023 params=8B → FORWARDED engine=Ce host_object=0xcafe0015 materialized_channel=false reused=false [seen=16 forwarded=14 refused=2]
kayfabe: GR-RING-JOIN arm=ring host_isolates=yes exports_directory=true fb_join=shared pending=1 — the engine-object latch is about to be drained, and every host channel it births is born HERE. ⊘ Nothing below reads a ring byte
kayfabe: GR-RING-JOIN RING(chan=3 entries=1024 engine=GrCompute) leaf va=0x200200000 → ALREADY JOINED (idempotent replay; no second object, no second descriptor, no second establishment copy) memory=0xcafe0006 host_va=0x200200000
kayfabe: GR-RING-JOIN proc=2 chan=3 ring=0x200209000 entries=1024 → ★★★★★ THE RING'S OWN LEAF IS JOINED: memory=0xcafe0006 host_va=0x200200000 fb_phys=0x1000000. ⊘ This is the SUPPLY side only — the host channel about to be born still declares OUR ring and OUR USERD, so GP_PUT == GP_GET and the engine fetches nothing (gr_doorbell_passthrough.md §0.3). Legs A2 and B are what consume this
kayfabe-isolate: GR-BIRTH #4 engine=GrCompute vas=0xcafe0005 adopt=GUEST-RING memory=0xcafe0006 ring_va=0x200200000 gp_fifo_va=0x200209000 entries=1024 joined=YES ⇒ the address table held a JoinsGuestWindow binding at this channel's declared gpFifoOffset → alloc_channel_over_guest_ring [births=4 guest_ring=4 declined=0 not_asked=0 refused=0]
kayfabe: ENGINE-OBJECT class=0xc7c0 client=0xc1d0000c parent=0x5c000027 params=16B → FORWARDED engine=GrCompute host_object=0xcafe0019 materialized_channel=true reused=false [seen=17 forwarded=15 refused=2]
kayfabe: GR-RING-JOIN arm=ring host_isolates=yes exports_directory=true fb_join=shared pending=1 — the engine-object latch is about to be drained, and every host channel it births is born HERE. ⊘ Nothing below reads a ring byte
kayfabe: GR-RING-JOIN RING(chan=3 entries=1024 engine=GrCompute) leaf va=0x200200000 → ALREADY JOINED (idempotent replay; no second object, no second descriptor, no second establishment copy) memory=0xcafe0006 host_va=0x200200000
kayfabe: GR-RING-JOIN proc=2 chan=3 ring=0x200209000 entries=1024 → ★★★★★ THE RING'S OWN LEAF IS JOINED: memory=0xcafe0006 host_va=0x200200000 fb_phys=0x1000000. ⊘ This is the SUPPLY side only — the host channel about to be born still declares OUR ring and OUR USERD, so GP_PUT == GP_GET and the engine fetches nothing (gr_doorbell_passthrough.md §0.3). Legs A2 and B are what consume this
kayfabe: ENGINE-OBJECT class=0xc7b5 client=0xc1d0000c parent=0x5c000027 params=8B → FORWARDED engine=Ce host_object=0xcafe001a materialized_channel=false reused=false [seen=18 forwarded=16 refused=2]
kayfabe: GR-RING-JOIN arm=ring host_isolates=yes exports_directory=true fb_join=shared pending=1 — the engine-object latch is about to be drained, and every host channel it births is born HERE. ⊘ Nothing below reads a ring byte
kayfabe: GR-RING-JOIN RING(chan=4 entries=1024 engine=GrCompute) leaf va=0x200200000 → ALREADY JOINED (idempotent replay; no second object, no second descriptor, no second establishment copy) memory=0xcafe0006 host_va=0x200200000
kayfabe: GR-RING-JOIN proc=2 chan=4 ring=0x20020c000 entries=1024 → ★★★★★ THE RING'S OWN LEAF IS JOINED: memory=0xcafe0006 host_va=0x200200000 fb_phys=0x1000000. ⊘ This is the SUPPLY side only — the host channel about to be born still declares OUR ring and OUR USERD, so GP_PUT == GP_GET and the engine fetches nothing (gr_doorbell_passthrough.md §0.3). Legs A2 and B are what consume this
kayfabe-isolate: GR-BIRTH #5 engine=GrCompute vas=0xcafe0005 adopt=GUEST-RING memory=0xcafe0006 ring_va=0x200200000 gp_fifo_va=0x20020c000 entries=1024 joined=YES ⇒ the address table held a JoinsGuestWindow binding at this channel's declared gpFifoOffset → alloc_channel_over_guest_ring [births=5 guest_ring=5 declined=0 not_asked=0 refused=0]
kayfabe: ENGINE-OBJECT class=0xc7c0 client=0xc1d0000c parent=0x5c00002b params=16B → FORWARDED engine=GrCompute host_object=0xcafe001e materialized_channel=true reused=false [seen=19 forwarded=17 refused=2]
kayfabe: GR-RING-JOIN arm=ring host_isolates=yes exports_directory=true fb_join=shared pending=1 — the engine-object latch is about to be drained, and every host channel it births is born HERE. ⊘ Nothing below reads a ring byte
kayfabe: GR-RING-JOIN RING(chan=4 entries=1024 engine=GrCompute) leaf va=0x200200000 → ALREADY JOINED (idempotent replay; no second object, no second descriptor, no second establishment copy) memory=0xcafe0006 host_va=0x200200000
kayfabe: GR-RING-JOIN proc=2 chan=4 ring=0x20020c000 entries=1024 → ★★★★★ THE RING'S OWN LEAF IS JOINED: memory=0xcafe0006 host_va=0x200200000 fb_phys=0x1000000. ⊘ This is the SUPPLY side only — the host channel about to be born still declares OUR ring and OUR USERD, so GP_PUT == GP_GET and the engine fetches nothing (gr_doorbell_passthrough.md §0.3). Legs A2 and B are what consume this
kayfabe: ENGINE-OBJECT class=0xc7b5 client=0xc1d0000c parent=0x5c00002b params=8B → FORWARDED engine=Ce host_object=0xcafe001f materialized_channel=false reused=false [seen=20 forwarded=18 refused=2]
kayfabe: GR-RING-JOIN arm=ring host_isolates=yes exports_directory=true fb_join=shared pending=1 — the engine-object latch is about to be drained, and every host channel it births is born HERE. ⊘ Nothing below reads a ring byte
kayfabe: GR-RING-JOIN RING(chan=5 entries=1024 engine=GrCompute) leaf va=0x200200000 → ALREADY JOINED (idempotent replay; no second object, no second descriptor, no second establishment copy) memory=0xcafe0006 host_va=0x200200000
kayfabe: GR-RING-JOIN proc=2 chan=5 ring=0x20020f000 entries=1024 → ★★★★★ THE RING'S OWN LEAF IS JOINED: memory=0xcafe0006 host_va=0x200200000 fb_phys=0x1000000. ⊘ This is the SUPPLY side only — the host channel about to be born still declares OUR ring and OUR USERD, so GP_PUT == GP_GET and the engine fetches nothing (gr_doorbell_passthrough.md §0.3). Legs A2 and B are what consume this
kayfabe-isolate: GR-BIRTH #6 engine=GrCompute vas=0xcafe0005 adopt=GUEST-RING memory=0xcafe0006 ring_va=0x200200000 gp_fifo_va=0x20020f000 entries=1024 joined=YES ⇒ the address table held a JoinsGuestWindow binding at this channel's declared gpFifoOffset → alloc_channel_over_guest_ring [births=6 guest_ring=6 declined=0 not_asked=0 refused=0]
kayfabe: ENGINE-OBJECT class=0xc7c0 client=0xc1d0000c parent=0x5c00002f params=16B → FORWARDED engine=GrCompute host_object=0xcafe0023 materialized_channel=true reused=false [seen=21 forwarded=19 refused=2]
kayfabe: GR-RING-JOIN arm=ring host_isolates=yes exports_directory=true fb_join=shared pending=1 — the engine-object latch is about to be drained, and every host channel it births is born HERE. ⊘ Nothing below reads a ring byte
kayfabe: GR-RING-JOIN RING(chan=5 entries=1024 engine=GrCompute) leaf va=0x200200000 → ALREADY JOINED (idempotent replay; no second object, no second descriptor, no second establishment copy) memory=0xcafe0006 host_va=0x200200000
kayfabe: GR-RING-JOIN proc=2 chan=5 ring=0x20020f000 entries=1024 → ★★★★★ THE RING'S OWN LEAF IS JOINED: memory=0xcafe0006 host_va=0x200200000 fb_phys=0x1000000. ⊘ This is the SUPPLY side only — the host channel about to be born still declares OUR ring and OUR USERD, so GP_PUT == GP_GET and the engine fetches nothing (gr_doorbell_passthrough.md §0.3). Legs A2 and B are what consume this
kayfabe: ENGINE-OBJECT class=0xc7b5 client=0xc1d0000c parent=0x5c00002f params=8B → FORWARDED engine=Ce host_object=0xcafe0024 materialized_channel=false reused=false [seen=22 forwarded=20 refused=2]
kayfabe: GR-RING-JOIN arm=ring host_isolates=yes exports_directory=true fb_join=shared pending=1 — the engine-object latch is about to be drained, and every host channel it births is born HERE. ⊘ Nothing below reads a ring byte
kayfabe: GR-RING-JOIN RING(chan=6 entries=1024 engine=GrCompute) leaf va=0x200200000 → ALREADY JOINED (idempotent replay; no second object, no second descriptor, no second establishment copy) memory=0xcafe0006 host_va=0x200200000
kayfabe: GR-RING-JOIN proc=2 chan=6 ring=0x200212000 entries=1024 → ★★★★★ THE RING'S OWN LEAF IS JOINED: memory=0xcafe0006 host_va=0x200200000 fb_phys=0x1000000. ⊘ This is the SUPPLY side only — the host channel about to be born still declares OUR ring and OUR USERD, so GP_PUT == GP_GET and the engine fetches nothing (gr_doorbell_passthrough.md §0.3). Legs A2 and B are what consume this
kayfabe-isolate: GR-BIRTH #7 engine=GrCompute vas=0xcafe0005 adopt=GUEST-RING memory=0xcafe0006 ring_va=0x200200000 gp_fifo_va=0x200212000 entries=1024 joined=YES ⇒ the address table held a JoinsGuestWindow binding at this channel's declared gpFifoOffset → alloc_channel_over_guest_ring [births=7 guest_ring=7 declined=0 not_asked=0 refused=0]
kayfabe: ENGINE-OBJECT class=0xc7c0 client=0xc1d0000c parent=0x5c000033 params=16B → FORWARDED engine=GrCompute host_object=0xcafe0028 materialized_channel=true reused=false [seen=23 forwarded=21 refused=2]
kayfabe: GR-RING-JOIN arm=ring host_isolates=yes exports_directory=true fb_join=shared pending=1 — the engine-object latch is about to be drained, and every host channel it births is born HERE. ⊘ Nothing below reads a ring byte
kayfabe: GR-RING-JOIN RING(chan=6 entries=1024 engine=GrCompute) leaf va=0x200200000 → ALREADY JOINED (idempotent replay; no second object, no second descriptor, no second establishment copy) memory=0xcafe0006 host_va=0x200200000
kayfabe: GR-RING-JOIN proc=2 chan=6 ring=0x200212000 entries=1024 → ★★★★★ THE RING'S OWN LEAF IS JOINED: memory=0xcafe0006 host_va=0x200200000 fb_phys=0x1000000. ⊘ This is the SUPPLY side only — the host channel about to be born still declares OUR ring and OUR USERD, so GP_PUT == GP_GET and the engine fetches nothing (gr_doorbell_passthrough.md §0.3). Legs A2 and B are what consume this
kayfabe: ENGINE-OBJECT class=0xc7b5 client=0xc1d0000c parent=0x5c000033 params=8B → FORWARDED engine=Ce host_object=0xcafe0029 materialized_channel=false reused=false [seen=24 forwarded=22 refused=2]
kayfabe: GR-RING-JOIN arm=ring host_isolates=yes exports_directory=true fb_join=shared pending=1 — the engine-object latch is about to be drained, and every host channel it births is born HERE. ⊘ Nothing below reads a ring byte
kayfabe: GR-RING-JOIN RING(chan=7 entries=1024 engine=GrCompute) leaf va=0x200200000 → ALREADY JOINED (idempotent replay; no second object, no second descriptor, no second establishment copy) memory=0xcafe0006 host_va=0x200200000
kayfabe: GR-RING-JOIN proc=2 chan=7 ring=0x200215000 entries=1024 → ★★★★★ THE RING'S OWN LEAF IS JOINED: memory=0xcafe0006 host_va=0x200200000 fb_phys=0x1000000. ⊘ This is the SUPPLY side only — the host channel about to be born still declares OUR ring and OUR USERD, so GP_PUT == GP_GET and the engine fetches nothing (gr_doorbell_passthrough.md §0.3). Legs A2 and B are what consume this
kayfabe-isolate: GR-BIRTH #8 engine=GrCompute vas=0xcafe0005 adopt=GUEST-RING memory=0xcafe0006 ring_va=0x200200000 gp_fifo_va=0x200215000 entries=1024 joined=YES ⇒ the address table held a JoinsGuestWindow binding at this channel's declared gpFifoOffset → alloc_channel_over_guest_ring [births=8 guest_ring=8 declined=0 not_asked=0 refused=0]
kayfabe: ENGINE-OBJECT class=0xc7c0 client=0xc1d0000c parent=0x5c000037 params=16B → FORWARDED engine=GrCompute host_object=0xcafe002d materialized_channel=true reused=false [seen=25 forwarded=23 refused=2]
kayfabe: GR-RING-JOIN arm=ring host_isolates=yes exports_directory=true fb_join=shared pending=1 — the engine-object latch is about to be drained, and every host channel it births is born HERE. ⊘ Nothing below reads a ring byte
kayfabe: GR-RING-JOIN RING(chan=7 entries=1024 engine=GrCompute) leaf va=0x200200000 → ALREADY JOINED (idempotent replay; no second object, no second descriptor, no second establishment copy) memory=0xcafe0006 host_va=0x200200000
kayfabe: GR-RING-JOIN proc=2 chan=7 ring=0x200215000 entries=1024 → ★★★★★ THE RING'S OWN LEAF IS JOINED: memory=0xcafe0006 host_va=0x200200000 fb_phys=0x1000000. ⊘ This is the SUPPLY side only — the host channel about to be born still declares OUR ring and OUR USERD, so GP_PUT == GP_GET and the engine fetches nothing (gr_doorbell_passthrough.md §0.3). Legs A2 and B are what consume this
kayfabe: ENGINE-OBJECT class=0xc7b5 client=0xc1d0000c parent=0x5c000037 params=8B → FORWARDED engine=Ce host_object=0xcafe002e materialized_channel=false reused=false [seen=26 forwarded=24 refused=2]
kayfabe: GR-RING-JOIN arm=ring host_isolates=yes exports_directory=true fb_join=shared pending=1 — the engine-object latch is about to be drained, and every host channel it births is born HERE. ⊘ Nothing below reads a ring byte
kayfabe: GR-RING-JOIN RING(chan=8 entries=1024 engine=Ce) leaf va=0x200200000 → ALREADY JOINED (idempotent replay; no second object, no second descriptor, no second establishment copy) memory=0xcafe0006 host_va=0x200200000
kayfabe: GR-RING-JOIN proc=2 chan=8 ring=0x200218000 entries=1024 → ★★★★★ THE RING'S OWN LEAF IS JOINED: memory=0xcafe0006 host_va=0x200200000 fb_phys=0x1000000. ⊘ This is the SUPPLY side only — the host channel about to be born still declares OUR ring and OUR USERD, so GP_PUT == GP_GET and the engine fetches nothing (gr_doorbell_passthrough.md §0.3). Legs A2 and B are what consume this
kayfabe-isolate: GR-BIRTH #9 engine=Ce vas=0xcafe0005 adopt=GUEST-RING memory=0xcafe0006 ring_va=0x200200000 gp_fifo_va=0x200218000 entries=1024 joined=YES ⇒ the address table held a JoinsGuestWindow binding at this channel's declared gpFifoOffset → alloc_channel_over_guest_ring [births=9 guest_ring=9 declined=0 not_asked=0 refused=0]
kayfabe: ENGINE-OBJECT class=0xc7b5 client=0xc1d0000c parent=0x5c00003d params=8B → FORWARDED engine=Ce host_object=0xcafe0032 materialized_channel=true reused=false [seen=27 forwarded=25 refused=2]
kayfabe: GR-RING-JOIN arm=ring host_isolates=yes exports_directory=true fb_join=shared pending=1 — the engine-object latch is about to be drained, and every host channel it births is born HERE. ⊘ Nothing below reads a ring byte
kayfabe: GR-RING-JOIN RING(chan=9 entries=1024 engine=Ce) leaf va=0x200200000 → ALREADY JOINED (idempotent replay; no second object, no second descriptor, no second establishment copy) memory=0xcafe0006 host_va=0x200200000
kayfabe: GR-RING-JOIN proc=2 chan=9 ring=0x20021b000 entries=1024 → ★★★★★ THE RING'S OWN LEAF IS JOINED: memory=0xcafe0006 host_va=0x200200000 fb_phys=0x1000000. ⊘ This is the SUPPLY side only — the host channel about to be born still declares OUR ring and OUR USERD, so GP_PUT == GP_GET and the engine fetches nothing (gr_doorbell_passthrough.md §0.3). Legs A2 and B are what consume this
kayfabe-isolate: GR-BIRTH #10 engine=Ce vas=0xcafe0005 adopt=GUEST-RING memory=0xcafe0006 ring_va=0x200200000 gp_fifo_va=0x20021b000 entries=1024 joined=YES ⇒ the address table held a JoinsGuestWindow binding at this channel's declared gpFifoOffset → alloc_channel_over_guest_ring [births=10 guest_ring=10 declined=0 not_asked=0 refused=0]
kayfabe: ENGINE-OBJECT class=0xc7b5 client=0xc1d0000c parent=0x5c000040 params=8B → FORWARDED engine=Ce host_object=0xcafe0036 materialized_channel=true reused=false [seen=28 forwarded=26 refused=2]
kayfabe: GR-RING-JOIN arm=ring host_isolates=yes exports_directory=true fb_join=shared pending=1 — the engine-object latch is about to be drained, and every host channel it births is born HERE. ⊘ Nothing below reads a ring byte
kayfabe: GR-RING-JOIN RING(chan=10 entries=1024 engine=Ce) leaf va=0x200200000 → ALREADY JOINED (idempotent replay; no second object, no second descriptor, no second establishment copy) memory=0xcafe0006 host_va=0x200200000
kayfabe: GR-RING-JOIN proc=2 chan=10 ring=0x20021e000 entries=1024 → ★★★★★ THE RING'S OWN LEAF IS JOINED: memory=0xcafe0006 host_va=0x200200000 fb_phys=0x1000000. ⊘ This is the SUPPLY side only — the host channel about to be born still declares OUR ring and OUR USERD, so GP_PUT == GP_GET and the engine fetches nothing (gr_doorbell_passthrough.md §0.3). Legs A2 and B are what consume this
kayfabe-isolate: GR-BIRTH #11 engine=Ce vas=0xcafe0005 adopt=GUEST-RING memory=0xcafe0006 ring_va=0x200200000 gp_fifo_va=0x20021e000 entries=1024 joined=YES ⇒ the address table held a JoinsGuestWindow binding at this channel's declared gpFifoOffset → alloc_channel_over_guest_ring [births=11 guest_ring=11 declined=0 not_asked=0 refused=0]
kayfabe: ENGINE-OBJECT class=0xc7b5 client=0xc1d0000c parent=0x5c000043 params=8B → FORWARDED engine=Ce host_object=0xcafe003a materialized_channel=true reused=false [seen=29 forwarded=27 refused=2]
kayfabe: GR-RING-JOIN arm=ring host_isolates=yes exports_directory=true fb_join=shared pending=1 — the engine-object latch is about to be drained, and every host channel it births is born HERE. ⊘ Nothing below reads a ring byte
kayfabe: GR-RING-JOIN RING(chan=11 entries=1024 engine=Ce) leaf va=0x200200000 → ALREADY JOINED (idempotent replay; no second object, no second descriptor, no second establishment copy) memory=0xcafe0006 host_va=0x200200000
kayfabe: GR-RING-JOIN proc=2 chan=11 ring=0x200221000 entries=1024 → ★★★★★ THE RING'S OWN LEAF IS JOINED: memory=0xcafe0006 host_va=0x200200000 fb_phys=0x1000000. ⊘ This is the SUPPLY side only — the host channel about to be born still declares OUR ring and OUR USERD, so GP_PUT == GP_GET and the engine fetches nothing (gr_doorbell_passthrough.md §0.3). Legs A2 and B are what consume this
kayfabe-isolate: GR-BIRTH #12 engine=Ce vas=0xcafe0005 adopt=GUEST-RING memory=0xcafe0006 ring_va=0x200200000 gp_fifo_va=0x200221000 entries=1024 joined=YES ⇒ the address table held a JoinsGuestWindow binding at this channel's declared gpFifoOffset → alloc_channel_over_guest_ring [births=12 guest_ring=12 declined=0 not_asked=0 refused=0]
kayfabe: ENGINE-OBJECT class=0xc7b5 client=0xc1d0000c parent=0x5c000046 params=8B → FORWARDED engine=Ce host_object=0xcafe003e materialized_channel=true reused=false [seen=30 forwarded=28 refused=2]
kayfabe: GR-RING-JOIN arm=ring host_isolates=yes exports_directory=true fb_join=shared pending=1 — the engine-object latch is about to be drained, and every host channel it births is born HERE. ⊘ Nothing below reads a ring byte
kayfabe: GR-RING-JOIN RING(chan=12 entries=1024 engine=Ce) leaf va=0x200200000 → ALREADY JOINED (idempotent replay; no second object, no second descriptor, no second establishment copy) memory=0xcafe0006 host_va=0x200200000
kayfabe: GR-RING-JOIN proc=2 chan=12 ring=0x200224000 entries=1024 → ★★★★★ THE RING'S OWN LEAF IS JOINED: memory=0xcafe0006 host_va=0x200200000 fb_phys=0x1000000. ⊘ This is the SUPPLY side only — the host channel about to be born still declares OUR ring and OUR USERD, so GP_PUT == GP_GET and the engine fetches nothing (gr_doorbell_passthrough.md §0.3). Legs A2 and B are what consume this
kayfabe-isolate: GR-BIRTH #13 engine=Ce vas=0xcafe0005 adopt=GUEST-RING memory=0xcafe0006 ring_va=0x200200000 gp_fifo_va=0x200224000 entries=1024 joined=YES ⇒ the address table held a JoinsGuestWindow binding at this channel's declared gpFifoOffset → alloc_channel_over_guest_ring [births=13 guest_ring=13 declined=0 not_asked=0 refused=0]
kayfabe: ENGINE-OBJECT class=0xc7b5 client=0xc1d0000c parent=0x5c00004b params=8B → FORWARDED engine=Ce host_object=0xcafe0042 materialized_channel=true reused=false [seen=31 forwarded=29 refused=2]
kayfabe: GR-RING-JOIN arm=ring host_isolates=yes exports_directory=true fb_join=shared pending=1 — the engine-object latch is about to be drained, and every host channel it births is born HERE. ⊘ Nothing below reads a ring byte
kayfabe: GR-RING-JOIN RING(chan=13 entries=1024 engine=Ce) leaf va=0x200200000 → ALREADY JOINED (idempotent replay; no second object, no second descriptor, no second establishment copy) memory=0xcafe0006 host_va=0x200200000
kayfabe: GR-RING-JOIN proc=2 chan=13 ring=0x200227000 entries=1024 → ★★★★★ THE RING'S OWN LEAF IS JOINED: memory=0xcafe0006 host_va=0x200200000 fb_phys=0x1000000. ⊘ This is the SUPPLY side only — the host channel about to be born still declares OUR ring and OUR USERD, so GP_PUT == GP_GET and the engine fetches nothing (gr_doorbell_passthrough.md §0.3). Legs A2 and B are what consume this
kayfabe-isolate: GR-BIRTH #14 engine=Ce vas=0xcafe0005 adopt=GUEST-RING memory=0xcafe0006 ring_va=0x200200000 gp_fifo_va=0x200227000 entries=1024 joined=YES ⇒ the address table held a JoinsGuestWindow binding at this channel's declared gpFifoOffset → alloc_channel_over_guest_ring [births=14 guest_ring=14 declined=0 not_asked=0 refused=0]
kayfabe: ENGINE-OBJECT class=0xc7b5 client=0xc1d0000c parent=0x5c00004e params=8B → FORWARDED engine=Ce host_object=0xcafe0046 materialized_channel=true reused=false [seen=32 forwarded=30 refused=2]
kayfabe: GR-RING-JOIN arm=ring host_isolates=yes exports_directory=true fb_join=shared pending=1 — the engine-object latch is about to be drained, and every host channel it births is born HERE. ⊘ Nothing below reads a ring byte
kayfabe: GR-RING-JOIN RING(chan=14 entries=1024 engine=Ce) leaf va=0x200200000 → ALREADY JOINED (idempotent replay; no second object, no second descriptor, no second establishment copy) memory=0xcafe0006 host_va=0x200200000
kayfabe: GR-RING-JOIN proc=2 chan=14 ring=0x20022a000 entries=1024 → ★★★★★ THE RING'S OWN LEAF IS JOINED: memory=0xcafe0006 host_va=0x200200000 fb_phys=0x1000000. ⊘ This is the SUPPLY side only — the host channel about to be born still declares OUR ring and OUR USERD, so GP_PUT == GP_GET and the engine fetches nothing (gr_doorbell_passthrough.md §0.3). Legs A2 and B are what consume this
kayfabe-isolate: GR-BIRTH #15 engine=Ce vas=0xcafe0005 adopt=GUEST-RING memory=0xcafe0006 ring_va=0x200200000 gp_fifo_va=0x20022a000 entries=1024 joined=YES ⇒ the address table held a JoinsGuestWindow binding at this channel's declared gpFifoOffset → alloc_channel_over_guest_ring [births=15 guest_ring=15 declined=0 not_asked=0 refused=0]
kayfabe: ENGINE-OBJECT class=0xc7b5 client=0xc1d0000c parent=0x5c000051 params=8B → FORWARDED engine=Ce host_object=0xcafe004a materialized_channel=true reused=false [seen=33 forwarded=31 refused=2]
kayfabe: GR-RING-JOIN arm=ring host_isolates=yes exports_directory=true fb_join=shared pending=1 — the engine-object latch is about to be drained, and every host channel it births is born HERE. ⊘ Nothing below reads a ring byte
kayfabe: GR-RING-JOIN RING(chan=15 entries=1024 engine=Ce) leaf va=0x200200000 → ALREADY JOINED (idempotent replay; no second object, no second descriptor, no second establishment copy) memory=0xcafe0006 host_va=0x200200000
kayfabe: GR-RING-JOIN proc=2 chan=15 ring=0x20022d000 entries=1024 → ★★★★★ THE RING'S OWN LEAF IS JOINED: memory=0xcafe0006 host_va=0x200200000 fb_phys=0x1000000. ⊘ This is the SUPPLY side only — the host channel about to be born still declares OUR ring and OUR USERD, so GP_PUT == GP_GET and the engine fetches nothing (gr_doorbell_passthrough.md §0.3). Legs A2 and B are what consume this
kayfabe-isolate: GR-BIRTH #16 engine=Ce vas=0xcafe0005 adopt=GUEST-RING memory=0xcafe0006 ring_va=0x200200000 gp_fifo_va=0x20022d000 entries=1024 joined=YES ⇒ the address table held a JoinsGuestWindow binding at this channel's declared gpFifoOffset → alloc_channel_over_guest_ring [births=16 guest_ring=16 declined=0 not_asked=0 refused=0]
kayfabe: ENGINE-OBJECT class=0xc7b5 client=0xc1d0000c parent=0x5c000054 params=8B → FORWARDED engine=Ce host_object=0xcafe004e materialized_channel=true reused=false [seen=34 forwarded=32 refused=2]
kayfabe: GR-PUSHBUFFER token=0x00000007 engine=GrCompute ring=0x200200000 idx=0 entries=1024 ranges=1 methods=86 bytes=864 | range va=0x200400000 len=864
      m[000] hdr=0x20012000 sub=1 addr=0x0000 count=1 secop=1 args=[0x0000c7c0]
      m[001] hdr=0x20012040 sub=1 addr=0x0100 count=1 secop=1 args=[0x00000000]
      m[002] hdr=0x200120a8 sub=1 addr=0x02a0 count=1 secop=1 args=[0x00007e3a]
      m[003] hdr=0x200120a9 sub=1 addr=0x02a4 count=1 secop=1 args=[0xfd000000]
      m[004] hdr=0x200120c4 sub=1 addr=0x0310 count=1 secop=1 args=[0x00000806]
      m[005] hdr=0x20012092 sub=1 addr=0x0248 count=1 secop=1 args=[0x0005403f]
      m[006] hdr=0x20012092 sub=1 addr=0x0248 count=1 secop=1 args=[0x0005403e]
      m[007] hdr=0x20012092 sub=1 addr=0x0248 count=1 secop=1 args=[0x0005403d]
      m[008] hdr=0x20012092 sub=1 addr=0x0248 count=1 secop=1 args=[0x0005403c]
      m[009] hdr=0x20012092 sub=1 addr=0x0248 count=1 secop=1 args=[0x0005403b]
      m[010] hdr=0x20012092 sub=1 addr=0x0248 count=1 secop=1 args=[0x0005403a]
      m[011] hdr=0x20012092 sub=1 addr=0x0248 count=1 secop=1 args=[0x00054039]
      m[012] hdr=0x20012092 sub=1 addr=0x0248 count=1 secop=1 args=[0x00054038]
      m[013] hdr=0x20012092 sub=1 addr=0x0248 count=1 secop=1 args=[0x00054037]
      m[014] hdr=0x20012092 sub=1 addr=0x0248 count=1 secop=1 args=[0x00054036]
      m[015] hdr=0x20012092 sub=1 addr=0x0248 count=1 secop=1 args=[0x00054035]
      m[016] hdr=0x20012092 sub=1 addr=0x0248 count=1 secop=1 args=[0x00054034]
      m[017] hdr=0x20012092 sub=1 addr=0x0248 count=1 secop=1 args=[0x00054033]
      m[018] hdr=0x20012092 sub=1 addr=0x0248 count=1 secop=1 args=[0x00054032]
      m[019] hdr=0x20012092 sub=1 addr=0x0248 count=1 secop=1 args=[0x00054031]
      m[020] hdr=0x20012092 sub=1 addr=0x0248 count=1 secop=1 args=[0x00054030]
      m[021] hdr=0x20012092 sub=1 addr=0x0248 count=1 secop=1 args=[0x0005402f]
      m[022] hdr=0x20012092 sub=1 addr=0x0248 count=1 secop=1 args=[0x0005402e]
      m[023] hdr=0x20012092 sub=1 addr=0x0248 count=1 secop=1 args=[0x0005402d]
      m[024] hdr=0x20012092 sub=1 addr=0x0248 count=1 secop=1 args=[0x0005402c]
      m[025] hdr=0x20012092 sub=1 addr=0x0248 count=1 secop=1 args=[0x0005402b]
      m[026] hdr=0x20012092 sub=1 addr=0x0248 count=1 secop=1 args=[0x0005402a]
      m[027] hdr=0x20012092 sub=1 addr=0x0248 count=1 secop=1 args=[0x00054029]
      m[028] hdr=0x20012092 sub=1 addr=0x0248 count=1 secop=1 args=[0x00054028]
      m[029] hdr=0x20012092 sub=1 addr=0x0248 count=1 secop=1 args=[0x00054027]
      m[030] hdr=0x20012092 sub=1 addr=0x0248 count=1 secop=1 args=[0x00054026]
      m[031] hdr=0x20012092 sub=1 addr=0x0248 count=1 secop=1 args=[0x00054025]
      m[032] hdr=0x20012092 sub=1 addr=0x0248 count=1 secop=1 args=[0x00054024]
      m[033] hdr=0x20012092 sub=1 addr=0x0248 count=1 secop=1 args=[0x00054023]
      m[034] hdr=0x20012092 sub=1 addr=0x0248 count=1 secop=1 args=[0x00054022]
      m[035] hdr=0x20012092 sub=1 addr=0x0248 count=1 secop=1 args=[0x00054021]
      m[036] hdr=0x20012092 sub=1 addr=0x0248 count=1 secop=1 args=[0x00054020]
      m[037] hdr=0x20012092 sub=1 addr=0x0248 count=1 secop=1 args=[0x0005401f]
      m[038] hdr=0x20012092 sub=1 addr=0x0248 count=1 secop=1 args=[0x0005401e]
      m[039] hdr=0x20012092 sub=1 addr=0x0248 count=1 secop=1 args=[0x0005401d]
      m[040] hdr=0x20012092 sub=1 addr=0x0248 count=1 secop=1 args=[0x0005401c]
      m[041] hdr=0x20012092 sub=1 addr=0x0248 count=1 secop=1 args=[0x0005401b]
      m[042] hdr=0x20012092 sub=1 addr=0x0248 count=1 secop=1 args=[0x0005401a]
      m[043] hdr=0x20012092 sub=1 addr=0x0248 count=1 secop=1 args=[0x00054019]
      m[044] hdr=0x20012092 sub=1 addr=0x0248 count=1 secop=1 args=[0x00054018]
      m[045] hdr=0x20012092 sub=1 addr=0x0248 count=1 secop=1 args=[0x00054017]
      m[046] hdr=0x20012092 sub=1 addr=0x0248 count=1 secop=1 args=[0x00054016]
      m[047] hdr=0x20012092 sub=1 addr=0x0248 count=1 secop=1 args=[0x00054015]
      m[048] hdr=0x20012092 sub=1 addr=0x0248 count=1 secop=1 args=[0x00054014]
      m[049] hdr=0x20012092 sub=1 addr=0x0248 count=1 secop=1 args=[0x00054013]
      m[050] hdr=0x20012092 sub=1 addr=0x0248 count=1 secop=1 args=[0x00054012]
      m[051] hdr=0x20012092 sub=1 addr=0x0248 count=1 secop=1 args=[0x00054011]
      m[052] hdr=0x20012092 sub=1 addr=0x0248 count=1 secop=1 args=[0x00054010]
      m[053] hdr=0x20012092 sub=1 addr=0x0248 count=1 secop=1 args=[0x0005400f]
      m[054] hdr=0x20012092 sub=1 addr=0x0248 count=1 secop=1 args=[0x0005400e]
      m[055] hdr=0x20012092 sub=1 addr=0x0248 count=1 secop=1 args=[0x0005400d]
      m[056] hdr=0x20012092 sub=1 addr=0x0248 count=1 secop=1 args=[0x0005400c]
      m[057] hdr=0x20012092 sub=1 addr=0x0248 count=1 secop=1 args=[0x0005400b]
      m[058] hdr=0x20012092 sub=1 addr=0x0248 count=1 secop=1 args=[0x0005400a]
      m[059] hdr=0x20012092 sub=1 addr=0x0248 count=1 secop=1 args=[0x00054009]
      m[060] hdr=0x20012092 sub=1 addr=0x0248 count=1 secop=1 args=[0x00054008]
      m[061] hdr=0x20012092 sub=1 addr=0x0248 count=1 secop=1 args=[0x00054007]
      m[062] hdr=0x20012092 sub=1 addr=0x0248 count=1 secop=1 args=[0x00054006]
      m[063] hdr=0x20012092 sub=1 addr=0x0248 count=1 secop=1 args=[0x00054005]
      m[064] hdr=0x20012092 sub=1 addr=0x0248 count=1 secop=1 args=[0x00054004]
      m[065] hdr=0x20012092 sub=1 addr=0x0248 count=1 secop=1 args=[0x00054003]
      m[066] hdr=0x20012092 sub=1 addr=0x0248 count=1 secop=1 args=[0x00054002]
      m[067] hdr=0x20012092 sub=1 addr=0x0248 count=1 secop=1 args=[0x00054001]
      m[068] hdr=0x20012092 sub=1 addr=0x0248 count=1 secop=1 args=[0x00054000]
      m[069] hdr=0x2001208f sub=1 addr=0x023c count=1 secop=1 args=[0x00000001]
      m[070] hdr=0x20032080 sub=1 addr=0x0200 count=3 secop=1 args=[0x00000002,0x00000000,0x000a8000]
      m[071] hdr=0x200120bb sub=1 addr=0x02ec count=1 secop=1 args=[0x0000000e]
      m[072] hdr=0x20012045 sub=1 addr=0x0114 count=1 secop=1 args=[0x00000000]
      m[073] hdr=0x600f2046 sub=1 addr=0x0118 count=15 secop=3 args=[0x00140003,0x1d00001b,0x71c08300,0x00000003,0x18c00000,0xb01c5f00,0x00200003,0x18c00000,..+7]
      m[074] hdr=0x20022047 sub=1 addr=0x011c count=2 secop=1 args=[0x00000000,0x00000000]
      m[075] hdr=0x20012045 sub=1 addr=0x0114 count=1 secop=1 args=[0x0000000f]
      m[076] hdr=0x60182046 sub=1 addr=0x0118 count=24 secop=3 args=[0x00000003,0x1d080000,0x31c00300,0x00540003,0x00c00455,0x31c00300,0x2a200003,0x00c00056,..+16]
      m[077] hdr=0x20022047 sub=1 addr=0x011c count=2 secop=1 args=[0x00000001,0x0000000f]
      m[078] hdr=0x20018000 sub=4 addr=0x0000 count=1 secop=1 args=[0x0000c7b5]
      m[079] hdr=0x2001255d sub=1 addr=0x1574 count=1 secop=1 args=[0x00000100]
      m[080] hdr=0x2001255e sub=1 addr=0x1578 count=1 secop=1 args=[0x00000000]
      m[081] hdr=0x2001255f sub=1 addr=0x157c count=1 secop=1 args=[0x000fffff]
      m[082] hdr=0x20012557 sub=1 addr=0x155c count=1 secop=1 args=[0x00000100]
      m[083] hdr=0x20012558 sub=1 addr=0x1560 count=1 secop=1 args=[0x02000000]
      m[084] hdr=0x20012559 sub=1 addr=0x1564 count=1 secop=1 args=[0x00000000]
      m[085] hdr=0x200426c0 sub=1 addr=0x1b00 count=4 secop=1 args=[0x00000002,0x0440fff0,0x00000001,0x00000000]
kayfabe: COMPLETION-DECLARE token=0x00000007 proc=2 chan=0 engine=GrCompute → DECLARED va=0x20440fff0 payload=0x00000001 awaken=0 four_words=1 op=0 subch=1 class=0xc7c0 site=GuestRam { gpa: 721530864 } (⊘ the observer WATCHES this address; it will never write it)
kayfabe: GR-ADDRESS-CENSUS proc=2 chan=0 class=0xc7c0 operands=5 bound=4 unbound=1 mme_dwords=39 ⊘ a census of what the host GR engine WOULD dereference; nothing here is executed and nothing here is permission
      SET_VALID_SPAN_OVERFLOW_AREA             m=0x0200 sub=1 va=0x200000000 → Framebuffer { phys: 4194304, leaf: FbLeaf { va: 8589934592, len: 2097152, phys: 4194304 } }
      SET_SHADER_SHARED_MEMORY_WINDOW          m=0x02a0 sub=1 va=0x7e3afd000000 → Unresolved("CeWalk { va: GpuVa(138791817838592), kind: \"Fault\" } at va=0x7e3afd000000: Fault")
      SET_TEX_SAMPLER_POOL                     m=0x155c sub=1 va=0x10002000000 → Framebuffer { phys: 8388608, leaf: FbLeaf { va: 1099545182208, len: 2097152, phys: 8388608 } }
      SET_TEX_HEADER_POOL                      m=0x1574 sub=1 va=0x10000000000 → Framebuffer { phys: 6291456, leaf: FbLeaf { va: 1099511627776, len: 2097152, phys: 6291456 } }
      SET_REPORT_SEMAPHORE                     m=0x1b00 sub=1 va=0x20440fff0 → GuestRam { gpa: 721530864 }
kayfabe: GR-FB-JOIN proc=2 chan=0 SET_VALID_SPAN_OVERFLOW_AREA leaf va=0x200000000 len=0x200000 fb_phys=0x400000 → JOINED (shared) memory=0xcafe004f host_va=0x200000000 placed_as_asked=true established=0 bytes over 0 page(s), of which 0 NON-ZERO — ★ ONE memory. ⚠ The leaf is host SYSMEM, a named divergence from the C
kayfabe: GR-FB-JOIN proc=2 chan=0   ⊘ the establishment copy was VACUOUS for this leaf: no page of it was resident, so nothing the guest had written came across. That is CORRECT (an unwritten leaf is zeros either way) and it is NOT evidence that the copy works
kayfabe: GR-FB-JOIN proc=2 chan=0 SET_TEX_SAMPLER_POOL leaf va=0x10002000000 len=0x200000 fb_phys=0x800000 → JOINED (shared) memory=0xcafe0050 host_va=0x10002000000 placed_as_asked=true established=0 bytes over 0 page(s), of which 0 NON-ZERO — ★ ONE memory. ⚠ The leaf is host SYSMEM, a named divergence from the C
kayfabe: GR-FB-JOIN proc=2 chan=0   ⊘ the establishment copy was VACUOUS for this leaf: no page of it was resident, so nothing the guest had written came across. That is CORRECT (an unwritten leaf is zeros either way) and it is NOT evidence that the copy works
kayfabe: GR-FB-JOIN proc=2 chan=0 SET_TEX_HEADER_POOL leaf va=0x10000000000 len=0x200000 fb_phys=0x600000 → JOINED (shared) memory=0xcafe0051 host_va=0x10000000000 placed_as_asked=true established=0 bytes over 0 page(s), of which 0 NON-ZERO — ★ ONE memory. ⚠ The leaf is host SYSMEM, a named divergence from the C
kayfabe: GR-FB-JOIN proc=2 chan=0   ⊘ the establishment copy was VACUOUS for this leaf: no page of it was resident, so nothing the guest had written came across. That is CORRECT (an unwritten leaf is zeros either way) and it is NOT evidence that the copy works
kayfabe: GR-FB-JOIN proc=2 chan=0 ★ DIRECTION 1 (guest view → isolate view) fb_phys=0x400000 AGREES over 1024 words: what this device's framebuffer window wrote is what the isolate's own mapping — the one RM describes to the GPU — holds
kayfabe: GR-FB-JOIN proc=2 chan=0 ★ DIRECTION 2 (isolate view → guest view) fb_phys=0x400000 AGREES over 1024 words: what the isolate wrote is what this device's framebuffer window reads
kayfabe: GR-ADDRESS-CENSUS (RE-STATED AFTER JOINING) proc=2 chan=0 joined_leaves=3 live_views=3 ⊘ still nothing executed and still nothing is permission
      SET_VALID_SPAN_OVERFLOW_AREA             m=0x0200 sub=1 va=0x200000000 → HostBackedFb { phys: 4194304, leaf: FbLeaf { va: 8589934592, len: 2097152, phys: 4194304 }, host_va: 8589934592, memory: 3405643855 }
      SET_SHADER_SHARED_MEMORY_WINDOW          m=0x02a0 sub=1 va=0x7e3afd000000 → Unresolved("CeWalk { va: GpuVa(138791817838592), kind: \"Fault\" } at va=0x7e3afd000000: Fault")
      SET_TEX_SAMPLER_POOL                     m=0x155c sub=1 va=0x10002000000 → HostBackedFb { phys: 8388608, leaf: FbLeaf { va: 1099545182208, len: 2097152, phys: 8388608 }, host_va: 1099545182208, memory: 3405643856 }
      SET_TEX_HEADER_POOL                      m=0x1574 sub=1 va=0x10000000000 → HostBackedFb { phys: 6291456, leaf: FbLeaf { va: 1099511627776, len: 2097152, phys: 6291456 }, host_va: 1099511627776, memory: 3405643857 }
      SET_REPORT_SEMAPHORE                     m=0x1b00 sub=1 va=0x20440fff0 → GuestRam { gpa: 721530864 }
kayfabe: RING-PROJ token=0x00000007 proc=2 chan=0 vchid=VChid(0x7) key=0xc1d0000c:0x5c000019 engine=GrCompute vas=0x5c000007 dec=NONE pdb=0x201000 ring=0x200200000 entries=1024 (projection: ce_channel_facts) DESCENT | c=0xc1d0000c vas=0x5c000007 dec=NONE userd=h0x5c000014/off0x2000 root=0x201000/ap1/sh47/va[0x0..0x0] rootsrc=declared(object-model) ring=0x200200000 rng=V:0x1000000 fin=V:0x1008004 gp[0]@0x200200000=0x200400000+0x360 pb=S:0xf651000 pbm[32w of 864B]: [0]sub1/m0x0/Incrementing/n1=0xc7c0 [1]sub1/m0x100/Incrementing/n1=0x0 [2]sub1/m0x2a0/Incrementing/n1=0x7e3a [3]sub1/m0x2a4/Incrementing/n1=0xfd000000 [4]sub1/m0x310/Incrementing/n1=0x806 [5]sub1/m0x248/Incrementing/n1=0x5403f [6]sub1/m0x248/Incrementing/n1=0x5403e [7]sub1/m0x248/Incrementing/n1=0x5403d [8]sub1/m0x248/Incrementing/n1=0x5403c [9]sub1/m0x248/Incrementing/n1=0x5403b [10]sub1/m0x248/Incrementing/n1=0x5403a [11]sub1/m0x248/Incrementing/n1=0x54039 scan=1024/1024 declared (COMPLETE: every declared entry was read), unread=0, nonzero=[0]=0x0003620200400000 row=ABSENT-FROM-ROOT-TABLE(11 rows, 0 REFUSED-BY-CAP) fbRING[p0]@0x1000000=0000400002620300000000000000000000000000000000000000000000000000 nz4/4096 resN-NEVER-WRITTEN by? fbRING[p1]@0x1001000=0000000000000000000000000000000000000000000000000000000000000000 nz0/4096 resN-NEVER-WRITTEN by? fbFIN@0x1008004=0000000000000000000000000000000000000000000000000000000000000000 nz0/4096 resN-NEVER-WRITTEN by? walk: L0@0x201000/byEXEC#104[ch1 lf0 sp0 inv3]=PDE@0x0->0x202000/Vidmem L1@0x202000/byEXEC#105[ch3 lf0 sp0 inv509]=PDE@0x0->0x203000/Vidmem L2@0x203000/byEXEC#106[ch1 lf0 sp0 inv511]=PDE@0x200000000->0x204000/Vidmem L3@0x204000/byEXEC#107[ch29 lf7 sp0 inv221]=LEAF@0x200200000->0x1000000/Vidmem/sz0x200000 walkend=LEAF
kayfabe: PT-DECODE token=0x00000007 | EXEC-WITNESS ARMED resident=156 by-executor=39 refused-at-cap=0 | PT-DECODE drained=174 latched=79 unowned_vas=0 requeued=95 rounds=2 → bound=19615 unchanged=4 repointed=0 unbound=0 learned=75 published=75/0 meta_refused=0 unwitnessed=19874 unreachable=0 sparse=0 dropped=0 refusals=255 faults=0 reach_faults=0 retired=0 pass_vas_gone=0 first=StraddlesLiveBinding { va: GpuVa(8655536128) } [witness writes=358267 pending=95 refused=0+0]
kayfabe: VAS-BIND-CENSUS proc=2 gpu=0 pdb=0x201000 va=0x200200000 vas=PRESENT rows=13348 hit=0x1000000/Vidmem/start0x200200000/len0x200000 root=0x201000 root_dirty=N root_wit=Y root_meta=N dirty=0 meta=36 shadow=37 wit=37 published=13344 wit_sample=[0x201000,0x202000,0x203000,0x204000] root_owner=p2:0x201000
kayfabe: GUEST-RAM PIN token=0x00000007 dev=1 ino=1624975 proc=2 chan=0 pdb=0x201000 ring=0x200200000 → NOT IN GUEST RAM (the table binds this VA in aperture Vidmem at 0x1000000; `Binding::phys` is a guest-physical address ONLY for sysmem, so there is no file offset to ask the layout for. ⊘ Refused by name — nothing here reinterprets a framebuffer address as a GPA)
kayfabe: GR-PUSHBUFFER token=0x00000008 engine=GrCompute ring=0x200203000 idx=0 entries=1024 ranges=1 methods=86 bytes=864 | range va=0x200800000 len=864
      m[000] hdr=0x20012000 sub=1 addr=0x0000 count=1 secop=1 args=[0x0000c7c0]
      m[001] hdr=0x20012040 sub=1 addr=0x0100 count=1 secop=1 args=[0x00000000]
      m[002] hdr=0x200120a8 sub=1 addr=0x02a0 count=1 secop=1 args=[0x00007e3a]
      m[003] hdr=0x200120a9 sub=1 addr=0x02a4 count=1 secop=1 args=[0xfd000000]
      m[004] hdr=0x200120c4 sub=1 addr=0x0310 count=1 secop=1 args=[0x00000806]
      m[005] hdr=0x20012092 sub=1 addr=0x0248 count=1 secop=1 args=[0x0005403f]
      m[006] hdr=0x20012092 sub=1 addr=0x0248 count=1 secop=1 args=[0x0005403e]
      m[007] hdr=0x20012092 sub=1 addr=0x0248 count=1 secop=1 args=[0x0005403d]
      m[008] hdr=0x20012092 sub=1 addr=0x0248 count=1 secop=1 args=[0x0005403c]
      m[009] hdr=0x20012092 sub=1 addr=0x0248 count=1 secop=1 args=[0x0005403b]
      m[010] hdr=0x20012092 sub=1 addr=0x0248 count=1 secop=1 args=[0x0005403a]
      m[011] hdr=0x20012092 sub=1 addr=0x0248 count=1 secop=1 args=[0x00054039]
      m[012] hdr=0x20012092 sub=1 addr=0x0248 count=1 secop=1 args=[0x00054038]
      m[013] hdr=0x20012092 sub=1 addr=0x0248 count=1 secop=1 args=[0x00054037]
      m[014] hdr=0x20012092 sub=1 addr=0x0248 count=1 secop=1 args=[0x00054036]
      m[015] hdr=0x20012092 sub=1 addr=0x0248 count=1 secop=1 args=[0x00054035]
      m[016] hdr=0x20012092 sub=1 addr=0x0248 count=1 secop=1 args=[0x00054034]
      m[017] hdr=0x20012092 sub=1 addr=0x0248 count=1 secop=1 args=[0x00054033]
      m[018] hdr=0x20012092 sub=1 addr=0x0248 count=1 secop=1 args=[0x00054032]
      m[019] hdr=0x20012092 sub=1 addr=0x0248 count=1 secop=1 args=[0x00054031]
      m[020] hdr=0x20012092 sub=1 addr=0x0248 count=1 secop=1 args=[0x00054030]
      m[021] hdr=0x20012092 sub=1 addr=0x0248 count=1 secop=1 args=[0x0005402f]
      m[022] hdr=0x20012092 sub=1 addr=0x0248 count=1 secop=1 args=[0x0005402e]
      m[023] hdr=0x20012092 sub=1 addr=0x0248 count=1 secop=1 args=[0x0005402d]
      m[024] hdr=0x20012092 sub=1 addr=0x0248 count=1 secop=1 args=[0x0005402c]
      m[025] hdr=0x20012092 sub=1 addr=0x0248 count=1 secop=1 args=[0x0005402b]
      m[026] hdr=0x20012092 sub=1 addr=0x0248 count=1 secop=1 args=[0x0005402a]
      m[027] hdr=0x20012092 sub=1 addr=0x0248 count=1 secop=1 args=[0x00054029]
      m[028] hdr=0x20012092 sub=1 addr=0x0248 count=1 secop=1 args=[0x00054028]
      m[029] hdr=0x20012092 sub=1 addr=0x0248 count=1 secop=1 args=[0x00054027]
      m[030] hdr=0x20012092 sub=1 addr=0x0248 count=1 secop=1 args=[0x00054026]
      m[031] hdr=0x20012092 sub=1 addr=0x0248 count=1 secop=1 args=[0x00054025]
      m[032] hdr=0x20012092 sub=1 addr=0x0248 count=1 secop=1 args=[0x00054024]
      m[033] hdr=0x20012092 sub=1 addr=0x0248 count=1 secop=1 args=[0x00054023]
      m[034] hdr=0x20012092 sub=1 addr=0x0248 count=1 secop=1 args=[0x00054022]
      m[035] hdr=0x20012092 sub=1 addr=0x0248 count=1 secop=1 args=[0x00054021]
      m[036] hdr=0x20012092 sub=1 addr=0x0248 count=1 secop=1 args=[0x00054020]
      m[037] hdr=0x20012092 sub=1 addr=0x0248 count=1 secop=1 args=[0x0005401f]
      m[038] hdr=0x20012092 sub=1 addr=0x0248 count=1 secop=1 args=[0x0005401e]
      m[039] hdr=0x20012092 sub=1 addr=0x0248 count=1 secop=1 args=[0x0005401d]
      m[040] hdr=0x20012092 sub=1 addr=0x0248 count=1 secop=1 args=[0x0005401c]
      m[041] hdr=0x20012092 sub=1 addr=0x0248 count=1 secop=1 args=[0x0005401b]
      m[042] hdr=0x20012092 sub=1 addr=0x0248 count=1 secop=1 args=[0x0005401a]
      m[043] hdr=0x20012092 sub=1 addr=0x0248 count=1 secop=1 args=[0x00054019]
      m[044] hdr=0x20012092 sub=1 addr=0x0248 count=1 secop=1 args=[0x00054018]
      m[045] hdr=0x20012092 sub=1 addr=0x0248 count=1 secop=1 args=[0x00054017]
      m[046] hdr=0x20012092 sub=1 addr=0x0248 count=1 secop=1 args=[0x00054016]
      m[047] hdr=0x20012092 sub=1 addr=0x0248 count=1 secop=1 args=[0x00054015]
      m[048] hdr=0x20012092 sub=1 addr=0x0248 count=1 secop=1 args=[0x00054014]
      m[049] hdr=0x20012092 sub=1 addr=0x0248 count=1 secop=1 args=[0x00054013]
      m[050] hdr=0x20012092 sub=1 addr=0x0248 count=1 secop=1 args=[0x00054012]
      m[051] hdr=0x20012092 sub=1 addr=0x0248 count=1 secop=1 args=[0x00054011]
      m[052] hdr=0x20012092 sub=1 addr=0x0248 count=1 secop=1 args=[0x00054010]
      m[053] hdr=0x20012092 sub=1 addr=0x0248 count=1 secop=1 args=[0x0005400f]
      m[054] hdr=0x20012092 sub=1 addr=0x0248 count=1 secop=1 args=[0x0005400e]
      m[055] hdr=0x20012092 sub=1 addr=0x0248 count=1 secop=1 args=[0x0005400d]
      m[056] hdr=0x20012092 sub=1 addr=0x0248 count=1 secop=1 args=[0x0005400c]
      m[057] hdr=0x20012092 sub=1 addr=0x0248 count=1 secop=1 args=[0x0005400b]
      m[058] hdr=0x20012092 sub=1 addr=0x0248 count=1 secop=1 args=[0x0005400a]
      m[059] hdr=0x20012092 sub=1 addr=0x0248 count=1 secop=1 args=[0x00054009]
      m[060] hdr=0x20012092 sub=1 addr=0x0248 count=1 secop=1 args=[0x00054008]
      m[061] hdr=0x20012092 sub=1 addr=0x0248 count=1 secop=1 args=[0x00054007]
      m[062] hdr=0x20012092 sub=1 addr=0x0248 count=1 secop=1 args=[0x00054006]
      m[063] hdr=0x20012092 sub=1 addr=0x0248 count=1 secop=1 args=[0x00054005]
      m[064] hdr=0x20012092 sub=1 addr=0x0248 count=1 secop=1 args=[0x00054004]
      m[065] hdr=0x20012092 sub=1 addr=0x0248 count=1 secop=1 args=[0x00054003]
      m[066] hdr=0x20012092 sub=1 addr=0x0248 count=1 secop=1 args=[0x00054002]
      m[067] hdr=0x20012092 sub=1 addr=0x0248 count=1 secop=1 args=[0x00054001]
      m[068] hdr=0x20012092 sub=1 addr=0x0248 count=1 secop=1 args=[0x00054000]
      m[069] hdr=0x2001208f sub=1 addr=0x023c count=1 secop=1 args=[0x00000001]
      m[070] hdr=0x20032080 sub=1 addr=0x0200 count=3 secop=1 args=[0x00000002,0x00000000,0x000a8000]
      m[071] hdr=0x200120bb sub=1 addr=0x02ec count=1 secop=1 args=[0x0000000e]
      m[072] hdr=0x20012045 sub=1 addr=0x0114 count=1 secop=1 args=[0x00000000]
      m[073] hdr=0x600f2046 sub=1 addr=0x0118 count=15 secop=3 args=[0x00140003,0x1d00001b,0x71c08300,0x00000003,0x18c00000,0xb01c5f00,0x00200003,0x18c00000,..+7]
      m[074] hdr=0x20022047 sub=1 addr=0x011c count=2 secop=1 args=[0x00000000,0x00000000]
      m[075] hdr=0x20012045 sub=1 addr=0x0114 count=1 secop=1 args=[0x0000000f]
      m[076] hdr=0x60182046 sub=1 addr=0x0118 count=24 secop=3 args=[0x00000003,0x1d080000,0x31c00300,0x00540003,0x00c00455,0x31c00300,0x2a200003,0x00c00056,..+16]
      m[077] hdr=0x20022047 sub=1 addr=0x011c count=2 secop=1 args=[0x00000001,0x0000000f]
      m[078] hdr=0x20018000 sub=4 addr=0x0000 count=1 secop=1 args=[0x0000c7b5]
      m[079] hdr=0x2001255d sub=1 addr=0x1574 count=1 secop=1 args=[0x00000100]
      m[080] hdr=0x2001255e sub=1 addr=0x1578 count=1 secop=1 args=[0x00000000]
      m[081] hdr=0x2001255f sub=1 addr=0x157c count=1 secop=1 args=[0x000fffff]
      m[082] hdr=0x20012557 sub=1 addr=0x155c count=1 secop=1 args=[0x00000100]
      m[083] hdr=0x20012558 sub=1 addr=0x1560 count=1 secop=1 args=[0x02000000]
      m[084] hdr=0x20012559 sub=1 addr=0x1564 count=1 secop=1 args=[0x00000000]
      m[085] hdr=0x200426c0 sub=1 addr=0x1b00 count=4 secop=1 args=[0x00000002,0x0440ffe0,0x00000001,0x00000000]
kayfabe: COMPLETION-DECLARE token=0x00000008 proc=2 chan=1 engine=GrCompute → DECLARED va=0x20440ffe0 payload=0x00000001 awaken=0 four_words=1 op=0 subch=1 class=0xc7c0 site=GuestRam { gpa: 721530848 } (⊘ the observer WATCHES this address; it will never write it)
kayfabe: GR-ADDRESS-CENSUS proc=2 chan=1 class=0xc7c0 operands=5 bound=4 unbound=1 mme_dwords=39 ⊘ a census of what the host GR engine WOULD dereference; nothing here is executed and nothing here is permission
      SET_VALID_SPAN_OVERFLOW_AREA             m=0x0200 sub=1 va=0x200000000 → Framebuffer { phys: 4194304, leaf: FbLeaf { va: 8589934592, len: 2097152, phys: 4194304 } }
      SET_SHADER_SHARED_MEMORY_WINDOW          m=0x02a0 sub=1 va=0x7e3afd000000 → Unresolved("CeWalk { va: GpuVa(138791817838592), kind: \"Fault\" } at va=0x7e3afd000000: Fault")
      SET_TEX_SAMPLER_POOL                     m=0x155c sub=1 va=0x10002000000 → Framebuffer { phys: 8388608, leaf: FbLeaf { va: 1099545182208, len: 2097152, phys: 8388608 } }
      SET_TEX_HEADER_POOL                      m=0x1574 sub=1 va=0x10000000000 → Framebuffer { phys: 6291456, leaf: FbLeaf { va: 1099511627776, len: 2097152, phys: 6291456 } }
      SET_REPORT_SEMAPHORE                     m=0x1b00 sub=1 va=0x20440ffe0 → GuestRam { gpa: 721530848 }
kayfabe: GR-FB-JOIN proc=2 chan=1 SET_VALID_SPAN_OVERFLOW_AREA leaf va=0x200000000 → ALREADY JOINED (idempotent replay; no second object, no second descriptor, no second establishment copy) memory=0xcafe004f host_va=0x200000000
kayfabe: GR-FB-JOIN proc=2 chan=1 SET_TEX_SAMPLER_POOL leaf va=0x10002000000 → ALREADY JOINED (idempotent replay; no second object, no second descriptor, no second establishment copy) memory=0xcafe0050 host_va=0x10002000000
kayfabe: GR-FB-JOIN proc=2 chan=1 SET_TEX_HEADER_POOL leaf va=0x10000000000 → ALREADY JOINED (idempotent replay; no second object, no second descriptor, no second establishment copy) memory=0xcafe0051 host_va=0x10000000000
kayfabe: GR-FB-JOIN proc=2 chan=1 ⊘ NO PROBE: no leaf reached a live view this doorbell, so there is nothing to ask about. ⊘ That is the absence of a measurement, NOT a measurement of absence
kayfabe: GR-ADDRESS-CENSUS (RE-STATED AFTER JOINING) proc=2 chan=1 joined_leaves=3 live_views=0 ⊘ still nothing executed and still nothing is permission
      SET_VALID_SPAN_OVERFLOW_AREA             m=0x0200 sub=1 va=0x200000000 → HostBackedFb { phys: 4194304, leaf: FbLeaf { va: 8589934592, len: 2097152, phys: 4194304 }, host_va: 8589934592, memory: 3405643855 }
      SET_SHADER_SHARED_MEMORY_WINDOW          m=0x02a0 sub=1 va=0x7e3afd000000 → Unresolved("CeWalk { va: GpuVa(138791817838592), kind: \"Fault\" } at va=0x7e3afd000000: Fault")
      SET_TEX_SAMPLER_POOL                     m=0x155c sub=1 va=0x10002000000 → HostBackedFb { phys: 8388608, leaf: FbLeaf { va: 1099545182208, len: 2097152, phys: 8388608 }, host_va: 1099545182208, memory: 3405643856 }
      SET_TEX_HEADER_POOL                      m=0x1574 sub=1 va=0x10000000000 → HostBackedFb { phys: 6291456, leaf: FbLeaf { va: 1099511627776, len: 2097152, phys: 6291456 }, host_va: 1099511627776, memory: 3405643857 }
      SET_REPORT_SEMAPHORE                     m=0x1b00 sub=1 va=0x20440ffe0 → GuestRam { gpa: 721530848 }
kayfabe: RING-PROJ token=0x00000008 proc=2 chan=1 vchid=VChid(0x8) key=0xc1d0000c:0x5c00001f engine=GrCompute vas=0x5c000007 dec=NONE pdb=0x201000 ring=0x200203000 entries=1024 (projection: ce_channel_facts) DESCENT | c=0xc1d0000c vas=0x5c000007 dec=NONE userd=h0x5c000014/off0x5000 root=0x201000/ap1/sh47/va[0x0..0x0] rootsrc=declared(object-model) ring=0x200203000 rng=V:0x1003000 fin=V:0x100b004 gp[0]@0x200203000=0x200800000+0x360 pb=S:0x204d3000 pbm[32w of 864B]: [0]sub1/m0x0/Incrementing/n1=0xc7c0 [1]sub1/m0x100/Incrementing/n1=0x0 [2]sub1/m0x2a0/Incrementing/n1=0x7e3a [3]sub1/m0x2a4/Incrementing/n1=0xfd000000 [4]sub1/m0x310/Incrementing/n1=0x806 [5]sub1/m0x248/Incrementing/n1=0x5403f [6]sub1/m0x248/Incrementing/n1=0x5403e [7]sub1/m0x248/Incrementing/n1=0x5403d [8]sub1/m0x248/Incrementing/n1=0x5403c [9]sub1/m0x248/Incrementing/n1=0x5403b [10]sub1/m0x248/Incrementing/n1=0x5403a [11]sub1/m0x248/Incrementing/n1=0x54039 scan=1024/1024 declared (COMPLETE: every declared entry was read), unread=0, nonzero=[0]=0x0003620200800000 row=ABSENT-FROM-ROOT-TABLE(11 rows, 0 REFUSED-BY-CAP) fbRING[p0]@0x1003000=0000800002620300000000000000000000000000000000000000000000000000 nz4/4096 resN-NEVER-WRITTEN by? fbRING[p1]@0x1004000=0000000000000000000000000000000000000000000000000000000000000000 nz0/4096 resN-NEVER-WRITTEN by? fbFIN@0x100b004=0000000000000000000000000000000000000000000000000000000000000000 nz0/4096 resN-NEVER-WRITTEN by? walk: L0@0x201000/byEXEC#104[ch1 lf0 sp0 inv3]=PDE@0x0->0x202000/Vidmem L1@0x202000/byEXEC#105[ch3 lf0 sp0 inv509]=PDE@0x0->0x203000/Vidmem L2@0x203000/byEXEC#106[ch1 lf0 sp0 inv511]=PDE@0x200000000->0x204000/Vidmem L3@0x204000/byEXEC#107[ch29 lf7 sp0 inv221]=LEAF@0x200200000->0x1000000/Vidmem/sz0x200000 walkend=LEAF
kayfabe: PT-DECODE token=0x00000008 | EXEC-WITNESS ARMED resident=156 by-executor=39 refused-at-cap=0 | PT-DECODE drained=135 latched=38 unowned_vas=0 requeued=97 rounds=1 → bound=0 unchanged=0 repointed=0 unbound=0 learned=0 published=0/0 meta_refused=0 unwitnessed=0 unreachable=0 sparse=0 dropped=0 refusals=255 faults=0 reach_faults=0 retired=0 pass_vas_gone=0 first=StraddlesLiveBinding { va: GpuVa(8655536128) } [witness writes=358270 pending=97 refused=0+0]
kayfabe: VAS-BIND-CENSUS proc=2 gpu=0 pdb=0x201000 va=0x200203000 vas=PRESENT rows=13348 hit=0x1003000/Vidmem/start0x200200000/len0x200000 root=0x201000 root_dirty=N root_wit=Y root_meta=N dirty=0 meta=36 shadow=37 wit=37 published=13344 wit_sample=[0x201000,0x202000,0x203000,0x204000] root_owner=p2:0x201000
kayfabe: GUEST-RAM PIN token=0x00000008 dev=1 ino=1624975 proc=2 chan=1 pdb=0x201000 ring=0x200203000 → NOT IN GUEST RAM (the table binds this VA in aperture Vidmem at 0x1003000; `Binding::phys` is a guest-physical address ONLY for sysmem, so there is no file offset to ask the layout for. ⊘ Refused by name — nothing here reinterprets a framebuffer address as a GPA)
kayfabe: COMPLETION-DECLARE token=0x00000009 proc=2 chan=2 engine=GrCompute → DECLARED va=0x20440ffd0 payload=0x00000001 awaken=0 four_words=1 op=0 subch=1 class=0xc7c0 site=GuestRam { gpa: 721530832 } (⊘ the observer WATCHES this address; it will never write it)
kayfabe: GR-ADDRESS-CENSUS proc=2 chan=2 class=0xc7c0 operands=5 bound=4 unbound=1 mme_dwords=39 ⊘ a census of what the host GR engine WOULD dereference; nothing here is executed and nothing here is permission
      SET_VALID_SPAN_OVERFLOW_AREA             m=0x0200 sub=1 va=0x200000000 → Framebuffer { phys: 4194304, leaf: FbLeaf { va: 8589934592, len: 2097152, phys: 4194304 } }
      SET_SHADER_SHARED_MEMORY_WINDOW          m=0x02a0 sub=1 va=0x7e3afd000000 → Unresolved("CeWalk { va: GpuVa(138791817838592), kind: \"Fault\" } at va=0x7e3afd000000: Fault")
      SET_TEX_SAMPLER_POOL                     m=0x155c sub=1 va=0x10002000000 → Framebuffer { phys: 8388608, leaf: FbLeaf { va: 1099545182208, len: 2097152, phys: 8388608 } }
      SET_TEX_HEADER_POOL                      m=0x1574 sub=1 va=0x10000000000 → Framebuffer { phys: 6291456, leaf: FbLeaf { va: 1099511627776, len: 2097152, phys: 6291456 } }
      SET_REPORT_SEMAPHORE                     m=0x1b00 sub=1 va=0x20440ffd0 → GuestRam { gpa: 721530832 }
kayfabe: GR-FB-JOIN proc=2 chan=2 SET_VALID_SPAN_OVERFLOW_AREA leaf va=0x200000000 → ALREADY JOINED (idempotent replay; no second object, no second descriptor, no second establishment copy) memory=0xcafe004f host_va=0x200000000
kayfabe: GR-FB-JOIN proc=2 chan=2 SET_TEX_SAMPLER_POOL leaf va=0x10002000000 → ALREADY JOINED (idempotent replay; no second object, no second descriptor, no second establishment copy) memory=0xcafe0050 host_va=0x10002000000
kayfabe: GR-FB-JOIN proc=2 chan=2 SET_TEX_HEADER_POOL leaf va=0x10000000000 → ALREADY JOINED (idempotent replay; no second object, no second descriptor, no second establishment copy) memory=0xcafe0051 host_va=0x10000000000
kayfabe: GR-FB-JOIN proc=2 chan=2 ⊘ NO PROBE: no leaf reached a live view this doorbell, so there is nothing to ask about. ⊘ That is the absence of a measurement, NOT a measurement of absence
kayfabe: GR-ADDRESS-CENSUS (RE-STATED AFTER JOINING) proc=2 chan=2 joined_leaves=3 live_views=0 ⊘ still nothing executed and still nothing is permission
      SET_VALID_SPAN_OVERFLOW_AREA             m=0x0200 sub=1 va=0x200000000 → HostBackedFb { phys: 4194304, leaf: FbLeaf { va: 8589934592, len: 2097152, phys: 4194304 }, host_va: 8589934592, memory: 3405643855 }
      SET_SHADER_SHARED_MEMORY_WINDOW          m=0x02a0 sub=1 va=0x7e3afd000000 → Unresolved("CeWalk { va: GpuVa(138791817838592), kind: \"Fault\" } at va=0x7e3afd000000: Fault")
      SET_TEX_SAMPLER_POOL                     m=0x155c sub=1 va=0x10002000000 → HostBackedFb { phys: 8388608, leaf: FbLeaf { va: 1099545182208, len: 2097152, phys: 8388608 }, host_va: 1099545182208, memory: 3405643856 }
      SET_TEX_HEADER_POOL                      m=0x1574 sub=1 va=0x10000000000 → HostBackedFb { phys: 6291456, leaf: FbLeaf { va: 1099511627776, len: 2097152, phys: 6291456 }, host_va: 1099511627776, memory: 3405643857 }
      SET_REPORT_SEMAPHORE                     m=0x1b00 sub=1 va=0x20440ffd0 → GuestRam { gpa: 721530832 }
kayfabe: RING-PROJ token=0x00000009 proc=2 chan=2 vchid=VChid(0x9) key=0xc1d0000c:0x5c000023 engine=GrCompute vas=0x5c000007 dec=NONE pdb=0x201000 ring=0x200206000 entries=1024 (projection: ce_channel_facts) DESCENT | c=0xc1d0000c vas=0x5c000007 dec=NONE userd=h0x5c000014/off0x8000 root=0x201000/ap1/sh47/va[0x0..0x0] rootsrc=declared(object-model) ring=0x200206000 rng=V:0x1006000 fin=V:0x100e004 gp[0]@0x200206000=0x200c00000+0x360 pb=S:0xf66b000 pbm[32w of 864B]: [0]sub1/m0x0/Incrementing/n1=0xc7c0 [1]sub1/m0x100/Incrementing/n1=0x0 [2]sub1/m0x2a0/Incrementing/n1=0x7e3a [3]sub1/m0x2a4/Incrementing/n1=0xfd000000 [4]sub1/m0x310/Incrementing/n1=0x806 [5]sub1/m0x248/Incrementing/n1=0x5403f [6]sub1/m0x248/Incrementing/n1=0x5403e [7]sub1/m0x248/Incrementing/n1=0x5403d [8]sub1/m0x248/Incrementing/n1=0x5403c [9]sub1/m0x248/Incrementing/n1=0x5403b [10]sub1/m0x248/Incrementing/n1=0x5403a [11]sub1/m0x248/Incrementing/n1=0x54039 scan=1024/1024 declared (COMPLETE: every declared entry was read), unread=0, nonzero=[0]=0x0003620200c00000 row=ABSENT-FROM-ROOT-TABLE(11 rows, 0 REFUSED-BY-CAP) fbRING[p0]@0x1006000=0000c00002620300000000000000000000000000000000000000000000000000 nz4/4096 resN-NEVER-WRITTEN by? fbRING[p1]@0x1007000=0000000000000000000000000000000000000000000000000000000000000000 nz0/4096 resN-NEVER-WRITTEN by? fbFIN@0x100e004=0000000000000000000000000000000000000000000000000000000000000000 nz0/4096 resN-NEVER-WRITTEN by? walk: L0@0x201000/byEXEC#104[ch1 lf0 sp0 inv3]=PDE@0x0->0x202000/Vidmem L1@0x202000/byEXEC#105[ch3 lf0 sp0 inv509]=PDE@0x0->0x203000/Vidmem L2@0x203000/byEXEC#106[ch1 lf0 sp0 inv511]=PDE@0x200000000->0x204000/Vidmem L3@0x204000/byEXEC#107[ch29 lf7 sp0 inv221]=LEAF@0x200200000->0x1000000/Vidmem/sz0x200000 walkend=LEAF
kayfabe: PT-DECODE token=0x00000009 | EXEC-WITNESS ARMED resident=156 by-executor=39 refused-at-cap=0 | PT-DECODE drained=137 latched=38 unowned_vas=0 requeued=99 rounds=1 → bound=0 unchanged=0 repointed=0 unbound=0 learned=0 published=0/0 meta_refused=0 unwitnessed=0 unreachable=0 sparse=0 dropped=0 refusals=255 faults=0 reach_faults=0 retired=0 pass_vas_gone=0 first=StraddlesLiveBinding { va: GpuVa(8655536128) } [witness writes=358273 pending=99 refused=0+0]
kayfabe: VAS-BIND-CENSUS proc=2 gpu=0 pdb=0x201000 va=0x200206000 vas=PRESENT rows=13348 hit=0x1006000/Vidmem/start0x200200000/len0x200000 root=0x201000 root_dirty=N root_wit=Y root_meta=N dirty=0 meta=36 shadow=37 wit=37 published=13344 wit_sample=[0x201000,0x202000,0x203000,0x204000] root_owner=p2:0x201000
kayfabe: GUEST-RAM PIN token=0x00000009 dev=1 ino=1624975 proc=2 chan=2 pdb=0x201000 ring=0x200206000 → NOT IN GUEST RAM (the table binds this VA in aperture Vidmem at 0x1006000; `Binding::phys` is a guest-physical address ONLY for sysmem, so there is no file offset to ask the layout for. ⊘ Refused by name — nothing here reinterprets a framebuffer address as a GPA)
kayfabe: COMPLETION-DECLARE token=0x0000000a proc=2 chan=3 engine=GrCompute → DECLARED va=0x20440ffc0 payload=0x00000001 awaken=0 four_words=1 op=0 subch=1 class=0xc7c0 site=GuestRam { gpa: 721530816 } (⊘ the observer WATCHES this address; it will never write it)
kayfabe: GR-ADDRESS-CENSUS proc=2 chan=3 class=0xc7c0 operands=5 bound=4 unbound=1 mme_dwords=39 ⊘ a census of what the host GR engine WOULD dereference; nothing here is executed and nothing here is permission
      SET_VALID_SPAN_OVERFLOW_AREA             m=0x0200 sub=1 va=0x200000000 → Framebuffer { phys: 4194304, leaf: FbLeaf { va: 8589934592, len: 2097152, phys: 4194304 } }
      SET_SHADER_SHARED_MEMORY_WINDOW          m=0x02a0 sub=1 va=0x7e3afd000000 → Unresolved("CeWalk { va: GpuVa(138791817838592), kind: \"Fault\" } at va=0x7e3afd000000: Fault")
      SET_TEX_SAMPLER_POOL                     m=0x155c sub=1 va=0x10002000000 → Framebuffer { phys: 8388608, leaf: FbLeaf { va: 1099545182208, len: 2097152, phys: 8388608 } }
      SET_TEX_HEADER_POOL                      m=0x1574 sub=1 va=0x10000000000 → Framebuffer { phys: 6291456, leaf: FbLeaf { va: 1099511627776, len: 2097152, phys: 6291456 } }
      SET_REPORT_SEMAPHORE                     m=0x1b00 sub=1 va=0x20440ffc0 → GuestRam { gpa: 721530816 }
kayfabe: GR-FB-JOIN proc=2 chan=3 SET_VALID_SPAN_OVERFLOW_AREA leaf va=0x200000000 → ALREADY JOINED (idempotent replay; no second object, no second descriptor, no second establishment copy) memory=0xcafe004f host_va=0x200000000
kayfabe: GR-FB-JOIN proc=2 chan=3 SET_TEX_SAMPLER_POOL leaf va=0x10002000000 → ALREADY JOINED (idempotent replay; no second object, no second descriptor, no second establishment copy) memory=0xcafe0050 host_va=0x10002000000
kayfabe: GR-FB-JOIN proc=2 chan=3 SET_TEX_HEADER_POOL leaf va=0x10000000000 → ALREADY JOINED (idempotent replay; no second object, no second descriptor, no second establishment copy) memory=0xcafe0051 host_va=0x10000000000
kayfabe: GR-FB-JOIN proc=2 chan=3 ⊘ NO PROBE: no leaf reached a live view this doorbell, so there is nothing to ask about. ⊘ That is the absence of a measurement, NOT a measurement of absence
kayfabe: GR-ADDRESS-CENSUS (RE-STATED AFTER JOINING) proc=2 chan=3 joined_leaves=3 live_views=0 ⊘ still nothing executed and still nothing is permission
      SET_VALID_SPAN_OVERFLOW_AREA             m=0x0200 sub=1 va=0x200000000 → HostBackedFb { phys: 4194304, leaf: FbLeaf { va: 8589934592, len: 2097152, phys: 4194304 }, host_va: 8589934592, memory: 3405643855 }
      SET_SHADER_SHARED_MEMORY_WINDOW          m=0x02a0 sub=1 va=0x7e3afd000000 → Unresolved("CeWalk { va: GpuVa(138791817838592), kind: \"Fault\" } at va=0x7e3afd000000: Fault")
      SET_TEX_SAMPLER_POOL                     m=0x155c sub=1 va=0x10002000000 → HostBackedFb { phys: 8388608, leaf: FbLeaf { va: 1099545182208, len: 2097152, phys: 8388608 }, host_va: 1099545182208, memory: 3405643856 }
      SET_TEX_HEADER_POOL                      m=0x1574 sub=1 va=0x10000000000 → HostBackedFb { phys: 6291456, leaf: FbLeaf { va: 1099511627776, len: 2097152, phys: 6291456 }, host_va: 1099511627776, memory: 3405643857 }
      SET_REPORT_SEMAPHORE                     m=0x1b00 sub=1 va=0x20440ffc0 → GuestRam { gpa: 721530816 }
kayfabe: RING-PROJ token=0x0000000a proc=2 chan=3 vchid=VChid(0xa) key=0xc1d0000c:0x5c000027 engine=GrCompute vas=0x5c000007 dec=NONE pdb=0x201000 ring=0x200209000 entries=1024 (projection: ce_channel_facts) DESCENT | c=0xc1d0000c vas=0x5c000007 dec=NONE userd=h0x5c000014/off0xb000 root=0x201000/ap1/sh47/va[0x0..0x0] rootsrc=declared(object-model) ring=0x200209000 rng=V:0x1009000 fin=V:0x1011004 gp[0]@0x200209000=0x201000000+0x360 pb=S:0x2016b000 pbm[32w of 864B]: [0]sub1/m0x0/Incrementing/n1=0xc7c0 [1]sub1/m0x100/Incrementing/n1=0x0 [2]sub1/m0x2a0/Incrementing/n1=0x7e3a [3]sub1/m0x2a4/Incrementing/n1=0xfd000000 [4]sub1/m0x310/Incrementing/n1=0x806 [5]sub1/m0x248/Incrementing/n1=0x5403f [6]sub1/m0x248/Incrementing/n1=0x5403e [7]sub1/m0x248/Incrementing/n1=0x5403d [8]sub1/m0x248/Incrementing/n1=0x5403c [9]sub1/m0x248/Incrementing/n1=0x5403b [10]sub1/m0x248/Incrementing/n1=0x5403a [11]sub1/m0x248/Incrementing/n1=0x54039 scan=1024/1024 declared (COMPLETE: every declared entry was read), unread=0, nonzero=[0]=0x0003620201000000 row=ABSENT-FROM-ROOT-TABLE(11 rows, 0 REFUSED-BY-CAP) fbRING[p0]@0x1009000=0000000102620300000000000000000000000000000000000000000000000000 nz4/4096 resN-NEVER-WRITTEN by? fbRING[p1]@0x100a000=0000000000000000000000000000000000000000000000000000000000000000 nz0/4096 resN-NEVER-WRITTEN by? fbFIN@0x1011004=0000000000000000000000000000000000000000000000000000000000000000 nz0/4096 resN-NEVER-WRITTEN by? walk: L0@0x201000/byEXEC#104[ch1 lf0 sp0 inv3]=PDE@0x0->0x202000/Vidmem L1@0x202000/byEXEC#105[ch3 lf0 sp0 inv509]=PDE@0x0->0x203000/Vidmem L2@0x203000/byEXEC#106[ch1 lf0 sp0 inv511]=PDE@0x200000000->0x204000/Vidmem L3@0x204000/byEXEC#107[ch29 lf7 sp0 inv221]=LEAF@0x200200000->0x1000000/Vidmem/sz0x200000 walkend=LEAF
kayfabe: PT-DECODE token=0x0000000a | EXEC-WITNESS ARMED resident=156 by-executor=39 refused-at-cap=0 | PT-DECODE drained=139 latched=38 unowned_vas=0 requeued=101 rounds=1 → bound=0 unchanged=0 repointed=0 unbound=0 learned=0 published=0/0 meta_refused=0 unwitnessed=0 unreachable=0 sparse=0 dropped=0 refusals=255 faults=0 reach_faults=0 retired=0 pass_vas_gone=0 first=StraddlesLiveBinding { va: GpuVa(8655536128) } [witness writes=358276 pending=101 refused=0+0]
kayfabe: VAS-BIND-CENSUS proc=2 gpu=0 pdb=0x201000 va=0x200209000 vas=PRESENT rows=13348 hit=0x1009000/Vidmem/start0x200200000/len0x200000 root=0x201000 root_dirty=N root_wit=Y root_meta=N dirty=0 meta=36 shadow=37 wit=37 published=13344 wit_sample=[0x201000,0x202000,0x203000,0x204000] root_owner=p2:0x201000
kayfabe: GUEST-RAM PIN token=0x0000000a dev=1 ino=1624975 proc=2 chan=3 pdb=0x201000 ring=0x200209000 → NOT IN GUEST RAM (the table binds this VA in aperture Vidmem at 0x1009000; `Binding::phys` is a guest-physical address ONLY for sysmem, so there is no file offset to ask the layout for. ⊘ Refused by name — nothing here reinterprets a framebuffer address as a GPA)
2026-08-12T06:20:05.340714Z qemu-system-x86_64: info: nvkvm: DOORBELL-HEARTBEAT arrival #96 token 0x0000000a
kayfabe: COMPLETION-DECLARE token=0x0000000b proc=2 chan=4 engine=GrCompute → DECLARED va=0x20440ffb0 payload=0x00000001 awaken=0 four_words=1 op=0 subch=1 class=0xc7c0 site=GuestRam { gpa: 721530800 } (⊘ the observer WATCHES this address; it will never write it)
kayfabe: GR-ADDRESS-CENSUS proc=2 chan=4 class=0xc7c0 operands=5 bound=4 unbound=1 mme_dwords=39 ⊘ a census of what the host GR engine WOULD dereference; nothing here is executed and nothing here is permission
      SET_VALID_SPAN_OVERFLOW_AREA             m=0x0200 sub=1 va=0x200000000 → Framebuffer { phys: 4194304, leaf: FbLeaf { va: 8589934592, len: 2097152, phys: 4194304 } }
      SET_SHADER_SHARED_MEMORY_WINDOW          m=0x02a0 sub=1 va=0x7e3afd000000 → Unresolved("CeWalk { va: GpuVa(138791817838592), kind: \"Fault\" } at va=0x7e3afd000000: Fault")
      SET_TEX_SAMPLER_POOL                     m=0x155c sub=1 va=0x10002000000 → Framebuffer { phys: 8388608, leaf: FbLeaf { va: 1099545182208, len: 2097152, phys: 8388608 } }
      SET_TEX_HEADER_POOL                      m=0x1574 sub=1 va=0x10000000000 → Framebuffer { phys: 6291456, leaf: FbLeaf { va: 1099511627776, len: 2097152, phys: 6291456 } }
      SET_REPORT_SEMAPHORE                     m=0x1b00 sub=1 va=0x20440ffb0 → GuestRam { gpa: 721530800 }
kayfabe: GR-FB-JOIN proc=2 chan=4 SET_VALID_SPAN_OVERFLOW_AREA leaf va=0x200000000 → ALREADY JOINED (idempotent replay; no second object, no second descriptor, no second establishment copy) memory=0xcafe004f host_va=0x200000000
kayfabe: GR-FB-JOIN proc=2 chan=4 SET_TEX_SAMPLER_POOL leaf va=0x10002000000 → ALREADY JOINED (idempotent replay; no second object, no second descriptor, no second establishment copy) memory=0xcafe0050 host_va=0x10002000000
kayfabe: GR-FB-JOIN proc=2 chan=4 SET_TEX_HEADER_POOL leaf va=0x10000000000 → ALREADY JOINED (idempotent replay; no second object, no second descriptor, no second establishment copy) memory=0xcafe0051 host_va=0x10000000000
kayfabe: GR-FB-JOIN proc=2 chan=4 ⊘ NO PROBE: no leaf reached a live view this doorbell, so there is nothing to ask about. ⊘ That is the absence of a measurement, NOT a measurement of absence
kayfabe: GR-ADDRESS-CENSUS (RE-STATED AFTER JOINING) proc=2 chan=4 joined_leaves=3 live_views=0 ⊘ still nothing executed and still nothing is permission
      SET_VALID_SPAN_OVERFLOW_AREA             m=0x0200 sub=1 va=0x200000000 → HostBackedFb { phys: 4194304, leaf: FbLeaf { va: 8589934592, len: 2097152, phys: 4194304 }, host_va: 8589934592, memory: 3405643855 }
      SET_SHADER_SHARED_MEMORY_WINDOW          m=0x02a0 sub=1 va=0x7e3afd000000 → Unresolved("CeWalk { va: GpuVa(138791817838592), kind: \"Fault\" } at va=0x7e3afd000000: Fault")
      SET_TEX_SAMPLER_POOL                     m=0x155c sub=1 va=0x10002000000 → HostBackedFb { phys: 8388608, leaf: FbLeaf { va: 1099545182208, len: 2097152, phys: 8388608 }, host_va: 1099545182208, memory: 3405643856 }
      SET_TEX_HEADER_POOL                      m=0x1574 sub=1 va=0x10000000000 → HostBackedFb { phys: 6291456, leaf: FbLeaf { va: 1099511627776, len: 2097152, phys: 6291456 }, host_va: 1099511627776, memory: 3405643857 }
      SET_REPORT_SEMAPHORE                     m=0x1b00 sub=1 va=0x20440ffb0 → GuestRam { gpa: 721530800 }
kayfabe: RING-PROJ token=0x0000000b proc=2 chan=4 vchid=VChid(0xb) key=0xc1d0000c:0x5c00002b engine=GrCompute vas=0x5c000007 dec=NONE pdb=0x201000 ring=0x20020c000 entries=1024 (projection: ce_channel_facts) DESCENT | c=0xc1d0000c vas=0x5c000007 dec=NONE userd=h0x5c000014/off0xe000 root=0x201000/ap1/sh47/va[0x0..0x0] rootsrc=declared(object-model) ring=0x20020c000 rng=V:0x100c000 fin=V:0x1014004 gp[0]@0x20020c000=0x201400000+0x360 pb=S:0x34b4b000 pbm[32w of 864B]: [0]sub1/m0x0/Incrementing/n1=0xc7c0 [1]sub1/m0x100/Incrementing/n1=0x0 [2]sub1/m0x2a0/Incrementing/n1=0x7e3a [3]sub1/m0x2a4/Incrementing/n1=0xfd000000 [4]sub1/m0x310/Incrementing/n1=0x806 [5]sub1/m0x248/Incrementing/n1=0x5403f [6]sub1/m0x248/Incrementing/n1=0x5403e [7]sub1/m0x248/Incrementing/n1=0x5403d [8]sub1/m0x248/Incrementing/n1=0x5403c [9]sub1/m0x248/Incrementing/n1=0x5403b [10]sub1/m0x248/Incrementing/n1=0x5403a [11]sub1/m0x248/Incrementing/n1=0x54039 scan=1024/1024 declared (COMPLETE: every declared entry was read), unread=0, nonzero=[0]=0x0003620201400000 row=ABSENT-FROM-ROOT-TABLE(11 rows, 0 REFUSED-BY-CAP) fbRING[p0]@0x100c000=0000400102620300000000000000000000000000000000000000000000000000 nz5/4096 resN-NEVER-WRITTEN by? fbRING[p1]@0x100d000=0000000000000000000000000000000000000000000000000000000000000000 nz0/4096 resN-NEVER-WRITTEN by? fbFIN@0x1014004=0000000000000000000000000000000000000000000000000000000000000000 nz0/4096 resN-NEVER-WRITTEN by? walk: L0@0x201000/byEXEC#104[ch1 lf0 sp0 inv3]=PDE@0x0->0x202000/Vidmem L1@0x202000/byEXEC#105[ch3 lf0 sp0 inv509]=PDE@0x0->0x203000/Vidmem L2@0x203000/byEXEC#106[ch1 lf0 sp0 inv511]=PDE@0x200000000->0x204000/Vidmem L3@0x204000/byEXEC#107[ch29 lf7 sp0 inv221]=LEAF@0x200200000->0x1000000/Vidmem/sz0x200000 walkend=LEAF
kayfabe: PT-DECODE token=0x0000000b | EXEC-WITNESS ARMED resident=156 by-executor=39 refused-at-cap=0 | PT-DECODE drained=141 latched=38 unowned_vas=0 requeued=103 rounds=1 → bound=0 unchanged=0 repointed=0 unbound=0 learned=0 published=0/0 meta_refused=0 unwitnessed=0 unreachable=0 sparse=0 dropped=0 refusals=255 faults=0 reach_faults=0 retired=0 pass_vas_gone=0 first=StraddlesLiveBinding { va: GpuVa(8655536128) } [witness writes=358279 pending=103 refused=0+0]
kayfabe: VAS-BIND-CENSUS proc=2 gpu=0 pdb=0x201000 va=0x20020c000 vas=PRESENT rows=13348 hit=0x100c000/Vidmem/start0x200200000/len0x200000 root=0x201000 root_dirty=N root_wit=Y root_meta=N dirty=0 meta=36 shadow=37 wit=37 published=13344 wit_sample=[0x201000,0x202000,0x203000,0x204000] root_owner=p2:0x201000
kayfabe: GUEST-RAM PIN token=0x0000000b dev=1 ino=1624975 proc=2 chan=4 pdb=0x201000 ring=0x20020c000 → NOT IN GUEST RAM (the table binds this VA in aperture Vidmem at 0x100c000; `Binding::phys` is a guest-physical address ONLY for sysmem, so there is no file offset to ask the layout for. ⊘ Refused by name — nothing here reinterprets a framebuffer address as a GPA)
kayfabe: COMPLETION-DECLARE token=0x0000000c proc=2 chan=5 engine=GrCompute → DECLARED va=0x20440ffa0 payload=0x00000001 awaken=0 four_words=1 op=0 subch=1 class=0xc7c0 site=GuestRam { gpa: 721530784 } (⊘ the observer WATCHES this address; it will never write it)
kayfabe: GR-ADDRESS-CENSUS proc=2 chan=5 class=0xc7c0 operands=5 bound=4 unbound=1 mme_dwords=39 ⊘ a census of what the host GR engine WOULD dereference; nothing here is executed and nothing here is permission
      SET_VALID_SPAN_OVERFLOW_AREA             m=0x0200 sub=1 va=0x200000000 → Framebuffer { phys: 4194304, leaf: FbLeaf { va: 8589934592, len: 2097152, phys: 4194304 } }
      SET_SHADER_SHARED_MEMORY_WINDOW          m=0x02a0 sub=1 va=0x7e3afd000000 → Unresolved("CeWalk { va: GpuVa(138791817838592), kind: \"Fault\" } at va=0x7e3afd000000: Fault")
      SET_TEX_SAMPLER_POOL                     m=0x155c sub=1 va=0x10002000000 → Framebuffer { phys: 8388608, leaf: FbLeaf { va: 1099545182208, len: 2097152, phys: 8388608 } }
      SET_TEX_HEADER_POOL                      m=0x1574 sub=1 va=0x10000000000 → Framebuffer { phys: 6291456, leaf: FbLeaf { va: 1099511627776, len: 2097152, phys: 6291456 } }
      SET_REPORT_SEMAPHORE                     m=0x1b00 sub=1 va=0x20440ffa0 → GuestRam { gpa: 721530784 }
kayfabe: GR-FB-JOIN proc=2 chan=5 SET_VALID_SPAN_OVERFLOW_AREA leaf va=0x200000000 → ALREADY JOINED (idempotent replay; no second object, no second descriptor, no second establishment copy) memory=0xcafe004f host_va=0x200000000
kayfabe: GR-FB-JOIN proc=2 chan=5 SET_TEX_SAMPLER_POOL leaf va=0x10002000000 → ALREADY JOINED (idempotent replay; no second object, no second descriptor, no second establishment copy) memory=0xcafe0050 host_va=0x10002000000
kayfabe: GR-FB-JOIN proc=2 chan=5 SET_TEX_HEADER_POOL leaf va=0x10000000000 → ALREADY JOINED (idempotent replay; no second object, no second descriptor, no second establishment copy) memory=0xcafe0051 host_va=0x10000000000
kayfabe: GR-FB-JOIN proc=2 chan=5 ⊘ NO PROBE: no leaf reached a live view this doorbell, so there is nothing to ask about. ⊘ That is the absence of a measurement, NOT a measurement of absence
kayfabe: GR-ADDRESS-CENSUS (RE-STATED AFTER JOINING) proc=2 chan=5 joined_leaves=3 live_views=0 ⊘ still nothing executed and still nothing is permission
      SET_VALID_SPAN_OVERFLOW_AREA             m=0x0200 sub=1 va=0x200000000 → HostBackedFb { phys: 4194304, leaf: FbLeaf { va: 8589934592, len: 2097152, phys: 4194304 }, host_va: 8589934592, memory: 3405643855 }
      SET_SHADER_SHARED_MEMORY_WINDOW          m=0x02a0 sub=1 va=0x7e3afd000000 → Unresolved("CeWalk { va: GpuVa(138791817838592), kind: \"Fault\" } at va=0x7e3afd000000: Fault")
      SET_TEX_SAMPLER_POOL                     m=0x155c sub=1 va=0x10002000000 → HostBackedFb { phys: 8388608, leaf: FbLeaf { va: 1099545182208, len: 2097152, phys: 8388608 }, host_va: 1099545182208, memory: 3405643856 }
      SET_TEX_HEADER_POOL                      m=0x1574 sub=1 va=0x10000000000 → HostBackedFb { phys: 6291456, leaf: FbLeaf { va: 1099511627776, len: 2097152, phys: 6291456 }, host_va: 1099511627776, memory: 3405643857 }
      SET_REPORT_SEMAPHORE                     m=0x1b00 sub=1 va=0x20440ffa0 → GuestRam { gpa: 721530784 }
kayfabe: RING-PROJ token=0x0000000c proc=2 chan=5 vchid=VChid(0xc) key=0xc1d0000c:0x5c00002f engine=GrCompute vas=0x5c000007 dec=NONE pdb=0x201000 ring=0x20020f000 entries=1024 (projection: ce_channel_facts) DESCENT | c=0xc1d0000c vas=0x5c000007 dec=NONE userd=h0x5c000014/off0x11000 root=0x201000/ap1/sh47/va[0x0..0x0] rootsrc=declared(object-model) ring=0x20020f000 rng=V:0x100f000 fin=V:0x1017004 gp[0]@0x20020f000=0x201800000+0x360 pb=S:0xef4b000 pbm[32w of 864B]: [0]sub1/m0x0/Incrementing/n1=0xc7c0 [1]sub1/m0x100/Incrementing/n1=0x0 [2]sub1/m0x2a0/Incrementing/n1=0x7e3a [3]sub1/m0x2a4/Incrementing/n1=0xfd000000 [4]sub1/m0x310/Incrementing/n1=0x806 [5]sub1/m0x248/Incrementing/n1=0x5403f [6]sub1/m0x248/Incrementing/n1=0x5403e [7]sub1/m0x248/Incrementing/n1=0x5403d [8]sub1/m0x248/Incrementing/n1=0x5403c [9]sub1/m0x248/Incrementing/n1=0x5403b [10]sub1/m0x248/Incrementing/n1=0x5403a [11]sub1/m0x248/Incrementing/n1=0x54039 scan=1024/1024 declared (COMPLETE: every declared entry was read), unread=0, nonzero=[0]=0x0003620201800000 row=ABSENT-FROM-ROOT-TABLE(11 rows, 0 REFUSED-BY-CAP) fbRING[p0]@0x100f000=0000800102620300000000000000000000000000000000000000000000000000 nz5/4096 resN-NEVER-WRITTEN by? fbRING[p1]@0x1010000=0000000000000000000000000000000000000000000000000000000000000000 nz0/4096 resN-NEVER-WRITTEN by? fbFIN@0x1017004=0000000000000000000000000000000000000000000000000000000000000000 nz2/4096 resN-NEVER-WRITTEN by? walk: L0@0x201000/byEXEC#104[ch1 lf0 sp0 inv3]=PDE@0x0->0x202000/Vidmem L1@0x202000/byEXEC#105[ch3 lf0 sp0 inv509]=PDE@0x0->0x203000/Vidmem L2@0x203000/byEXEC#106[ch1 lf0 sp0 inv511]=PDE@0x200000000->0x204000/Vidmem L3@0x204000/byEXEC#107[ch29 lf7 sp0 inv221]=LEAF@0x200200000->0x1000000/Vidmem/sz0x200000 walkend=LEAF
kayfabe: PT-DECODE token=0x0000000c | EXEC-WITNESS ARMED resident=156 by-executor=39 refused-at-cap=0 | PT-DECODE drained=143 latched=38 unowned_vas=0 requeued=105 rounds=1 → bound=0 unchanged=0 repointed=0 unbound=0 learned=0 published=0/0 meta_refused=0 unwitnessed=0 unreachable=0 sparse=0 dropped=0 refusals=255 faults=0 reach_faults=0 retired=0 pass_vas_gone=0 first=StraddlesLiveBinding { va: GpuVa(8655536128) } [witness writes=358282 pending=105 refused=0+0]
kayfabe: VAS-BIND-CENSUS proc=2 gpu=0 pdb=0x201000 va=0x20020f000 vas=PRESENT rows=13348 hit=0x100f000/Vidmem/start0x200200000/len0x200000 root=0x201000 root_dirty=N root_wit=Y root_meta=N dirty=0 meta=36 shadow=37 wit=37 published=13344 wit_sample=[0x201000,0x202000,0x203000,0x204000] root_owner=p2:0x201000
kayfabe: GUEST-RAM PIN token=0x0000000c dev=1 ino=1624975 proc=2 chan=5 pdb=0x201000 ring=0x20020f000 → NOT IN GUEST RAM (the table binds this VA in aperture Vidmem at 0x100f000; `Binding::phys` is a guest-physical address ONLY for sysmem, so there is no file offset to ask the layout for. ⊘ Refused by name — nothing here reinterprets a framebuffer address as a GPA)
kayfabe: COMPLETION-DECLARE token=0x0000000d proc=2 chan=6 engine=GrCompute → DECLARED va=0x20440ff90 payload=0x00000001 awaken=0 four_words=1 op=0 subch=1 class=0xc7c0 site=GuestRam { gpa: 721530768 } (⊘ the observer WATCHES this address; it will never write it)
kayfabe: GR-ADDRESS-CENSUS proc=2 chan=6 class=0xc7c0 operands=5 bound=4 unbound=1 mme_dwords=39 ⊘ a census of what the host GR engine WOULD dereference; nothing here is executed and nothing here is permission
      SET_VALID_SPAN_OVERFLOW_AREA             m=0x0200 sub=1 va=0x200000000 → Framebuffer { phys: 4194304, leaf: FbLeaf { va: 8589934592, len: 2097152, phys: 4194304 } }
      SET_SHADER_SHARED_MEMORY_WINDOW          m=0x02a0 sub=1 va=0x7e3afd000000 → Unresolved("CeWalk { va: GpuVa(138791817838592), kind: \"Fault\" } at va=0x7e3afd000000: Fault")
      SET_TEX_SAMPLER_POOL                     m=0x155c sub=1 va=0x10002000000 → Framebuffer { phys: 8388608, leaf: FbLeaf { va: 1099545182208, len: 2097152, phys: 8388608 } }
      SET_TEX_HEADER_POOL                      m=0x1574 sub=1 va=0x10000000000 → Framebuffer { phys: 6291456, leaf: FbLeaf { va: 1099511627776, len: 2097152, phys: 6291456 } }
      SET_REPORT_SEMAPHORE                     m=0x1b00 sub=1 va=0x20440ff90 → GuestRam { gpa: 721530768 }
kayfabe: GR-FB-JOIN proc=2 chan=6 SET_VALID_SPAN_OVERFLOW_AREA leaf va=0x200000000 → ALREADY JOINED (idempotent replay; no second object, no second descriptor, no second establishment copy) memory=0xcafe004f host_va=0x200000000
kayfabe: GR-FB-JOIN proc=2 chan=6 SET_TEX_SAMPLER_POOL leaf va=0x10002000000 → ALREADY JOINED (idempotent replay; no second object, no second descriptor, no second establishment copy) memory=0xcafe0050 host_va=0x10002000000
kayfabe: GR-FB-JOIN proc=2 chan=6 SET_TEX_HEADER_POOL leaf va=0x10000000000 → ALREADY JOINED (idempotent replay; no second object, no second descriptor, no second establishment copy) memory=0xcafe0051 host_va=0x10000000000
kayfabe: GR-FB-JOIN proc=2 chan=6 ⊘ NO PROBE: no leaf reached a live view this doorbell, so there is nothing to ask about. ⊘ That is the absence of a measurement, NOT a measurement of absence
kayfabe: GR-ADDRESS-CENSUS (RE-STATED AFTER JOINING) proc=2 chan=6 joined_leaves=3 live_views=0 ⊘ still nothing executed and still nothing is permission
      SET_VALID_SPAN_OVERFLOW_AREA             m=0x0200 sub=1 va=0x200000000 → HostBackedFb { phys: 4194304, leaf: FbLeaf { va: 8589934592, len: 2097152, phys: 4194304 }, host_va: 8589934592, memory: 3405643855 }
      SET_SHADER_SHARED_MEMORY_WINDOW          m=0x02a0 sub=1 va=0x7e3afd000000 → Unresolved("CeWalk { va: GpuVa(138791817838592), kind: \"Fault\" } at va=0x7e3afd000000: Fault")
      SET_TEX_SAMPLER_POOL                     m=0x155c sub=1 va=0x10002000000 → HostBackedFb { phys: 8388608, leaf: FbLeaf { va: 1099545182208, len: 2097152, phys: 8388608 }, host_va: 1099545182208, memory: 3405643856 }
      SET_TEX_HEADER_POOL                      m=0x1574 sub=1 va=0x10000000000 → HostBackedFb { phys: 6291456, leaf: FbLeaf { va: 1099511627776, len: 2097152, phys: 6291456 }, host_va: 1099511627776, memory: 3405643857 }
      SET_REPORT_SEMAPHORE                     m=0x1b00 sub=1 va=0x20440ff90 → GuestRam { gpa: 721530768 }
kayfabe: RING-PROJ token=0x0000000d proc=2 chan=6 vchid=VChid(0xd) key=0xc1d0000c:0x5c000033 engine=GrCompute vas=0x5c000007 dec=NONE pdb=0x201000 ring=0x200212000 entries=1024 (projection: ce_channel_facts) DESCENT | c=0xc1d0000c vas=0x5c000007 dec=NONE userd=h0x5c000014/off0x14000 root=0x201000/ap1/sh47/va[0x0..0x0] rootsrc=declared(object-model) ring=0x200212000 rng=V:0x1012000 fin=V:0x101a004 gp[0]@0x200212000=0x201c00000+0x360 pb=S:0x30cb000 pbm[32w of 864B]: [0]sub1/m0x0/Incrementing/n1=0xc7c0 [1]sub1/m0x100/Incrementing/n1=0x0 [2]sub1/m0x2a0/Incrementing/n1=0x7e3a [3]sub1/m0x2a4/Incrementing/n1=0xfd000000 [4]sub1/m0x310/Incrementing/n1=0x806 [5]sub1/m0x248/Incrementing/n1=0x5403f [6]sub1/m0x248/Incrementing/n1=0x5403e [7]sub1/m0x248/Incrementing/n1=0x5403d [8]sub1/m0x248/Incrementing/n1=0x5403c [9]sub1/m0x248/Incrementing/n1=0x5403b [10]sub1/m0x248/Incrementing/n1=0x5403a [11]sub1/m0x248/Incrementing/n1=0x54039 scan=1024/1024 declared (COMPLETE: every declared entry was read), unread=0, nonzero=[0]=0x0003620201c00000 row=ABSENT-FROM-ROOT-TABLE(11 rows, 0 REFUSED-BY-CAP) fbRING[p0]@0x1012000=0000c00102620300000000000000000000000000000000000000000000000000 nz5/4096 resN-NEVER-WRITTEN by? fbRING[p1]@0x1013000=0000000000000000000000000000000000000000000000000000000000000000 nz0/4096 resN-NEVER-WRITTEN by? fbFIN@0x101a004=0000000000000000000000000000000000000000000000000000000000000000 nz3/4096 resN-NEVER-WRITTEN by? walk: L0@0x201000/byEXEC#104[ch1 lf0 sp0 inv3]=PDE@0x0->0x202000/Vidmem L1@0x202000/byEXEC#105[ch3 lf0 sp0 inv509]=PDE@0x0->0x203000/Vidmem L2@0x203000/byEXEC#106[ch1 lf0 sp0 inv511]=PDE@0x200000000->0x204000/Vidmem L3@0x204000/byEXEC#107[ch29 lf7 sp0 inv221]=LEAF@0x200200000->0x1000000/Vidmem/sz0x200000 walkend=LEAF
kayfabe: PT-DECODE token=0x0000000d | EXEC-WITNESS ARMED resident=156 by-executor=39 refused-at-cap=0 | PT-DECODE drained=145 latched=38 unowned_vas=0 requeued=107 rounds=1 → bound=0 unchanged=0 repointed=0 unbound=0 learned=0 published=0/0 meta_refused=0 unwitnessed=0 unreachable=0 sparse=0 dropped=0 refusals=255 faults=0 reach_faults=0 retired=0 pass_vas_gone=0 first=StraddlesLiveBinding { va: GpuVa(8655536128) } [witness writes=358285 pending=107 refused=0+0]
kayfabe: VAS-BIND-CENSUS proc=2 gpu=0 pdb=0x201000 va=0x200212000 vas=PRESENT rows=13348 hit=0x1012000/Vidmem/start0x200200000/len0x200000 root=0x201000 root_dirty=N root_wit=Y root_meta=N dirty=0 meta=36 shadow=37 wit=37 published=13344 wit_sample=[0x201000,0x202000,0x203000,0x204000] root_owner=p2:0x201000
kayfabe: GUEST-RAM PIN token=0x0000000d dev=1 ino=1624975 proc=2 chan=6 pdb=0x201000 ring=0x200212000 → NOT IN GUEST RAM (the table binds this VA in aperture Vidmem at 0x1012000; `Binding::phys` is a guest-physical address ONLY for sysmem, so there is no file offset to ask the layout for. ⊘ Refused by name — nothing here reinterprets a framebuffer address as a GPA)
kayfabe: COMPLETION-DECLARE token=0x0000000e proc=2 chan=7 engine=GrCompute → DECLARED va=0x20440ff80 payload=0x00000001 awaken=0 four_words=1 op=0 subch=1 class=0xc7c0 site=GuestRam { gpa: 721530752 } (⊘ the observer WATCHES this address; it will never write it)
kayfabe: GR-ADDRESS-CENSUS proc=2 chan=7 class=0xc7c0 operands=5 bound=4 unbound=1 mme_dwords=39 ⊘ a census of what the host GR engine WOULD dereference; nothing here is executed and nothing here is permission
      SET_VALID_SPAN_OVERFLOW_AREA             m=0x0200 sub=1 va=0x200000000 → Framebuffer { phys: 4194304, leaf: FbLeaf { va: 8589934592, len: 2097152, phys: 4194304 } }
      SET_SHADER_SHARED_MEMORY_WINDOW          m=0x02a0 sub=1 va=0x7e3afd000000 → Unresolved("CeWalk { va: GpuVa(138791817838592), kind: \"Fault\" } at va=0x7e3afd000000: Fault")
      SET_TEX_SAMPLER_POOL                     m=0x155c sub=1 va=0x10002000000 → Framebuffer { phys: 8388608, leaf: FbLeaf { va: 1099545182208, len: 2097152, phys: 8388608 } }
      SET_TEX_HEADER_POOL                      m=0x1574 sub=1 va=0x10000000000 → Framebuffer { phys: 6291456, leaf: FbLeaf { va: 1099511627776, len: 2097152, phys: 6291456 } }
      SET_REPORT_SEMAPHORE                     m=0x1b00 sub=1 va=0x20440ff80 → GuestRam { gpa: 721530752 }
kayfabe: GR-FB-JOIN proc=2 chan=7 SET_VALID_SPAN_OVERFLOW_AREA leaf va=0x200000000 → ALREADY JOINED (idempotent replay; no second object, no second descriptor, no second establishment copy) memory=0xcafe004f host_va=0x200000000
kayfabe: GR-FB-JOIN proc=2 chan=7 SET_TEX_SAMPLER_POOL leaf va=0x10002000000 → ALREADY JOINED (idempotent replay; no second object, no second descriptor, no second establishment copy) memory=0xcafe0050 host_va=0x10002000000
kayfabe: GR-FB-JOIN proc=2 chan=7 SET_TEX_HEADER_POOL leaf va=0x10000000000 → ALREADY JOINED (idempotent replay; no second object, no second descriptor, no second establishment copy) memory=0xcafe0051 host_va=0x10000000000
kayfabe: GR-FB-JOIN proc=2 chan=7 ⊘ NO PROBE: no leaf reached a live view this doorbell, so there is nothing to ask about. ⊘ That is the absence of a measurement, NOT a measurement of absence
kayfabe: GR-ADDRESS-CENSUS (RE-STATED AFTER JOINING) proc=2 chan=7 joined_leaves=3 live_views=0 ⊘ still nothing executed and still nothing is permission
      SET_VALID_SPAN_OVERFLOW_AREA             m=0x0200 sub=1 va=0x200000000 → HostBackedFb { phys: 4194304, leaf: FbLeaf { va: 8589934592, len: 2097152, phys: 4194304 }, host_va: 8589934592, memory: 3405643855 }
      SET_SHADER_SHARED_MEMORY_WINDOW          m=0x02a0 sub=1 va=0x7e3afd000000 → Unresolved("CeWalk { va: GpuVa(138791817838592), kind: \"Fault\" } at va=0x7e3afd000000: Fault")
      SET_TEX_SAMPLER_POOL                     m=0x155c sub=1 va=0x10002000000 → HostBackedFb { phys: 8388608, leaf: FbLeaf { va: 1099545182208, len: 2097152, phys: 8388608 }, host_va: 1099545182208, memory: 3405643856 }
      SET_TEX_HEADER_POOL                      m=0x1574 sub=1 va=0x10000000000 → HostBackedFb { phys: 6291456, leaf: FbLeaf { va: 1099511627776, len: 2097152, phys: 6291456 }, host_va: 1099511627776, memory: 3405643857 }
      SET_REPORT_SEMAPHORE                     m=0x1b00 sub=1 va=0x20440ff80 → GuestRam { gpa: 721530752 }
kayfabe: RING-PROJ token=0x0000000e proc=2 chan=7 vchid=VChid(0xe) key=0xc1d0000c:0x5c000037 engine=GrCompute vas=0x5c000007 dec=NONE pdb=0x201000 ring=0x200215000 entries=1024 (projection: ce_channel_facts) DESCENT | c=0xc1d0000c vas=0x5c000007 dec=NONE userd=h0x5c000014/off0x17000 root=0x201000/ap1/sh47/va[0x0..0x0] rootsrc=declared(object-model) ring=0x200215000 rng=V:0x1015000 fin=V:0x101d004 gp[0]@0x200215000=0x202000000+0x360 pb=S:0xeecb000 pbm[32w of 864B]: [0]sub1/m0x0/Incrementing/n1=0xc7c0 [1]sub1/m0x100/Incrementing/n1=0x0 [2]sub1/m0x2a0/Incrementing/n1=0x7e3a [3]sub1/m0x2a4/Incrementing/n1=0xfd000000 [4]sub1/m0x310/Incrementing/n1=0x806 [5]sub1/m0x248/Incrementing/n1=0x5403f [6]sub1/m0x248/Incrementing/n1=0x5403e [7]sub1/m0x248/Incrementing/n1=0x5403d [8]sub1/m0x248/Incrementing/n1=0x5403c [9]sub1/m0x248/Incrementing/n1=0x5403b [10]sub1/m0x248/Incrementing/n1=0x5403a [11]sub1/m0x248/Incrementing/n1=0x54039 scan=1024/1024 declared (COMPLETE: every declared entry was read), unread=0, nonzero=[0]=0x0003620202000000 row=ABSENT-FROM-ROOT-TABLE(11 rows, 0 REFUSED-BY-CAP) fbRING[p0]@0x1015000=0000000202620300000000000000000000000000000000000000000000000000 nz4/4096 resN-NEVER-WRITTEN by? fbRING[p1]@0x1016000=0000000000000000000000000000000000000000000000000000000000000000 nz0/4096 resN-NEVER-WRITTEN by? fbFIN@0x101d004=0000000000000000000000000000000000000000000000000000000000000000 nz3/4096 resN-NEVER-WRITTEN by? walk: L0@0x201000/byEXEC#104[ch1 lf0 sp0 inv3]=PDE@0x0->0x202000/Vidmem L1@0x202000/byEXEC#105[ch3 lf0 sp0 inv509]=PDE@0x0->0x203000/Vidmem L2@0x203000/byEXEC#106[ch1 lf0 sp0 inv511]=PDE@0x200000000->0x204000/Vidmem L3@0x204000/byEXEC#107[ch29 lf7 sp0 inv221]=LEAF@0x200200000->0x1000000/Vidmem/sz0x200000 walkend=LEAF
kayfabe: PT-DECODE token=0x0000000e | EXEC-WITNESS ARMED resident=156 by-executor=39 refused-at-cap=0 | PT-DECODE drained=147 latched=38 unowned_vas=0 requeued=109 rounds=1 → bound=0 unchanged=0 repointed=0 unbound=0 learned=0 published=0/0 meta_refused=0 unwitnessed=0 unreachable=0 sparse=0 dropped=0 refusals=255 faults=0 reach_faults=0 retired=0 pass_vas_gone=0 first=StraddlesLiveBinding { va: GpuVa(8655536128) } [witness writes=358288 pending=109 refused=0+0]
kayfabe: VAS-BIND-CENSUS proc=2 gpu=0 pdb=0x201000 va=0x200215000 vas=PRESENT rows=13348 hit=0x1015000/Vidmem/start0x200200000/len0x200000 root=0x201000 root_dirty=N root_wit=Y root_meta=N dirty=0 meta=36 shadow=37 wit=37 published=13344 wit_sample=[0x201000,0x202000,0x203000,0x204000] root_owner=p2:0x201000
kayfabe: GUEST-RAM PIN token=0x0000000e dev=1 ino=1624975 proc=2 chan=7 pdb=0x201000 ring=0x200215000 → NOT IN GUEST RAM (the table binds this VA in aperture Vidmem at 0x1015000; `Binding::phys` is a guest-physical address ONLY for sysmem, so there is no file offset to ask the layout for. ⊘ Refused by name — nothing here reinterprets a framebuffer address as a GPA)
kayfabe: COMPLETION-WATCH proc=2 chan=0 va=0x20440fff0 payload=0x00000001 → NOT-OBSERVED samples=88 last_seen=0x00000000 awaken=0 four_words=1 ⊘ the address WAS readable and the declared payload never appeared — a statement about the completion plane, not about the observer
kayfabe: COMPLETION-WATCH proc=2 chan=1 va=0x20440ffe0 payload=0x00000001 → NOT-OBSERVED samples=87 last_seen=0x00000000 awaken=0 four_words=1 ⊘ the address WAS readable and the declared payload never appeared — a statement about the completion plane, not about the observer
kayfabe: COMPLETION-WATCH proc=2 chan=2 va=0x20440ffd0 payload=0x00000001 → NOT-OBSERVED samples=86 last_seen=0x00000000 awaken=0 four_words=1 ⊘ the address WAS readable and the declared payload never appeared — a statement about the completion plane, not about the observer
kayfabe: COMPLETION-WATCH proc=2 chan=3 va=0x20440ffc0 payload=0x00000001 → NOT-OBSERVED samples=85 last_seen=0x00000000 awaken=0 four_words=1 ⊘ the address WAS readable and the declared payload never appeared — a statement about the completion plane, not about the observer
kayfabe: COMPLETION-WATCH proc=2 chan=4 va=0x20440ffb0 payload=0x00000001 → NOT-OBSERVED samples=84 last_seen=0x00000000 awaken=0 four_words=1 ⊘ the address WAS readable and the declared payload never appeared — a statement about the completion plane, not about the observer
kayfabe: COMPLETION-WATCH proc=2 chan=5 va=0x20440ffa0 payload=0x00000001 → NOT-OBSERVED samples=83 last_seen=0x00000000 awaken=0 four_words=1 ⊘ the address WAS readable and the declared payload never appeared — a statement about the completion plane, not about the observer
kayfabe: COMPLETION-WATCH proc=2 chan=6 va=0x20440ff90 payload=0x00000001 → NOT-OBSERVED samples=82 last_seen=0x00000000 awaken=0 four_words=1 ⊘ the address WAS readable and the declared payload never appeared — a statement about the completion plane, not about the observer
kayfabe: COMPLETION-WATCH proc=2 chan=7 va=0x20440ff80 payload=0x00000001 → NOT-OBSERVED samples=81 last_seen=0x00000000 awaken=0 four_words=1 ⊘ the address WAS readable and the declared payload never appeared — a statement about the completion plane, not about the observer
2026-08-12T06:22:52.718298Z qemu-system-x86_64: info: nvkvm: DOORBELL-HEARTBEAT arrival #128 token 0x00010003
2026-08-12T06:22:52.840074Z qemu-system-x86_64: info: nvkvm: DOORBELL-HEARTBEAT arrival #160 token 0x00010001
kayfabe: RING-ROSTER 26 row(s), 0 dropped past the cap (a non-zero drop count means this list is a PREFIX and its absences prove nothing)
kayfabe:   RING-ROSTER key=0xc1e00005:0x2 ring=0x120064000 entries=4096
kayfabe:   RING-ROSTER key=0xc1e00006:0x2 ring=0x420064000 entries=4096
kayfabe:   RING-ROSTER key=0xc1e00007:0xbaba0045 ring=0x0 entries=32
kayfabe:   RING-ROSTER key=0xc1e00010:0x2 ring=0x120064000 entries=4096
kayfabe:   RING-ROSTER key=0xc1e00011:0x2 ring=0x420064000 entries=4096
kayfabe:   RING-ROSTER key=0xc1e00012:0xbaba0045 ring=0x0 entries=32
kayfabe:   RING-ROSTER key=0xc1d0000a:0xcaf00012 ring=0x121010000 entries=1024
kayfabe:   RING-ROSTER key=0xc1d0000a:0xcaf0001d ring=0x121040000 entries=1024
kayfabe:   RING-ROSTER key=0xc1d0000a:0xcaf00028 ring=0x121070000 entries=1024
kayfabe:   RING-ROSTER key=0xc1d0000a:0xcaf00033 ring=0x1210a0000 entries=1024
kayfabe:   RING-ROSTER key=0xc1d0000c:0x5c000019 ring=0x200200000 entries=1024
kayfabe:   RING-ROSTER key=0xc1d0000c:0x5c00001f ring=0x200203000 entries=1024
kayfabe:   RING-ROSTER key=0xc1d0000c:0x5c000023 ring=0x200206000 entries=1024
kayfabe:   RING-ROSTER key=0xc1d0000c:0x5c000027 ring=0x200209000 entries=1024
kayfabe:   RING-ROSTER key=0xc1d0000c:0x5c00002b ring=0x20020c000 entries=1024
kayfabe:   RING-ROSTER key=0xc1d0000c:0x5c00002f ring=0x20020f000 entries=1024
kayfabe:   RING-ROSTER key=0xc1d0000c:0x5c000033 ring=0x200212000 entries=1024
kayfabe:   RING-ROSTER key=0xc1d0000c:0x5c000037 ring=0x200215000 entries=1024
kayfabe:   RING-ROSTER key=0xc1d0000c:0x5c00003d ring=0x200218000 entries=1024
kayfabe:   RING-ROSTER key=0xc1d0000c:0x5c000040 ring=0x20021b000 entries=1024
kayfabe:   RING-ROSTER key=0xc1d0000c:0x5c000043 ring=0x20021e000 entries=1024
kayfabe:   RING-ROSTER key=0xc1d0000c:0x5c000046 ring=0x200221000 entries=1024
kayfabe:   RING-ROSTER key=0xc1d0000c:0x5c00004b ring=0x200224000 entries=1024
kayfabe:   RING-ROSTER key=0xc1d0000c:0x5c00004e ring=0x200227000 entries=1024
kayfabe:   RING-ROSTER key=0xc1d0000c:0x5c000051 ring=0x20022a000 entries=1024
kayfabe:   RING-ROSTER key=0xc1d0000c:0x5c000054 ring=0x20022d000 entries=1024
kayfabe: UNCLAIMED-CENSUS 64 distinct (bar, offset) pair(s) answered with a DEFAULTED ZERO (⊘ bounded first-N sample — an absence here proves nothing; the totals are the `registers:` line's UNCLAIMED counts)
kayfabe:   UNCLAIMED-CENSUS bar0 off=0x08841c
kayfabe:   UNCLAIMED-CENSUS bar0 off=0x08807c
kayfabe:   UNCLAIMED-CENSUS bar0 off=0x088898
kayfabe:   UNCLAIMED-CENSUS bar0 off=0x088bd8
kayfabe:   UNCLAIMED-CENSUS bar0 off=0x088be0
kayfabe:   UNCLAIMED-CENSUS bar0 off=0x088bf4
kayfabe:   UNCLAIMED-CENSUS bar0 off=0x088bfc
kayfabe:   UNCLAIMED-CENSUS bar0 off=0x100c40
kayfabe:   UNCLAIMED-CENSUS bar0 off=0x100c10
kayfabe:   UNCLAIMED-CENSUS bar0 off=0x001478
kayfabe:   UNCLAIMED-CENSUS bar0 off=0x088080
kayfabe:   UNCLAIMED-CENSUS bar0 off=0x820c04
kayfabe:   UNCLAIMED-CENSUS bar0 off=0x82074c
kayfabe:   UNCLAIMED-CENSUS bar0 off=0x824148
kayfabe:   UNCLAIMED-CENSUS bar0 off=0x009410
kayfabe:   UNCLAIMED-CENSUS bar0 off=0x009400
kayfabe:   UNCLAIMED-CENSUS bar0 off=0x823814
kayfabe:   UNCLAIMED-CENSUS bar0 off=0x625f04
kayfabe:   UNCLAIMED-CENSUS bar0 off=0x8241c0
kayfabe:   UNCLAIMED-CENSUS bar0 off=0x1103c0
kayfabe:   UNCLAIMED-CENSUS bar0 off=0x111668
kayfabe:   UNCLAIMED-CENSUS bar0 off=0x110084
kayfabe:   UNCLAIMED-CENSUS bar0 off=0x110624
kayfabe:   UNCLAIMED-CENSUS bar0 off=0x11010c
kayfabe:   UNCLAIMED-CENSUS bar0 off=0x110600
kayfabe:   UNCLAIMED-CENSUS bar0 off=0x110110
kayfabe:   UNCLAIMED-CENSUS bar0 off=0x110128
kayfabe:   UNCLAIMED-CENSUS bar0 off=0x110114
kayfabe:   UNCLAIMED-CENSUS bar0 off=0x11011c
kayfabe:   UNCLAIMED-CENSUS bar0 off=0x111210
kayfabe:   UNCLAIMED-CENSUS bar0 off=0x11119c
kayfabe:   UNCLAIMED-CENSUS bar0 off=0x111198
kayfabe:   UNCLAIMED-CENSUS bar0 off=0x111180
kayfabe:   UNCLAIMED-CENSUS bar0 off=0x110104
kayfabe:   UNCLAIMED-CENSUS bar0 off=0x001438
kayfabe:   UNCLAIMED-CENSUS bar0 off=0x8400f4
kayfabe:   UNCLAIMED-CENSUS bar0 off=0x8403c0
kayfabe:   UNCLAIMED-CENSUS bar0 off=0x840084
kayfabe:   UNCLAIMED-CENSUS bar0 off=0x840044
kayfabe:   UNCLAIMED-CENSUS bar0 off=0x840624
kayfabe:   UNCLAIMED-CENSUS bar0 off=0x84010c
kayfabe:   UNCLAIMED-CENSUS bar0 off=0x840600
kayfabe:   UNCLAIMED-CENSUS bar0 off=0x840110
kayfabe:   UNCLAIMED-CENSUS bar0 off=0x840128
kayfabe:   UNCLAIMED-CENSUS bar0 off=0x840114
kayfabe:   UNCLAIMED-CENSUS bar0 off=0x84011c
kayfabe:   UNCLAIMED-CENSUS bar0 off=0x841210
kayfabe:   UNCLAIMED-CENSUS bar0 off=0x84119c
kayfabe:   UNCLAIMED-CENSUS bar0 off=0x841198
kayfabe:   UNCLAIMED-CENSUS bar0 off=0x841180
kayfabe:   UNCLAIMED-CENSUS bar0 off=0x840104
kayfabe:   UNCLAIMED-CENSUS bar0 off=0x110080
kayfabe:   UNCLAIMED-CENSUS bar0 off=0x110094
kayfabe:   UNCLAIMED-CENSUS bar0 off=0x088030
kayfabe:   UNCLAIMED-CENSUS bar0 off=0xb830b0
kayfabe:   UNCLAIMED-CENSUS bar0 off=0xb830a0
kayfabe:   UNCLAIMED-CENSUS bar0 off=0xb830a4
kayfabe:   UNCLAIMED-CENSUS bar0 off=0x088068
kayfabe:   UNCLAIMED-CENSUS bar0 off=0x0880c8
kayfabe:   UNCLAIMED-CENSUS bar0 off=0x088424
kayfabe:   UNCLAIMED-CENSUS bar0 off=0x088430
kayfabe:   UNCLAIMED-CENSUS bar0 off=0x088034
kayfabe:   UNCLAIMED-CENSUS bar0 off=0x088038
kayfabe:   UNCLAIMED-CENSUS bar0 off=0x08803c
2026-08-12T06:23:01.131229Z qemu-system-x86_64: info: nvkvm: registers: 12395 reads / 417452 writes (chip-constant 446, rom 4632, gsp 790r/1471w, UNCLAIMED 2921r/2482w), faults 2, guest-RAM refusals 0, interrupt requests dropped 841
2026-08-12T06:23:01.131306Z qemu-system-x86_64: info: nvkvm: timer: 204 counter reads, 0 writes REFUSED (the guest reads the host GPU's counter and may not move it)
2026-08-12T06:23:01.131330Z qemu-system-x86_64: info: nvkvm: interrupts: 208 vectors delivered, 0 undeliverable (guest had not enabled the table), 841 status-queue requests dropped
2026-08-12T06:23:01.131435Z qemu-system-x86_64: info: nvkvm: interrupt tree: 10039 register accesses, 2 guest LEAF_TRIGGER raises, 0 of them would be masked (⊘ if that equals the raises, the ENABLE BOOKKEEPING is blind and every "would be masked" number in this report is meaningless — the loopback self-test enables its leaf immediately before triggering)
2026-08-12T06:23:01.131462Z qemu-system-x86_64: info: nvkvm: completions: 4 announced (non-stall vector raised), 179 UNVECTORED (work done, nothing told the guest), 4 would be masked by the guest's own LEAF_EN
2026-08-12T06:23:01.131484Z qemu-system-x86_64: info: nvkvm: os-events: 3 registered / 3 retired / 0 live (0 malformed, 0 refused-full); 57 POST_EVENT posted in 19 batch(es); gate: 82 gated, 0 not-running, 0 failed, 18 IRQSCLR cleared
2026-08-12T06:23:01.131506Z qemu-system-x86_64: info: nvkvm: os-event announce: 19 GSP stall vector(s) raised, 0 UNVECTORED, 1 would be masked; 0 batch(es) WOKE WITH NOTHING (last join: 153 doorbells served, 8 of them forwarded, 37 new since the previous batch)
2026-08-12T06:23:01.131529Z qemu-system-x86_64: info: nvkvm: framebuffer: 1410 reads / 405167 writes served through the BAR0 moving window (52 window register reads / 42 writes), fb refusals 0, resident 10813440 bytes
2026-08-12T06:23:01.131551Z qemu-system-x86_64: info: nvkvm:   windows with no address model: 0r/0w — read it beside the BAR1 traffic that had to exist for this zero to say anything: 0 translated read(s) / 483 write(s), bar1PdeBase = 0x2f1cac000. ⊘ With 0 BAR1 accesses this line reports nothing about the guest.
2026-08-12T06:23:01.131573Z qemu-system-x86_64: info: nvkvm:   framebuffer residency: 2640 page(s) spanning [0x0..0x2f1cac000] — 3087533 page(s) of extent, so the resident set is SPARSE. ⊘ A page NOT in this set was never written; a page in it that reads zero WAS addressed and given zeros. The byte census alone cannot tell those apart.
2026-08-12T06:23:01.131596Z qemu-system-x86_64: info: nvkvm:   framebuffer FIRST-WRITER census: PRAMIN 21 / BAR1 9 / BAR2 88 / EXEC 2522 / UNATTRIBUTED 0 page(s) — FIRST writer, not last, so this attributes CREATION and not traffic.
2026-08-12T06:23:01.131618Z qemu-system-x86_64: info: nvkvm:   GPFIFO forward search: swept 2640 of 2640 resident page(s), and NO page carries GPFIFO-entry-shaped bytes. ⊘ This says the ring's bytes are not in THIS store — it does not say the guest never wrote them.
2026-08-12T06:23:01.131644Z qemu-system-x86_64: info: nvkvm:   trap-status nvkvm-bar0-regs: base 0xfd000000 -> region 'nvkvm-bar0-regs' (OURS), IO — TRAPPED, every guest access reaches this device. ⇒ a never-written page behind this row IS a statement about the guest, because we would have seen the write.
2026-08-12T06:23:01.131669Z qemu-system-x86_64: info: nvkvm:   trap-status nvkvm-bar1-window: base 0xe0000000 -> region 'nvkvm-bar1-window' (OURS), IO — TRAPPED, every guest access reaches this device. ⇒ a never-written page behind this row IS a statement about the guest, because we would have seen the write.
2026-08-12T06:23:01.131692Z qemu-system-x86_64: info: nvkvm:   trap-status nvkvm-bar2-window: base 0xf0000000 -> region 'nvkvm-bar2-window' (OURS), IO — TRAPPED, every guest access reaches this device. ⇒ a never-written page behind this row IS a statement about the guest, because we would have seen the write.
2026-08-12T06:23:01.131715Z qemu-system-x86_64: info: nvkvm:   trap-status nvkvm-msix: base 0xfe052000 -> region 'msix-table' ⚠ (NOT OURS — it overlays this BAR), IO — TRAPPED, every guest access reaches this device. ⇒ a never-written page behind this row IS a statement about the guest, because we would have seen the write.
2026-08-12T06:23:01.131738Z qemu-system-x86_64: info: nvkvm: discarding reservations: none — every region this device presents either traps to the archive or is the interrupt table. ⊘ This is read off the region table, not off a counter, so it cannot go stale the way an unreachable counter did.
2026-08-12T06:23:01.131772Z qemu-system-x86_64: info: nvkvm:   BAR1 access log: 16 of 483 access(es) recorded in full (FIRST ones, because the write under test precedes the doorbell) — ⊘ BOUNDED-LOG, later accesses are not shown
2026-08-12T06:23:01.131795Z qemu-system-x86_64: info: nvkvm:     BAR1[0] WRITE off=0x90000 size=4 val=0x20000000 ⊘ NOT A TIMELINE — this row was RECORDED when it happened and is PRINTED now; its timestamp is this dump's. Order it against nothing.
2026-08-12T06:23:01.131818Z qemu-system-x86_64: info: nvkvm:     BAR1[1] WRITE off=0x90004 size=4 val=0x2801 ⊘ NOT A TIMELINE — this row was RECORDED when it happened and is PRINTED now; its timestamp is this dump's. Order it against nothing.
2026-08-12T06:23:01.131839Z qemu-system-x86_64: info: nvkvm:     BAR1[2] WRITE off=0xa008c size=4 val=0x1 ⊘ NOT A TIMELINE — this row was RECORDED when it happened and is PRINTED now; its timestamp is this dump's. Order it against nothing.
2026-08-12T06:23:01.131860Z qemu-system-x86_64: info: nvkvm:     BAR1[3] WRITE off=0xb0000 size=4 val=0x20100000 ⊘ NOT A TIMELINE — this row was RECORDED when it happened and is PRINTED now; its timestamp is this dump's. Order it against nothing.
2026-08-12T06:23:01.131882Z qemu-system-x86_64: info: nvkvm:     BAR1[4] WRITE off=0xb0004 size=4 val=0x2801 ⊘ NOT A TIMELINE — this row was RECORDED when it happened and is PRINTED now; its timestamp is this dump's. Order it against nothing.
2026-08-12T06:23:01.131902Z qemu-system-x86_64: info: nvkvm:     BAR1[5] WRITE off=0xc008c size=4 val=0x1 ⊘ NOT A TIMELINE — this row was RECORDED when it happened and is PRINTED now; its timestamp is this dump's. Order it against nothing.
2026-08-12T06:23:01.131923Z qemu-system-x86_64: info: nvkvm:     BAR1[6] WRITE off=0xd0000 size=4 val=0x20200000 ⊘ NOT A TIMELINE — this row was RECORDED when it happened and is PRINTED now; its timestamp is this dump's. Order it against nothing.
2026-08-12T06:23:01.131944Z qemu-system-x86_64: info: nvkvm:     BAR1[7] WRITE off=0xd0004 size=4 val=0x2801 ⊘ NOT A TIMELINE — this row was RECORDED when it happened and is PRINTED now; its timestamp is this dump's. Order it against nothing.
2026-08-12T06:23:01.131965Z qemu-system-x86_64: info: nvkvm:     BAR1[8] WRITE off=0xe008c size=4 val=0x1 ⊘ NOT A TIMELINE — this row was RECORDED when it happened and is PRINTED now; its timestamp is this dump's. Order it against nothing.
2026-08-12T06:23:01.131986Z qemu-system-x86_64: info: nvkvm:     BAR1[9] WRITE off=0xf0000 size=4 val=0x20300000 ⊘ NOT A TIMELINE — this row was RECORDED when it happened and is PRINTED now; its timestamp is this dump's. Order it against nothing.
2026-08-12T06:23:01.132007Z qemu-system-x86_64: info: nvkvm:     BAR1[10] WRITE off=0xf0004 size=4 val=0x2801 ⊘ NOT A TIMELINE — this row was RECORDED when it happened and is PRINTED now; its timestamp is this dump's. Order it against nothing.
2026-08-12T06:23:01.132029Z qemu-system-x86_64: info: nvkvm:     BAR1[11] WRITE off=0x10008c size=4 val=0x1 ⊘ NOT A TIMELINE — this row was RECORDED when it happened and is PRINTED now; its timestamp is this dump's. Order it against nothing.
2026-08-12T06:23:01.132050Z qemu-system-x86_64: info: nvkvm:     BAR1[12] WRITE off=0x90008 size=4 val=0x20400000 ⊘ NOT A TIMELINE — this row was RECORDED when it happened and is PRINTED now; its timestamp is this dump's. Order it against nothing.
2026-08-12T06:23:01.132071Z qemu-system-x86_64: info: nvkvm:     BAR1[13] WRITE off=0x9000c size=4 val=0x6801 ⊘ NOT A TIMELINE — this row was RECORDED when it happened and is PRINTED now; its timestamp is this dump's. Order it against nothing.
2026-08-12T06:23:01.132092Z qemu-system-x86_64: info: nvkvm:     BAR1[14] WRITE off=0xa008c size=4 val=0x2 ⊘ NOT A TIMELINE — this row was RECORDED when it happened and is PRINTED now; its timestamp is this dump's. Order it against nothing.
2026-08-12T06:23:01.132113Z qemu-system-x86_64: info: nvkvm:     BAR1[15] WRITE off=0x90010 size=4 val=0x20500000 ⊘ NOT A TIMELINE — this row was RECORDED when it happened and is PRINTED now; its timestamp is this dump's. Order it against nothing.
2026-08-12T06:23:01.132152Z qemu-system-x86_64: info: nvkvm: BAR1 GP_PUT: 188 write(s) at USERD+0x8c, 8 printed LIVE (cap 8). ⊘ The live lines above carry the guest's own instants and are the ONLY rows here that may be ordered against anything; this total is uncapped and the per-row cap never touches it.
2026-08-12T06:23:01.132175Z qemu-system-x86_64: info: nvkvm: BAR2 (translated): 1388 reads / 336728 writes resolved through the GMMU, 0 REFUSED by name; roots published 4 (0 bodies refused), BAR2 root entry 0x0
2026-08-12T06:23:01.132197Z qemu-system-x86_64: info: nvkvm: SET_PAGE_DIRECTORY (0x00801813): 2 ACCEPTED, 0 refused; latest hClient 0xc1d0000a hObject 0xcaf00000 hVASpace 0xcaf00036 physAddress 0x201000 numEntries 4 flags 0x8 (aperture 0)
2026-08-12T06:23:01.132219Z qemu-system-x86_64: info: nvkvm: BAR1 (translated): 0 reads / 483 writes resolved through the GMMU, 0 REFUSED by name; bar1PdeBase = 0x2f1cac000 (the framebuffer address WE published and the walk starts from), root entry published by the guest: no, as ogkm-580's two UPDATE_BAR_PDE call sites predict
2026-08-12T06:23:01.132241Z qemu-system-x86_64: info: nvkvm: VA-space page-directory publications: 12 total, 11 distinct, 0 UNDECODABLE (counted from 0x90f10106 / 0x20800a9f ONLY; ⊘ 0x00801813 publishes a root too and is counted on its own line above, so these totals are NOT every root the guest published)
2026-08-12T06:23:01.132263Z qemu-system-x86_64: info: nvkvm:   of those, 14 reached the object model, 12 ACCEPTED (Vas::pdb populated from the guest's own publication), 0 not an event
2026-08-12T06:23:01.132285Z qemu-system-x86_64: info: nvkvm:   gvas cmd 0x20800a9f hClient 0x00000000 hObject 0x00000000 va [0x0000000100000000..0x000000011fffffff] pageSize 0x200000 levels 4 subdev 0/0 x2
2026-08-12T06:23:01.132309Z qemu-system-x86_64: info: nvkvm:     level[0] ROOT phys 0x00000002efbae000 size 0x20 aperture 1 pageShift 47
2026-08-12T06:23:01.132331Z qemu-system-x86_64: info: nvkvm:     level[1] phys 0x00000002efbad000 size 0x1000 aperture 1 pageShift 38
2026-08-12T06:23:01.132413Z qemu-system-x86_64: info: nvkvm:     level[2] phys 0x00000002efbac000 size 0x1000 aperture 1 pageShift 29
2026-08-12T06:23:01.132439Z qemu-system-x86_64: info: nvkvm:     level[3] phys 0x00000002efbab000 size 0x1000 aperture 1 pageShift 21
2026-08-12T06:23:01.132460Z qemu-system-x86_64: info: nvkvm:   gvas cmd 0x90f10106 hClient 0xc1e00005 hObject 0x0000000c va [0x0000000100000000..0x000000011fffffff] pageSize 0x200000 levels 4 subdev 0/0 x1
2026-08-12T06:23:01.132483Z qemu-system-x86_64: info: nvkvm:     level[0] ROOT phys 0x00000002efba5000 size 0x20 aperture 1 pageShift 47
2026-08-12T06:23:01.132504Z qemu-system-x86_64: info: nvkvm:     level[1] phys 0x00000002efba4000 size 0x1000 aperture 1 pageShift 38
2026-08-12T06:23:01.132525Z qemu-system-x86_64: info: nvkvm:     level[2] phys 0x00000002efba3000 size 0x1000 aperture 1 pageShift 29
2026-08-12T06:23:01.132546Z qemu-system-x86_64: info: nvkvm:     level[3] phys 0x00000002efba2000 size 0x1000 aperture 1 pageShift 21
2026-08-12T06:23:01.132567Z qemu-system-x86_64: info: nvkvm:   gvas cmd 0x90f10106 hClient 0xc1e00006 hObject 0x0000000a va [0x0000000100000000..0x000000011fffffff] pageSize 0x200000 levels 4 subdev 0/0 x1
2026-08-12T06:23:01.132589Z qemu-system-x86_64: info: nvkvm:     level[0] ROOT phys 0x00000002efa9c000 size 0x20 aperture 1 pageShift 47
2026-08-12T06:23:01.132610Z qemu-system-x86_64: info: nvkvm:     level[1] phys 0x00000002efa9b000 size 0x1000 aperture 1 pageShift 38
2026-08-12T06:23:01.132631Z qemu-system-x86_64: info: nvkvm:     level[2] phys 0x00000002efa9a000 size 0x1000 aperture 1 pageShift 29
2026-08-12T06:23:01.132652Z qemu-system-x86_64: info: nvkvm:     level[3] phys 0x00000002efa99000 size 0x1000 aperture 1 pageShift 21
2026-08-12T06:23:01.132674Z qemu-system-x86_64: info: nvkvm:   gvas cmd 0x90f10106 hClient 0xc1e00007 hObject 0xbaba0042 va [0x0000000100000000..0x000000011fffffff] pageSize 0x200000 levels 4 subdev 0/0 x1
2026-08-12T06:23:01.132710Z qemu-system-x86_64: info: nvkvm:     level[0] ROOT phys 0x00000002efa7c000 size 0x20 aperture 1 pageShift 47
2026-08-12T06:23:01.132733Z qemu-system-x86_64: info: nvkvm:     level[1] phys 0x00000002efa7b000 size 0x1000 aperture 1 pageShift 38
2026-08-12T06:23:01.132754Z qemu-system-x86_64: info: nvkvm:     level[2] phys 0x00000002efa7a000 size 0x1000 aperture 1 pageShift 29
2026-08-12T06:23:01.132776Z qemu-system-x86_64: info: nvkvm:     level[3] phys 0x00000002efa79000 size 0x1000 aperture 1 pageShift 21
2026-08-12T06:23:01.132797Z qemu-system-x86_64: info: nvkvm:   gvas cmd 0x90f10106 hClient 0xc1d00008 hObject 0xcaf00000 va [0x0000000100000000..0x000000011fffffff] pageSize 0x200000 levels 4 subdev 0/0 x1
2026-08-12T06:23:01.132819Z qemu-system-x86_64: info: nvkvm:     level[0] ROOT phys 0x00000002efa7c000 size 0x20 aperture 1 pageShift 47
2026-08-12T06:23:01.132840Z qemu-system-x86_64: info: nvkvm:     level[1] phys 0x00000002efa7b000 size 0x1000 aperture 1 pageShift 38
2026-08-12T06:23:01.132861Z qemu-system-x86_64: info: nvkvm:     level[2] phys 0x00000002efa7a000 size 0x1000 aperture 1 pageShift 29
2026-08-12T06:23:01.132882Z qemu-system-x86_64: info: nvkvm:     level[3] phys 0x00000002efa79000 size 0x1000 aperture 1 pageShift 21
2026-08-12T06:23:01.132903Z qemu-system-x86_64: info: nvkvm:   gvas cmd 0x90f10106 hClient 0xc1e00010 hObject 0x0000000c va [0x0000000100000000..0x000000011fffffff] pageSize 0x200000 levels 4 subdev 0/0 x1
2026-08-12T06:23:01.132925Z qemu-system-x86_64: info: nvkvm:     level[0] ROOT phys 0x00000002efba5000 size 0x20 aperture 1 pageShift 47
2026-08-12T06:23:01.132946Z qemu-system-x86_64: info: nvkvm:     level[1] phys 0x00000002efba4000 size 0x1000 aperture 1 pageShift 38
2026-08-12T06:23:01.132967Z qemu-system-x86_64: info: nvkvm:     level[2] phys 0x00000002efba3000 size 0x1000 aperture 1 pageShift 29
2026-08-12T06:23:01.132988Z qemu-system-x86_64: info: nvkvm:     level[3] phys 0x00000002efba2000 size 0x1000 aperture 1 pageShift 21
2026-08-12T06:23:01.133009Z qemu-system-x86_64: info: nvkvm:   gvas cmd 0x90f10106 hClient 0xc1e00011 hObject 0x0000000a va [0x0000000100000000..0x000000011fffffff] pageSize 0x200000 levels 4 subdev 0/0 x1
2026-08-12T06:23:01.133031Z qemu-system-x86_64: info: nvkvm:     level[0] ROOT phys 0x00000002efa9c000 size 0x20 aperture 1 pageShift 47
2026-08-12T06:23:01.133052Z qemu-system-x86_64: info: nvkvm:     level[1] phys 0x00000002efa9b000 size 0x1000 aperture 1 pageShift 38
2026-08-12T06:23:01.133074Z qemu-system-x86_64: info: nvkvm:     level[2] phys 0x00000002efa9a000 size 0x1000 aperture 1 pageShift 29
2026-08-12T06:23:01.133095Z qemu-system-x86_64: info: nvkvm:     level[3] phys 0x00000002efa99000 size 0x1000 aperture 1 pageShift 21
2026-08-12T06:23:01.133116Z qemu-system-x86_64: info: nvkvm:   gvas cmd 0x90f10106 hClient 0xc1e00012 hObject 0xbaba0042 va [0x0000000100000000..0x000000011fffffff] pageSize 0x200000 levels 4 subdev 0/0 x1
2026-08-12T06:23:01.133138Z qemu-system-x86_64: info: nvkvm:     level[0] ROOT phys 0x00000002efa7c000 size 0x20 aperture 1 pageShift 47
2026-08-12T06:23:01.133159Z qemu-system-x86_64: info: nvkvm:     level[1] phys 0x00000002efa7b000 size 0x1000 aperture 1 pageShift 38
2026-08-12T06:23:01.133180Z qemu-system-x86_64: info: nvkvm:     level[2] phys 0x00000002efa7a000 size 0x1000 aperture 1 pageShift 29
2026-08-12T06:23:01.133201Z qemu-system-x86_64: info: nvkvm:     level[3] phys 0x00000002efa79000 size 0x1000 aperture 1 pageShift 21
2026-08-12T06:23:01.133222Z qemu-system-x86_64: info: nvkvm:   gvas cmd 0x90f10106 hClient 0xc1d00013 hObject 0xcaf00000 va [0x0000000100000000..0x000000011fffffff] pageSize 0x200000 levels 4 subdev 0/0 x1
2026-08-12T06:23:01.133244Z qemu-system-x86_64: info: nvkvm:     level[0] ROOT phys 0x00000002efa7c000 size 0x20 aperture 1 pageShift 47
2026-08-12T06:23:01.133265Z qemu-system-x86_64: info: nvkvm:     level[1] phys 0x00000002efa7b000 size 0x1000 aperture 1 pageShift 38
2026-08-12T06:23:01.133301Z qemu-system-x86_64: info: nvkvm:     level[2] phys 0x00000002efa7a000 size 0x1000 aperture 1 pageShift 29
2026-08-12T06:23:01.133324Z qemu-system-x86_64: info: nvkvm:     level[3] phys 0x00000002efa79000 size 0x1000 aperture 1 pageShift 21
2026-08-12T06:23:01.133411Z qemu-system-x86_64: info: nvkvm:   gvas cmd 0x90f10106 hClient 0xc1d0000c hObject 0x5c000008 va [0x0000000100000000..0x000000011fffffff] pageSize 0x200000 levels 4 subdev 0/0 x1
2026-08-12T06:23:01.133438Z qemu-system-x86_64: info: nvkvm:     level[0] ROOT phys 0x0000000000000000 size 0x20 aperture 1 pageShift 47
2026-08-12T06:23:01.133460Z qemu-system-x86_64: info: nvkvm:     level[1] phys 0x0000000000001000 size 0x1000 aperture 1 pageShift 38
2026-08-12T06:23:01.133482Z qemu-system-x86_64: info: nvkvm:     level[2] phys 0x0000000000002000 size 0x1000 aperture 1 pageShift 29
2026-08-12T06:23:01.133503Z qemu-system-x86_64: info: nvkvm:     level[3] phys 0x0000000000003000 size 0x1000 aperture 1 pageShift 21
2026-08-12T06:23:01.133524Z qemu-system-x86_64: info: nvkvm:   gvas cmd 0x90f10106 hClient 0xc1d0000a hObject 0xcaf00005 va [0x0000000100000000..0x000000011fffffff] pageSize 0x200000 levels 4 subdev 0/0 x1
2026-08-12T06:23:01.133546Z qemu-system-x86_64: info: nvkvm:     level[0] ROOT phys 0x0000000000004000 size 0x20 aperture 1 pageShift 47
2026-08-12T06:23:01.133567Z qemu-system-x86_64: info: nvkvm:     level[1] phys 0x0000000000005000 size 0x1000 aperture 1 pageShift 38
2026-08-12T06:23:01.133588Z qemu-system-x86_64: info: nvkvm:     level[2] phys 0x0000000000006000 size 0x1000 aperture 1 pageShift 29
2026-08-12T06:23:01.133609Z qemu-system-x86_64: info: nvkvm:     level[3] phys 0x0000000000007000 size 0x1000 aperture 1 pageShift 21
2026-08-12T06:23:01.133630Z qemu-system-x86_64: info: nvkvm: commands: 843 decoded, 111 UNSERVICED (refused by name; the guest logs these quietly, which is why they are here), 41 distinct
2026-08-12T06:23:01.133652Z qemu-system-x86_64: info: nvkvm:   unserviced fn 76 cmd 0x20800a87
2026-08-12T06:23:01.133673Z qemu-system-x86_64: info: nvkvm:   unserviced fn 76 cmd 0x20800a4b
2026-08-12T06:23:01.133693Z qemu-system-x86_64: info: nvkvm:   unserviced fn 76 cmd 0x20800afe
2026-08-12T06:23:01.133714Z qemu-system-x86_64: info: nvkvm:   unserviced fn 76 cmd 0x20800aff
2026-08-12T06:23:01.133735Z qemu-system-x86_64: info: nvkvm:   unserviced fn 76 cmd 0x20800a70
2026-08-12T06:23:01.133755Z qemu-system-x86_64: info: nvkvm:   unserviced fn 76 cmd 0x20800a80
2026-08-12T06:23:01.133776Z qemu-system-x86_64: info: nvkvm:   unserviced fn 76 cmd 0x20802a0f
2026-08-12T06:23:01.133796Z qemu-system-x86_64: info: nvkvm:   unserviced fn 76 cmd 0x2080017e
2026-08-12T06:23:01.133817Z qemu-system-x86_64: info: nvkvm:   unserviced fn 76 cmd 0x20800a30
2026-08-12T06:23:01.133838Z qemu-system-x86_64: info: nvkvm:   unserviced fn 76 cmd 0x20800a2c
2026-08-12T06:23:01.133858Z qemu-system-x86_64: info: nvkvm:   unserviced fn 76 cmd 0x20800a2e
2026-08-12T06:23:01.133879Z qemu-system-x86_64: info: nvkvm:   unserviced fn 76 cmd 0x20800a34
2026-08-12T06:23:01.133899Z qemu-system-x86_64: info: nvkvm:   unserviced fn 76 cmd 0x20800b03
2026-08-12T06:23:01.133920Z qemu-system-x86_64: info: nvkvm:   unserviced fn 76 cmd 0x20800b05
2026-08-12T06:23:01.133941Z qemu-system-x86_64: info: nvkvm:   unserviced fn 76 cmd 0x20800a3f
2026-08-12T06:23:01.133961Z qemu-system-x86_64: info: nvkvm:   unserviced fn 76 cmd 0x2080013f
2026-08-12T06:23:01.133982Z qemu-system-x86_64: info: nvkvm:   unserviced fn 76 cmd 0x402c0101
2026-08-12T06:23:01.134002Z qemu-system-x86_64: info: nvkvm:   unserviced fn 76 cmd 0x00800294
2026-08-12T06:23:01.134023Z qemu-system-x86_64: info: nvkvm:   unserviced fn 76 cmd 0x20810108
2026-08-12T06:23:01.134044Z qemu-system-x86_64: info: nvkvm:   unserviced fn 76 cmd 0x20810110
2026-08-12T06:23:01.134065Z qemu-system-x86_64: info: nvkvm:   unserviced fn 76 cmd 0x2080014b
2026-08-12T06:23:01.134085Z qemu-system-x86_64: info: nvkvm:   unserviced fn 76 cmd 0x20800157
2026-08-12T06:23:01.134106Z qemu-system-x86_64: info: nvkvm:   unserviced fn 76 cmd 0x20801357
2026-08-12T06:23:01.134144Z qemu-system-x86_64: info: nvkvm:   unserviced fn 76 cmd 0x2080852e
2026-08-12T06:23:01.134166Z qemu-system-x86_64: info: nvkvm:   unserviced fn 76 cmd 0x20808513
2026-08-12T06:23:01.134187Z qemu-system-x86_64: info: nvkvm:   unserviced fn 76 cmd 0x20802068
2026-08-12T06:23:01.134208Z qemu-system-x86_64: info: nvkvm:   unserviced fn 76 cmd 0x2080a618
2026-08-12T06:23:01.134228Z qemu-system-x86_64: info: nvkvm:   unserviced fn 76 cmd 0x2080a612
2026-08-12T06:23:01.134249Z qemu-system-x86_64: info: nvkvm:   unserviced fn 76 cmd 0x20809009
2026-08-12T06:23:01.134270Z qemu-system-x86_64: info: nvkvm:   unserviced fn 76 cmd 0x208f1105
2026-08-12T06:23:01.134291Z qemu-system-x86_64: info: nvkvm:   unserviced fn 76 cmd 0x20800a38
2026-08-12T06:23:01.134333Z qemu-system-x86_64: info: nvkvm:   unserviced fn 76 cmd 0x2080012f
2026-08-12T06:23:01.134395Z qemu-system-x86_64: info: nvkvm:   unserviced fn 76 cmd 0x20802a12
2026-08-12T06:23:01.134432Z qemu-system-x86_64: info: nvkvm:   unserviced fn 76 cmd 0x20800ab8
2026-08-12T06:23:01.134453Z qemu-system-x86_64: info: nvkvm:   unserviced fn 76 cmd 0x20800a9a
2026-08-12T06:23:01.134475Z qemu-system-x86_64: info: nvkvm:   unserviced fn 76 cmd 0xa06f0112
2026-08-12T06:23:01.134495Z qemu-system-x86_64: info: nvkvm:   unserviced fn 76 cmd 0x2080012c
2026-08-12T06:23:01.134516Z qemu-system-x86_64: info: nvkvm:   unserviced fn 76 cmd 0x00801814
2026-08-12T06:23:01.134537Z qemu-system-x86_64: info: nvkvm:   unserviced fn 76 cmd 0x20800a9e
2026-08-12T06:23:01.134559Z qemu-system-x86_64: info: nvkvm:   unserviced fn 76 cmd 0x20800a9c
2026-08-12T06:23:01.134580Z qemu-system-x86_64: info: nvkvm:   unserviced fn 76 cmd 0x20800a1e
2026-08-12T06:23:01.134601Z qemu-system-x86_64: info: nvkvm: bridge refusals: 18 total, 6 distinct (these ANSWER the command and so never reach the unserviced list)
2026-08-12T06:23:01.134623Z qemu-system-x86_64: info: nvkvm:   bridge refusal BridgeRefusal::AllocClassNotPermitted::NotOnAllowlist x2 id=0x0000c36f
2026-08-12T06:23:01.134647Z qemu-system-x86_64: info: nvkvm:   bridge refusal BridgeRefusal::AllocClassNotPermitted::Refused x2 id=0x0000402c
2026-08-12T06:23:01.134668Z qemu-system-x86_64: info: nvkvm:   bridge refusal BridgeRefusal::ReservedClient x2
2026-08-12T06:23:01.134690Z qemu-system-x86_64: info: nvkvm:   bridge refusal BridgeRefusal::UnmappedAllocClass x3 id=0x00000070,0x0000208f
2026-08-12T06:23:01.134712Z qemu-system-x86_64: info: nvkvm:   bridge refusal PromoteFault::UnknownContextObject x2
2026-08-12T06:23:01.134733Z qemu-system-x86_64: info: nvkvm:   bridge refusal RmGraphError::FreeUnknown x7
2026-08-12T06:23:01.134754Z qemu-system-x86_64: info: nvkvm: promote-ctx refusals: 3 distinct kind(s), each with the VA-space census AS IT STOOD AT ITS FIRST refusal
2026-08-12T06:23:01.134776Z qemu-system-x86_64: info: nvkvm:   promote-ctx PromoteFault::UnknownContextObject: UnknownContextObject { client: HClient(3251634184), object: HObject(826366208) } census[2 chans, 2 outcomes] {1x pdb=N own=not-declared cs=not-declared tsg=mid-miss(h0xa,wrong-kind(Device)) dev=dev-default(dev0xa=>h0xc) p0/c0:vc1 emulated Ce c0xc1e00005/0x2} {1x pdb=Y own=ok(h0xa=>c0xc1e00006/0xa) cs=not-attempted tsg=not-attempted dev=not-attempted p0/c1:vc2 emulated Ce c0xc1e00006/0x2}
2026-08-12T06:23:01.134798Z qemu-system-x86_64: info: nvkvm:   promote-ctx promote-ctx ACCEPTED (last, with the census AT it): bound=0 joined=0 joined_global=0 globals_known=1 globals_added=0 already=1 parked=0 half_already=9 half_unusable=0 orphans(awaiting_va=0,awaiting_phys=9) declined.promote_only=10 declined.initialize_only=0 entries=0 halves=10 client=0xc1d0000a chan_client=0xc1d0000c object=0x5c000037 proc=ProcId(2) census[14 chans, 4 outcomes] {1x pdb=N own=not-declared cs=not-declared tsg=mid-miss(h0xa,wrong-kind(Device)) dev=dev-default(dev0xa=>h0xc) p0/c3:vc1 emulated Ce c0xc1e00010/0x2} {1x pdb=Y own=ok(h0xa=>c0xc1e00011/0xa) cs=not-attempted tsg=not-attempted dev=not-attempted p0/c4:vc2 emulated Ce c0xc1e00011/0x2} {4x pdb=Y own=not-declared cs=not-declared tsg=ok(h0xcaf00005=>c0xc1d0000a/0xcaf00005) dev=not-attempted p0/c6:vc3 emulated Ce c0xc1d0000a/0xcaf00012 p0/c7:vc4 emulated Ce c0xc1d0000a/0xcaf0001d p0/c8:vc5 emulated Ce c0xc1d0000a/0xcaf00028 +1 more} {8x pdb=Y own=not-declared cs=ok(h0x5c000007=>c0xc1d0000c/0x5c000007) tsg=not-attempted dev=not-attempted p2/c0:vc7 passthrough GrCompute c0xc1d0000c/0x5c000019 p2/c1:vc8 passthrough GrCompute c0xc1d0000c/0x5c00001f p2/c2:vc9 passthrough GrCompute c0xc1d0000c/0x5c000023 +5 more}
2026-08-12T06:23:01.134833Z qemu-system-x86_64: info: nvkvm:   promote-ctx promote-ctx TALLY (cumulative, all promotions): {bid=0x0 phys=1 va=8 complete=2} {bid=0x1 phys=1 va=8 complete=0} {bid=0x2 phys=1 va=8 complete=2} {bid=0x3 phys=0 va=10 complete=0} {bid=0x4 phys=0 va=10 complete=0} {bid=0x5 phys=0 va=10 complete=0} {bid=0x6 phys=0 va=10 complete=0} {bid=0x9 phys=0 va=8 complete=2} {bid=0xa phys=2 va=8 complete=0} {bid=0xb phys=0 va=8 complete=2} || CUMULATIVE bound=8 joined=4 joined_global=1 already=7 globals_added=1
2026-08-12T06:23:01.134856Z qemu-system-x86_64: info: nvkvm: probe-arm set: EMPTY (shipping configuration: an arming is served only if the index is on SILENT_NOTIFIERS — the event cannot occur — or DELIVERED_NOTIFIERS — this device raises it; all others refused)
2026-08-12T06:23:01.134877Z qemu-system-x86_64: info: nvkvm: controls: 316 answered, 48 distinct cmd/result rows (result 0 = served; non-zero = served-but-REFUSED, which reaches no other list)
2026-08-12T06:23:01.134899Z qemu-system-x86_64: info: nvkvm:   control 0x20800a36 result 0x00000000 x2
2026-08-12T06:23:01.134920Z qemu-system-x86_64: info: nvkvm:   control 0x20800a41 result 0x00000000 x2
2026-08-12T06:23:01.134942Z qemu-system-x86_64: info: nvkvm:   control 0x208001b0 result 0x00000000 x4
2026-08-12T06:23:01.134963Z qemu-system-x86_64: info: nvkvm:   control 0x20800a40 result 0x00000000 x2
2026-08-12T06:23:01.134984Z qemu-system-x86_64: info: nvkvm:   control 0x20801112 result 0x00000000 x2
2026-08-12T06:23:01.135005Z qemu-system-x86_64: info: nvkvm:   control 0x20800a5c result 0x00000000 x2
2026-08-12T06:23:01.135026Z qemu-system-x86_64: info: nvkvm:   control 0x20800a1c result 0x00000000 x2
2026-08-12T06:23:01.135047Z qemu-system-x86_64: info: nvkvm:   control 0x20801803 result 0x00000000 x2
2026-08-12T06:23:01.135069Z qemu-system-x86_64: info: nvkvm:   control 0x20800af3 result 0x00000000 x4
2026-08-12T06:23:01.135090Z qemu-system-x86_64: info: nvkvm:   control 0x20800aac result 0x00000000 x2
2026-08-12T06:23:01.135111Z qemu-system-x86_64: info: nvkvm:   control 0x20800a61 result 0x00000000 x8
2026-08-12T06:23:01.135132Z qemu-system-x86_64: info: nvkvm:   control 0x20802a08 result 0x00000000 x15
2026-08-12T06:23:01.135153Z qemu-system-x86_64: info: nvkvm:   control 0x20800301 result 0x00000000 x6
2026-08-12T06:23:01.135174Z qemu-system-x86_64: info: nvkvm:   control 0x20800a59 result 0x00000000 x2
2026-08-12T06:23:01.135195Z qemu-system-x86_64: info: nvkvm:   control 0x20800a6c result 0x00000000 x8
2026-08-12T06:23:01.135216Z qemu-system-x86_64: info: nvkvm:   control 0x20800a9f result 0x00000000 x2
2026-08-12T06:23:01.135237Z qemu-system-x86_64: info: nvkvm:   control 0x20800a1f result 0x00000000 x2
2026-08-12T06:23:01.135259Z qemu-system-x86_64: info: nvkvm:   control 0x20800a2a result 0x00000000 x2
2026-08-12T06:23:01.135280Z qemu-system-x86_64: info: nvkvm:   control 0x20800a26 result 0x00000000 x2
2026-08-12T06:23:01.135301Z qemu-system-x86_64: info: nvkvm:   control 0x20800a22 result 0x00000000 x2
2026-08-12T06:23:01.135322Z qemu-system-x86_64: info: nvkvm:   control 0x20800a3d result 0x00000000 x2
2026-08-12T06:23:01.135394Z qemu-system-x86_64: info: nvkvm:   control 0x20800a48 result 0x00000000 x2
2026-08-12T06:23:01.135422Z qemu-system-x86_64: info: nvkvm:   control 0x20800a32 result 0x00000000 x2
2026-08-12T06:23:01.135444Z qemu-system-x86_64: info: nvkvm:   control 0x90f10106 result 0x00000000 x10
2026-08-12T06:23:01.135465Z qemu-system-x86_64: info: nvkvm:   control 0xa06f0103 result 0x00000000 x8
2026-08-12T06:23:01.135499Z qemu-system-x86_64: info: nvkvm:   control 0xa06f0104 result 0x00000000 x2
2026-08-12T06:23:01.135522Z qemu-system-x86_64: info: nvkvm:   control 0x2080012b result 0x00000000 x11
2026-08-12T06:23:01.135543Z qemu-system-x86_64: info: nvkvm:   control 0x2080012b result 0x00000056 x2 REFUSED
2026-08-12T06:23:01.135565Z qemu-system-x86_64: info: nvkvm:   control 0x20800a4c result 0x00000000 x5
2026-08-12T06:23:01.135586Z qemu-system-x86_64: info: nvkvm:   control 0x20800102 result 0x00000000 x2
2026-08-12T06:23:01.135607Z qemu-system-x86_64: info: nvkvm:   control 0x20801823 result 0x00000000 x1
2026-08-12T06:23:01.135628Z qemu-system-x86_64: info: nvkvm:   control 0x2080182a result 0x00000000 x1
2026-08-12T06:23:01.135649Z qemu-system-x86_64: info: nvkvm:   control 0x20801303 result 0x00000000 x2
2026-08-12T06:23:01.135670Z qemu-system-x86_64: info: nvkvm:   control 0x20802a0b result 0x00000000 x1
2026-08-12T06:23:01.135691Z qemu-system-x86_64: info: nvkvm:   control 0x20803801 result 0x00000000 x1
2026-08-12T06:23:01.135711Z qemu-system-x86_64: info: nvkvm:   control 0x20803601 result 0x00000000 x1
2026-08-12T06:23:01.135732Z qemu-system-x86_64: info: nvkvm:   control 0x20808159 result 0x00000000 x1
2026-08-12T06:23:01.135753Z qemu-system-x86_64: info: nvkvm:   control 0x20808162 result 0x00000000 x1
2026-08-12T06:23:01.135774Z qemu-system-x86_64: info: nvkvm:   control 0x2080182b result 0x00000000 x1
2026-08-12T06:23:01.135795Z qemu-system-x86_64: info: nvkvm:   control 0x20800a9b result 0x00000000 x1
2026-08-12T06:23:01.135816Z qemu-system-x86_64: info: nvkvm:   control 0x20800a9d result 0x00000000 x1
2026-08-12T06:23:01.135837Z qemu-system-x86_64: info: nvkvm:   control 0x20800a1d result 0x00000000 x1
2026-08-12T06:23:01.135858Z qemu-system-x86_64: info: nvkvm:   control 0x20802a07 result 0x00000000 x4
2026-08-12T06:23:01.135879Z qemu-system-x86_64: info: nvkvm:   control 0x20802a02 result 0x00000000 x4
2026-08-12T06:23:01.135900Z qemu-system-x86_64: info: nvkvm:   control 0xa06c010a result 0x00000000 x5
2026-08-12T06:23:01.135921Z qemu-system-x86_64: info: nvkvm:   control 0x00801813 result 0x00000000 x2
2026-08-12T06:23:01.135942Z qemu-system-x86_64: info: nvkvm:   control 0xa06c0101 result 0x00000000 x3
2026-08-12T06:23:01.135963Z qemu-system-x86_64: info: nvkvm:   control 0x20801702 result 0x00000000 x166
2026-08-12T06:23:01.135984Z qemu-system-x86_64: info: nvkvm:   ⊘ CE COMPLETION is UNBUILT: serving 0x20802a07 and 0x20802a02 is what makes queryCopyEngines set supported=NV_TRUE and UVM treat LCE2/LCE3 as usable async copy engines (ce_is_usable = supported && !grce, uvm_channel.c:2913-2923) — but this port DESCRIBES those engines and does not complete their work, so submitted CE work retires no payload and the guest gets a TIMEOUT plus a blown assertion (scrubberDestruct's 4000 ms wait, then ce_utils.c:349 lastCompletedPayload == lastSubmittedPayload), never an error it can read (execution_plane_increments.md)
2026-08-12T06:23:01.136011Z qemu-system-x86_64: info: nvkvm: notifier armings (0x20800301): 6 total, 6 distinct (result 0xffffffff = nothing answered)
2026-08-12T06:23:01.136032Z qemu-system-x86_64: info: nvkvm:   arming event 194 action 2 client 0xc1e00002 object 0xcaf00001 result 0x00000000 x1
2026-08-12T06:23:01.136054Z qemu-system-x86_64: info: nvkvm:   arming event 35 action 2 client 0xc1e00005 object 0x0000000b result 0x00000000 x1
2026-08-12T06:23:01.136076Z qemu-system-x86_64: info: nvkvm:   arming event 35 action 2 client 0xc1e00006 object 0x0000000c result 0x00000000 x1
2026-08-12T06:23:01.136097Z qemu-system-x86_64: info: nvkvm:   arming event 194 action 2 client 0xc1e0000d object 0xcaf00001 result 0x00000000 x1
2026-08-12T06:23:01.136119Z qemu-system-x86_64: info: nvkvm:   arming event 35 action 2 client 0xc1e00010 object 0x0000000b result 0x00000000 x1
2026-08-12T06:23:01.136140Z qemu-system-x86_64: info: nvkvm:   arming event 35 action 2 client 0xc1e00011 object 0x0000000c result 0x00000000 x1
2026-08-12T06:23:01.136161Z qemu-system-x86_64: info: nvkvm: channel binds (0xa06f0104): 2 total, 2 distinct (result 0xffffffff = nothing answered)
2026-08-12T06:23:01.136194Z qemu-system-x86_64: info: nvkvm:   bind engineType 11 (COPY2) client 0xc1e00006 object 0x00000002 result 0x00000000 x1
2026-08-12T06:23:01.136218Z qemu-system-x86_64: info: nvkvm:   bind engineType 11 (COPY2) client 0xc1e00011 object 0x00000002 result 0x00000000 x1
2026-08-12T06:23:01.136239Z qemu-system-x86_64: info: nvkvm: isolates: 2 materialized, 2 live, 0 refusing (0 no-plane, 0 spawn-failed)
2026-08-12T06:23:01.136261Z qemu-system-x86_64: info: nvkvm: doorbells: 191 arrived, 191 served, 0 REFUSED by name; last token 0x00010001 (16 logged)
2026-08-12T06:23:01.136283Z qemu-system-x86_64: info: nvkvm:   of the served: 183 local (CPU CE, end witnessed), 8 forwarded (host channel rung)
2026-08-12T06:23:01.136308Z qemu-system-x86_64: info: nvkvm:   by engine: GrCompute=8 GrGraphics=0 Ce=183 NvEnc=0 NvDec=0 Other=0 unrouted=0
2026-08-12T06:23:01.136330Z qemu-system-x86_64: info: nvkvm:   last CPU-CE serving: cpu-ce: 1 gp, 9 methods, 1 launch (0 release-only), 1 span, 65536 B, 1 sem fin va=0x12006c004 -> S:0x2a389004
2026-08-12T06:23:01.136409Z qemu-system-x86_64: info: nvkvm: gpfifo rings: 26 declared, 24 with a non-zero address; first 0x0000000120064000 (4096 entries) — GPU VIRTUAL, untranslated
2026-08-12T06:23:01.136436Z qemu-system-x86_64: info: nvkvm: replayable fault buffer: 1 registration(s) SERVED NV_OK; first 0x31000 B = 49 pages, 0 malformed
2026-08-12T06:23:01.136458Z qemu-system-x86_64: info: nvkvm:   ⊘ fault DELIVERY is UNBUILT: this port raises no replayable fault and never advances MMU_FAULT_BUFFER_PUT(1), so a fault the guest should have been told about becomes a HANG inside UVM's replayable-fault service loop, not an error (docs/design/resume_from_fault.md §7 steps 5b-5d)
2026-08-12T06:23:01.136479Z qemu-system-x86_64: info: nvkvm: client shadow fault buffer: 1 registration(s) SERVED NV_OK; first 0x120c20 B = 289 pages, type 0 (0=non-replayable), 0 malformed
2026-08-12T06:23:01.136501Z qemu-system-x86_64: info: nvkvm:   ⊘ shadow-queue PUSH is UNBUILT: on a GSP client the GSP is the WRITER of this queue and this port never enqueues a fault packet, so a non-replayable fault surfaces as an RC on the channel plus an error notifier (simulated_gpu_fault.md 5.2, the deliberate choice) and NEVER as a queue entry the guest is polling for
2026-08-12T06:23:01.136521Z qemu-system-x86_64: info: nvkvm: access counter buffer: 1 registration(s) SERVED NV_OK; first 0x2000 B = 2 pages, 0 malformed
2026-08-12T06:23:01.136543Z qemu-system-x86_64: info: nvkvm:   ⊘ access-counter NOTIFICATION is UNBUILT: this port advertised the buffer's size as a deliberate fiction (BAR0 0xB83110, which read zero and killed cuInit) and writes no entry into it and raises no notification, so UVM's migration heuristics never fire (resume_from_fault.md S2 ruled that acceptable)
kayfabe: ★★★ GUEST-RAM LAYOUT AT END OF RUN, AS THE HYPERVISOR STATED IT — dev=1 ino=1624975: 4 contiguous run(s) totalling 2147135488 bytes, out of 0 stated section(s) LIVE over all backing files (0 live run(s) for this block). Section funnel: 76 reported -> 10 classified RAM -> 8 carried a backing file, 8 later withdrawn. ⊘ Every run below arrived on a topology callback; NOTHING here is derived from the machine type or from `-m`, and a guest-physical address outside these runs is refused by name rather than assumed to be its own file offset. ⚠ This is ONE INSTANT: the listener is registered on the device's bus-master address space, which is empty until the guest enables bus mastering, so an empty report here is a statement about WHEN it was taken and not about the machine.
kayfabe:   gpa 0x0000000000000000..0x00000000000a0000 -> file offset 0x0000000000000000 (655360 bytes) [identity — an OBSERVATION about this run, never a rule]
kayfabe:   gpa 0x00000000000cb000..0x00000000000ce000 -> file offset 0x00000000000cb000 (12288 bytes) [identity — an OBSERVATION about this run, never a rule]
kayfabe:   gpa 0x00000000000e8000..0x00000000000f0000 -> file offset 0x00000000000e8000 (32768 bytes) [identity — an OBSERVATION about this run, never a rule]
kayfabe:   gpa 0x0000000000100000..0x0000000080000000 -> file offset 0x0000000000100000 (2146435072 bytes) [identity — an OBSERVATION about this run, never a rule]
