kf3: host facts: GSS 0x2080a028 [(0, 1), (8, 1), (c, 100000), (20c, 100000)]: the background probe was refused or changed the answer — zero-probe bytes only
kf3: host facts: GSS 0x2080a028 [(0, 1), (8, 1), (c, 1), (20c, 1)]: the background probe was refused or changed the answer — zero-probe bytes only
kf3: permission policy: READ_ONLY+VOLATILE carried to the host map, PRIVILEGED leaves withheld from user twins, ATOMIC_DISABLE not carried (KF3_CARRY_ATOMIC_DISABLE=1 enables it once fault delivery exists) (key_perm=0x68)
kf3: host GPU minor=0 bdf=0000:00:08.0 gpuId=0x8 rm_device_instance=0 cuda_device="NVIDIA GeForce RTX 3060" store=8192 MiB
kf3: guest driver 580.159.04 (defaulted to the host's); measured ABI: static-info Pre610, element Pre610, init-args FourField, rm-control params@40, vgx Some((43, 19))
kf3: channel plane: Translated rings on host COPY2 (engine 0xb); completions on FIFO_EVENT_MTHD + CE2
kf3: interrupt plane: host non-stall events -> guest vectors [GR0->Some(0) CE0->Some(0) CE1->Some(0) CE2->Some(1) CE3->Some(2) NVENC0->Some(4) NVDEC0->Some(3) OFA->Some(5)]
kf3: P4 memory plane: store 8192 MiB (imported into the walker), walker pools 236 MiB of host GPU memory (walk pool 1048576 runs, slot pool 2097152 runs (2097152 free), max per space 1048576, slots held 0, grows 0, retries 0, ceilings 0, largest slot 0, largest walk 0), roots bar1=0x1f1cac000 bar2=0x1f3392000, PRAMIN one map+mmap per move, trigger @0xb830b0
2026-09-29T13:32:28.897258Z qemu-system-x86_64: -device kf3-gpu,fb-mb=8192,bar1-size=134217728,bar2-size=33554432,id=kf0: info: kf3: family=Ampere phase=Cold trapped=0 applied=0 refused=0 serviced=0 ram_refused=0 unshadowed_writes=2 read_exits=0 last_off=0x0 mem[inval=0 walks=0/0 cleared=0 superseded=0 named_missed=0 unreconciled=0 mapped=0 unmapped=0 clipped=0x0 held=0 vmm_overlaps=0 priv_withheld=0 priv_withheld_bytes=0x0 priv_mirrored=0 fn70=0 roots=0 root_moves=0 stmts=0/0 refused=0 pramin_repoints=0 pramin_miss=0 last_miss=0x0 pramin_worst_us=0 (map 0 mmap 0) pramin_maps=0 pramin_mmaps=0 inline_opens=0 reaped=0 cache_ops=0 sys (BAR0 pieces=5)
kf3: guest-RAM object 0xcafe0010 over 0x80000000 bytes of the guest memfd
kf3: mem t=1.949s [1/3] prewarm: spare host space 0xcafe0011 ready before the guest runs — vaspace 1963 us, ram_obj 1797969 us (0xcafe0010+0x80000000), fb_window 955 us, ram_window 97074 us (total 1898002 us)
kf3: family=Ampere phase=Cold trapped=0 applied=0 refused=0 serviced=0 ram_refused=0 unshadowed_writes=2 read_exits=0 last_off=0x0 mem[inval=0 walks=0/0 cleared=0 superseded=0 named_missed=0 unreconciled=0 mapped=0 unmapped=0 clipped=0x0 held=0 vmm_overlaps=0 priv_withheld=0 priv_withheld_bytes=0x0 priv_mirrored=0 fn70=0 roots=0 root_moves=0 stmts=0/0 refused=0 pramin_repoints=0 pramin_miss=0 last_miss=0x0 pramin_worst_us=0 (map 0 mmap 0) pramin_maps=0 pramin_mmaps=0 inline_opens=0 reaped=0 cache_ops=0 sysmembars=0 root_unsets=0] mirrors=0 reused=0 prewarmed=1 mirror_avg_us=0 mirror_max_us=0 vat[invals=0 arrive->clear_avg_us=0 max_us=0 walks=0 walk_avg_us=0 gpu_avg_us=0 plan_avg_us=0 apply_avg_us=0 leaves=0 host_calls=0] chan[births=0 pt_births=0 acts=0/0refused worst_act_us=0 nsi=[] served=0 parks=82 host_rings=0 contended=0 poisoned=0 tokens=[]] views[armed=1 released=0 refused=0 held=1] rc[armed=0 unarmed=0 wakes=0 seen=0 posted=0] irq[writes=0 raised=0 held=0 oor=0] unserviced=[] gsp_refusals[total=0 distinct=0 []]
kf3: mem t=2.114s [2/3] prewarm: spare host space 0xcafe0015 ready before the guest runs — vaspace 4028 us, ram_obj 0 us (0xcafe0010+0x80000000), fb_window 1929 us, ram_window 108422 us (total 114395 us)
kf3: mem t=2.263s [3/3] prewarm: spare host space 0xcafe0019 ready before the guest runs — vaspace 2899 us, ram_obj 0 us (0xcafe0010+0x80000000), fb_window 846 us, ram_window 95808 us (total 99566 us)
kf3: family=Ampere phase=Cold trapped=0 applied=0 refused=0 serviced=0 ram_refused=0 unshadowed_writes=2 read_exits=0 last_off=0x0 mem[inval=0 walks=0/0 cleared=0 superseded=0 named_missed=0 unreconciled=0 mapped=0 unmapped=0 clipped=0x0 held=0 vmm_overlaps=0 priv_withheld=0 priv_withheld_bytes=0x0 priv_mirrored=0 fn70=0 roots=0 root_moves=0 stmts=0/0 refused=0 pramin_repoints=0 pramin_miss=0 last_miss=0x0 pramin_worst_us=0 (map 0 mmap 0) pramin_maps=0 pramin_mmaps=0 inline_opens=0 reaped=0 cache_ops=0 sysmembars=0 root_unsets=0] mirrors=0 reused=0 prewarmed=3 mirror_avg_us=0 mirror_max_us=0 vat[invals=0 arrive->clear_avg_us=0 max_us=0 walks=0 walk_avg_us=0 gpu_avg_us=0 plan_avg_us=0 apply_avg_us=0 leaves=0 host_calls=0] chan[births=0 pt_births=0 acts=0/0refused worst_act_us=0 nsi=[] served=0 parks=162 host_rings=0 contended=0 poisoned=0 tokens=[]] views[armed=1 released=0 refused=0 held=1] rc[armed=0 unarmed=0 wakes=0 seen=0 posted=0] irq[writes=0 raised=0 held=0 oor=0] unserviced=[] gsp_refusals[total=0 distinct=0 []]
kf3: family=Ampere phase=Cold trapped=0 applied=0 refused=0 serviced=0 ram_refused=0 unshadowed_writes=2 read_exits=0 last_off=0x0 mem[inval=0 walks=0/0 cleared=0 superseded=0 named_missed=0 unreconciled=0 mapped=0 unmapped=0 clipped=0x0 held=0 vmm_overlaps=0 priv_withheld=0 priv_withheld_bytes=0x0 priv_mirrored=0 fn70=0 roots=0 root_moves=0 stmts=0/0 refused=0 pramin_repoints=0 pramin_miss=0 last_miss=0x0 pramin_worst_us=0 (map 0 mmap 0) pramin_maps=0 pramin_mmaps=0 inline_opens=0 reaped=0 cache_ops=0 sysmembars=0 root_unsets=0] mirrors=0 reused=0 prewarmed=3 mirror_avg_us=0 mirror_max_us=0 vat[invals=0 arrive->clear_avg_us=0 max_us=0 walks=0 walk_avg_us=0 gpu_avg_us=0 plan_avg_us=0 apply_avg_us=0 leaves=0 host_calls=0] chan[births=0 pt_births=0 acts=0/0refused worst_act_us=0 nsi=[] served=0 parks=242 host_rings=0 contended=0 poisoned=0 tokens=[]] views[armed=1 released=0 refused=0 held=1] rc[armed=0 unarmed=0 wakes=0 seen=0 posted=0] irq[writes=0 raised=0 held=0 oor=0] unserviced=[] gsp_refusals[total=0 distinct=0 []]
kf3: family=Ampere phase=Cold trapped=0 applied=0 refused=0 serviced=0 ram_refused=0 unshadowed_writes=2 read_exits=0 last_off=0x0 mem[inval=0 walks=0/0 cleared=0 superseded=0 named_missed=0 unreconciled=0 mapped=0 unmapped=0 clipped=0x0 held=0 vmm_overlaps=0 priv_withheld=0 priv_withheld_bytes=0x0 priv_mirrored=0 fn70=0 roots=0 root_moves=0 stmts=0/0 refused=0 pramin_repoints=0 pramin_miss=0 last_miss=0x0 pramin_worst_us=0 (map 0 mmap 0) pramin_maps=0 pramin_mmaps=0 inline_opens=0 reaped=0 cache_ops=0 sysmembars=0 root_unsets=0] mirrors=0 reused=0 prewarmed=3 mirror_avg_us=0 mirror_max_us=0 vat[invals=0 arrive->clear_avg_us=0 max_us=0 walks=0 walk_avg_us=0 gpu_avg_us=0 plan_avg_us=0 apply_avg_us=0 leaves=0 host_calls=0] chan[births=0 pt_births=0 acts=0/0refused worst_act_us=0 nsi=[] served=0 parks=322 host_rings=0 contended=0 poisoned=0 tokens=[]] views[armed=1 released=0 refused=0 held=1] rc[armed=0 unarmed=0 wakes=0 seen=0 posted=0] irq[writes=0 raised=0 held=0 oor=0] unserviced=[] gsp_refusals[total=0 distinct=0 []]
kf3: family=Ampere phase=Cold trapped=0 applied=0 refused=0 serviced=0 ram_refused=0 unshadowed_writes=2 read_exits=0 last_off=0x0 mem[inval=0 walks=0/0 cleared=0 superseded=0 named_missed=0 unreconciled=0 mapped=0 unmapped=0 clipped=0x0 held=0 vmm_overlaps=0 priv_withheld=0 priv_withheld_bytes=0x0 priv_mirrored=0 fn70=0 roots=0 root_moves=0 stmts=0/0 refused=0 pramin_repoints=0 pramin_miss=0 last_miss=0x0 pramin_worst_us=0 (map 0 mmap 0) pramin_maps=0 pramin_mmaps=0 inline_opens=0 reaped=0 cache_ops=0 sysmembars=0 root_unsets=0] mirrors=0 reused=0 prewarmed=3 mirror_avg_us=0 mirror_max_us=0 vat[invals=0 arrive->clear_avg_us=0 max_us=0 walks=0 walk_avg_us=0 gpu_avg_us=0 plan_avg_us=0 apply_avg_us=0 leaves=0 host_calls=0] chan[births=0 pt_births=0 acts=0/0refused worst_act_us=0 nsi=[] served=0 parks=402 host_rings=0 contended=0 poisoned=0 tokens=[]] views[armed=1 released=0 refused=0 held=1] rc[armed=0 unarmed=0 wakes=0 seen=0 posted=0] irq[writes=0 raised=0 held=0 oor=0] unserviced=[] gsp_refusals[total=0 distinct=0 []]
kf3: family=Ampere phase=Cold trapped=0 applied=0 refused=0 serviced=0 ram_refused=0 unshadowed_writes=2 read_exits=0 last_off=0x0 mem[inval=0 walks=0/0 cleared=0 superseded=0 named_missed=0 unreconciled=0 mapped=0 unmapped=0 clipped=0x0 held=0 vmm_overlaps=0 priv_withheld=0 priv_withheld_bytes=0x0 priv_mirrored=0 fn70=0 roots=0 root_moves=0 stmts=0/0 refused=0 pramin_repoints=0 pramin_miss=0 last_miss=0x0 pramin_worst_us=0 (map 0 mmap 0) pramin_maps=0 pramin_mmaps=0 inline_opens=0 reaped=0 cache_ops=0 sysmembars=0 root_unsets=0] mirrors=0 reused=0 prewarmed=3 mirror_avg_us=0 mirror_max_us=0 vat[invals=0 arrive->clear_avg_us=0 max_us=0 walks=0 walk_avg_us=0 gpu_avg_us=0 plan_avg_us=0 apply_avg_us=0 leaves=0 host_calls=0] chan[births=0 pt_births=0 acts=0/0refused worst_act_us=0 nsi=[] served=0 parks=481 host_rings=0 contended=0 poisoned=0 tokens=[]] views[armed=1 released=0 refused=0 held=1] rc[armed=0 unarmed=0 wakes=0 seen=0 posted=0] irq[writes=0 raised=0 held=0 oor=0] unserviced=[] gsp_refusals[total=0 distinct=0 []]
kf3: family=Ampere phase=Cold trapped=0 applied=0 refused=0 serviced=0 ram_refused=0 unshadowed_writes=2 read_exits=0 last_off=0x0 mem[inval=0 walks=0/0 cleared=0 superseded=0 named_missed=0 unreconciled=0 mapped=0 unmapped=0 clipped=0x0 held=0 vmm_overlaps=0 priv_withheld=0 priv_withheld_bytes=0x0 priv_mirrored=0 fn70=0 roots=0 root_moves=0 stmts=0/0 refused=0 pramin_repoints=0 pramin_miss=0 last_miss=0x0 pramin_worst_us=0 (map 0 mmap 0) pramin_maps=0 pramin_mmaps=0 inline_opens=0 reaped=0 cache_ops=0 sysmembars=0 root_unsets=0] mirrors=0 reused=0 prewarmed=3 mirror_avg_us=0 mirror_max_us=0 vat[invals=0 arrive->clear_avg_us=0 max_us=0 walks=0 walk_avg_us=0 gpu_avg_us=0 plan_avg_us=0 apply_avg_us=0 leaves=0 host_calls=0] chan[births=0 pt_births=0 acts=0/0refused worst_act_us=0 nsi=[] served=0 parks=561 host_rings=0 contended=0 poisoned=0 tokens=[]] views[armed=1 released=0 refused=0 held=1] rc[armed=0 unarmed=0 wakes=0 seen=0 posted=0] irq[writes=0 raised=0 held=0 oor=0] unserviced=[] gsp_refusals[total=0 distinct=0 []]
kf3: family=Ampere phase=Cold trapped=0 applied=0 refused=0 serviced=0 ram_refused=0 unshadowed_writes=2 read_exits=0 last_off=0x0 mem[inval=0 walks=0/0 cleared=0 superseded=0 named_missed=0 unreconciled=0 mapped=0 unmapped=0 clipped=0x0 held=0 vmm_overlaps=0 priv_withheld=0 priv_withheld_bytes=0x0 priv_mirrored=0 fn70=0 roots=0 root_moves=0 stmts=0/0 refused=0 pramin_repoints=0 pramin_miss=0 last_miss=0x0 pramin_worst_us=0 (map 0 mmap 0) pramin_maps=0 pramin_mmaps=0 inline_opens=0 reaped=0 cache_ops=0 sysmembars=0 root_unsets=0] mirrors=0 reused=0 prewarmed=3 mirror_avg_us=0 mirror_max_us=0 vat[invals=0 arrive->clear_avg_us=0 max_us=0 walks=0 walk_avg_us=0 gpu_avg_us=0 plan_avg_us=0 apply_avg_us=0 leaves=0 host_calls=0] chan[births=0 pt_births=0 acts=0/0refused worst_act_us=0 nsi=[] served=0 parks=641 host_rings=0 contended=0 poisoned=0 tokens=[]] views[armed=1 released=0 refused=0 held=1] rc[armed=0 unarmed=0 wakes=0 seen=0 posted=0] irq[writes=0 raised=0 held=0 oor=0] unserviced=[] gsp_refusals[total=0 distinct=0 []]
kf3: family=Ampere phase=Cold trapped=0 applied=0 refused=0 serviced=0 ram_refused=0 unshadowed_writes=2 read_exits=0 last_off=0x0 mem[inval=0 walks=0/0 cleared=0 superseded=0 named_missed=0 unreconciled=0 mapped=0 unmapped=0 clipped=0x0 held=0 vmm_overlaps=0 priv_withheld=0 priv_withheld_bytes=0x0 priv_mirrored=0 fn70=0 roots=0 root_moves=0 stmts=0/0 refused=0 pramin_repoints=0 pramin_miss=0 last_miss=0x0 pramin_worst_us=0 (map 0 mmap 0) pramin_maps=0 pramin_mmaps=0 inline_opens=0 reaped=0 cache_ops=0 sysmembars=0 root_unsets=0] mirrors=0 reused=0 prewarmed=3 mirror_avg_us=0 mirror_max_us=0 vat[invals=0 arrive->clear_avg_us=0 max_us=0 walks=0 walk_avg_us=0 gpu_avg_us=0 plan_avg_us=0 apply_avg_us=0 leaves=0 host_calls=0] chan[births=0 pt_births=0 acts=0/0refused worst_act_us=0 nsi=[] served=0 parks=721 host_rings=0 contended=0 poisoned=0 tokens=[]] views[armed=1 released=0 refused=0 held=1] rc[armed=0 unarmed=0 wakes=0 seen=0 posted=0] irq[writes=0 raised=0 held=0 oor=0] unserviced=[] gsp_refusals[total=0 distinct=0 []]
kf3: w#0 bar0 @0x100c40 = 0x0 phase=Cold
kf3: w#1 bar0 @0x100c10 = 0x84b20 phase=Cold
kf3: w#2 bar0 @0x088080 = 0x10 phase=Cold
kf3: w#3 bar0 @0x088080 = 0x10 phase=Cold
kf3: w#4 bar0 @0x110c00 = 0x0 phase=Cold
kf3: w#5 bar0 @0x110c00 = 0x0 phase=Cold
kf3: w#6 bar0 @0x1103c0 = 0x1 phase=Cold
kf3: w#7 bar0 @0x1103c0 = 0x0 phase=Cold
kf3: w#8 bar0 @0x110084 = 0x176000a1 phase=Cold
kf3: w#9 bar0 @0x110624 = 0x80 phase=Cold
kf3: w#10 bar0 @0x11010c = 0x0 phase=Cold
kf3: w#11 bar0 @0x110600 = 0x5 phase=Cold
kf3: w#12 bar0 @0x110110 = 0x1a0c0 phase=Cold
kf3: w#13 bar0 @0x110128 = 0x0 phase=Cold
kf3: w#14 bar0 @0x110114 = 0x0 phase=Cold
kf3: w#15 bar0 @0x11011c = 0x0 phase=Cold
kf3: w#16 bar0 @0x110118 = 0x614 phase=Cold
kf3: w#17 bar0 @0x110114 = 0x100 phase=Cold
kf3: w#18 bar0 @0x11011c = 0x100 phase=Cold
kf3: w#19 bar0 @0x110118 = 0x614 phase=Cold
kf3: w#20 bar0 @0x110114 = 0x200 phase=Cold
kf3: w#21 bar0 @0x11011c = 0x200 phase=Cold
kf3: w#22 bar0 @0x110118 = 0x614 phase=Cold
kf3: w#23 bar0 @0x110114 = 0x300 phase=Cold
kf3: w#24 bar0 @0x11011c = 0x300 phase=Cold
kf3: w#25 bar0 @0x110118 = 0x614 phase=Cold
kf3: w#26 bar0 @0x110114 = 0x400 phase=Cold
kf3: w#27 bar0 @0x11011c = 0x400 phase=Cold
kf3: w#28 bar0 @0x110118 = 0x614 phase=Cold
kf3: w#29 bar0 @0x110114 = 0x500 phase=Cold
kf3: w#30 bar0 @0x11011c = 0x500 phase=Cold
kf3: w#31 bar0 @0x110118 = 0x614 phase=Cold
kf3: w#32 bar0 @0x110114 = 0x600 phase=Cold
kf3: w#33 bar0 @0x11011c = 0x600 phase=Cold
kf3: w#34 bar0 @0x110118 = 0x614 phase=Cold
kf3: w#35 bar0 @0x110114 = 0x700 phase=Cold
kf3: w#36 bar0 @0x11011c = 0x700 phase=Cold
kf3: w#37 bar0 @0x110118 = 0x614 phase=Cold
kf3: w#38 bar0 @0x110114 = 0x800 phase=Cold
kf3: w#39 bar0 @0x11011c = 0x800 phase=Cold
kf3: w#40 bar0 @0x110118 = 0x614 phase=Cold
kf3: w#41 bar0 @0x110114 = 0x900 phase=Cold
kf3: w#42 bar0 @0x11011c = 0x900 phase=Cold
kf3: w#43 bar0 @0x110118 = 0x614 phase=Cold
kf3: w#44 bar0 @0x110114 = 0xa00 phase=Cold
kf3: w#45 bar0 @0x11011c = 0xa00 phase=Cold
kf3: w#46 bar0 @0x110118 = 0x614 phase=Cold
kf3: w#47 bar0 @0x110114 = 0xb00 phase=Cold
kf3: w#48 bar0 @0x11011c = 0xb00 phase=Cold
kf3: w#49 bar0 @0x110118 = 0x614 phase=Cold
kf3: w#50 bar0 @0x110114 = 0xc00 phase=Cold
kf3: w#51 bar0 @0x11011c = 0xc00 phase=Cold
kf3: w#52 bar0 @0x110118 = 0x614 phase=Cold
kf3: w#53 bar0 @0x110114 = 0xd00 phase=Cold
kf3: w#54 bar0 @0x11011c = 0xd00 phase=Cold
kf3: w#55 bar0 @0x110118 = 0x614 phase=Cold
kf3: w#56 bar0 @0x110114 = 0xe00 phase=Cold
kf3: w#57 bar0 @0x11011c = 0xe00 phase=Cold
kf3: w#58 bar0 @0x110118 = 0x614 phase=Cold
kf3: w#59 bar0 @0x110114 = 0xf00 phase=Cold
kf3: w#60 bar0 @0x11011c = 0xf00 phase=Cold
kf3: w#61 bar0 @0x110118 = 0x614 phase=Cold
kf3: w#62 bar0 @0x110110 = 0x1a0d0 phase=Cold
kf3: w#63 bar0 @0x110128 = 0x0 phase=Cold
kf3: w#64 bar0 @0x110114 = 0x0 phase=Cold
kf3: w#65 bar0 @0x11011c = 0x0 phase=Cold
kf3: w#66 bar0 @0x110118 = 0x600 phase=Cold
kf3: w#67 bar0 @0x110114 = 0x100 phase=Cold
kf3: w#68 bar0 @0x11011c = 0x100 phase=Cold
kf3: w#69 bar0 @0x110118 = 0x600 phase=Cold
kf3: w#70 bar0 @0x110114 = 0x200 phase=Cold
kf3: w#71 bar0 @0x11011c = 0x200 phase=Cold
kf3: w#72 bar0 @0x110118 = 0x600 phase=Cold
kf3: w#73 bar0 @0x110114 = 0x300 phase=Cold
kf3: w#74 bar0 @0x11011c = 0x300 phase=Cold
kf3: w#75 bar0 @0x110118 = 0x600 phase=Cold
kf3: w#76 bar0 @0x110114 = 0x400 phase=Cold
kf3: w#77 bar0 @0x11011c = 0x400 phase=Cold
kf3: w#78 bar0 @0x110118 = 0x600 phase=Cold
kf3: w#79 bar0 @0x110114 = 0x500 phase=Cold
kf3: w#80 bar0 @0x11011c = 0x500 phase=Cold
kf3: w#81 bar0 @0x110118 = 0x600 phase=Cold
kf3: w#82 bar0 @0x110114 = 0x600 phase=Cold
kf3: w#83 bar0 @0x11011c = 0x600 phase=Cold
kf3: w#84 bar0 @0x110118 = 0x600 phase=Cold
kf3: w#85 bar0 @0x110114 = 0x700 phase=Cold
kf3: w#86 bar0 @0x11011c = 0x700 phase=Cold
kf3: w#87 bar0 @0x110118 = 0x600 phase=Cold
kf3: w#88 bar0 @0x110114 = 0x800 phase=Cold
kf3: w#89 bar0 @0x11011c = 0x800 phase=Cold
kf3: w#90 bar0 @0x110118 = 0x600 phase=Cold
kf3: w#91 bar0 @0x110114 = 0x900 phase=Cold
kf3: w#92 bar0 @0x11011c = 0x900 phase=Cold
kf3: w#93 bar0 @0x110118 = 0x600 phase=Cold
kf3: w#94 bar0 @0x110114 = 0xa00 phase=Cold
kf3: w#95 bar0 @0x11011c = 0xa00 phase=Cold
kf3: w#96 bar0 @0x110118 = 0x600 phase=Cold
kf3: w#97 bar0 @0x110114 = 0xb00 phase=Cold
kf3: w#98 bar0 @0x11011c = 0xb00 phase=Cold
kf3: w#99 bar0 @0x110118 = 0x600 phase=Cold
kf3: w#100 bar0 @0x110114 = 0xc00 phase=Cold
kf3: w#101 bar0 @0x11011c = 0xc00 phase=Cold
kf3: w#102 bar0 @0x110118 = 0x600 phase=Cold
kf3: w#103 bar0 @0x110114 = 0xd00 phase=Cold
kf3: w#104 bar0 @0x11011c = 0xd00 phase=Cold
kf3: w#105 bar0 @0x110118 = 0x600 phase=Cold
kf3: w#106 bar0 @0x110114 = 0xe00 phase=Cold
kf3: w#107 bar0 @0x11011c = 0xe00 phase=Cold
kf3: w#108 bar0 @0x110118 = 0x600 phase=Cold
kf3: w#109 bar0 @0x110114 = 0xf00 phase=Cold
kf3: w#110 bar0 @0x11011c = 0xf00 phase=Cold
kf3: w#111 bar0 @0x110118 = 0x600 phase=Cold
kf3: w#112 bar0 @0x111210 = 0x800 phase=Cold
kf3: w#113 bar0 @0x11119c = 0x1 phase=Cold
kf3: w#114 bar0 @0x111198 = 0x1 phase=Cold
kf3: w#115 bar0 @0x111180 = 0x1 phase=Cold
kf3: w#116 bar0 @0x110104 = 0x0 phase=Cold
kf3: w#117 bar0 @0x110100 = 0x2 phase=Cold
kf3: GSP phase Cold -> ProtectedRegionUp
kf3: GSP WPR2 up at the guest's FWSEC-FRTS command: frts_offset=0x1ffe00000 → served WPR2_ADDR_LO=Some(Ok("0x1ffe000"))
kf3: w#118 bar0 @0x1103c0 = 0x1 phase=ProtectedRegionUp
kf3: w#119 bar0 @0x1103c0 = 0x0 phase=ProtectedRegionUp
kf3: w#120 bar0 @0x111668 = 0x111 phase=ProtectedRegionUp
kf3: w#121 bar0 @0x110040 = 0x8513000 phase=ProtectedRegionUp
kf3: w#122 bar0 @0x110044 = 0x0 phase=ProtectedRegionUp
kayfabe: GSP-PUBLISH gpa=0x7e00000 gpa_same=false seq_last=Some(1) cmd_seq=0 ⇒ same_instance=false
kf3: GSP rpc GspSetSystemInfo seq=0
kf3: GSP rpc SetRegistry seq=0
kf3: w#123 bar0 @0x8403c0 = 0x1 phase=ProtectedRegionUp
kf3: w#124 bar0 @0x8403c0 = 0x0 phase=ProtectedRegionUp
kf3: w#125 bar0 @0x840084 = 0x176000a1 phase=ProtectedRegionUp
kf3: w#126 bar0 @0x840624 = 0x80 phase=ProtectedRegionUp
kf3: w#127 bar0 @0x84010c = 0x0 phase=ProtectedRegionUp
kf3: w#128 bar0 @0x840600 = 0x5 phase=ProtectedRegionUp
kf3: w#129 bar0 @0x840110 = 0x7c900 phase=ProtectedRegionUp
kf3: w#130 bar0 @0x840128 = 0x0 phase=ProtectedRegionUp
kf3: w#131 bar0 @0x840114 = 0x0 phase=ProtectedRegionUp
kf3: w#132 bar0 @0x84011c = 0x100 phase=ProtectedRegionUp
kf3: w#133 bar0 @0x840118 = 0x614 phase=ProtectedRegionUp
kf3: w#134 bar0 @0x840114 = 0x100 phase=ProtectedRegionUp
kf3: w#135 bar0 @0x84011c = 0x200 phase=ProtectedRegionUp
kf3: w#136 bar0 @0x840118 = 0x614 phase=ProtectedRegionUp
kf3: w#137 bar0 @0x840114 = 0x200 phase=ProtectedRegionUp
kf3: w#138 bar0 @0x84011c = 0x300 phase=ProtectedRegionUp
kf3: w#139 bar0 @0x840118 = 0x614 phase=ProtectedRegionUp
kf3: w#140 bar0 @0x840114 = 0x300 phase=ProtectedRegionUp
kf3: w#141 bar0 @0x84011c = 0x400 phase=ProtectedRegionUp
kf3: w#142 bar0 @0x840118 = 0x614 phase=ProtectedRegionUp
kf3: w#143 bar0 @0x840114 = 0x400 phase=ProtectedRegionUp
kf3: w#144 bar0 @0x84011c = 0x500 phase=ProtectedRegionUp
kf3: w#145 bar0 @0x840118 = 0x614 phase=ProtectedRegionUp
kf3: w#146 bar0 @0x840114 = 0x500 phase=ProtectedRegionUp
kf3: w#147 bar0 @0x84011c = 0x600 phase=ProtectedRegionUp
kf3: w#148 bar0 @0x840118 = 0x614 phase=ProtectedRegionUp
kf3: w#149 bar0 @0x840114 = 0x600 phase=ProtectedRegionUp
kf3: w#150 bar0 @0x84011c = 0x700 phase=ProtectedRegionUp
kf3: w#151 bar0 @0x840118 = 0x614 phase=ProtectedRegionUp
kf3: w#152 bar0 @0x840114 = 0x700 phase=ProtectedRegionUp
kf3: w#153 bar0 @0x84011c = 0x800 phase=ProtectedRegionUp
kf3: w#154 bar0 @0x840118 = 0x614 phase=ProtectedRegionUp
kf3: w#155 bar0 @0x840114 = 0x800 phase=ProtectedRegionUp
kf3: w#156 bar0 @0x84011c = 0x900 phase=ProtectedRegionUp
kf3: w#157 bar0 @0x840118 = 0x614 phase=ProtectedRegionUp
kf3: w#158 bar0 @0x840114 = 0x900 phase=ProtectedRegionUp
kf3: w#159 bar0 @0x84011c = 0xa00 phase=ProtectedRegionUp
kf3: w#160 bar0 @0x840118 = 0x614 phase=ProtectedRegionUp
kf3: w#161 bar0 @0x840114 = 0xa00 phase=ProtectedRegionUp
kf3: w#162 bar0 @0x84011c = 0xb00 phase=ProtectedRegionUp
kf3: w#163 bar0 @0x840118 = 0x614 phase=ProtectedRegionUp
kf3: w#164 bar0 @0x840114 = 0xb00 phase=ProtectedRegionUp
kf3: w#165 bar0 @0x84011c = 0xc00 phase=ProtectedRegionUp
kf3: w#166 bar0 @0x840118 = 0x614 phase=ProtectedRegionUp
kf3: w#167 bar0 @0x840114 = 0xc00 phase=ProtectedRegionUp
kf3: w#168 bar0 @0x84011c = 0xd00 phase=ProtectedRegionUp
kf3: w#169 bar0 @0x840118 = 0x614 phase=ProtectedRegionUp
kf3: w#170 bar0 @0x840114 = 0xd00 phase=ProtectedRegionUp
kf3: w#171 bar0 @0x84011c = 0xe00 phase=ProtectedRegionUp
kf3: w#172 bar0 @0x840118 = 0x614 phase=ProtectedRegionUp
kf3: w#173 bar0 @0x840114 = 0xe00 phase=ProtectedRegionUp
kf3: w#174 bar0 @0x84011c = 0xf00 phase=ProtectedRegionUp
kf3: w#175 bar0 @0x840118 = 0x614 phase=ProtectedRegionUp
kf3: w#176 bar0 @0x840114 = 0xf00 phase=ProtectedRegionUp
kf3: w#177 bar0 @0x84011c = 0x1000 phase=ProtectedRegionUp
kf3: w#178 bar0 @0x840118 = 0x614 phase=ProtectedRegionUp
kf3: w#179 bar0 @0x840114 = 0x1000 phase=ProtectedRegionUp
kf3: w#180 bar0 @0x84011c = 0x1100 phase=ProtectedRegionUp
kf3: w#181 bar0 @0x840118 = 0x614 phase=ProtectedRegionUp
kf3: w#182 bar0 @0x840114 = 0x1100 phase=ProtectedRegionUp
kf3: w#183 bar0 @0x84011c = 0x1200 phase=ProtectedRegionUp
kf3: w#184 bar0 @0x840118 = 0x614 phase=ProtectedRegionUp
kf3: w#185 bar0 @0x840114 = 0x1200 phase=ProtectedRegionUp
kf3: w#186 bar0 @0x84011c = 0x1300 phase=ProtectedRegionUp
kf3: w#187 bar0 @0x840118 = 0x614 phase=ProtectedRegionUp
kf3: w#188 bar0 @0x840114 = 0x1300 phase=ProtectedRegionUp
kf3: w#189 bar0 @0x84011c = 0x1400 phase=ProtectedRegionUp
kf3: w#190 bar0 @0x840118 = 0x614 phase=ProtectedRegionUp
kf3: w#191 bar0 @0x840114 = 0x1400 phase=ProtectedRegionUp
kf3: w#192 bar0 @0x84011c = 0x1500 phase=ProtectedRegionUp
kf3: w#193 bar0 @0x840118 = 0x614 phase=ProtectedRegionUp
kf3: w#194 bar0 @0x840114 = 0x1500 phase=ProtectedRegionUp
kf3: w#195 bar0 @0x84011c = 0x1600 phase=ProtectedRegionUp
kf3: w#196 bar0 @0x840118 = 0x614 phase=ProtectedRegionUp
kf3: w#197 bar0 @0x840114 = 0x1600 phase=ProtectedRegionUp
kf3: w#198 bar0 @0x84011c = 0x1700 phase=ProtectedRegionUp
kf3: w#199 bar0 @0x840118 = 0x614 phase=ProtectedRegionUp
kf3: w#200 bar0 @0x840114 = 0x1700 phase=ProtectedRegionUp
kf3: w#201 bar0 @0x84011c = 0x1800 phase=ProtectedRegionUp
kf3: w#202 bar0 @0x840118 = 0x614 phase=ProtectedRegionUp
kf3: w#203 bar0 @0x840114 = 0x1800 phase=ProtectedRegionUp
kf3: w#204 bar0 @0x84011c = 0x1900 phase=ProtectedRegionUp
kf3: w#205 bar0 @0x840118 = 0x614 phase=ProtectedRegionUp
kf3: w#206 bar0 @0x840114 = 0x1900 phase=ProtectedRegionUp
kf3: w#207 bar0 @0x84011c = 0x1a00 phase=ProtectedRegionUp
kf3: w#208 bar0 @0x840118 = 0x614 phase=ProtectedRegionUp
kf3: w#209 bar0 @0x840114 = 0x1a00 phase=ProtectedRegionUp
kf3: w#210 bar0 @0x84011c = 0x1b00 phase=ProtectedRegionUp
kf3: w#211 bar0 @0x840118 = 0x614 phase=ProtectedRegionUp
kf3: w#212 bar0 @0x840114 = 0x1b00 phase=ProtectedRegionUp
kf3: w#213 bar0 @0x84011c = 0x1c00 phase=ProtectedRegionUp
kf3: w#214 bar0 @0x840118 = 0x614 phase=ProtectedRegionUp
kf3: w#215 bar0 @0x840114 = 0x1c00 phase=ProtectedRegionUp
kf3: w#216 bar0 @0x84011c = 0x1d00 phase=ProtectedRegionUp
kf3: w#217 bar0 @0x840118 = 0x614 phase=ProtectedRegionUp
kf3: w#218 bar0 @0x840114 = 0x1d00 phase=ProtectedRegionUp
kf3: w#219 bar0 @0x84011c = 0x1e00 phase=ProtectedRegionUp
kf3: w#220 bar0 @0x840118 = 0x614 phase=ProtectedRegionUp
kf3: w#221 bar0 @0x840114 = 0x1e00 phase=ProtectedRegionUp
kf3: w#222 bar0 @0x84011c = 0x1f00 phase=ProtectedRegionUp
kf3: w#223 bar0 @0x840118 = 0x614 phase=ProtectedRegionUp
kf3: w#224 bar0 @0x840114 = 0x1f00 phase=ProtectedRegionUp
kf3: w#225 bar0 @0x84011c = 0x2000 phase=ProtectedRegionUp
kf3: w#226 bar0 @0x840118 = 0x614 phase=ProtectedRegionUp
kf3: w#227 bar0 @0x840114 = 0x2000 phase=ProtectedRegionUp
kf3: w#228 bar0 @0x84011c = 0x2100 phase=ProtectedRegionUp
kf3: w#229 bar0 @0x840118 = 0x614 phase=ProtectedRegionUp
kf3: w#230 bar0 @0x840114 = 0x2100 phase=ProtectedRegionUp
kf3: w#231 bar0 @0x84011c = 0x2200 phase=ProtectedRegionUp
kf3: w#232 bar0 @0x840118 = 0x614 phase=ProtectedRegionUp
kf3: w#233 bar0 @0x840114 = 0x2200 phase=ProtectedRegionUp
kf3: w#234 bar0 @0x84011c = 0x2300 phase=ProtectedRegionUp
kf3: w#235 bar0 @0x840118 = 0x614 phase=ProtectedRegionUp
kf3: w#236 bar0 @0x840114 = 0x2300 phase=ProtectedRegionUp
kf3: w#237 bar0 @0x84011c = 0x2400 phase=ProtectedRegionUp
kf3: w#238 bar0 @0x840118 = 0x614 phase=ProtectedRegionUp
kf3: w#239 bar0 @0x840114 = 0x2400 phase=ProtectedRegionUp
kf3: w#240 bar0 @0x84011c = 0x2500 phase=ProtectedRegionUp
kf3: w#241 bar0 @0x840118 = 0x614 phase=ProtectedRegionUp
kf3: w#242 bar0 @0x840114 = 0x2500 phase=ProtectedRegionUp
kf3: w#243 bar0 @0x84011c = 0x2600 phase=ProtectedRegionUp
kf3: w#244 bar0 @0x840118 = 0x614 phase=ProtectedRegionUp
kf3: w#245 bar0 @0x840114 = 0x2600 phase=ProtectedRegionUp
kf3: w#246 bar0 @0x84011c = 0x2700 phase=ProtectedRegionUp
kf3: w#247 bar0 @0x840118 = 0x614 phase=ProtectedRegionUp
kf3: w#248 bar0 @0x840114 = 0x2700 phase=ProtectedRegionUp
kf3: w#249 bar0 @0x84011c = 0x2800 phase=ProtectedRegionUp
kf3: w#250 bar0 @0x840118 = 0x614 phase=ProtectedRegionUp
kf3: w#251 bar0 @0x840114 = 0x2800 phase=ProtectedRegionUp
kf3: w#252 bar0 @0x84011c = 0x2900 phase=ProtectedRegionUp
kf3: w#253 bar0 @0x840118 = 0x614 phase=ProtectedRegionUp
kf3: w#254 bar0 @0x840114 = 0x2900 phase=ProtectedRegionUp
kf3: w#255 bar0 @0x84011c = 0x2a00 phase=ProtectedRegionUp
kf3: w#256 bar0 @0x840118 = 0x614 phase=ProtectedRegionUp
kf3: w#257 bar0 @0x840114 = 0x2a00 phase=ProtectedRegionUp
kf3: w#258 bar0 @0x84011c = 0x2b00 phase=ProtectedRegionUp
kf3: w#259 bar0 @0x840118 = 0x614 phase=ProtectedRegionUp
kf3: w#260 bar0 @0x840114 = 0x2b00 phase=ProtectedRegionUp
kf3: w#261 bar0 @0x84011c = 0x2c00 phase=ProtectedRegionUp
kf3: w#262 bar0 @0x840118 = 0x614 phase=ProtectedRegionUp
kf3: w#263 bar0 @0x840114 = 0x2c00 phase=ProtectedRegionUp
kf3: w#264 bar0 @0x84011c = 0x2d00 phase=ProtectedRegionUp
kf3: w#265 bar0 @0x840118 = 0x614 phase=ProtectedRegionUp
kf3: w#266 bar0 @0x840114 = 0x2d00 phase=ProtectedRegionUp
kf3: w#267 bar0 @0x84011c = 0x2e00 phase=ProtectedRegionUp
kf3: w#268 bar0 @0x840118 = 0x614 phase=ProtectedRegionUp
kf3: w#269 bar0 @0x840114 = 0x2e00 phase=ProtectedRegionUp
kf3: w#270 bar0 @0x84011c = 0x2f00 phase=ProtectedRegionUp
kf3: w#271 bar0 @0x840118 = 0x614 phase=ProtectedRegionUp
kf3: w#272 bar0 @0x840114 = 0x2f00 phase=ProtectedRegionUp
kf3: w#273 bar0 @0x84011c = 0x3000 phase=ProtectedRegionUp
kf3: w#274 bar0 @0x840118 = 0x614 phase=ProtectedRegionUp
kf3: w#275 bar0 @0x840114 = 0x3000 phase=ProtectedRegionUp
kf3: w#276 bar0 @0x84011c = 0x3100 phase=ProtectedRegionUp
kf3: w#277 bar0 @0x840118 = 0x614 phase=ProtectedRegionUp
kf3: w#278 bar0 @0x840114 = 0x3100 phase=ProtectedRegionUp
kf3: w#279 bar0 @0x84011c = 0x3200 phase=ProtectedRegionUp
kf3: w#280 bar0 @0x840118 = 0x614 phase=ProtectedRegionUp
kf3: w#281 bar0 @0x840114 = 0x3200 phase=ProtectedRegionUp
kf3: w#282 bar0 @0x84011c = 0x3300 phase=ProtectedRegionUp
kf3: w#283 bar0 @0x840118 = 0x614 phase=ProtectedRegionUp
kf3: w#284 bar0 @0x840114 = 0x3300 phase=ProtectedRegionUp
kf3: w#285 bar0 @0x84011c = 0x3400 phase=ProtectedRegionUp
kf3: w#286 bar0 @0x840118 = 0x614 phase=ProtectedRegionUp
kf3: w#287 bar0 @0x840114 = 0x3400 phase=ProtectedRegionUp
kf3: w#288 bar0 @0x84011c = 0x3500 phase=ProtectedRegionUp
kf3: w#289 bar0 @0x840118 = 0x614 phase=ProtectedRegionUp
kf3: w#290 bar0 @0x840114 = 0x3500 phase=ProtectedRegionUp
kf3: w#291 bar0 @0x84011c = 0x3600 phase=ProtectedRegionUp
kf3: w#292 bar0 @0x840118 = 0x614 phase=ProtectedRegionUp
kf3: w#293 bar0 @0x840114 = 0x3600 phase=ProtectedRegionUp
kf3: w#294 bar0 @0x84011c = 0x3700 phase=ProtectedRegionUp
kf3: w#295 bar0 @0x840118 = 0x614 phase=ProtectedRegionUp
kf3: w#296 bar0 @0x840114 = 0x3700 phase=ProtectedRegionUp
kf3: w#297 bar0 @0x84011c = 0x3800 phase=ProtectedRegionUp
kf3: w#298 bar0 @0x840118 = 0x614 phase=ProtectedRegionUp
kf3: w#299 bar0 @0x840114 = 0x3800 phase=ProtectedRegionUp
kf3: w#300 bar0 @0x84011c = 0x3900 phase=ProtectedRegionUp
kf3: w#301 bar0 @0x840118 = 0x614 phase=ProtectedRegionUp
kf3: w#302 bar0 @0x840114 = 0x3900 phase=ProtectedRegionUp
kf3: w#303 bar0 @0x84011c = 0x3a00 phase=ProtectedRegionUp
kf3: w#304 bar0 @0x840118 = 0x614 phase=ProtectedRegionUp
kf3: w#305 bar0 @0x840114 = 0x3a00 phase=ProtectedRegionUp
kf3: w#306 bar0 @0x84011c = 0x3b00 phase=ProtectedRegionUp
kf3: w#307 bar0 @0x840118 = 0x614 phase=ProtectedRegionUp
kf3: w#308 bar0 @0x840114 = 0x3b00 phase=ProtectedRegionUp
kf3: w#309 bar0 @0x84011c = 0x3c00 phase=ProtectedRegionUp
kf3: w#310 bar0 @0x840118 = 0x614 phase=ProtectedRegionUp
kf3: w#311 bar0 @0x840114 = 0x3c00 phase=ProtectedRegionUp
kf3: w#312 bar0 @0x84011c = 0x3d00 phase=ProtectedRegionUp
kf3: w#313 bar0 @0x840118 = 0x614 phase=ProtectedRegionUp
kf3: w#314 bar0 @0x840114 = 0x3d00 phase=ProtectedRegionUp
kf3: w#315 bar0 @0x84011c = 0x3e00 phase=ProtectedRegionUp
kf3: w#316 bar0 @0x840118 = 0x614 phase=ProtectedRegionUp
kf3: w#317 bar0 @0x840114 = 0x3e00 phase=ProtectedRegionUp
kf3: w#318 bar0 @0x84011c = 0x3f00 phase=ProtectedRegionUp
kf3: w#319 bar0 @0x840118 = 0x614 phase=ProtectedRegionUp
kf3: w#320 bar0 @0x840114 = 0x3f00 phase=ProtectedRegionUp
kf3: w#321 bar0 @0x84011c = 0x4000 phase=ProtectedRegionUp
kf3: w#322 bar0 @0x840118 = 0x614 phase=ProtectedRegionUp
kf3: w#323 bar0 @0x840114 = 0x4000 phase=ProtectedRegionUp
kf3: w#324 bar0 @0x84011c = 0x4100 phase=ProtectedRegionUp
kf3: w#325 bar0 @0x840118 = 0x614 phase=ProtectedRegionUp
kf3: w#326 bar0 @0x840114 = 0x4100 phase=ProtectedRegionUp
kf3: w#327 bar0 @0x84011c = 0x4200 phase=ProtectedRegionUp
kf3: w#328 bar0 @0x840118 = 0x614 phase=ProtectedRegionUp
kf3: w#329 bar0 @0x840114 = 0x4200 phase=ProtectedRegionUp
kf3: w#330 bar0 @0x84011c = 0x4300 phase=ProtectedRegionUp
kf3: w#331 bar0 @0x840118 = 0x614 phase=ProtectedRegionUp
kf3: w#332 bar0 @0x840114 = 0x4300 phase=ProtectedRegionUp
kf3: w#333 bar0 @0x84011c = 0x4400 phase=ProtectedRegionUp
kf3: w#334 bar0 @0x840118 = 0x614 phase=ProtectedRegionUp
kf3: w#335 bar0 @0x840114 = 0x4400 phase=ProtectedRegionUp
kf3: w#336 bar0 @0x84011c = 0x4500 phase=ProtectedRegionUp
kf3: w#337 bar0 @0x840118 = 0x614 phase=ProtectedRegionUp
kf3: w#338 bar0 @0x840114 = 0x4500 phase=ProtectedRegionUp
kf3: w#339 bar0 @0x84011c = 0x4600 phase=ProtectedRegionUp
kf3: w#340 bar0 @0x840118 = 0x614 phase=ProtectedRegionUp
kf3: w#341 bar0 @0x840114 = 0x4600 phase=ProtectedRegionUp
kf3: w#342 bar0 @0x84011c = 0x4700 phase=ProtectedRegionUp
kf3: w#343 bar0 @0x840118 = 0x614 phase=ProtectedRegionUp
kf3: w#344 bar0 @0x840114 = 0x4700 phase=ProtectedRegionUp
kf3: w#345 bar0 @0x84011c = 0x4800 phase=ProtectedRegionUp
kf3: w#346 bar0 @0x840118 = 0x614 phase=ProtectedRegionUp
kf3: w#347 bar0 @0x840114 = 0x4800 phase=ProtectedRegionUp
kf3: w#348 bar0 @0x84011c = 0x4900 phase=ProtectedRegionUp
kf3: w#349 bar0 @0x840118 = 0x614 phase=ProtectedRegionUp
kf3: w#350 bar0 @0x840114 = 0x4900 phase=ProtectedRegionUp
kf3: w#351 bar0 @0x84011c = 0x4a00 phase=ProtectedRegionUp
kf3: w#352 bar0 @0x840118 = 0x614 phase=ProtectedRegionUp
kf3: w#353 bar0 @0x840114 = 0x4a00 phase=ProtectedRegionUp
kf3: w#354 bar0 @0x84011c = 0x4b00 phase=ProtectedRegionUp
kf3: w#355 bar0 @0x840118 = 0x614 phase=ProtectedRegionUp
kf3: w#356 bar0 @0x840114 = 0x4b00 phase=ProtectedRegionUp
kf3: w#357 bar0 @0x84011c = 0x4c00 phase=ProtectedRegionUp
kf3: w#358 bar0 @0x840118 = 0x614 phase=ProtectedRegionUp
kf3: w#359 bar0 @0x840114 = 0x4c00 phase=ProtectedRegionUp
kf3: w#360 bar0 @0x84011c = 0x4d00 phase=ProtectedRegionUp
kf3: w#361 bar0 @0x840118 = 0x614 phase=ProtectedRegionUp
kf3: w#362 bar0 @0x840114 = 0x4d00 phase=ProtectedRegionUp
kf3: w#363 bar0 @0x84011c = 0x4e00 phase=ProtectedRegionUp
kf3: w#364 bar0 @0x840118 = 0x614 phase=ProtectedRegionUp
kf3: w#365 bar0 @0x840114 = 0x4e00 phase=ProtectedRegionUp
kf3: w#366 bar0 @0x84011c = 0x4f00 phase=ProtectedRegionUp
kf3: w#367 bar0 @0x840118 = 0x614 phase=ProtectedRegionUp
kf3: w#368 bar0 @0x840114 = 0x4f00 phase=ProtectedRegionUp
kf3: w#369 bar0 @0x84011c = 0x5000 phase=ProtectedRegionUp
kf3: w#370 bar0 @0x840118 = 0x614 phase=ProtectedRegionUp
kf3: w#371 bar0 @0x840114 = 0x5000 phase=ProtectedRegionUp
kf3: w#372 bar0 @0x84011c = 0x5100 phase=ProtectedRegionUp
kf3: w#373 bar0 @0x840118 = 0x614 phase=ProtectedRegionUp
kf3: w#374 bar0 @0x840114 = 0x5100 phase=ProtectedRegionUp
kf3: w#375 bar0 @0x84011c = 0x5200 phase=ProtectedRegionUp
kf3: w#376 bar0 @0x840118 = 0x614 phase=ProtectedRegionUp
kf3: w#377 bar0 @0x840114 = 0x5200 phase=ProtectedRegionUp
kf3: w#378 bar0 @0x84011c = 0x5300 phase=ProtectedRegionUp
kf3: w#379 bar0 @0x840118 = 0x614 phase=ProtectedRegionUp
kf3: w#380 bar0 @0x840114 = 0x5300 phase=ProtectedRegionUp
kf3: w#381 bar0 @0x84011c = 0x5400 phase=ProtectedRegionUp
kf3: w#382 bar0 @0x840118 = 0x614 phase=ProtectedRegionUp
kf3: w#383 bar0 @0x840114 = 0x5400 phase=ProtectedRegionUp
kf3: w#384 bar0 @0x84011c = 0x5500 phase=ProtectedRegionUp
kf3: w#385 bar0 @0x840118 = 0x614 phase=ProtectedRegionUp
kf3: w#386 bar0 @0x840114 = 0x5500 phase=ProtectedRegionUp
kf3: w#387 bar0 @0x84011c = 0x5600 phase=ProtectedRegionUp
kf3: w#388 bar0 @0x840118 = 0x614 phase=ProtectedRegionUp
kf3: w#389 bar0 @0x840114 = 0x5600 phase=ProtectedRegionUp
kf3: w#390 bar0 @0x84011c = 0x5700 phase=ProtectedRegionUp
kf3: w#391 bar0 @0x840118 = 0x614 phase=ProtectedRegionUp
kf3: w#392 bar0 @0x840114 = 0x5700 phase=ProtectedRegionUp
kf3: w#393 bar0 @0x84011c = 0x5800 phase=ProtectedRegionUp
kf3: w#394 bar0 @0x840118 = 0x614 phase=ProtectedRegionUp
kf3: w#395 bar0 @0x840114 = 0x5800 phase=ProtectedRegionUp
kf3: w#396 bar0 @0x84011c = 0x5900 phase=ProtectedRegionUp
kf3: w#397 bar0 @0x840118 = 0x614 phase=ProtectedRegionUp
kf3: w#398 bar0 @0x840114 = 0x5900 phase=ProtectedRegionUp
kf3: w#399 bar0 @0x84011c = 0x5a00 phase=ProtectedRegionUp
kf3: w#400 bar0 @0x840118 = 0x614 phase=ProtectedRegionUp
kf3: w#401 bar0 @0x840114 = 0x5a00 phase=ProtectedRegionUp
kf3: w#402 bar0 @0x84011c = 0x5b00 phase=ProtectedRegionUp
kf3: w#403 bar0 @0x840118 = 0x614 phase=ProtectedRegionUp
kf3: w#404 bar0 @0x840114 = 0x5b00 phase=ProtectedRegionUp
kf3: w#405 bar0 @0x84011c = 0x5c00 phase=ProtectedRegionUp
kf3: w#406 bar0 @0x840118 = 0x614 phase=ProtectedRegionUp
kf3: w#407 bar0 @0x840114 = 0x5c00 phase=ProtectedRegionUp
kf3: w#408 bar0 @0x84011c = 0x5d00 phase=ProtectedRegionUp
kf3: w#409 bar0 @0x840118 = 0x614 phase=ProtectedRegionUp
kf3: w#410 bar0 @0x840114 = 0x5d00 phase=ProtectedRegionUp
kf3: w#411 bar0 @0x84011c = 0x5e00 phase=ProtectedRegionUp
kf3: w#412 bar0 @0x840118 = 0x614 phase=ProtectedRegionUp
kf3: w#413 bar0 @0x840114 = 0x5e00 phase=ProtectedRegionUp
kf3: w#414 bar0 @0x84011c = 0x5f00 phase=ProtectedRegionUp
kf3: w#415 bar0 @0x840118 = 0x614 phase=ProtectedRegionUp
kf3: w#416 bar0 @0x840114 = 0x5f00 phase=ProtectedRegionUp
kf3: w#417 bar0 @0x84011c = 0x6000 phase=ProtectedRegionUp
kf3: w#418 bar0 @0x840118 = 0x614 phase=ProtectedRegionUp
kf3: w#419 bar0 @0x840114 = 0x6000 phase=ProtectedRegionUp
kf3: w#420 bar0 @0x84011c = 0x6100 phase=ProtectedRegionUp
kf3: w#421 bar0 @0x840118 = 0x614 phase=ProtectedRegionUp
kf3: w#422 bar0 @0x840114 = 0x6100 phase=ProtectedRegionUp
kf3: w#423 bar0 @0x84011c = 0x6200 phase=ProtectedRegionUp
kf3: w#424 bar0 @0x840118 = 0x614 phase=ProtectedRegionUp
kf3: w#425 bar0 @0x840114 = 0x6200 phase=ProtectedRegionUp
kf3: w#426 bar0 @0x84011c = 0x6300 phase=ProtectedRegionUp
kf3: w#427 bar0 @0x840118 = 0x614 phase=ProtectedRegionUp
kf3: w#428 bar0 @0x840114 = 0x6300 phase=ProtectedRegionUp
kf3: w#429 bar0 @0x84011c = 0x6400 phase=ProtectedRegionUp
kf3: w#430 bar0 @0x840118 = 0x614 phase=ProtectedRegionUp
kf3: w#431 bar0 @0x840114 = 0x6400 phase=ProtectedRegionUp
kf3: w#432 bar0 @0x84011c = 0x6500 phase=ProtectedRegionUp
kf3: w#433 bar0 @0x840118 = 0x614 phase=ProtectedRegionUp
kf3: w#434 bar0 @0x840114 = 0x6500 phase=ProtectedRegionUp
kf3: w#435 bar0 @0x84011c = 0x6600 phase=ProtectedRegionUp
kf3: w#436 bar0 @0x840118 = 0x614 phase=ProtectedRegionUp
kf3: w#437 bar0 @0x840114 = 0x6600 phase=ProtectedRegionUp
kf3: w#438 bar0 @0x84011c = 0x6700 phase=ProtectedRegionUp
kf3: w#439 bar0 @0x840118 = 0x614 phase=ProtectedRegionUp
kf3: w#440 bar0 @0x840114 = 0x6700 phase=ProtectedRegionUp
kf3: w#441 bar0 @0x84011c = 0x6800 phase=ProtectedRegionUp
kf3: w#442 bar0 @0x840118 = 0x614 phase=ProtectedRegionUp
kf3: w#443 bar0 @0x840114 = 0x6800 phase=ProtectedRegionUp
kf3: w#444 bar0 @0x84011c = 0x6900 phase=ProtectedRegionUp
kf3: w#445 bar0 @0x840118 = 0x614 phase=ProtectedRegionUp
kf3: w#446 bar0 @0x840114 = 0x6900 phase=ProtectedRegionUp
kf3: w#447 bar0 @0x84011c = 0x6a00 phase=ProtectedRegionUp
kf3: w#448 bar0 @0x840118 = 0x614 phase=ProtectedRegionUp
kf3: w#449 bar0 @0x840114 = 0x6a00 phase=ProtectedRegionUp
kf3: w#450 bar0 @0x84011c = 0x6b00 phase=ProtectedRegionUp
kf3: w#451 bar0 @0x840118 = 0x614 phase=ProtectedRegionUp
kf3: w#452 bar0 @0x840114 = 0x6b00 phase=ProtectedRegionUp
kf3: w#453 bar0 @0x84011c = 0x6c00 phase=ProtectedRegionUp
kf3: w#454 bar0 @0x840118 = 0x614 phase=ProtectedRegionUp
kf3: w#455 bar0 @0x840114 = 0x6c00 phase=ProtectedRegionUp
kf3: w#456 bar0 @0x84011c = 0x6d00 phase=ProtectedRegionUp
kf3: w#457 bar0 @0x840118 = 0x614 phase=ProtectedRegionUp
kf3: w#458 bar0 @0x840114 = 0x6d00 phase=ProtectedRegionUp
kf3: w#459 bar0 @0x84011c = 0x6e00 phase=ProtectedRegionUp
kf3: w#460 bar0 @0x840118 = 0x614 phase=ProtectedRegionUp
kf3: w#461 bar0 @0x840114 = 0x6e00 phase=ProtectedRegionUp
kf3: w#462 bar0 @0x84011c = 0x6f00 phase=ProtectedRegionUp
kf3: w#463 bar0 @0x840118 = 0x614 phase=ProtectedRegionUp
kf3: w#464 bar0 @0x840114 = 0x6f00 phase=ProtectedRegionUp
kf3: w#465 bar0 @0x84011c = 0x7000 phase=ProtectedRegionUp
kf3: w#466 bar0 @0x840118 = 0x614 phase=ProtectedRegionUp
kf3: w#467 bar0 @0x840114 = 0x7000 phase=ProtectedRegionUp
kf3: w#468 bar0 @0x84011c = 0x7100 phase=ProtectedRegionUp
kf3: w#469 bar0 @0x840118 = 0x614 phase=ProtectedRegionUp
kf3: w#470 bar0 @0x840114 = 0x7100 phase=ProtectedRegionUp
kf3: w#471 bar0 @0x84011c = 0x7200 phase=ProtectedRegionUp
kf3: w#472 bar0 @0x840118 = 0x614 phase=ProtectedRegionUp
kf3: w#473 bar0 @0x840114 = 0x7200 phase=ProtectedRegionUp
kf3: w#474 bar0 @0x84011c = 0x7300 phase=ProtectedRegionUp
kf3: w#475 bar0 @0x840118 = 0x614 phase=ProtectedRegionUp
kf3: w#476 bar0 @0x840114 = 0x7300 phase=ProtectedRegionUp
kf3: w#477 bar0 @0x84011c = 0x7400 phase=ProtectedRegionUp
kf3: w#478 bar0 @0x840118 = 0x614 phase=ProtectedRegionUp
kf3: w#479 bar0 @0x840114 = 0x7400 phase=ProtectedRegionUp
kf3: w#480 bar0 @0x84011c = 0x7500 phase=ProtectedRegionUp
kf3: w#481 bar0 @0x840118 = 0x614 phase=ProtectedRegionUp
kf3: w#482 bar0 @0x840114 = 0x7500 phase=ProtectedRegionUp
kf3: w#483 bar0 @0x84011c = 0x7600 phase=ProtectedRegionUp
kf3: w#484 bar0 @0x840118 = 0x614 phase=ProtectedRegionUp
kf3: w#485 bar0 @0x840114 = 0x7600 phase=ProtectedRegionUp
kf3: w#486 bar0 @0x84011c = 0x7700 phase=ProtectedRegionUp
kf3: w#487 bar0 @0x840118 = 0x614 phase=ProtectedRegionUp
kf3: w#488 bar0 @0x840114 = 0x7700 phase=ProtectedRegionUp
kf3: w#489 bar0 @0x84011c = 0x7800 phase=ProtectedRegionUp
kf3: w#490 bar0 @0x840118 = 0x614 phase=ProtectedRegionUp
kf3: w#491 bar0 @0x840114 = 0x7800 phase=ProtectedRegionUp
kf3: w#492 bar0 @0x84011c = 0x7900 phase=ProtectedRegionUp
kf3: w#493 bar0 @0x840118 = 0x614 phase=ProtectedRegionUp
kf3: w#494 bar0 @0x840114 = 0x7900 phase=ProtectedRegionUp
kf3: w#495 bar0 @0x84011c = 0x7a00 phase=ProtectedRegionUp
kf3: w#496 bar0 @0x840118 = 0x614 phase=ProtectedRegionUp
kf3: w#497 bar0 @0x840114 = 0x7a00 phase=ProtectedRegionUp
kf3: w#498 bar0 @0x84011c = 0x7b00 phase=ProtectedRegionUp
kf3: w#499 bar0 @0x840118 = 0x614 phase=ProtectedRegionUp
kf3: w#500 bar0 @0x840114 = 0x7b00 phase=ProtectedRegionUp
kf3: w#501 bar0 @0x84011c = 0x7c00 phase=ProtectedRegionUp
kf3: w#502 bar0 @0x840118 = 0x614 phase=ProtectedRegionUp
kf3: w#503 bar0 @0x840114 = 0x7c00 phase=ProtectedRegionUp
kf3: w#504 bar0 @0x84011c = 0x7d00 phase=ProtectedRegionUp
kf3: w#505 bar0 @0x840118 = 0x614 phase=ProtectedRegionUp
kf3: w#506 bar0 @0x840114 = 0x7d00 phase=ProtectedRegionUp
kf3: w#507 bar0 @0x84011c = 0x7e00 phase=ProtectedRegionUp
kf3: w#508 bar0 @0x840118 = 0x614 phase=ProtectedRegionUp
kf3: w#509 bar0 @0x840114 = 0x7e00 phase=ProtectedRegionUp
kf3: w#510 bar0 @0x84011c = 0x7f00 phase=ProtectedRegionUp
kf3: w#511 bar0 @0x840118 = 0x614 phase=ProtectedRegionUp
kf3: GSP phase ProtectedRegionUp -> Booted
kf3: GSP rpc SetGuestSystemInfo seq=0
kf3: GSP phase Booted -> Running
kf3: GSP rpc GetGspStaticInfo seq=1
kf3: GSP rpc InitGspTraceCrashBuffer seq=2
kf3: GSP rpc RmControl seq=3
kf3: GSP rpc RmControl seq=4
kf3: GSP rpc RmControl seq=5
kf3: GSP rpc RmControl seq=6
kf3: GSP rpc RmControl seq=7
kf3: GSP rpc UNSERVICED Unserviced { code: 76, sequence: 7 }
kf3: GSP REFUSED fn76/0x20800a87=0x56 (GSP_RM_CONTROL) first_seq=7 — the guest read a non-OK status
kf3: GSP rpc RmControl seq=8
kf3: GSP rpc RmControl seq=9
kf3: GSP rpc RmControl seq=10
kf3: GSP rpc RmControl seq=11
kf3: GSP rpc RmControl seq=12
kf3: GSP rpc RmControl seq=13
kf3: GSP rpc UNSERVICED Unserviced { code: 76, sequence: 13 }
kf3: GSP REFUSED fn76/0x20800a4b=0x56 (GSP_RM_CONTROL) first_seq=13 — the guest read a non-OK status
kf3: GSP rpc RmControl seq=14
kf3: GSP rpc RmControl seq=15
kf3: GSP rpc RmControl seq=16
kf3: GSP rpc RmControl seq=17
kf3: GSP rpc RmControl seq=18
kf3: GSP rpc RmControl seq=19
kf3: GSP rpc RmControl seq=20
kf3: GSP rpc UNSERVICED Unserviced { code: 76, sequence: 20 }
kf3: GSP REFUSED fn76/0x20800afe=0x56 (GSP_RM_CONTROL) first_seq=20 — the guest read a non-OK status
kf3: GSP rpc RmControl seq=21
kf3: GSP rpc UNSERVICED Unserviced { code: 76, sequence: 21 }
kf3: GSP REFUSED fn76/0x20800aff=0x56 (GSP_RM_CONTROL) first_seq=21 — the guest read a non-OK status
kf-rm: chanlink: client 0xc1e00003 root: kernel=true internal=true
kf3: GSP rpc RmAlloc seq=22
kf3: GSP rpc RmAlloc seq=23
kf3: GSP rpc RmAlloc seq=24
kf3: GSP rpc RmAlloc seq=25
kf3: GSP rpc RmControl seq=26
kf3: GSP rpc RmControl seq=27
kayfabe: HELD-REPLY fn=UpdateBarPde depth=1 — this map reply WAITS for its rows
kf3: GSP rpc UpdateBarPde seq=28
kf3: mem t=18.273s fn70 Bar2 entry=0x1efbc302 shift=47 -> our root @0x1f3392000, walk scheduled
kf3: mem t=18.274s walk reconciled [0xffffffff00000002:+0-0r0] completed=[] unreconciled=[]
kayfabe: HELD-REPLY-POSTED n=1 — their rows are on the host now
kayfabe: HELD-REPLY fn=RmControl depth=1 — this map reply WAITS for its rows
kf3: GSP rpc RmControl seq=29
kf3: mem t=18.276s sysmembar #1: host FB_FLUSH_GPU_CACHE(FB_FLUSH_YES) in 494 us
kayfabe: HELD-REPLY-POSTED n=1 — their rows are on the host now
kf3: mem t=18.277s walk reconciled [0xffffffff00000002:+1-0r0] completed=[(0, Cleared)] unreconciled=[]
kayfabe: HELD-REPLY fn=RmControl depth=1 — this map reply WAITS for its rows
kf3: GSP rpc RmControl seq=30
kf3: mem t=18.278s sysmembar #2: host FB_FLUSH_GPU_CACHE(FB_FLUSH_YES) in 277 us
kayfabe: HELD-REPLY-POSTED n=1 — their rows are on the host now
kf3: mem t=18.279s walk reconciled [0xffffffff00000002:+1-0r0] completed=[(1, Cleared)] unreconciled=[]
kf3: mem t=18.280s walk reconciled [0xffffffff00000002:+1-0r0] completed=[(2, Cleared)] unreconciled=[]
kf3: GSP rpc RmControl seq=31
kf3: GSP rpc RmControl seq=32
kf3: GSP rpc RmControl seq=33
kf3: GSP rpc RmControl seq=34
kf3: GSP rpc UNSERVICED Unserviced { code: 76, sequence: 34 }
kf3: GSP REFUSED fn76/0x20800a80=0x56 (GSP_RM_CONTROL) first_seq=34 — the guest read a non-OK status
kf3: GSP rpc RmControl seq=35
kf-rm: chanlink: client 0xc1e00004 root: kernel=true internal=true
kf3: GSP rpc RmAlloc seq=36
kf3: GSP rpc RmAlloc seq=37
kf3: GSP rpc RmAlloc seq=38
kf3: GSP rpc RmControl seq=39
kf3: GSP rpc UNSERVICED Unserviced { code: 76, sequence: 39 }
kf3: GSP rpc RmControl seq=40
kf3: GSP rpc UNSERVICED Unserviced { code: 76, sequence: 40 }
kf3: GSP REFUSED fn76/0x20802a0f=0x56 (GSP_RM_CONTROL) first_seq=40 — the guest read a non-OK status
kf3: mem t=18.326s walk reconciled [0xffffffff00000002:+1-1r0] completed=[(3, Cleared)] unreconciled=[]
kf3: mem t=18.327s walk reconciled [0xffffffff00000002:+1-0r0] completed=[(4, Cleared)] unreconciled=[]
kf3: mem t=18.328s walk reconciled [0xffffffff00000002:+1-0r0] completed=[(5, Cleared)] unreconciled=[]
kf3: GSP rpc RmControl seq=41
kf3: GSP rpc UNSERVICED Unserviced { code: 76, sequence: 41 }
kf3: GSP REFUSED fn76/0x2080017e=0x56 (GSP_RM_CONTROL) first_seq=41 — the guest read a non-OK status
kf3: GSP rpc RmControl seq=42
kf3: mem t=18.330s walk reconciled [0xffffffff00000002:+1-0r0] completed=[(6, Cleared)] unreconciled=[]
kf3: mem t=18.332s walk reconciled [0xffffffff00000002:+1-0r0] completed=[(7, Cleared)] unreconciled=[]
kf3: mem t=18.332s walk reconciled [0xffffffff00000002:+1-0r0] completed=[(8, Cleared)] unreconciled=[]
kf3: mem t=18.333s walk reconciled [0xffffffff00000002:+1-0r0] completed=[(9, Cleared)] unreconciled=[]
kf3: GSP rpc RmControl seq=43
kf3: mem t=18.335s walk reconciled [0xffffffff00000002:+1-0r0] completed=[(10, Cleared)] unreconciled=[]
kf3: mem t=18.336s walk reconciled [0xffffffff00000002:+1-0r0] completed=[(11, Cleared)] unreconciled=[]
kf3: mem t=18.337s walk reconciled [0xffffffff00000002:+1-0r0] completed=[(12, Cleared)] unreconciled=[]
kf3: mem t=18.338s walk reconciled [0xffffffff00000002:+1-0r0] completed=[(13, Cleared)] unreconciled=[]
kf3: mem t=18.340s walk reconciled [0xffffffff00000002:+1-0r0] completed=[(15, Cleared)] unreconciled=[]
kf3: mem t=18.341s walk reconciled [0xffffffff00000001:+0-0r0] completed=[(16, Cleared)] unreconciled=[]
kf-rm: chanlink: client 0xc1e00005 root: kernel=true internal=true
kf3: GSP rpc RmAlloc seq=44
kf3: GSP rpc RmAlloc seq=45
kf3: GSP rpc RmAlloc seq=46
kf3: GSP rpc RmControl seq=47
kf3: GSP rpc RmControl seq=48
kf3: GSP rpc RmControl seq=49
kf3: GSP rpc RmControl seq=50
kf3: GSP rpc RmControl seq=51
kf3: GSP rpc UNSERVICED Unserviced { code: 76, sequence: 51 }
kf3: GSP REFUSED fn76/0x20800a30=0x56 (GSP_RM_CONTROL) first_seq=51 — the guest read a non-OK status
kf3: GSP rpc RmControl seq=52
kf3: GSP rpc RmControl seq=53
kf3: GSP rpc UNSERVICED Unserviced { code: 76, sequence: 53 }
kf3: GSP REFUSED fn76/0x20800a2e=0x56 (GSP_RM_CONTROL) first_seq=53 — the guest read a non-OK status
kf3: GSP rpc RmControl seq=54
kf3: GSP rpc RmControl seq=55
kf3: GSP rpc UNSERVICED Unserviced { code: 76, sequence: 55 }
kf3: GSP REFUSED fn76/0x20800b03=0x56 (GSP_RM_CONTROL) first_seq=55 — the guest read a non-OK status
kf3: GSP rpc RmControl seq=56
kf3: GSP rpc UNSERVICED Unserviced { code: 76, sequence: 56 }
kf3: GSP REFUSED fn76/0x20800b05=0x56 (GSP_RM_CONTROL) first_seq=56 — the guest read a non-OK status
kf3: GSP rpc RmControl seq=57
kf3: GSP rpc RmControl seq=58
kf3: GSP rpc UNSERVICED Unserviced { code: 76, sequence: 58 }
kf3: GSP REFUSED fn76/0x20800a3f=0x56 (GSP_RM_CONTROL) first_seq=58 — the guest read a non-OK status
kf3: GSP rpc RmControl seq=59
kf3: GSP rpc RmControl seq=60
kf3: GSP rpc Free seq=61
kf3: GSP rpc Free seq=62
kf3: GSP rpc Free seq=63
kf3: mem t=18.344s walk reconciled [0xffffffff00000001:+0-0r0] completed=[(17, Cleared)] unreconciled=[]
kf3: mem t=18.345s walk reconciled [0xffffffff00000002:+0-0r0] completed=[(18, Cleared)] unreconciled=[]
kf3: mem t=18.347s walk reconciled [0xffffffff00000001:+1-0r0] completed=[(19, Cleared)] unreconciled=[]
kf-rm: chanlink: client 0xc1e00006 root: kernel=true internal=true
kf3: GSP rpc RmAlloc seq=64
kf3: GSP rpc RmAlloc seq=65
kf3: GSP rpc RmAlloc seq=66
kf3: mem t=18.349s walk reconciled [0xffffffff00000002:+1-0r0] completed=[(20, Cleared)] unreconciled=[]
kf3: mem t=18.350s walk reconciled [0xffffffff00000002:+1-0r0] completed=[(21, Cleared)] unreconciled=[]
kf3: mem t=18.351s walk reconciled [0xffffffff00000002:+1-0r0] completed=[(22, Cleared)] unreconciled=[]
kf3: mem t=18.353s walk reconciled [0xffffffff00000002:+1-0r0] completed=[(23, Cleared)] unreconciled=[]
kf-rm: chanlink: FERMI_VASPACE_A 0xc1e00006:0xc under 0xa (device default for it: 0xc)
kf3: GSP rpc RmAlloc seq=67
kayfabe: HELD-REPLY fn=RmControl depth=1 — this map reply WAITS for its rows
kf3: GSP rpc RmControl seq=68
kf3: mem t=18.353s pagedir VasKey(13970166069873082380) root=0x1efba5000 First
kf3: mem t=18.354s walk reconciled [0xc1e000060000000c:+0-0r0] completed=[] unreconciled=[]
kayfabe: HELD-REPLY-POSTED n=1 — their rows are on the host now
kf3: GSP rpc Free seq=69
kf3: mem t=18.355s walk reconciled [0xffffffff00000002:+1-0r0] completed=[(24, Cleared)] unreconciled=[]
kf3: mem t=18.355s walk reconciled [0xffffffff00000002:+1-0r0] completed=[(25, Cleared)] unreconciled=[]
kf3: mem t=18.357s walk reconciled [0xffffffff00000002:+1-0r0] completed=[(26, Cleared)] unreconciled=[]
kf-host: map_scattered 6 pieces 0x6d000 bytes: stitch 96 us, descriptor 446 us, hand view to reaper 150 us, map 356 us
kf3: mem t=18.359s walk reconciled [0xc1e000060000000c:+6-0r0] completed=[(27, Cleared)] unreconciled=[]
kf3: mem t=18.360s walk reconciled [0xc1e000060000000c:+1-0r0] completed=[(28, Cleared)] unreconciled=[]
kf3: GSP rpc RmControl seq=70
kf3: mem t=18.362s walk reconciled [0xffffffff00000002:+1-0r0] completed=[(29, Cleared)] unreconciled=[]
kayfabe: HELD-REPLY fn=RmAlloc depth=1 — this map reply WAITS for its rows
kf3: GSP rpc RmAlloc seq=71
kf3: act birth translated: chan 0xc1e00006:0x2 BORN Translated: token 0x801 -> host 0x10018 in VasKey(13970166069873082380) gpfifo=0x120064000x4096 userd=Some(Framebuffer { base: 8254128128, size: 512 }) engine=0xb tsg=None kernel_by=PRIVILEGE=KERNEL rm-internal ring_va=0xff00000000 userd_at_birth(GP_PUT,GP_GET)=(Some(0), Some(0)) zeroed=512B (5622 us, off the GSP lock)
kayfabe: HELD-REPLY-POSTED n=1 — their rows are on the host now
kf3: mem t=18.368s walk reconciled [0xffffffff00000001:+0-0r0] completed=[(30, Cleared)] unreconciled=[]
kf3: mem t=18.369s walk reconciled [0xffffffff00000002:+1-0r0] completed=[(31, Cleared)] unreconciled=[]
kf3: mem t=18.370s walk reconciled [0xffffffff00000001:+1-0r0] completed=[(32, Cleared)] unreconciled=[]
kf3: GSP rpc RmAlloc seq=72
kf3: chan 0xc1e00006:0x2 GPFIFO_SCHEDULE enable=true (token 0x801, host 0x10018)
kf3: GSP rpc RmControl seq=73
kf3: chan token 0x801: GP_PUT=0 at USERD+0x0+0x8c; non-zero words in its page: []
kf3: GSP rpc RmAlloc seq=74
kf3: GSP rpc RmControl seq=75
kf-rm: chanlink: client 0xc1e00007 root: kernel=true internal=true
kf3: GSP rpc RmAlloc seq=76
kf3: GSP rpc RmAlloc seq=77
kf3: GSP rpc RmAlloc seq=78
kf-rm: chanlink: FERMI_VASPACE_A 0xc1e00007:0xa under 0xb (device default for it: 0xa)
kf3: GSP rpc RmAlloc seq=79
kf3: mem t=18.381s walk reconciled [0xffffffff00000002:+1-0r0] completed=[(33, Cleared)] unreconciled=[]
kf3: mem t=18.381s walk reconciled [0xffffffff00000002:+1-0r0] completed=[(34, Cleared)] unreconciled=[]
kf3: mem t=18.382s walk reconciled [0xffffffff00000002:+1-0r0] completed=[(35, Cleared)] unreconciled=[]
kf3: mem t=18.383s walk reconciled [0xffffffff00000002:+1-0r0] completed=[(36, Cleared)] unreconciled=[]
kayfabe: HELD-REPLY fn=RmControl depth=1 — this map reply WAITS for its rows
kf3: GSP rpc RmControl seq=80
kf3: mem t=18.383s pagedir VasKey(13970166074168049674) root=0x1efa6c000 First
kf3: mem t=18.383s walk reconciled [0xc1e000070000000a:+0-0r0] completed=[] unreconciled=[]
kayfabe: HELD-REPLY-POSTED n=1 — their rows are on the host now
kf3: mem t=18.385s walk reconciled [0xffffffff00000002:+1-0r0] completed=[(37, Cleared)] unreconciled=[]
kf3: mem t=18.387s walk reconciled [0xffffffff00000002:+1-0r0] completed=[(38, Cleared)] unreconciled=[]
kf3: mem t=18.388s walk reconciled [0xffffffff00000002:+1-0r0] completed=[(39, Cleared)] unreconciled=[]
kf3: mem t=18.388s walk reconciled [0xffffffff00000002:+1-0r0] completed=[(40, Cleared)] unreconciled=[]
kf3: mem t=18.390s walk reconciled [0xffffffff00000002:+1-0r0] completed=[(41, Cleared)] unreconciled=[]
kf3: mem t=18.391s walk reconciled [0xffffffff00000002:+1-0r0] completed=[(42, Cleared)] unreconciled=[]
kf3: mem t=18.392s walk reconciled [0xffffffff00000002:+1-0r0] completed=[(43, Cleared)] unreconciled=[]
kf3: mem t=18.393s walk reconciled [0xffffffff00000002:+1-0r0] completed=[(44, Cleared)] unreconciled=[]
kf3: mem t=18.395s walk reconciled [0xffffffff00000002:+1-0r0] completed=[(45, Cleared)] unreconciled=[]
kf3: mem t=18.396s walk reconciled [0xffffffff00000002:+1-0r0] completed=[(46, Cleared)] unreconciled=[]
kf3: mem t=18.397s walk reconciled [0xffffffff00000002:+1-0r0] completed=[(47, Cleared)] unreconciled=[]
kf3: mem t=18.398s walk reconciled [0xffffffff00000002:+1-0r0] completed=[(48, Cleared)] unreconciled=[]
kf3: mem t=18.400s walk reconciled [0xffffffff00000002:+1-0r0] completed=[(49, Cleared)] unreconciled=[]
kf3: mem t=18.401s walk reconciled [0xffffffff00000002:+1-0r0] completed=[(50, Cleared)] unreconciled=[]
kf3: mem t=18.402s walk reconciled [0xffffffff00000002:+1-0r0] completed=[(51, Cleared)] unreconciled=[]
kf3: mem t=18.403s walk reconciled [0xffffffff00000002:+1-0r0] completed=[(52, Cleared)] unreconciled=[]
kf3: mem t=18.741s walk reconciled [0xc1e000070000000a:+2-0r0] completed=[(53, Cleared)] unreconciled=[]
kf3: mem t=18.743s walk reconciled [0xffffffff00000002:+1-0r0] completed=[(54, Cleared)] unreconciled=[]
kf3: mem t=18.744s walk reconciled [0xffffffff00000002:+1-0r0] completed=[(55, Cleared)] unreconciled=[]
kf3: mem t=18.745s walk reconciled [0xffffffff00000002:+1-0r0] completed=[(56, Cleared)] unreconciled=[]
kf3: mem t=18.745s walk reconciled [0xc1e000070000000a:+1-0r0] completed=[(57, Cleared)] unreconciled=[]
kf3: mem t=18.746s walk reconciled [0xc1e000070000000a:+1-0r0] completed=[(58, Cleared)] unreconciled=[]
kf3: GSP rpc RmControl seq=81
kf3: mem t=18.748s walk reconciled [0xffffffff00000002:+1-0r0] completed=[(59, Cleared)] unreconciled=[]
kayfabe: HELD-REPLY fn=RmAlloc depth=1 — this map reply WAITS for its rows
kf3: GSP rpc RmAlloc seq=82
kf3: act birth translated: chan 0xc1e00007:0x2 BORN Translated: token 0x802 -> host 0x10019 in VasKey(13970166074168049674) gpfifo=0x320064000x4096 userd=Some(Framebuffer { base: 8254193664, size: 512 }) engine=0xb tsg=None kernel_by=PRIVILEGE=KERNEL rm-internal ring_va=0xff00000000 userd_at_birth(GP_PUT,GP_GET)=(Some(0), Some(0)) zeroed=512B (4956 us, off the GSP lock)
kayfabe: HELD-REPLY-POSTED n=1 — their rows are on the host now
kf3: mem t=18.755s walk reconciled [0xffffffff00000002:+1-0r0] completed=[(60, Cleared)] unreconciled=[]
kf3: GSP rpc RmAlloc seq=83
kf3: chan 0xc1e00007:0x2 BIND engine=0xb (host 0x10019)
kf3: GSP rpc RmControl seq=84
kf3: chan 0xc1e00007:0x2 GPFIFO_SCHEDULE enable=true (token 0x802, host 0x10019)
kf3: GSP rpc RmControl seq=85
kf3: chan token 0x802: GP_PUT=0 at USERD+0x0+0x8c; non-zero words in its page: []
kf3: GSP rpc RmAlloc seq=86
kf3: GSP rpc RmControl seq=87
kf3: mem t=18.764s walk reconciled [0xffffffff00000002:+1-0r0] completed=[(61, Cleared)] unreconciled=[]
kf-rm: chanlink: client 0xc1e00008 root: kernel=true internal=true
kf3: GSP rpc RmAlloc seq=88
kf3: GSP rpc RmAlloc seq=89
kf3: GSP rpc RmAlloc seq=90
kf-rm: chanlink: FERMI_VASPACE_A 0xc1e00008:0xbaba0042 under 0xcaf00000 (device default for it: 0xbaba0042)
kf3: GSP rpc RmAlloc seq=91
kf3: mem t=18.765s walk reconciled [0xffffffff00000002:+0-0r0] completed=[(62, Cleared)] unreconciled=[]
kf3: mem t=18.766s walk reconciled [0xffffffff00000002:+1-0r0] completed=[(63, Cleared)] unreconciled=[]
kf3: mem t=18.767s walk reconciled [0xffffffff00000002:+1-0r0] completed=[(64, Cleared)] unreconciled=[]
kf3: mem t=18.768s walk reconciled [0xffffffff00000002:+1-0r0] completed=[(65, Cleared)] unreconciled=[]
kayfabe: HELD-REPLY fn=RmControl depth=1 — this map reply WAITS for its rows
kf3: GSP rpc RmControl seq=92
kf3: mem t=18.768s pagedir VasKey(13970166081595768898) root=0x1efa54000 First
kf3: mem t=18.769s walk reconciled [0xc1e00008baba0042:+0-0r0] completed=[] unreconciled=[]
kayfabe: HELD-REPLY-POSTED n=1 — their rows are on the host now
kf3: mem t=18.770s walk reconciled [0xffffffff00000002:+1-0r0] completed=[(66, Cleared)] unreconciled=[]
kf3: mem t=18.771s walk reconciled [0xffffffff00000002:+1-0r0] completed=[(67, Cleared)] unreconciled=[]
kf3: mem t=18.772s walk reconciled [0xffffffff00000002:+1-0r0] completed=[(68, Cleared)] unreconciled=[]
kf3: GSP rpc RmControl seq=93
kf3: mem t=18.773s walk reconciled [0xffffffff00000002:+1-0r0] completed=[(69, Cleared)] unreconciled=[]
kf3: chan 0xc1e00008:0xbaba0045 class=0xc56f engine=0x1 kernel=true vaspace=Some(baba0042) chid=Some(3) — a KERNEL non-CE channel: not born (kernel GR is P7)
kf3: GSP rpc RmAlloc seq=94
kf3: VasKey(13970166081595768898) root 0x1efa54000: 1 privileged run(s) mirrored — a guest-kernel space or CPU window
kf3: mem t=18.775s walk reconciled [0xc1e00008baba0042:+1-0r0] completed=[(70, Cleared)] unreconciled=[]
kf3: VasKey(13970166081595768898) root 0x1efa54000: 1 privileged run(s) mirrored — a guest-kernel space or CPU window
kf3: mem t=18.776s walk reconciled [0xc1e00008baba0042:+1-0r0] completed=[(71, Cleared)] unreconciled=[]
kf3: mem t=18.776s walk reconciled [0xc1e00008baba0042:+1-0r0] completed=[(72, Cleared)] unreconciled=[]
kf3: mem t=18.777s walk reconciled [0xc1e00008baba0042:+1-0r0] completed=[(73, Cleared)] unreconciled=[]
kf3: VasKey(13970166081595768898) root 0x1efa54000: 1 privileged run(s) mirrored — a guest-kernel space or CPU window
kf3: mem t=18.778s walk reconciled [0xc1e00008baba0042:+1-0r0] completed=[(74, Cleared)] unreconciled=[]
kf3: VasKey(13970166081595768898) root 0x1efa54000: 1 privileged run(s) mirrored — a guest-kernel space or CPU window
kf3: mem t=18.780s walk reconciled [0xc1e00008baba0042:+1-0r0] completed=[(75, Cleared)] unreconciled=[]
kf3: VasKey(13970166081595768898) root 0x1efa54000: 1 privileged run(s) mirrored — a guest-kernel space or CPU window
kf3: mem t=18.780s walk reconciled [0xc1e00008baba0042:+1-0r0] completed=[(76, Cleared)] unreconciled=[]
kf3: mem t=18.781s walk reconciled [0xffffffff00000002:+1-0r0] completed=[(77, Cleared)] unreconciled=[]
kf3: VasKey(13970166081595768898) root 0x1efa54000: 1 privileged run(s) mirrored — a guest-kernel space or CPU window
kf3: mem t=18.781s walk reconciled [0xc1e00008baba0042:+1-0r0] completed=[(78, Cleared)] unreconciled=[]
kf-rm: chanlink: GPU_PROMOTE_CTX on 0xc1e00008:0xcaf00001 params=560 rpc_flags=0x0
kf3: chan 0xc1e00008:0xbaba0045 GPU_PROMOTE_CTX: no passthrough twin — not ours (entries=9)
kf3: GSP rpc RmControl seq=95
kf3: GSP rpc UNSERVICED Unserviced { code: 76, sequence: 95 }
kf3: GSP REFUSED fn76/0x2080012b=0x56 (GSP_RM_CONTROL) first_seq=95 — the guest read a non-OK status
kf3: mem t=18.793s walk reconciled [0xc1e00008baba0042:+0-1r0] completed=[(79, Cleared)] unreconciled=[]
kf3: GSP rpc Free seq=96
kf3: mem t=18.805s walk reconciled [0xc1e00008baba0042:+0-1r0] completed=[(80, Cleared)] unreconciled=[]
kf3: mem t=18.806s walk reconciled [0xc1e00008baba0042:+0-1r0] completed=[(81, Cleared)] unreconciled=[]
kf3: mem t=18.807s walk reconciled [0xc1e00008baba0042:+0-1r0] completed=[(82, Cleared)] unreconciled=[]
kf3: mem t=18.821s walk reconciled [0xc1e00008baba0042:+0-0r0] completed=[(83, Cleared)] unreconciled=[]
kf3: mem t=18.822s walk reconciled [0xc1e00008baba0042:+0-1r0] completed=[(84, Cleared)] unreconciled=[]
kf3: mem t=18.822s walk reconciled [0xc1e00008baba0042:+0-1r0] completed=[(85, Cleared)] unreconciled=[]
kf3: mem t=18.823s walk reconciled [0xc1e00008baba0042:+0-1r0] completed=[(86, Cleared)] unreconciled=[]
kf3: mem t=18.825s walk reconciled [0xc1e00008baba0042:+0-1r0] completed=[(87, Cleared)] unreconciled=[]
kf3: GSP rpc Free seq=97
kf3: mem t=18.825s retire VasKey(13970166081595768898): 0 row(s) unmapped (0 refused) in 1 us, 0 host call(s), host space 0xcafe0011 kept as a spare — host RM over its life: 8 map call(s) (8 per-run, 0 batch(es) x2 carrying 0 runs, 0 batch(es) refused) in 0 ms; 8 unmap call(s) (0 range(s)) + 0 free(s) in 0 ms
kf3: GSP rpc Free seq=98
kf3: GSP rpc Free seq=99
kf3: GSP rpc Free seq=100
kf3: GSP rpc RmControl seq=101
kf3: GSP rpc UNSERVICED Unserviced { code: 76, sequence: 101 }
kf3: GSP REFUSED fn76/0x2080013f=0x56 (GSP_RM_CONTROL) first_seq=101 — the guest read a non-OK status
kf-rm: chanlink: client 0xc1d00009 root: kernel=true internal=false
kf3: GSP rpc RmAlloc seq=102
kf3: GSP rpc RmAlloc seq=103
kf3: GSP rpc RmAlloc seq=104
kf3: GSP rpc RmAlloc seq=105
kf3: mem t=18.842s walk reconciled [0xffffffff00000002:+0-0r0] completed=[(88, Cleared)] unreconciled=[]
kf3: mem t=18.843s walk reconciled [0xffffffff00000002:+0-0r0] completed=[(89, Cleared)] unreconciled=[]
kf3: mem t=18.844s walk reconciled [0xffffffff00000002:+0-0r0] completed=[(90, Cleared)] unreconciled=[]
kf3: mem t=18.845s walk reconciled [0xffffffff00000002:+0-0r0] completed=[(91, Cleared)] unreconciled=[]
kf-rm: chanlink: FERMI_VASPACE_A 0xc1d00009:0xcaf00000 under 0x31415903 (device default for it: 0xcaf00000)
kf3: GSP rpc RmAlloc seq=106
kayfabe: HELD-REPLY fn=RmControl depth=1 — this map reply WAITS for its rows
kf3: GSP rpc RmControl seq=107
kf3: mem t=18.846s pagedir VasKey(13965662486535340032) root=0x1efa54000 First
kf3: mem t=18.846s walk reconciled [0xc1d00009caf00000:+0-0r0] completed=[] unreconciled=[]
kayfabe: HELD-REPLY-POSTED n=1 — their rows are on the host now
kf3: GSP rpc Free seq=108
kf3: mem t=18.847s walk reconciled [0xffffffff00000002:+0-0r0] completed=[(92, Cleared)] unreconciled=[]
kf3: mem t=18.847s walk reconciled [0xffffffff00000002:+0-0r0] completed=[(93, Cleared)] unreconciled=[]
kf3: mem t=18.849s walk reconciled [0xc1d00009caf00000:+1-0r0] completed=[(94, Cleared)] unreconciled=[]
kf3: GSP rpc RmControl seq=109
kf3: mem t=18.850s walk reconciled [0xffffffff00000002:+0-0r0] completed=[(95, Cleared)] unreconciled=[]
kf-rm: RPC-REFUSED #1 AllocClassNotPermitted { class: 50031, denial: NotOnAllowlist } ⇒ answered NV_ERR_NOT_SUPPORTED (0x56). ⊘ The guest sees only the status; this line is the only place the REASON exists. (printing the first 24; the total rides the refusal census)
kf3: GSP rpc RmAlloc seq=110
kf3: GSP REFUSED fn103/0x0000c36f=0x56 (GSP_RM_ALLOC) first_seq=110 — the guest read a non-OK status
kf3: mem t=18.886s walk reconciled [0xc1d00009caf00000:+0-1r0] completed=[(96, Cleared)] unreconciled=[]
kf3: GSP rpc Free seq=111
kf3: GSP rpc Free seq=112
kf3: GSP rpc Free seq=113
kf3: GSP rpc Free seq=114
kf3: mem t=18.886s retire VasKey(13965662486535340032): 0 row(s) unmapped (0 refused) in 1 us, 0 host call(s), host space 0xcafe0011 kept as a spare — host RM over its life: 1 map call(s) (1 per-run, 0 batch(es) x2 carrying 0 runs, 0 batch(es) refused) in 0 ms; 1 unmap call(s) (0 range(s)) + 0 free(s) in 0 ms
kf-rm: chanlink: client 0xc1d0000a root: kernel=true internal=false
kf3: GSP rpc RmAlloc seq=115
kf3: GSP rpc RmAlloc seq=116
kf3: GSP rpc RmAlloc seq=117
kf-rm: RPC-REFUSED #2 AllocClassNotPermitted { class: 16428, denial: Refused { name: "NV40_I2C", why: NoPhysicalBoardBus } } ⇒ answered NV_ERR_NOT_SUPPORTED (0x56). ⊘ The guest sees only the status; this line is the only place the REASON exists. (printing the first 24; the total rides the refusal census)
kf3: GSP rpc RmAlloc seq=118
kf3: GSP REFUSED fn103/0x0000402c=0x56 (GSP_RM_ALLOC) first_seq=118 — the guest read a non-OK status
kf-rm: chanlink: client 0xc1d0000b root: kernel=false internal=false
kf3: GSP rpc RmAlloc seq=119
kf3: GSP rpc RmAlloc seq=120
kf3: GSP rpc RmAlloc seq=121
kf-rm: chanlink: client 0xc1d0000c root: kernel=false internal=false
kf3: GSP rpc RmAlloc seq=122
kf3: GSP rpc RmAlloc seq=123
kf3: GSP rpc RmAlloc seq=124
kf-rm: chanlink: FERMI_VASPACE_A 0xc1d0000b:0xcafe0004 under 0xcafe0001 (device default for it: 0xcafe0004)
kf3: GSP rpc RmAlloc seq=125
kf3: mem t=18.907s walk reconciled [0xffffffff00000002:+1-1r0] completed=[(97, Cleared)] unreconciled=[]
kf3: mem t=18.910s walk reconciled [0xffffffff00000002:+1-1r0] completed=[(98, Cleared)] unreconciled=[]
kf3: mem t=18.911s walk reconciled [0xffffffff00000002:+1-1r0] completed=[(99, Cleared)] unreconciled=[]
kf3: mem t=18.912s walk reconciled [0xffffffff00000002:+1-1r0] completed=[(100, Cleared)] unreconciled=[]
kayfabe: HELD-REPLY fn=RmControl depth=1 — this map reply WAITS for its rows
kf3: GSP rpc RmControl seq=126
kf3: mem t=18.912s pagedir VasKey(13965662495126192132) root=0x0 First
kf3: mem t=18.912s walk reconciled [0xc1d0000bcafe0004:+0-0r0] completed=[] unreconciled=[]
kayfabe: HELD-REPLY-POSTED n=1 — their rows are on the host now
kf3: GSP rpc RmAlloc seq=127
kf-rm: chanlink: FERMI_VASPACE_A 0xc1d0000c:0xcafe0004 under 0xcafe0001 (device default for it: 0xcafe0004)
kf3: GSP rpc RmAlloc seq=128
kf3: mem t=18.914s walk reconciled [0xffffffff00000002:+1-1r0] completed=[(101, Cleared)] unreconciled=[]
kf3: mem t=18.916s walk reconciled [0xffffffff00000002:+1-1r0] completed=[(102, Cleared)] unreconciled=[]
kf3: mem t=18.917s walk reconciled [0xffffffff00000002:+1-1r0] completed=[(103, Cleared)] unreconciled=[]
kf3: mem t=18.918s walk reconciled [0xffffffff00000002:+1-1r0] completed=[(104, Cleared)] unreconciled=[]
kayfabe: HELD-REPLY fn=RmControl depth=1 — this map reply WAITS for its rows
kf3: GSP rpc RmControl seq=129
kf3: VasKey(13965662499421159428) mirror space=0xcafe0026: windows fb=0x1fffe00000000+0x200000000 ram=0x1fffd80000000+0x80000000 rings=0xff00000000+0x100000000 (131856 us: vaspace 2288 ram_obj 0 fb_window 1998 ram_window 127554)
kf3: mem t=19.050s pagedir VasKey(13965662499421159428) root=0x4000 First
kf3: mem t=19.051s walk reconciled [0xc1d0000ccafe0004:+0-0r0] completed=[] unreconciled=[]
kayfabe: HELD-REPLY-POSTED n=1 — their rows are on the host now
kf3: GSP rpc RmAlloc seq=130
kf3: mem t=19.055s walk reconciled [0xffffffff00000002:+1-1r0] completed=[(105, Cleared)] unreconciled=[]
kf3: mem t=19.056s walk reconciled [0xffffffff00000002:+1-0r0] completed=[(106, Cleared)] unreconciled=[]
kf3: mem t=19.057s walk reconciled [0xc1d0000bcafe0004:+1-0r0] completed=[(107, Cleared)] unreconciled=[]
kf3: GSP rpc RmControl seq=131
kf3: GSP rpc RmAlloc seq=132
kf3: GSP rpc RmControl seq=133
kf3: mem t=19.061s walk reconciled [0xffffffff00000002:+1-0r0] completed=[(108, Cleared)] unreconciled=[]
kayfabe: HELD-REPLY fn=RmAlloc depth=1 — this map reply WAITS for its rows
kf3: GSP rpc RmAlloc seq=134
kf3: act birth passthrough: chan 0xc1d0000b:0xcafe0008 BORN Passthrough: token 0x3 -> host 0x1a in VasKey(13965662495126192132) gpfifo=0x2000001000x64 userd=Store { store: 3405643781, off: 143360 } engine=0x9 declared_kernel_pid=false privilege=1 rc=none (3499 us, off the GSP lock)
kayfabe: HELD-REPLY-POSTED n=1 — their rows are on the host now
kf3: chan 0xc1d0000b:0xcafe0008 BIND engine=0x9 (passthrough host 0x1a)
kf3: GSP rpc RmControl seq=135
kf3: mem t=19.068s walk reconciled [0xffffffff00000001:+0-0r0] completed=[(109, Cleared)] unreconciled=[]
kf3: mem t=19.069s walk reconciled [0xffffffff00000001:+1-0r0] completed=[(110, Cleared)] unreconciled=[]
kayfabe: HELD-REPLY fn=RmControl depth=1 — this map reply WAITS for its rows
kf3: GSP rpc RmControl seq=136
kf3: act schedule: 0xc1d0000b:0xcafe0007 GPFIFO_SCHEDULE enable=true on 1 twin(s) (0 restarted after STOP) (543 us, off the GSP lock)
kayfabe: HELD-REPLY-POSTED n=1 — their rows are on the host now
kf3: mem t=19.073s walk reconciled [0xffffffff00000001:+0-0r0] completed=[(111, Cleared)] unreconciled=[]
kf3: mem t=19.075s walk reconciled [0xffffffff00000001:+1-0r0] completed=[(112, Cleared)] unreconciled=[]
kf3: mem t=19.079s walk reconciled [0xffffffff00000001:+0-0r0] completed=[(113, Cleared)] unreconciled=[]
kf3: mem t=19.081s walk reconciled [0xffffffff00000001:+1-0r0] completed=[(114, Cleared)] unreconciled=[]
kf3: mem t=19.084s walk reconciled [0xffffffff00000002:+1-0r0] completed=[(115, Cleared)] unreconciled=[]
kf3: mem t=19.085s walk reconciled [0xffffffff00000002:+1-0r0] completed=[(116, Cleared)] unreconciled=[]
kf3: mem t=19.088s walk reconciled [0xc1d0000bcafe0004:+1-0r0] completed=[(117, Cleared)] unreconciled=[]
kf3: mem t=19.100s walk reconciled [0xffffffff00000001:+0-0r0] completed=[(118, Cleared)] unreconciled=[]
kf3: mem t=19.102s walk reconciled [0xffffffff00000001:+1-0r0] completed=[(119, Cleared)] unreconciled=[]
kf3: mem t=19.106s walk reconciled [0xffffffff00000002:+1-0r0] completed=[(120, Cleared)] unreconciled=[]
kf3: mem t=19.107s walk reconciled [0xffffffff00000002:+1-0r0] completed=[(121, Cleared)] unreconciled=[]
kf3: mem t=19.108s walk reconciled [0xc1d0000bcafe0004:+1-0r0] completed=[(122, Cleared)] unreconciled=[]
kf3: mem t=19.117s walk reconciled [0xffffffff00000002:+1-0r0] completed=[(123, Cleared)] unreconciled=[]
kf3: mem t=19.127s walk reconciled [0xffffffff00000002:+1-0r0] completed=[(124, Cleared)] unreconciled=[]
kf3: mem t=19.129s walk reconciled [0xc1d0000bcafe0004:+1-0r0] completed=[(125, Cleared)] unreconciled=[]
kf3: mem t=19.131s walk reconciled [0xffffffff00000002:+1-0r0] completed=[(126, Cleared)] unreconciled=[]
kf3: mem t=19.132s walk reconciled [0xffffffff00000002:+1-0r0] completed=[(127, Cleared)] unreconciled=[]
kf3: mem t=19.134s walk reconciled [0xc1d0000bcafe0004:+1-0r0] completed=[(128, Cleared)] unreconciled=[]
kf3: mem t=19.149s walk reconciled [0xffffffff00000002:+1-0r0] completed=[(129, Cleared)] unreconciled=[]
kf3: mem t=19.151s walk reconciled [0xffffffff00000002:+1-0r0] completed=[(130, Cleared)] unreconciled=[]
kf3: mem t=19.152s walk reconciled [0xc1d0000bcafe0004:+1-0r0] completed=[(131, Cleared)] unreconciled=[]
kf3: mem t=19.167s walk reconciled [0xffffffff00000002:+1-0r0] completed=[(132, Cleared)] unreconciled=[]
kf3: mem t=19.168s walk reconciled [0xffffffff00000002:+1-0r0] completed=[(133, Cleared)] unreconciled=[]
kf3: mem t=19.170s walk reconciled [0xc1d0000bcafe0004:+1-0r0] completed=[(134, Cleared)] unreconciled=[]
kf3: mem t=19.191s walk reconciled [0xc1d0000bcafe0004:+0-1r0] completed=[(135, Cleared)] unreconciled=[]
kf3: mem t=19.192s walk reconciled [0xc1d0000bcafe0004:+0-1r0] completed=[(136, Cleared)] unreconciled=[]
kf3: mem t=19.194s walk reconciled [0xffffffff00000001:+0-1r0] completed=[(137, Cleared)] unreconciled=[]
kf3: mem t=19.195s walk reconciled [0xffffffff00000002:+0-0r0] completed=[(138, Cleared)] unreconciled=[]
kf3: mem t=19.197s walk reconciled [0xffffffff00000002:+0-0r0] completed=[(139, Cleared)] unreconciled=[]
kf3: mem t=19.198s walk reconciled [0xc1d0000bcafe0004:+1-0r0] completed=[(140, Cleared)] unreconciled=[]
kf3: mem t=19.199s walk reconciled [0xc1d0000bcafe0004:+0-1r0] completed=[(141, Cleared)] unreconciled=[]
kf3: mem t=19.201s walk reconciled [0xffffffff00000002:+0-0r0] completed=[(142, Cleared)] unreconciled=[]
kf3: mem t=19.201s walk reconciled [0xffffffff00000002:+0-0r0] completed=[(143, Cleared)] unreconciled=[]
kf3: mem t=19.203s walk reconciled [0xc1d0000bcafe0004:+1-0r0] completed=[(144, Cleared)] unreconciled=[]
kf3: mem t=19.204s walk reconciled [0xc1d0000bcafe0004:+0-1r0] completed=[(145, Cleared)] unreconciled=[]
kf3: mem t=19.206s walk reconciled [0xffffffff00000001:+0-0r0] completed=[(146, Cleared)] unreconciled=[]
kf3: mem t=19.206s walk reconciled [0xffffffff00000001:+1-0r0] completed=[(147, Cleared)] unreconciled=[]
kf3: mem t=19.220s walk reconciled [0xffffffff00000002:+0-0r0] completed=[(148, Cleared)] unreconciled=[]
kf3: mem t=19.221s walk reconciled [0xffffffff00000002:+0-0r0] completed=[(149, Cleared)] unreconciled=[]
kf3: mem t=19.223s walk reconciled [0xc1d0000bcafe0004:+1-0r0] completed=[(150, Cleared)] unreconciled=[]
kf3: mem t=19.234s walk reconciled [0xffffffff00000002:+0-0r0] completed=[(151, Cleared)] unreconciled=[]
kf3: mem t=19.234s walk reconciled [0xffffffff00000002:+0-0r0] completed=[(152, Cleared)] unreconciled=[]
kf3: mem t=19.235s walk reconciled [0xc1d0000bcafe0004:+1-0r0] completed=[(153, Cleared)] unreconciled=[]
kf3: mem t=19.244s walk reconciled [0xc1d0000bcafe0004:+0-1r0] completed=[(154, Cleared)] unreconciled=[]
kf3: mem t=19.245s walk reconciled [0xc1d0000bcafe0004:+0-1r0] completed=[(155, Cleared)] unreconciled=[]
kf3: mem t=19.246s walk reconciled [0xffffffff00000001:+0-1r0] completed=[(156, Cleared)] unreconciled=[]
kf3: mem t=19.248s walk reconciled [0xffffffff00000002:+0-0r0] completed=[(157, Cleared)] unreconciled=[]
kf3: mem t=19.249s walk reconciled [0xffffffff00000002:+0-0r0] completed=[(158, Cleared)] unreconciled=[]
kf3: mem t=19.249s walk reconciled [0xc1d0000bcafe0004:+1-0r0] completed=[(159, Cleared)] unreconciled=[]
kf3: mem t=19.250s walk reconciled [0xc1d0000bcafe0004:+0-1r0] completed=[(160, Cleared)] unreconciled=[]
kf3: mem t=19.252s walk reconciled [0xffffffff00000002:+0-0r0] completed=[(161, Cleared)] unreconciled=[]
kf3: mem t=19.253s walk reconciled [0xffffffff00000002:+0-0r0] completed=[(162, Cleared)] unreconciled=[]
kf3: mem t=19.254s walk reconciled [0xc1d0000bcafe0004:+1-0r0] completed=[(163, Cleared)] unreconciled=[]
kf3: mem t=19.255s walk reconciled [0xc1d0000bcafe0004:+0-1r0] completed=[(164, Cleared)] unreconciled=[]
kf3: mem t=19.256s walk reconciled [0xffffffff00000001:+0-0r0] completed=[(165, Cleared)] unreconciled=[]
kf3: mem t=19.258s walk reconciled [0xffffffff00000001:+1-0r0] completed=[(166, Cleared)] unreconciled=[]
kf3: mem t=19.260s walk reconciled [0xffffffff00000002:+0-0r0] completed=[(167, Cleared)] unreconciled=[]
kf3: mem t=19.261s walk reconciled [0xffffffff00000002:+0-0r0] completed=[(168, Cleared)] unreconciled=[]
kf3: mem t=19.262s walk reconciled [0xc1d0000bcafe0004:+1-0r0] completed=[(169, Cleared)] unreconciled=[]
kf3: mem t=19.267s walk reconciled [0xc1d0000bcafe0004:+0-1r0] completed=[(170, Cleared)] unreconciled=[]
kf3: mem t=19.269s walk reconciled [0xc1d0000bcafe0004:+0-1r0] completed=[(171, Cleared)] unreconciled=[]
kf3: mem t=19.270s walk reconciled [0xffffffff00000001:+0-1r0] completed=[(172, Cleared)] unreconciled=[]
kf3: mem t=19.271s walk reconciled [0xffffffff00000002:+0-0r0] completed=[(173, Cleared)] unreconciled=[]
kf3: mem t=19.273s walk reconciled [0xffffffff00000002:+0-0r0] completed=[(174, Cleared)] unreconciled=[]
kf3: mem t=19.273s walk reconciled [0xc1d0000bcafe0004:+1-0r0] completed=[(175, Cleared)] unreconciled=[]
kf3: mem t=19.275s walk reconciled [0xc1d0000bcafe0004:+0-1r0] completed=[(176, Cleared)] unreconciled=[]
kf3: mem t=19.276s walk reconciled [0xffffffff00000002:+0-0r0] completed=[(177, Cleared)] unreconciled=[]
kf3: mem t=19.277s walk reconciled [0xffffffff00000002:+0-0r0] completed=[(178, Cleared)] unreconciled=[]
kf3: mem t=19.278s walk reconciled [0xc1d0000bcafe0004:+1-0r0] completed=[(179, Cleared)] unreconciled=[]
kf3: mem t=19.280s walk reconciled [0xc1d0000bcafe0004:+0-1r0] completed=[(180, Cleared)] unreconciled=[]
kf3: mem t=19.281s walk reconciled [0xc1d0000bcafe0004:+0-1r0] completed=[(181, Cleared)] unreconciled=[]
kf3: mem t=19.282s walk reconciled [0xffffffff00000002:+0-0r0] completed=[(182, Cleared)] unreconciled=[]
kf3: mem t=19.282s walk reconciled [0xffffffff00000002:+0-0r0] completed=[(183, Cleared)] unreconciled=[]
kf3: mem t=19.283s walk reconciled [0xc1d0000bcafe0004:+1-0r0] completed=[(184, Cleared)] unreconciled=[]
kf3: mem t=19.284s walk reconciled [0xc1d0000bcafe0004:+0-1r0] completed=[(185, Cleared)] unreconciled=[]
kf3: mem t=19.289s walk reconciled [0xc1d0000bcafe0004:+0-1r0] completed=[(186, Cleared)] unreconciled=[]
kf3: mem t=19.290s walk reconciled [0xffffffff00000001:+0-1r0] completed=[(187, Cleared)] unreconciled=[]
kf3: mem t=19.291s walk reconciled [0xc1d0000bcafe0004:+0-1r0] completed=[(188, Cleared)] unreconciled=[]
kf3: mem t=19.291s walk reconciled [0xffffffff00000001:+0-1r0] completed=[(189, Cleared)] unreconciled=[]
kayfabe: HELD-REPLY fn=Free depth=1 — this map reply WAITS for its rows
kf3: GSP rpc Free seq=137
kf3: DOORBELL-LEDGER tok=0x00000003 route=passthrough rung=24 emulated=0 forwarded=24 host=0x1a
kf3: act free: 0xc1d0000b:0xcafe0008: passthrough 0xc1d0000b:0xcafe0008 token 0x3 host 0x1a objects=0 ctx=CtxBind { initialized: 0, va_bound: 0, bound: false, promotes: 0, evicts: 0 } freed (2349 us, off the GSP lock)
kayfabe: HELD-REPLY-POSTED n=1 — their rows are on the host now
kf3: mem t=19.297s walk reconciled [0xc1d0000bcafe0004:+0-1r0] completed=[(190, Cleared)] unreconciled=[]
kf3: GSP rpc Free seq=138
kf3: mem t=19.298s walk reconciled [0xffffffff00000001:+0-1r0] completed=[(191, Cleared)] unreconciled=[]
kf3: mem t=19.303s walk reconciled [0xffffffff00000002:+0-0r0] completed=[(192, Cleared)] unreconciled=[]
kf3: mem t=19.303s walk reconciled [0xffffffff00000002:+0-0r0] completed=[(193, Cleared)] unreconciled=[]
kf3: mem t=19.304s walk reconciled [0xc1d0000bcafe0004:+1-0r0] completed=[(194, Cleared)] unreconciled=[]
kf3: mem t=19.307s walk reconciled [0xffffffff00000002:+1-1r0] completed=[(195, Cleared)] unreconciled=[]
kf3: mem t=19.308s walk reconciled [0xffffffff00000002:+1-1r0] completed=[(196, Cleared)] unreconciled=[]
kf3: mem t=19.310s walk reconciled [0xc1d0000ccafe0004:+1-0r0] completed=[(197, Cleared)] unreconciled=[]
kf3: mem t=19.311s walk reconciled [0xffffffff00000002:+1-1r0] completed=[(198, Cleared)] unreconciled=[]
kf3: mem t=19.313s walk reconciled [0xffffffff00000002:+1-1r0] completed=[(199, Cleared)] unreconciled=[]
kf3: mem t=19.313s walk reconciled [0xc1d0000bcafe0004:+1-0r0] completed=[(200, Cleared)] unreconciled=[]
kf3: GSP rpc RmControl seq=139
kf3: GSP rpc RmAlloc seq=140
kf3: GSP rpc RmControl seq=141
kf3: GSP rpc RmControl seq=142
kf3: GSP rpc RmAlloc seq=143
kf3: GSP rpc RmControl seq=144
kf3: GSP rpc RmControl seq=145
kf3: GSP rpc RmAlloc seq=146
kf3: GSP rpc RmControl seq=147
kf3: mem t=19.317s walk reconciled [0xffffffff00000002:+1-1r0] completed=[(201, Cleared)] unreconciled=[]
kayfabe: HELD-REPLY fn=RmAlloc depth=1 — this map reply WAITS for its rows
kf3: GSP rpc RmAlloc seq=148
kf3: act birth passthrough: chan 0xc1d0000b:0xcafe0021 BORN Passthrough: token 0x3 -> host 0x1a in VasKey(13965662495126192132) gpfifo=0x2000001000x64 userd=Store { store: 3405643781, off: 143360 } engine=0x9 declared_kernel_pid=false privilege=1 rc=none (3760 us, off the GSP lock)
kayfabe: HELD-REPLY-POSTED n=1 — their rows are on the host now
kf3: chan 0xc1d0000b:0xcafe0021 BIND engine=0x9 (passthrough host 0x1a)
kf3: GSP rpc RmControl seq=149
kf3: mem t=19.323s walk reconciled [0xffffffff00000001:+0-0r0] completed=[(202, Cleared)] unreconciled=[]
kf3: mem t=19.324s walk reconciled [0xffffffff00000001:+1-0r0] completed=[(203, Cleared)] unreconciled=[]
kayfabe: HELD-REPLY fn=RmControl depth=1 — this map reply WAITS for its rows
kf3: GSP rpc RmControl seq=150
kf3: act schedule: 0xc1d0000b:0xcafe001f GPFIFO_SCHEDULE enable=true on 1 twin(s) (0 restarted after STOP) (552 us, off the GSP lock)
kayfabe: HELD-REPLY-POSTED n=1 — their rows are on the host now
kf3: mem t=19.328s walk reconciled [0xffffffff00000002:+1-1r0] completed=[(204, Cleared)] unreconciled=[]
kayfabe: HELD-REPLY fn=RmAlloc depth=1 — this map reply WAITS for its rows
kf3: GSP rpc RmAlloc seq=151
kf3: act birth passthrough: chan 0xc1d0000c:0xcafe0008 BORN Passthrough: token 0x4 -> host 0x1b in VasKey(13965662499421159428) gpfifo=0x2000001000x64 userd=Store { store: 3405643781, off: 208896 } engine=0x9 declared_kernel_pid=false privilege=1 rc=none (2812 us, off the GSP lock)
kayfabe: HELD-REPLY-POSTED n=1 — their rows are on the host now
kf3: mem t=19.334s walk reconciled [0xffffffff00000002:+1-1r0] completed=[(205, Cleared)] unreconciled=[]
kayfabe: HELD-REPLY fn=RmAlloc depth=1 — this map reply WAITS for its rows
kf3: GSP rpc RmAlloc seq=152
kf3: act birth passthrough: chan 0xc1d0000b:0xcafe0022 BORN Passthrough: token 0x5 -> host 0x1c in VasKey(13965662495126192132) gpfifo=0x2800001000x64 userd=Store { store: 3405643781, off: 274432 } engine=0x9 declared_kernel_pid=false privilege=1 rc=none (2714 us, off the GSP lock)
kayfabe: HELD-REPLY-POSTED n=1 — their rows are on the host now
kf3: chan 0xc1d0000b:0xcafe0022 BIND engine=0x9 (passthrough host 0x1c)
kf3: GSP rpc RmControl seq=153
kf3: chan 0xc1d0000c:0xcafe0008 BIND engine=0x9 (passthrough host 0x1b)
kf3: GSP rpc RmControl seq=154
kf3: mem t=19.341s walk reconciled [0xffffffff00000001:+0-0r0] completed=[(206, Cleared)] unreconciled=[]
kf3: mem t=19.342s walk reconciled [0xffffffff00000001:+1-0r0] completed=[(207, Cleared)] unreconciled=[]
kf3: mem t=19.343s walk reconciled [0xffffffff00000001:+0-0r0] completed=[(208, Cleared)] unreconciled=[]
kf3: mem t=19.344s walk reconciled [0xffffffff00000001:+1-0r0] completed=[(209, Cleared)] unreconciled=[]
kf3: mem t=19.346s walk reconciled [0xffffffff00000001:+0-0r0] completed=[(210, Cleared)] unreconciled=[]
kf3: mem t=19.347s walk reconciled [0xffffffff00000001:+1-0r0] completed=[(211, Cleared)] unreconciled=[]
kayfabe: HELD-REPLY fn=RmControl depth=1 — this map reply WAITS for its rows
kf3: GSP rpc RmControl seq=155
kf3: act schedule: 0xc1d0000b:0xcafe0020 GPFIFO_SCHEDULE enable=true on 1 twin(s) (0 restarted after STOP) (498 us, off the GSP lock)
kayfabe: HELD-REPLY-POSTED n=1 — their rows are on the host now
kayfabe: HELD-REPLY fn=RmControl depth=1 — this map reply WAITS for its rows
kf3: GSP rpc RmControl seq=156
kf3: act schedule: 0xc1d0000c:0xcafe0007 GPFIFO_SCHEDULE enable=true on 1 twin(s) (0 restarted after STOP) (497 us, off the GSP lock)
kayfabe: HELD-REPLY-POSTED n=1 — their rows are on the host now
kf3: mem t=19.352s walk reconciled [0xffffffff00000001:+0-0r0] completed=[(212, Cleared)] unreconciled=[]
kf3: mem t=19.353s walk reconciled [0xffffffff00000001:+1-0r0] completed=[(213, Cleared)] unreconciled=[]
kf3: mem t=19.357s walk reconciled [0xffffffff00000001:+0-0r0] completed=[(214, Cleared)] unreconciled=[]
kf3: mem t=19.358s walk reconciled [0xffffffff00000001:+1-0r0] completed=[(215, Cleared)] unreconciled=[]
kf3: mem t=19.363s walk reconciled [0xffffffff00000002:+1-1r0] completed=[(216, Cleared)] unreconciled=[]
kf3: mem t=19.364s walk reconciled [0xffffffff00000002:+0-0r0] completed=[(217, Cleared)] unreconciled=[]
kf3: mem t=19.364s walk reconciled [0xc1d0000bcafe0004:+1-0r0] completed=[(218, Cleared)] unreconciled=[]
kf3: mem t=19.366s walk reconciled [0xffffffff00000001:+0-0r0] completed=[(219, Cleared)] unreconciled=[]
kf3: mem t=19.368s walk reconciled [0xffffffff00000001:+1-0r0] completed=[(220, Cleared)] unreconciled=[]
kf3: mem t=19.380s walk reconciled [0xffffffff00000002:+1-1r0] completed=[(221, Cleared)] unreconciled=[]
kf3: mem t=19.381s walk reconciled [0xffffffff00000002:+0-0r0] completed=[(222, Cleared)] unreconciled=[]
kf3: mem t=19.381s walk reconciled [0xc1d0000ccafe0004:+1-0r0] completed=[(223, Cleared)] unreconciled=[]
kf3: mem t=19.386s walk reconciled [0xffffffff00000002:+1-1r0] completed=[(224, Cleared)] unreconciled=[]
kf3: mem t=19.387s walk reconciled [0xffffffff00000002:+0-0r0] completed=[(225, Cleared)] unreconciled=[]
kf3: mem t=19.387s walk reconciled [0xc1d0000bcafe0004:+1-0r0] completed=[(226, Cleared)] unreconciled=[]
kf3: mem t=19.400s walk reconciled [0xffffffff00000002:+1-0r0] completed=[(227, Cleared)] unreconciled=[]
kf3: mem t=19.400s walk reconciled [0xffffffff00000002:+1-0r0] completed=[(228, Cleared)] unreconciled=[]
kf3: mem t=19.401s walk reconciled [0xc1d0000bcafe0004:+1-0r0] completed=[(229, Cleared)] unreconciled=[]
kf3: mem t=19.402s walk reconciled [0xffffffff00000001:+0-0r0] completed=[(230, Cleared)] unreconciled=[]
kf3: mem t=19.403s walk reconciled [0xffffffff00000001:+1-0r0] completed=[(231, Cleared)] unreconciled=[]
kf3: mem t=19.410s walk reconciled [0xffffffff00000001:+0-0r0] completed=[(232, Cleared)] unreconciled=[]
kf3: mem t=19.412s walk reconciled [0xffffffff00000001:+1-0r0] completed=[(233, Cleared)] unreconciled=[]
kf3: mem t=19.416s walk reconciled [0xffffffff00000001:+0-0r0] completed=[(234, Cleared)] unreconciled=[]
kf3: mem t=19.416s walk reconciled [0xffffffff00000001:+1-0r0] completed=[(235, Cleared)] unreconciled=[]
kf3: mem t=19.425s walk reconciled [0xffffffff00000002:+1-0r0] completed=[(236, Cleared)] unreconciled=[]
kf3: mem t=19.426s walk reconciled [0xffffffff00000002:+1-0r0] completed=[(237, Cleared)] unreconciled=[]
kf3: mem t=19.427s walk reconciled [0xc1d0000bcafe0004:+1-0r0] completed=[(238, Cleared)] unreconciled=[]
kayfabe: HELD-REPLY fn=Free depth=1 — this map reply WAITS for its rows
kf3: GSP rpc Free seq=157
kf3: DOORBELL-LEDGER tok=0x00000004 route=passthrough rung=12 emulated=0 forwarded=12 host=0x1b
kf3: act free: 0xc1d0000c:0xcafe0008: passthrough 0xc1d0000c:0xcafe0008 token 0x4 host 0x1b objects=0 ctx=CtxBind { initialized: 0, va_bound: 0, bound: false, promotes: 0, evicts: 0 } freed (1904 us, off the GSP lock)
kayfabe: HELD-REPLY-POSTED n=1 — their rows are on the host now
kf3: GSP rpc Free seq=158
kayfabe: HELD-REPLY fn=Free depth=1 — this map reply WAITS for its rows
kf3: GSP rpc Free seq=159
kf3: DOORBELL-LEDGER tok=0x00000003 route=passthrough rung=13 emulated=0 forwarded=13 host=0x1a
kf3: act free: 0xc1d0000b:0xcafe0021: passthrough 0xc1d0000b:0xcafe0021 token 0x3 host 0x1a objects=0 ctx=CtxBind { initialized: 0, va_bound: 0, bound: false, promotes: 0, evicts: 0 } freed (2006 us, off the GSP lock)
kayfabe: HELD-REPLY-POSTED n=1 — their rows are on the host now
kf3: GSP rpc Free seq=160
kayfabe: HELD-REPLY fn=Free depth=1 — this map reply WAITS for its rows
kf3: GSP rpc Free seq=161
kf3: DOORBELL-LEDGER tok=0x00000005 route=passthrough rung=29 emulated=0 forwarded=29 host=0x1c
kf3: act free: 0xc1d0000b:0xcafe0022: passthrough 0xc1d0000b:0xcafe0022 token 0x5 host 0x1c objects=0 ctx=CtxBind { initialized: 0, va_bound: 0, bound: false, promotes: 0, evicts: 0 } freed (2008 us, off the GSP lock)
kayfabe: HELD-REPLY-POSTED n=1 — their rows are on the host now
kf3: GSP rpc Free seq=162
kf3: GSP rpc RmControl seq=163
kf3: GSP rpc RmAlloc seq=164
kf3: GSP rpc RmControl seq=165
kf3: GSP rpc RmControl seq=166
kf3: GSP rpc RmAlloc seq=167
kf3: GSP rpc RmControl seq=168
kf3: GSP rpc RmControl seq=169
kf3: GSP rpc RmAlloc seq=170
kf3: GSP rpc RmControl seq=171
kayfabe: HELD-REPLY fn=RmAlloc depth=1 — this map reply WAITS for its rows
kf3: GSP rpc RmAlloc seq=172
kf3: act birth passthrough: chan 0xc1d0000b:0xcafe005f BORN Passthrough: token 0x3 -> host 0x1a in VasKey(13965662495126192132) gpfifo=0x2800001000x64 userd=Store { store: 3405643781, off: 208896 } engine=0x9 declared_kernel_pid=false privilege=1 rc=none (3411 us, off the GSP lock)
kayfabe: HELD-REPLY-POSTED n=1 — their rows are on the host now
kayfabe: HELD-REPLY fn=RmAlloc depth=1 — this map reply WAITS for its rows
kf3: GSP rpc RmAlloc seq=173
kf3: act birth passthrough: chan 0xc1d0000b:0xcafe005d BORN Passthrough: token 0x4 -> host 0x1b in VasKey(13965662495126192132) gpfifo=0x2000001000x64 userd=Store { store: 3405643781, off: 143360 } engine=0x9 declared_kernel_pid=false privilege=1 rc=none (2853 us, off the GSP lock)
kayfabe: HELD-REPLY-POSTED n=1 — their rows are on the host now
kf3: chan 0xc1d0000b:0xcafe005d BIND engine=0x9 (passthrough host 0x1b)
kf3: GSP rpc RmControl seq=174
kayfabe: HELD-REPLY fn=RmAlloc depth=1 — this map reply WAITS for its rows
kf3: GSP rpc RmAlloc seq=175
kf3: act birth passthrough: chan 0xc1d0000c:0xcafe0022 BORN Passthrough: token 0x5 -> host 0x1c in VasKey(13965662499421159428) gpfifo=0x2000001000x64 userd=Store { store: 3405643781, off: 77824 } engine=0x9 declared_kernel_pid=false privilege=1 rc=none (3015 us, off the GSP lock)
kayfabe: HELD-REPLY-POSTED n=1 — their rows are on the host now
kf3: chan 0xc1d0000b:0xcafe005f BIND engine=0x9 (passthrough host 0x1a)
kf3: GSP rpc RmControl seq=176
kayfabe: HELD-REPLY fn=RmControl depth=1 — this map reply WAITS for its rows
kf3: GSP rpc RmControl seq=177
kf3: act schedule: 0xc1d0000b:0xcafe005c GPFIFO_SCHEDULE enable=true on 1 twin(s) (0 restarted after STOP) (549 us, off the GSP lock)
kayfabe: HELD-REPLY-POSTED n=1 — their rows are on the host now
kf3: chan 0xc1d0000c:0xcafe0022 BIND engine=0x9 (passthrough host 0x1c)
kf3: GSP rpc RmControl seq=178
kayfabe: HELD-REPLY fn=RmControl depth=1 — this map reply WAITS for its rows
kf3: GSP rpc RmControl seq=179
kf3: act schedule: 0xc1d0000b:0xcafe005e GPFIFO_SCHEDULE enable=true on 1 twin(s) (0 restarted after STOP) (561 us, off the GSP lock)
kayfabe: HELD-REPLY-POSTED n=1 — their rows are on the host now
kayfabe: HELD-REPLY fn=RmControl depth=1 — this map reply WAITS for its rows
kf3: GSP rpc RmControl seq=180
kf3: act schedule: 0xc1d0000c:0xcafe0021 GPFIFO_SCHEDULE enable=true on 1 twin(s) (0 restarted after STOP) (434 us, off the GSP lock)
kayfabe: HELD-REPLY-POSTED n=1 — their rows are on the host now
kf3: family=Ampere phase=Running trapped=9878 applied=1051 refused=2 serviced=183 ram_refused=0 unshadowed_writes=2 read_exits=0 last_off=0xb830b0 mem[inval=575 walks=580/580 cleared=574 superseded=0 named_missed=1 unreconciled=0 mapped=262 unmapped=150 clipped=0x0 held=0 vmm_overlaps=0 priv_withheld=0 priv_withheld_bytes=0x0 priv_mirrored=6 fn70=1 roots=6 root_moves=0 stmts=11/11 refused=0 pramin_repoints=18 pramin_miss=0 last_miss=0x0 pramin_worst_us=620 (map 547 mmap 120) pramin_maps=18 pramin_mmaps=18 inline_opens=0 reaped=17 cache_ops=0 sysmembars=2 root_unsets=0] mirrors=1 reused=5 prewarmed=3 mirror_avg_us=131856 mirror_max_us=131856 vat[invals=573 arrive->clear_avg_us=1339 max_us=337353 walks=580 walk_avg_us=536 gpu_avg_us=247 plan_avg_us=0 apply_avg_us=736 leaves=0 host_calls=788] chan[births=2 pt_births=7 acts=20/0refused worst_act_us=5622 nsi=[GR0:580/0raised CE2:111/0raised] served=225 parks=1713 host_rings=113 contended=0 poisoned=0 tokens=[0x801:fwd=109,subs=109,serves=220,put=Some(109),gp_get=Some(109) 0x802:fwd=2,subs=2,serves=5,put=Some(2),gp_get=Some(2)]] views[armed=180 released=80 refused=0 held=100] rc[armed=0 unarmed=0 wakes=0 seen=0 posted=0] irq[writes=6911 raised=1 held=0 oor=0] unserviced=[0x20800a87,0x20800a4b,0x20800afe,0x20800aff,0x20800a80,0x20802a0f,0x2080017e,0x20800a30,0x20800a2e,0x20800b03,0x20800b05,0x20800a3f,0x2080012b,0x2080013f] gsp_refusals[total=17 distinct=16 [fn76/0x20800a87=0x56x1 fn76/0x20800a4b=0x56x1 fn76/0x20800afe=0x56x1 fn76/0x20800aff=0x56x1 fn76/0x20800a80=0x56x2 fn76/0x20802a0f=0x56x1 fn76/0x2080017e=0x56x1 fn76/0x20800a30=0x56x1 fn76/0x20800a2e=0x56x1 fn76/0x20800b03=0x56x1 fn76/0x20800b05=0x56x1 fn76/0x20800a3f=0x56x1 fn76/0x2080012b=0x56x1 fn76/0x2080013f=0x56x1 fn103/0x0000c36f=0x56x1 fn103/0x0000402c=0x56x1]]
kayfabe: HELD-REPLY fn=Free depth=1 — this map reply WAITS for its rows
kf3: GSP rpc Free seq=181
kf3: DOORBELL-LEDGER tok=0x00000004 route=passthrough rung=13 emulated=0 forwarded=13 host=0x1b
kf3: act free: 0xc1d0000b:0xcafe005d: passthrough 0xc1d0000b:0xcafe005d token 0x4 host 0x1b objects=0 ctx=CtxBind { initialized: 0, va_bound: 0, bound: false, promotes: 0, evicts: 0 } freed (1964 us, off the GSP lock)
kayfabe: HELD-REPLY-POSTED n=1 — their rows are on the host now
kf3: GSP rpc Free seq=182
kayfabe: HELD-REPLY fn=Free depth=1 — this map reply WAITS for its rows
kf3: GSP rpc Free seq=183
kf3: DOORBELL-LEDGER tok=0x00000005 route=passthrough rung=12 emulated=0 forwarded=12 host=0x1c
kf3: act free: 0xc1d0000c:0xcafe0022: passthrough 0xc1d0000c:0xcafe0022 token 0x5 host 0x1c objects=0 ctx=CtxBind { initialized: 0, va_bound: 0, bound: false, promotes: 0, evicts: 0 } freed (1656 us, off the GSP lock)
kayfabe: HELD-REPLY-POSTED n=1 — their rows are on the host now
kf3: GSP rpc Free seq=184
kayfabe: HELD-REPLY fn=Free depth=1 — this map reply WAITS for its rows
kf3: GSP rpc Free seq=185
kf3: DOORBELL-LEDGER tok=0x00000003 route=passthrough rung=29 emulated=0 forwarded=29 host=0x1a
kf3: act free: 0xc1d0000b:0xcafe005f: passthrough 0xc1d0000b:0xcafe005f token 0x3 host 0x1a objects=0 ctx=CtxBind { initialized: 0, va_bound: 0, bound: false, promotes: 0, evicts: 0 } freed (1362 us, off the GSP lock)
kayfabe: HELD-REPLY-POSTED n=1 — their rows are on the host now
kf3: GSP rpc Free seq=186
kf3: GSP rpc RmControl seq=187
kf3: GSP rpc RmAlloc seq=188
kf3: GSP rpc RmControl seq=189
kayfabe: HELD-REPLY fn=RmAlloc depth=1 — this map reply WAITS for its rows
kf3: GSP rpc RmAlloc seq=190
kf3: act birth passthrough: chan 0xc1d0000b:0xcafe009e BORN Passthrough: token 0x3 -> host 0x1a in VasKey(13965662495126192132) gpfifo=0x3800001000x64 userd=Store { store: 3405643781, off: 208896 } engine=0x9 declared_kernel_pid=false privilege=1 rc=none (2932 us, off the GSP lock)
kayfabe: HELD-REPLY-POSTED n=1 — their rows are on the host now
kf3: chan 0xc1d0000b:0xcafe009e BIND engine=0x9 (passthrough host 0x1a)
kf3: GSP rpc RmControl seq=191
kf3: GSP rpc RmControl seq=192
kf3: GSP rpc RmAlloc seq=193
kf3: GSP rpc RmControl seq=194
kf3: GSP rpc RmControl seq=195
kf3: GSP rpc RmAlloc seq=196
kf3: GSP rpc RmControl seq=197
kf3: GSP rpc RmControl seq=198
kf3: GSP rpc RmAlloc seq=199
kf3: GSP rpc RmControl seq=200
kayfabe: HELD-REPLY fn=RmAlloc depth=1 — this map reply WAITS for its rows
kf3: GSP rpc RmAlloc seq=201
kf3: act birth passthrough: chan 0xc1d0000b:0xcafe00a3 BORN Passthrough: token 0x4 -> host 0x1b in VasKey(13965662495126192132) gpfifo=0x4000001000x64 userd=Store { store: 3405643781, off: 471040 } engine=0x9 declared_kernel_pid=false privilege=1 rc=none (2979 us, off the GSP lock)
kayfabe: HELD-REPLY-POSTED n=1 — their rows are on the host now
kf3: GSP rpc RmControl seq=202
kf3: GSP rpc RmAlloc seq=203
kf3: GSP rpc RmControl seq=204
kf3: chan 0xc1d0000b:0xcafe00a3 BIND engine=0x9 (passthrough host 0x1b)
kf3: GSP rpc RmControl seq=205
kf3: GSP rpc RmControl seq=206
kf3: GSP rpc RmAlloc seq=207
kf3: GSP rpc RmControl seq=208
kayfabe: HELD-REPLY fn=RmAlloc depth=1 — this map reply WAITS for its rows
kf3: GSP rpc RmAlloc seq=209
kf3: act birth passthrough: chan 0xc1d0000c:0xcafe0041 BORN Passthrough: token 0x5 -> host 0x1c in VasKey(13965662499421159428) gpfifo=0x3000001000x64 userd=Store { store: 3405643781, off: 536576 } engine=0x9 declared_kernel_pid=false privilege=1 rc=none (2179 us, off the GSP lock)
kayfabe: HELD-REPLY-POSTED n=1 — their rows are on the host now
kayfabe: HELD-REPLY fn=RmAlloc depth=1 — this map reply WAITS for its rows
kf3: GSP rpc RmAlloc seq=210
kf3: act birth passthrough: chan 0xc1d0000b:0xcafe00a0 BORN Passthrough: token 0x6 -> host 0x1d in VasKey(13965662495126192132) gpfifo=0x2000001000x64 userd=Store { store: 3405643781, off: 77824 } engine=0x9 declared_kernel_pid=false privilege=1 rc=none (3069 us, off the GSP lock)
kayfabe: HELD-REPLY-POSTED n=1 — their rows are on the host now
kf3: chan 0xc1d0000c:0xcafe0041 BIND engine=0x9 (passthrough host 0x1c)
kf3: GSP rpc RmControl seq=211
kayfabe: HELD-REPLY fn=RmAlloc depth=1 — this map reply WAITS for its rows
kf3: GSP rpc RmAlloc seq=212
kf3: act birth passthrough: chan 0xc1d0000b:0xcafe00a1 BORN Passthrough: token 0x7 -> host 0x1e in VasKey(13965662495126192132) gpfifo=0x2800001000x64 userd=Store { store: 3405643781, off: 339968 } engine=0x9 declared_kernel_pid=false privilege=1 rc=none (3271 us, off the GSP lock)
kayfabe: HELD-REPLY-POSTED n=1 — their rows are on the host now
kf3: GSP rpc RmControl seq=213
kf3: GSP rpc RmAlloc seq=214
kf3: GSP rpc RmControl seq=215
kf3: chan 0xc1d0000b:0xcafe00a1 BIND engine=0x9 (passthrough host 0x1e)
kf3: GSP rpc RmControl seq=216
kayfabe: HELD-REPLY fn=RmAlloc depth=1 — this map reply WAITS for its rows
kf3: GSP rpc RmAlloc seq=217
kf3: act birth passthrough: chan 0xc1d0000c:0xcafe0043 BORN Passthrough: token 0x8 -> host 0x1f in VasKey(13965662499421159428) gpfifo=0x2800001000x64 userd=Store { store: 3405643781, off: 405504 } engine=0x9 declared_kernel_pid=false privilege=1 rc=none (2584 us, off the GSP lock)
kayfabe: HELD-REPLY-POSTED n=1 — their rows are on the host now
kf3: GSP rpc RmControl seq=218
kf3: GSP rpc RmAlloc seq=219
kf3: GSP rpc RmControl seq=220
kayfabe: HELD-REPLY fn=RmAlloc depth=1 — this map reply WAITS for its rows
kf3: GSP rpc RmAlloc seq=221
kf3: act birth passthrough: chan 0xc1d0000c:0xcafe0042 BORN Passthrough: token 0x9 -> host 0x20 in VasKey(13965662499421159428) gpfifo=0x2000001000x64 userd=Store { store: 3405643781, off: 143360 } engine=0x9 declared_kernel_pid=false privilege=1 rc=none (2952 us, off the GSP lock)
kayfabe: HELD-REPLY-POSTED n=1 — their rows are on the host now
kayfabe: HELD-REPLY fn=RmAlloc depth=1 — this map reply WAITS for its rows
kf3: GSP rpc RmAlloc seq=222
kf3: act birth passthrough: chan 0xc1d0000b:0xcafe00a5 BORN Passthrough: token 0xa -> host 0x21 in VasKey(13965662495126192132) gpfifo=0x3000001000x64 userd=Store { store: 3405643781, off: 667648 } engine=0x9 declared_kernel_pid=false privilege=1 rc=none (3053 us, off the GSP lock)
kayfabe: HELD-REPLY-POSTED n=1 — their rows are on the host now
kf3: chan 0xc1d0000b:0xcafe00a0 BIND engine=0x9 (passthrough host 0x1d)
kf3: GSP rpc RmControl seq=223
kf3: chan 0xc1d0000c:0xcafe0042 BIND engine=0x9 (passthrough host 0x20)
kf3: GSP rpc RmControl seq=224
kf3: chan 0xc1d0000b:0xcafe00a5 BIND engine=0x9 (passthrough host 0x21)
kf3: GSP rpc RmControl seq=225
kf3: GSP rpc RmControl seq=226
kf3: GSP rpc RmAlloc seq=227
kf3: GSP rpc RmControl seq=228
kayfabe: HELD-REPLY fn=RmAlloc depth=1 — this map reply WAITS for its rows
kf3: GSP rpc RmAlloc seq=229
kf3: act birth passthrough: chan 0xc1d0000c:0xcafe0045 BORN Passthrough: token 0xb -> host 0x22 in VasKey(13965662499421159428) gpfifo=0x3800001000x64 userd=Store { store: 3405643781, off: 602112 } engine=0x9 declared_kernel_pid=false privilege=1 rc=none (2284 us, off the GSP lock)
kayfabe: HELD-REPLY-POSTED n=1 — their rows are on the host now
kf3: chan 0xc1d0000c:0xcafe0043 BIND engine=0x9 (passthrough host 0x1f)
kf3: GSP rpc RmControl seq=230
kf3: chan 0xc1d0000c:0xcafe0045 BIND engine=0x9 (passthrough host 0x22)
kf3: GSP rpc RmControl seq=231
kayfabe: HELD-REPLY fn=RmControl depth=1 — this map reply WAITS for its rows
kf3: GSP rpc RmControl seq=232
kf3: act schedule: 0xc1d0000c:0xcafe0040 GPFIFO_SCHEDULE enable=true on 1 twin(s) (0 restarted after STOP) (514 us, off the GSP lock)
kayfabe: HELD-REPLY-POSTED n=1 — their rows are on the host now
kayfabe: HELD-REPLY fn=RmControl depth=1 — this map reply WAITS for its rows
kf3: GSP rpc RmControl seq=233
kf3: act schedule: 0xc1d0000c:0xcafe003e GPFIFO_SCHEDULE enable=true on 1 twin(s) (0 restarted after STOP) (356 us, off the GSP lock)
kayfabe: HELD-REPLY-POSTED n=1 — their rows are on the host now
kayfabe: HELD-REPLY fn=RmControl depth=1 — this map reply WAITS for its rows
kf3: GSP rpc RmControl seq=234
kf3: act schedule: 0xc1d0000b:0xcafe009b GPFIFO_SCHEDULE enable=true on 1 twin(s) (0 restarted after STOP) (474 us, off the GSP lock)
kayfabe: HELD-REPLY-POSTED n=1 — their rows are on the host now
kayfabe: HELD-REPLY fn=RmControl depth=1 — this map reply WAITS for its rows
kf3: GSP rpc RmControl seq=235
kf3: act schedule: 0xc1d0000b:0xcafe009d GPFIFO_SCHEDULE enable=true on 1 twin(s) (0 restarted after STOP) (448 us, off the GSP lock)
kayfabe: HELD-REPLY-POSTED n=1 — their rows are on the host now
kayfabe: HELD-REPLY fn=RmControl depth=1 — this map reply WAITS for its rows
kf3: GSP rpc RmControl seq=236
kf3: act schedule: 0xc1d0000c:0xcafe003f GPFIFO_SCHEDULE enable=true on 1 twin(s) (0 restarted after STOP) (385 us, off the GSP lock)
kayfabe: HELD-REPLY-POSTED n=1 — their rows are on the host now
kayfabe: HELD-REPLY fn=RmControl depth=1 — this map reply WAITS for its rows
kf3: GSP rpc RmControl seq=237
kf3: act schedule: 0xc1d0000b:0xcafe00a2 GPFIFO_SCHEDULE enable=true on 1 twin(s) (0 restarted after STOP) (365 us, off the GSP lock)
kayfabe: HELD-REPLY-POSTED n=1 — their rows are on the host now
kayfabe: HELD-REPLY fn=RmControl depth=1 — this map reply WAITS for its rows
kf3: GSP rpc RmControl seq=238
kf3: act schedule: 0xc1d0000c:0xcafe0044 GPFIFO_SCHEDULE enable=true on 1 twin(s) (0 restarted after STOP) (377 us, off the GSP lock)
kayfabe: HELD-REPLY-POSTED n=1 — their rows are on the host now
kayfabe: HELD-REPLY fn=RmControl depth=1 — this map reply WAITS for its rows
kf3: GSP rpc RmControl seq=239
kf3: act schedule: 0xc1d0000b:0xcafe00a4 GPFIFO_SCHEDULE enable=true on 1 twin(s) (0 restarted after STOP) (553 us, off the GSP lock)
kayfabe: HELD-REPLY-POSTED n=1 — their rows are on the host now
kayfabe: HELD-REPLY fn=RmControl depth=1 — this map reply WAITS for its rows
kf3: GSP rpc RmControl seq=240
kf3: act schedule: 0xc1d0000b:0xcafe009f GPFIFO_SCHEDULE enable=true on 1 twin(s) (0 restarted after STOP) (397 us, off the GSP lock)
kayfabe: HELD-REPLY-POSTED n=1 — their rows are on the host now
kayfabe: HELD-REPLY fn=Free depth=1 — this map reply WAITS for its rows
kf3: GSP rpc Free seq=241
kf3: DOORBELL-LEDGER tok=0x00000005 route=passthrough rung=4 emulated=0 forwarded=4 host=0x1c
kf3: act free: 0xc1d0000c:0xcafe0041: passthrough 0xc1d0000c:0xcafe0041 token 0x5 host 0x1c objects=0 ctx=CtxBind { initialized: 0, va_bound: 0, bound: false, promotes: 0, evicts: 0 } freed (1616 us, off the GSP lock)
kayfabe: HELD-REPLY-POSTED n=1 — their rows are on the host now
kf3: GSP rpc Free seq=242
kayfabe: HELD-REPLY fn=Free depth=1 — this map reply WAITS for its rows
kf3: GSP rpc Free seq=243
kf3: DOORBELL-LEDGER tok=0x00000009 route=passthrough rung=12 emulated=0 forwarded=12 host=0x20
kf3: act free: 0xc1d0000c:0xcafe0042: passthrough 0xc1d0000c:0xcafe0042 token 0x9 host 0x20 objects=0 ctx=CtxBind { initialized: 0, va_bound: 0, bound: false, promotes: 0, evicts: 0 } freed (1719 us, off the GSP lock)
kayfabe: HELD-REPLY-POSTED n=1 — their rows are on the host now
kayfabe: HELD-REPLY fn=Free depth=1 — this map reply WAITS for its rows
kf3: GSP rpc Free seq=244
kf3: DOORBELL-LEDGER tok=0x00000004 route=passthrough rung=4 emulated=0 forwarded=4 host=0x1b
kf3: act free: 0xc1d0000b:0xcafe00a3: passthrough 0xc1d0000b:0xcafe00a3 token 0x4 host 0x1b objects=0 ctx=CtxBind { initialized: 0, va_bound: 0, bound: false, promotes: 0, evicts: 0 } freed (1694 us, off the GSP lock)
kayfabe: HELD-REPLY-POSTED n=1 — their rows are on the host now
kayfabe: HELD-REPLY fn=Free depth=1 — this map reply WAITS for its rows
kf3: GSP rpc Free seq=245
kf3: DOORBELL-LEDGER tok=0x00000006 route=passthrough rung=13 emulated=0 forwarded=13 host=0x1d
kf3: act free: 0xc1d0000b:0xcafe00a0: passthrough 0xc1d0000b:0xcafe00a0 token 0x6 host 0x1d objects=0 ctx=CtxBind { initialized: 0, va_bound: 0, bound: false, promotes: 0, evicts: 0 } freed (1342 us, off the GSP lock)
kayfabe: HELD-REPLY-POSTED n=1 — their rows are on the host now
kf3: GSP rpc Free seq=246
kf3: GSP rpc Free seq=247
kf3: GSP rpc Free seq=248
kayfabe: HELD-REPLY fn=Free depth=1 — this map reply WAITS for its rows
kf3: GSP rpc Free seq=249
kf3: DOORBELL-LEDGER tok=0x00000003 route=passthrough rung=13 emulated=0 forwarded=13 host=0x1a
kf3: act free: 0xc1d0000b:0xcafe009e: passthrough 0xc1d0000b:0xcafe009e token 0x3 host 0x1a objects=0 ctx=CtxBind { initialized: 0, va_bound: 0, bound: false, promotes: 0, evicts: 0 } freed (1565 us, off the GSP lock)
kayfabe: HELD-REPLY-POSTED n=1 — their rows are on the host now
kf3: GSP rpc Free seq=250
kayfabe: HELD-REPLY fn=Free depth=1 — this map reply WAITS for its rows
kf3: GSP rpc Free seq=251
kf3: DOORBELL-LEDGER tok=0x00000008 route=passthrough rung=13 emulated=0 forwarded=13 host=0x1f
kf3: act free: 0xc1d0000c:0xcafe0043: passthrough 0xc1d0000c:0xcafe0043 token 0x8 host 0x1f objects=0 ctx=CtxBind { initialized: 0, va_bound: 0, bound: false, promotes: 0, evicts: 0 } freed (1304 us, off the GSP lock)
kayfabe: HELD-REPLY-POSTED n=1 — their rows are on the host now
kf3: GSP rpc Free seq=252
kayfabe: HELD-REPLY fn=Free depth=1 — this map reply WAITS for its rows
kf3: GSP rpc Free seq=253
kf3: DOORBELL-LEDGER tok=0x0000000a route=passthrough rung=15 emulated=0 forwarded=15 host=0x21
kf3: act free: 0xc1d0000b:0xcafe00a5: passthrough 0xc1d0000b:0xcafe00a5 token 0xa host 0x21 objects=0 ctx=CtxBind { initialized: 0, va_bound: 0, bound: false, promotes: 0, evicts: 0 } freed (1700 us, off the GSP lock)
kayfabe: HELD-REPLY-POSTED n=1 — their rows are on the host now
kf3: GSP rpc Free seq=254
kayfabe: HELD-REPLY fn=Free depth=1 — this map reply WAITS for its rows
kf3: GSP rpc Free seq=255
kf3: DOORBELL-LEDGER tok=0x0000000b route=passthrough rung=18 emulated=0 forwarded=18 host=0x22
kf3: act free: 0xc1d0000c:0xcafe0045: passthrough 0xc1d0000c:0xcafe0045 token 0xb host 0x22 objects=0 ctx=CtxBind { initialized: 0, va_bound: 0, bound: false, promotes: 0, evicts: 0 } freed (2085 us, off the GSP lock)
kayfabe: HELD-REPLY-POSTED n=1 — their rows are on the host now
kf3: GSP rpc Free seq=256
kf3: family=Ampere phase=Running trapped=30772 applied=1127 refused=2 serviced=259 ram_refused=0 unshadowed_writes=2 read_exits=0 last_off=0xb830b0 mem[inval=1805 walks=1810/1810 cleared=1804 superseded=0 named_missed=1 unreconciled=0 mapped=686 unmapped=542 clipped=0x0 held=0 vmm_overlaps=0 priv_withheld=0 priv_withheld_bytes=0x0 priv_mirrored=6 fn70=1 roots=6 root_moves=0 stmts=11/11 refused=0 pramin_repoints=18 pramin_miss=0 last_miss=0x0 pramin_worst_us=620 (map 547 mmap 120) pramin_maps=18 pramin_mmaps=18 inline_opens=0 reaped=17 cache_ops=0 sysmembars=2 root_unsets=0] mirrors=1 reused=5 prewarmed=3 mirror_avg_us=131856 mirror_max_us=131856 vat[invals=1230 arrive->clear_avg_us=663 max_us=337353 walks=1230 walk_avg_us=506 gpu_avg_us=238 plan_avg_us=0 apply_avg_us=112 leaves=1 host_calls=1584] chan[births=2 pt_births=16 acts=49/0refused worst_act_us=5622 nsi=[GR0:1810/0raised CE2:424/0raised] served=859 parks=4299 host_rings=437 contended=0 poisoned=0 tokens=[0x801:fwd=422,subs=422,serves=854,put=Some(422),gp_get=Some(422) 0x802:fwd=2,subs=2,serves=5,put=Some(2),gp_get=Some(2)]] views[armed=392 released=254 refused=0 held=138] rc[armed=0 unarmed=0 wakes=0 seen=0 posted=0] irq[writes=23551 raised=1 held=0 oor=0] unserviced=[0x20800a87,0x20800a4b,0x20800afe,0x20800aff,0x20800a80,0x20802a0f,0x2080017e,0x20800a30,0x20800a2e,0x20800b03,0x20800b05,0x20800a3f,0x2080012b,0x2080013f] gsp_refusals[total=17 distinct=16 [fn76/0x20800a87=0x56x1 fn76/0x20800a4b=0x56x1 fn76/0x20800afe=0x56x1 fn76/0x20800aff=0x56x1 fn76/0x20800a80=0x56x2 fn76/0x20802a0f=0x56x1 fn76/0x2080017e=0x56x1 fn76/0x20800a30=0x56x1 fn76/0x20800a2e=0x56x1 fn76/0x20800b03=0x56x1 fn76/0x20800b05=0x56x1 fn76/0x20800a3f=0x56x1 fn76/0x2080012b=0x56x1 fn76/0x2080013f=0x56x1 fn103/0x0000c36f=0x56x1 fn103/0x0000402c=0x56x1]]
kayfabe: HELD-REPLY fn=Free depth=1 — this map reply WAITS for its rows
kf3: GSP rpc Free seq=257
kf3: DOORBELL-LEDGER tok=0x00000007 route=passthrough rung=29 emulated=0 forwarded=29 host=0x1e
kf3: act free: 0xc1d0000b:0xcafe00a1: passthrough 0xc1d0000b:0xcafe00a1 token 0x7 host 0x1e objects=0 ctx=CtxBind { initialized: 0, va_bound: 0, bound: false, promotes: 0, evicts: 0 } freed (1784 us, off the GSP lock)
kayfabe: HELD-REPLY-POSTED n=1 — their rows are on the host now
kf3: GSP rpc Free seq=258
kf3: GSP rpc RmControl seq=259
kf3: GSP rpc RmAlloc seq=260
kf3: GSP rpc RmControl seq=261
kf3: GSP rpc RmControl seq=262
kf3: GSP rpc RmAlloc seq=263
kf3: GSP rpc RmControl seq=264
kayfabe: HELD-REPLY fn=RmAlloc depth=1 — this map reply WAITS for its rows
kf3: GSP rpc RmAlloc seq=265
kf3: act birth passthrough: chan 0xc1d0000b:0xcafe0128 BORN Passthrough: token 0x3 -> host 0x1a in VasKey(13965662495126192132) gpfifo=0x2000001000x64 userd=Store { store: 3405643781, off: 143360 } engine=0x9 declared_kernel_pid=false privilege=1 rc=none (3158 us, off the GSP lock)
kayfabe: HELD-REPLY-POSTED n=1 — their rows are on the host now
kf3: chan 0xc1d0000b:0xcafe0128 BIND engine=0x9 (passthrough host 0x1a)
kf3: GSP rpc RmControl seq=266
kf3: GSP rpc RmControl seq=267
kf3: GSP rpc RmAlloc seq=268
kf3: GSP rpc RmControl seq=269
kayfabe: HELD-REPLY fn=RmAlloc depth=1 — this map reply WAITS for its rows
kf3: GSP rpc RmAlloc seq=270
kf3: act birth passthrough: chan 0xc1d0000b:0xcafe012b BORN Passthrough: token 0x4 -> host 0x1b in VasKey(13965662495126192132) gpfifo=0x3800001000x64 userd=Store { store: 3405643781, off: 339968 } engine=0x9 declared_kernel_pid=false privilege=1 rc=none (2708 us, off the GSP lock)
kayfabe: HELD-REPLY-POSTED n=1 — their rows are on the host now
kf3: GSP rpc RmControl seq=271
kf3: GSP rpc RmAlloc seq=272
kf3: GSP rpc RmControl seq=273
kayfabe: HELD-REPLY fn=RmAlloc depth=1 — this map reply WAITS for its rows
kf3: GSP rpc RmAlloc seq=274
kf3: act birth passthrough: chan 0xc1d0000c:0xcafe00a6 BORN Passthrough: token 0x5 -> host 0x1c in VasKey(13965662499421159428) gpfifo=0x2000001000x64 userd=Store { store: 3405643781, off: 77824 } engine=0x9 declared_kernel_pid=false privilege=1 rc=none (2633 us, off the GSP lock)
kayfabe: HELD-REPLY-POSTED n=1 — their rows are on the host now
kf3: GSP rpc RmControl seq=275
kf3: GSP rpc RmAlloc seq=276
kf3: GSP rpc RmControl seq=277
kayfabe: HELD-REPLY fn=RmAlloc depth=1 — this map reply WAITS for its rows
kf3: GSP rpc RmAlloc seq=278
kf3: act birth passthrough: chan 0xc1d0000c:0xcafe00a9 BORN Passthrough: token 0x6 -> host 0x1d in VasKey(13965662499421159428) gpfifo=0x3800001000x64 userd=Store { store: 3405643781, off: 536576 } engine=0x9 declared_kernel_pid=false privilege=1 rc=none (2227 us, off the GSP lock)
kayfabe: HELD-REPLY-POSTED n=1 — their rows are on the host now
kf3: chan 0xc1d0000c:0xcafe00a9 BIND engine=0x9 (passthrough host 0x1d)
kf3: GSP rpc RmControl seq=279
kf3: GSP rpc RmControl seq=280
kf3: GSP rpc RmAlloc seq=281
kf3: GSP rpc RmControl seq=282
kf3: GSP rpc RmControl seq=283
kf3: GSP rpc RmAlloc seq=284
kf3: GSP rpc RmControl seq=285
kayfabe: HELD-REPLY fn=RmControl depth=1 — this map reply WAITS for its rows
kf3: GSP rpc RmControl seq=286
kf3: act schedule: 0xc1d0000b:0xcafe0127 GPFIFO_SCHEDULE enable=true on 1 twin(s) (0 restarted after STOP) (543 us, off the GSP lock)
kayfabe: HELD-REPLY-POSTED n=1 — their rows are on the host now
kf3: chan 0xc1d0000b:0xcafe012b BIND engine=0x9 (passthrough host 0x1b)
kf3: GSP rpc RmControl seq=287
kayfabe: HELD-REPLY fn=RmAlloc depth=1 — this map reply WAITS for its rows
kf3: GSP rpc RmAlloc seq=288
kf3: act birth passthrough: chan 0xc1d0000c:0xcafe00ac BORN Passthrough: token 0x7 -> host 0x1e in VasKey(13965662499421159428) gpfifo=0x2800001000x64 userd=Store { store: 3405643781, off: 471040 } engine=0x9 declared_kernel_pid=false privilege=1 rc=none (2479 us, off the GSP lock)
kayfabe: HELD-REPLY-POSTED n=1 — their rows are on the host now
kf3: chan 0xc1d0000c:0xcafe00ac BIND engine=0x9 (passthrough host 0x1e)
kf3: GSP rpc RmControl seq=289
kf3: chan 0xc1d0000c:0xcafe00a6 BIND engine=0x9 (passthrough host 0x1c)
kf3: GSP rpc RmControl seq=290
kf3: GSP rpc RmControl seq=291
kf3: GSP rpc RmAlloc seq=292
kf3: GSP rpc RmControl seq=293
kayfabe: HELD-REPLY fn=RmAlloc depth=1 — this map reply WAITS for its rows
kf3: GSP rpc RmAlloc seq=294
kf3: act birth passthrough: chan 0xc1d0000b:0xcafe0130 BORN Passthrough: token 0x8 -> host 0x1f in VasKey(13965662495126192132) gpfifo=0x3000001000x64 userd=Store { store: 3405643781, off: 667648 } engine=0x9 declared_kernel_pid=false privilege=1 rc=none (2753 us, off the GSP lock)
kayfabe: HELD-REPLY-POSTED n=1 — their rows are on the host now
kf3: GSP rpc RmControl seq=295
kf3: GSP rpc RmAlloc seq=296
kf3: GSP rpc RmControl seq=297
kf3: chan 0xc1d0000b:0xcafe0130 BIND engine=0x9 (passthrough host 0x1f)
kf3: GSP rpc RmControl seq=298
kayfabe: HELD-REPLY fn=RmAlloc depth=1 — this map reply WAITS for its rows
kf3: GSP rpc RmAlloc seq=299
kf3: act birth passthrough: chan 0xc1d0000b:0xcafe012d BORN Passthrough: token 0x9 -> host 0x20 in VasKey(13965662495126192132) gpfifo=0x2800001000x64 userd=Store { store: 3405643781, off: 208896 } engine=0x9 declared_kernel_pid=false privilege=1 rc=none (2629 us, off the GSP lock)
kayfabe: HELD-REPLY-POSTED n=1 — their rows are on the host now
kayfabe: HELD-REPLY fn=RmAlloc depth=1 — this map reply WAITS for its rows
kf3: GSP rpc RmAlloc seq=300
kf3: act birth passthrough: chan 0xc1d0000c:0xcafe00ab BORN Passthrough: token 0xa -> host 0x21 in VasKey(13965662499421159428) gpfifo=0x3000001000x64 userd=Store { store: 3405643781, off: 405504 } engine=0x9 declared_kernel_pid=false privilege=1 rc=none (3317 us, off the GSP lock)
kayfabe: HELD-REPLY-POSTED n=1 — their rows are on the host now
kf3: chan 0xc1d0000b:0xcafe012d BIND engine=0x9 (passthrough host 0x20)
kf3: GSP rpc RmControl seq=301
kf3: chan 0xc1d0000c:0xcafe00ab BIND engine=0x9 (passthrough host 0x21)
kf3: GSP rpc RmControl seq=302
kayfabe: HELD-REPLY fn=RmControl depth=1 — this map reply WAITS for its rows
kf3: GSP rpc RmControl seq=303
kf3: act schedule: 0xc1d0000c:0xcafe00a8 GPFIFO_SCHEDULE enable=true on 1 twin(s) (0 restarted after STOP) (333 us, off the GSP lock)
kayfabe: HELD-REPLY-POSTED n=1 — their rows are on the host now
kayfabe: HELD-REPLY fn=RmAlloc depth=1 — this map reply WAITS for its rows
kf3: GSP rpc RmAlloc seq=304
kf3: act birth passthrough: chan 0xc1d0000b:0xcafe0131 BORN Passthrough: token 0xb -> host 0x22 in VasKey(13965662495126192132) gpfifo=0x4000001000x64 userd=Store { store: 3405643781, off: 733184 } engine=0x9 declared_kernel_pid=false privilege=1 rc=none (2595 us, off the GSP lock)
kayfabe: HELD-REPLY-POSTED n=1 — their rows are on the host now
kf3: chan 0xc1d0000b:0xcafe0131 BIND engine=0x9 (passthrough host 0x22)
kf3: GSP rpc RmControl seq=305
kayfabe: HELD-REPLY fn=RmControl depth=1 — this map reply WAITS for its rows
kf3: GSP rpc RmControl seq=306
kf3: act schedule: 0xc1d0000c:0xcafe00aa GPFIFO_SCHEDULE enable=true on 1 twin(s) (0 restarted after STOP) (346 us, off the GSP lock)
kayfabe: HELD-REPLY-POSTED n=1 — their rows are on the host now
kayfabe: HELD-REPLY fn=RmControl depth=1 — this map reply WAITS for its rows
kf3: GSP rpc RmControl seq=307
kf3: act schedule: 0xc1d0000b:0xcafe0129 GPFIFO_SCHEDULE enable=true on 1 twin(s) (0 restarted after STOP) (348 us, off the GSP lock)
kayfabe: HELD-REPLY-POSTED n=1 — their rows are on the host now
kayfabe: HELD-REPLY fn=RmControl depth=1 — this map reply WAITS for its rows
kf3: GSP rpc RmControl seq=308
kf3: act schedule: 0xc1d0000c:0xcafe00a7 GPFIFO_SCHEDULE enable=true on 1 twin(s) (0 restarted after STOP) (335 us, off the GSP lock)
kayfabe: HELD-REPLY-POSTED n=1 — their rows are on the host now
kayfabe: HELD-REPLY fn=RmControl depth=1 — this map reply WAITS for its rows
kf3: GSP rpc RmControl seq=309
kf3: act schedule: 0xc1d0000b:0xcafe012a GPFIFO_SCHEDULE enable=true on 1 twin(s) (0 restarted after STOP) (369 us, off the GSP lock)
kayfabe: HELD-REPLY-POSTED n=1 — their rows are on the host now
kayfabe: HELD-REPLY fn=RmControl depth=1 — this map reply WAITS for its rows
kf3: GSP rpc RmControl seq=310
kf3: act schedule: 0xc1d0000b:0xcafe012c GPFIFO_SCHEDULE enable=true on 1 twin(s) (0 restarted after STOP) (342 us, off the GSP lock)
kayfabe: HELD-REPLY-POSTED n=1 — their rows are on the host now
kayfabe: HELD-REPLY fn=RmControl depth=1 — this map reply WAITS for its rows
kf3: GSP rpc RmControl seq=311
kf3: act schedule: 0xc1d0000c:0xcafe00a5 GPFIFO_SCHEDULE enable=true on 1 twin(s) (0 restarted after STOP) (340 us, off the GSP lock)
kayfabe: HELD-REPLY-POSTED n=1 — their rows are on the host now
kayfabe: HELD-REPLY fn=RmControl depth=1 — this map reply WAITS for its rows
kf3: GSP rpc RmControl seq=312
kf3: act schedule: 0xc1d0000b:0xcafe012f GPFIFO_SCHEDULE enable=true on 1 twin(s) (0 restarted after STOP) (493 us, off the GSP lock)
kayfabe: HELD-REPLY-POSTED n=1 — their rows are on the host now
kayfabe: HELD-REPLY fn=Free depth=1 — this map reply WAITS for its rows
kf3: GSP rpc Free seq=313
kf3: DOORBELL-LEDGER tok=0x0000000b route=passthrough rung=4 emulated=0 forwarded=4 host=0x22
kf3: act free: 0xc1d0000b:0xcafe0131: passthrough 0xc1d0000b:0xcafe0131 token 0xb host 0x22 objects=0 ctx=CtxBind { initialized: 0, va_bound: 0, bound: false, promotes: 0, evicts: 0 } freed (1899 us, off the GSP lock)
kayfabe: HELD-REPLY-POSTED n=1 — their rows are on the host now
kayfabe: HELD-REPLY fn=Free depth=1 — this map reply WAITS for its rows
kf3: GSP rpc Free seq=314
kf3: DOORBELL-LEDGER tok=0x0000000a route=passthrough rung=4 emulated=0 forwarded=4 host=0x21
kf3: act free: 0xc1d0000c:0xcafe00ab: passthrough 0xc1d0000c:0xcafe00ab token 0xa host 0x21 objects=0 ctx=CtxBind { initialized: 0, va_bound: 0, bound: false, promotes: 0, evicts: 0 } freed (1777 us, off the GSP lock)
kayfabe: HELD-REPLY-POSTED n=1 — their rows are on the host now
kf3: GSP rpc Free seq=315
kf3: GSP rpc Free seq=316
kayfabe: HELD-REPLY fn=Free depth=1 — this map reply WAITS for its rows
kf3: GSP rpc Free seq=317
kf3: DOORBELL-LEDGER tok=0x00000005 route=passthrough rung=12 emulated=0 forwarded=12 host=0x1c
kf3: act free: 0xc1d0000c:0xcafe00a6: passthrough 0xc1d0000c:0xcafe00a6 token 0x5 host 0x1c objects=0 ctx=CtxBind { initialized: 0, va_bound: 0, bound: false, promotes: 0, evicts: 0 } freed (1950 us, off the GSP lock)
kayfabe: HELD-REPLY-POSTED n=1 — their rows are on the host now
kf3: GSP rpc Free seq=318
kayfabe: HELD-REPLY fn=Free depth=1 — this map reply WAITS for its rows
kf3: GSP rpc Free seq=319
kf3: DOORBELL-LEDGER tok=0x00000007 route=passthrough rung=13 emulated=0 forwarded=13 host=0x1e
kf3: act free: 0xc1d0000c:0xcafe00ac: passthrough 0xc1d0000c:0xcafe00ac token 0x7 host 0x1e objects=0 ctx=CtxBind { initialized: 0, va_bound: 0, bound: false, promotes: 0, evicts: 0 } freed (1806 us, off the GSP lock)
kayfabe: HELD-REPLY-POSTED n=1 — their rows are on the host now
kf3: GSP rpc Free seq=320
kayfabe: HELD-REPLY fn=Free depth=1 — this map reply WAITS for its rows
kf3: GSP rpc Free seq=321
kf3: DOORBELL-LEDGER tok=0x00000004 route=passthrough rung=13 emulated=0 forwarded=13 host=0x1b
kf3: act free: 0xc1d0000b:0xcafe012b: passthrough 0xc1d0000b:0xcafe012b token 0x4 host 0x1b objects=0 ctx=CtxBind { initialized: 0, va_bound: 0, bound: false, promotes: 0, evicts: 0 } freed (1649 us, off the GSP lock)
kayfabe: HELD-REPLY-POSTED n=1 — their rows are on the host now
kf3: GSP rpc Free seq=322
kayfabe: HELD-REPLY fn=Free depth=1 — this map reply WAITS for its rows
kf3: GSP rpc Free seq=323
kf3: DOORBELL-LEDGER tok=0x00000008 route=passthrough rung=15 emulated=0 forwarded=15 host=0x1f
kf3: act free: 0xc1d0000b:0xcafe0130: passthrough 0xc1d0000b:0xcafe0130 token 0x8 host 0x1f objects=0 ctx=CtxBind { initialized: 0, va_bound: 0, bound: false, promotes: 0, evicts: 0 } freed (1622 us, off the GSP lock)
kayfabe: HELD-REPLY-POSTED n=1 — their rows are on the host now
kayfabe: HELD-REPLY fn=Free depth=1 — this map reply WAITS for its rows
kf3: GSP rpc Free seq=324
kf3: DOORBELL-LEDGER tok=0x00000003 route=passthrough rung=13 emulated=0 forwarded=13 host=0x1a
kf3: act free: 0xc1d0000b:0xcafe0128: passthrough 0xc1d0000b:0xcafe0128 token 0x3 host 0x1a objects=0 ctx=CtxBind { initialized: 0, va_bound: 0, bound: false, promotes: 0, evicts: 0 } freed (1377 us, off the GSP lock)
kayfabe: HELD-REPLY-POSTED n=1 — their rows are on the host now
kf3: GSP rpc Free seq=325
kf3: GSP rpc Free seq=326
kayfabe: HELD-REPLY fn=Free depth=1 — this map reply WAITS for its rows
kf3: GSP rpc Free seq=327
kf3: DOORBELL-LEDGER tok=0x00000006 route=passthrough rung=18 emulated=0 forwarded=18 host=0x1d
kf3: act free: 0xc1d0000c:0xcafe00a9: passthrough 0xc1d0000c:0xcafe00a9 token 0x6 host 0x1d objects=0 ctx=CtxBind { initialized: 0, va_bound: 0, bound: false, promotes: 0, evicts: 0 } freed (1687 us, off the GSP lock)
kayfabe: HELD-REPLY-POSTED n=1 — their rows are on the host now
kf3: GSP rpc Free seq=328
kayfabe: HELD-REPLY fn=Free depth=1 — this map reply WAITS for its rows
kf3: GSP rpc Free seq=329
kf3: DOORBELL-LEDGER tok=0x00000009 route=passthrough rung=29 emulated=0 forwarded=29 host=0x20
kf3: act free: 0xc1d0000b:0xcafe012d: passthrough 0xc1d0000b:0xcafe012d token 0x9 host 0x20 objects=0 ctx=CtxBind { initialized: 0, va_bound: 0, bound: false, promotes: 0, evicts: 0 } freed (1304 us, off the GSP lock)
kayfabe: HELD-REPLY-POSTED n=1 — their rows are on the host now
kf3: GSP rpc Free seq=330
kf3: GSP rpc Free seq=331
kf3: GSP rpc Free seq=332
kf3: GSP rpc Free seq=333
kf3: GSP rpc Free seq=334
kf3: GSP rpc Free seq=335
kf3: GSP rpc Free seq=336
kf3: GSP rpc Free seq=337
kf3: GSP rpc Free seq=338
kf3: GSP rpc Free seq=339
kf3: GSP rpc Free seq=340
kf3: GSP rpc Free seq=341
kayfabe: HELD-REPLY fn=Free depth=1 — this map reply WAITS for its rows
kf3: GSP rpc Free seq=342
kf3: DOORBELL-LEDGER tok=0x00000802 route=translated emulated=0 forwarded=2 host=0x10019
kf3: chan token 0x802 (host 0x10019) RETIRED, forwarded=2 submissions=2 splits=0/0 serves=5 last_put=Some(2) gp_get=Some(2) store_views=0 privilege=Some(ChannelPrivilege { level: 2, uvm_owned: false }) dead=None
kf3: act free: 0xc1e00007:0x2: translated host 0x10019 (2576 us, off the GSP lock)
kayfabe: HELD-REPLY-POSTED n=1 — their rows are on the host now
kf3: GSP rpc Free seq=343
kf3: GSP rpc Free seq=344
kf3: GSP rpc Free seq=345
kf3: GSP rpc Free seq=346
kf3: GSP rpc Free seq=347
kf3: GSP rpc Free seq=348
kayfabe: HELD-REPLY fn=Free depth=1 — this map reply WAITS for its rows
kf3: GSP rpc Free seq=349
kf3: DOORBELL-LEDGER tok=0x00000801 route=translated emulated=0 forwarded=664 host=0x10018
kf3: chan token 0x801 (host 0x10018) RETIRED, forwarded=664 submissions=664 splits=0/0 serves=1331 last_put=Some(664) gp_get=Some(664) store_views=0 privilege=Some(ChannelPrivilege { level: 2, uvm_owned: false }) dead=None
kf3: act free: 0xc1e00006:0x2: translated host 0x10018 (3199 us, off the GSP lock)
kayfabe: HELD-REPLY-POSTED n=1 — their rows are on the host now
kf3: GSP rpc Free seq=350
kf3: GSP rpc Free seq=351
kf3: GSP rpc Free seq=352
kf3: GSP rpc Free seq=353
kayfabe: HELD-REPLY fn=RmControl depth=1 — this map reply WAITS for its rows
kf3: GSP rpc RmControl seq=354
kayfabe: HELD-REPLY-POSTED n=1 — their rows are on the host now
kf3: GSP rpc RmControl seq=355
kf3: GSP rpc Free seq=356
kf3: GSP rpc Free seq=357
kf3: GSP rpc Free seq=358
kf3: GSP rpc Free seq=359
kf3: GSP rpc Free seq=360
kf3: GSP rpc Free seq=361
kf3: GSP rpc RmControl seq=362
kf3: GSP rpc UNSERVICED Unserviced { code: 76, sequence: 362 }
kf3: GSP REFUSED fn76/0x20800a38=0x56 (GSP_RM_CONTROL) first_seq=362 — the guest read a non-OK status
kayfabe: HELD-REPLY fn=UpdateBarPde depth=1 — this map reply WAITS for its rows
kf3: GSP rpc UpdateBarPde seq=363
kayfabe: HELD-REPLY-POSTED n=1 — their rows are on the host now
kf3: GSP rpc Free seq=364
kf3: GSP rpc Free seq=365
kf3: GSP rpc Free seq=366
kf3: GSP rpc Free seq=367
kf3: GSP rpc RmControl seq=368
kf3: GSP rpc UNSERVICED Unserviced { code: 76, sequence: 368 }
kf3: GSP rpc UnloadingGuestDriver seq=369
kf3: GSP phase Running -> Suspending
kf3: GSP phase Suspending -> Halted
