[    2.643965] device-mapper: core: CONFIG_IMA_DISABLE_HTABLE is disabled. Duplicate IMA measurements will not be recorded in the IMA log.
[    2.666873] platform eisa.0: EISA: Cannot allocate resource for mainboard
[    2.675214] platform eisa.0: Cannot allocate resource for EISA slot 1
[    2.683919] platform eisa.0: Cannot allocate resource for EISA slot 2
[    2.694507] platform eisa.0: Cannot allocate resource for EISA slot 3
[    2.704637] platform eisa.0: Cannot allocate resource for EISA slot 4
[    2.713126] platform eisa.0: Cannot allocate resource for EISA slot 5
[    2.722244] platform eisa.0: Cannot allocate resource for EISA slot 6
[    2.729087] platform eisa.0: Cannot allocate resource for EISA slot 7
[    2.734079] platform eisa.0: Cannot allocate resource for EISA slot 8
[    2.739812] amd_pstate: the _CPC object is not present in SBIOS or ACPI disabled
[    9.927912] Key type dns_resolver registered
[    9.953134] Loading compiled-in X.509 certificates
[    9.961730] Loaded X.509 cert 'Build time autogenerated kernel key: 3fa2747ce20c90997bcade15a1cad09daa978788'
[    9.976023] Loaded X.509 cert 'Canonical Ltd. Live Patch Signing: 14df34d1a87cf37625abec039ef2bf521249b969'
[    9.989499] Loaded X.509 cert 'Canonical Ltd. Kernel Module Signing: 88f752e560a1e0737e31163a466ad7b70a850c19'
[   10.001505] blacklist: Loading compiled-in revocation X.509 certificates
[   10.008709] Loaded X.509 cert 'Canonical Ltd. Secure Boot Signing: 61482aa2830d0ab2ad5af10b7250da9033ddcef0'
[   10.018543] Loaded X.509 cert 'Canonical Ltd. Secure Boot Signing (2017): 242ade75ac4a15e50d50c84b0d45ff3eae707a03'
[   10.029171] Loaded X.509 cert 'Canonical Ltd. Secure Boot Signing (ESM 2018): 365188c1d374d6b07c3c8f240f8ef722433d6a8b'
[   10.039765] Loaded X.509 cert 'Canonical Ltd. Secure Boot Signing (2019): c0746fd6c5da3ae827864651ad66ae47fe24b3e8'
[   10.049441] Loaded X.509 cert 'Canonical Ltd. Secure Boot Signing (2021 v1): a8d54bbb3825cfb94fa13c9f8a594a195c107b8d'
[   10.055399] Loaded X.509 cert 'Canonical Ltd. Secure Boot Signing (2021 v2): 4cf046892d6fd3c9a5b03f98d845f90851dc6a8c'
[   10.061438] Loaded X.509 cert 'Canonical Ltd. Secure Boot Signing (2021 v3): 100437bb6de6e469b581e61cd66bce3ef4ed53af'
[   10.067421] Loaded X.509 cert 'Canonical Ltd. Secure Boot Signing (Ubuntu Core 2019): c1d57b8f6b743f23ee41f4f7ee292f06eecadfb9'
[   10.108737] Key type .fscrypt registered
[   10.111113] Key type fscrypt-provisioning registered
[   10.124636] Key type encrypted registered
[   10.127392] Loading compiled-in module X.509 certificates
[   10.131023] Loaded X.509 cert 'Build time autogenerated kernel key: 3fa2747ce20c90997bcade15a1cad09daa978788'
[   10.174776] Unstable clock detected, switching default tracing clock to "global"
[   10.174776] If you want to keep using the local clock, then add:
[   10.174776]   "trace_clock=local"
[   10.174776] on the kernel command line
FASTGUEST: up 10.34s
FASTGUEST: switch_root prepared in 2.9s
FASTGUEST: up 13.43s
FASTGUEST: root is a real mount (switch_root done) — the isolate sandbox can pivot_root
FASTGUEST: insmod ecc.ko ok
[   13.575935] nvidia: loading out-of-tree module taints kernel.
[   13.581562] nvidia: module verification failed: signature and/or required key missing - tainting kernel
[   13.719290] 
[   13.732116] NVRM: loading NVIDIA UNIX Open Kernel Module for x86_64  580.159.04  Release Build  (dvs-builder@U22-I3-AF04-09-6)  Wed Apr 29 17:15:53 UTC 2026
FASTGUEST: insmod nvidia.ko ok
FASTGUEST: insmod nvidia-uvm.ko ok
FASTGUEST: insmod wmi.ko ok
FASTGUEST: insmod video.ko ok
FASTGUEST: insmod nvidia-modeset.ko ok
FASTGUEST: nodes /dev/nvidia-caps/nvidia-cap1 /dev/nvidia-uvm /dev/nvidia-uvm-tools /dev/nvidia0 /dev/nvidiactl  /dev/nvidia-caps: nvidia-cap1 
FASTGUEST: ready 13.80s
FASTGUEST: arms --concurrent-fuzz --probe-launch-dma  deadline 164s (budget 180s, 13s already spent booting)
info  RMLADDER DEADLINE = armed (KF_SELF_DEADLINE_MS)
info  RMLADDER ARGV     = [--gpu 0 --concurrent-fuzz --probe-launch-dma]
[   14.438135] NVRM: nvAssertOkFailedNoLog: Assertion failed: Call not supported [NV_ERR_NOT_SUPPORTED] (0x00000056) returned from pRmApi->Control(pRmApi, pGpu->hInternalClient, pGpu->hInternalSubdevice, NV2080_CTRL_CMD_INTERNAL_INIT_USER_SHARED_DATA, &params, sizeof(params)) @ gpu_user_shared_data.c:233
[   14.452718] NVRM: nvAssertOkFailedNoLog: Assertion failed: Call not supported [NV_ERR_NOT_SUPPORTED] (0x00000056) returned from pRmApi->Control(pRmApi, pGpu->hInternalClient, pGpu->hInternalSubdevice, NV2080_CTRL_CMD_INTERNAL_USER_SHARED_DATA_SET_DATA_POLL, &params, sizeof(params)) @ gpu_user_shared_data.c:268
[   14.495711] NVRM: kperfGpuBoostSyncStateInit_IMPL: Failed to read Sync Gpu Boost init state, status=0x56
[   14.503006] NVRM: kperfGpuBoostSyncStateInit_IMPL: Failed to read Sync Gpu Boost init state, status=0x56
[   14.508440] NVRM: nvAssertOkFailedNoLog: Assertion failed: Call not supported [NV_ERR_NOT_SUPPORTED] (0x00000056) returned from pRmApi->Control(pRmApi, pGpu->hInternalClient, pGpu->hInternalSubdevice, NV2080_CTRL_CMD_INTERNAL_CE_GET_PCE_CONFIG_FOR_LCE_TYPE, &pceConfigParams, sizeof(pceConfigParams)) @ kernel_ce.c:1020
[   14.523321] NVRM: nvAssertOkFailedNoLog: Assertion failed: Call not supported [NV_ERR_NOT_SUPPORTED] (0x00000056) returned from kceGetPceConfigForLceType(pGpu, pKCe, NV2080_CTRL_CE_LCE_TYPE_DECOMP, &numPcesPerLce, &numLces, &supportedPceMask, &supportedLceMask, &pcesPerHshub) @ kernel_ce_gp100.c:62
[   14.994545] NVRM: nvCheckOkFailedNoLog: Check failed: Call not supported [NV_ERR_NOT_SUPPORTED] (0x00000056) returned from kgrobjPromoteContext(pGpu, pKernelGraphicsObject, pKernelGraphics) @ kernel_graphics_object.c:224
[   15.006281] NVRM: nvAssertOkFailedNoLog: Assertion failed: Call not supported [NV_ERR_NOT_SUPPORTED] (0x00000056) returned from pRmApi->AllocWithHandle(pRmApi, hClientId, hChannelId, hObj3D, classNum, NULL, 0) @ kernel_graphics.c:2519
[   15.020241] NVRM: vaListDestroy: non-zero mapCount(pVaList): 0x1
[   15.023515] NVRM: vaListDestroy: non-zero mapCount(pVaList): 0x1
[   15.026782] NVRM: vaListDestroy: non-zero mapCount(pVaList): 0x1
[   15.030081] NVRM: vaListDestroy: non-zero mapCount(pVaList): 0x1
[   15.038875] NVRM: nvCheckOkFailedNoLog: Check failed: Call not supported [NV_ERR_NOT_SUPPORTED] (0x00000056) returned from kgraphicsCreateGoldenImageChannel(pGpu, pKernelGraphics) @ kernel_graphics.c:508
[   15.048560] NVRM: nvAssertFailedNoLog: Assertion failed: 0 @ kernel_fifo.c:3129
[   15.063112] NVRM: rpcRmApiAlloc_GSP: GspRmAlloc failed: hClient=0xc1d00009; hParent=0x31415903; hObject=0x31415900; hClass=0x0000c36f; paramsSize=0x00000170; paramsStatus=0x00000056; status=0x00000056
[   15.072450] NVRM: nvAssertOkFailedNoLog: Assertion failed: Call not supported [NV_ERR_NOT_SUPPORTED] (0x00000056) returned from status @ kernel_channel.c:2827
[   15.079877] NVRM: nvAssertOkFailedNoLog: Assertion failed: Call not supported [NV_ERR_NOT_SUPPORTED] (0x00000056) returned from _kchannelSendChannelAllocRpc(pKernelChannel, pChannelGpfifoParams, pKernelChannelGroup, bFullSriov) @ kernel_channel.c:940
[   15.092267] NVRM: nvAssertFailedNoLog: Assertion failed: status == NV_OK @ kernel_rc_watchdog.c:1198
[   15.100115] NVRM: rpcRmApiAlloc_GSP: GspRmAlloc failed: hClient=0xc1d0000a; hParent=0xcaf00001; hObject=0xcaf00002; hClass=0x0000402c; paramsSize=0x00000000; paramsStatus=0x00000056; status=0x00000056
ok    R2 version         = "580.159.04"
ok    R4 hClient         = 0xc1d0000b
ok    R6 hSubdevice      = 0xcafe0002
REV_UNDER_TEST=unstamped
W381_PROBE=launch-dma
info  W385 fuzz           = GPU 0, euid 0 — 3 threads x 64 iterations over 2 RM client(s), jitter <= 200 us
info  W385 topology       = host offers 3 core(s); the pinned arms use 3 — the bench guest's `-smp` (scripts/bench/boot_nvkvm.sh). ★ In kayfabe EACH GUEST vCPU IS A HOST THREAD, so this is the contention the product must survive
FUZZ_SEED=0x18d9cdf232ef0e0f
info  W385 replay         = --concurrent-fuzz --seed 1790688766976790031 --fuzz-threads 3 --fuzz-iters 64 --fuzz-clients 2
info  W385 the bar        = five invariants, each refused BY NAME: VA_DOUBLE_BOUND, MAP_NOT_ATOMIC, ALIAS_MISMATCH/ALIAS_REVOKED, CROSS_CLIENT_LEAK, FREED_HANDLE_RESOLVES/VA_NOT_RECOVERED/STALE_READ
⊘     W385 seed scope     = the seed replays the DECISION SEQUENCE, not the OS SCHEDULE. A red names a reproducible program; the interleaving that made it red is not ours to reproduce
info  W385 hClients       = ["0xc1d0000b", "0xc1d0000c"] — 2 distinct root(s)

info  W385 CONTROL        = the SAME verbs at T=1 with NO jitter. ⊘ If this reds, the RUNG is broken, not the system, and everything below is UNINTERPRETABLE
[   15.301596] NVRM: dmaAllocMapping_GM107: can't alloc VA space for mapping.
[   15.321864] NVRM: dmaAllocMapping_GM107: can't alloc VA space for mapping.
[   15.347610] NVRM: dmaAllocMapping_GM107: can't alloc VA space for mapping.
kayfabe-isolate: DOORBELL-STORE #1 host_token=0x00000003 runlist=0 chid=3 → storing 32 bits at USERMODE_NOTIFY_CHANNEL_PENDING=0x90 in the mapped usermode window
kayfabe-isolate: DOORBELL-STORE #1 host_token=0x00000003 ★★★ WROTE — the store instruction executed
kayfabe-isolate: DOORBELL-STORE #2 host_token=0x00000003 runlist=0 chid=3 → storing 32 bits at USERMODE_NOTIFY_CHANNEL_PENDING=0x90 in the mapped usermode window
kayfabe-isolate: DOORBELL-STORE #2 host_token=0x00000003 ★★★ WROTE — the store instruction executed
kayfabe-isolate: DOORBELL-STORE #3 host_token=0x00000003 runlist=0 chid=3 → storing 32 bits at USERMODE_NOTIFY_CHANNEL_PENDING=0x90 in the mapped usermode window
kayfabe-isolate: DOORBELL-STORE #3 host_token=0x00000003 ★★★ WROTE — the store instruction executed
kayfabe-isolate: DOORBELL-STORE #4 host_token=0x00000003 runlist=0 chid=3 → storing 32 bits at USERMODE_NOTIFY_CHANNEL_PENDING=0x90 in the mapped usermode window
kayfabe-isolate: DOORBELL-STORE #4 host_token=0x00000003 ★★★ WROTE — the store instruction executed
[   15.365125] NVRM: dmaAllocMapping_GM107: can't alloc VA space for mapping.
kayfabe-isolate: DOORBELL-STORE #5 host_token=0x00000003 runlist=0 chid=3 → storing 32 bits at USERMODE_NOTIFY_CHANNEL_PENDING=0x90 in the mapped usermode window
kayfabe-isolate: DOORBELL-STORE #5 host_token=0x00000003 ★★★ WROTE — the store instruction executed
kayfabe-isolate: DOORBELL-STORE #6 host_token=0x00000003 runlist=0 chid=3 → storing 32 bits at USERMODE_NOTIFY_CHANNEL_PENDING=0x90 in the mapped usermode window
kayfabe-isolate: DOORBELL-STORE #6 host_token=0x00000003 ★★★ WROTE — the store instruction executed
kayfabe-isolate: DOORBELL-STORE #7 host_token=0x00000003 runlist=0 chid=3 → storing 32 bits at USERMODE_NOTIFY_CHANNEL_PENDING=0x90 in the mapped usermode window
kayfabe-isolate: DOORBELL-STORE #7 host_token=0x00000003 ★★★ WROTE — the store instruction executed
kayfabe-isolate: DOORBELL-STORE #8 host_token=0x00000003 runlist=0 chid=3 → storing 32 bits at USERMODE_NOTIFY_CHANNEL_PENDING=0x90 in the mapped usermode window
kayfabe-isolate: DOORBELL-STORE #8 host_token=0x00000003 ★★★ WROTE — the store instruction executed
kayfabe-isolate: DOORBELL-STORE #9 host_token=0x00000003 runlist=0 chid=3 → storing 32 bits at USERMODE_NOTIFY_CHANNEL_PENDING=0x90 in the mapped usermode window
kayfabe-isolate: DOORBELL-STORE #9 host_token=0x00000003 ★★★ WROTE — the store instruction executed
kayfabe-isolate: DOORBELL-STORE #10 host_token=0x00000003 runlist=0 chid=3 → storing 32 bits at USERMODE_NOTIFY_CHANNEL_PENDING=0x90 in the mapped usermode window
kayfabe-isolate: DOORBELL-STORE #10 host_token=0x00000003 ★★★ WROTE — the store instruction executed
kayfabe-isolate: DOORBELL-STORE #11 host_token=0x00000003 runlist=0 chid=3 → storing 32 bits at USERMODE_NOTIFY_CHANNEL_PENDING=0x90 in the mapped usermode window
kayfabe-isolate: DOORBELL-STORE #11 host_token=0x00000003 ★★★ WROTE — the store instruction executed
kayfabe-isolate: DOORBELL-STORE #12 host_token=0x00000003 runlist=0 chid=3 → storing 32 bits at USERMODE_NOTIFY_CHANNEL_PENDING=0x90 in the mapped usermode window
kayfabe-isolate: DOORBELL-STORE #12 host_token=0x00000003 ★★★ WROTE — the store instruction executed
[   15.392896] NVRM: dmaAllocMapping_GM107: can't alloc VA space for mapping.
kayfabe-isolate: DOORBELL-STORE #13 host_token=0x00000003 runlist=0 chid=3 → storing 32 bits at USERMODE_NOTIFY_CHANNEL_PENDING=0x90 in the mapped usermode window
kayfabe-isolate: DOORBELL-STORE #13 host_token=0x00000003 ★★★ WROTE — the store instruction executed
kayfabe-isolate: DOORBELL-STORE #14 host_token=0x00000003 runlist=0 chid=3 → storing 32 bits at USERMODE_NOTIFY_CHANNEL_PENDING=0x90 in the mapped usermode window
kayfabe-isolate: DOORBELL-STORE #14 host_token=0x00000003 ★★★ WROTE — the store instruction executed
kayfabe-isolate: DOORBELL-STORE #15 host_token=0x00000003 runlist=0 chid=3 → storing 32 bits at USERMODE_NOTIFY_CHANNEL_PENDING=0x90 in the mapped usermode window
kayfabe-isolate: DOORBELL-STORE #15 host_token=0x00000003 ★★★ WROTE — the store instruction executed
kayfabe-isolate: DOORBELL-STORE #16 host_token=0x00000003 runlist=0 chid=3 → storing 32 bits at USERMODE_NOTIFY_CHANNEL_PENDING=0x90 in the mapped usermode window
kayfabe-isolate: DOORBELL-STORE #16 host_token=0x00000003 ★★★ WROTE — the store instruction executed
kayfabe-isolate: DOORBELL-STORE #17 host_token=0x00000003 runlist=0 chid=3 → storing 32 bits at USERMODE_NOTIFY_CHANNEL_PENDING=0x90 in the mapped usermode window
kayfabe-isolate: DOORBELL-STORE #17 host_token=0x00000003 ★★★ WROTE — the store instruction executed
[   15.428617] NVRM: dmaAllocMapping_GM107: can't alloc VA space for mapping.
[   15.435952] NVRM: dmaAllocMapping_GM107: can't alloc VA space for mapping.
kayfabe-isolate: DOORBELL-STORE #18 host_token=0x00000003 runlist=0 chid=3 → storing 32 bits at USERMODE_NOTIFY_CHANNEL_PENDING=0x90 in the mapped usermode window
kayfabe-isolate: DOORBELL-STORE #18 host_token=0x00000003 ★★★ WROTE — the store instruction executed
kayfabe-isolate: DOORBELL-STORE #19 host_token=0x00000003 runlist=0 chid=3 → storing 32 bits at USERMODE_NOTIFY_CHANNEL_PENDING=0x90 in the mapped usermode window
kayfabe-isolate: DOORBELL-STORE #19 host_token=0x00000003 ★★★ WROTE — the store instruction executed
kayfabe-isolate: DOORBELL-STORE #20 host_token=0x00000003 runlist=0 chid=3 → storing 32 bits at USERMODE_NOTIFY_CHANNEL_PENDING=0x90 in the mapped usermode window
kayfabe-isolate: DOORBELL-STORE #20 host_token=0x00000003 ★★★ WROTE — the store instruction executed
kayfabe-isolate: DOORBELL-STORE #21 host_token=0x00000003 runlist=0 chid=3 → storing 32 bits at USERMODE_NOTIFY_CHANNEL_PENDING=0x90 in the mapped usermode window
kayfabe-isolate: DOORBELL-STORE #21 host_token=0x00000003 ★★★ WROTE — the store instruction executed
kayfabe-isolate: DOORBELL-STORE #22 host_token=0x00000003 runlist=0 chid=3 → storing 32 bits at USERMODE_NOTIFY_CHANNEL_PENDING=0x90 in the mapped usermode window
kayfabe-isolate: DOORBELL-STORE #22 host_token=0x00000003 ★★★ WROTE — the store instruction executed
kayfabe-isolate: DOORBELL-STORE #23 host_token=0x00000003 runlist=0 chid=3 → storing 32 bits at USERMODE_NOTIFY_CHANNEL_PENDING=0x90 in the mapped usermode window
kayfabe-isolate: DOORBELL-STORE #23 host_token=0x00000003 ★★★ WROTE — the store instruction executed
[   15.475206] NVRM: dmaAllocMapping_GM107: can't alloc VA space for mapping.
kayfabe-isolate: DOORBELL-STORE #24 host_token=0x00000003 runlist=0 chid=3 → storing 32 bits at USERMODE_NOTIFY_CHANNEL_PENDING=0x90 in the mapped usermode window
kayfabe-isolate: DOORBELL-STORE #24 host_token=0x00000003 ★★★ WROTE — the store instruction executed
info  W385 control  census = 64 ops over 1 workers in 247 ms, 0 refused, 1/1 workers finished
info  W385 control  verbs  = alloc=3 map_a=5 map_b=4 write=8 alias_prop=5 unmap_b=1 probe=3 free=1 recycle=2 idle=32
info  W385 control  op us   = n=32 min=1817 p50=5997 p90=12978 p99=16750 max=19743  ⊘ a distribution, because one number is not a measurement
info  W385 control  overlap = 0 pairs of RM-verb intervals from DIFFERENT threads intersected, over 32/32 spans
info  W385 control  handles = 6 minted across 1 worker(s), each checked for collision against every other worker OF THE SAME CLIENT
info  W385 control  pinning = mode unpinned — 0/1 workers accepted a mask; observed core sets {"0-2"}
ok    W385 control        = 64 single-threaded ops of which 14 ran the ENGINE, zero violations — the verbs, the channel and the oracle all work

info  W385 ARM unpinned   = 3 threads across 2 client(s), placement unpinned, seeded jitter <= 200 us
[   15.581848] NVRM: dmaAllocMapping_GM107: can't alloc VA space for mapping.
[   15.600865] NVRM: dmaAllocMapping_GM107: can't alloc VA space for mapping.
[   15.617479] NVRM: dmaAllocMapping_GM107: can't alloc VA space for mapping.
kayfabe-isolate: DOORBELL-STORE #25 host_token=0x00000005 runlist=0 chid=5 → storing 32 bits at USERMODE_NOTIFY_CHANNEL_PENDING=0x90 in the mapped usermode window
kayfabe-isolate: DOORBELL-STORE #25 host_token=0x00000005 ★★★ WROTE — the store instruction executed
kayfabe-isolate: DOORBELL-STORE #26 host_token=0x00000004 runlist=0 chid=4 → storing 32 bits at USERMODE_NOTIFY_CHANNEL_PENDING=0x90 in the mapped usermode window
kayfabe-isolate: DOORBELL-STORE #27 host_token=0x00000003 runlist=0 chid=3 → storing 32 bits at USERMODE_NOTIFY_CHANNEL_PENDING=0x90 in the mapped usermode window
kayfabe-isolate: DOORBELL-STORE #27 host_token=0x00000003 ★★★ WROTE — the store instruction executed
kayfabe-isolate: DOORBELL-STORE #26 host_token=0x00000004 ★★★ WROTE — the store instruction executed
kayfabe-isolate: DOORBELL-STORE #28 host_token=0x00000005 runlist=0 chid=5 → storing 32 bits at USERMODE_NOTIFY_CHANNEL_PENDING=0x90 in the mapped usermode window
kayfabe-isolate: DOORBELL-STORE #28 host_token=0x00000005 ★★★ WROTE — the store instruction executed
kayfabe-isolate: DOORBELL-STORE #29 host_token=0x00000005 runlist=0 chid=5 → storing 32 bits at USERMODE_NOTIFY_CHANNEL_PENDING=0x90 in the mapped usermode window
kayfabe-isolate: DOORBELL-STORE #29 host_token=0x00000005 ★★★ WROTE — the store instruction executed
kayfabe-isolate: DOORBELL-STORE #30 host_token=0x00000005 runlist=0 chid=5 → storing 32 bits at USERMODE_NOTIFY_CHANNEL_PENDING=0x90 in the mapped usermode window
kayfabe-isolate: DOORBELL-STORE #30 host_token=0x00000005 ★★★ WROTE — the store instruction executed
[   15.700547] NVRM: dmaAllocMapping_GM107: can't alloc VA space for mapping.
[   15.709796] NVRM: dmaAllocMapping_GM107: can't alloc VA space for mapping.
kayfabe-isolate: DOORBELL-STORE #31 host_token=0x00000005 runlist=0 chid=5 → storing 32 bits at USERMODE_NOTIFY_CHANNEL_PENDING=0x90 in the mapped usermode window
kayfabe-isolate: DOORBELL-STORE #31 host_token=0x00000005 ★★★ WROTE — the store instruction executed
kayfabe-isolate: DOORBELL-STORE #32 host_token=0x00000005 runlist=0 chid=5 → storing 32 bits at USERMODE_NOTIFY_CHANNEL_PENDING=0x90 in the mapped usermode window
kayfabe-isolate: DOORBELL-STORE #32 host_token=0x00000005 ★★★ WROTE — the store instruction executed
[   15.743146] NVRM: dmaAllocMapping_GM107: can't alloc VA space for mapping.
kayfabe-isolate: DOORBELL-STORE #33 host_token=0x00000005 runlist=0 chid=5 → storing 32 bits at USERMODE_NOTIFY_CHANNEL_PENDING=0x90 in the mapped usermode window
kayfabe-isolate: DOORBELL-STORE #33 host_token=0x00000005 ★★★ WROTE — the store instruction executed
kayfabe-isolate: DOORBELL-STORE #34 host_token=0x00000003 runlist=0 chid=3 → storing 32 bits at USERMODE_NOTIFY_CHANNEL_PENDING=0x90 in the mapped usermode window
kayfabe-isolate: DOORBELL-STORE #34 host_token=0x00000003 ★★★ WROTE — the store instruction executed
kayfabe-isolate: DOORBELL-STORE #35 host_token=0x00000005 runlist=0 chid=5 → storing 32 bits at USERMODE_NOTIFY_CHANNEL_PENDING=0x90 in the mapped usermode window
kayfabe-isolate: DOORBELL-STORE #35 host_token=0x00000005 ★★★ WROTE — the store instruction executed
[   15.763295] NVRM: dmaAllocMapping_GM107: can't alloc VA space for mapping.
kayfabe-isolate: DOORBELL-STORE #36 host_token=0x00000005 runlist=0 chid=5 → storing 32 bits at USERMODE_NOTIFY_CHANNEL_PENDING=0x90 in the mapped usermode window
kayfabe-isolate: DOORBELL-STORE #36 host_token=0x00000005 ★★★ WROTE — the store instruction executed
kayfabe-isolate: DOORBELL-STORE #37 host_token=0x00000004 runlist=0 chid=4 → storing 32 bits at USERMODE_NOTIFY_CHANNEL_PENDING=0x90 in the mapped usermode window
kayfabe-isolate: DOORBELL-STORE #38 host_token=0x00000003 runlist=0 chid=3 → storing 32 bits at USERMODE_NOTIFY_CHANNEL_PENDING=0x90 in the mapped usermode window
kayfabe-isolate: DOORBELL-STORE #38 host_token=0x00000003 ★★★ WROTE — the store instruction executed
kayfabe-isolate: DOORBELL-STORE #37 host_token=0x00000004 ★★★ WROTE — the store instruction executed
kayfabe-isolate: DOORBELL-STORE #39 host_token=0x00000005 runlist=0 chid=5 → storing 32 bits at USERMODE_NOTIFY_CHANNEL_PENDING=0x90 in the mapped usermode window
kayfabe-isolate: DOORBELL-STORE #39 host_token=0x00000005 ★★★ WROTE — the store instruction executed
kayfabe-isolate: DOORBELL-STORE #40 host_token=0x00000004 runlist=0 chid=4 → storing 32 bits at USERMODE_NOTIFY_CHANNEL_PENDING=0x90 in the mapped usermode window
kayfabe-isolate: DOORBELL-STORE #40 host_token=0x00000004 ★★★ WROTE — the store instruction executed
[   15.798118] NVRM: dmaAllocMapping_GM107: can't alloc VA space for mapping.
kayfabe-isolate: DOORBELL-STORE #41 host_token=0x00000005 runlist=0 chid=5 → storing 32 bits at USERMODE_NOTIFY_CHANNEL_PENDING=0x90 in the mapped usermode window
kayfabe-isolate: DOORBELL-STORE #41 host_token=0x00000005 ★★★ WROTE — the store instruction executed
kayfabe-isolate: DOORBELL-STORE #42 host_token=0x00000003 runlist=0 chid=3 → storing 32 bits at USERMODE_NOTIFY_CHANNEL_PENDING=0x90 in the mapped usermode window
kayfabe-isolate: DOORBELL-STORE #42 host_token=0x00000003 ★★★ WROTE — the store instruction executed
[   15.834169] NVRM: dmaAllocMapping_GM107: can't alloc VA space for mapping.
kayfabe-isolate: DOORBELL-STORE #43 host_token=0x00000005 runlist=0 chid=5 → storing 32 bits at USERMODE_NOTIFY_CHANNEL_PENDING=0x90 in the mapped usermode window
kayfabe-isolate: DOORBELL-STORE #43 host_token=0x00000005 ★★★ WROTE — the store instruction executed
kayfabe-isolate: DOORBELL-STORE #44 host_token=0x00[   15.866771] N0VRM: dmaAllocMap0ping_GM107: can'0t alloc VA space0 for mapping.
05 runlist=0 chid=5 → storing 32 bits at USERMODE_NOTIFY_CHANNEL_PENDING=0x90 in the mapped usermode window
kayfabe-isolate: DOORBELL-STORE #44 host_token=0x00000005 ★★★ WROTE — the store instruction executed
kayfabe-isolate: DOORBELL-STORE #45 host_token=0x00000003 runlist=0 chid=3 → storing 32 bits at USERMODE_NOTIFY_CHANNEL_PENDING=0x90 in the mapped usermode window
kayfabe-isolate: DOORBELL-STORE #45 host_token=0x00000003 ★★★ WROTE — the store instruction executed
kayfabe-isolate: DOORBELL-STORE #46 host_token=0x00000005 runlist=0 chid=5 → storing 32 bits at USERMODE_NOTIFY_CHANNEL_PENDING=0x90 in the mapped usermode window
kayfabe-isolate: DOORBELL-STORE #46 host_token=0x00000005 ★★★ WROTE — the store instruction executed
kayfabe-isolate: DOORBELL-STORE #47 host_token=0x00000005 runlist=0 chid=5 → storing 32 bits at USERMODE_NOTIFY_CHANNEL_PENDING=0x90 in the mapped usermode window
kayfabe-isolate: DOORBELL-STORE #47 host_token=0x00000005 ★★★ WROTE — the store instruction executed
kayfabe-isolate: DOORBELL-STORE #48 host_token=0x00000003 runlist=0 chid=3 → storing 32 bits at USERMODE_NOTIFY_CHANNEL_PENDING=0x90 in the mapped usermode window
kayfabe-isolate: DOORBELL-STORE #48 host_token=0x00000003 ★★★ WROTE — the store instruction executed
kayfabe-isolate: DOORBELL-STORE #49 host_token=0x00000005 runlist=0 chid=5 → storing 32 bits at USERMODE_NOTIFY_CHANNEL_PENDING=0x90 in the mapped usermode window
kayfabe-isolate: DOORBELL-STORE #49 host_token=0x00000005 ★★★ WROTE — the store instruction executed
kayfabe-isolate: DOORBELL-STORE #50 host_token=0x00000003[   15.896983] N runlist=VRM: dmaAllocMap0ping_GM107: can' chid=t alloc VA space3 for mapping.
 → storing 32 bits at USERMODE_NOTIFY_CHANNEL_PENDING=0x90 in the mapped usermode window
kayfabe-isolate: DOORBELL-STORE #50 host_token=0x00000003 ★★★ WROTE — the store instruction executed
kayfabe-isolate: DOORBELL-STORE #51 host_token=0x00000005 runlist=0 chid=5 → storing 32 bits at USERMODE_NOTIFY_CHANNEL_PENDING=0x90 in the mapped usermode window
kayfabe-isolate: DOORBELL-STORE #51 host_token=0x00000005 ★★★ WROTE — the store instruction executed
kayfabe-isolate: DOORBELL-STORE #53 host_token=0x00000004 runlist=0 chid=4 → storing 32 bits at USERMODE_NOTIFY_CHANNEL_PENDING=0x90 in the mapped usermode window
kayfabe-isolate: DOORBELL-STORE #53 host_token=0x00000004 ★★★ WROTE — the store instruction executed
kayfabe-isolate: DOORBELL-STORE #54 host_token=0x00000005 runlist=0 chid=5 → storing 32 bits at USERMODE_NOTIFY_CHANNEL_PENDING=0x90 in the mapped usermode window
kayfabe-isolate: DOORBELL-STORE #54 host_token=0x00000005 ★★★ WROTE — the store instruction executed
kayfabe-isolate: DOORBELL-STORE #52 host_token=0x00000003 runlist=0 chid=3 → storing 32 bits at USERMODE_NOTIFY_CHANNEL_PENDING=0x90 in the mapped usermode window
kayfabe-isolate: DOORBELL-STORE #52 host_token=0x00000003 ★★★ WROTE — the store instruction executed
kayfabe-isolate: DOORBELL-STORE #55 host_token=0x00000005 runlist=0 chid=5 → storing 32 bits at USERMODE_NOTIFY_CHANNEL_PENDING=0x90 in the mapped usermode window
kayfabe-isolate: DOORBELL-STORE #55 host_token=0x00000005 ★★★ WROTE — the store instruction executed
[   15.915148] NVRM: dmaAllocMapping_GM107: can't alloc VA space for mapping.
[   15.922740] NVRM: dmaAllocMapping_GM107: can't alloc VA space for mapping.
[   15.927002] NVRM: dmaAllocMapping_GM107: can't alloc VA space for mapping.
kayfabe-isolate: DOORBELL-STORE #56 host_token=0x00000004 runlist=0 chid=4 → storing 32 bits at USERMODE_NOTIFY_CHANNEL_PENDING=0x90 in the mapped usermode window
kayfabe-isolate: DOORBELL-STORE #56 host_token=0x00000004 ★★★ WROTE — the store instruction executed
kayfabe-isolate: DOORBELL-STORE #57 host_token=0x00000004 runlist=0 chid=4 → storing 32 bits at USERMODE_NOTIFY_CHANNEL_PENDING=0x90 in the mapped usermode window
kayfabe-isolate: DOORBELL-STORE #57 host_token=0x00000004 ★★★ WROTE — the store instruction executed
kayfabe-isolate: DOORBELL-STORE #58 host_token=0x0[   15.940371] N0VRM: dmaAllocMap0ping_GM107: can'0t alloc VA space0 for mapping.
004 runlist=0 chid=4 → storing 32 bits at USERMODE_NOTIFY_CHANNEL_PENDING=0x90 in the mapped usermode window
kayfabe-isolate: DOORBELL-STORE #58 host_token=0x00000004 ★★★ WROTE — the store instruction executed
kayfabe-isolate: DOORBELL-STORE #59 host_token=0x00000004 runlist=0 chid=4 → storing 32 bits at USERMODE_NOTIFY_CHANNEL_PENDING=0x90 in the mapped usermode window
kayfabe-isolate: DOORBELL-STORE #59 host_token=0x00000004 ★★★ WROTE — the store instruction executed
kayfabe-isolate: DOORBELL-STORE #61 host_token=0x00000005 runlist=0 chid=5 → storing 32 bits at USERMODE_NOTIFY_CHANNEL_PENDING=0x90 in the mapped usermode window
kayfabe-isolate: DOORBELL-STORE #61 host_token=0x00000005 ★★★ WROTE — the store instruction executed
kayfabe-isolate: DOORBELL-STORE #60 host_token=0x00000003 runlist=0 chid=3 → storing 32 bits at USERMODE_NOTIFY_CHANNEL_PENDING=0x90 in the mapped usermode window
kayfabe-isolate: DOORBELL-STORE #62 host_token=0x00000004 runlist=0 chid=4 → storing 32 bits at USERMODE_NOTIFY_CHANNEL_PENDING=0x90 in the mapped usermode window
kayfabe-isolate: DOORBELL-STORE #62 host_token=0x00000[   15.963452] N0VRM: dmaAllocMap0ping_GM107: can'4t alloc VA space ★★★ WROTE — the store instruction executed for mapping.

kayfabe-isolate: DOORBELL-STORE #60 host_token=0x00000003 ★★★ WROTE — the store instruction executed
kayfabe-isolate: DOORBELL-STORE #63 host_token=0x00000004 runlist=0 chid=4 → storing 32 bits at USERMODE_NOTIFY_CHANNEL_PENDING=0x90 in the mapped usermode window
kayfabe-isolate: DOORBELL-STORE #64 host_token=0x00000003 runlist=0 chid=3 → storing 32 bits at USERMODE_NOTIFY_CHANNEL_PENDING=0x90 in the mapped usermode window
kayfabe-isolate: DOORBELL-STORE #63 host_token=0x00000004 ★★★ WROTE — the store instruction executed
kayfabe-isolate: DOORBELL-STORE #64 host_token=0x00000003 ★★★ WROTE — the store instruction executed
kayfabe-isolate: DOORBELL-STORE #66 host_token=0x00000005 runlist=0 chid=5 → storing 32 bits at USERMODE_NOTIFY_CHANNEL_PENDING=0x90 in the mapped usermode window
kayfabe-isolate: DOORBELL-STORE #65 host_token=0x00000004 runlist=0 chid=4 → storing 32 bits at USERMODE_NOTIFY_CHANNEL_PENDING=0x90 in the mapped usermode window
kayfabe-isolate: DOORBELL-STORE #65 host_token=0x00000004 ★★★ WROTE — the store instruction executed
kayfabe-isolate: DOORBELL-STORE #66 host_token=0x00000005 ★★★ WROTE — the store instruction executed
kayfabe-isolate: DOORBELL-STORE #67 host_token=0x00000003 runlist=0 chid=3 → storing 32 bits at USERMODE_NOTIFY_CHANNEL_PENDING=0x90 in the mapped usermode window
kayfabe-isolate: DOORBELL-STORE #68 host_token=0x00000005 runlist=0 chid=5 → storing 32 bits at USERMODE_NOTIFY_CHANNEL_PENDING=0x90 in the mapped usermode window
kayfabe-isolate: DOORBELL-STORE #68 host_token=0x00000005 ★★★ WROTE — the store instruction executed
kayfabe-isolate: DOORBELL-STORE #67 host_token=0x00000003 ★★★ WROTE — the store instruction executed
kayfabe-isolate: DOORBELL-STORE #69 host_token=0x00000005 runlist=0 chid=5 → storing 32 bits at USERMODE_NOTIFY_CHANNEL_PENDING=0x90 in the mapped usermode window
kayfabe-isolate: DOORBELL-STORE #69 host_token=0x00000005 ★★★ WROTE — the store instruction executed
kayfabe-isolate: DOORBELL-STORE #70 host_token=0x00000003 runlist=0 chid=3 → storing 32 bits at USERMODE_NOTIFY_CHANNEL_PENDING=0x90 in the mapped usermode window
kayfabe-isolate: DOORBELL-STORE #70 host_token=0x00000003 ★★★ WROTE — the store instruction executed
kayfabe-isolate: DOORBELL-STORE #71 host_token=0x00000004 runlist=0 chid=4 → storing 32 bits at USERMODE_NOTIFY_CHANNEL_PENDING=0x90 in the mapped usermode window
kayfabe-isolate: DOORBELL-STORE #71 host_token=0x00000004 ★★★ WROTE — the store instruction executed
kayfabe-isolate: DOORBELL-STORE #72 host_token=0x00000003 runlist=0 chid=3 → storing 32 bits at USERMODE_NOTIFY_CHANNEL_PENDING=0x90 in the mapped usermode window
kayfabe-isolate: DOORBELL-STORE #72 host_token=0x00000003 ★★★ WROTE — the store instruction executed
[   16.042511] NVRM: dmaAllocMapping_GM107: can't alloc VA space for mapping.
kayfabe-isolate: DOORBELL-STORE #73 host_token=0x00000005 runlist=0 chid=5 → storing 32 bits at USERMODE_NOTIFY_CHANNEL_PENDING=0x90 in the mapped usermode window
kayfabe-isolate: DOORBELL-STORE #73 host_token=0x00000005 ★★★ WROTE — the store instruction executed
[   16.072399] NVRM: dmaAllocMapping_GM107: can't alloc VA space for mapping.
[   16.088730] NVRM: dmaAllocMapping_GM107: can't alloc VA space for mapping.
[   16.093246] NVRM: dmaAllocMapping_GM107: can't alloc VA space for mapping.
kayfabe-isolate: DOORBELL-STORE #74 host_token=0x00000005 runlist=0 chid=5 → storing 32 bits at USERMODE_NOTIFY_CHANNEL_PENDING=0x90 in the mapped usermode window
kayfabe-isolate: DOORBELL-STORE #74 host_token=0x00000005 ★★★ WROTE — the store instruction executed
kayfabe-isolate: DOORBELL-STORE #75 host_token=0x00000005 runlist=0 chid=5 → storing 32 bits at USERMODE_NOTIFY_CHANNEL_PENDING=0x90 in the mapped usermode window
kayfabe-isolate: DOORBELL-STORE #75 host_token=0x00000005 ★★★ WROTE — the store instruction executed
kayfabe-isolate: DOORBELL-STORE #76 host_token=0x00000005 runlist=0 chid=5 → storing 32 bits at USERMODE_NOTIFY_CHANNEL_PENDING=0x90 in the mapped usermode window
kayfabe-isolate: DOORBELL-STORE #76 host_token=0x00000005 ★★★ WROTE — the store instruction executed
kayfabe-isolate: DOORBELL-STORE #77 host_token=0x00000005 runlist=0 chid=5 → storing 32 bits at USERMODE_NOTIFY_CHANNEL_PENDING=0x90 in the mapped usermode window
kayfabe-isolate: DOORBELL-STORE #77 host_token=0x00000005 ★★★ WROTE — the store instruction executed
[   16.137607] NVRM: dmaAllocMapping_GM107: can't alloc VA space for mapping.
kayfabe-isolate: DOORBELL-STORE #78 host_token=0x00000005 runlist=0 chid=5 → storing 32 bits at USERMODE_NOTIFY_CHANNEL_PENDING=0x90 in the mapped usermode window
kayfabe-isolate: DOORBELL-STORE #78 host_token=0x00000005 ★★★ WROTE — the store instruction executed
[   16.156695] NVRM: dmaAllocMapping_GM107: can't alloc VA space for mapping.
info  W385 unpinned census = 192 ops over 3 workers in 654 ms, 0 refused, 3/3 workers finished
info  W385 unpinned verbs  = alloc=19 map_a=19 map_b=12 write=18 alias_prop=10 unmap_b=6 probe=3 free=15 recycle=10 idle=80
info  W385 unpinned op us   = n=112 min=1600 p50=10791 p90=26389 p99=40620 max=55463  ⊘ a distribution, because one number is not a measurement
info  W385 unpinned overlap = 179 pairs of RM-verb intervals from DIFFERENT threads intersected, over 112/112 spans
info  W385 unpinned handles = 32 minted across 3 worker(s), each checked for collision against every other worker OF THE SAME CLIENT
info  W385 unpinned pinning = mode unpinned — 0/3 workers accepted a mask; observed core sets {"0-2"}
FUZZ_ARM=unpinned verdict=PASS why=CLEAN threads=3 pin=unpinned cores=3 ops=192 engine_ops=34 alias_ops=10 overlap=179 viol=0 refused=0 pinned=0/3 finished=3/3

info  W385 ARM percore    = 3 threads across 2 client(s), placement percore, seeded jitter <= 200 us
[   16.242933] NVRM: dmaAllocMapping_GM107: can't alloc VA space for mapping.
[   16.252684] NVRM: dmaAllocMapping_GM107: can't alloc VA space for mapping.
[   16.265225] NVRM: dmaAllocMapping_GM107: can't alloc VA space for mapping.
kayfabe-isolate: DOORBELL-STORE #79 host_token=0x00000003 runlist=0 chid=3 → storing 32 bits at USERMODE_NOTIFY_CHANNEL_PENDING=0x90 in the mapped usermode window
kayfabe-isolate: DOORBELL-STORE #79 host_token=0x00000003 ★★★ WROTE — the store instruction executed
kayfabe-isolate: DOORBELL-STORE #80 host_token=0x00000003 runlist=0 chid=3 → storing 32 bits at USERMODE_NOTIFY_CHANNEL_PENDING=0x90 in the mapped usermode window
kayfabe-isolate: DOORBELL-STORE #81 host_token=0x00000004 runlist=0 chid=4 → storing 32 bits at USERMODE_NOTIFY_CHANNEL_PENDING=0x90 in the mapped usermode window
kayfabe-isolate: DOORBELL-STORE #82 host_token=0x00000005 runlist=0 chid=5 → storing 32 bits at USERMODE_NOTIFY_CHANNEL_PENDING=0x90 in the mapped usermode window
kayfabe-isolate: DOORBELL-STORE #82 host_token=0x00000005 ★★★ WROTE — the store instruction executed
kayfabe-isolate: DOORBELL-STORE #81 host_token=0x00000004 ★★★ WROTE — the store instruction executed
kayfabe-isolate: DOORBELL-STORE #80 host_token=0x00000003 ★★★ WROTE — the store instruction executed
kayfabe-isolate: DOORBELL-STORE #83 host_token=0x00000003 runlist=0 chid=3 → storing 32 bits at USERMODE_NOTIFY_CHANNEL_PENDING=0x90 in the mapped usermode window
kayfabe-isolate: DOORBELL-STORE #83 host_token=0x00000003 ★★★ WROTE — the store instruction executed
kayfabe-isolate: DOORBELL-STORE #84 host_token=0x00000003 runlist=0 chid=3 → storing 32 bits at USERMODE_NOTIFY_CHANNEL_PENDING=0x90 in the mapped usermode window
kayfabe-isolate: DOORBELL-STORE #84 host_token=0x00000003 ★★★ WROTE — the store instruction executed
[   16.346806] NVRM: dmaAllocMapping_GM107: can't alloc VA space for mapping.
[   16.362321] NVRM: dmaAllocMapping_GM107: can't alloc VA space for mapping.
kayfabe-isolate: DOORBELL-STORE #85 host_token=0x00000003 runlist=0 chid=3 → storing 32 bits at USERMODE_NOTIFY_CHANNEL_PENDING=0x90 in the mapped usermode window
kayfabe-isolate: DOORBELL-STORE #85 host_token=0x00000003 ★★★ WROTE — the store instruction executed
[   16.377920] NVRM: dmaAllocMapping_GM107: can'kayfabe-isolate: DOORBELL-STORE #t alloc VA space86 for mapping.
 host_token=0x00000003 runlist=0 chid=3 → storing 32 bits at USERMODE_NOTIFY_CHANNEL_PENDING=0x90 in the mapped usermode window
kayfabe-isolate: DOORBELL-STORE #86 host_token=0x00000003 ★★★ WROTE — the store instruction executed
kayfabe-isolate: DOORBELL-STORE #87 host_token=0x00000004 runlist=0 chid=4 → storing 32 bits at USERMODE_NOTIFY_CHANNEL_PENDING=0x90 in the mapped usermode window
kayfabe-isolate: DOORBELL-STORE #87 host_token=0x00000004 ★★★ WROTE — the store instruction executed
kayfabe-isolate: DOORBELL-STORE #88[   16.400587] N host_token=VRM: dmaAllocMap0xping_GM107: can'0t alloc VA space0 for mapping.
000003 runlist=0 chid=3 → storing 32 bits at USERMODE_NOTIFY_CHANNEL_PENDING=0x90 in the mapped usermode window
kayfabe-isolate: DOORBELL-STORE #88 host_token=0x00000003 ★★★ WROTE — the store instruction executed
kayfabe-isolate: DOORBELL-STORE #89 host_token=0x00000005 runlist=0 chid=5 → storing 32 bits at USERMODE_NOTIFY_CHANNEL_PENDING=0x90 in the mapped usermode window
kayfabe-isolate: DOORBELL-STORE #89 host_token=0x00000005 ★★★ WROTE — the store instruction executed
kayfabe-isolate: DOORBELL-STORE #90 host_token=0x00000003 runlist=0 chid=3 → storing 32 bits at USERMODE_NOTIFY_CHANNEL_PENDING=0x90 in the mapped usermode window
kayfabe-isolate: DOORBELL-STORE #90 host_token=0x00000003 ★★★ WROTE — the store instruction executed
kayfabe-isolate: DOORBELL-STORE #91 host_token=0x00000004 runlist=0 chid=4 → storing 32 bits at USERMODE_NOTIFY_CHANNEL_PENDING=0x90 in the mapped usermode window
kayfabe-isolate: DOORBELL-STORE #91 host_token=0x00000004 ★★★ WROTE — the store instruction executed
kayfabe-isolate: DOORBELL-STORE #92 host_token=0x00000003 runlist=0 chid=3 → storing 32 bits at USERMODE_NOTIFY_CHANNEL_PENDING=0x90 in the mapped usermode window
kayfabe-isolate: DOORBELL-STORE #92 host_token=0x00000003 ★★★ WROTE — the store instruction executed
kayfabe-isolate: DOORBELL-STORE #93 host_token=0x00000005 runlist=0 chid=5 → storing 32 bits at USERMODE_NOTIFY_CHANNEL_PENDING=0x90 in the mapped usermode window
kayfabe-isolate: DOORBELL-STORE #93 host_token=0x00000005 ★★★ WROTE — the store instruction executed
kayfabe-isolate: DOORBELL-STORE #94 host_token=0x00000003 runlist=0 chid=3 → storing 32 bits at USERMODE_NOTIFY_CHANNEL_PENDING=0x90 in the mapped usermode window
kayfabe-isolate: DOORBELL-STORE #94 host_token=0x00000003 ★★★ WROTE — the store instruction executed
[   16.434123] NVRM: dmaAllocMapping_GM107: can't alloc VA space for mapping.
kayfabe-isolate: DOORBELL-STORE #95 host_token=0x00000004 runlist=0 chid=4 → storing 32 bits at USERMODE_NOTIFY_CHANNEL_PENDING=0x90 in the mapped usermode window
kayfabe-isolate: DOORBELL-STORE #95 host_token=0x00000004 ★★★ WROTE — the store instruction executed
kayfabe-isolate: DOORBELL-STORE #96 host_token=0x00000003 runlist=0 chid=3 → storing 32 bits at USERMODE_NOTIFY_CHANNEL_PENDING=0x90 in the mapped usermode window
kayfabe-isolate: DOORBELL-STORE #96 host_token=0x00000003 ★★★ WROTE — the store instruction executed
[   16.468279] NVRM: dmaAllocMapping_GM107: can't alloc VA space for mapping.
kayfabe-isolate: DOORBELL-STORE #97 host_token=0x00000003 runlist=0 chid=3 → storing 32 bits at USERMODE_NOTIFY_CHANNEL_PENDING=0x90 in the mapped usermode window
kayfabe-isolate: DOORBELL-STORE #97 host_token=0x00000003 ★★★ WROTE — the store instruction executed
kayfabe-isolate: DOORBELL-STORE #98 host_token=0x00000003 runlist=0[   16.496574] N chid=VRM: dmaAllocMap3ping_GM107: can' → storing 32 bits at USERMODE_NOTIFY_CHANNEL_PENDING=t alloc VA space0x for mapping.
90 in the mapped usermode window
kayfabe-isolate: DOORBELL-STORE #98 host_token=0x00000003 ★★★ WROTE — the store instruction executed
kayfabe-isolate: DOORBELL-STORE #99 host_token=0x00000004 runlist=0 chid=4 → storing 32 bits at USERMODE_NOTIFY_CHANNEL_PENDING=0x90 in the mapped usermode window
kayfabe-isolate: DOORBELL-STORE #99 host_token=0x00000004 ★★★ WROTE — the store instruction executed
kayfabe-isolate: DOORBELL-STORE #100 host_token=0x00000003 runlist=0 chid=3 → storing 32 bits at USERMODE_NOTIFY_CHANNEL_PENDING=0x90 in the mapped usermode window
kayfabe-isolate: DOORBELL-STORE #100 host_token=0x00000003 ★★★ WROTE — the store instruction executed
kayfabe-isolate: DOORBELL-STORE #101 host_token=0x00000003 runlist=0 chid=3 → storing 32 bits at USERMODE_NOTIFY_CHANNEL_PENDING=0x90 in the mapped usermode window
kayfabe-isolate: DOORBELL-STORE #102 host_token=0x00000004 runlist=0 chid=4 → storing 32 bits at USERMODE_NOTIFY_CHANNEL_PENDING=0x90 in the mapped usermode window
kayfabe-isolate: DOORBELL-STORE #102 host_token=0x00000004 ★★★ WROTE — the store instruction executed
kayfabe-isolate: DOORBELL-STORE #101 host_token=0x00000003 ★★★ WROTE — the store instruction executed
kayfabe-isolate: DOORBELL-STORE #103 host_token=0x00000004 runlist=0 chid=4 → storing 32 bits at USERMODE_NOTIFY_CHANNEL_PENDING=0x90 in the mapped usermode window
kayfabe-isolate: DOORBELL-STORE #103 host_token=0x00000004 ★★★ WROTE — the store instruction executed
kayfabe-isolate: DOORBELL-STORE #104 host_token=0x00000003 runlist=0 chid=3 → storing 32 bits at USERMODE_NOTIFY_CHANNEL_PENDING=0x90 in the mapped usermode window
kayfabe-isolate: DOORBELL-STORE #104 host_token=0x00000003[   16.530418] N ★★★ WROTE — the store instruction executedVRM: dmaAllocMap
ping_GM107: can'kayfabe-isolate: DOORBELL-STORE #t alloc VA space105 for mapping.
 host_token=0x00000004 runlist=0 chid=4 → storing 32 bits at USERMODE_NOTIFY_CHANNEL_PENDING=0x90 in the mapped usermode window
kayfabe-isolate: DOORBELL-STORE #105 host_token=0x00000004 ★★★ WROTE — the store instruction executed
kayfabe-isolate: DOORBELL-STORE #[   16.536928] N106VRM: dmaAllocMap host_token=ping_GM107: can'0xt alloc VA space0 for mapping.
0000005 runlist=0 chid=5 → storing 32 bits at USERMODE_NOTIFY_CHANNEL_PENDING=0x90 in the mapped usermode window
kayfabe-isolate: DOORBELL-STORE #106 host_token=0x00000005 ★★★ WROTE — the store instruction executed
kayfabe-isolate: DOORBELL-STORE #107 host_token=0x00000003 runlist=0 chid=3 → storing 32 bits at USERMODE_NOTIFY_CHANNEL_PENDING=0x90 in the mapped usermode window
kayfabe-isolate: DOORBELL-STORE #107 host_token=0x00000003 ★★★ WROTE — the store instruction executed
[   16.550342] NVRM: dmaAllocMapping_GM107: can't alloc VA space for mapping.
kayfabe-isolate: DOORBELL-STORE #108 host_token=0x00000003 runlist=0 chid=3 → storing 32 bits at USERMODE_NOTIFY_CHANNEL_PENDING=0x90 in the mapped usermode window
kayfabe-isolate: DOORBELL-STORE #108 host_token=0x00000003 ★★★ WROTE — the store instruction executed
kayfabe-isolate: DOORBELL-STORE #109 host_token=0x00000003 runlist=0 chid=3 → storing 32 bits at USERMODE_NOTIFY_CHANNEL_PENDING=0x90 in the mapped usermode window
kayfabe-isolate: DOORBELL-STORE #109 host_token=0x00000003 ★★★ WROTE — the store instruction executed
[   16.560796] NVRM: dmaAllocMapping_GM107: can't alloc VA space for mapping.
kayfabe-isolate: DOORBELL-STORE #110 host_token=0x00000005 runlist=0 chid=5 → storing 32 bits at USERMODE_NOTIFY_CHANNEL_PENDING=0x90 in the mapped usermode window
kayfabe-isolate: DOORBELL-STORE #110 host_token=0x00000005 ★★★ WROTE — the store instruction executed
[   16.569161] NVRM: dmaAllocMapping_GM107: can't alloc VA space for mapping.
kayfabe-isolate: DOORBELL-STORE #111 host_token=0x00000005 runlist=0 chid=5 → storing 32 bits at USERMODE_NOTIFY_CHANNEL_PENDING=0x90 in the mapped usermode window
kayfabe-isolate: DOORBELL-STORE #112 host_token=0x00000004 runlist=0 chid=4 → storing 32 bits at USERMODE_NOTIFY_CHANNEL_PENDING=0x90 in the mapped usermode window
kayfabe-isolate: DOORBELL-STORE #111 host_token=0x00000005 ★★★ WROTE — the store instruction executed
kayfabe-isolate: DOORBELL-STORE #112 host_token=0x00000004 ★★★ WROTE — the store instruction executed
kayfabe-isolate: DOORBELL-STORE #113 host_token=0x00000004 runlist=0 chid=4 → storing 32 bits at USERMODE_NOTIFY_CHANNEL_PENDING=0x90 in the mapped usermode window
kayfabe-isolate: DOORBELL-STORE #113 host_token=0x00000004 ★★★ WROTE — the store instruction executed
kayfabe-isolate: DOORBELL-STORE #115 host_token=0x00000003 runlist=0 chid=3 → storing 32 bits at USERMODE_NOTIFY_CHANNEL_PENDING=0x90 in the mapped usermode window
kayfabe-isolate: DOORBELL-STORE #114 host_token=0x00000005 runlist=0 chid=5 → storing 32 bits at USERMODE_NOTIFY_CHANNEL_PENDING=0x90 in the mapped usermode window
kayfabe-isolate: DOORBELL-STORE #114 host_token=0x00000005 ★★★ WROTE — the store instruction executed
kayfabe-isolate: DOORBELL-STORE #115 host_token=0x00000003 ★★★ WROTE — the store instruction executed
kayfabe-isolate: DOORBELL-STORE #116 host_token=0x00000004 runlist=0 chid=4 → storing 32 bits at USERMODE_NOTIFY_CHANNEL_PENDING=0x90 in the mapped usermode window
kayfabe-isolate: DOORBELL-STORE #116 host_token=0x00000004 ★★★ WROTE — the store instruction executed
kayfabe-isolate: DOORBELL-STORE #117 host_token=0x00000005 runlist=0 chid=5 → storing 32 bits at USERMODE_NOTIFY_CHANNEL_PENDING=0x90 in the mapped usermode window
kayfabe-isolate: DOORBELL-STORE #117 host_token=0x00000005 ★★★ WROTE — the store instruction executed
kayfabe-isolate: DOORBELL-STORE #118 host_token=0x00000004 runlist=0 chid=4 → storing 32 bits at USERMODE_NOTIFY_CHANNEL_PENDING=0x90 in the mapped usermode window
kayfabe-isolate: DOORBELL-STORE #118 host_token=0x00000004 ★★★ WROTE — the store instruction executed
[   16.593963] NVRM: dmaAllocMapping_GM107: can't alloc VA space for mapping.
kayfabe-isolate: DOORBELL-STORE #119 host_token=0x00000005 runlist=0 chid=5 → storing 32 bits at USERMODE_NOTIFY_CHANNEL_PENDING=0x90 in the mapped usermode window
kayfabe-isolate: DOORBELL-STORE #119 host_token=0x00000005 ★★★ WROTE — the store instruction executed
kayfabe-isolate: DOORBELL-STORE #120 host_token=0x00000005 runlist=0 chid=5 → storing 32 bits at USERMODE_NOTIFY_CHANNEL_PENDING=0x90 in the mapped usermode window
kayfabe-isolate: DOORBELL-STORE #120 host_token=0x00000005 ★★★ WROTE — the store instruction executed
kayfabe-isolate: DOORBELL-STORE #121 host_token=0x00000005 runlist=0 chid=5 → storing 32 bits at USERMODE_NOTIFY_CHANNEL_PENDING=0x90 in the mapped usermode window
kayfabe-isolate: DOORBELL-STORE #121 host_token=0x00000005 ★★★ WROTE — the store instruction executed
kayfabe-isolate: DOORBELL-STORE #122 host_token=0x00000003 runlist=0 chid=3 → storing 32 bits at USERMODE_NOTIFY_CHANNEL_PENDING=0x90 in the mapped usermode window
kayfabe-isolate: DOORBELL-STORE #122 host_token=0x00000003 ★★★ WROTE — the store instruction executed
kayfabe-isolate: DOORBELL-STORE #123 host_token=0x00000003 runlist=0 chid=3 → storing 32 bits at USERMODE_NOTIFY_CHANNEL_PENDING=0x90 in the mapped usermode window
kayfabe-isolate: DOORBELL-STORE #123 host_token=0x00000003 ★★★ WROTE — the store instruction executed
kayfabe-isolate: DOORBELL-STORE #124 host_token=0x00000004 runlist=0 chid=4 → storing 32 bits at USERMODE_NOTIFY_CHANNEL_PENDING=0x90 in the mapped usermode window
kayfabe-isolate: DOORBELL-STORE #124 host_token=0x00000004 ★★★ WROTE — the store instruction executed
kayfabe-isolate: DOORBELL-STORE #125 host_token=0x00000003 runlist=0 chid=3 → storing 32 bits at USERMODE_NOTIFY_CHANNEL_PENDING=0x90 in the mapped usermode window
kayfabe-isolate: DOORBELL-STORE #125 host_token=0x00000003 ★★★ WROTE — the store instruction executed
kayfabe-isolate: DOORBELL-STORE #126 host_token=0x00000005 runlist=0 chid=5 → storing 32 bits at USERMODE_NOTIFY_CHANNEL_PENDING=0x90 in the mapped usermode window
kayfabe-isolate: DOORBELL-STORE #126 host_token=0x00000005 ★★★ WROTE — the store instruction executed
[   16.664660] NVRM: dmaAllocMapping_GM107: can't alloc VA space for mapping.
kayfabe-isolate: DOORBELL-STORE #127 host_token=0x00000003 runlist=0 chid=3 → storing 32 bits at USERMODE_NOTIFY_CHANNEL_PENDING=0x90 in the mapped usermode window
kayfabe-isolate: DOORBELL-STORE #127 host_token=0x00000003 ★★★ WROTE — the store instruction executed
[   16.691691] NVRM: dmaAllocMapping_GM107: can't alloc VA space for mapping.
[   16.706736] NVRM: dmaAllocMapping_GM107: can't alloc VA space for mapping.
[   16.711512] NVRM: dmaAllocMapping_GM107: can't alloc VA space for mapping.
kayfabe-isolate: DOORBELL-STORE #128 host_token=0x00000003 runlist=0 chid=3 → storing 32 bits at USERMODE_NOTIFY_CHANNEL_PENDING=0x90 in the mapped usermode window
kayfabe-isolate: DOORBELL-STORE #128 host_token=0x00000003 ★★★ WROTE — the store instruction executed
kayfabe-isolate: DOORBELL-STORE #129 host_token=0x00000003 runlist=0 chid=3 → storing 32 bits at USERMODE_NOTIFY_CHANNEL_PENDING=0x90 in the mapped usermode window
kayfabe-isolate: DOORBELL-STORE #129 host_token=0x00000003 ★★★ WROTE — the store instruction executed
kayfabe-isolate: DOORBELL-STORE #130 host_token=0x00000003 runlist=0 chid=3 → storing 32 bits at USERMODE_NOTIFY_CHANNEL_PENDING=0x90 in the mapped usermode window
kayfabe-isolate: DOORBELL-STORE #130 host_token=0x00000003 ★★★ WROTE — the store instruction executed
kayfabe-isolate: DOORBELL-STORE #131 host_token=0x00000003 runlist=0 chid=3 → storing 32 bits at USERMODE_NOTIFY_CHANNEL_PENDING=0x90 in the mapped usermode window
kayfabe-isolate: DOORBELL-STORE #131 host_token=0x00000003 ★★★ WROTE — the store instruction executed
[   16.753406] NVRM: dmaAllocMapping_GM107: can't alloc VA space for mapping.
kayfabe-isolate: DOORBELL-STORE #132 host_token=0x00000003 runlist=0 chid=3 → storing 32 bits at USERMODE_NOTIFY_CHANNEL_PENDING=0x90 in the mapped usermode window
kayfabe-isolate: DOORBELL-STORE #132 host_token=0x00000003 ★★★ WROTE — the store instruction executed
[   16.773094] NVRM: dmaAllocMapping_GM107: can't alloc VA space for mapping.
info  W385 percore  census = 192 ops over 3 workers in 614 ms, 0 refused, 3/3 workers finished
info  W385 percore  verbs  = alloc=19 map_a=19 map_b=12 write=18 alias_prop=10 unmap_b=6 probe=3 free=15 recycle=10 idle=80
info  W385 percore  op us   = n=112 min=1341 p50=8784 p90=23298 p99=38794 max=57344  ⊘ a distribution, because one number is not a measurement
info  W385 percore  overlap = 176 pairs of RM-verb intervals from DIFFERENT threads intersected, over 112/112 spans
info  W385 percore  handles = 32 minted across 3 worker(s), each checked for collision against every other worker OF THE SAME CLIENT
info  W385 percore  pinning = mode percore — 3/3 workers accepted a mask; observed core sets {"0", "1", "2"}
FUZZ_ARM=percore verdict=PASS why=CLEAN threads=3 pin=percore cores=3 ops=192 engine_ops=34 alias_ops=10 overlap=176 viol=0 refused=0 pinned=3/3 finished=3/3

info  W385 ARM crowd-free = 9 threads across 2 client(s), placement unpinned, seeded jitter <= 200 us
[   16.928102] NVRM: dmaAllocMapping_GM107: can't alloc VA space for mapping.
[   16.949990] NVRM: dmaAllocMapping_GM107: can't alloc VA space for mapping.
[   16.983183] NVRM: dmaAllocMapping_GM107: can't alloc VA space for mapping.
[   16.987499] NVRM: dmaAllocMapping_GM107: can't alloc VA space for mapping.
[   16.992356] NVRM: dmaAllocMapping_GM107: can't alloc VA space for mapping.
[   16.996426] NVRM: dmaAllocMapping_GM107: can't alloc VA space for mapping.
[   17.001388] NVRM: dmaAllocMapping_GM107: can't alloc VA space for mapping.
[   17.006844] NVRM: dmaAllocMapping_GM107: can't alloc VA space for mapping.
[   17.013983] NVRM: dmaAllocMapping_GM107: can't alloc VA space for mapping.
kayfabe-isolate: DOORBELL-STORE #133 host_token=0x00000009 runlist=0 chid=9 → storing 32 bits at USERMODE_NOTIFY_CHANNEL_PENDING=0x90 in the mapped usermode window
kayfabe-isolate: DOORBELL-STORE #133 host_token=0x00000009 ★★★ WROTE — the store instruction executed
kayfabe-isolate: DOORBELL-STORE #134 host_token=0x00000008 runlist=0 chid=8 → storing 32 bits at USERMODE_NOTIFY_CHANNEL_PENDING=0x90 in the mapped usermode window
kayfabe-isolate: DOORBELL-STORE #134 host_token=0x00000008 ★★★ WROTE — the store instruction executed
kayfabe-isolate: DOORBELL-STORE #135 host_token=0x00000003 runlist=0 chid=3 → storing 32 bits at USERMODE_NOTIFY_CHANNEL_PENDING=0x90 in the mapped usermode window
kayfabe-isolate: DOORBELL-STORE #136 host_token=0x0000000b runlist=0 chid=11 → storing 32 bits at USERMODE_NOTIFY_CHANNEL_PENDING=0x90 in the mapped usermode window
kayfabe-isolate: DOORBELL-STORE #137 host_token=0x00000007 runlist=0 chid=7 → storing 32 bits at USERMODE_NOTIFY_CHANNEL_PENDING=0x90 in the mapped usermode window
kayfabe-isolate: DOORBELL-STORE #137 host_token=0x00000007 ★★★ WROTE — the store instruction executed
kayfabe-isolate: DOORBELL-STORE #135 host_token=0x00000003 ★★★ WROTE — the store instruction executed
kayfabe-isolate: DOORBELL-STORE #136 host_token=0x0000000b ★★★ WROTE — the store instruction executed
kayfabe-isolate: DOORBELL-STORE #138 host_token=0x0000000a runlist=0 chid=10 → storing 32 bits at USERMODE_NOTIFY_CHANNEL_PENDING=0x90 in the mapped usermode window
kayfabe-isolate: DOORBELL-STORE #138 host_token=0x0000000a ★★★ WROTE — the store instruction executed
kayfabe-isolate: DOORBELL-STORE #139 host_token=0x00000006 runlist=0 chid=6 → storing 32 bits at USERMODE_NOTIFY_CHANNEL_PENDING=0x90 in the mapped usermode window
kayfabe-isolate: DOORBELL-STORE #140 host_token=0x00000007 runlist=0 chid=7 → storing 32 bits at USERMODE_NOTIFY_CHANNEL_PENDING=0x90 in the mapped usermode window
kayfabe-isolate: DOORBELL-STORE #140 host_token=0x00000007 ★★★ WROTE — the store instruction executed
kayfabe-isolate: DOORBELL-STORE #139 host_token=0x00000006 ★★★ WROTE — the store instruction executed
kayfabe-isolate: DOORBELL-STORE #141 host_token=0x00000007 runlist=0 chid=7 → storing 32 bits at USERMODE_NOTIFY_CHANNEL_PENDING=0x90 in the mapped usermode window
kayfabe-isolate: DOORBELL-STORE #141 host_token=0x00000007 ★★★ WROTE — the store instruction executed
[   17.102715] NVRM: dmaAllocMapping_GM107: can't alloc VA space for mapping.
[   17.109311] NVRM: dmaAllocMapping_GM107: can't alloc VA space for mapping.
kayfabe-isolate: DOORBELL-STORE #142 host_token=0x00000007 runlist=0 chid=7 → storing 32 bits at USERMODE_NOTIFY_CHANNEL_PENDING=0x90 in the mapped usermode window
kayfabe-isolate: DOORBELL-STORE #142 host_token=0x00000007 ★★★ WROTE — the store instruction executed
[   17.164186] NVRM: dmaAllocMapping_GM107: can't alloc VA space for mapping.
[   17.183253] NVRM: dmaAllocMapping_GM107: can't alloc VA space for mapping.
[   17.190874] NVRM: dmaAllocMapping_GM107: can't alloc VA space for mapping.
[   17.198991] NVRM: dmaAllocMapping_GM107: can't alloc VA space for mapping.
[   17.206160] NVRM: dmaAllocMapping_GM107: can't alloc VA space for mapping.
[   17.225494] NVRM: dmaAllocMapping_GM107: can't alloc VA space for mapping.
[   17.246728] NVRM: dmaAllocMapping_GM107: can't alloc VA space for mapping.
[   17.254277] NVRM: dmaAllocMapping_GM107: can't alloc VA space for mapping.
[   17.277788] NVRM: dmaAllocMapping_GM107: can't alloc VA space for mapping.
kayfabe-isolate: DOORBELL-STORE #143 host_token=0x00000009 runlist=0 chid=9 → storing 32 bits at USERMODE_NOTIFY_CHANNEL_PENDING=0x90 in the mapped usermode window
kayfabe-isolate: DOORBELL-STORE #143 host_token=0x00000009 ★★★ WROTE — the store instruction executed
kayfabe-isolate: DOORBELL-STORE #144 host_token=0x00000007 runlist=0 chid=7 → storing 32 bits at USERMODE_NOTIFY_CHANNEL_PENDING=0x90 in the mapped usermode window
kayfabe-isolate: DOORBELL-STORE #144 host_token=0x00000007 ★★★ WROTE — the store instruction executed
[   17.293704] NVRM: dmaAllocMapping_GM107: can't alloc VA space for mapping.
[   17.297859] NVRM: dmaAllocMapping_GM107: can't alloc VA space for mapping.
[   17.306618] NVRM: dmaAllocMapping_GM107: can't alloc VA space for mapping.
kayfabe-isolate: DOORBELL-STORE #145 host_token=0x00000007 runlist=0 chid=7 → storing 32 bits at USERMODE_NOTIFY_CHANNEL_PENDING=0x90 in the mapped usermode window
kayfabe-isolate: DOORBELL-STORE #145 host_token=0x00000007 ★★★ WROTE — the store instruction executed
kayfabe-isolate: DOORBELL-STORE #146 host_token=0x00000006 runlist=0 chid=6 → storing 32 bits at USERMODE_NOTIFY_CHANNEL_PENDING=0x90 in the mapped usermode window
kayfabe-isolate: DOORBELL-STORE #146 host_token=0x00000006 ★★★ WROTE — the store instruction executed
kayfabe-isolate: DOORBELL-STORE #147 host_token=0x00000008 runlist=0 chid=8 → storing 32 bits at USERMODE_NOTIFY_CHANNEL_PENDING=0x90 in the mapped usermode window
kayfabe-isolate: DOORBELL-STORE #147 host_token=0x00000008 ★★★ WROTE — the store instruction executed
[   17.334398] NVRM: dmaAllocMapping_GM107: can't alloc VA space for mapping.
kayfabe-isolate: DOORBELL-STORE #148 host_token=0x0000000a runlist=0 chid=10 → storing 32 bits at USERMODE_NOTIFY_CHANNEL_PENDING=0x90 in the mapped usermode window
kayfabe-isolate: DOORBELL-STORE #148 host_token=0x0000000a ★★★ WROTE — the store instruction executed
kayfabe-isolate: DOORBELL-STORE #149 host_token=0x00000009 runlist=0 chid=9 → storing 32 bits at USERMODE_NOTIFY_CHANNEL_PENDING=0x90 in the mapped usermode window
kayfabe-isolate: DOORBELL-STORE #149 host_token=0x00000009 ★★★ WROTE — the store instruction executed
[   17.351267] NVRM: dmaAllocMapping_GM107: can't alloc VA space for mapping.
kayfabe-isolate: DOORBELL-STORE #[   17.357838] NVRM: dmaAllocMapping_GM107: can't alloc VA space for mapping.
150 host_token=0x00000007 runlist=0 chid=7 → storing 32 bits at USERMODE_NOTIFY_CHANNEL_PENDING=0x90 in the mapped usermode window
kayfabe-isolate: DOORBELL-STORE #150 host_token=0x00000007 ★★★ WROTE — the store instruction executed
kayfabe-isolate: DOORBELL-STORE #151 host_token=0x0000000b runlist=0 chid=11 → storing 32 bits at USERMODE_NOTIFY_CHANNEL_PENDING=0x90 in the mapped usermode window
kayfabe-isolate: DOORBELL-STORE #151 host_token=0x0000000b ★★★ WROTE — the store instruction executed
[   17.374434] NVRM: dmaAllocMapping_GM107: can't alloc VA space for mapping.
kayfabe-isolate: DOORBELL-STORE #152 host_token=0x00000007 runlist=0 chid=7 → storing 32 bits at USERMODE_NOTIFY_CHANNEL_PENDING=0x90 in the mapped usermode window
kayfabe-isolate: DOORBELL-STORE #152 host_token=0x00000007 ★★★ WROTE — the store instruction executed
kayfabe-isolate: DOORBELL-STORE #153 host_token=0x00000003 runlist=0 chid=3 → storing 32 bits at USERMODE_NOTIFY_CHANNEL_PENDING=0x90 in the mapped usermode window
kayfabe-isolate: DOORBELL-STORE #154 host_token=0x00000006 runlist=0 chid=6 → storing 32 bits at USERMODE_NOTIFY_CHANNEL_PENDING=0x90 in the mapped usermode window
kayfabe-isolate: DOORBELL-STORE #154 host_token=0x00000006 ★★★ WROTE — the store instruction executed
kayfabe-isolate: DOORBELL-STORE #153 host_token=0x00000003 ★★★ WROTE — the store instruction executed
kayfabe-isolate: DOORBELL-STORE #155 host_token=0x00000007 runlist=0 chid=7 → storing 32 bits at USERMODE_NOTIFY_CHANNEL_PENDING=0x90 in the mapped usermode window
kayfabe-isolate: DOORBELL-STORE #155 host_token=0x00000007 ★★★ WROTE — the store instruction executed
kayfabe-isolate: DOORBELL-STORE #156 host_token=0x0000000a runlist=0 chid=10 → storing 32 bits at USERMODE_NOTIFY_CHANNEL_PENDING=0x90 in the mapped usermode window
kayfabe-isolate: DOORBELL-STORE #156 host_token=0x0000000a ★★★ WROTE — the store instruction executed
kayfabe-isolate: DOORBELL-STORE #157 host_token=0x00000007 runlist=0 chid=7 → storing 32 bits at USERMODE_NOTIFY_CHANNEL_PENDING=0x90 in the mapped usermode window
kayfabe-isolate: DOORBELL-STORE #157 host_token=0x00000007 ★★★ WROTE — the store instruction executed
kayfabe-isolate: DOORBELL-STORE #158 host_token=0x00000008 runlist=0 chid=8 → storing 32 bits at USERMODE_NOTIFY_CHANNEL_PENDING=0x90 in the mapped usermode window
kayfabe-isolate: DOORBELL-STORE #158 host_token=0x00000008 ★★★ WROTE — the store instruction executed
kayfabe-isolate: DOORBELL-STORE #159 host_token=0x0000000b runlist=0 chid=11 → storing 32 bits at USERMODE_NOTIFY_CHANNEL_PENDING=0x90 in the mapped usermode window
kayfabe-isolate: DOORBELL-STORE #159 host_token=0x0000000b ★★★ WROTE — the store instruction executed
kayfabe-isolate: DOORBELL-STORE #160 host_token=0x00000003 runlist=0 chid=3 → storing 32 bits at USERMODE_NOTIFY_CHANNEL_PENDING=0x90 in the mapped usermode window
kayfabe-isolate: DOORBELL-STORE #160 host_token=0x00000003 ★★★ WROTE — the store instruction executed
[   17.438586] NVRM: dmaAllocMapping_GM107: can't alloc VA space for mapping.
kayfabe-isolate: DOORBELL-STORE #161 host_token=0x00000007 runlist=0 chid=7 → storing 32 bits at USERMODE_NOTIFY_CHANNEL_PENDING=0x90 in the mapped usermode window
kayfabe-isolate: DOORBELL-STORE #161 host_token=0x00000007 ★★★ WROTE — the store instruction executed
[   17.489548] NVRM: dmaAllocMapping_GM107: can't alloc VA space for mapping.
kayfabe-isolate: DOORBELL-STORE #162 host_token=0x00000006 runlist=0 chid=6 → storing 32 bits at USERMODE_NOTIFY_CHANNEL_PENDING=0x90 in the mapped usermode window
kayfabe-isolate: DOORBELL-STORE #162 host_token=0x00000006 ★★★ WROTE — the store instruction executed
kayfabe-isolate: DOORBELL-STORE #163 host_token=0x00000007 runlist=0 chid=7 → storing 32 bits at USERMODE_NOTIFY_CHANNEL_PENDING=0x90 in the mapped usermode window
kayfabe-isolate: DOORBELL-STORE #163 host_token=0x00000007 ★★★ WROTE — the store instruction executed
kayfabe-isolate: DOORBELL-STORE #164 host_token=0x00000007 runlist=0 chid=7 → storing 32 bits at USERMODE_NOTIFY_CHANNEL_PENDING=0x90 in the mapped usermode window
kayfabe-isolate: DOORBELL-STORE #164 host_token=0x00000007 ★★★ WROTE — the store instruction executed
[   17.553103] Nkayfabe-isolate: DOORBELL-STORE #VRM: dmaAllocMap165ping_GM107: can' host_token=t alloc VA space0x for mapping.
00000003 runlist=0 chid=3 → storing 32 bits at USERMODE_NOTIFY_CHANNEL_PENDING=0x90 in the mapped usermode window
kayfabe-isolate: DOORBELL-STORE #165 host_token=0x00000003 ★★★ WROTE — the store instruction executed
kayfabe-isolate: DOORBELL-STORE #166 host_token=0x00000005 runlist=0 chid=5 → storing 32 bits at USERMODE_NOTIFY_CHANNEL_PENDING=0x90 in the mapped usermode window
kayfabe-isolate: DOORBELL-STORE #166 host_token=0x00000005 ★★★ WROTE — the store instruction executed
kayfabe-isolate: DOORBELL-STORE #167 host_token=0x00000007 runlist=0 chid=7 → storing 32 bits at USERMODE_NOTIFY_CHANNEL_PENDING=0x90 in the mapped usermode window
kayfabe-isolate: DOORBELL-STORE #167 host_token=0x00000007 ★★★ WROTE — the store instruction executed
kayfabe-isolate: DOORBELL-STORE #168 host_token=0x00000008 runlist=0 chid=8 → storing 32 bits at USERMODE_NOTIFY_CHANNEL_PENDING=0x90 in the mapped usermode window
kayfabe-isolate: DOORBELL-STORE #168 host_token=0x00000008 ★★★ WROTE — the store instruction executed
[   17.601731] NVRM: dmaAllocMapping_GM107: can't alloc VA space for mapping.
kayfabe-isolate: DOORBELL-STORE #169 host_token=0x00000007 runlist=0 chid=7 → storing 32 bits at USERMODE_NOTIFY_CHANNEL_PENDING=0x90 in the mapped usermode window
kayfabe-isolate: DOORBELL-STORE #169 host_token=0x00000007 ★★★ WROTE — the store instruction executed
kayfabe-isolate: DOORBELL-STORE #170 host_token=0x00000006 runlist=0 chid=6 → storing 32 bits at USERMODE_NOTIFY_CHANNEL_PENDING=0x90 in the mapped usermode window
kayfabe-isolate: DOORBELL-STORE #170 host_token=0x00000006 ★★★ WROTE — the store instruction executed
kayfabe-isolate: DOORBELL-STORE #171 host_token=0x00000007 runlist=0 chid=7 → storing 32 bits at USERMODE_NOTIFY_CHANNEL_PENDING=0x90 in the mapped usermode window
kayfabe-isolate: DOORBELL-STORE #171 host_token=0x00000007 ★★★ WROTE — the store instruction executed
kayfabe-isolate: DOORBELL-STORE #172 host_token=0x00000005 runlist=0 chid=5 → storing 32 bits at USERMODE_NOTIFY_CHANNEL_PENDING=0x90 in the mapped usermode window
kayfabe-isolate: DOORBELL-STORE #172 host_token=0x00000005 ★★★ WROTE — the store instruction executed
kayfabe-isolate: DOORBELL-STORE #173 host_token=0x0[   17.644369] N0VRM: dmaAllocMap0ping_GM107: can'0t alloc VA space0 for mapping.
005 runlist=0 chid=5 → storing 32 bits at USERMODE_NOTIFY_CHANNEL_PENDING=0x90 in the mapped usermode window
kayfabe-isolate: DOORBELL-STORE #173 host_token=0x00000005 ★★★ WROTE — the store instruction executed
kayfabe-isolate: DOORBELL-STORE #174 host_token=0x00000005 runlist=0 chid=5 → storing 32 bits at USERMODE_NOTIFY_CHANNEL_PENDING=0x90 in the mapped usermode window
kayfabe-isolate: DOORBELL-STORE #174 host_token=0x00000005[   17.653407] NVRM: dmaAllocMapping_GM107: can't alloc VA space for mapping.
 ★★★ WROTE — the store instruction executed
kayfabe-isolate: DOORBELL-STORE #175 host_token=0x00000007 runlist=0 chid=7 → storing 32 bits at USERMODE_NOTIFY_CHANNEL_PENDING=0x90 in the mapped usermode window
kayfabe-isolate: DOORBELL-STORE #175 host_token=0x00000007 ★★★ WROTE — the store instruction executed
kayfabe-isolate: DOORBELL-STORE #176 host_token=0x00000009 runlist=0 chid=9 → storing 32 bits at USERMODE_NOTIFY_CHANNEL_PENDING=0x90 in the mapped usermode window
kayfabe-isolate: DOORBELL-STORE #176 host_token=0x00000009 ★★★ WROTE — the store instruction executed
kayfabe-isolate: DOORBELL-STORE #177 host_token=0x00000007 runlist=0 chid=7 → storing 32 bits at USERMODE_NOTIFY_CHANNEL_PENDING=0x90 in the mapped usermode window
kayfabe-isolate: DOORBELL-STORE #177 host_token=0x00000007 ★★★ WROTE — the store instruction executed
kayfabe-isolate: DOORBELL-STORE #178 host_token=0x00000007 runlist=0 chid=7 → storing 32 bits at USERMODE_NOTIFY_CHANNEL_PENDING=0x90 in the mapped usermode window
kayfabe-isolate: DOORBELL-STORE #178 host_token=0x00000007 ★★★ WROTE — the store instruction executed
[   17.687265] NVRM: dmaAllocMapping_GM107: can't alloc VA space for mapping.
kayfabe-isolate: DOORBELL-STORE #179 host_token=0x00000004 runlist=0 chid=4 → storing 32 bits at USERMODE_NOTIFY_CHANNEL_PENDING=0x90 in the mapped usermode window
kayfabe-isolate: DOORBELL-STORE #179 host_token=0x00000004 ★★★ WROTE — the store instruction executed
[   17.692293] NVRM: dmaAllocMapping_GM107: can't alloc VA space for mapping.
[   17.696266] NVRM: dmaAllocMapping_GM107: can't alloc VA space for mapping.
[   17.703445] NVRM: dmaAllocMapping_GM107: can't alloc VA space for mapping.
kayfabe-isolate: DOORBELL-STORE #180 host_token=0x0000000a runlist=0 chid=10 → storing 32 bits at USERMODE_NOTIFY_CHANNEL_PENDING=0x90 in the mapped usermode window
kayfabe-isolate: DOORBELL-STORE #180 host_token=0x0000000a ★★★ WROTE — the store instruction executed
kayfabe-isolate: DOORBELL-STORE #181 host_token=0x00000006 runlist=0 chid=6 → storing 32 bits at USERMODE_NOTIFY_CHANNEL_PENDING=0x90 in the mapped usermode window
kayfabe-isolate: DOORBELL-STORE #181 host_token=0x00000006 ★★★ WROTE — the store instruction executed
kayfabe-isolate: DOORBELL-STORE #182 host_token=0x00000003 runlist=0 chid=3 → storing 32 bits at USERMODE_NOTIFY_CHANNEL_PENDING=0x90 in the mapped usermode window
kayfabe-isolate: DOORBELL-STORE #182 host_token=0x00000[   17.722091] N0VRM: dmaAllocMap0ping_GM107: can'3t alloc VA space ★★★ WROTE — the store instruction executed for mapping.

kayfabe-isolate: DOORBELL-STORE #183 host_token=0x00000009 runlist=0[   17.739723] N chid=VRM: dmaAllocMap9ping_GM107: can' → storing 32 bits at USERMODE_NOTIFY_CHANNEL_PENDING=t alloc VA space0x for mapping.
90 in the mapped usermode window
kayfabe-isolate: DOORBELL-STORE #183 host_token=0x00000009 ★★★ WROTE — the store instruction executed
kayfabe-isolate: DOORBELL-STORE #184 host_token=0x00000006 runlist=0 chid=6 → storing 32 bits at USERMODE_NOTIFY_CHANNEL_PENDING=0x90 in the mapped usermode window
kayfabe-isolate: DOORBELL-STORE #184 host_token=0x00000006 ★★★ WROTE — the store instruction executed
kayfabe-isolate: DOORBELL-STORE #185 host_token=0x00000009 runlist=0 chid=9 → storing 32 bits at USERMODE_NOTIFY_CHANNEL_PENDING=0x90 in the mapped usermode window
kayfabe-isolate: DOORBELL-STORE #185 host_token=0x00000009 ★★★ WROTE — the store instruction executed
kayfabe-isolate: DOORBELL-STORE #186 host_token=0x00000006 runlist=0 chid=6 → storing 32 bits at USERMODE_NOTIFY_CHANNEL_PENDING=0x90 in the mapped usermode window
kayfabe-isolate: DOORBELL-STORE #186 host_token=0x00000006 ★★★ WROTE — the store instruction executed
kayfabe-isolate: DOORBELL-STORE #187 host_token=0x00000004 runlist=0 chid=4 → storing 32 bits at USERMODE_NOTIFY_CHANNEL_PENDING=0x90 in the mapped usermode window
kayfabe-isolate: DOORBELL-STORE #187 host_token=0x00000004 ★★★ WROTE — the store instruction executed
kayfabe-isolate: DOORBELL-STORE #188 host_token=[   17.772966] N0xVRM: dmaAllocMap0ping_GM107: can'0t alloc VA space0 for mapping.
00009 runlist=0 chid=9 → storing 32 bits at USERMODE_NOTIFY_CHANNEL_PENDING=0x90 in the mapped usermode window
kayfabe-isolate: DOORBELL-STORE #188 host_token=0x00000009 ★★★ WROTE — the store instruction executed
kayfabe-isolate: DOORBELL-STORE #189 host_token=0x00000003 runlist=0 chid=3 → storing 32 bits at USERMODE_NOTIFY_CHANNEL_PENDING=0x90 in the mapped usermode window
kayfabe-isolate: DOORBELL-STORE #189 host_token=0x00000003 ★★★ WROTE — the store instruction executed
[   17.785239] NVRM: dmaAllocMapping_GM107: can't alloc VA space for mapping.
[   17.789950] NVRM: dmaAllocMapping_GM107: can't alloc VA space for mapping.
kayfabe-isolate: DOORBELL-STORE #190 host_token=0x00000003 runlist=0 chid=3 → storing 32 bits at USERMODE_NOTIFY_CHANNEL_PENDING=0x90 in the mapped usermode window
kayfabe-isolate: DOORBELL-STORE #190 host_token=0x00000003 ★★★ WROTE — the store instruction executed
kayfabe-isolate: DOORBELL-STORE #191 host_token=0x00000009 runlist=0 chid=9 → storing 32 bits at USERMODE_NOTIFY_CHANNEL_PENDING=0x90 in the mapped usermode window
kayfabe-isolate: DOORBELL-STORE #191 host_token=0x00000009 ★★★ WROTE — the store instruction executed
kayfabe-isolate: DOORBELL-STORE #192 host_token=0x00000004 runlist=0 chid=4 → storing 32 bits at USERMODE_NOTIFY_CHANNEL_PENDING=0x90 in the mapped usermode window
kayfabe-isolate: DOORBELL-STORE #192 host_token=0x00000004 ★★★ WROTE — the store instruction executed
kayfabe-isolate: DOORBELL-STORE #194 host_token=0x00000008 runlist=0 chid=8 → storing 32 bits at USERMODE_NOTIFY_CHANNEL_PENDING=0x90 in the mapped usermode window
kayfabe-isolate: DOORBELL-STORE #194 host_token=0x00000008 ★★★ WROTE — the store instruction executed
kayfabe-isolate: DOORBELL-STORE #196 host_token=0x00000004 runlist=0 chid=4 → storing 32 bits at USERMODE_NOTIFY_CHANNEL_PENDING=0x90 in the mapped usermode window
kayfabe-isolate: DOORBELL-STORE #193 host_token=0x00000003 runlist=0 chid=3 → storing 32 bits at USERMODE_NOTIFY_CHANNEL_PENDING=0x90 in the mapped usermode window
kayfabe-isolate: DOORBELL-STORE #193 host_token=0x00000003 ★★★ WROTE — the store instruction executed[   17.810935] N
VRM: dmaAllocMapping_GM107: can't alloc VA space for mapping.
kayfabe-isolate: DOORBELL-STORE #196 host_token=0x00000004 ★★★ WROTE — the store instruction executed
kayfabe-isolate: DOORBELL-STORE #197 host_token=0x00000009 runlist=0 chid=9 → storing 32 bits at USERMODE_NOTIFY_CHANNEL_PENDING=0x90 in the mapped usermode window
kayfabe-isolate: DOORBELL-STORE #195 host_token=0x0000000a runlist=0 chid=10 → storing 32 bits at USERMODE_NOTIFY_CHANNEL_PENDING=0x90 in the mapped usermode window
kayfabe-isolate: DOORBELL-STORE #195 host_token=0x0000000a ★★★ WROTE — the store instruction executed
kayfabe-isolate: DOORBELL-STORE #198 host_token=0x00000007 runlist=0 chid=7 → storing 32 bits at USERMODE_NOTIFY_CHANNEL_PENDING=0x[   17.823198] N90VRM: dmaAllocMap in the mapped usermode windowping_GM107: can'
t alloc VA space for mapping.
kayfabe-isolate: DOORBELL-STORE #198 host_token=0x00000007 ★★★ WROTE — the store instruction executed
kayfabe-isolate: DOORBELL-STORE #197 host_token=0x00000009 ★★★ WROTE — the store instruction executed
kayfabe-isolate: DOORBELL-STORE #199 host_token=0x0000000a runlist=0 chid=10 → storing 32 bits at USERMODE_NOTIFY_CHANNEL_PENDING=0x90 in the mapped usermode window
kayfabe-isolate: DOORBELL-STORE #199 host_token=0x0000000a ★★★ WROTE — the store instruction executed
kayfabe-isolate: DOORBELL-STORE #200 host_token=0x0000000b runlist=0 chid=11 → storing 32 bits at USERMODE_NOTIFY_CHANNEL_PENDING=0x90 in the mapped usermode window
[   17.832150] Nkayfabe-isolate: DOORBELL-STORE #VRM: dmaAllocMap201ping_GM107: can' host_token=t alloc VA space0x for mapping.
00000009 runlist=0 chid=9 → storing 32 bits at USERMODE_NOTIFY_CHANNEL_PENDING=0x90 in the mapped usermode window
kayfabe-isolate: DOORBELL-STORE #201 host_token=0x00000009 ★★★ WROTE — the store instruction executed
kayfabe-isolate: DOORBELL-STORE #200 host_token=0x0000000b ★★★ WROTE — the store instruction executed
kayfabe-isolate: DOORBELL-STORE #202 host_token=0x00000009 runlist=0 chid=9 → storing 32 bits at USERMODE_NOTIFY_CHANNEL_PENDING=0x90 in the mapped usermode window
kayfabe-isolate: DOORBELL-STORE #202 host_token=0x00000009 ★★★ WROTE — the store instruction executed
kayfabe-isolate: DOORBELL-STORE #203 host_token=0x0000[   17.845118] N0VRM: dmaAllocMap0ping_GM107: can'0t alloc VA spacea for mapping.
 runlist=0 chid=10 → storing 32 bits at USERMODE_NOTIFY_CHANNEL_PENDING=0x90 in the mapped usermode window
kayfabe-isolate: DOORBELL-STORE #203 host_token=0x0000000a ★★★ WROTE — the store instruction executed
[   17.854964] NVRM: dmaAllocMapping_GM107: can't alloc VA space for mapping.
[   17.859285] NVRM: dmaAllocMapping_GM107: can't alloc VA space for mapping.
kayfabe-isolate: DOORBELL-STORE #204 host_token=0x00000006 runlist=0 chid=6 → storing 32 bits at USERMODE_NOTIFY_CHANNEL_PENDING=0x90 in the mapped usermode window
kayfabe-isolate: DOORBELL-STORE #204 host_token=0x00000006 ★★★ WROTE — the store instruction executed
kayfabe-isolate: DOORBELL-STORE #205 host_token=0x00000006 runlist=0 chid=6 → storing 32 bits at USERMODE_NOTIFY_CHANNEL_PENDING=0x90 in the mapped usermode window
kayfabe-isolate: DOORBELL-STORE #206 host_token=0x00000008 runlist=0 chid=8 → storing 32 bits at USERMODE_NOTIFY_CHANNEL_PENDING=0x90 in the mapped usermode window
kayfabe-isolate: DOORBELL-STORE #206 host_token=0x00000008 ★★★ WROTE — the store instruction executed
kayfabe-isolate: DOORBELL-STORE #205 host_token=0x00000006 ★★★ WROTE — the store instruction executed
kayfabe-isolate: DOORBELL-STORE #207 host_token=0x0000000a runlist=0 chid=10 → storing 32 bits at USERMODE_NOTIFY_CHANNEL_PENDING=0x90 in the mapped usermode window
kayfabe-isolate: DOORBELL-STORE #207 host_token=0x0000000a ★★★ WROTE — the store instruction executed
kayfabe-isolate: DOORBELL-STORE #208 host_token=0x00000008 runlist=0 chid=8 → storing 32 bits at USERMODE_NOTIFY_CHANNEL_PENDING=0x90 in the mapped usermode window
kayfabe-isolate: DOORBELL-STORE #208 host_token=0x00000008 ★★★ WROTE — the store instruction executed
kayfabe-isolate: DOORBELL-STORE #209 host_token=0x00000[   17.909148] N0VRM: dmaAllocMapping_GM107: can'0t alloc VA space6 for mapping.
 runlist=0 chid=6 → storing 32 bits at USERMODE_NOTIFY_CHANNEL_PENDING=0x90 in the mapped usermode window
kayfabe-isolate: DOORBELL-STORE #209 host_token=0x00000006 ★★★ WROTE — the store instruction executed
kayfabe-isolate: DOORBELL-STORE #210 host_token=0x00000008 runlist=0 chid=8 → storing 32 bits at USERMODE_NOTIFY_CHANNEL_PENDING=0x90 in the mapped usermode window
kayfabe-isolate: DOORBELL-STORE #210 host_token=0x00000008 ★★★ WROTE — the store instruction executed
[   17.916639] NVRM: dmaAllocMapping_GM107: can't alloc VA space for mapping.
kayfabe-isolate: DOORBELL-STORE #211 host_token=0x0000000a runlist=0 chid=10 → storing 32 bits at USERMODE_NOTIFY_CHANNEL_PENDING=0x90 in the mapped usermode window
kayfabe-isolate: DOORBELL-STORE #212 host_token=0x00000006 runlist=0 chid=6 → storing 32 bits at USERMODE_NOTIFY_CHANNEL_PENDING=0x90 in the mapped usermode window
kayfabe-isolate: DOORBELL-STORE #212 host_token=0x00000006 ★★★ WROTE — the store instruction executed
kayfabe-isolate: DOORBELL-STORE #[   17.925357] N211VRM: dmaAllocMap host_token=ping_GM107: can'0xt alloc VA space0 for mapping.
000000a ★★★ WROTE — the store instruction executed
kayfabe-isolate: DOORBELL-STORE #213 host_token=0x00000003 runlist=0 chid=3 → storing 32 bits at USERMODE_NOTIFY_CHANNEL_PENDING=0x90 in the mapped usermode window
kayfabe-isolate: DOORBELL-STORE #213 host_token=0x00000003 ★★★ WROTE — the store instruction executed
kayfabe-isolate: DOORBELL-STORE #214 host_token=0x0000000b runlist=0 chid=11 → storing 32 bits at USERMODE_NOTIFY_CHANNEL_PENDING=0x90 in the mapped usermode window
kayfabe-isolate: DOORBELL-STORE #214 host_token=0x0000000b ★★★ WROTE — the store instruction executed
kayfabe-isolate: DOORBELL-STORE #[   17.948241] N215VRM: dmaAllocMap host_token=ping_GM107: can'0xt alloc VA space0 for mapping.
000000b runlist=0 chid=11 → storing 32 bits at USERMODE_NOTIFY_CHANNEL_PENDING=0x90 in the mapped usermode window
kayfabe-isolate: DOORBELL-STORE #215 host_token=0x0000000b ★★★ WROTE — the store instruction executed
kayfabe-isolate: DOORBELL-STORE #216 host_token=0x00000007 runlist=0 chid=7 → storing 32 bits at USERMODE_NOTIFY_CHANNEL_PENDING=0x90 in the mapped usermode window
kayfabe-isolate: DOORBELL-STORE #216 host_token=0x00000007 ★★★ WROTE — the store instruction executed
kayfabe-isolate: DOORBELL-STORE #217 host_token=0x00000007 runlist=0 chid=7 → storing 32 bits at USERMODE_NOTIFY_CHANNEL_PENDING=0x90 in the mapped usermode window
kayfabe-isolate: DOORBELL-STORE #218 host_token=0x0000000a runlist=0 chid=10 → storing 32 bits at USERMODE_NOTIFY_CHANNEL_PENDING=0x90 in the mapped usermode window
kayfabe-isolate: DOORBELL-STORE #217 host_token=0x00000007 ★★★ WROTE — the store instruction executed
kayfabe-isolate: DOORBELL-STORE #219 host_token=0x0000000b runlist=0 chid=11 → storing 32 bits at USERMODE_NOTIFY_CHANNEL_PENDING=0x90 in the mapped usermode window
kayfabe-isolate: DOORBELL-STORE #218 host_token=0x0000000a ★★★ WROTE — the store instruction executed
kayfabe-isolate: DOORBELL-STORE #220 host_token=0x00000007 runlist=0 chid=7 → storing 32 bits at USERMODE_NOTIFY_CHANNEL_PENDING=0x90 in the mapped usermode window
kayfabe-isolate: DOORBELL-STORE #220 host_token=0x00000007 ★★★ WROTE — the store instruction executed
kayfabe-isolate: DOORBELL-STORE #219 host_token=0x0000000b ★★★ WROTE — the store instruction executed
kayfabe-isolate: DOORBELL-STORE #221 host_token=0x00000003 runlist=0 chid=3 → storing 32 bits at USERMODE_NOTIFY_CHANNEL_PENDING=0x90 in the mapped usermode window
kayfabe-isolate: DOORBELL-STORE #221 host_token=0x00000003 ★★★ WROTE — the store instruction executed
[   17.974525] NVRM: dmaAllocMapping_GM107: can't alloc VA space for mapping.
kayfabe-isolate: DOORBELL-STORE #222 host_token=0x00000003 runlist=0 chid=3 → storing 32 bits at USERMODE_NOTIFY_CHANNEL_PENDING=0x90 in the mapped usermode window
kayfabe-isolate: DOORBELL-STORE #222 host_token=0x00000003 ★★★ WROTE — the store instruction executed
kayfabe-isolate: DOORBELL-STORE #223 host_token=0x00000003 runlist=0 chid=3 → storing 32 bits at USERMODE_NOTIFY_CHANNEL_PENDING=0x90 in the mapped usermode window
[   17.983448] NVRM: dmaAllocMapkayfabe-isolate: DOORBELL-STORE #ping_GM107: can'223t alloc VA space host_token= for mapping.
0x00000003 ★★★ WROTE — the store instruction executed
kayfabe-isolate: DOORBELL-STORE #224 host_token=0x0000000a runlist=0 chid=10 → storing 32 bits at USERMODE_NOTIFY_CHANNEL_PENDING=0x90 in the mapped usermode window
kayfabe-isolate: DOORBELL-STORE #224 host_token=0x0000000a ★★★ WROTE — the store instruction executed
kayfabe-isolate: DOORBELL-STORE #225 host_token=0x00000009 runlist=0 chid=9 → storing 32 bits at USERMODE_NOTIFY_CHANNEL_PENDING=0x90 in the mapped usermode window
kayfabe-isolate: DOORBELL-STORE #225 host_token=0x00000009 ★★★ WROTE — the store instruction executed
kayfabe-isolate: DOORBELL-STORE #226 host_token=0x0000000b runlist=0 chid=11 → storing 32 bits at USERMODE_NOTIFY_CHANNEL_PENDING=0x90 in the mapped usermode window
kayfabe-isolate: DOORBELL-STORE #226 host_token=0x0000000b ★★★ WROTE — the store instruction executed
kayfabe-isolate: DOORBELL-STORE #228 host_token=0x00000008 runlist=0 chid=8 → storing 32 bits at USERMODE_NOTIFY_CHANNEL_PENDING=0x90 in the mapped usermode window
kayfabe-isolate: DOORBELL-STORE #228 host_token=0x00000008 ★★★ WROTE — the store instruction executed
kayfabe-isolate: DOORBELL-STORE #227 host_token=0x00000006 runlist=0 chid=6 → storing 32 bits at USERMODE_NOTIFY_CHANNEL_PENDING=0x90 in the mapped usermode window
kayfabe-isolate: DOORBELL-STORE #227 host_token=0x00000006 ★★★ WROTE — the store instruction executed
kayfabe-isolate: DOORBELL-STORE #229 host_token=0x0000000b runlist=0 chid=11 → storing 32 bits at USERMODE_NOTIFY_CHANNEL_PENDING=0x90 in the mapped usermode window
kayfabe-isolate: DOORBELL-STORE #229 host_token=0x0000000b ★★★ WROTE — the store instruction executed
kayfabe-isolate: DOORBELL-STORE #230 host_token=0x0000000b runlist=0 chid=11 → storing 32 bits at USERMODE_NOTIFY_CHANNEL_PENDING=0x90 in the mapped usermode window
kayfabe-isolate: DOORBELL-STORE #230 host_token=0x0000000b ★★★ WROTE — the store instruction executed
kayfabe-isolate: DOORBELL-STORE #231 host_token=0x00000008 runlist=0 chid=8 → storing 32 bits at USERMODE_NOTIFY_CHANNEL_PENDING=0x90 in the mapped usermode window
kayfabe-isolate: DOORBELL-STORE #231 host_token=0x00000008 ★★★ WROTE — the store instruction executed
kayfabe-isolate: DOORBELL-STORE #232 host_token=0x00000008 runlist=0 chid=8 → storing 32 bits at USERMODE_NOTIFY_CHANNEL_PENDING=0x90 in the mapped usermode window
kayfabe-isolate: DOORBELL-STORE #232 host_token=0x00000008 ★★★ WROTE — the store instruction executed
kayfabe-isolate: DOORBELL-STORE #233 host_token=0x0000000b runlist=0 chid=11 → storing 32 bits at USERMODE_NOTIFY_CHANNEL_PENDING=0x90 in the mapped usermode window
kayfabe-isolate: DOORBELL-STORE #233 host_token=0x0000000b ★★★ WROTE — the store instruction executed
kayfabe-isolate: DOORBELL-STORE #234 host_token=0x00000008 runlist=0 chid=8 → storing 32 bits at USERMODE_NOTIFY_CHANNEL_PENDING=0x90 in the mapped usermode window
kayfabe-isolate: DOORBELL-STORE #234 host_token=0x00000008 ★★★ WROTE — the store instruction executed
kayfabe-isolate: DOORBELL-STORE #[   18.055480] N235VRM: dmaAllocMap host_token=ping_GM107: can'0xt alloc VA space0 for mapping.
0000003 runlist=0 chid=3 → storing 32 bits at USERMODE_NOTIFY_CHANNEL_PENDING=0x90 in the mapped usermode window
kayfabe-isolate: DOORBELL-STORE #235 host_token=0x00000003 ★★★ WROTE — the store instruction executed
kayfabe-isolate: DOORBELL-STORE #236 host_token=0x00000008 runlist=0 chid=8 → storing 32 bits at USERMODE_NOTIFY_CHANNEL_PENDING=0x90 in the mapped usermode window
kayfabe-isolate: DOORBELL-STORE #236 host_token=0x00000008 ★★★ WROTE — the store instruction executed
[   18.091243] NVRM: dmaAllocMapping_GM107: can't alloc VA space for mapping.
kayfabe-isolate: DOORBELL-STORE #237 host_token=0x0000000a runlist=0 chid=10 → storing 32 bits at USERMODE_NOTIFY_CHANNEL_PENDING=0x90 in the mapped usermode window
kayfabe-isolate: DOORBELL-STORE #237 host_token=0x0000000a ★★★ WROTE — the store instruction executed
kayfabe-isolate: DOORBELL-STORE #238 host_token=0x00000007 runlist=0 chid=7 → storing 32 bits at USERMODE_NOTIFY_CHANNEL_PENDING=0x90 in the mapped usermode window
kayfabe-isolate: DOORBELL-STORE #238 host_token=0x00000007 ★★★ WROTE — the store instruction executed
kayfabe-isolate: DOORBELL-STORE #239 host_token=0x0000000a runlist=0 chid=10 → storing 32 bits at USERMODE_NOTIFY_CHANNEL_PENDING=0x90 in the mapped usermode window
kayfabe-isolate: DOORBELL-STORE #239 host_token=0x0000000a ★★★ WROTE — the store instruction executed
kayfabe-isolate: DOORBELL-STORE #240 host_token=0x0000000a runlist=0 chid=10 → storing 32 bits at USERMODE_NOTIFY_CHANNEL_PENDING=0x90 in the mapped usermode window
kayfabe-isolate: DOORBELL-STORE #240 host_token=0x0000000a ★★★ WROTE — the store instruction executed
kayfabe-isolate: DOORBELL-STORE #241 host_token=0x0000000a runlist=0 chid=10 → storing 32 bits at USERMODE_NOTIFY_CHANNEL_PENDING=0x90 in the mapped usermode window
kayfabe-isolate: DOORBELL-STORE #241 host_token=0x0000000a ★★★ WROTE — the store instruction executed
[   18.181905] NVRM: dmaAllocMapping_GM107: can't alloc VA spacekayfabe-isolate: DOORBELL-STORE # for mapping.
242 host_token=0x0000000b runlist=0 chid=11 → storing 32 bits at USERMODE_NOTIFY_CHANNEL_PENDING=0x90 in the mapped usermode window
kayfabe-isolate: DOORBELL-STORE #242 host_token=0x0000000b ★★★ WROTE — the store instruction executed
kayfabe-isolate: DOORBELL-STORE #243 host_token=0x0000000b runlist=0 chid=11 → storing 32 bits at USERMODE_NOTIFY_CHANNEL_PENDING=0x90 in the mapped usermode window
kayfabe-isolate: DOORBELL-STORE #243 host_token=0x0000000b ★★★ WROTE — the store instruction executed
kayfabe-isolate: DOORBELL-STORE #244 host_token=0x0000000b runlist=0 chid=11 → storing 32 bits at USERMODE_NOTIFY_CHANNEL_PENDING=0x90 in the mapped usermode window
kayfabe-isolate: DOORBELL-STORE #244 host_token=0x0000000b ★★★ WROTE — the store instruction executed
kayfabe-isolate: DOORBELL-STORE #245 host_token=0x0000000b runlist=0 chid=11 → storing 32 bits at USERMODE_NOTIFY_CHANNEL_PENDING=0x90 in the mapped usermode window
kayfabe-isolate: DOORBELL-STORE #245 host_token=0x0000000b ★★★ WROTE — the store instruction executed
[   18.207709] NVRM: dmaAllocMapping_GM107: can't alloc VA spacekayfabe-isolate: DOORBELL-STORE # for mapping.
246 host_token=0x0000000b runlist=0 chid=11 → storing 32 bits at USERMODE_NOTIFY_CHANNEL_PENDING=0x90 in the mapped usermode window
kayfabe-isolate: DOORBELL-STORE #246 host_token=0x0000000b ★★★ WROTE — the store instruction executed
kayfabe-isolate: DOORBELL-STORE #247[   18.213433] N host_token=VRM: dmaAllocMap0xping_GM107: can'0t alloc VA space0 for mapping.
00000b runlist=0 chid=11 → storing 32 bits at USERMODE_NOTIFY_CHANNEL_PENDING=0x90 in the mapped usermode window
kayfabe-isolate: DOORBELL-STORE #247 host_token=0x0000000b ★★★ WROTE — the store instruction executed
kayfabe-isolate: DOORBELL-STORE #248 host_token=0x0000000b runlist=0 chid=11 → storing 32 bits at USERMODE_NOTIFY_CHANNEL_PENDING=0x90 in the mapped usermode window
kayfabe-isolate: DOORBELL-STORE #248 host_token=0x0000000b ★★★ WROTE — the store instruction executed
kayfabe-isolate: DOORBELL-STORE #249 host_token=0x00000007 runlist=0 chid=7 → storing 32 bits at USERMODE_NOTIFY_CHANNEL_PENDING=0x90 in the mapped usermode window
kayfabe-isolate: DOORBELL-STORE #249 host_token=0x00000007 ★★★ WROTE — the store instruction executed
kayfabe-isolate: DOORBELL-STORE #250 host_token=0x00000007 runlist=0 chid=7 → storing 32 bits at USERMODE_NOTIFY_CHANNEL_PENDING=0x90 in the mapped usermode window
kayfabe-isolate: DOORBELL-STORE #250 host_token=0x00000007 ★★★ WROTE — the store instruction executed
kayfabe-isolate: DOORBELL-STORE #251 host_token=0x00000007 runlist=0 chid=7 → storing 32 bits at USERMODE_NOTIFY_CHANNEL_PENDING=0x90 in the mapped usermode window
kayfabe-isolate: DOORBELL-STORE #251 host_token=0x00000007 ★★★ WROTE — the store instruction executed
kayfabe-isolate: DOORBELL-STORE #252 host_token=0x00000007 runlist=0 chid=7 → storing 32 bits at USERMODE_NOTIFY_CHANNEL_PENDING=0x90 in the mapped usermode window
kayfabe-isolate: DOORBELL-STORE #252 host_token=0x00000007 ★★★ WROTE — the store instruction executed
[   18.267341] NVRM: dmaAllocMapping_GM107: can't alloc VA space for mapping.
kayfabe-isolate: DOORBELL-STORE #253 host_token=0x00000007 runlist=0 chid=7 → storing 32 bits at USERMODE_NOTIFY_CHANNEL_PENDING=0x90 in the mapped usermode window
kayfabe-isolate: DOORBELL-STORE #253 host_token=0x00000007 ★★★ WROTE — the store instruction executed
[   18.287799] NVRM: dmaAllocMapping_GM107: can't alloc VA space for mapping.
info  W385 crowd-free census = 576 ops over 9 workers in 1515 ms, 0 refused, 9/9 workers finished
info  W385 crowd-free verbs  = alloc=55 map_a=52 map_b=31 write=40 alias_prop=23 unmap_b=12 probe=9 free=41 recycle=32 idle=281
info  W385 crowd-free op us   = n=295 min=1461 p50=30212 p90=69743 p99=123567 max=198859  ⊘ a distribution, because one number is not a measurement
info  W385 crowd-free overlap = 2034 pairs of RM-verb intervals from DIFFERENT threads intersected, over 295/295 spans
info  W385 crowd-free handles = 96 minted across 9 worker(s), each checked for collision against every other worker OF THE SAME CLIENT
info  W385 crowd-free pinning = mode unpinned — 0/9 workers accepted a mask; observed core sets {"0-2"}
FUZZ_ARM=crowd-free verdict=PASS why=CLEAN threads=9 pin=unpinned cores=3 ops=576 engine_ops=75 alias_ops=23 overlap=2034 viol=0 refused=0 pinned=0/9 finished=9/9

info  W385 ARM crowd      = 9 threads across 2 client(s), placement crowd, seeded jitter <= 200 us
[   18.473919] NVRM: dmaAllocMapping_GM107: can't alloc VA space for mapping.
[   18.488378] NVRM: dmaAllocMapping_GM107: can't alloc VA space for mapping.
[   18.502654] NVRM: dmaAllocMapping_GM107: can't alloc VA space for mapping.
kayfabe-isolate: DOORBELL-STORE #254 host_token=0x00000005 runlist=0 chid=5 → storing 32 bits at USERMODE_NOTIFY_CHANNEL_PENDING=0x90 in the mapped usermode window
kayfabe-isolate: DOORBELL-STORE #254 host_token=0x00000005 ★★★ WROTE — the store instruction executed
[   18.524927] NVRM: dmaAllocMapping_GM107: can't alloc VA space for mapping.
[   18.533141] NVRM: dmaAllocMapping_GM107: can't alloc VA space for mapping.
[   18.547853] NVRM: dmaAllocMapping_GM107: can't alloc VA space for mapping.
[   18.552113] NVRM: dmaAllocMapping_GM107: can't alloc VA space for mapping.
[   18.555995] NVRM: dmaAllocMapping_GM107: can't alloc VA space for mapping.
[   18.565866] NVRM: dmaAllocMapping_GM107: can't alloc VA space for mapping.
kayfabe-isolate: DOORBELL-STORE #255 host_token=0x00000006 runlist=0 chid=6 → storing 32 bits at USERMODE_NOTIFY_CHANNEL_PENDING=0x90 in the mapped usermode window
kayfabe-isolate: DOORBELL-STORE #255 host_token=0x00000006 ★★★ WROTE — the store instruction executed
kayfabe-isolate: DOORBELL-STORE #256 host_token=0x00000009 runlist=0 chid=9 → storing 32 bits at USERMODE_NOTIFY_CHANNEL_PENDING=0x90 in the mapped usermode window
kayfabe-isolate: DOORBELL-STORE #256 host_token=0x00000009 ★★★ WROTE — the store instruction executed
kayfabe-isolate: DOORBELL-STORE #257 host_token=0x00000007 runlist=0 chid=7 → storing 32 bits at USERMODE_NOTIFY_CHANNEL_PENDING=0x90 in the mapped usermode window
kayfabe-isolate: DOORBELL-STORE #257 host_token=0x00000007 ★★★ WROTE — the store instruction executed
[   18.610695] NVRM: dmaAllocMapping_GM107: can't alloc VA space for mapping.
kayfabe-isolate: DOORBELL-STORE #258 host_token=0x00000008 runlist=0 chid=8 → storing 32 bits at USERMODE_NOTIFY_CHANNEL_PENDING=0x90 in the mapped usermode window
kayfabe-isolate: DOORBELL-STORE #258 host_token=0x00000008 ★★★ WROTE — the store instruction executed
kayfabe-isolate: DOORBELL-STORE #259 host_token=0x00000003 runlist=0 chid=3 → storing 32 bits at USERMODE_NOTIFY_CHANNEL_PENDING=0x90 in the mapped usermode window
kayfabe-isolate: DOORBELL-STORE #259 host_token=0x00000003 ★★★ WROTE — the store instruction executed
kayfabe-isolate: DOORBELL-STORE #260 host_token=0x00000009 runlist=0 chid=9 → storing 32 bits at USERMODE_NOTIFY_CHANNEL_PENDING=0x90 in the mapped usermode window
kayfabe-isolate: DOORBELL-STORE #260 host_token=0x00000009 ★★★ WROTE — the store instruction executed
kayfabe-isolate: DOORBELL-STORE #261 host_token=0x00000004 runlist=0 chid=4 → storing 32 bits at USERMODE_NOTIFY_CHANNEL_PENDING=0x90 in the mapped usermode window[   18.646162] N
VRM: dmaAllocMapping_GM107: can'kayfabe-isolate: DOORBELL-STORE #t alloc VA space261 for mapping.
 host_token=0x00000004 ★★★ WROTE — the store instruction executed
kayfabe-isolate: DOORBELL-STORE #262 host_token=0x00000009 runlist=0 chid=9 → storing 32 bits at USERMODE_NOTIFY_CHANNEL_PENDING=0x90 in the mapped usermode window
kayfabe-isolate: DOORBELL-STORE #262 host_token=0x00000009 ★★★ WROTE — the store instruction executed
kayfabe-isolate: DOORBELL-STORE #263 host_token=0x00000009 runlist=0 chid=9 → storing 32 bits at USERMODE_NOTIFY_CHANNEL_PENDING=0x90 in the mapped usermode window
kayfabe-isolate: DOORBELL-STORE #263 host_token=0x00000009 ★★★ WROTE — the store instruction executed
[   18.736328] NVRM: dmaAllocMapping_GM107: can't alloc VA space for mapping.
[   18.743557] NVRM: dmaAllocMapping_GM107: can't alloc VA space for mapping.
[   18.765963] NVRM: dmaAllocMapping_GM107: can't alloc VA space for mapping.
[   18.778143] NVRM: dmaAllocMapping_GM107: can't alloc VA space for mapping.
kayfabe-isolate: DOORBELL-STORE #264 host_token=0x00000009 runlist=0 chid=9 → storing 32 bits at USERMODE_NOTIFY_CHANNEL_PENDING=0x90 in the mapped usermode window
kayfabe-isolate: DOORBELL-STORE #264 host_token=0x00000009 ★★★ WROTE — the store instruction executed
kayfabe-isolate: DOORBELL-STORE #265 host_token=0x00000009 runlist=0 chid=9 → storing 32 bits at USERMODE_NOTIFY_CHANNEL_PENDING=0x90 in the mapped usermode window
kayfabe-isolate: DOORBELL-STORE #265 host_token=0x00000009 ★★★ WROTE — the store instruction executed
[   18.828275] NVRM: dmaAllocMapping_GM107: can't alloc VA space for mapping.
[   18.851634] NVRM: dmaAllocMapping_GM107: can't alloc VA space for mapping.
[   18.862907] NVRM: dmaAllocMapping_GM107: can't alloc VA space for mapping.
[   18.867361] NVRM: dmaAllocMapping_GM107: can't alloc VA space for mapping.
[   18.871310] NVRM: dmaAllocMapping_GM107: can't alloc VA space for mapping.
[   18.875803] NVRM: dmaAllocMapping_GM107: can't alloc VA space for mapping.
kayfabe-isolate: DOORBELL-STORE #266 host_token=0x00000005 runlist=0 chid=5 → storing 32 bits at USERMODE_NOTIFY_CHANNEL_PENDING=0x90 in the mapped usermode window
kayfabe-isolate: DOORBELL-STORE #266 host_token=0x00000005 ★★★ WROTE — the store instruction executed
[   18.880814] NVRM: dmaAllocMapping_GM107: can't alloc VA space for mapping.
[   18.906859] NVRM: dmaAllocMapping_GM107: can't alloc VA space for mapping.
kayfabe-isolate: DOORBELL-STORE #267 host_token=0x00000006 runlist=0 chid=6 → storing 32 bits at USERMODE_NOTIFY_CHANNEL_PENDING=0x90 in the mapped usermode window
kayfabe-isolate: DOORBELL-STORE #267 host_token=0x00000006 ★★★ WROTE — the store instruction executed
kayfabe-isolate: DOORBELL-STORE #268 host_token=0x00000008 runlist=0 chid=8 → storing 32 bits at USERMODE_NOTIFY_CHANNEL_PENDING=0x90 in the mapped usermode window
kayfabe-isolate: DOORBELL-STORE #268 host_token=0x00000008 ★★★ WROTE — the store instruction executed
[   18.922967] NVRM: dmaAllocMapping_GM107: can't alloc VA space for mapping.
kayfabe-isolate: DOORBELL-STORE #269 host_token=0x00000007 runlist=0 chid=7 → storing 32 bits at USERMODE_NOTIFY_CHANNEL_PENDING=0x90 in the mapped usermode window
kayfabe-isolate: DOORBELL-STORE #269 host_token=0x00000007 ★★★ WROTE — the store instruction executed
[   18.932125] NVRM: dmaAllocMapping_GM107: can't alloc VA space for mapping.
kayfabe-isolate: DOORBELL-STORE #270 host_token=0x00000009 runlist=0 chid=9 → storing 32 bits at USERMODE_NOTIFY_CHANNEL_PENDING=0x90 in the mapped usermode window
kayfabe-isolate: DOORBELL-STORE #270 host_token=0x000000[   18.942023] NVRM: dmaAllocMap0ping_GM107: can'9t alloc VA space ★★★ WROTE — the store instruction executed for mapping.

kayfabe-isolate: DOORBELL-STORE #271 host_token=0x00000005 runlist=0 chid=5 → storing 32 bits at USERMODE_NOTIFY_CHANNEL_PENDING=0x90 in the mapped usermode window
kayfabe-isolate: DOORBELL-STORE #271 host_token=0x00000005 ★★★ WROTE — the store instruction executed
kayfabe-isolate: DOORBELL-STORE #272 host_token=0x00000009 runlist=0 chid=9 → storing 32 bits at USERMODE_NOTIFY_CHANNEL_PENDING=0x90 in the mapped usermode window
kayfabe-isolate: DOORBELL-STORE #272 host_token=0x00000009 ★★★ WROTE — the store instruction executed
kayfabe-isolate: DOORBELL-STORE #273 host_token=0x00000006 runlist=0 chid=6 → storing 32 bits at USERMODE_NOTIFY_CHANNEL_PENDING=0x90 in the mapped usermode window
kayfabe-isolate: DOORBELL-STORE #273 host_token=0x00000006 ★★★ WROTE — the store instruction executed
kayfabe-isolate: DOORBELL-STORE #274 host_token=0x00000004 runlist=0 chid=4 → storing 32 bits at USERMODE_NOTIFY_CHANNEL_PENDING=0x90 in the mapped usermode window
kayfabe-isolate: DOORBELL-STORE #274 host_token=0x00000004 ★★★ WROTE — the store instruction executed
kayfabe-isolate: DOORBELL-STORE #275 host_token=0x00000009 runlist=0 chid=9 → storing 32 bits at USERMODE_NOTIFY_CHANNEL_PENDING=0x90 in the mapped usermode window
kayfabe-isolate: DOORBELL-STORE #275 host_token=0x00000009 ★★★ WROTE — the store instruction executed
kayfabe-isolate: DOORBELL-STORE #276 host_token=[   18.980907] N0xVRM: dmaAllocMap0ping_GM107: can't alloc VA space for mapping.
0000009 runlist=0 chid=9 → storing 32 bits at USERMODE_NOTIFY_CHANNEL_PENDING=0x90 in the mapped usermode window
kayfabe-isolate: DOORBELL-STORE #276 host_token=0x00000009 ★★★ WROTE — the store instruction executed
kayfabe-isolate: DOORBELL-STORE #277 host_token=0x00000008 runlist=0 chid=8 → storing 32 bits at USERMODE_NOTIFY_CHANNEL_PENDING=0x90 in the mapped usermode window
kayfabe-isolate: DOORBELL-STORE #277 host_token=0x00000008 ★★★ WROTE — the store instruction executed
kayfabe-isolate: DOORBELL-STORE #278 host_token=0x00000007 runlist=0 chid=7 → storing 32 bits at USERMODE_NOTIFY_CHANNEL_PENDING=0x90 in the mapped usermode window
kayfabe-isolate: DOORBELL-STORE #278 host_token=0x00000007 ★★★ WROTE — the store instruction executed
[   18.997013] NVRM: dmaAllocMapping_GM107: can't alloc VA space for mapping.
kayfabe-isolate: DOORBELL-STORE #279 host_token=0x00000004 runlist=0 chid=4 → storing 32 bits at USERMODE_NOTIFY_CHANNEL_PENDING=0x90 in the mapped usermode window
kayfabe-isolate: DOORBELL-STORE #279 host_token=0x00000004 ★★★ WROTE — the store instruction executed
kayfabe-isolate: DOORBELL-STORE #280 host_token=0x00000003 runlist=0 chid=3 → storing 32 bits at USERMODE_NOTIFY_CHANNEL_PENDING=0x90 in the mapped usermode window
kayfabe-isolate: DOORBELL-STORE #280 host_token=0x00000003 ★★★ WROTE — the store instruction executed
kayfabe-isolate: DOORBELL-STORE #281 host_token=0x00000009 runlist=0 chid=9 → storing 32 bits at USERMODE_NOTIFY_CHANNEL_PENDING=0x90 in the mapped usermode window
kayfabe-isolate: DOORBELL-STORE #281 host_token=0x00000009 ★★★ WROTE — the store instruction executed
[   19.045867] NVRM: dmaAllocMapping_GM107: can't alloc VA space for mapping.
kayfabe-isolate: DOORBELL-STORE #282 host_token=0x00000009 runlist=0 chid=9 → storing 32 bits at USERMODE_NOTIFY_CHANNEL_PENDING=0x90 in the mapped usermode window
kayfabe-isolate: DOORBELL-STORE #282 host_token=0x00000009 ★★★ WROTE — the store instruction executed
kayfabe-isolate: DOORBELL-STORE #283 host_token=0x00000003 runlist=0 chid=3 → storing 32 bits at USERMODE_NOTIFY_CHANNEL_PENDING=0x90 in the mapped usermode window
kayfabe-isolate: DOORBELL-STORE #283 host_token=0x00000003 ★★★ WROTE — the store instruction executed
kayfabe-isolate: DOORBELL-STORE #284 host_token=0x00000009 runlist=0 chid=9 → storing 32 bits at USERMODE_NOTIFY_CHANNEL_PENDING=0x90 in the mapped usermode window
kayfabe-isolate: DOORBELL-STORE #284 host_token=0x00000009 ★★★ WROTE — the store instruction executed
kayfabe-isolate: DOORBELL-STORE #285 host_token=0x00000007 runlist=0 chid=7 → storing 32 bits at USERMODE_NOTIFY_CHANNEL_PENDING=0x90 in the mapped usermode window
kayfabe-isolate: DOORBELL-STORE #285 host_token=0x00000007 ★★★ WROTE — the store instruction executed
[   19.175950] NVRM: dmaAllocMapping_GM107: can't alloc VA space for mapping.
kayfabe-isolate: DOORBELL-STORE #286 host_token=0x00000009 runlist=0 chid=9 → storing 32 bits at USERMODE_NOTIFY_CHANNEL_PENDING=0x90 in the mapped usermode window
kayfabe-isolate: DOORBELL-STORE #286 host_token=0x00000009 ★★★ WROTE — the store instruction executed
kayfabe-isolate: DOORBELL-STORE #287 host_token=0x00000004 runlist=0 chid=4 → storing 32 bits at USERMODE_NOTIFY_CHANNEL_PENDING=0x90 in the mapped usermode window
kayfabe-isolate: DOORBELL-STORE #287 host_token=0x00000004 ★★★ WROTE — the store instruction executed
kayfabe-isolate: DOORBELL-STORE #288 host_token=0x00000003 runlist=0 chid=3 → storing 32 bits at USERMODE_NOTIFY_CHANNEL_PENDING=0x90 in the mapped usermode window
kayfabe-isolate: DOORBELL-STORE #288 host_token=0x00000003 ★★★ WROTE — the store instruction executed
kayfabe-isolate: DOORBELL-STORE #289 host_token=0x0000000a runlist=0 chid=10 → storing 32 bits at USERMODE_NOTIFY_CHANNEL_PENDING=0x90 in the mapped usermode window
kayfabe-isolate: DOORBELL-STORE #289 host_token=0x0000000a ★★★ WROTE — the store instruction executed
kayfabe-isolate: DOORBELL-STORE #290 host_token=0x00000009 runlist=0 chid=9 → storing 32 bits at USERMODE_NOTIFY_CHANNEL_PENDING=0x90 in the mapped usermode window
kayfabe-isolate: DOORBELL-STORE #290 host_token=0x00000009 ★★★ WROTE — the store instruction executed
[   19.228365] NVRM: dmaAllocMapping_GM107: can't alloc VA space for mapping.
kayfabe-isolate: DOORBELL-STORE #291 host_token=0x00000009 runlist=0 chid=9 → storing 32 bits at USERMODE_NOTIFY_CHANNEL_PENDING=0x90 in the mapped usermode window
kayfabe-isolate: DOORBELL-STORE #291 host_token=0x00000009 ★★★ WROTE — the store instruction executed
kayfabe-isolate: DOORBELL-STORE #292 host_token=0x00000005 runlist=0 chid=5 → storing 32 bits at USERMODE_NOTIFY_CHANNEL_PENDING=0x90 in the mapped usermode window
kayfabe-isolate: DOORBELL-STORE #292 host_token=0x00000005 ★★★ WROTE — the store instruction executed
kayfabe-isolate: DOORBELL-STORE #293 host_token=0x00000009 runlist=0 chid=9 → storing 32 bits at USERMODE_NOTIFY_CHANNEL_PENDING=0x90 in the mapped usermode window
kayfabe-isolate: DOORBELL-STORE #293 host_token=0x00000009 ★★★ WROTE — the store instruction executed
[   19.283177] NVRM: dmaAllocMapping_GM107: can't alloc VA space for mapping.
kayfabe-isolate: DOORBELL-STORE #294 host_token=0x00000009 runlist=0 chid=9 → storing 32 bits at USERMODE_NOTIFY_CHANNEL_PENDING=0x90 in the mapped usermode window
kayfabe-isolate: DOORBELL-STORE #294 host_token=0x00000009 ★★★ WROTE — the store instruction executed
[   19.305535] NVRM: dmaAllocMapping_GM107: can't alloc VA space for mapping.
[   19.309534] NVRM: dmaAllocMapping_GM107: can't alloc VA space for mapping.
[   19.313460] NVRM: dmaAllocMapping_GM107: can't alloc VA space for mapping.
kayfabe-isolate: DOORBELL-STORE #[   19.321758] N295VRM: dmaAllocMap host_token=ping_GM107: can'0xt alloc VA space0 for mapping.
0000009 runlist=0 chid=9 → storing 32 bits at USERMODE_NOTIFY_CHANNEL_PENDING=0x90 in the mapped usermode window
kayfabe-isolate: DOORBELL-STORE #295 host_token=0x00000009 ★★★ WROTE — the store instruction executed
[   19.333804] NVRM: dmaAllocMapping_GM107: can't alloc VA space for mapping.
[   19.339418] NVRM: dmaAllocMapping_GM107: can't alloc VA space for mapping.
kayfabe-isolate: DOORBELL-STORE #296 host_token=0x0000000b runlist=0 chid=11 → storing 32 bits at USERMODE_NOTIFY_CHANNEL_PENDING=0x90 in the mapped usermode window
kayfabe-isolate: DOORBELL-STORE #296 host_token=0x0000000b ★★★ WROTE — the store instruction executed
kayfabe-isolate: DOORBELL-STORE #297 host_token=0x00000007 runlist=0 chid=7 → storing 32 bits at USERMODE_NOTIFY_CHANNEL_PENDING=0x90 in the mapped usermode window
kayfabe-isolate: DOORBELL-STORE #297 host_token=0x00000007 ★★★ WROTE — the store instruction executed
kayfabe-isolate: DOORBELL-STORE #298 host_token=0x0000000a runlist=0 chid=10 → storing 32 bits at USERMODE_NOTIFY_CHANNEL_PENDING=0x90 in the mapped usermode window
kayfabe-isolate: DOORBELL-STORE #298 host_token=0x0000000a ★★★ WROTE — the store instruction executed
kayfabe-isolate: DOORBELL-STORE #299 host_token=0x00000004 runlist=0 chid=4 → storing 32 bits at USERMODE_NOTIFY_CHANNEL_PENDING=0x90 in the mapped usermode window
kayfabe-isolate: DOORBELL-STORE #301 host_token=0x00000008 runlist=0 chid=8 → storing 32 bits at USERMODE_NOTIFY_CHANNEL_PENDING=0x90 in the mapped usermode window
kayfabe-isolate: DOORBELL-STORE #301 host_token=0x00000008 ★★★ WROTE — the store instruction executed
kayfabe-isolate: DOORBELL-STORE #302 host_token=0x00000005 runlist=0 chid=5 → storing 32 bits at USERMODE_NOTIFY_CHANNEL_PENDING=0x90 in the mapped usermode window
kayfabe-isolate: DOORBELL-STORE #302 host_token=0x00000005 ★★★ WROTE — the store instruction executed
kayfabe-isolate: DOORBELL-STORE #300 host_token=0x00000006 runlist=0 chid=6 → storing 32 bits at USERMODE_NOTIFY_CHANNEL_PENDING=0x90 in the mapped usermode window
kayfabe-isolate: DOORBELL-STORE #303 host_token=0x0000[   19.366247] NVRM: dmaAllocMapping_GM107: can't alloc VA space for mapping.
000a runlist=0 chid=10 → storing 32 bits at USERMODE_NOTIFY_CHANNEL_PENDING=0x90 in the mapped usermode window
kayfabe-isolate: DOORBELL-STORE #303 host_token=0x0000000a ★★★ WROTE — the store instruction executed
kayfabe-isolate: DOORBELL-STORE #299 host_token=0x00000004 ★★★ WROTE — the store instruction executed
kayfabe-isolate: DOORBELL-STORE #300 host_token=0x00000006 ★★★ WROTE — the store instruction executed
kayfabe-isolate: DOORBELL-STORE #304 host_token=0x0000000a runlist=0 chid=10 → storing 32 bits at USERMODE_NOTIFY_CHANNEL_PENDING=0x90 in the mapped usermode window
kayfabe-isolate: DOORBELL-STORE #304 host_token=0x0000000a ★★★ WROTE — the store instruction executed
kayfabe-isolate: DOORBELL-STORE #305 host_token=0x00000005 runlist=0 chid=5 → storing 32 bits at USERMODE_NOTIFY_CHANNEL_PENDING=0x90 in the mapped usermode window
kayfabe-isolate: DOORBELL-STORE #305 host_token=0x00000005 ★★★ WROTE — the store instruction executed
kayfabe-isolate: DOORBELL-STORE #306 host_token=0x00000003 runlist=0 chid=3 → storing 32 bits at USERMODE_NOTIFY_CHANNEL_PENDING=0x90 in the mapped usermode window
kayfabe-isolate: DOORBELL-STORE #307 host_token=0x0000000b runlist=0 chid=11 → storing 32 bits at USERMODE_NOTIFY_CHANNEL_PENDING=0x90 in the mapped usermode window
kayfabe-isolate: DOORBELL-STORE #307 host_token=0x0000000b ★★★ WROTE — the store instruction executed
kayfabe-isolate: DOORBELL-STORE #306 host_token=0x00000003 ★★★ WROTE — the store instruction executed
kayfabe-isolate: DOORBELL-STORE #308 host_token=0x0000000b runlist=0 chid=11 → storing 32 bits at USERMODE_NOTIFY_CHANNEL_PENDING=0x90 in the mapped usermode window
kayfabe-isolate: DOORBELL-STORE #308 host_token=0x0000000b ★★★ WROTE — the store instruction executed
kayfabe-isolate: DOORBELL-STORE #309 host_token=0x00000005 runlist=0 chid=5 → storing 32 bits at USERMODE_NOTIFY_CHANNEL_PENDING=0x90 in the mapped usermode window
kayfabe-isolate: DOORBELL-STORE #309 host_token=0x00000005 ★★★ WROTE — the store instruction executed
[   19.408394] NVRM: dmaAllocMapping_GM107: can't alloc VA space for mapping.
kayfabe-isolate: DOORBELL-STORE #310 host_token=0x0000000b runlist=0 chid=11 → storing 32 bits at USERMODE_NOTIFY_CHANNEL_PENDING=[   19.412973] N0xVRM: dmaAllocMapping_GM107: can'90t alloc VA space in the mapped usermode window for mapping.

kayfabe-isolate: DOORBELL-STORE #310 host_token=0x0000000b ★★★ WROTE — the store instruction executed
kayfabe-isolate: DOORBELL-STORE #311 host_token=0x00000005 runlist=0 chid=5 → storing 32 bits at USERMODE_NOTIFY_CHANNEL_PENDING=0x90 in the mapped usermode window[   19.433995] N
VRM: dmaAllocMapping_GM107: can'kayfabe-isolate: DOORBELL-STORE #t alloc VA space311 for mapping.
 host_token=0x00000005 ★★★ WROTE — the store instruction executed
kayfabe-isolate: DOORBELL-STORE #312 host_token=0x00000009 runlist=0 chid=9 → storing 32 bits at USERMODE_NOTIFY_CHANNEL_PENDING=0x90 in the mapped usermode window
kayfabe-isolate: DOORBELL-STORE #312 host_token=0x00000009 ★★★ WROTE — the store instruction executed
[   19.439688] NVRM: dmaAllocMapping_GM107: can't alloc VA space for mapping.
[   19.444222] NVRM: dmaAllocMapping_GM107: can't alloc VA space for mapping.
[   19.454845] NVRM: dmaAllocMapping_GM107: can't alloc VA space for mapping.
kayfabe-isolate: DOORBELL-STORE #313 host_token=0x[   19.464356] N0VRM: dmaAllocMap0ping_GM107: can'0t alloc VA space0 for mapping.
0004 runlist=0 chid=4 → storing 32 bits at USERMODE_NOTIFY_CHANNEL_PENDING=0x90 in the mapped usermode window
kayfabe-isolate: DOORBELL-STORE #313 host_token=0x00000004 ★★★ WROTE — the store instruction executed
kayfabe-isolate: DOORBELL-STORE #315 host_token=0x00000006 runlist=0 chid=6 → storing 32 bits at USERMODE_NOTIFY_CHANNEL_PENDING=0x90 in the mapped usermode window
kayfabe-isolate: DOORBELL-STORE #315 host_token=0x00000006 ★★★ WROTE — the store instruction executed
kayfabe-isolate: DOORBELL-STORE #314 host_token=0x00000007 runlist=0 chid=7 → storing 32 bits at USERMODE_NOTIFY_CHANNEL_PENDING=0x90 in the mapped usermode window
kayfabe-isolate: DOORBELL-STORE #314 host_token=0x00000007 ★★★ WROTE — the store instruction executed
kayfabe-isolate: DOORBELL-STORE #316 host_token=0x00000004 runlist=0 chid=4 → storing 32 bits at USERMODE_NOTIFY_CHANNEL_PENDING=0x90 in the mapped usermode window
kayfabe-isolate: DOORBELL-STORE #316 host_token=0x00000004 ★★★ WROTE — the store instruction executed
kayfabe-isolate: DOORBELL-STORE #318 host_token=0x00000008 runlist=0 chid=8 → storing 32 bits at USERMODE_NOTIFY_CHANNEL_PENDING=0x90 in the mapped usermode window
kayfabe-isolate: DOORBELL-STORE #318 host_token=0x00000008 ★★★ WROTE — the store instruction executed
kayfabe-isolate: DOORBELL-STORE #322 host_token=0x00000004 runlist=0 chid=4 → storing 32 bits at USERMODE_NOTIFY_CHANNEL_PENDING=0x90 in the mapped usermode window
kayfabe-isolate: DOORBELL-STORE #322 host_token=0x00000004 ★★★ WROTE — the store instruction executed
kayfabe-isolate: DOORBELL-STORE #320 host_token=0x00000003 runlist=0 chid=3 → storing 32 bits at USERMODE_NOTIFY_CHANNEL_PENDING=0x90 in the mapped usermode window
kayfabe-isolate: DOORBELL-STORE #320 host_token=0x00000003 ★★★ WROTE — the store instruction executed
kayfabe-isolate: DOORBELL-STORE #321 host_token=0x00000007 runlist=0 chid=7 → storing 32 bits at USERMODE_NOTIFY_CHANNEL_PENDING=0x90 in the mapped usermode window
kayfabe-isolate: DOORBELL-STORE #321 host_token=0x00000007 ★★★ WROTE — the store instruction executed
kayfabe-isolate: DOORBELL-STORE #317 host_token=0x00000005 runlist=0 chid=5 → storing 32 bits at USERMODE_NOTIFY_CHANNEL_PENDING=0x90 in the mapped usermode window
kayfabe-isolate: DOORBELL-STORE #317 host_token=0x00000005 ★★★ WROTE — the store instruction executed
kayfabe-isolate: DOORBELL-STORE #319 host_token=0x00000006 runlist=0 chid=6 → storing 32 bits at USERMODE_NOTIFY_CHANNEL_PENDING=0x90 in the mapped usermode window
kayfabe-isolate: DOORBELL-STORE #324 host_token=0x00000009 runlist=0 chid=9 → storing 32 bits at USERMODE_NOTIFY_CHANNEL_PENDING=0x90 in the mapped usermode window
kayfabe-isolate: DOORBELL-STORE #324 host_token=0x00000009 ★★★ WROTE — the store instruction executed
kayfabe-isolate: DOORBELL-STORE #323 host_token=0x00000008 runlist=0 chid=8 → storing 32 bits at USERMODE_NOTIFY_CHANNEL_PENDING=0x90 in the mapped usermode window
kayfabe-isolate: DOORBELL-STORE #319 host_token=0x00000006 ★★★ WROTE — the store instruction executed
kayfabe-isolate: DOORBELL-STORE #325 host_token=0x0000[   19.499872] N0VRM: dmaAllocMap0ping_GM107: can't alloc VA space0 for mapping.
3 runlist=0 chid=3 → storing 32 bits at USERMODE_NOTIFY_CHANNEL_PENDING=0x90 in the mapped usermode window
kayfabe-isolate: DOORBELL-STORE #325 host_token=0x00000003 ★★★ WROTE — the store instruction executed
kayfabe-isolate: DOORBELL-STORE #323 host_token=0x00000008 ★★★ WROTE — the store instruction executed
kayfabe-isolate: DOORBELL-STORE #326 host_token=0x00000005 runlist=0 chid=5 → storing 32 bits at USERMODE_NOTIFY_CHANNEL_PENDING=0x90 in the mapped usermode window
kayfabe-isolate: DOORBELL-STORE #326 host_token=0x00000005 ★★★ WROTE — the store instruction executed
kayfabe-isolate: DOORBELL-STORE #328 host_token=0x00000009 runlist=0 chid=9 → storing 32 bits at USERMODE_NOTIFY_CHANNEL_PENDING=0x90 in the mapped usermode window
kayfabe-isolate: DOORBELL-STORE #328 host_token=0x00000009 ★★★ WROTE — the store instruction executed
kayfabe-isolate: DOORBELL-STORE #329 host_token=0x00000003 runlist=0 chid=3 → storing 32 bits at USERMODE_NOTIFY_CHANNEL_PENDING=0x90 in the mapped usermode window
kayfabe-isolate: DOORBELL-STORE #329 host_token=0x00000003 ★★★ WROTE — the store instruction executed
kayfabe-isolate: DOORBELL-STORE #333 host_token=0x00000009 runlist=0 chid=9 → storing 32 bits at USERMODE_NOTIFY_CHANNEL_PENDING=0x90 in the mapped usermode window
kayfabe-isolate: DOORBELL-STORE #333 host_token=0x00000009 ★★★ WROTE — the store instruction executed
kayfabe-isolate: DOORBELL-STORE #330 host_token=0x00000005 runlist=0 chid=5 → storing 32 bits at USERMODE_NOTIFY_CHANNEL_PENDING=0x90 in the mapped usermode window
kayfabe-isolate: DOORBELL-STORE #331 host_token=0x00000006 runlist=0 chid=6 → storing 32 bits at USERMODE_NOTIFY_CHANNEL_PENDING=0x90 in the mapped usermode window
kayfabe-isolate: DOORBELL-STORE #332 host_token=0x00000008 runlist=0 chid=8 → storing 32 bits at USERMODE_NOTIFY_CHANNEL_PENDING=0x90 in the mapped usermode window
kayfabe-isolate: DOORBELL-STORE #327 host_token=0x00000007 runlist=0 chid=7 → storing 32 bits at USERMODE_NOTIFY_CHANNEL_PENDING=0x90 in the mapped usermode window
kayfabe-isolate: DOORBELL-STORE #327 host_token=0x00000007 ★★★ WROTE — the store instruction executed
kayfabe-isolate: DOORBELL-STORE #331 host_token=0x00000006 ★★★ WROTE — the store instruction executed
kayfabe-isolate: DOORBELL-STORE #332 host_token=0x00000008 ★★★ WROTE — the store instruction executed
kayfabe-isolate: DOORBELL-STORE #330 host_token=0x00000005 ★★★ WROTE — the store instruction executed
[   19.539034] NVRM: dmaAllocMapping_GM107: can't alloc VA space for mapping.
[   19.549591] NVRM: dmaAllocMapping_GM107: can't alloc VA space for mapping.
kayfabe-isolate: DOORBELL-STORE #[   19.556951] N334VRM: dmaAllocMapping_GM107: can' host_token=t alloc VA space0x for mapping.
00000006 runlist=0 chid=6 → storing 32 bits at USERMODE_NOTIFY_CHANNEL_PENDING=0x90 in the mapped usermode window
kayfabe-isolate: DOORBELL-STORE #334 host_token=0x00000006 ★★★ WROTE — the store instruction executed
[   19.561854] NVRM: dmaAllocMapping_GM107: can't alloc VA space for mapping.
kayfabe-isolate: DOORBELL-STORE #335 host_token=0x00000006 runlist=0 chid=6 → storing 32 bits at USERMODE_NOTIFY_CHANNEL_PENDING=0x90 in the mapped usermode window
kayfabe-isolate: DOORBELL-STORE #335 host_token=0x00000006 ★★★ WROTE — the store instruction executed
kayfabe-isolate: DOORBELL-STORE #336 host_token=0x00000008 runlist=0 chid=8 → storing 32 bits at USERMODE_NOTIFY_CHANNEL_PENDING=0x90 in the mapped usermode window
kayfabe-isolate: DOORBELL-STORE #336 host_token=0x00000008 ★★★ WROTE — the store instruction executed
kayfabe-isolate: DOORBELL-STORE #337 host_token=0x00000006 runlist=0 chid=6 → storing 32 bits at USERMODE_NOTIFY_CHANNEL_PENDING=0x90 in the mapped usermode window
kayfabe-isolate: DOORBELL-STORE #337 host_token=0x00000006 ★★★ WROTE — the store instruction executed
kayfabe-isolate: DOORBELL-STORE #338 host_token=0x00000004 runlist=0 chid=4 → storing 32 bits at USERMODE_NOTIFY_CHANNEL_PENDING=0x90 in the mapped usermode window
kayfabe-isolate: DOORBELL-STORE #339 host_token=0x00000008 runlist=0 chid=8 → storing 32 bits at USERMODE_NOTIFY_CHANNEL_PENDING=0x90 in the mapped usermode window
kayfabe-isolate: DOORBELL-STORE #339 host_token=0x0000000[   19.578480] N8VRM: dmaAllocMap ★★★ WROTE — the store instruction executedping_GM107: can'
t alloc VA space for mapping.
kayfabe-isolate: DOORBELL-STORE #338 host_token=0x00000004 ★★★ WROTE — the store instruction executed
kayfabe-isolate: DOORBELL-STORE #340 host_token=0x00000006 runlist=0 chid=6 → storing 32 bits at USERMODE_NOTIFY_CHANNEL_PENDING=0x90 in the mapped usermode window
kayfabe-isolate: DOORBELL-STORE #340 host_token=0x00000006 ★★★ WROTE — the store instruction executed
kayfabe-isolate: DOORBELL-STORE #341 host_token=0x00000008 runlist=0 chid=8 → storing 32 bits at USERMODE_NOTIFY_CHANNEL_PENDING=0x90 in the mapped usermode window
kayfabe-isolate: DOORBELL-STORE #341 host_token=0x00000008 ★★★ WROTE — the store instruction executed
kayfabe-isolate: DOORBELL-STORE #342 host_token=0x00000004 runlist=0 chid=4 → storing 32 bits at USERMODE_NOTIFY_CHANNEL_PENDING=0x90 in the mapped usermode window
kayfabe-isolate: DOORBELL-STORE #342 host_token=0x00000004 ★★★ WROTE — the store instruction executed
kayfabe-isolate: DOORBELL-STORE #343 host_token=0x00000008 runlist=0 chid=8 → storing 32 bits at USERMODE_NOTIFY_CHANNEL_PENDING=0x90 in the mapped usermode window
kayfabe-isolate: DOORBELL-STORE #343 host_token=0x00000008 ★★★ WROTE — the store instruction executed
kayfabe-isolate: DOORBELL-STORE #344 host_token=0x00000004 runlist=0 chid=4 → storing 32 bits at USERMODE_NOTIFY_CHANNEL_PENDING=0x90 in the mapped usermode window
kayfabe-isolate: DOORBELL-STORE #344 host_token=0x00000004 ★★★ WROTE — the store instruction executed
[   19.617286] NVRM: dmaAllocMapping_GM107: can't alloc VA space for mapping.
kayfabe-isolate: DOORBELL-STORE #[   19.639981] N345VRM: dmaAllocMap host_token=ping_GM107: can'0xt alloc VA space0 for mapping.
0000004 runlist=0 chid=4 → storing 32 bits at USERMODE_NOTIFY_CHANNEL_PENDING=0x90 in the mapped usermode window
kayfabe-isolate: DOORBELL-STORE #345 host_token=0x00000004 ★★★ WROTE — the store instruction executed
[   19.645796] NVRM: dmaAllocMapping_GM107: can't alloc VA space for mapping.
kayfabe-isolate: DOORBELL-STORE #346 host_token=0x00000007 runlist=0 chid=7 → storing 32 bits at USERMODE_NOTIFY_CHANNEL_PENDING=0x90 in the mapped usermode window
kayfabe-isolate: DOORBELL-STORE #346 host_token=0x00000007 ★★★ WROTE — the store instruction executed
kayfabe-isolate: DOORBELL-STORE #347 host_token=0x00000007 runlist=0 chid=7 → storing 32 bits at USERMODE_NOTIFY_CHANNEL_PENDING=0x90 in the mapped usermode window
kayfabe-isolate: DOORBELL-STORE #347 host_token=0x00000007 ★★★ WROTE — the store instruction executed
kayfabe-isolate: DOORBELL-STORE #348 host_token=0x00000003 runlist=0 chid=3 → storing 32 bits at USERMODE_NOTIFY_CHANNEL_PENDING=0x90 in the mapped usermode window
kayfabe-isolate: DOORBELL-STORE #348 host_token=0x00000003 ★★★ WROTE — the store instruction executed
kayfabe-isolate: DOORBELL-STORE #349 host_token=0x00000007 runlist=0 chid=7 → storing 32 bits at USERMODE_NOTIFY_CHANNEL_PENDING=0x90 in the mapped usermode window
kayfabe-isolate: DOORBELL-STORE #349 host_token=0x00000007 ★★★ WROTE — the store instruction executed
kayfabe-isolate: DOORBELL-STORE #350 host_token=0x00000003 runlist=0 chid=3 → storing 32 bits at USERMODE_NOTIFY_CHANNEL_PENDING=0x90 in the mapped usermode window
kayfabe-isolate: DOORBELL-STORE #350 host_token=0x00000003 ★★★ WROTE — the store instruction executed
kayfabe-isolate: DOORBELL-STORE #351 host_token=0x00000007 runlist=0 chid=7 → storing 32 bits at USERMODE_NOTIFY_CHANNEL_PENDING=0x90 in the mapped usermode window
kayfabe-isolate: DOORBELL-STORE #351 host_token=0x00000007 ★★★ WROTE — the store instruction executed
kayfabe-isolate: DOORBELL-STORE #352 host_token=0x00000003 runlist=0 chid=3 → storing 32 bits at USERMODE_NOTIFY_CHANNEL_PENDING=0x90 in the mapped usermode window
kayfabe-isolate: DOORBELL-STORE #352 host_token=0x00000003 ★★★ WROTE — the store instruction executed
kayfabe-isolate: DOORBELL-STORE #353 host_token=0x00000005 runlist=0 chid=5 → storing 32 bits at USERMODE_NOTIFY_CHANNEL_PENDING=0x90 in the mapped usermode window
kayfabe-isolate: DOORBELL-STORE #353 host_token=0x00000005 ★★★ WROTE — the store instruction executed
kayfabe-isolate: DOORBELL-STORE #354 host_token=0x00000009 runlist=0 chid=9 → storing 32 bits at USERMODE_NOTIFY_CHANNEL_PENDING=0x90 in the mapped usermode window
kayfabe-isolate: DOORBELL-STORE #354 host_token=0x00000009 ★★★ WROTE — the store instruction executed
kayfabe-isolate: DOORBELL-STORE #355 host_token=0x00000003 runlist=0 chid=3 → storing 32 bits at USERMODE_NOTIFY_CHANNEL_PENDING=0x90 in the mapped usermode window
kayfabe-isolate: DOORBELL-STORE #355 host_token=0x00000003 ★★★ WROTE — the store instruction executed
kayfabe-isolate: DOORBELL-STORE #356 host_token=0x00000004 runlist=0 chid=4 → storing 32 bits at USERMODE_NOTIFY_CHANNEL_PENDING=0x90 in the mapped usermode window
kayfabe-isolate: DOORBELL-STORE #356 host_token=0x00000004 ★★★ WROTE — the store instruction executed
[   19.744180] NVRM: dmaAllocMapping_GM107: can't alloc VA space for mapping.
kayfabe-isolate: DOORBELL-STORE #357 host_token=0x00000007 runlist=0 chid=7 → storing 32 bits at USERMODE_NOTIFY_CHANNEL_PENDING=0x90 in the mapped usermode window
kayfabe-isolate: DOORBELL-STORE #357 host_token=0x00000007 ★★★ WROTE — the store instruction executed
kayfabe-isolate: DOORBELL-STORE #358 host_token=0x00000008 runlist=0 chid=8 → storing 32 bits at USERMODE_NOTIFY_CHANNEL_PENDING=0x90 in the mapped usermode window
kayfabe-isolate: DOORBELL-STORE #358 host_token=0x00000008 ★★★ WROTE — the store instruction executed
kayfabe-isolate: DOORBELL-STORE #359 host_token=0x00000003 runlist=0 chid=3 → storing 32 bits at USERMODE_NOTIFY_CHANNEL_PENDING=0x90 in the mapped usermode window
kayfabe-isolate: DOORBELL-STORE #360 host_token=0x00000008 runlist=0 chid=8 → storing 32 bits at USERMODE_NOTIFY_CHANNEL_PENDING=0x90 in the mapped usermode window
kayfabe-isolate: DOORBELL-STORE #360 host_token=0x00000008 ★★★ WROTE — the store instruction executed
kayfabe-isolate: DOORBELL-STORE #359 host_token=0x00000003 ★★★ WROTE — the store instruction executed
kayfabe-isolate: DOORBELL-STORE #361 host_token=0x00000006 runlist=0 chid=6 → storing 32 bits at USERMODE_NOTIFY_CHANNEL_PENDING=0x90 in the mapped usermode window
kayfabe-isolate: DOORBELL-STORE #362 host_token=0x00000008 runlist=0 chid=8 → storing 32 bits at USERMODE_NOTIFY_CHANNEL_PENDING=0x90 in the mapped usermode window
kayfabe-isolate: DOORBELL-STORE #362 host_token=0x00000008 ★★★ WROTE — the store instruction executed
kayfabe-isolate: DOORBELL-STORE #361 host_token=0x00000006 ★★★ WROTE — the store instruction executed
kayfabe-isolate: DOORBELL-STORE #363 host_token=0x00000008 runlist=0 chid=8 → storing 32 bits at USERMODE_NOTIFY_CHANNEL_PENDING=0x90 in the mapped usermode window
kayfabe-isolate: DOORBELL-STORE #363 host_token=0x00000008 ★★★ WROTE — the store instruction executed
kayfabe-isolate: DOORBELL-STORE #364 host_token=0x00000006 runlist=0 chid=6 → storing 32 bits at USERMODE_NOTIFY_CHANNEL_PENDING=0x90 in the mapped usermode window
kayfabe-isolate: DOORBELL-STORE #364 host_token=0x00000006 ★★★ WROTE — the store instruction executed
kayfabe-isolate: DOORBELL-STORE #365 host_token=0x00000006 runlist=0 chid=6 → storing 32 bits at USERMODE_NOTIFY_CHANNEL_PENDING=0x90 in the mapped usermode window
kayfabe-isolate: DOORBELL-STORE #365 host_token=0x00000006 ★★★ WROTE — the store instruction executed
kayfabe-isolate: DOORBELL-STORE #366 host_token=0x00000006 runlist=0 chid=6 → storing 32 bits at USERMODE_NOTIFY_CHANNEL_PENDING=0x90 in the mapped usermode window
kayfabe-isolate: DOORBELL-STORE #366 host_token=0x00000006 ★★★ WROTE — the store instruction executed
[   19.810081] NVRM: dmaAllocMapping_GM107: can't alloc VA space for mapping.
kayfabe-isolate: DOORBELL-STORE #367 host_token=0x00000006 runlist=0 chid=6 → storing 32 bits at USERMODE_NOTIFY_CHANNEL_PENDING=0x90 in the mapped usermode window
kayfabe-isolate: DOORBELL-STORE #367 host_token=0x00000006 ★★★ WROTE — the store instruction executed
kayfabe-isolate: DOORBELL-STORE #368 host_token=0x00000006 runlist=0 chid=6 → storing 32 bits at USERMODE_NOTIFY_CHANNEL_PENDING=0x90 in the mapped usermode window
kayfabe-isolate: DOORBELL-STORE #368 host_token=0x00000006 ★★★ WROTE — the store instruction executed
kayfabe-isolate: DOORBELL-STORE #369 host_token=0x00000006 runlist=0 chid=6 → storing 32 bits at USERMODE_NOTIFY_CHANNEL_PENDING=0x90 in the mapped usermode window
kayfabe-isolate: DOORBELL-STORE #369 host_token=0x00000006 ★★★ WROTE — the store instruction executed
[   19.843481] NVRM: dmaAllocMapping_GM107: can't alloc VA space for mapping.
[   19.850467] NVRM: dmaAllocMapping_GM107: can't alloc VA space for mapping.
kayfabe-isolate: DOORBELL-STORE #370 host_token=0x00000009 runlist=0 chid=9 → storing 32 bits at USERMODE_NOTIFY_CHANNEL_PENDING=0x90 in the mapped usermode window
kayfabe-isolate: DOORBELL-STORE #370 host_token=0x00000009 ★★★ WROTE — the store instruction executed
kayfabe-isolate: DOORBELL-STORE #371 host_token=0x00000009 runlist=0 chid=9 → storing 32 bits at USERMODE_NOTIFY_CHANNEL_PENDING=0x90 in the mapped usermode window
kayfabe-isolate: DOORBELL-STORE #371 host_token=0x00000009 ★★★ WROTE — the store instruction executed
kayfabe-isolate: DOORBELL-STORE #372 host_token=0x00000009 runlist=0 chid=9 → storing 32 bits at USERMODE_NOTIFY_CHANNEL_PENDING=0x90 in the mapped usermode window
kayfabe-isolate: DOORBELL-STORE #372 host_token=0x00000009 ★★★ WROTE — the store instruction executed
kayfabe-isolate: DOORBELL-STORE #373 host_token=0x00000009 runlist=0 chid=9 → storing 32 bits at USERMODE_NOTIFY_CHANNEL_PENDING=0x90 in the mapped usermode window
kayfabe-isolate: DOORBELL-STORE #373 host_token=0x00000009 ★★★ WROTE — the store instruction executed
[   19.895477] NVRM: dmaAllocMapping_GM107: can't alloc VA space for mapping.
kayfabe-isolate: DOORBELL-STORE #374 host_token=0x00000009 runlist=0 chid=9 → storing 32 bits at USERMODE_NOTIFY_CHANNEL_PENDING=0x90 in the mapped usermode window
kayfabe-isolate: DOORBELL-STORE #374 host_token=0x00000009 ★★★ WROTE — the store instruction executed
[   19.915349] NVRM: dmaAllocMapping_GM107: can't alloc VA space for mapping.
info  W385 crowd    census = 576 ops over 9 workers in 1626 ms, 0 refused, 9/9 workers finished
info  W385 crowd    verbs  = alloc=55 map_a=52 map_b=31 write=40 alias_prop=23 unmap_b=12 probe=9 free=41 recycle=32 idle=281
info  W385 crowd    op us   = n=295 min=2378 p50=35791 p90=80676 p99=118691 max=155199  ⊘ a distribution, because one number is not a measurement
info  W385 crowd    overlap = 2075 pairs of RM-verb intervals from DIFFERENT threads intersected, over 295/295 spans
info  W385 crowd    handles = 96 minted across 9 worker(s), each checked for collision against every other worker OF THE SAME CLIENT
info  W385 crowd    pinning = mode crowd — 9/9 workers accepted a mask; observed core sets {"0-2"}
FUZZ_ARM=crowd verdict=PASS why=CLEAN threads=9 pin=crowd cores=3 ops=576 engine_ops=75 alias_ops=23 overlap=2075 viol=0 refused=0 pinned=9/9 finished=9/9
FUZZ_THREADS=3
FUZZ_CORES=3
FUZZ_ITERS=64
FUZZ_CLIENTS=2
FUZZ_ARMS=4
FUZZ_OPS=1536
FUZZ_OVERLAP_PAIRS=4464
FUZZ_VIOLATIONS=0
FUZZ_REFUSED=0
info  W385 pairing        = percore=PASS vs unpinned=PASS — placement did not change the answer
info  W385 pairing        = crowd=PASS vs crowd-free=PASS — placement did not change the answer
FUZZ_REASON=CLEAN
★     W385 FUZZ CLEAN     = 1536 operations over 4 arms (up to 9 threads, 2 client(s), 3 cores), 4464 measured cross-thread overlaps, zero invariant violations. ⚠ THAT IS A BUDGET, NOT A PROOF: absence of a red is not absence of a race, and every arm sampled ONE schedule of one seed
RUNGCTL_concurrent_fuzz=PASS
RUNG_concurrent_fuzz=PASS
done — w385 concurrent fuzz only
[   20.099082] NVRM: nvAssertFailedNoLog: Assertion failed: (status == NV_OK) || (status == NV_ERR_GPU_IN_FULLCHIP_RESET) @ fecs_event_list.c:1623
[   20.131088] NVRM: nvCheckOkFailedNoLog: Check failed: Call not supported [NV_ERR_NOT_SUPPORTED] (0x00000056) returned from pRmApi->Control(pRmApi, pGpu->hInternalClient, pGpu->hInternalSubdevice, NV2080_CTRL_CMD_INTERNAL_INIT_USER_SHARED_DATA, &params, sizeof(params)) @ gpu_user_shared_data.c:213
FASTGUEST: client rc=0 at 20.10s
FASTGUEST: DONE
[   20.195915] reboot: Power down
