[    0.000000] Linux version 6.8.0-59-generic (buildd@lcy02-amd64-117) (x86_64-linux-gnu-gcc-12 (Ubuntu 12.3.0-1ubuntu1~22.04) 12.3.0, GNU ld (GNU Binutils for Ubuntu) 2.38) #61~22.04.1-Ubuntu SMP PREEMPT_DYNAMIC Tue Apr 15 17:03:15 UTC 2 (Ubuntu 6.8.0-59.61~22.04.1-generic 6.8.12)
[    0.305026] Kernel command line: console=ttyS0 panic=1 loglevel=6 KF_ARMS=--ce-client-guest-ram,--probe-launch-dma KF_IOCTL_TRACE=verbose KF_BUDGET_S=60
[    0.305103] Unknown kernel command line parameters "KF_ARMS=--ce-client-guest-ram,--probe-launch-dma KF_IOCTL_TRACE=verbose KF_BUDGET_S=60", will be passed to user space.
[    0.305113] random: crng init done
[    0.617166] audit: type=2000 audit(1789830250.427:1): state=initialized audit_enabled=0 res=1
[    0.872854] SCSI subsystem initialized
[    2.493651] VFS: Disk quotas dquot_6.6.0
[    2.645449] Initialise system trusted keyrings
[    2.657740] Key type blacklist registered
[    2.676237] integrity: Platform Keyring initialized
[    2.683379] integrity: Machine keyring initialized
[    2.705046] Key type asymmetric registered
[    2.709822] Asymmetric key parser 'x509' registered
[    2.822870] device-mapper: core: CONFIG_IMA_DISABLE_HTABLE is disabled. Duplicate IMA measurements will not be recorded in the IMA log.
[    2.852770] platform eisa.0: EISA: Cannot allocate resource for mainboard
[    2.866489] platform eisa.0: Cannot allocate resource for EISA slot 1
[    2.879952] platform eisa.0: Cannot allocate resource for EISA slot 2
[    2.891140] platform eisa.0: Cannot allocate resource for EISA slot 3
[    2.900691] platform eisa.0: Cannot allocate resource for EISA slot 4
[    2.909750] platform eisa.0: Cannot allocate resource for EISA slot 5
[    2.918302] platform eisa.0: Cannot allocate resource for EISA slot 6
[    2.927143] platform eisa.0: Cannot allocate resource for EISA slot 7
[    2.935921] platform eisa.0: Cannot allocate resource for EISA slot 8
[    7.176840] Key type dns_resolver registered
[    7.207257] Loading compiled-in X.509 certificates
[    7.221035] Loaded X.509 cert 'Build time autogenerated kernel key: 3fa2747ce20c90997bcade15a1cad09daa978788'
[    7.242073] Loaded X.509 cert 'Canonical Ltd. Live Patch Signing: 14df34d1a87cf37625abec039ef2bf521249b969'
[    7.259970] Loaded X.509 cert 'Canonical Ltd. Kernel Module Signing: 88f752e560a1e0737e31163a466ad7b70a850c19'
[    7.276671] blacklist: Loading compiled-in revocation X.509 certificates
[    7.287534] Loaded X.509 cert 'Canonical Ltd. Secure Boot Signing: 61482aa2830d0ab2ad5af10b7250da9033ddcef0'
[    7.302487] Loaded X.509 cert 'Canonical Ltd. Secure Boot Signing (2017): 242ade75ac4a15e50d50c84b0d45ff3eae707a03'
[    7.315837] Loaded X.509 cert 'Canonical Ltd. Secure Boot Signing (ESM 2018): 365188c1d374d6b07c3c8f240f8ef722433d6a8b'
[    7.328266] Loaded X.509 cert 'Canonical Ltd. Secure Boot Signing (2019): c0746fd6c5da3ae827864651ad66ae47fe24b3e8'
[    7.339742] Loaded X.509 cert 'Canonical Ltd. Secure Boot Signing (2021 v1): a8d54bbb3825cfb94fa13c9f8a594a195c107b8d'
[    7.351396] Loaded X.509 cert 'Canonical Ltd. Secure Boot Signing (2021 v2): 4cf046892d6fd3c9a5b03f98d845f90851dc6a8c'
[    7.362819] Loaded X.509 cert 'Canonical Ltd. Secure Boot Signing (2021 v3): 100437bb6de6e469b581e61cd66bce3ef4ed53af'
[    7.374125] Loaded X.509 cert 'Canonical Ltd. Secure Boot Signing (Ubuntu Core 2019): c1d57b8f6b743f23ee41f4f7ee292f06eecadfb9'
[    7.409308] Key type .fscrypt registered
[    7.414548] Key type fscrypt-provisioning registered
[    7.428968] Key type encrypted registered
[    7.440402] Loading compiled-in module X.509 certificates
[    7.457151] Loaded X.509 cert 'Build time autogenerated kernel key: 3fa2747ce20c90997bcade15a1cad09daa978788'
[    7.514048] Unstable clock detected, switching default tracing clock to "global"
[    7.514048] If you want to keep using the local clock, then add:
[    7.514048]   "trace_clock=local"
[    7.514048] on the kernel command line
FASTGUEST: up 7.62s
FASTGUEST: insmod ecc.ko ok
[    7.874453] nvidia: loading out-of-tree module taints kernel.
[    7.881564] nvidia: module verification failed: signature and/or required key missing - tainting kernel
[    8.044671] 
[    8.061748] NVRM: loading NVIDIA UNIX Open Kernel Module for x86_64  580.159.04  Release Build  (dvs-builder@U22-I3-AF04-09-6)  Wed Apr 29 17:15:53 UTC 2026
FASTGUEST: insmod nvidia.ko ok
FASTGUEST: insmod nvidia-uvm.ko ok
FASTGUEST: insmod wmi.ko ok
FASTGUEST: insmod video.ko ok
FASTGUEST: insmod nvidia-modeset.ko ok
FASTGUEST: nodes /dev/nvidia-caps/nvidia-cap1 /dev/nvidia-uvm /dev/nvidia-uvm-tools /dev/nvidia0 /dev/nvidiactl  /dev/nvidia-caps: nvidia-cap1 
FASTGUEST: ready 8.32s
FASTGUEST: arms --ce-client-guest-ram --probe-launch-dma  deadline 49s (budget 60s, 8s already spent booting)
info  RMLADDER DEADLINE = armed (KF_SELF_DEADLINE_MS)
info  RMLADDER ARGV     = [--gpu 0 --ce-client-guest-ram --probe-launch-dma]
[    9.811564] NVRM: nvAssertOkFailedNoLog: Assertion failed: Call not supported [NV_ERR_NOT_SUPPORTED] (0x00000056) returned from pRmApi->Control(pRmApi, pGpu->hInternalClient, pGpu->hInternalSubdevice, NV2080_CTRL_CMD_INTERNAL_INIT_USER_SHARED_DATA, &params, sizeof(params)) @ gpu_user_shared_data.c:233
[    9.829541] NVRM: nvAssertOkFailedNoLog: Assertion failed: Call not supported [NV_ERR_NOT_SUPPORTED] (0x00000056) returned from pRmApi->Control(pRmApi, pGpu->hInternalClient, pGpu->hInternalSubdevice, NV2080_CTRL_CMD_INTERNAL_USER_SHARED_DATA_SET_DATA_POLL, &params, sizeof(params)) @ gpu_user_shared_data.c:268
[    9.910854] NVRM: kperfGpuBoostSyncStateInit_IMPL: Failed to read Sync Gpu Boost init state, status=0x56
[    9.922422] NVRM: kperfGpuBoostSyncStateInit_IMPL: Failed to read Sync Gpu Boost init state, status=0x56
[    9.930035] NVRM: nvAssertOkFailedNoLog: Assertion failed: Call not supported [NV_ERR_NOT_SUPPORTED] (0x00000056) returned from pRmApi->Control(pRmApi, pGpu->hInternalClient, pGpu->hInternalSubdevice, NV2080_CTRL_CMD_INTERNAL_CE_GET_PCE_CONFIG_FOR_LCE_TYPE, &pceConfigParams, sizeof(pceConfigParams)) @ kernel_ce.c:1020
[    9.952621] NVRM: nvAssertOkFailedNoLog: Assertion failed: Call not supported [NV_ERR_NOT_SUPPORTED] (0x00000056) returned from kceGetPceConfigForLceType(pGpu, pKCe, NV2080_CTRL_CE_LCE_TYPE_DECOMP, &numPcesPerLce, &numLces, &supportedPceMask, &supportedLceMask, &pcesPerHshub) @ kernel_ce_gp100.c:62
[   10.696345] NVRM: rpcRmApiAlloc_GSP: GspRmAlloc failed: hClient=0xc1d00009; hParent=0x31415903; hObject=0x3141590f; hClass=0x00000070; paramsSize=0x00000018; paramsStatus=0x00000000; status=0x00000056
[   10.784562] NVRM: rpcRmApiAlloc_GSP: GspRmAlloc failed: hClient=0xc1d00009; hParent=0x31415903; hObject=0x31415900; hClass=0x0000c36f; paramsSize=0x00000170; paramsStatus=0x00000000; status=0x00000056
[   10.974780] NVRM: nvCheckOkFailedNoLog: Check failed: Call not supported [NV_ERR_NOT_SUPPORTED] (0x00000056) returned from kgrobjPromoteContext(pGpu, pKernelGraphicsObject, pKernelGraphics) @ kernel_graphics_object.c:224
[   11.003159] NVRM: nvAssertFailedNoLog: Assertion failed: status == NV_OK @ kernel_rc_watchdog.c:1198
[   11.010922] NVRM: rpcRmApiFree_GSP: GspRmFree failed: hClient=0xc1d00009; hObject=0x31415900; paramsStatus=0x00000000; status=0x00000056
[   11.047828] NVRM: vaListDestroy: non-zero mapCount(pVaList): 0x1
[   11.051856] NVRM: vaListDestroy: non-zero mapCount(pVaList): 0x1
[   11.055856] NVRM: vaListDestroy: non-zero mapCount(pVaList): 0x1
[   11.060117] NVRM: vaListDestroy: non-zero mapCount(pVaList): 0x1
[   11.097424] NVRM: rpcRmApiFree_GSP: GspRmFree failed: hClient=0xc1d00009; hObject=0x3141590f; paramsStatus=0x00000000; status=0x00000056
[   11.106320] NVRM: nvAssertFailedNoLog: Assertion failed: (status == NV_OK) || (status == NV_ERR_GPU_IN_FULLCHIP_RESET) @ mem.c:180
[   11.157265] NVRM: rpcRmApiAlloc_GSP: GspRmAlloc failed: hClient=0xc1d0000a; hParent=0xcaf00001; hObject=0xcaf00002; hClass=0x0000402c; paramsSize=0x00000000; paramsStatus=0x00000000; status=0x00000056
IOCTL         0us req=0xc04846d2 len=72    rc=0   head=0x00000032
IOCTL     37054us req=0xc00446c9 len=4     rc=0   head=0x00000004
IOCTL     59825us req=0xc020462b len=32    rc=0   head=0x00000000
IOCTL     80388us req=0xc020462b len=32    rc=0   head=0xc1d0000b
IOCTL     96677us req=0xc020462b len=32    rc=0   head=0xc1d0000b
IOCTL    113069us req=0xc020462b len=32    rc=0   head=0xc1d0000b
IOCTL    130769us req=0xc038464e len=56    rc=0   head=0xc1d0000b
ok    R2 version         = "580.159.04"
ok    R4 hClient         = 0xc1d0000b
ok    R6 hSubdevice      = 0xcafe0002
REV_UNDER_TEST=8176538aee3e618a84a59ea51582e48959e7da0a
info  R34 guest-RAM CE   = GPU 0 — a CE copy whose SOURCE is NV01_MEMORY_SYSTEM (guest RAM, run inside the guest), placed behind 13000 further guest-RAM rows declared FIRST so the operand is the freshest row a bounded backing pass reaches LAST. ⊘ R33 cannot express this: both its operands are `alloc_device_local`, so no engine in it reads guest RAM at all
IOCTL    296905us req=0xc020462b len=32    rc=0   head=0xc1d0000b
[   11.554600] NVRM: rpcRmApiAlloc_GSP: GspRmAlloc failed: hClient=0xc1d0000b; hParent=0xcafe0001; hObject=0xcafe0005; hClass=0x00000070; paramsSize=0x00000018; paramsStatus=0x00000000; status=0x00000056
IOCTL    348879us req=0xc020462b len=32    rc=0   head=0xc1d0000b
IOCTL    368655us req=0xc0384627 len=56    rc=0   head=0xc1d0000b
IOCTL    453411us req=0xc0404657 len=64    rc=0   head=0xc1d0000b
IOCTL    565594us req=0xc020462b len=32    rc=0   head=0xc1d0000b
[   11.804399] NVRM: rpcRmApiAlloc_GSP: GspRmAlloc failed: hClient=0xc1d0000b; hParent=0xcafe0001; hObject=0xcafe0008; hClass=0x00000070; paramsSize=0x00000018; paramsStatus=0x00000000; status=0x00000056
IOCTL    595451us req=0xc020462b len=32    rc=0   head=0xc1d0000b
IOCTL    648371us req=0xc0404657 len=64    rc=0   head=0xc1d0000b
IOCTL    661572us req=0xc0384627 len=56    rc=0   head=0xc1d0000b
IOCTL    685125us req=0xc0404657 len=64    rc=0   head=0xc1d0000b
IOCTL    705060us req=0xc0404657 len=64    rc=0   head=0xc1d0000b
IOCTL    715657us req=0xc0384627 len=56    rc=0   head=0xc1d0000b
IOCTL    735823us req=0xc0404657 len=64    rc=0   head=0xc1d0000b
IOCTL    756765us req=0xc0404657 len=64    rc=0   head=0xc1d0000b
IOCTL    768971us req=0xc0384627 len=56    rc=0   head=0xc1d0000b
IOCTL    790675us req=0xc0404657 len=64    rc=0   head=0xc1d0000b
IOCTL    815501us req=0xc0404657 len=64    rc=0   head=0xc1d0000b
IOCTL    827489us req=0xc0384627 len=56    rc=0   head=0xc1d0000b
IOCTL    850998us req=0xc0404657 len=64    rc=0   head=0xc1d0000b
IOCTL    875288us req=0xc0404657 len=64    rc=0   head=0xc1d0000b
IOCTL    886543us req=0xc0384627 len=56    rc=0   head=0xc1d0000b
IOCTL    910599us req=0xc0404657 len=64    rc=0   head=0xc1d0000b
IOCTL    934455us req=0xc0404657 len=64    rc=0   head=0xc1d0000b
IOCTL    945741us req=0xc0384627 len=56    rc=0   head=0xc1d0000b
IOCTL    969823us req=0xc0404657 len=64    rc=0   head=0xc1d0000b
IOCTL    994251us req=0xc0404657 len=64    rc=0   head=0xc1d0000b
IOCTL   1005161us req=0xc0384627 len=56    rc=0   head=0xc1d0000b
IOCTL   1027483us req=0xc0404657 len=64    rc=0   head=0xc1d0000b
IOCTL   1049947us req=0xc0404657 len=64    rc=0   head=0xc1d0000b
IOCTL   1061525us req=0xc0384627 len=56    rc=0   head=0xc1d0000b
IOCTL   1086396us req=0xc0404657 len=64    rc=0   head=0xc1d0000b
IOCTL   1111232us req=0xc0404657 len=64    rc=0   head=0xc1d0000b
IOCTL   1121709us req=0xc0384627 len=56    rc=0   head=0xc1d0000b
IOCTL   1145591us req=0xc0404657 len=64    rc=0   head=0xc1d0000b
IOCTL   1168613us req=0xc0404657 len=64    rc=0   head=0xc1d0000b
IOCTL   1179123us req=0xc0384627 len=56    rc=0   head=0xc1d0000b
IOCTL   1203291us req=0xc0404657 len=64    rc=0   head=0xc1d0000b
IOCTL   1226421us req=0xc0404657 len=64    rc=0   head=0xc1d0000b
IOCTL   1237225us req=0xc0384627 len=56    rc=0   head=0xc1d0000b
IOCTL   1261827us req=0xc0404657 len=64    rc=0   head=0xc1d0000b
IOCTL   1284600us req=0xc0404657 len=64    rc=0   head=0xc1d0000b
IOCTL   1294935us req=0xc0384627 len=56    rc=0   head=0xc1d0000b
IOCTL   1319101us req=0xc0404657 len=64    rc=0   head=0xc1d0000b
IOCTL   1341938us req=0xc0404657 len=64    rc=0   head=0xc1d0000b
IOCTL   1352166us req=0xc0384627 len=56    rc=0   head=0xc1d0000b
IOCTL   1376495us req=0xc0404657 len=64    rc=0   head=0xc1d0000b
IOCTL   1399444us req=0xc0404657 len=64    rc=0   head=0xc1d0000b
IOCTL   1409713us req=0xc0384627 len=56    rc=0   head=0xc1d0000b
IOCTL   1433816us req=0xc0404657 len=64    rc=0   head=0xc1d0000b
IOCTL   1456649us req=0xc0404657 len=64    rc=0   head=0xc1d0000b
IOCTL   1467097us req=0xc0384627 len=56    rc=0   head=0xc1d0000b
IOCTL   1491056us req=0xc0404657 len=64    rc=0   head=0xc1d0000b
IOCTL   1514051us req=0xc0404657 len=64    rc=0   head=0xc1d0000b
IOCTL   1524438us req=0xc0384627 len=56    rc=0   head=0xc1d0000b
IOCTL   1548753us req=0xc0404657 len=64    rc=0   head=0xc1d0000b
IOCTL   1571982us req=0xc0404657 len=64    rc=0   head=0xc1d0000b
IOCTL   1582395us req=0xc0384627 len=56    rc=0   head=0xc1d0000b
IOCTL   1606648us req=0xc0404657 len=64    rc=0   head=0xc1d0000b
IOCTL   1629341us req=0xc0404657 len=64    rc=0   head=0xc1d0000b
IOCTL   1639833us req=0xc0384627 len=56    rc=0   head=0xc1d0000b
IOCTL   1663843us req=0xc0404657 len=64    rc=0   head=0xc1d0000b
IOCTL   1690948us req=0xc0404657 len=64    rc=0   head=0xc1d0000b
IOCTL   1703589us req=0xc0384627 len=56    rc=0   head=0xc1d0000b
IOCTL   1733499us req=0xc0404657 len=64    rc=0   head=0xc1d0000b
IOCTL   1759527us req=0xc0404657 len=64    rc=0   head=0xc1d0000b
IOCTL   1770849us req=0xc0384627 len=56    rc=0   head=0xc1d0000b
IOCTL   1799496us req=0xc0404657 len=64    rc=0   head=0xc1d0000b
IOCTL   1828037us req=0xc0404657 len=64    rc=0   head=0xc1d0000b
IOCTL   1838438us req=0xc0384627 len=56    rc=0   head=0xc1d0000b
IOCTL   1864385us req=0xc0404657 len=64    rc=0   head=0xc1d0000b
IOCTL   1894116us req=0xc0404657 len=64    rc=0   head=0xc1d0000b
IOCTL   1904829us req=0xc0384627 len=56    rc=0   head=0xc1d0000b
IOCTL   1931730us req=0xc0404657 len=64    rc=0   head=0xc1d0000b
IOCTL   1961443us req=0xc0404657 len=64    rc=0   head=0xc1d0000b
IOCTL   1972558us req=0xc0384627 len=56    rc=0   head=0xc1d0000b
IOCTL   2001396us req=0xc0404657 len=64    rc=0   head=0xc1d0000b
IOCTL   2030774us req=0xc0404657 len=64    rc=0   head=0xc1d0000b
IOCTL   2036580us req=0xc0384627 len=56    rc=0   head=0xc1d0000b
IOCTL   2057350us req=0xc0404657 len=64    rc=0   head=0xc1d0000b
IOCTL   2077643us req=0xc0404657 len=64    rc=0   head=0xc1d0000b
IOCTL   2083437us req=0xc0384627 len=56    rc=0   head=0xc1d0000b
IOCTL   2102664us req=0xc0404657 len=64    rc=0   head=0xc1d0000b
IOCTL   2120731us req=0xc0404657 len=64    rc=0   head=0xc1d0000b
IOCTL   2126851us req=0xc0384627 len=56    rc=0   head=0xc1d0000b
IOCTL   2145363us req=0xc0404657 len=64    rc=0   head=0xc1d0000b
IOCTL   2163847us req=0xc0404657 len=64    rc=0   head=0xc1d0000b
IOCTL   2171039us req=0xc0384627 len=56    rc=0   head=0xc1d0000b
IOCTL   2189392us req=0xc0404657 len=64    rc=0   head=0xc1d0000b
IOCTL   2206906us req=0xc0404657 len=64    rc=0   head=0xc1d0000b
IOCTL   2214477us req=0xc0384627 len=56    rc=0   head=0xc1d0000b
IOCTL   2232026us req=0xc0404657 len=64    rc=0   head=0xc1d0000b
IOCTL   2249524us req=0xc0404657 len=64    rc=0   head=0xc1d0000b
IOCTL   2257711us req=0xc0384627 len=56    rc=0   head=0xc1d0000b
IOCTL   2275942us req=0xc0404657 len=64    rc=0   head=0xc1d0000b
IOCTL   2293974us req=0xc0404657 len=64    rc=0   head=0xc1d0000b
IOCTL   2302612us req=0xc0384627 len=56    rc=0   head=0xc1d0000b
IOCTL   2320908us req=0xc0404657 len=64    rc=0   head=0xc1d0000b
IOCTL   2339366us req=0xc0404657 len=64    rc=0   head=0xc1d0000b
IOCTL   2348458us req=0xc0384627 len=56    rc=0   head=0xc1d0000b
IOCTL   2364849us req=0xc0404657 len=64    rc=0   head=0xc1d0000b
IOCTL   2383688us req=0xc0404657 len=64    rc=0   head=0xc1d0000b
IOCTL   2392838us req=0xc0384627 len=56    rc=0   head=0xc1d0000b
IOCTL   2408515us req=0xc0404657 len=64    rc=0   head=0xc1d0000b
IOCTL   2424645us req=0xc0404657 len=64    rc=0   head=0xc1d0000b
IOCTL   2433638us req=0xc0384627 len=56    rc=0   head=0xc1d0000b
IOCTL   2451559us req=0xc0404657 len=64    rc=0   head=0xc1d0000b
IOCTL   2467466us req=0xc0404657 len=64    rc=0   head=0xc1d0000b
IOCTL   2475667us req=0xc0384627 len=56    rc=0   head=0xc1d0000b
IOCTL   2494145us req=0xc0404657 len=64    rc=0   head=0xc1d0000b
IOCTL   2510387us req=0xc0404657 len=64    rc=0   head=0xc1d0000b
IOCTL   2518983us req=0xc0384627 len=56    rc=0   head=0xc1d0000b
IOCTL   2537630us req=0xc0404657 len=64    rc=0   head=0xc1d0000b
IOCTL   2554236us req=0xc0404657 len=64    rc=0   head=0xc1d0000b
IOCTL   2563400us req=0xc0384627 len=56    rc=0   head=0xc1d0000b
IOCTL   2581960us req=0xc0404657 len=64    rc=0   head=0xc1d0000b
IOCTL   2598053us req=0xc0404657 len=64    rc=0   head=0xc1d0000b
IOCTL   2607376us req=0xc0384627 len=56    rc=0   head=0xc1d0000b
IOCTL   2625608us req=0xc0404657 len=64    rc=0   head=0xc1d0000b
IOCTL   2643052us req=0xc0404657 len=64    rc=0   head=0xc1d0000b
IOCTL   2652309us req=0xc0384627 len=56    rc=0   head=0xc1d0000b
IOCTL   2670278us req=0xc0404657 len=64    rc=0   head=0xc1d0000b
IOCTL   2688869us req=0xc0404657 len=64    rc=0   head=0xc1d0000b
IOCTL   2694969us req=0xc0384627 len=56    rc=0   head=0xc1d0000b
IOCTL   2715323us req=0xc0404657 len=64    rc=0   head=0xc1d0000b
IOCTL   2734753us req=0xc0404657 len=64    rc=0   head=0xc1d0000b
IOCTL   2742845us req=0xc0384627 len=56    rc=0   head=0xc1d0000b
IOCTL   2758907us req=0xc0404657 len=64    rc=0   head=0xc1d0000b
IOCTL   2778618us req=0xc0404657 len=64    rc=0   head=0xc1d0000b
IOCTL   2787837us req=0xc0384627 len=56    rc=0   head=0xc1d0000b
IOCTL   2805421us req=0xc0404657 len=64    rc=0   head=0xc1d0000b
IOCTL   2823346us req=0xc0404657 len=64    rc=0   head=0xc1d0000b
IOCTL   2830296us req=0xc0384627 len=56    rc=0   head=0xc1d0000b
IOCTL   2847254us req=0xc0404657 len=64    rc=0   head=0xc1d0000b
IOCTL   2862575us req=0xc0404657 len=64    rc=0   head=0xc1d0000b
IOCTL   2868702us req=0xc0384627 len=56    rc=0   head=0xc1d0000b
IOCTL   2885426us req=0xc0404657 len=64    rc=0   head=0xc1d0000b
IOCTL   2903840us req=0xc0404657 len=64    rc=0   head=0xc1d0000b
IOCTL   2909988us req=0xc0384627 len=56    rc=0   head=0xc1d0000b
IOCTL   2927021us req=0xc0404657 len=64    rc=0   head=0xc1d0000b
IOCTL   2944419us req=0xc0404657 len=64    rc=0   head=0xc1d0000b
IOCTL   2952686us req=0xc0384627 len=56    rc=0   head=0xc1d0000b
IOCTL   2972106us req=0xc0404657 len=64    rc=0   head=0xc1d0000b
IOCTL   2990339us req=0xc0404657 len=64    rc=0   head=0xc1d0000b
IOCTL   2996371us req=0xc0384627 len=56    rc=0   head=0xc1d0000b
IOCTL   3012104us req=0xc0404657 len=64    rc=0   head=0xc1d0000b
IOCTL   3030213us req=0xc0404657 len=64    rc=0   head=0xc1d0000b
IOCTL   3036335us req=0xc0384627 len=56    rc=0   head=0xc1d0000b
IOCTL   3057075us req=0xc0404657 len=64    rc=0   head=0xc1d0000b
IOCTL   3075376us req=0xc0404657 len=64    rc=0   head=0xc1d0000b
IOCTL   3080984us req=0xc0384627 len=56    rc=0   head=0xc1d0000b
IOCTL   3097307us req=0xc0404657 len=64    rc=0   head=0xc1d0000b
IOCTL   3113860us req=0xc0404657 len=64    rc=0   head=0xc1d0000b
IOCTL   3119471us req=0xc0384627 len=56    rc=0   head=0xc1d0000b
IOCTL   3136703us req=0xc0404657 len=64    rc=0   head=0xc1d0000b
IOCTL   3155455us req=0xc0404657 len=64    rc=0   head=0xc1d0000b
IOCTL   3163409us req=0xc0384627 len=56    rc=0   head=0xc1d0000b
IOCTL   3180084us req=0xc0404657 len=64    rc=0   head=0xc1d0000b
IOCTL   3196643us req=0xc0404657 len=64    rc=0   head=0xc1d0000b
IOCTL   3204755us req=0xc0384627 len=56    rc=0   head=0xc1d0000b
IOCTL   3224394us req=0xc0404657 len=64    rc=0   head=0xc1d0000b
IOCTL   3241242us req=0xc0404657 len=64    rc=0   head=0xc1d0000b
IOCTL   3249900us req=0xc0384627 len=56    rc=0   head=0xc1d0000b
IOCTL   3269746us req=0xc0404657 len=64    rc=0   head=0xc1d0000b
IOCTL   3287466us req=0xc0404657 len=64    rc=0   head=0xc1d0000b
IOCTL   3296585us req=0xc0384627 len=56    rc=0   head=0xc1d0000b
IOCTL   3314947us req=0xc0404657 len=64    rc=0   head=0xc1d0000b
IOCTL   3333578us req=0xc0404657 len=64    rc=0   head=0xc1d0000b
IOCTL   3339608us req=0xc0384627 len=56    rc=0   head=0xc1d0000b
IOCTL   3355840us req=0xc0404657 len=64    rc=0   head=0xc1d0000b
IOCTL   3374248us req=0xc0404657 len=64    rc=0   head=0xc1d0000b
IOCTL   3380317us req=0xc0384627 len=56    rc=0   head=0xc1d0000b
IOCTL   3396476us req=0xc0404657 len=64    rc=0   head=0xc1d0000b
IOCTL   3415007us req=0xc0404657 len=64    rc=0   head=0xc1d0000b
IOCTL   3420947us req=0xc0384627 len=56    rc=0   head=0xc1d0000b
IOCTL   3437374us req=0xc0404657 len=64    rc=0   head=0xc1d0000b
IOCTL   3456037us req=0xc0404657 len=64    rc=0   head=0xc1d0000b
IOCTL   3465564us req=0xc0384627 len=56    rc=0   head=0xc1d0000b
IOCTL   3481826us req=0xc0404657 len=64    rc=0   head=0xc1d0000b
IOCTL   3500953us req=0xc0404657 len=64    rc=0   head=0xc1d0000b
IOCTL   3508899us req=0xc0384627 len=56    rc=0   head=0xc1d0000b
IOCTL   3525057us req=0xc0404657 len=64    rc=0   head=0xc1d0000b
IOCTL   3543757us req=0xc0404657 len=64    rc=0   head=0xc1d0000b
IOCTL   3549706us req=0xc0384627 len=56    rc=0   head=0xc1d0000b
IOCTL   3566035us req=0xc0404657 len=64    rc=0   head=0xc1d0000b
IOCTL   3584857us req=0xc0404657 len=64    rc=0   head=0xc1d0000b
IOCTL   3590851us req=0xc0384627 len=56    rc=0   head=0xc1d0000b
IOCTL   3606882us req=0xc0404657 len=64    rc=0   head=0xc1d0000b
IOCTL   3623775us req=0xc0404657 len=64    rc=0   head=0xc1d0000b
IOCTL   3632428us req=0xc0384627 len=56    rc=0   head=0xc1d0000b
IOCTL   3650397us req=0xc0404657 len=64    rc=0   head=0xc1d0000b
IOCTL   3666067us req=0xc0404657 len=64    rc=0   head=0xc1d0000b
IOCTL   3674704us req=0xc0384627 len=56    rc=0   head=0xc1d0000b
IOCTL   3693678us req=0xc0404657 len=64    rc=0   head=0xc1d0000b
IOCTL   3711160us req=0xc0404657 len=64    rc=0   head=0xc1d0000b
IOCTL   3720394us req=0xc0384627 len=56    rc=0   head=0xc1d0000b
IOCTL   3739487us req=0xc0404657 len=64    rc=0   head=0xc1d0000b
IOCTL   3755628us req=0xc0404657 len=64    rc=0   head=0xc1d0000b
IOCTL   3764764us req=0xc0384627 len=56    rc=0   head=0xc1d0000b
IOCTL   3781894us req=0xc0404657 len=64    rc=0   head=0xc1d0000b
IOCTL   3798848us req=0xc0404657 len=64    rc=0   head=0xc1d0000b
IOCTL   3807978us req=0xc0384627 len=56    rc=0   head=0xc1d0000b
IOCTL   3825043us req=0xc0404657 len=64    rc=0   head=0xc1d0000b
IOCTL   3841767us req=0xc0404657 len=64    rc=0   head=0xc1d0000b
IOCTL   3850850us req=0xc0384627 len=56    rc=0   head=0xc1d0000b
IOCTL   3867919us req=0xc0404657 len=64    rc=0   head=0xc1d0000b
IOCTL   3884975us req=0xc0404657 len=64    rc=0   head=0xc1d0000b
IOCTL   3894208us req=0xc0384627 len=56    rc=0   head=0xc1d0000b
IOCTL   3911248us req=0xc0404657 len=64    rc=0   head=0xc1d0000b
IOCTL   3930558us req=0xc0404657 len=64    rc=0   head=0xc1d0000b
IOCTL   3939682us req=0xc0384627 len=56    rc=0   head=0xc1d0000b
IOCTL   3957489us req=0xc0404657 len=64    rc=0   head=0xc1d0000b
IOCTL   3977035us req=0xc0404657 len=64    rc=0   head=0xc1d0000b
IOCTL   3986308us req=0xc0384627 len=56    rc=0   head=0xc1d0000b
IOCTL   4004004us req=0xc0404657 len=64    rc=0   head=0xc1d0000b
IOCTL   4022000us req=0xc0404657 len=64    rc=0   head=0xc1d0000b
IOCTL   4031810us req=0xc0384627 len=56    rc=0   head=0xc1d0000b
IOCTL   4049423us req=0xc0404657 len=64    rc=0   head=0xc1d0000b
IOCTL   4066365us req=0xc0404657 len=64    rc=0   head=0xc1d0000b
IOCTL   4076241us req=0xc0384627 len=56    rc=0   head=0xc1d0000b
IOCTL   4093839us req=0xc0404657 len=64    rc=0   head=0xc1d0000b
IOCTL   4111598us req=0xc0404657 len=64    rc=0   head=0xc1d0000b
IOCTL   4120693us req=0xc0384627 len=56    rc=0   head=0xc1d0000b
IOCTL   4138141us req=0xc0404657 len=64    rc=0   head=0xc1d0000b
IOCTL   4154851us req=0xc0404657 len=64    rc=0   head=0xc1d0000b
IOCTL   4164566us req=0xc0384627 len=56    rc=0   head=0xc1d0000b
IOCTL   4181587us req=0xc0404657 len=64    rc=0   head=0xc1d0000b
IOCTL   4198626us req=0xc0404657 len=64    rc=0   head=0xc1d0000b
IOCTL   4208441us req=0xc0384627 len=56    rc=0   head=0xc1d0000b
IOCTL   4226642us req=0xc0404657 len=64    rc=0   head=0xc1d0000b
IOCTL   4242554us req=0xc0404657 len=64    rc=0   head=0xc1d0000b
IOCTL   4251687us req=0xc0384627 len=56    rc=0   head=0xc1d0000b
IOCTL   4268472us req=0xc0404657 len=64    rc=0   head=0xc1d0000b
IOCTL   4285292us req=0xc0404657 len=64    rc=0   head=0xc1d0000b
IOCTL   4294592us req=0xc0384627 len=56    rc=0   head=0xc1d0000b
IOCTL   4311757us req=0xc0404657 len=64    rc=0   head=0xc1d0000b
IOCTL   4328675us req=0xc0404657 len=64    rc=0   head=0xc1d0000b
IOCTL   4337850us req=0xc0384627 len=56    rc=0   head=0xc1d0000b
IOCTL   4354646us req=0xc0404657 len=64    rc=0   head=0xc1d0000b
IOCTL   4373240us req=0xc0404657 len=64    rc=0   head=0xc1d0000b
IOCTL   4382423us req=0xc0384627 len=56    rc=0   head=0xc1d0000b
IOCTL   4399023us req=0xc0404657 len=64    rc=0   head=0xc1d0000b
IOCTL   4415894us req=0xc0404657 len=64    rc=0   head=0xc1d0000b
IOCTL   4424976us req=0xc0384627 len=56    rc=0   head=0xc1d0000b
IOCTL   4442866us req=0xc0404657 len=64    rc=0   head=0xc1d0000b
IOCTL   4460548us req=0xc0404657 len=64    rc=0   head=0xc1d0000b
IOCTL   4469753us req=0xc0384627 len=56    rc=0   head=0xc1d0000b
IOCTL   4488056us req=0xc0404657 len=64    rc=0   head=0xc1d0000b
IOCTL   4506230us req=0xc0404657 len=64    rc=0   head=0xc1d0000b
IOCTL   4512281us req=0xc0384627 len=56    rc=0   head=0xc1d0000b
IOCTL   4530313us req=0xc0404657 len=64    rc=0   head=0xc1d0000b
IOCTL   4548505us req=0xc0404657 len=64    rc=0   head=0xc1d0000b
IOCTL   4554444us req=0xc0384627 len=56    rc=0   head=0xc1d0000b
IOCTL   4572657us req=0xc0404657 len=64    rc=0   head=0xc1d0000b
IOCTL   4590375us req=0xc0404657 len=64    rc=0   head=0xc1d0000b
IOCTL   4596405us req=0xc0384627 len=56    rc=0   head=0xc1d0000b
IOCTL   4613359us req=0xc0404657 len=64    rc=0   head=0xc1d0000b
IOCTL   4630293us req=0xc0404657 len=64    rc=0   head=0xc1d0000b
IOCTL   4636420us req=0xc0384627 len=56    rc=0   head=0xc1d0000b
IOCTL   4653675us req=0xc0404657 len=64    rc=0   head=0xc1d0000b
IOCTL   4670358us req=0xc0404657 len=64    rc=0   head=0xc1d0000b
IOCTL   4675386us req=0xc0384627 len=56    rc=0   head=0xc1d0000b
IOCTL   4695343us req=0xc0404657 len=64    rc=0   head=0xc1d0000b
IOCTL   4715243us req=0xc0404657 len=64    rc=0   head=0xc1d0000b
IOCTL   4721259us req=0xc0384627 len=56    rc=0   head=0xc1d0000b
IOCTL   4739610us req=0xc0404657 len=64    rc=0   head=0xc1d0000b
IOCTL   4757400us req=0xc0404657 len=64    rc=0   head=0xc1d0000b
IOCTL   4762913us req=0xc0384627 len=56    rc=0   head=0xc1d0000b
IOCTL   4781245us req=0xc0404657 len=64    rc=0   head=0xc1d0000b
IOCTL   4799006us req=0xc0404657 len=64    rc=0   head=0xc1d0000b
IOCTL   4804398us req=0xc0384627 len=56    rc=0   head=0xc1d0000b
IOCTL   4822680us req=0xc0404657 len=64    rc=0   head=0xc1d0000b
IOCTL   4840705us req=0xc0404657 len=64    rc=0   head=0xc1d0000b
IOCTL   4846596us req=0xc0384627 len=56    rc=0   head=0xc1d0000b
IOCTL   4863374us req=0xc0404657 len=64    rc=0   head=0xc1d0000b
IOCTL   4880589us req=0xc0404657 len=64    rc=0   head=0xc1d0000b
IOCTL   4886555us req=0xc0384627 len=56    rc=0   head=0xc1d0000b
IOCTL   4903965us req=0xc0404657 len=64    rc=0   head=0xc1d0000b
IOCTL   4921124us req=0xc0404657 len=64    rc=0   head=0xc1d0000b
IOCTL   4926930us req=0xc0384627 len=56    rc=0   head=0xc1d0000b
IOCTL   4944296us req=0xc0404657 len=64    rc=0   head=0xc1d0000b
IOCTL   4961948us req=0xc0404657 len=64    rc=0   head=0xc1d0000b
IOCTL   4967635us req=0xc0384627 len=56    rc=0   head=0xc1d0000b
IOCTL   4985943us req=0xc0404657 len=64    rc=0   head=0xc1d0000b
IOCTL   5004285us req=0xc0404657 len=64    rc=0   head=0xc1d0000b
IOCTL   5008986us req=0xc0384627 len=56    rc=0   head=0xc1d0000b
IOCTL   5026542us req=0xc0404657 len=64    rc=0   head=0xc1d0000b
IOCTL   5046381us req=0xc0404657 len=64    rc=0   head=0xc1d0000b
IOCTL   5051293us req=0xc0384627 len=56    rc=0   head=0xc1d0000b
IOCTL   5069945us req=0xc0404657 len=64    rc=0   head=0xc1d0000b
IOCTL   5087658us req=0xc0404657 len=64    rc=0   head=0xc1d0000b
IOCTL   5092649us req=0xc0384627 len=56    rc=0   head=0xc1d0000b
IOCTL   5110595us req=0xc0404657 len=64    rc=0   head=0xc1d0000b
IOCTL   5130078us req=0xc0404657 len=64    rc=0   head=0xc1d0000b
IOCTL   5135963us req=0xc0384627 len=56    rc=0   head=0xc1d0000b
IOCTL   5154388us req=0xc0404657 len=64    rc=0   head=0xc1d0000b
IOCTL   5173652us req=0xc0404657 len=64    rc=0   head=0xc1d0000b
IOCTL   5178381us req=0xc0384627 len=56    rc=0   head=0xc1d0000b
IOCTL   5197002us req=0xc0404657 len=64    rc=0   head=0xc1d0000b
IOCTL   5215534us req=0xc0404657 len=64    rc=0   head=0xc1d0000b
IOCTL   5221655us req=0xc0384627 len=56    rc=0   head=0xc1d0000b
IOCTL   5239827us req=0xc0404657 len=64    rc=0   head=0xc1d0000b
IOCTL   5257887us req=0xc0404657 len=64    rc=0   head=0xc1d0000b
IOCTL   5264061us req=0xc0384627 len=56    rc=0   head=0xc1d0000b
IOCTL   5282031us req=0xc0404657 len=64    rc=0   head=0xc1d0000b
IOCTL   5299757us req=0xc0404657 len=64    rc=0   head=0xc1d0000b
IOCTL   5305906us req=0xc0384627 len=56    rc=0   head=0xc1d0000b
IOCTL   5323940us req=0xc0404657 len=64    rc=0   head=0xc1d0000b
IOCTL   5342039us req=0xc0404657 len=64    rc=0   head=0xc1d0000b
IOCTL   5346813us req=0xc0384627 len=56    rc=0   head=0xc1d0000b
IOCTL   5366015us req=0xc0404657 len=64    rc=0   head=0xc1d0000b
IOCTL   5395307us req=0xc0404657 len=64    rc=0   head=0xc1d0000b
IOCTL   5407912us req=0xc0384627 len=56    rc=0   head=0xc1d0000b
IOCTL   5436520us req=0xc0404657 len=64    rc=0   head=0xc1d0000b
IOCTL   5468087us req=0xc0404657 len=64    rc=0   head=0xc1d0000b
IOCTL   5482589us req=0xc0384627 len=56    rc=0   head=0xc1d0000b
IOCTL   5514548us req=0xc0404657 len=64    rc=0   head=0xc1d0000b
IOCTL   5544501us req=0xc0404657 len=64    rc=0   head=0xc1d0000b
IOCTL   5558435us req=0xc0384627 len=56    rc=0   head=0xc1d0000b
IOCTL   5587953us req=0xc0404657 len=64    rc=0   head=0xc1d0000b
IOCTL   5619841us req=0xc0404657 len=64    rc=0   head=0xc1d0000b
IOCTL   5634240us req=0xc0384627 len=56    rc=0   head=0xc1d0000b
IOCTL   5665934us req=0xc0404657 len=64    rc=0   head=0xc1d0000b
IOCTL   5698816us req=0xc0404657 len=64    rc=0   head=0xc1d0000b
IOCTL   5710503us req=0xc0384627 len=56    rc=0   head=0xc1d0000b
IOCTL   5739617us req=0xc0404657 len=64    rc=0   head=0xc1d0000b
IOCTL   5766926us req=0xc0404657 len=64    rc=0   head=0xc1d0000b
IOCTL   5778268us req=0xc0384627 len=56    rc=0   head=0xc1d0000b
IOCTL   5804884us req=0xc0404657 len=64    rc=0   head=0xc1d0000b
IOCTL   5834565us req=0xc0404657 len=64    rc=0   head=0xc1d0000b
IOCTL   5846396us req=0xc0384627 len=56    rc=0   head=0xc1d0000b
IOCTL   5875325us req=0xc0404657 len=64    rc=0   head=0xc1d0000b
IOCTL   5905012us req=0xc0404657 len=64    rc=0   head=0xc1d0000b
IOCTL   5916655us req=0xc0384627 len=56    rc=0   head=0xc1d0000b
IOCTL   5945233us req=0xc0404657 len=64    rc=0   head=0xc1d0000b
IOCTL   5975479us req=0xc0404657 len=64    rc=0   head=0xc1d0000b
IOCTL   5987047us req=0xc0384627 len=56    rc=0   head=0xc1d0000b
IOCTL   6017550us req=0xc0404657 len=64    rc=0   head=0xc1d0000b
IOCTL   6046601us req=0xc0404657 len=64    rc=0   head=0xc1d0000b
IOCTL   6058869us req=0xc0384627 len=56    rc=0   head=0xc1d0000b
IOCTL   6090047us req=0xc0404657 len=64    rc=0   head=0xc1d0000b
IOCTL   6121163us req=0xc0404657 len=64    rc=0   head=0xc1d0000b
IOCTL   6133642us req=0xc0384627 len=56    rc=0   head=0xc1d0000b
IOCTL   6162590us req=0xc0404657 len=64    rc=0   head=0xc1d0000b
IOCTL   6189426us req=0xc0404657 len=64    rc=0   head=0xc1d0000b
IOCTL   6199452us req=0xc0384627 len=56    rc=0   head=0xc1d0000b
IOCTL   6226012us req=0xc0404657 len=64    rc=0   head=0xc1d0000b
IOCTL   6253270us req=0xc0404657 len=64    rc=0   head=0xc1d0000b
IOCTL   6263384us req=0xc0384627 len=56    rc=0   head=0xc1d0000b
IOCTL   6290580us req=0xc0404657 len=64    rc=0   head=0xc1d0000b
IOCTL   6318546us req=0xc0404657 len=64    rc=0   head=0xc1d0000b
IOCTL   6330755us req=0xc0384627 len=56    rc=0   head=0xc1d0000b
IOCTL   6359265us req=0xc0404657 len=64    rc=0   head=0xc1d0000b
IOCTL   6387995us req=0xc0404657 len=64    rc=0   head=0xc1d0000b
IOCTL   6398988us req=0xc0384627 len=56    rc=0   head=0xc1d0000b
IOCTL   6425713us req=0xc0404657 len=64    rc=0   head=0xc1d0000b
IOCTL   6452634us req=0xc0404657 len=64    rc=0   head=0xc1d0000b
IOCTL   6462986us req=0xc0384627 len=56    rc=0   head=0xc1d0000b
IOCTL   6489888us req=0xc0404657 len=64    rc=0   head=0xc1d0000b
IOCTL   6517323us req=0xc0404657 len=64    rc=0   head=0xc1d0000b
IOCTL   6527457us req=0xc0384627 len=56    rc=0   head=0xc1d0000b
IOCTL   6554582us req=0xc0404657 len=64    rc=0   head=0xc1d0000b
IOCTL   6584453us req=0xc0404657 len=64    rc=0   head=0xc1d0000b
IOCTL   6596285us req=0xc0384627 len=56    rc=0   head=0xc1d0000b
IOCTL   6625906us req=0xc0404657 len=64    rc=0   head=0xc1d0000b
IOCTL   6656288us req=0xc0404657 len=64    rc=0   head=0xc1d0000b
IOCTL   6670299us req=0xc0384627 len=56    rc=0   head=0xc1d0000b
IOCTL   6699481us req=0xc0404657 len=64    rc=0   head=0xc1d0000b
IOCTL   6726689us req=0xc0404657 len=64    rc=0   head=0xc1d0000b
IOCTL   6736981us req=0xc0384627 len=56    rc=0   head=0xc1d0000b
IOCTL   6763988us req=0xc0404657 len=64    rc=0   head=0xc1d0000b
IOCTL   6790254us req=0xc0404657 len=64    rc=0   head=0xc1d0000b
IOCTL   6800807us req=0xc0384627 len=56    rc=0   head=0xc1d0000b
IOCTL   6827431us req=0xc0404657 len=64    rc=0   head=0xc1d0000b
IOCTL   6854060us req=0xc0404657 len=64    rc=0   head=0xc1d0000b
IOCTL   6864336us req=0xc0384627 len=56    rc=0   head=0xc1d0000b
IOCTL   6891273us req=0xc0404657 len=64    rc=0   head=0xc1d0000b
IOCTL   6919504us req=0xc0404657 len=64    rc=0   head=0xc1d0000b
IOCTL   6929813us req=0xc0384627 len=56    rc=0   head=0xc1d0000b
IOCTL   6958186us req=0xc0404657 len=64    rc=0   head=0xc1d0000b
IOCTL   6987368us req=0xc0404657 len=64    rc=0   head=0xc1d0000b
IOCTL   6998299us req=0xc0384627 len=56    rc=0   head=0xc1d0000b
IOCTL   7027717us req=0xc0404657 len=64    rc=0   head=0xc1d0000b
IOCTL   7058277us req=0xc0404657 len=64    rc=0   head=0xc1d0000b
IOCTL   7069467us req=0xc0384627 len=56    rc=0   head=0xc1d0000b
IOCTL   7097495us req=0xc0404657 len=64    rc=0   head=0xc1d0000b
IOCTL   7124406us req=0xc0404657 len=64    rc=0   head=0xc1d0000b
IOCTL   7134524us req=0xc0384627 len=56    rc=0   head=0xc1d0000b
IOCTL   7161396us req=0xc0404657 len=64    rc=0   head=0xc1d0000b
IOCTL   7187163us req=0xc0404657 len=64    rc=0   head=0xc1d0000b
IOCTL   7197408us req=0xc0384627 len=56    rc=0   head=0xc1d0000b
IOCTL   7225401us req=0xc0404657 len=64    rc=0   head=0xc1d0000b
IOCTL   7250983us req=0xc0404657 len=64    rc=0   head=0xc1d0000b
IOCTL   7261303us req=0xc0384627 len=56    rc=0   head=0xc1d0000b
IOCTL   7290017us req=0xc0404657 len=64    rc=0   head=0xc1d0000b
IOCTL   7320939us req=0xc0404657 len=64    rc=0   head=0xc1d0000b
IOCTL   7332530us req=0xc0384627 len=56    rc=0   head=0xc1d0000b
IOCTL   7360624us req=0xc0404657 len=64    rc=0   head=0xc1d0000b
IOCTL   7388900us req=0xc0404657 len=64    rc=0   head=0xc1d0000b
IOCTL   7399465us req=0xc0384627 len=56    rc=0   head=0xc1d0000b
IOCTL   7426576us req=0xc0404657 len=64    rc=0   head=0xc1d0000b
IOCTL   7453099us req=0xc0404657 len=64    rc=0   head=0xc1d0000b
IOCTL   7463457us req=0xc0384627 len=56    rc=0   head=0xc1d0000b
IOCTL   7491053us req=0xc0404657 len=64    rc=0   head=0xc1d0000b
IOCTL   7519248us req=0xc0404657 len=64    rc=0   head=0xc1d0000b
IOCTL   7529386us req=0xc0384627 len=56    rc=0   head=0xc1d0000b
IOCTL   7555136us req=0xc0404657 len=64    rc=0   head=0xc1d0000b
IOCTL   7581868us req=0xc0404657 len=64    rc=0   head=0xc1d0000b
IOCTL   7592259us req=0xc0384627 len=56    rc=0   head=0xc1d0000b
IOCTL   7618728us req=0xc0404657 len=64    rc=0   head=0xc1d0000b
IOCTL   7646459us req=0xc0404657 len=64    rc=0   head=0xc1d0000b
IOCTL   7656829us req=0xc0384627 len=56    rc=0   head=0xc1d0000b
IOCTL   7682558us req=0xc0404657 len=64    rc=0   head=0xc1d0000b
IOCTL   7710402us req=0xc0404657 len=64    rc=0   head=0xc1d0000b
IOCTL   7721000us req=0xc0384627 len=56    rc=0   head=0xc1d0000b
IOCTL   7746403us req=0xc0404657 len=64    rc=0   head=0xc1d0000b
IOCTL   7772446us req=0xc0404657 len=64    rc=0   head=0xc1d0000b
IOCTL   7782440us req=0xc0384627 len=56    rc=0   head=0xc1d0000b
IOCTL   7809944us req=0xc0404657 len=64    rc=0   head=0xc1d0000b
IOCTL   7836504us req=0xc0404657 len=64    rc=0   head=0xc1d0000b
IOCTL   7848922us req=0xc0384627 len=56    rc=0   head=0xc1d0000b
IOCTL   7877474us req=0xc0404657 len=64    rc=0   head=0xc1d0000b
IOCTL   7906515us req=0xc0404657 len=64    rc=0   head=0xc1d0000b
IOCTL   7917513us req=0xc0384627 len=56    rc=0   head=0xc1d0000b
IOCTL   7944922us req=0xc0404657 len=64    rc=0   head=0xc1d0000b
IOCTL   7973108us req=0xc0404657 len=64    rc=0   head=0xc1d0000b
IOCTL   7983669us req=0xc0384627 len=56    rc=0   head=0xc1d0000b
IOCTL   8010352us req=0xc0404657 len=64    rc=0   head=0xc1d0000b
IOCTL   8038445us req=0xc0404657 len=64    rc=0   head=0xc1d0000b
IOCTL   8048659us req=0xc0384627 len=56    rc=0   head=0xc1d0000b
IOCTL   8073822us req=0xc0404657 len=64    rc=0   head=0xc1d0000b
IOCTL   8103043us req=0xc0404657 len=64    rc=0   head=0xc1d0000b
IOCTL   8113381us req=0xc0384627 len=56    rc=0   head=0xc1d0000b
IOCTL   8141819us req=0xc0404657 len=64    rc=0   head=0xc1d0000b
IOCTL   8169697us req=0xc0404657 len=64    rc=0   head=0xc1d0000b
IOCTL   8179999us req=0xc0384627 len=56    rc=0   head=0xc1d0000b
IOCTL   8206122us req=0xc0404657 len=64    rc=0   head=0xc1d0000b
IOCTL   8233714us req=0xc0404657 len=64    rc=0   head=0xc1d0000b
IOCTL   8244402us req=0xc0384627 len=56    rc=0   head=0xc1d0000b
IOCTL   8271164us req=0xc0404657 len=64    rc=0   head=0xc1d0000b
IOCTL   8299751us req=0xc0404657 len=64    rc=0   head=0xc1d0000b
IOCTL   8309777us req=0xc0384627 len=56    rc=0   head=0xc1d0000b
IOCTL   8337670us req=0xc0404657 len=64    rc=0   head=0xc1d0000b
IOCTL   8363720us req=0xc0404657 len=64    rc=0   head=0xc1d0000b
IOCTL   8373870us req=0xc0384627 len=56    rc=0   head=0xc1d0000b
IOCTL   8401759us req=0xc0404657 len=64    rc=0   head=0xc1d0000b
IOCTL   8427614us req=0xc0404657 len=64    rc=0   head=0xc1d0000b
IOCTL   8437771us req=0xc0384627 len=56    rc=0   head=0xc1d0000b
IOCTL   8464330us req=0xc0404657 len=64    rc=0   head=0xc1d0000b
IOCTL   8491470us req=0xc0404657 len=64    rc=0   head=0xc1d0000b
IOCTL   8502022us req=0xc0384627 len=56    rc=0   head=0xc1d0000b
IOCTL   8529680us req=0xc0404657 len=64    rc=0   head=0xc1d0000b
IOCTL   8554581us req=0xc0404657 len=64    rc=0   head=0xc1d0000b
IOCTL   8564739us req=0xc0384627 len=56    rc=0   head=0xc1d0000b
IOCTL   8590733us req=0xc0404657 len=64    rc=0   head=0xc1d0000b
IOCTL   8619125us req=0xc0404657 len=64    rc=0   head=0xc1d0000b
IOCTL   8629697us req=0xc0384627 len=56    rc=0   head=0xc1d0000b
IOCTL   8655529us req=0xc0404657 len=64    rc=0   head=0xc1d0000b
IOCTL   8681017us req=0xc0404657 len=64    rc=0   head=0xc1d0000b
IOCTL   8692763us req=0xc0384627 len=56    rc=0   head=0xc1d0000b
IOCTL   8721552us req=0xc0404657 len=64    rc=0   head=0xc1d0000b
IOCTL   8748037us req=0xc0404657 len=64    rc=0   head=0xc1d0000b
IOCTL   8759010us req=0xc0384627 len=56    rc=0   head=0xc1d0000b
IOCTL   8786707us req=0xc0404657 len=64    rc=0   head=0xc1d0000b
IOCTL   8814311us req=0xc0404657 len=64    rc=0   head=0xc1d0000b
IOCTL   8824725us req=0xc0384627 len=56    rc=0   head=0xc1d0000b
IOCTL   8853124us req=0xc0404657 len=64    rc=0   head=0xc1d0000b
IOCTL   8879371us req=0xc0404657 len=64    rc=0   head=0xc1d0000b
IOCTL   8889456us req=0xc0384627 len=56    rc=0   head=0xc1d0000b
IOCTL   8917042us req=0xc0404657 len=64    rc=0   head=0xc1d0000b
IOCTL   8943215us req=0xc0404657 len=64    rc=0   head=0xc1d0000b
IOCTL   8953408us req=0xc0384627 len=56    rc=0   head=0xc1d0000b
IOCTL   8981927us req=0xc0404657 len=64    rc=0   head=0xc1d0000b
IOCTL   9010014us req=0xc0404657 len=64    rc=0   head=0xc1d0000b
IOCTL   9020340us req=0xc0384627 len=56    rc=0   head=0xc1d0000b
IOCTL   9046686us req=0xc0404657 len=64    rc=0   head=0xc1d0000b
IOCTL   9075742us req=0xc0404657 len=64    rc=0   head=0xc1d0000b
IOCTL   9087049us req=0xc0384627 len=56    rc=0   head=0xc1d0000b
IOCTL   9116623us req=0xc0404657 len=64    rc=0   head=0xc1d0000b
IOCTL   9142265us req=0xc0404657 len=64    rc=0   head=0xc1d0000b
IOCTL   9153469us req=0xc0384627 len=56    rc=0   head=0xc1d0000b
IOCTL   9181758us req=0xc0404657 len=64    rc=0   head=0xc1d0000b
IOCTL   9207869us req=0xc0404657 len=64    rc=0   head=0xc1d0000b
IOCTL   9218180us req=0xc0384627 len=56    rc=0   head=0xc1d0000b
IOCTL   9243448us req=0xc0404657 len=64    rc=0   head=0xc1d0000b
IOCTL   9269427us req=0xc0404657 len=64    rc=0   head=0xc1d0000b
IOCTL   9279709us req=0xc0384627 len=56    rc=0   head=0xc1d0000b
IOCTL   9307464us req=0xc0404657 len=64    rc=0   head=0xc1d0000b
IOCTL   9334330us req=0xc0404657 len=64    rc=0   head=0xc1d0000b
IOCTL   9344380us req=0xc0384627 len=56    rc=0   head=0xc1d0000b
IOCTL   9369657us req=0xc0404657 len=64    rc=0   head=0xc1d0000b
IOCTL   9394777us req=0xc0404657 len=64    rc=0   head=0xc1d0000b
IOCTL   9404960us req=0xc0384627 len=56    rc=0   head=0xc1d0000b
IOCTL   9429408us req=0xc0404657 len=64    rc=0   head=0xc1d0000b
IOCTL   9455833us req=0xc0404657 len=64    rc=0   head=0xc1d0000b
IOCTL   9466164us req=0xc0384627 len=56    rc=0   head=0xc1d0000b
IOCTL   9493016us req=0xc0404657 len=64    rc=0   head=0xc1d0000b
IOCTL   9521599us req=0xc0404657 len=64    rc=0   head=0xc1d0000b
IOCTL   9531763us req=0xc0384627 len=56    rc=0   head=0xc1d0000b
IOCTL   9557976us req=0xc0404657 len=64    rc=0   head=0xc1d0000b
IOCTL   9585825us req=0xc0404657 len=64    rc=0   head=0xc1d0000b
IOCTL   9596429us req=0xc0384627 len=56    rc=0   head=0xc1d0000b
IOCTL   9622481us req=0xc0404657 len=64    rc=0   head=0xc1d0000b
IOCTL   9649256us req=0xc0404657 len=64    rc=0   head=0xc1d0000b
IOCTL   9661762us req=0xc0384627 len=56    rc=0   head=0xc1d0000b
IOCTL   9692655us req=0xc0404657 len=64    rc=0   head=0xc1d0000b
IOCTL   9722869us req=0xc0404657 len=64    rc=0   head=0xc1d0000b
IOCTL   9734901us req=0xc0384627 len=56    rc=0   head=0xc1d0000b
IOCTL   9764516us req=0xc0404657 len=64    rc=0   head=0xc1d0000b
IOCTL   9795580us req=0xc0404657 len=64    rc=0   head=0xc1d0000b
IOCTL   9807398us req=0xc0384627 len=56    rc=0   head=0xc1d0000b
IOCTL   9837549us req=0xc0404657 len=64    rc=0   head=0xc1d0000b
IOCTL   9868220us req=0xc0404657 len=64    rc=0   head=0xc1d0000b
IOCTL   9878540us req=0xc0384627 len=56    rc=0   head=0xc1d0000b
IOCTL   9905248us req=0xc0404657 len=64    rc=0   head=0xc1d0000b
IOCTL   9934845us req=0xc0404657 len=64    rc=0   head=0xc1d0000b
IOCTL   9945592us req=0xc0384627 len=56    rc=0   head=0xc1d0000b
IOCTL   9973266us req=0xc0404657 len=64    rc=0   head=0xc1d0000b
IOCTL  10002516us req=0xc0404657 len=64    rc=0   head=0xc1d0000b
IOCTL  10012633us req=0xc0384627 len=56    rc=0   head=0xc1d0000b
IOCTL  10040603us req=0xc0404657 len=64    rc=0   head=0xc1d0000b
IOCTL  10067657us req=0xc0404657 len=64    rc=0   head=0xc1d0000b
IOCTL  10077969us req=0xc0384627 len=56    rc=0   head=0xc1d0000b
IOCTL  10103774us req=0xc0404657 len=64    rc=0   head=0xc1d0000b
IOCTL  10132309us req=0xc0404657 len=64    rc=0   head=0xc1d0000b
IOCTL  10142130us req=0xc0384627 len=56    rc=0   head=0xc1d0000b
IOCTL  10167818us req=0xc0404657 len=64    rc=0   head=0xc1d0000b
IOCTL  10196764us req=0xc0404657 len=64    rc=0   head=0xc1d0000b
IOCTL  10206602us req=0xc0384627 len=56    rc=0   head=0xc1d0000b
IOCTL  10235780us req=0xc0404657 len=64    rc=0   head=0xc1d0000b
IOCTL  10263928us req=0xc0404657 len=64    rc=0   head=0xc1d0000b
IOCTL  10274496us req=0xc0384627 len=56    rc=0   head=0xc1d0000b
IOCTL  10302443us req=0xc0404657 len=64    rc=0   head=0xc1d0000b
IOCTL  10330604us req=0xc0404657 len=64    rc=0   head=0xc1d0000b
IOCTL  10340710us req=0xc0384627 len=56    rc=0   head=0xc1d0000b
IOCTL  10370071us req=0xc0404657 len=64    rc=0   head=0xc1d0000b
IOCTL  10398731us req=0xc0404657 len=64    rc=0   head=0xc1d0000b
IOCTL  10408456us req=0xc0384627 len=56    rc=0   head=0xc1d0000b
IOCTL  10436981us req=0xc0404657 len=64    rc=0   head=0xc1d0000b
IOCTL  10465971us req=0xc0404657 len=64    rc=0   head=0xc1d0000b
IOCTL  10478111us req=0xc0384627 len=56    rc=0   head=0xc1d0000b
IOCTL  10509250us req=0xc0404657 len=64    rc=0   head=0xc1d0000b
IOCTL  10539713us req=0xc0404657 len=64    rc=0   head=0xc1d0000b
IOCTL  10550846us req=0xc0384627 len=56    rc=0   head=0xc1d0000b
IOCTL  10580109us req=0xc0404657 len=64    rc=0   head=0xc1d0000b
IOCTL  10608845us req=0xc0404657 len=64    rc=0   head=0xc1d0000b
IOCTL  10618954us req=0xc0384627 len=56    rc=0   head=0xc1d0000b
IOCTL  10645482us req=0xc0404657 len=64    rc=0   head=0xc1d0000b
IOCTL  10673955us req=0xc0404657 len=64    rc=0   head=0xc1d0000b
IOCTL  10685847us req=0xc0384627 len=56    rc=0   head=0xc1d0000b
IOCTL  10716220us req=0xc0404657 len=64    rc=0   head=0xc1d0000b
IOCTL  10746689us req=0xc0404657 len=64    rc=0   head=0xc1d0000b
IOCTL  10758028us req=0xc0384627 len=56    rc=0   head=0xc1d0000b
IOCTL  10790308us req=0xc0404657 len=64    rc=0   head=0xc1d0000b
IOCTL  10821521us req=0xc0404657 len=64    rc=0   head=0xc1d0000b
IOCTL  10831704us req=0xc0384627 len=56    rc=0   head=0xc1d0000b
IOCTL  10860530us req=0xc0404657 len=64    rc=0   head=0xc1d0000b
IOCTL  10891986us req=0xc0404657 len=64    rc=0   head=0xc1d0000b
IOCTL  10903547us req=0xc0384627 len=56    rc=0   head=0xc1d0000b
IOCTL  10934289us req=0xc0404657 len=64    rc=0   head=0xc1d0000b
IOCTL  10965591us req=0xc0404657 len=64    rc=0   head=0xc1d0000b
IOCTL  10977626us req=0xc0384627 len=56    rc=0   head=0xc1d0000b
IOCTL  11008455us req=0xc0404657 len=64    rc=0   head=0xc1d0000b
IOCTL  11039662us req=0xc0404657 len=64    rc=0   head=0xc1d0000b
IOCTL  11051580us req=0xc0384627 len=56    rc=0   head=0xc1d0000b
IOCTL  11083169us req=0xc0404657 len=64    rc=0   head=0xc1d0000b
IOCTL  11115641us req=0xc0404657 len=64    rc=0   head=0xc1d0000b
IOCTL  11127148us req=0xc0384627 len=56    rc=0   head=0xc1d0000b
IOCTL  11158891us req=0xc0404657 len=64    rc=0   head=0xc1d0000b
IOCTL  11190955us req=0xc0404657 len=64    rc=0   head=0xc1d0000b
IOCTL  11202904us req=0xc0384627 len=56    rc=0   head=0xc1d0000b
IOCTL  11233615us req=0xc0404657 len=64    rc=0   head=0xc1d0000b
IOCTL  11265388us req=0xc0404657 len=64    rc=0   head=0xc1d0000b
IOCTL  11277029us req=0xc0384627 len=56    rc=0   head=0xc1d0000b
IOCTL  11308678us req=0xc0404657 len=64    rc=0   head=0xc1d0000b
IOCTL  11339276us req=0xc0404657 len=64    rc=0   head=0xc1d0000b
IOCTL  11351275us req=0xc0384627 len=56    rc=0   head=0xc1d0000b
IOCTL  11381279us req=0xc0404657 len=64    rc=0   head=0xc1d0000b
IOCTL  11412151us req=0xc0404657 len=64    rc=0   head=0xc1d0000b
IOCTL  11424549us req=0xc0384627 len=56    rc=0   head=0xc1d0000b
IOCTL  11452905us req=0xc0404657 len=64    rc=0   head=0xc1d0000b
IOCTL  11481472us req=0xc0404657 len=64    rc=0   head=0xc1d0000b
IOCTL  11493926us req=0xc0384627 len=56    rc=0   head=0xc1d0000b
IOCTL  11523299us req=0xc0404657 len=64    rc=0   head=0xc1d0000b
IOCTL  11554598us req=0xc0404657 len=64    rc=0   head=0xc1d0000b
IOCTL  11564573us req=0xc0384627 len=56    rc=0   head=0xc1d0000b
IOCTL  11593346us req=0xc0404657 len=64    rc=0   head=0xc1d0000b
IOCTL  11619448us req=0xc0404657 len=64    rc=0   head=0xc1d0000b
IOCTL  11630317us req=0xc0384627 len=56    rc=0   head=0xc1d0000b
IOCTL  11658879us req=0xc0404657 len=64    rc=0   head=0xc1d0000b
IOCTL  11685535us req=0xc0404657 len=64    rc=0   head=0xc1d0000b
IOCTL  11696450us req=0xc0384627 len=56    rc=0   head=0xc1d0000b
IOCTL  11723620us req=0xc0404657 len=64    rc=0   head=0xc1d0000b
IOCTL  11753492us req=0xc0404657 len=64    rc=0   head=0xc1d0000b
IOCTL  11763612us req=0xc0384627 len=56    rc=0   head=0xc1d0000b
IOCTL  11791900us req=0xc0404657 len=64    rc=0   head=0xc1d0000b
IOCTL  11820320us req=0xc0404657 len=64    rc=0   head=0xc1d0000b
IOCTL  11830527us req=0xc0384627 len=56    rc=0   head=0xc1d0000b
IOCTL  11857369us req=0xc0404657 len=64    rc=0   head=0xc1d0000b
IOCTL  11887443us req=0xc0404657 len=64    rc=0   head=0xc1d0000b
IOCTL  11897474us req=0xc0384627 len=56    rc=0   head=0xc1d0000b
IOCTL  11924584us req=0xc0404657 len=64    rc=0   head=0xc1d0000b
IOCTL  11955099us req=0xc0404657 len=64    rc=0   head=0xc1d0000b
IOCTL  11965322us req=0xc0384627 len=56    rc=0   head=0xc1d0000b
IOCTL  11993114us req=0xc0404657 len=64    rc=0   head=0xc1d0000b
IOCTL  12022230us req=0xc0404657 len=64    rc=0   head=0xc1d0000b
IOCTL  12032216us req=0xc0384627 len=56    rc=0   head=0xc1d0000b
IOCTL  12061071us req=0xc0404657 len=64    rc=0   head=0xc1d0000b
IOCTL  12091256us req=0xc0404657 len=64    rc=0   head=0xc1d0000b
IOCTL  12101499us req=0xc0384627 len=56    rc=0   head=0xc1d0000b
IOCTL  12129517us req=0xc0404657 len=64    rc=0   head=0xc1d0000b
IOCTL  12158534us req=0xc0404657 len=64    rc=0   head=0xc1d0000b
IOCTL  12168567us req=0xc0384627 len=56    rc=0   head=0xc1d0000b
IOCTL  12200926us req=0xc0404657 len=64    rc=0   head=0xc1d0000b
IOCTL  12230394us req=0xc0404657 len=64    rc=0   head=0xc1d0000b
IOCTL  12240442us req=0xc0384627 len=56    rc=0   head=0xc1d0000b
IOCTL  12271447us req=0xc0404657 len=64    rc=0   head=0xc1d0000b
IOCTL  12300412us req=0xc0404657 len=64    rc=0   head=0xc1d0000b
IOCTL  12310667us req=0xc0384627 len=56    rc=0   head=0xc1d0000b
IOCTL  12341933us req=0xc0404657 len=64    rc=0   head=0xc1d0000b
IOCTL  12372070us req=0xc0404657 len=64    rc=0   head=0xc1d0000b
IOCTL  12382121us req=0xc0384627 len=56    rc=0   head=0xc1d0000b
IOCTL  12414613us req=0xc0404657 len=64    rc=0   head=0xc1d0000b
IOCTL  12445883us req=0xc0404657 len=64    rc=0   head=0xc1d0000b
IOCTL  12456215us req=0xc0384627 len=56    rc=0   head=0xc1d0000b
IOCTL  12485880us req=0xc0404657 len=64    rc=0   head=0xc1d0000b
IOCTL  12517594us req=0xc0404657 len=64    rc=0   head=0xc1d0000b
IOCTL  12528501us req=0xc0384627 len=56    rc=0   head=0xc1d0000b
IOCTL  12560876us req=0xc0404657 len=64    rc=0   head=0xc1d0000b
IOCTL  12592818us req=0xc0404657 len=64    rc=0   head=0xc1d0000b
IOCTL  12602818us req=0xc0384627 len=56    rc=0   head=0xc1d0000b
IOCTL  12632269us req=0xc0404657 len=64    rc=0   head=0xc1d0000b
IOCTL  12664132us req=0xc0404657 len=64    rc=0   head=0xc1d0000b
IOCTL  12674470us req=0xc0384627 len=56    rc=0   head=0xc1d0000b
IOCTL  12702766us req=0xc0404657 len=64    rc=0   head=0xc1d0000b
IOCTL  12731444us req=0xc0404657 len=64    rc=0   head=0xc1d0000b
IOCTL  12741491us req=0xc0384627 len=56    rc=0   head=0xc1d0000b
IOCTL  12771497us req=0xc0404657 len=64    rc=0   head=0xc1d0000b
IOCTL  12799271us req=0xc0404657 len=64    rc=0   head=0xc1d0000b
IOCTL  12809289us req=0xc0384627 len=56    rc=0   head=0xc1d0000b
IOCTL  12837525us req=0xc0404657 len=64    rc=0   head=0xc1d0000b
IOCTL  12867902us req=0xc0404657 len=64    rc=0   head=0xc1d0000b
IOCTL  12878015us req=0xc0384627 len=56    rc=0   head=0xc1d0000b
IOCTL  12907970us req=0xc0404657 len=64    rc=0   head=0xc1d0000b
IOCTL  12938526us req=0xc0404657 len=64    rc=0   head=0xc1d0000b
IOCTL  12948642us req=0xc0384627 len=56    rc=0   head=0xc1d0000b
IOCTL  12978636us req=0xc0404657 len=64    rc=0   head=0xc1d0000b
IOCTL  13008408us req=0xc0404657 len=64    rc=0   head=0xc1d0000b
IOCTL  13018496us req=0xc0384627 len=56    rc=0   head=0xc1d0000b
IOCTL  13047068us req=0xc0404657 len=64    rc=0   head=0xc1d0000b
IOCTL  13076117us req=0xc0404657 len=64    rc=0   head=0xc1d0000b
IOCTL  13086220us req=0xc0384627 len=56    rc=0   head=0xc1d0000b
IOCTL  13115219us req=0xc0404657 len=64    rc=0   head=0xc1d0000b
IOCTL  13144619us req=0xc0404657 len=64    rc=0   head=0xc1d0000b
IOCTL  13154652us req=0xc0384627 len=56    rc=0   head=0xc1d0000b
IOCTL  13184138us req=0xc0404657 len=64    rc=0   head=0xc1d0000b
IOCTL  13213475us req=0xc0404657 len=64    rc=0   head=0xc1d0000b
IOCTL  13223482us req=0xc0384627 len=56    rc=0   head=0xc1d0000b
IOCTL  13253953us req=0xc0404657 len=64    rc=0   head=0xc1d0000b
IOCTL  13284211us req=0xc0404657 len=64    rc=0   head=0xc1d0000b
IOCTL  13294345us req=0xc0384627 len=56    rc=0   head=0xc1d0000b
IOCTL  13324708us req=0xc0404657 len=64    rc=0   head=0xc1d0000b
IOCTL  13354742us req=0xc0404657 len=64    rc=0   head=0xc1d0000b
IOCTL  13364908us req=0xc0384627 len=56    rc=0   head=0xc1d0000b
IOCTL  13394330us req=0xc0404657 len=64    rc=0   head=0xc1d0000b
IOCTL  13423945us req=0xc0404657 len=64    rc=0   head=0xc1d0000b
IOCTL  13434052us req=0xc0384627 len=56    rc=0   head=0xc1d0000b
IOCTL  13463526us req=0xc0404657 len=64    rc=0   head=0xc1d0000b
IOCTL  13492825us req=0xc0404657 len=64    rc=0   head=0xc1d0000b
IOCTL  13502835us req=0xc0384627 len=56    rc=0   head=0xc1d0000b
IOCTL  13533440us req=0xc0404657 len=64    rc=0   head=0xc1d0000b
IOCTL  13567519us req=0xc0404657 len=64    rc=0   head=0xc1d0000b
IOCTL  13581230us req=0xc0384627 len=56    rc=0   head=0xc1d0000b
IOCTL  13616055us req=0xc0404657 len=64    rc=0   head=0xc1d0000b
IOCTL  13647881us req=0xc0404657 len=64    rc=0   head=0xc1d0000b
IOCTL  13658262us req=0xc0384627 len=56    rc=0   head=0xc1d0000b
IOCTL  13688302us req=0xc0404657 len=64    rc=0   head=0xc1d0000b
IOCTL  13718672us req=0xc0404657 len=64    rc=0   head=0xc1d0000b
IOCTL  13728973us req=0xc0384627 len=56    rc=0   head=0xc1d0000b
IOCTL  13756741us req=0xc0404657 len=64    rc=0   head=0xc1d0000b
IOCTL  13785817us req=0xc0404657 len=64    rc=0   head=0xc1d0000b
IOCTL  13795958us req=0xc0384627 len=56    rc=0   head=0xc1d0000b
IOCTL  13825643us req=0xc0404657 len=64    rc=0   head=0xc1d0000b
IOCTL  13853730us req=0xc0404657 len=64    rc=0   head=0xc1d0000b
IOCTL  13863825us req=0xc0384627 len=56    rc=0   head=0xc1d0000b
IOCTL  13894767us req=0xc0404657 len=64    rc=0   head=0xc1d0000b
IOCTL  13922950us req=0xc0404657 len=64    rc=0   head=0xc1d0000b
IOCTL  13933334us req=0xc0384627 len=56    rc=0   head=0xc1d0000b
IOCTL  13963674us req=0xc0404657 len=64    rc=0   head=0xc1d0000b
IOCTL  13992542us req=0xc0404657 len=64    rc=0   head=0xc1d0000b
IOCTL  14002932us req=0xc0384627 len=56    rc=0   head=0xc1d0000b
IOCTL  14032459us req=0xc0404657 len=64    rc=0   head=0xc1d0000b
IOCTL  14063479us req=0xc0404657 len=64    rc=0   head=0xc1d0000b
IOCTL  14069169us req=0xc0384627 len=56    rc=0   head=0xc1d0000b
IOCTL  14097087us req=0xc0404657 len=64    rc=0   head=0xc1d0000b
IOCTL  14118551us req=0xc0404657 len=64    rc=0   head=0xc1d0000b
IOCTL  14123978us req=0xc0384627 len=56    rc=0   head=0xc1d0000b
IOCTL  14144616us req=0xc0404657 len=64    rc=0   head=0xc1d0000b
IOCTL  14162168us req=0xc0404657 len=64    rc=0   head=0xc1d0000b
IOCTL  14168029us req=0xc0384627 len=56    rc=0   head=0xc1d0000b
IOCTL  14188423us req=0xc0404657 len=64    rc=0   head=0xc1d0000b
IOCTL  14208608us req=0xc0404657 len=64    rc=0   head=0xc1d0000b
IOCTL  14215597us req=0xc0384627 len=56    rc=0   head=0xc1d0000b
IOCTL  14233365us req=0xc0404657 len=64    rc=0   head=0xc1d0000b
IOCTL  14251585us req=0xc0404657 len=64    rc=0   head=0xc1d0000b
IOCTL  14259833us req=0xc0384627 len=56    rc=0   head=0xc1d0000b
IOCTL  14278578us req=0xc0404657 len=64    rc=0   head=0xc1d0000b
IOCTL  14296731us req=0xc0404657 len=64    rc=0   head=0xc1d0000b
IOCTL  14305768us req=0xc0384627 len=56    rc=0   head=0xc1d0000b
IOCTL  14324555us req=0xc0404657 len=64    rc=0   head=0xc1d0000b
IOCTL  14343349us req=0xc0404657 len=64    rc=0   head=0xc1d0000b
IOCTL  14353001us req=0xc0384627 len=56    rc=0   head=0xc1d0000b
IOCTL  14371520us req=0xc0404657 len=64    rc=0   head=0xc1d0000b
IOCTL  14390256us req=0xc0404657 len=64    rc=0   head=0xc1d0000b
IOCTL  14399850us req=0xc0384627 len=56    rc=0   head=0xc1d0000b
IOCTL  14418347us req=0xc0404657 len=64    rc=0   head=0xc1d0000b
IOCTL  14436824us req=0xc0404657 len=64    rc=0   head=0xc1d0000b
IOCTL  14446361us req=0xc0384627 len=56    rc=0   head=0xc1d0000b
IOCTL  14464697us req=0xc0404657 len=64    rc=0   head=0xc1d0000b
IOCTL  14483466us req=0xc0404657 len=64    rc=0   head=0xc1d0000b
IOCTL  14493690us req=0xc0384627 len=56    rc=0   head=0xc1d0000b
IOCTL  14512054us req=0xc0404657 len=64    rc=0   head=0xc1d0000b
IOCTL  14531756us req=0xc0404657 len=64    rc=0   head=0xc1d0000b
IOCTL  14541825us req=0xc0384627 len=56    rc=0   head=0xc1d0000b
IOCTL  14559739us req=0xc0404657 len=64    rc=0   head=0xc1d0000b
IOCTL  14577480us req=0xc0404657 len=64    rc=0   head=0xc1d0000b
IOCTL  14587277us req=0xc0384627 len=56    rc=0   head=0xc1d0000b
IOCTL  14602909us req=0xc0404657 len=64    rc=0   head=0xc1d0000b
IOCTL  14621871us req=0xc0404657 len=64    rc=0   head=0xc1d0000b
IOCTL  14631676us req=0xc0384627 len=56    rc=0   head=0xc1d0000b
IOCTL  14648490us req=0xc0404657 len=64    rc=0   head=0xc1d0000b
IOCTL  14666780us req=0xc0404657 len=64    rc=0   head=0xc1d0000b
IOCTL  14676121us req=0xc0384627 len=56    rc=0   head=0xc1d0000b
IOCTL  14695830us req=0xc0404657 len=64    rc=0   head=0xc1d0000b
IOCTL  14713295us req=0xc0404657 len=64    rc=0   head=0xc1d0000b
IOCTL  14722159us req=0xc0384627 len=56    rc=0   head=0xc1d0000b
IOCTL  14740876us req=0xc0404657 len=64    rc=0   head=0xc1d0000b
IOCTL  14760464us req=0xc0404657 len=64    rc=0   head=0xc1d0000b
IOCTL  14770343us req=0xc0384627 len=56    rc=0   head=0xc1d0000b
IOCTL  14789723us req=0xc0404657 len=64    rc=0   head=0xc1d0000b
IOCTL  14807298us req=0xc0404657 len=64    rc=0   head=0xc1d0000b
IOCTL  14817155us req=0xc0384627 len=56    rc=0   head=0xc1d0000b
IOCTL  14835821us req=0xc0404657 len=64    rc=0   head=0xc1d0000b
IOCTL  14854366us req=0xc0404657 len=64    rc=0   head=0xc1d0000b
IOCTL  14864105us req=0xc0384627 len=56    rc=0   head=0xc1d0000b
IOCTL  14881058us req=0xc0404657 len=64    rc=0   head=0xc1d0000b
IOCTL  14899669us req=0xc0404657 len=64    rc=0   head=0xc1d0000b
IOCTL  14909095us req=0xc0384627 len=56    rc=0   head=0xc1d0000b
IOCTL  14928583us req=0xc0404657 len=64    rc=0   head=0xc1d0000b
IOCTL  14947886us req=0xc0404657 len=64    rc=0   head=0xc1d0000b
IOCTL  14957580us req=0xc0384627 len=56    rc=0   head=0xc1d0000b
IOCTL  14976659us req=0xc0404657 len=64    rc=0   head=0xc1d0000b
IOCTL  14994212us req=0xc0404657 len=64    rc=0   head=0xc1d0000b
IOCTL  15004676us req=0xc0384627 len=56    rc=0   head=0xc1d0000b
IOCTL  15020623us req=0xc0404657 len=64    rc=0   head=0xc1d0000b
IOCTL  15036600us req=0xc0404657 len=64    rc=0   head=0xc1d0000b
IOCTL  15046445us req=0xc0384627 len=56    rc=0   head=0xc1d0000b
IOCTL  15064230us req=0xc0404657 len=64    rc=0   head=0xc1d0000b
IOCTL  15083827us req=0xc0404657 len=64    rc=0   head=0xc1d0000b
IOCTL  15093589us req=0xc0384627 len=56    rc=0   head=0xc1d0000b
IOCTL  15113037us req=0xc0404657 len=64    rc=0   head=0xc1d0000b
IOCTL  15132524us req=0xc0404657 len=64    rc=0   head=0xc1d0000b
IOCTL  15139781us req=0xc0384627 len=56    rc=0   head=0xc1d0000b
IOCTL  15159473us req=0xc0404657 len=64    rc=0   head=0xc1d0000b
IOCTL  15178942us req=0xc0404657 len=64    rc=0   head=0xc1d0000b
IOCTL  15184616us req=0xc0384627 len=56    rc=0   head=0xc1d0000b
IOCTL  15205738us req=0xc0404657 len=64    rc=0   head=0xc1d0000b
IOCTL  15224992us req=0xc0404657 len=64    rc=0   head=0xc1d0000b
IOCTL  15233597us req=0xc0384627 len=56    rc=0   head=0xc1d0000b
IOCTL  15251731us req=0xc0404657 len=64    rc=0   head=0xc1d0000b
IOCTL  15268987us req=0xc0404657 len=64    rc=0   head=0xc1d0000b
IOCTL  15277852us req=0xc0384627 len=56    rc=0   head=0xc1d0000b
IOCTL  15296363us req=0xc0404657 len=64    rc=0   head=0xc1d0000b
IOCTL  15315325us req=0xc0404657 len=64    rc=0   head=0xc1d0000b
IOCTL  15324645us req=0xc0384627 len=56    rc=0   head=0xc1d0000b
IOCTL  15343784us req=0xc0404657 len=64    rc=0   head=0xc1d0000b
IOCTL  15362727us req=0xc0404657 len=64    rc=0   head=0xc1d0000b
IOCTL  15372550us req=0xc0384627 len=56    rc=0   head=0xc1d0000b
IOCTL  15391826us req=0xc0404657 len=64    rc=0   head=0xc1d0000b
IOCTL  15411280us req=0xc0404657 len=64    rc=0   head=0xc1d0000b
IOCTL  15421056us req=0xc0384627 len=56    rc=0   head=0xc1d0000b
IOCTL  15440579us req=0xc0404657 len=64    rc=0   head=0xc1d0000b
IOCTL  15458043us req=0xc0404657 len=64    rc=0   head=0xc1d0000b
IOCTL  15467891us req=0xc0384627 len=56    rc=0   head=0xc1d0000b
IOCTL  15483594us req=0xc0404657 len=64    rc=0   head=0xc1d0000b
IOCTL  15499308us req=0xc0404657 len=64    rc=0   head=0xc1d0000b
IOCTL  15509138us req=0xc0384627 len=56    rc=0   head=0xc1d0000b
IOCTL  15525111us req=0xc0404657 len=64    rc=0   head=0xc1d0000b
IOCTL  15542944us req=0xc0404657 len=64    rc=0   head=0xc1d0000b
IOCTL  15552123us req=0xc0384627 len=56    rc=0   head=0xc1d0000b
IOCTL  15569476us req=0xc0404657 len=64    rc=0   head=0xc1d0000b
IOCTL  15585100us req=0xc0404657 len=64    rc=0   head=0xc1d0000b
IOCTL  15594941us req=0xc0384627 len=56    rc=0   head=0xc1d0000b
IOCTL  15613131us req=0xc0404657 len=64    rc=0   head=0xc1d0000b
IOCTL  15631222us req=0xc0404657 len=64    rc=0   head=0xc1d0000b
IOCTL  15636485us req=0xc0384627 len=56    rc=0   head=0xc1d0000b
IOCTL  15654875us req=0xc0404657 len=64    rc=0   head=0xc1d0000b
IOCTL  15672753us req=0xc0404657 len=64    rc=0   head=0xc1d0000b
IOCTL  15678469us req=0xc0384627 len=56    rc=0   head=0xc1d0000b
IOCTL  15697595us req=0xc0404657 len=64    rc=0   head=0xc1d0000b
IOCTL  15718144us req=0xc0404657 len=64    rc=0   head=0xc1d0000b
IOCTL  15723781us req=0xc0384627 len=56    rc=0   head=0xc1d0000b
IOCTL  15741364us req=0xc0404657 len=64    rc=0   head=0xc1d0000b
IOCTL  15759684us req=0xc0404657 len=64    rc=0   head=0xc1d0000b
IOCTL  15767273us req=0xc0384627 len=56    rc=0   head=0xc1d0000b
IOCTL  15786589us req=0xc0404657 len=64    rc=0   head=0xc1d0000b
IOCTL  15806152us req=0xc0404657 len=64    rc=0   head=0xc1d0000b
IOCTL  15814712us req=0xc0384627 len=56    rc=0   head=0xc1d0000b
IOCTL  15834304us req=0xc0404657 len=64    rc=0   head=0xc1d0000b
IOCTL  15853739us req=0xc0404657 len=64    rc=0   head=0xc1d0000b
IOCTL  15862993us req=0xc0384627 len=56    rc=0   head=0xc1d0000b
IOCTL  15882439us req=0xc0404657 len=64    rc=0   head=0xc1d0000b
IOCTL  15902136us req=0xc0404657 len=64    rc=0   head=0xc1d0000b
IOCTL  15911312us req=0xc0384627 len=56    rc=0   head=0xc1d0000b
IOCTL  15931030us req=0xc0404657 len=64    rc=0   head=0xc1d0000b
IOCTL  15950309us req=0xc0404657 len=64    rc=0   head=0xc1d0000b
IOCTL  15959955us req=0xc0384627 len=56    rc=0   head=0xc1d0000b
IOCTL  15977884us req=0xc0404657 len=64    rc=0   head=0xc1d0000b
IOCTL  15993724us req=0xc0404657 len=64    rc=0   head=0xc1d0000b
IOCTL  16003452us req=0xc0384627 len=56    rc=0   head=0xc1d0000b
IOCTL  16019297us req=0xc0404657 len=64    rc=0   head=0xc1d0000b
IOCTL  16038248us req=0xc0404657 len=64    rc=0   head=0xc1d0000b
IOCTL  16047636us req=0xc0384627 len=56    rc=0   head=0xc1d0000b
IOCTL  16065950us req=0xc0404657 len=64    rc=0   head=0xc1d0000b
IOCTL  16081474us req=0xc0404657 len=64    rc=0   head=0xc1d0000b
IOCTL  16090748us req=0xc0384627 len=56    rc=0   head=0xc1d0000b
IOCTL  16106829us req=0xc0404657 len=64    rc=0   head=0xc1d0000b
IOCTL  16124696us req=0xc0404657 len=64    rc=0   head=0xc1d0000b
IOCTL  16133757us req=0xc0384627 len=56    rc=0   head=0xc1d0000b
IOCTL  16153534us req=0xc0404657 len=64    rc=0   head=0xc1d0000b
IOCTL  16173035us req=0xc0404657 len=64    rc=0   head=0xc1d0000b
IOCTL  16182241us req=0xc0384627 len=56    rc=0   head=0xc1d0000b
IOCTL  16203067us req=0xc0404657 len=64    rc=0   head=0xc1d0000b
IOCTL  16223383us req=0xc0404657 len=64    rc=0   head=0xc1d0000b
IOCTL  16228839us req=0xc0384627 len=56    rc=0   head=0xc1d0000b
IOCTL  16246311us req=0xc0404657 len=64    rc=0   head=0xc1d0000b
IOCTL  16264356us req=0xc0404657 len=64    rc=0   head=0xc1d0000b
IOCTL  16269040us req=0xc0384627 len=56    rc=0   head=0xc1d0000b
IOCTL  16286499us req=0xc0404657 len=64    rc=0   head=0xc1d0000b
IOCTL  16304558us req=0xc0404657 len=64    rc=0   head=0xc1d0000b
IOCTL  16309264us req=0xc0384627 len=56    rc=0   head=0xc1d0000b
IOCTL  16326918us req=0xc0404657 len=64    rc=0   head=0xc1d0000b
IOCTL  16342931us req=0xc0404657 len=64    rc=0   head=0xc1d0000b
IOCTL  16347655us req=0xc0384627 len=56    rc=0   head=0xc1d0000b
IOCTL  16363822us req=0xc0404657 len=64    rc=0   head=0xc1d0000b
IOCTL  16379612us req=0xc0404657 len=64    rc=0   head=0xc1d0000b
IOCTL  16384092us req=0xc0384627 len=56    rc=0   head=0xc1d0000b
IOCTL  16400029us req=0xc0404657 len=64    rc=0   head=0xc1d0000b
IOCTL  16415740us req=0xc0404657 len=64    rc=0   head=0xc1d0000b
IOCTL  16420284us req=0xc0384627 len=56    rc=0   head=0xc1d0000b
IOCTL  16435992us req=0xc0404657 len=64    rc=0   head=0xc1d0000b
IOCTL  16451828us req=0xc0404657 len=64    rc=0   head=0xc1d0000b
IOCTL  16456464us req=0xc0384627 len=56    rc=0   head=0xc1d0000b
IOCTL  16472293us req=0xc0404657 len=64    rc=0   head=0xc1d0000b
IOCTL  16489666us req=0xc0404657 len=64    rc=0   head=0xc1d0000b
IOCTL  16494225us req=0xc0384627 len=56    rc=0   head=0xc1d0000b
IOCTL  16511135us req=0xc0404657 len=64    rc=0   head=0xc1d0000b
IOCTL  16527477us req=0xc0404657 len=64    rc=0   head=0xc1d0000b
IOCTL  16534568us req=0xc0384627 len=56    rc=0   head=0xc1d0000b
IOCTL  16550485us req=0xc0404657 len=64    rc=0   head=0xc1d0000b
IOCTL  16566280us req=0xc0404657 len=64    rc=0   head=0xc1d0000b
IOCTL  16573987us req=0xc0384627 len=56    rc=0   head=0xc1d0000b
IOCTL  16589892us req=0xc0404657 len=64    rc=0   head=0xc1d0000b
IOCTL  16605850us req=0xc0404657 len=64    rc=0   head=0xc1d0000b
IOCTL  16614005us req=0xc0384627 len=56    rc=0   head=0xc1d0000b
IOCTL  16630217us req=0xc0404657 len=64    rc=0   head=0xc1d0000b
IOCTL  16646362us req=0xc0404657 len=64    rc=0   head=0xc1d0000b
IOCTL  16655037us req=0xc0384627 len=56    rc=0   head=0xc1d0000b
IOCTL  16670876us req=0xc0404657 len=64    rc=0   head=0xc1d0000b
IOCTL  16686645us req=0xc0404657 len=64    rc=0   head=0xc1d0000b
IOCTL  16695004us req=0xc0384627 len=56    rc=0   head=0xc1d0000b
IOCTL  16710476us req=0xc0404657 len=64    rc=0   head=0xc1d0000b
IOCTL  16726044us req=0xc0404657 len=64    rc=0   head=0xc1d0000b
IOCTL  16734635us req=0xc0384627 len=56    rc=0   head=0xc1d0000b
IOCTL  16750476us req=0xc0404657 len=64    rc=0   head=0xc1d0000b
IOCTL  16766312us req=0xc0404657 len=64    rc=0   head=0xc1d0000b
IOCTL  16774928us req=0xc0384627 len=56    rc=0   head=0xc1d0000b
IOCTL  16790643us req=0xc0404657 len=64    rc=0   head=0xc1d0000b
IOCTL  16806515us req=0xc0404657 len=64    rc=0   head=0xc1d0000b
IOCTL  16814926us req=0xc0384627 len=56    rc=0   head=0xc1d0000b
IOCTL  16830688us req=0xc0404657 len=64    rc=0   head=0xc1d0000b
IOCTL  16846829us req=0xc0404657 len=64    rc=0   head=0xc1d0000b
IOCTL  16855587us req=0xc0384627 len=56    rc=0   head=0xc1d0000b
IOCTL  16871385us req=0xc0404657 len=64    rc=0   head=0xc1d0000b
IOCTL  16887099us req=0xc0404657 len=64    rc=0   head=0xc1d0000b
IOCTL  16895706us req=0xc0384627 len=56    rc=0   head=0xc1d0000b
IOCTL  16911474us req=0xc0404657 len=64    rc=0   head=0xc1d0000b
IOCTL  16927477us req=0xc0404657 len=64    rc=0   head=0xc1d0000b
IOCTL  16936101us req=0xc0384627 len=56    rc=0   head=0xc1d0000b
IOCTL  16951963us req=0xc0404657 len=64    rc=0   head=0xc1d0000b
IOCTL  16967477us req=0xc0404657 len=64    rc=0   head=0xc1d0000b
IOCTL  16976331us req=0xc0384627 len=56    rc=0   head=0xc1d0000b
IOCTL  16992147us req=0xc0404657 len=64    rc=0   head=0xc1d0000b
IOCTL  17007937us req=0xc0404657 len=64    rc=0   head=0xc1d0000b
IOCTL  17016586us req=0xc0384627 len=56    rc=0   head=0xc1d0000b
IOCTL  17034475us req=0xc0404657 len=64    rc=0   head=0xc1d0000b
IOCTL  17054148us req=0xc0404657 len=64    rc=0   head=0xc1d0000b
IOCTL  17062744us req=0xc0384627 len=56    rc=0   head=0xc1d0000b
IOCTL  17082160us req=0xc0404657 len=64    rc=0   head=0xc1d0000b
IOCTL  17101508us req=0xc0404657 len=64    rc=0   head=0xc1d0000b
IOCTL  17110734us req=0xc0384627 len=56    rc=0   head=0xc1d0000b
IOCTL  17128276us req=0xc0404657 len=64    rc=0   head=0xc1d0000b
IOCTL  17143830us req=0xc0404657 len=64    rc=0   head=0xc1d0000b
IOCTL  17153238us req=0xc0384627 len=56    rc=0   head=0xc1d0000b
IOCTL  17168935us req=0xc0404657 len=64    rc=0   head=0xc1d0000b
IOCTL  17184572us req=0xc0404657 len=64    rc=0   head=0xc1d0000b
IOCTL  17193707us req=0xc0384627 len=56    rc=0   head=0xc1d0000b
IOCTL  17210987us req=0xc0404657 len=64    rc=0   head=0xc1d0000b
IOCTL  17226820us req=0xc0404657 len=64    rc=0   head=0xc1d0000b
IOCTL  17236011us req=0xc0384627 len=56    rc=0   head=0xc1d0000b
IOCTL  17252106us req=0xc0404657 len=64    rc=0   head=0xc1d0000b
IOCTL  17270057us req=0xc0404657 len=64    rc=0   head=0xc1d0000b
IOCTL  17279232us req=0xc0384627 len=56    rc=0   head=0xc1d0000b
IOCTL  17298741us req=0xc0404657 len=64    rc=0   head=0xc1d0000b
IOCTL  17318257us req=0xc0404657 len=64    rc=0   head=0xc1d0000b
IOCTL  17328107us req=0xc0384627 len=56    rc=0   head=0xc1d0000b
IOCTL  17347932us req=0xc0404657 len=64    rc=0   head=0xc1d0000b
IOCTL  17367045us req=0xc0404657 len=64    rc=0   head=0xc1d0000b
IOCTL  17381464us req=0xc0384627 len=56    rc=0   head=0xc1d0000b
IOCTL  17412720us req=0xc0404657 len=64    rc=0   head=0xc1d0000b
IOCTL  17444869us req=0xc0404657 len=64    rc=0   head=0xc1d0000b
IOCTL  17459374us req=0xc0384627 len=56    rc=0   head=0xc1d0000b
IOCTL  17492558us req=0xc0404657 len=64    rc=0   head=0xc1d0000b
IOCTL  17523985us req=0xc0404657 len=64    rc=0   head=0xc1d0000b
IOCTL  17538576us req=0xc0384627 len=56    rc=0   head=0xc1d0000b
IOCTL  17570626us req=0xc0404657 len=64    rc=0   head=0xc1d0000b
IOCTL  17604729us req=0xc0404657 len=64    rc=0   head=0xc1d0000b
IOCTL  17619505us req=0xc0384627 len=56    rc=0   head=0xc1d0000b
IOCTL  17653278us req=0xc0404657 len=64    rc=0   head=0xc1d0000b
IOCTL  17686139us req=0xc0404657 len=64    rc=0   head=0xc1d0000b
IOCTL  17700543us req=0xc0384627 len=56    rc=0   head=0xc1d0000b
IOCTL  17733480us req=0xc0404657 len=64    rc=0   head=0xc1d0000b
IOCTL  17767741us req=0xc0404657 len=64    rc=0   head=0xc1d0000b
IOCTL  17782534us req=0xc0384627 len=56    rc=0   head=0xc1d0000b
IOCTL  17815028us req=0xc0404657 len=64    rc=0   head=0xc1d0000b
IOCTL  17848137us req=0xc0404657 len=64    rc=0   head=0xc1d0000b
IOCTL  17863167us req=0xc0384627 len=56    rc=0   head=0xc1d0000b
IOCTL  17898723us req=0xc0404657 len=64    rc=0   head=0xc1d0000b
IOCTL  17934078us req=0xc0404657 len=64    rc=0   head=0xc1d0000b
IOCTL  17948971us req=0xc0384627 len=56    rc=0   head=0xc1d0000b
IOCTL  17983914us req=0xc0404657 len=64    rc=0   head=0xc1d0000b
IOCTL  18018484us req=0xc0404657 len=64    rc=0   head=0xc1d0000b
IOCTL  18033484us req=0xc0384627 len=56    rc=0   head=0xc1d0000b
IOCTL  18071312us req=0xc0404657 len=64    rc=0   head=0xc1d0000b
IOCTL  18107506us req=0xc0404657 len=64    rc=0   head=0xc1d0000b
IOCTL  18122502us req=0xc0384627 len=56    rc=0   head=0xc1d0000b
IOCTL  18159372us req=0xc0404657 len=64    rc=0   head=0xc1d0000b
IOCTL  18195762us req=0xc0404657 len=64    rc=0   head=0xc1d0000b
IOCTL  18210685us req=0xc0384627 len=56    rc=0   head=0xc1d0000b
IOCTL  18247081us req=0xc0404657 len=64    rc=0   head=0xc1d0000b
IOCTL  18282826us req=0xc0404657 len=64    rc=0   head=0xc1d0000b
IOCTL  18293127us req=0xc0384627 len=56    rc=0   head=0xc1d0000b
IOCTL  18326226us req=0xc0404657 len=64    rc=0   head=0xc1d0000b
IOCTL  18357361us req=0xc0404657 len=64    rc=0   head=0xc1d0000b
IOCTL  18367660us req=0xc0384627 len=56    rc=0   head=0xc1d0000b
IOCTL  18397062us req=0xc0404657 len=64    rc=0   head=0xc1d0000b
IOCTL  18428583us req=0xc0404657 len=64    rc=0   head=0xc1d0000b
IOCTL  18438583us req=0xc0384627 len=56    rc=0   head=0xc1d0000b
IOCTL  18469640us req=0xc0404657 len=64    rc=0   head=0xc1d0000b
IOCTL  18499128us req=0xc0404657 len=64    rc=0   head=0xc1d0000b
IOCTL  18509417us req=0xc0384627 len=56    rc=0   head=0xc1d0000b
IOCTL  18540971us req=0xc0404657 len=64    rc=0   head=0xc1d0000b
IOCTL  18572693us req=0xc0404657 len=64    rc=0   head=0xc1d0000b
IOCTL  18582758us req=0xc0384627 len=56    rc=0   head=0xc1d0000b
IOCTL  18614277us req=0xc0404657 len=64    rc=0   head=0xc1d0000b
IOCTL  18647374us req=0xc0404657 len=64    rc=0   head=0xc1d0000b
IOCTL  18658358us req=0xc0384627 len=56    rc=0   head=0xc1d0000b
IOCTL  18690498us req=0xc0404657 len=64    rc=0   head=0xc1d0000b
IOCTL  18722925us req=0xc0404657 len=64    rc=0   head=0xc1d0000b
IOCTL  18733148us req=0xc0384627 len=56    rc=0   head=0xc1d0000b
IOCTL  18762927us req=0xc0404657 len=64    rc=0   head=0xc1d0000b
IOCTL  18793374us req=0xc0404657 len=64    rc=0   head=0xc1d0000b
IOCTL  18803369us req=0xc0384627 len=56    rc=0   head=0xc1d0000b
IOCTL  18831660us req=0xc0404657 len=64    rc=0   head=0xc1d0000b
IOCTL  18863732us req=0xc0404657 len=64    rc=0   head=0xc1d0000b
IOCTL  18873772us req=0xc0384627 len=56    rc=0   head=0xc1d0000b
IOCTL  18903339us req=0xc0404657 len=64    rc=0   head=0xc1d0000b
IOCTL  18932150us req=0xc0404657 len=64    rc=0   head=0xc1d0000b
IOCTL  18942417us req=0xc0384627 len=56    rc=0   head=0xc1d0000b
IOCTL  18973900us req=0xc0404657 len=64    rc=0   head=0xc1d0000b
IOCTL  19004500us req=0xc0404657 len=64    rc=0   head=0xc1d0000b
IOCTL  19014463us req=0xc0384627 len=56    rc=0   head=0xc1d0000b
IOCTL  19044664us req=0xc0404657 len=64    rc=0   head=0xc1d0000b
IOCTL  19074837us req=0xc0404657 len=64    rc=0   head=0xc1d0000b
IOCTL  19085428us req=0xc0384627 len=56    rc=0   head=0xc1d0000b
IOCTL  19114032us req=0xc0404657 len=64    rc=0   head=0xc1d0000b
IOCTL  19143043us req=0xc0404657 len=64    rc=0   head=0xc1d0000b
IOCTL  19153243us req=0xc0384627 len=56    rc=0   head=0xc1d0000b
IOCTL  19182318us req=0xc0404657 len=64    rc=0   head=0xc1d0000b
IOCTL  19211402us req=0xc0404657 len=64    rc=0   head=0xc1d0000b
IOCTL  19221469us req=0xc0384627 len=56    rc=0   head=0xc1d0000b
IOCTL  19250325us req=0xc0404657 len=64    rc=0   head=0xc1d0000b
IOCTL  19279930us req=0xc0404657 len=64    rc=0   head=0xc1d0000b
IOCTL  19289932us req=0xc0384627 len=56    rc=0   head=0xc1d0000b
IOCTL  19320943us req=0xc0404657 len=64    rc=0   head=0xc1d0000b
IOCTL  19354446us req=0xc0404657 len=64    rc=0   head=0xc1d0000b
IOCTL  19364669us req=0xc0384627 len=56    rc=0   head=0xc1d0000b
IOCTL  19397310us req=0xc0404657 len=64    rc=0   head=0xc1d0000b
IOCTL  19429571us req=0xc0404657 len=64    rc=0   head=0xc1d0000b
IOCTL  19439559us req=0xc0384627 len=56    rc=0   head=0xc1d0000b
IOCTL  19471599us req=0xc0404657 len=64    rc=0   head=0xc1d0000b
IOCTL  19504211us req=0xc0404657 len=64    rc=0   head=0xc1d0000b
IOCTL  19514385us req=0xc0384627 len=56    rc=0   head=0xc1d0000b
IOCTL  19544623us req=0xc0404657 len=64    rc=0   head=0xc1d0000b
IOCTL  19573471us req=0xc0404657 len=64    rc=0   head=0xc1d0000b
IOCTL  19583475us req=0xc0384627 len=56    rc=0   head=0xc1d0000b
IOCTL  19614598us req=0xc0404657 len=64    rc=0   head=0xc1d0000b
IOCTL  19646159us req=0xc0404657 len=64    rc=0   head=0xc1d0000b
IOCTL  19656402us req=0xc0384627 len=56    rc=0   head=0xc1d0000b
IOCTL  19684675us req=0xc0404657 len=64    rc=0   head=0xc1d0000b
IOCTL  19715064us req=0xc0404657 len=64    rc=0   head=0xc1d0000b
IOCTL  19724716us req=0xc0384627 len=56    rc=0   head=0xc1d0000b
IOCTL  19754558us req=0xc0404657 len=64    rc=0   head=0xc1d0000b
IOCTL  19783736us req=0xc0404657 len=64    rc=0   head=0xc1d0000b
IOCTL  19793558us req=0xc0384627 len=56    rc=0   head=0xc1d0000b
IOCTL  19823392us req=0xc0404657 len=64    rc=0   head=0xc1d0000b
IOCTL  19853168us req=0xc0404657 len=64    rc=0   head=0xc1d0000b
IOCTL  19864252us req=0xc0384627 len=56    rc=0   head=0xc1d0000b
IOCTL  19893441us req=0xc0404657 len=64    rc=0   head=0xc1d0000b
IOCTL  19920910us req=0xc0404657 len=64    rc=0   head=0xc1d0000b
IOCTL  19931128us req=0xc0384627 len=56    rc=0   head=0xc1d0000b
IOCTL  19960334us req=0xc0404657 len=64    rc=0   head=0xc1d0000b
IOCTL  19987410us req=0xc0404657 len=64    rc=0   head=0xc1d0000b
IOCTL  19997387us req=0xc0384627 len=56    rc=0   head=0xc1d0000b
IOCTL  20026940us req=0xc0404657 len=64    rc=0   head=0xc1d0000b
IOCTL  20052687us req=0xc0404657 len=64    rc=0   head=0xc1d0000b
IOCTL  20062840us req=0xc0384627 len=56    rc=0   head=0xc1d0000b
IOCTL  20089545us req=0xc0404657 len=64    rc=0   head=0xc1d0000b
IOCTL  20115336us req=0xc0404657 len=64    rc=0   head=0xc1d0000b
IOCTL  20125431us req=0xc0384627 len=56    rc=0   head=0xc1d0000b
IOCTL  20153508us req=0xc0404657 len=64    rc=0   head=0xc1d0000b
IOCTL  20181734us req=0xc0404657 len=64    rc=0   head=0xc1d0000b
IOCTL  20192135us req=0xc0384627 len=56    rc=0   head=0xc1d0000b
IOCTL  20220843us req=0xc0404657 len=64    rc=0   head=0xc1d0000b
IOCTL  20251016us req=0xc0404657 len=64    rc=0   head=0xc1d0000b
IOCTL  20261252us req=0xc0384627 len=56    rc=0   head=0xc1d0000b
IOCTL  20291443us req=0xc0404657 len=64    rc=0   head=0xc1d0000b
IOCTL  20322535us req=0xc0404657 len=64    rc=0   head=0xc1d0000b
IOCTL  20332465us req=0xc0384627 len=56    rc=0   head=0xc1d0000b
IOCTL  20362886us req=0xc0404657 len=64    rc=0   head=0xc1d0000b
IOCTL  20393718us req=0xc0404657 len=64    rc=0   head=0xc1d0000b
IOCTL  20403834us req=0xc0384627 len=56    rc=0   head=0xc1d0000b
IOCTL  20434469us req=0xc0404657 len=64    rc=0   head=0xc1d0000b
IOCTL  20464875us req=0xc0404657 len=64    rc=0   head=0xc1d0000b
IOCTL  20475113us req=0xc0384627 len=56    rc=0   head=0xc1d0000b
IOCTL  20506222us req=0xc0404657 len=64    rc=0   head=0xc1d0000b
IOCTL  20537008us req=0xc0404657 len=64    rc=0   head=0xc1d0000b
IOCTL  20547216us req=0xc0384627 len=56    rc=0   head=0xc1d0000b
IOCTL  20578241us req=0xc0404657 len=64    rc=0   head=0xc1d0000b
IOCTL  20609505us req=0xc0404657 len=64    rc=0   head=0xc1d0000b
IOCTL  20619497us req=0xc0384627 len=56    rc=0   head=0xc1d0000b
IOCTL  20650519us req=0xc0404657 len=64    rc=0   head=0xc1d0000b
IOCTL  20679632us req=0xc0404657 len=64    rc=0   head=0xc1d0000b
IOCTL  20690147us req=0xc0384627 len=56    rc=0   head=0xc1d0000b
IOCTL  20717737us req=0xc0404657 len=64    rc=0   head=0xc1d0000b
IOCTL  20744929us req=0xc0404657 len=64    rc=0   head=0xc1d0000b
IOCTL  20755066us req=0xc0384627 len=56    rc=0   head=0xc1d0000b
IOCTL  20783100us req=0xc0404657 len=64    rc=0   head=0xc1d0000b
IOCTL  20810817us req=0xc0404657 len=64    rc=0   head=0xc1d0000b
IOCTL  20820653us req=0xc0384627 len=56    rc=0   head=0xc1d0000b
IOCTL  20850235us req=0xc0404657 len=64    rc=0   head=0xc1d0000b
IOCTL  20880258us req=0xc0404657 len=64    rc=0   head=0xc1d0000b
IOCTL  20890357us req=0xc0384627 len=56    rc=0   head=0xc1d0000b
IOCTL  20919476us req=0xc0404657 len=64    rc=0   head=0xc1d0000b
IOCTL  20950818us req=0xc0404657 len=64    rc=0   head=0xc1d0000b
IOCTL  20961036us req=0xc0384627 len=56    rc=0   head=0xc1d0000b
IOCTL  20990123us req=0xc0404657 len=64    rc=0   head=0xc1d0000b
IOCTL  21021628us req=0xc0404657 len=64    rc=0   head=0xc1d0000b
IOCTL  21031852us req=0xc0384627 len=56    rc=0   head=0xc1d0000b
IOCTL  21062764us req=0xc0404657 len=64    rc=0   head=0xc1d0000b
IOCTL  21094640us req=0xc0404657 len=64    rc=0   head=0xc1d0000b
IOCTL  21104678us req=0xc0384627 len=56    rc=0   head=0xc1d0000b
IOCTL  21136441us req=0xc0404657 len=64    rc=0   head=0xc1d0000b
IOCTL  21168628us req=0xc0404657 len=64    rc=0   head=0xc1d0000b
IOCTL  21178582us req=0xc0384627 len=56    rc=0   head=0xc1d0000b
IOCTL  21210271us req=0xc0404657 len=64    rc=0   head=0xc1d0000b
IOCTL  21240496us req=0xc0404657 len=64    rc=0   head=0xc1d0000b
IOCTL  21250773us req=0xc0384627 len=56    rc=0   head=0xc1d0000b
IOCTL  21282033us req=0xc0404657 len=64    rc=0   head=0xc1d0000b
IOCTL  21313319us req=0xc0404657 len=64    rc=0   head=0xc1d0000b
IOCTL  21323442us req=0xc0384627 len=56    rc=0   head=0xc1d0000b
IOCTL  21354601us req=0xc0404657 len=64    rc=0   head=0xc1d0000b
IOCTL  21383778us req=0xc0404657 len=64    rc=0   head=0xc1d0000b
IOCTL  21393849us req=0xc0384627 len=56    rc=0   head=0xc1d0000b
IOCTL  21425164us req=0xc0404657 len=64    rc=0   head=0xc1d0000b
IOCTL  21457681us req=0xc0404657 len=64    rc=0   head=0xc1d0000b
IOCTL  21467835us req=0xc0384627 len=56    rc=0   head=0xc1d0000b
IOCTL  21499873us req=0xc0404657 len=64    rc=0   head=0xc1d0000b
IOCTL  21532241us req=0xc0404657 len=64    rc=0   head=0xc1d0000b
IOCTL  21542271us req=0xc0384627 len=56    rc=0   head=0xc1d0000b
IOCTL  21574087us req=0xc0404657 len=64    rc=0   head=0xc1d0000b
IOCTL  21606626us req=0xc0404657 len=64    rc=0   head=0xc1d0000b
IOCTL  21616566us req=0xc0384627 len=56    rc=0   head=0xc1d0000b
IOCTL  21646444us req=0xc0404657 len=64    rc=0   head=0xc1d0000b
IOCTL  21677540us req=0xc0404657 len=64    rc=0   head=0xc1d0000b
IOCTL  21688373us req=0xc0384627 len=56    rc=0   head=0xc1d0000b
IOCTL  21719936us req=0xc0404657 len=64    rc=0   head=0xc1d0000b
IOCTL  21751162us req=0xc0404657 len=64    rc=0   head=0xc1d0000b
IOCTL  21761455us req=0xc0384627 len=56    rc=0   head=0xc1d0000b
IOCTL  21790242us req=0xc0404657 len=64    rc=0   head=0xc1d0000b
IOCTL  21821720us req=0xc0404657 len=64    rc=0   head=0xc1d0000b
IOCTL  21831671us req=0xc0384627 len=56    rc=0   head=0xc1d0000b
IOCTL  21860534us req=0xc0404657 len=64    rc=0   head=0xc1d0000b
IOCTL  21892029us req=0xc0404657 len=64    rc=0   head=0xc1d0000b
IOCTL  21902344us req=0xc0384627 len=56    rc=0   head=0xc1d0000b
IOCTL  21933030us req=0xc0404657 len=64    rc=0   head=0xc1d0000b
IOCTL  21962453us req=0xc0404657 len=64    rc=0   head=0xc1d0000b
IOCTL  21972562us req=0xc0384627 len=56    rc=0   head=0xc1d0000b
IOCTL  22003928us req=0xc0404657 len=64    rc=0   head=0xc1d0000b
IOCTL  22033958us req=0xc0404657 len=64    rc=0   head=0xc1d0000b
IOCTL  22043893us req=0xc0384627 len=56    rc=0   head=0xc1d0000b
IOCTL  22075244us req=0xc0404657 len=64    rc=0   head=0xc1d0000b
IOCTL  22106252us req=0xc0404657 len=64    rc=0   head=0xc1d0000b
IOCTL  22116379us req=0xc0384627 len=56    rc=0   head=0xc1d0000b
IOCTL  22147473us req=0xc0404657 len=64    rc=0   head=0xc1d0000b
IOCTL  22178978us req=0xc0404657 len=64    rc=0   head=0xc1d0000b
IOCTL  22189031us req=0xc0384627 len=56    rc=0   head=0xc1d0000b
IOCTL  22218164us req=0xc0404657 len=64    rc=0   head=0xc1d0000b
IOCTL  22250269us req=0xc0404657 len=64    rc=0   head=0xc1d0000b
IOCTL  22260397us req=0xc0384627 len=56    rc=0   head=0xc1d0000b
IOCTL  22292736us req=0xc0404657 len=64    rc=0   head=0xc1d0000b
IOCTL  22324646us req=0xc0404657 len=64    rc=0   head=0xc1d0000b
IOCTL  22334771us req=0xc0384627 len=56    rc=0   head=0xc1d0000b
IOCTL  22364704us req=0xc0404657 len=64    rc=0   head=0xc1d0000b
IOCTL  22395292us req=0xc0404657 len=64    rc=0   head=0xc1d0000b
IOCTL  22405429us req=0xc0384627 len=56    rc=0   head=0xc1d0000b
IOCTL  22437240us req=0xc0404657 len=64    rc=0   head=0xc1d0000b
IOCTL  22469527us req=0xc0404657 len=64    rc=0   head=0xc1d0000b
IOCTL  22479544us req=0xc0384627 len=56    rc=0   head=0xc1d0000b
IOCTL  22509754us req=0xc0404657 len=64    rc=0   head=0xc1d0000b
IOCTL  22541237us req=0xc0404657 len=64    rc=0   head=0xc1d0000b
IOCTL  22551348us req=0xc0384627 len=56    rc=0   head=0xc1d0000b
IOCTL  22582516us req=0xc0404657 len=64    rc=0   head=0xc1d0000b
IOCTL  22613892us req=0xc0404657 len=64    rc=0   head=0xc1d0000b
IOCTL  22623958us req=0xc0384627 len=56    rc=0   head=0xc1d0000b
IOCTL  22653337us req=0xc0404657 len=64    rc=0   head=0xc1d0000b
IOCTL  22685228us req=0xc0404657 len=64    rc=0   head=0xc1d0000b
IOCTL  22695364us req=0xc0384627 len=56    rc=0   head=0xc1d0000b
IOCTL  22725038us req=0xc0404657 len=64    rc=0   head=0xc1d0000b
IOCTL  22757392us req=0xc0404657 len=64    rc=0   head=0xc1d0000b
IOCTL  22767455us req=0xc0384627 len=56    rc=0   head=0xc1d0000b
IOCTL  22797740us req=0xc0404657 len=64    rc=0   head=0xc1d0000b
IOCTL  22829033us req=0xc0404657 len=64    rc=0   head=0xc1d0000b
IOCTL  22839307us req=0xc0384627 len=56    rc=0   head=0xc1d0000b
IOCTL  22870418us req=0xc0404657 len=64    rc=0   head=0xc1d0000b
IOCTL  22901859us req=0xc0404657 len=64    rc=0   head=0xc1d0000b
IOCTL  22914428us req=0xc0384627 len=56    rc=0   head=0xc1d0000b
IOCTL  22949411us req=0xc0404657 len=64    rc=0   head=0xc1d0000b
IOCTL  22981824us req=0xc0404657 len=64    rc=0   head=0xc1d0000b
IOCTL  22991934us req=0xc0384627 len=56    rc=0   head=0xc1d0000b
IOCTL  23023548us req=0xc0404657 len=64    rc=0   head=0xc1d0000b
IOCTL  23055643us req=0xc0404657 len=64    rc=0   head=0xc1d0000b
IOCTL  23065626us req=0xc0384627 len=56    rc=0   head=0xc1d0000b
IOCTL  23097155us req=0xc0404657 len=64    rc=0   head=0xc1d0000b
IOCTL  23129014us req=0xc0404657 len=64    rc=0   head=0xc1d0000b
IOCTL  23139260us req=0xc0384627 len=56    rc=0   head=0xc1d0000b
IOCTL  23172401us req=0xc0404657 len=64    rc=0   head=0xc1d0000b
IOCTL  23205020us req=0xc0404657 len=64    rc=0   head=0xc1d0000b
IOCTL  23215142us req=0xc0384627 len=56    rc=0   head=0xc1d0000b
IOCTL  23244217us req=0xc0404657 len=64    rc=0   head=0xc1d0000b
IOCTL  23274412us req=0xc0404657 len=64    rc=0   head=0xc1d0000b
IOCTL  23284780us req=0xc0384627 len=56    rc=0   head=0xc1d0000b
IOCTL  23316456us req=0xc0404657 len=64    rc=0   head=0xc1d0000b
IOCTL  23346338us req=0xc0404657 len=64    rc=0   head=0xc1d0000b
IOCTL  23356487us req=0xc0384627 len=56    rc=0   head=0xc1d0000b
IOCTL  23388566us req=0xc0404657 len=64    rc=0   head=0xc1d0000b
IOCTL  23420756us req=0xc0404657 len=64    rc=0   head=0xc1d0000b
IOCTL  23430761us req=0xc0384627 len=56    rc=0   head=0xc1d0000b
IOCTL  23460171us req=0xc0404657 len=64    rc=0   head=0xc1d0000b
IOCTL  23492934us req=0xc0404657 len=64    rc=0   head=0xc1d0000b
IOCTL  23503231us req=0xc0384627 len=56    rc=0   head=0xc1d0000b
IOCTL  23532839us req=0xc0404657 len=64    rc=0   head=0xc1d0000b
IOCTL  23563356us req=0xc0404657 len=64    rc=0   head=0xc1d0000b
IOCTL  23573434us req=0xc0384627 len=56    rc=0   head=0xc1d0000b
IOCTL  23605151us req=0xc0404657 len=64    rc=0   head=0xc1d0000b
IOCTL  23635242us req=0xc0404657 len=64    rc=0   head=0xc1d0000b
IOCTL  23645404us req=0xc0384627 len=56    rc=0   head=0xc1d0000b
IOCTL  23675821us req=0xc0404657 len=64    rc=0   head=0xc1d0000b
IOCTL  23707834us req=0xc0404657 len=64    rc=0   head=0xc1d0000b
IOCTL  23718367us req=0xc0384627 len=56    rc=0   head=0xc1d0000b
IOCTL  23749945us req=0xc0404657 len=64    rc=0   head=0xc1d0000b
IOCTL  23779989us req=0xc0404657 len=64    rc=0   head=0xc1d0000b
IOCTL  23790026us req=0xc0384627 len=56    rc=0   head=0xc1d0000b
IOCTL  23820476us req=0xc0404657 len=64    rc=0   head=0xc1d0000b
IOCTL  23851168us req=0xc0404657 len=64    rc=0   head=0xc1d0000b
IOCTL  23861351us req=0xc0384627 len=56    rc=0   head=0xc1d0000b
IOCTL  23891241us req=0xc0404657 len=64    rc=0   head=0xc1d0000b
IOCTL  23923138us req=0xc0404657 len=64    rc=0   head=0xc1d0000b
IOCTL  23933398us req=0xc0384627 len=56    rc=0   head=0xc1d0000b
IOCTL  23962455us req=0xc0404657 len=64    rc=0   head=0xc1d0000b
IOCTL  23994720us req=0xc0404657 len=64    rc=0   head=0xc1d0000b
IOCTL  24004741us req=0xc0384627 len=56    rc=0   head=0xc1d0000b
IOCTL  24035078us req=0xc0404657 len=64    rc=0   head=0xc1d0000b
IOCTL  24067211us req=0xc0404657 len=64    rc=0   head=0xc1d0000b
IOCTL  24077352us req=0xc0384627 len=56    rc=0   head=0xc1d0000b
IOCTL  24106841us req=0xc0404657 len=64    rc=0   head=0xc1d0000b
IOCTL  24139119us req=0xc0404657 len=64    rc=0   head=0xc1d0000b
IOCTL  24149218us req=0xc0384627 len=56    rc=0   head=0xc1d0000b
IOCTL  24178821us req=0xc0404657 len=64    rc=0   head=0xc1d0000b
IOCTL  24211056us req=0xc0404657 len=64    rc=0   head=0xc1d0000b
IOCTL  24221219us req=0xc0384627 len=56    rc=0   head=0xc1d0000b
IOCTL  24252961us req=0xc0404657 len=64    rc=0   head=0xc1d0000b
IOCTL  24283391us req=0xc0404657 len=64    rc=0   head=0xc1d0000b
IOCTL  24293455us req=0xc0384627 len=56    rc=0   head=0xc1d0000b
IOCTL  24326646us req=0xc0404657 len=64    rc=0   head=0xc1d0000b
IOCTL  24357010us req=0xc0404657 len=64    rc=0   head=0xc1d0000b
IOCTL  24367374us req=0xc0384627 len=56    rc=0   head=0xc1d0000b
IOCTL  24399491us req=0xc0404657 len=64    rc=0   head=0xc1d0000b
IOCTL  24432065us req=0xc0404657 len=64    rc=0   head=0xc1d0000b
IOCTL  24442402us req=0xc0384627 len=56    rc=0   head=0xc1d0000b
IOCTL  24474960us req=0xc0404657 len=64    rc=0   head=0xc1d0000b
IOCTL  24508647us req=0xc0404657 len=64    rc=0   head=0xc1d0000b
IOCTL  24518824us req=0xc0384627 len=56    rc=0   head=0xc1d0000b
IOCTL  24551515us req=0xc0404657 len=64    rc=0   head=0xc1d0000b
IOCTL  24584893us req=0xc0404657 len=64    rc=0   head=0xc1d0000b
IOCTL  24595092us req=0xc0384627 len=56    rc=0   head=0xc1d0000b
IOCTL  24627355us req=0xc0404657 len=64    rc=0   head=0xc1d0000b
IOCTL  24660085us req=0xc0404657 len=64    rc=0   head=0xc1d0000b
IOCTL  24670430us req=0xc0384627 len=56    rc=0   head=0xc1d0000b
IOCTL  24702592us req=0xc0404657 len=64    rc=0   head=0xc1d0000b
IOCTL  24732895us req=0xc0404657 len=64    rc=0   head=0xc1d0000b
IOCTL  24743008us req=0xc0384627 len=56    rc=0   head=0xc1d0000b
IOCTL  24774682us req=0xc0404657 len=64    rc=0   head=0xc1d0000b
IOCTL  24806079us req=0xc0404657 len=64    rc=0   head=0xc1d0000b
IOCTL  24816170us req=0xc0384627 len=56    rc=0   head=0xc1d0000b
IOCTL  24845503us req=0xc0404657 len=64    rc=0   head=0xc1d0000b
IOCTL  24876599us req=0xc0404657 len=64    rc=0   head=0xc1d0000b
IOCTL  24886816us req=0xc0384627 len=56    rc=0   head=0xc1d0000b
IOCTL  24916839us req=0xc0404657 len=64    rc=0   head=0xc1d0000b
IOCTL  24948301us req=0xc0404657 len=64    rc=0   head=0xc1d0000b
IOCTL  24958275us req=0xc0384627 len=56    rc=0   head=0xc1d0000b
IOCTL  24990628us req=0xc0404657 len=64    rc=0   head=0xc1d0000b
IOCTL  25022881us req=0xc0404657 len=64    rc=0   head=0xc1d0000b
IOCTL  25032817us req=0xc0384627 len=56    rc=0   head=0xc1d0000b
IOCTL  25065056us req=0xc0404657 len=64    rc=0   head=0xc1d0000b
IOCTL  25091561us req=0xc0404657 len=64    rc=0   head=0xc1d0000b
IOCTL  25097090us req=0xc0384627 len=56    rc=0   head=0xc1d0000b
IOCTL  25119446us req=0xc0404657 len=64    rc=0   head=0xc1d0000b
IOCTL  25141019us req=0xc0404657 len=64    rc=0   head=0xc1d0000b
IOCTL  25146460us req=0xc0384627 len=56    rc=0   head=0xc1d0000b
IOCTL  25167502us req=0xc0404657 len=64    rc=0   head=0xc1d0000b
IOCTL  25188557us req=0xc0404657 len=64    rc=0   head=0xc1d0000b
IOCTL  25194949us req=0xc0384627 len=56    rc=0   head=0xc1d0000b
IOCTL  25216039us req=0xc0404657 len=64    rc=0   head=0xc1d0000b
IOCTL  25237097us req=0xc0404657 len=64    rc=0   head=0xc1d0000b
IOCTL  25244943us req=0xc0384627 len=56    rc=0   head=0xc1d0000b
IOCTL  25265980us req=0xc0404657 len=64    rc=0   head=0xc1d0000b
IOCTL  25286984us req=0xc0404657 len=64    rc=0   head=0xc1d0000b
IOCTL  25296236us req=0xc0384627 len=56    rc=0   head=0xc1d0000b
IOCTL  25317244us req=0xc0404657 len=64    rc=0   head=0xc1d0000b
IOCTL  25338026us req=0xc0404657 len=64    rc=0   head=0xc1d0000b
IOCTL  25348159us req=0xc0384627 len=56    rc=0   head=0xc1d0000b
IOCTL  25370036us req=0xc0404657 len=64    rc=0   head=0xc1d0000b
IOCTL  25416560us req=0xc0404657 len=64    rc=0   head=0xc1d0000b
IOCTL  25431857us req=0xc0384627 len=56    rc=0   head=0xc1d0000b
IOCTL  25465125us req=0xc0404657 len=64    rc=0   head=0xc1d0000b
IOCTL  25495557us req=0xc0404657 len=64    rc=0   head=0xc1d0000b
IOCTL  25505739us req=0xc0384627 len=56    rc=0   head=0xc1d0000b
IOCTL  25535712us req=0xc0404657 len=64    rc=0   head=0xc1d0000b
IOCTL  25566719us req=0xc0404657 len=64    rc=0   head=0xc1d0000b
IOCTL  25576840us req=0xc0384627 len=56    rc=0   head=0xc1d0000b
IOCTL  25607692us req=0xc0404657 len=64    rc=0   head=0xc1d0000b
IOCTL  25637696us req=0xc0404657 len=64    rc=0   head=0xc1d0000b
IOCTL  25647674us req=0xc0384627 len=56    rc=0   head=0xc1d0000b
IOCTL  25677658us req=0xc0404657 len=64    rc=0   head=0xc1d0000b
IOCTL  25706841us req=0xc0404657 len=64    rc=0   head=0xc1d0000b
IOCTL  25717426us req=0xc0384627 len=56    rc=0   head=0xc1d0000b
IOCTL  25745839us req=0xc0404657 len=64    rc=0   head=0xc1d0000b
IOCTL  25776089us req=0xc0404657 len=64    rc=0   head=0xc1d0000b
IOCTL  25785950us req=0xc0384627 len=56    rc=0   head=0xc1d0000b
IOCTL  25814243us req=0xc0404657 len=64    rc=0   head=0xc1d0000b
IOCTL  25842619us req=0xc0404657 len=64    rc=0   head=0xc1d0000b
IOCTL  25852490us req=0xc0384627 len=56    rc=0   head=0xc1d0000b
IOCTL  25882294us req=0xc0404657 len=64    rc=0   head=0xc1d0000b
IOCTL  25912760us req=0xc0404657 len=64    rc=0   head=0xc1d0000b
IOCTL  25922708us req=0xc0384627 len=56    rc=0   head=0xc1d0000b
IOCTL  25952447us req=0xc0404657 len=64    rc=0   head=0xc1d0000b
IOCTL  25982447us req=0xc0404657 len=64    rc=0   head=0xc1d0000b
IOCTL  25992451us req=0xc0384627 len=56    rc=0   head=0xc1d0000b
IOCTL  26022538us req=0xc0404657 len=64    rc=0   head=0xc1d0000b
IOCTL  26052886us req=0xc0404657 len=64    rc=0   head=0xc1d0000b
IOCTL  26063057us req=0xc0384627 len=56    rc=0   head=0xc1d0000b
IOCTL  26093014us req=0xc0404657 len=64    rc=0   head=0xc1d0000b
IOCTL  26123129us req=0xc0404657 len=64    rc=0   head=0xc1d0000b
IOCTL  26133009us req=0xc0384627 len=56    rc=0   head=0xc1d0000b
IOCTL  26160896us req=0xc0404657 len=64    rc=0   head=0xc1d0000b
IOCTL  26188728us req=0xc0404657 len=64    rc=0   head=0xc1d0000b
IOCTL  26198814us req=0xc0384627 len=56    rc=0   head=0xc1d0000b
IOCTL  26228647us req=0xc0404657 len=64    rc=0   head=0xc1d0000b
IOCTL  26259129us req=0xc0404657 len=64    rc=0   head=0xc1d0000b
IOCTL  26269458us req=0xc0384627 len=56    rc=0   head=0xc1d0000b
IOCTL  26299681us req=0xc0404657 len=64    rc=0   head=0xc1d0000b
IOCTL  26330014us req=0xc0404657 len=64    rc=0   head=0xc1d0000b
IOCTL  26340284us req=0xc0384627 len=56    rc=0   head=0xc1d0000b
IOCTL  26370482us req=0xc0404657 len=64    rc=0   head=0xc1d0000b
IOCTL  26401047us req=0xc0404657 len=64    rc=0   head=0xc1d0000b
IOCTL  26411159us req=0xc0384627 len=56    rc=0   head=0xc1d0000b
IOCTL  26441365us req=0xc0404657 len=64    rc=0   head=0xc1d0000b
IOCTL  26471268us req=0xc0404657 len=64    rc=0   head=0xc1d0000b
IOCTL  26481127us req=0xc0384627 len=56    rc=0   head=0xc1d0000b
IOCTL  26510834us req=0xc0404657 len=64    rc=0   head=0xc1d0000b
IOCTL  26541079us req=0xc0404657 len=64    rc=0   head=0xc1d0000b
IOCTL  26551027us req=0xc0384627 len=56    rc=0   head=0xc1d0000b
IOCTL  26580575us req=0xc0404657 len=64    rc=0   head=0xc1d0000b
IOCTL  26609306us req=0xc0404657 len=64    rc=0   head=0xc1d0000b
IOCTL  26619051us req=0xc0384627 len=56    rc=0   head=0xc1d0000b
IOCTL  26648340us req=0xc0404657 len=64    rc=0   head=0xc1d0000b
IOCTL  26678320us req=0xc0404657 len=64    rc=0   head=0xc1d0000b
IOCTL  26690408us req=0xc0384627 len=56    rc=0   head=0xc1d0000b
IOCTL  26718402us req=0xc0404657 len=64    rc=0   head=0xc1d0000b
IOCTL  26748378us req=0xc0404657 len=64    rc=0   head=0xc1d0000b
IOCTL  26758973us req=0xc0384627 len=56    rc=0   head=0xc1d0000b
IOCTL  26787902us req=0xc0404657 len=64    rc=0   head=0xc1d0000b
IOCTL  26816079us req=0xc0404657 len=64    rc=0   head=0xc1d0000b
IOCTL  26825997us req=0xc0384627 len=56    rc=0   head=0xc1d0000b
IOCTL  26854646us req=0xc0404657 len=64    rc=0   head=0xc1d0000b
IOCTL  26883422us req=0xc0404657 len=64    rc=0   head=0xc1d0000b
IOCTL  26893282us req=0xc0384627 len=56    rc=0   head=0xc1d0000b
IOCTL  26922138us req=0xc0404657 len=64    rc=0   head=0xc1d0000b
IOCTL  26951443us req=0xc0404657 len=64    rc=0   head=0xc1d0000b
IOCTL  26961414us req=0xc0384627 len=56    rc=0   head=0xc1d0000b
IOCTL  26990306us req=0xc0404657 len=64    rc=0   head=0xc1d0000b
IOCTL  27019582us req=0xc0404657 len=64    rc=0   head=0xc1d0000b
IOCTL  27029781us req=0xc0384627 len=56    rc=0   head=0xc1d0000b
IOCTL  27058564us req=0xc0404657 len=64    rc=0   head=0xc1d0000b
IOCTL  27087363us req=0xc0404657 len=64    rc=0   head=0xc1d0000b
IOCTL  27097352us req=0xc0384627 len=56    rc=0   head=0xc1d0000b
IOCTL  27125723us req=0xc0404657 len=64    rc=0   head=0xc1d0000b
IOCTL  27154837us req=0xc0404657 len=64    rc=0   head=0xc1d0000b
IOCTL  27164706us req=0xc0384627 len=56    rc=0   head=0xc1d0000b
IOCTL  27194116us req=0xc0404657 len=64    rc=0   head=0xc1d0000b
IOCTL  27221547us req=0xc0404657 len=64    rc=0   head=0xc1d0000b
IOCTL  27231411us req=0xc0384627 len=56    rc=0   head=0xc1d0000b
IOCTL  27260641us req=0xc0404657 len=64    rc=0   head=0xc1d0000b
IOCTL  27290725us req=0xc0404657 len=64    rc=0   head=0xc1d0000b
IOCTL  27300672us req=0xc0384627 len=56    rc=0   head=0xc1d0000b
IOCTL  27330374us req=0xc0404657 len=64    rc=0   head=0xc1d0000b
IOCTL  27359587us req=0xc0404657 len=64    rc=0   head=0xc1d0000b
IOCTL  27369817us req=0xc0384627 len=56    rc=0   head=0xc1d0000b
IOCTL  27398364us req=0xc0404657 len=64    rc=0   head=0xc1d0000b
IOCTL  27427493us req=0xc0404657 len=64    rc=0   head=0xc1d0000b
IOCTL  27437328us req=0xc0384627 len=56    rc=0   head=0xc1d0000b
IOCTL  27466358us req=0xc0404657 len=64    rc=0   head=0xc1d0000b
IOCTL  27495557us req=0xc0404657 len=64    rc=0   head=0xc1d0000b
IOCTL  27507056us req=0xc0384627 len=56    rc=0   head=0xc1d0000b
IOCTL  27535038us req=0xc0404657 len=64    rc=0   head=0xc1d0000b
IOCTL  27563482us req=0xc0404657 len=64    rc=0   head=0xc1d0000b
IOCTL  27574592us req=0xc0384627 len=56    rc=0   head=0xc1d0000b
IOCTL  27606413us req=0xc0404657 len=64    rc=0   head=0xc1d0000b
IOCTL  27635302us req=0xc0404657 len=64    rc=0   head=0xc1d0000b
IOCTL  27645399us req=0xc0384627 len=56    rc=0   head=0xc1d0000b
IOCTL  27674081us req=0xc0404657 len=64    rc=0   head=0xc1d0000b
IOCTL  27704510us req=0xc0404657 len=64    rc=0   head=0xc1d0000b
IOCTL  27716609us req=0xc0384627 len=56    rc=0   head=0xc1d0000b
IOCTL  27749610us req=0xc0404657 len=64    rc=0   head=0xc1d0000b
IOCTL  27781287us req=0xc0404657 len=64    rc=0   head=0xc1d0000b
IOCTL  27794034us req=0xc0384627 len=56    rc=0   head=0xc1d0000b
IOCTL  27826039us req=0xc0404657 len=64    rc=0   head=0xc1d0000b
IOCTL  27855831us req=0xc0404657 len=64    rc=0   head=0xc1d0000b
IOCTL  27866029us req=0xc0384627 len=56    rc=0   head=0xc1d0000b
IOCTL  27895822us req=0xc0404657 len=64    rc=0   head=0xc1d0000b
IOCTL  27924760us req=0xc0404657 len=64    rc=0   head=0xc1d0000b
IOCTL  27935128us req=0xc0384627 len=56    rc=0   head=0xc1d0000b
IOCTL  27963600us req=0xc0404657 len=64    rc=0   head=0xc1d0000b
IOCTL  27990444us req=0xc0404657 len=64    rc=0   head=0xc1d0000b
IOCTL  28000361us req=0xc0384627 len=56    rc=0   head=0xc1d0000b
IOCTL  28028565us req=0xc0404657 len=64    rc=0   head=0xc1d0000b
IOCTL  28055734us req=0xc0404657 len=64    rc=0   head=0xc1d0000b
IOCTL  28066301us req=0xc0384627 len=56    rc=0   head=0xc1d0000b
IOCTL  28095026us req=0xc0404657 len=64    rc=0   head=0xc1d0000b
IOCTL  28122057us req=0xc0404657 len=64    rc=0   head=0xc1d0000b
IOCTL  28132059us req=0xc0384627 len=56    rc=0   head=0xc1d0000b
IOCTL  28159527us req=0xc0404657 len=64    rc=0   head=0xc1d0000b
IOCTL  28189512us req=0xc0404657 len=64    rc=0   head=0xc1d0000b
IOCTL  28200532us req=0xc0384627 len=56    rc=0   head=0xc1d0000b
IOCTL  28229034us req=0xc0404657 len=64    rc=0   head=0xc1d0000b
IOCTL  28257150us req=0xc0404657 len=64    rc=0   head=0xc1d0000b
IOCTL  28267388us req=0xc0384627 len=56    rc=0   head=0xc1d0000b
IOCTL  28293087us req=0xc0404657 len=64    rc=0   head=0xc1d0000b
IOCTL  28319170us req=0xc0404657 len=64    rc=0   head=0xc1d0000b
IOCTL  28329164us req=0xc0384627 len=56    rc=0   head=0xc1d0000b
IOCTL  28354693us req=0xc0404657 len=64    rc=0   head=0xc1d0000b
IOCTL  28380777us req=0xc0404657 len=64    rc=0   head=0xc1d0000b
IOCTL  28391173us req=0xc0384627 len=56    rc=0   head=0xc1d0000b
IOCTL  28416293us req=0xc0404657 len=64    rc=0   head=0xc1d0000b
IOCTL  28442089us req=0xc0404657 len=64    rc=0   head=0xc1d0000b
IOCTL  28454272us req=0xc0384627 len=56    rc=0   head=0xc1d0000b
IOCTL  28481708us req=0xc0404657 len=64    rc=0   head=0xc1d0000b
IOCTL  28507294us req=0xc0404657 len=64    rc=0   head=0xc1d0000b
IOCTL  28517442us req=0xc0384627 len=56    rc=0   head=0xc1d0000b
IOCTL  28543281us req=0xc0404657 len=64    rc=0   head=0xc1d0000b
IOCTL  28567902us req=0xc0404657 len=64    rc=0   head=0xc1d0000b
IOCTL  28577841us req=0xc0384627 len=56    rc=0   head=0xc1d0000b
IOCTL  28603102us req=0xc0404657 len=64    rc=0   head=0xc1d0000b
IOCTL  28630737us req=0xc0404657 len=64    rc=0   head=0xc1d0000b
IOCTL  28640976us req=0xc0384627 len=56    rc=0   head=0xc1d0000b
IOCTL  28666822us req=0xc0404657 len=64    rc=0   head=0xc1d0000b
IOCTL  28694522us req=0xc0404657 len=64    rc=0   head=0xc1d0000b
IOCTL  28705841us req=0xc0384627 len=56    rc=0   head=0xc1d0000b
IOCTL  28734347us req=0xc0404657 len=64    rc=0   head=0xc1d0000b
IOCTL  28762141us req=0xc0404657 len=64    rc=0   head=0xc1d0000b
IOCTL  28772342us req=0xc0384627 len=56    rc=0   head=0xc1d0000b
IOCTL  28797497us req=0xc0404657 len=64    rc=0   head=0xc1d0000b
IOCTL  28825713us req=0xc0404657 len=64    rc=0   head=0xc1d0000b
IOCTL  28835742us req=0xc0384627 len=56    rc=0   head=0xc1d0000b
IOCTL  28860839us req=0xc0404657 len=64    rc=0   head=0xc1d0000b
IOCTL  28889481us req=0xc0404657 len=64    rc=0   head=0xc1d0000b
IOCTL  28899667us req=0xc0384627 len=56    rc=0   head=0xc1d0000b
IOCTL  28929064us req=0xc0404657 len=64    rc=0   head=0xc1d0000b
IOCTL  28957749us req=0xc0404657 len=64    rc=0   head=0xc1d0000b
IOCTL  28968143us req=0xc0384627 len=56    rc=0   head=0xc1d0000b
IOCTL  28996607us req=0xc0404657 len=64    rc=0   head=0xc1d0000b
IOCTL  29026382us req=0xc0404657 len=64    rc=0   head=0xc1d0000b
IOCTL  29037719us req=0xc0384627 len=56    rc=0   head=0xc1d0000b
IOCTL  29068331us req=0xc0404657 len=64    rc=0   head=0xc1d0000b
IOCTL  29099574us req=0xc0404657 len=64    rc=0   head=0xc1d0000b
IOCTL  29110247us req=0xc0384627 len=56    rc=0   head=0xc1d0000b
IOCTL  29139393us req=0xc0404657 len=64    rc=0   head=0xc1d0000b
IOCTL  29169080us req=0xc0404657 len=64    rc=0   head=0xc1d0000b
IOCTL  29179258us req=0xc0384627 len=56    rc=0   head=0xc1d0000b
IOCTL  29208442us req=0xc0404657 len=64    rc=0   head=0xc1d0000b
IOCTL  29235286us req=0xc0404657 len=64    rc=0   head=0xc1d0000b
IOCTL  29245843us req=0xc0384627 len=56    rc=0   head=0xc1d0000b
IOCTL  29274132us req=0xc0404657 len=64    rc=0   head=0xc1d0000b
IOCTL  29301292us req=0xc0404657 len=64    rc=0   head=0xc1d0000b
IOCTL  29311475us req=0xc0384627 len=56    rc=0   head=0xc1d0000b
IOCTL  29339541us req=0xc0404657 len=64    rc=0   head=0xc1d0000b
IOCTL  29366038us req=0xc0404657 len=64    rc=0   head=0xc1d0000b
IOCTL  29376181us req=0xc0384627 len=56    rc=0   head=0xc1d0000b
IOCTL  29405084us req=0xc0404657 len=64    rc=0   head=0xc1d0000b
IOCTL  29431344us req=0xc0404657 len=64    rc=0   head=0xc1d0000b
IOCTL  29441057us req=0xc0384627 len=56    rc=0   head=0xc1d0000b
IOCTL  29466595us req=0xc0404657 len=64    rc=0   head=0xc1d0000b
IOCTL  29492129us req=0xc0404657 len=64    rc=0   head=0xc1d0000b
IOCTL  29502263us req=0xc0384627 len=56    rc=0   head=0xc1d0000b
IOCTL  29527493us req=0xc0404657 len=64    rc=0   head=0xc1d0000b
IOCTL  29554448us req=0xc0404657 len=64    rc=0   head=0xc1d0000b
IOCTL  29564588us req=0xc0384627 len=56    rc=0   head=0xc1d0000b
IOCTL  29590063us req=0xc0404657 len=64    rc=0   head=0xc1d0000b
IOCTL  29618327us req=0xc0404657 len=64    rc=0   head=0xc1d0000b
IOCTL  29627976us req=0xc0384627 len=56    rc=0   head=0xc1d0000b
IOCTL  29654430us req=0xc0404657 len=64    rc=0   head=0xc1d0000b
IOCTL  29683431us req=0xc0404657 len=64    rc=0   head=0xc1d0000b
IOCTL  29694278us req=0xc0384627 len=56    rc=0   head=0xc1d0000b
IOCTL  29723732us req=0xc0404657 len=64    rc=0   head=0xc1d0000b
IOCTL  29754568us req=0xc0404657 len=64    rc=0   head=0xc1d0000b
IOCTL  29766068us req=0xc0384627 len=56    rc=0   head=0xc1d0000b
IOCTL  29798076us req=0xc0404657 len=64    rc=0   head=0xc1d0000b
IOCTL  29826496us req=0xc0404657 len=64    rc=0   head=0xc1d0000b
IOCTL  29837606us req=0xc0384627 len=56    rc=0   head=0xc1d0000b
IOCTL  29867518us req=0xc0404657 len=64    rc=0   head=0xc1d0000b
IOCTL  29899362us req=0xc0404657 len=64    rc=0   head=0xc1d0000b
IOCTL  29910821us req=0xc0384627 len=56    rc=0   head=0xc1d0000b
IOCTL  29941517us req=0xc0404657 len=64    rc=0   head=0xc1d0000b
IOCTL  29972470us req=0xc0404657 len=64    rc=0   head=0xc1d0000b
IOCTL  29983986us req=0xc0384627 len=56    rc=0   head=0xc1d0000b
IOCTL  30015530us req=0xc0404657 len=64    rc=0   head=0xc1d0000b
IOCTL  30047341us req=0xc0404657 len=64    rc=0   head=0xc1d0000b
IOCTL  30059052us req=0xc0384627 len=56    rc=0   head=0xc1d0000b
IOCTL  30090277us req=0xc0404657 len=64    rc=0   head=0xc1d0000b
IOCTL  30121581us req=0xc0404657 len=64    rc=0   head=0xc1d0000b
IOCTL  30132042us req=0xc0384627 len=56    rc=0   head=0xc1d0000b
IOCTL  30161064us req=0xc0404657 len=64    rc=0   head=0xc1d0000b
IOCTL  30190836us req=0xc0404657 len=64    rc=0   head=0xc1d0000b
IOCTL  30200817us req=0xc0384627 len=56    rc=0   head=0xc1d0000b
IOCTL  30229716us req=0xc0404657 len=64    rc=0   head=0xc1d0000b
IOCTL  30257439us req=0xc0404657 len=64    rc=0   head=0xc1d0000b
IOCTL  30267595us req=0xc0384627 len=56    rc=0   head=0xc1d0000b
IOCTL  30295393us req=0xc0404657 len=64    rc=0   head=0xc1d0000b
IOCTL  30323459us req=0xc0404657 len=64    rc=0   head=0xc1d0000b
IOCTL  30333166us req=0xc0384627 len=56    rc=0   head=0xc1d0000b
IOCTL  30363076us req=0xc0404657 len=64    rc=0   head=0xc1d0000b
IOCTL  30392151us req=0xc0404657 len=64    rc=0   head=0xc1d0000b
IOCTL  30402380us req=0xc0384627 len=56    rc=0   head=0xc1d0000b
IOCTL  30431417us req=0xc0404657 len=64    rc=0   head=0xc1d0000b
IOCTL  30460419us req=0xc0404657 len=64    rc=0   head=0xc1d0000b
IOCTL  30470552us req=0xc0384627 len=56    rc=0   head=0xc1d0000b
IOCTL  30499320us req=0xc0404657 len=64    rc=0   head=0xc1d0000b
IOCTL  30527988us req=0xc0404657 len=64    rc=0   head=0xc1d0000b
IOCTL  30537843us req=0xc0384627 len=56    rc=0   head=0xc1d0000b
IOCTL  30567041us req=0xc0404657 len=64    rc=0   head=0xc1d0000b
IOCTL  30596059us req=0xc0404657 len=64    rc=0   head=0xc1d0000b
IOCTL  30606135us req=0xc0384627 len=56    rc=0   head=0xc1d0000b
IOCTL  30635502us req=0xc0404657 len=64    rc=0   head=0xc1d0000b
IOCTL  30664561us req=0xc0404657 len=64    rc=0   head=0xc1d0000b
IOCTL  30674554us req=0xc0384627 len=56    rc=0   head=0xc1d0000b
IOCTL  30704747us req=0xc0404657 len=64    rc=0   head=0xc1d0000b
IOCTL  30735434us req=0xc0404657 len=64    rc=0   head=0xc1d0000b
IOCTL  30747475us req=0xc0384627 len=56    rc=0   head=0xc1d0000b
IOCTL  30778450us req=0xc0404657 len=64    rc=0   head=0xc1d0000b
IOCTL  30811104us req=0xc0404657 len=64    rc=0   head=0xc1d0000b
IOCTL  30821593us req=0xc0384627 len=56    rc=0   head=0xc1d0000b
IOCTL  30851474us req=0xc0404657 len=64    rc=0   head=0xc1d0000b
IOCTL  30880301us req=0xc0404657 len=64    rc=0   head=0xc1d0000b
IOCTL  30890132us req=0xc0384627 len=56    rc=0   head=0xc1d0000b
IOCTL  30919420us req=0xc0404657 len=64    rc=0   head=0xc1d0000b
IOCTL  30948981us req=0xc0404657 len=64    rc=0   head=0xc1d0000b
IOCTL  30959160us req=0xc0384627 len=56    rc=0   head=0xc1d0000b
IOCTL  30988729us req=0xc0404657 len=64    rc=0   head=0xc1d0000b
IOCTL  31014594us req=0xc0404657 len=64    rc=0   head=0xc1d0000b
IOCTL  31025106us req=0xc0384627 len=56    rc=0   head=0xc1d0000b
IOCTL  31055359us req=0xc0404657 len=64    rc=0   head=0xc1d0000b
IOCTL  31084930us req=0xc0404657 len=64    rc=0   head=0xc1d0000b
IOCTL  31089691us req=0xc0384627 len=56    rc=0   head=0xc1d0000b
IOCTL  31110124us req=0xc0404657 len=64    rc=0   head=0xc1d0000b
IOCTL  31128860us req=0xc0404657 len=64    rc=0   head=0xc1d0000b
IOCTL  31133748us req=0xc0384627 len=56    rc=0   head=0xc1d0000b
IOCTL  31151825us req=0xc0404657 len=64    rc=0   head=0xc1d0000b
IOCTL  31172468us req=0xc0404657 len=64    rc=0   head=0xc1d0000b
IOCTL  31177756us req=0xc0384627 len=56    rc=0   head=0xc1d0000b
IOCTL  31197389us req=0xc0404657 len=64    rc=0   head=0xc1d0000b
IOCTL  31216287us req=0xc0404657 len=64    rc=0   head=0xc1d0000b
IOCTL  31221130us req=0xc0384627 len=56    rc=0   head=0xc1d0000b
IOCTL  31245777us req=0xc0404657 len=64    rc=0   head=0xc1d0000b
IOCTL  31267102us req=0xc0404657 len=64    rc=0   head=0xc1d0000b
IOCTL  31272245us req=0xc0384627 len=56    rc=0   head=0xc1d0000b
IOCTL  31292156us req=0xc0404657 len=64    rc=0   head=0xc1d0000b
IOCTL  31309945us req=0xc0404657 len=64    rc=0   head=0xc1d0000b
IOCTL  31315032us req=0xc0384627 len=56    rc=0   head=0xc1d0000b
IOCTL  31335734us req=0xc0404657 len=64    rc=0   head=0xc1d0000b
IOCTL  31355831us req=0xc0404657 len=64    rc=0   head=0xc1d0000b
IOCTL  31360527us req=0xc0384627 len=56    rc=0   head=0xc1d0000b
IOCTL  31378375us req=0xc0404657 len=64    rc=0   head=0xc1d0000b
IOCTL  31397759us req=0xc0404657 len=64    rc=0   head=0xc1d0000b
IOCTL  31402926us req=0xc0384627 len=56    rc=0   head=0xc1d0000b
IOCTL  31423556us req=0xc0404657 len=64    rc=0   head=0xc1d0000b
IOCTL  31445155us req=0xc0404657 len=64    rc=0   head=0xc1d0000b
IOCTL  31450358us req=0xc0384627 len=56    rc=0   head=0xc1d0000b
IOCTL  31472067us req=0xc0404657 len=64    rc=0   head=0xc1d0000b
IOCTL  31490731us req=0xc0404657 len=64    rc=0   head=0xc1d0000b
IOCTL  31496314us req=0xc0384627 len=56    rc=0   head=0xc1d0000b
IOCTL  31516516us req=0xc0404657 len=64    rc=0   head=0xc1d0000b
IOCTL  31536609us req=0xc0404657 len=64    rc=0   head=0xc1d0000b
IOCTL  31541551us req=0xc0384627 len=56    rc=0   head=0xc1d0000b
IOCTL  31560311us req=0xc0404657 len=64    rc=0   head=0xc1d0000b
IOCTL  31579128us req=0xc0404657 len=64    rc=0   head=0xc1d0000b
IOCTL  31585497us req=0xc0384627 len=56    rc=0   head=0xc1d0000b
IOCTL  31605476us req=0xc0404657 len=64    rc=0   head=0xc1d0000b
IOCTL  31627041us req=0xc0404657 len=64    rc=0   head=0xc1d0000b
IOCTL  31632548us req=0xc0384627 len=56    rc=0   head=0xc1d0000b
IOCTL  31653448us req=0xc0404657 len=64    rc=0   head=0xc1d0000b
IOCTL  31674109us req=0xc0404657 len=64    rc=0   head=0xc1d0000b
IOCTL  31678932us req=0xc0384627 len=56    rc=0   head=0xc1d0000b
IOCTL  31718051us req=0xc0404657 len=64    rc=0   head=0xc1d0000b
IOCTL  31759385us req=0xc0404657 len=64    rc=0   head=0xc1d0000b
IOCTL  31764514us req=0xc0384627 len=56    rc=0   head=0xc1d0000b
IOCTL  31784687us req=0xc0404657 len=64    rc=0   head=0xc1d0000b
IOCTL  31805580us req=0xc0404657 len=64    rc=0   head=0xc1d0000b
IOCTL  31810264us req=0xc0384627 len=56    rc=0   head=0xc1d0000b
IOCTL  31831080us req=0xc0404657 len=64    rc=0   head=0xc1d0000b
IOCTL  31849490us req=0xc0404657 len=64    rc=0   head=0xc1d0000b
IOCTL  31854331us req=0xc0384627 len=56    rc=0   head=0xc1d0000b
IOCTL  31875964us req=0xc0404657 len=64    rc=0   head=0xc1d0000b
IOCTL  31893712us req=0xc0404657 len=64    rc=0   head=0xc1d0000b
IOCTL  31898595us req=0xc0384627 len=56    rc=0   head=0xc1d0000b
IOCTL  31920980us req=0xc0404657 len=64    rc=0   head=0xc1d0000b
IOCTL  31943348us req=0xc0404657 len=64    rc=0   head=0xc1d0000b
IOCTL  31948686us req=0xc0384627 len=56    rc=0   head=0xc1d0000b
IOCTL  31970855us req=0xc0404657 len=64    rc=0   head=0xc1d0000b
IOCTL  31992013us req=0xc0404657 len=64    rc=0   head=0xc1d0000b
IOCTL  31997479us req=0xc0384627 len=56    rc=0   head=0xc1d0000b
IOCTL  32019006us req=0xc0404657 len=64    rc=0   head=0xc1d0000b
IOCTL  32040351us req=0xc0404657 len=64    rc=0   head=0xc1d0000b
IOCTL  32045364us req=0xc0384627 len=56    rc=0   head=0xc1d0000b
IOCTL  32065525us req=0xc0404657 len=64    rc=0   head=0xc1d0000b
IOCTL  32086528us req=0xc0404657 len=64    rc=0   head=0xc1d0000b
IOCTL  32091432us req=0xc0384627 len=56    rc=0   head=0xc1d0000b
IOCTL  32112426us req=0xc0404657 len=64    rc=0   head=0xc1d0000b
IOCTL  32131938us req=0xc0404657 len=64    rc=0   head=0xc1d0000b
IOCTL  32136656us req=0xc0384627 len=56    rc=0   head=0xc1d0000b
IOCTL  32154681us req=0xc0404657 len=64    rc=0   head=0xc1d0000b
IOCTL  32175231us req=0xc0404657 len=64    rc=0   head=0xc1d0000b
IOCTL  32180060us req=0xc0384627 len=56    rc=0   head=0xc1d0000b
IOCTL  32200898us req=0xc0404657 len=64    rc=0   head=0xc1d0000b
IOCTL  32221611us req=0xc0404657 len=64    rc=0   head=0xc1d0000b
IOCTL  32226137us req=0xc0384627 len=56    rc=0   head=0xc1d0000b
IOCTL  32250707us req=0xc0404657 len=64    rc=0   head=0xc1d0000b
IOCTL  32271578us req=0xc0404657 len=64    rc=0   head=0xc1d0000b
IOCTL  32276405us req=0xc0384627 len=56    rc=0   head=0xc1d0000b
IOCTL  32296848us req=0xc0404657 len=64    rc=0   head=0xc1d0000b
IOCTL  32315647us req=0xc0404657 len=64    rc=0   head=0xc1d0000b
IOCTL  32320428us req=0xc0384627 len=56    rc=0   head=0xc1d0000b
IOCTL  32339446us req=0xc0404657 len=64    rc=0   head=0xc1d0000b
IOCTL  32360127us req=0xc0404657 len=64    rc=0   head=0xc1d0000b
IOCTL  32364773us req=0xc0384627 len=56    rc=0   head=0xc1d0000b
IOCTL  32384585us req=0xc0404657 len=64    rc=0   head=0xc1d0000b
IOCTL  32402637us req=0xc0404657 len=64    rc=0   head=0xc1d0000b
IOCTL  32407356us req=0xc0384627 len=56    rc=0   head=0xc1d0000b
IOCTL  32427658us req=0xc0404657 len=64    rc=0   head=0xc1d0000b
IOCTL  32447423us req=0xc0404657 len=64    rc=0   head=0xc1d0000b
IOCTL  32451963us req=0xc0384627 len=56    rc=0   head=0xc1d0000b
IOCTL  32473654us req=0xc0404657 len=64    rc=0   head=0xc1d0000b
IOCTL  32495720us req=0xc0404657 len=64    rc=0   head=0xc1d0000b
IOCTL  32501042us req=0xc0384627 len=56    rc=0   head=0xc1d0000b
IOCTL  32527089us req=0xc0404657 len=64    rc=0   head=0xc1d0000b
IOCTL  32549006us req=0xc0404657 len=64    rc=0   head=0xc1d0000b
IOCTL  32553764us req=0xc0384627 len=56    rc=0   head=0xc1d0000b
IOCTL  32575020us req=0xc0404657 len=64    rc=0   head=0xc1d0000b
IOCTL  32595853us req=0xc0404657 len=64    rc=0   head=0xc1d0000b
IOCTL  32600498us req=0xc0384627 len=56    rc=0   head=0xc1d0000b
IOCTL  32622711us req=0xc0404657 len=64    rc=0   head=0xc1d0000b
IOCTL  32643217us req=0xc0404657 len=64    rc=0   head=0xc1d0000b
IOCTL  32648502us req=0xc0384627 len=56    rc=0   head=0xc1d0000b
IOCTL  32670339us req=0xc0404657 len=64    rc=0   head=0xc1d0000b
IOCTL  32691501us req=0xc0404657 len=64    rc=0   head=0xc1d0000b
IOCTL  32696975us req=0xc0384627 len=56    rc=0   head=0xc1d0000b
IOCTL  32718563us req=0xc0404657 len=64    rc=0   head=0xc1d0000b
IOCTL  32739870us req=0xc0404657 len=64    rc=0   head=0xc1d0000b
IOCTL  32745443us req=0xc0384627 len=56    rc=0   head=0xc1d0000b
IOCTL  32767312us req=0xc0404657 len=64    rc=0   head=0xc1d0000b
IOCTL  32788963us req=0xc0404657 len=64    rc=0   head=0xc1d0000b
IOCTL  32794457us req=0xc0384627 len=56    rc=0   head=0xc1d0000b
IOCTL  32816552us req=0xc0404657 len=64    rc=0   head=0xc1d0000b
IOCTL  32837268us req=0xc0404657 len=64    rc=0   head=0xc1d0000b
IOCTL  32842102us req=0xc0384627 len=56    rc=0   head=0xc1d0000b
IOCTL  32863605us req=0xc0404657 len=64    rc=0   head=0xc1d0000b
IOCTL  32884344us req=0xc0404657 len=64    rc=0   head=0xc1d0000b
IOCTL  32889353us req=0xc0384627 len=56    rc=0   head=0xc1d0000b
IOCTL  32909099us req=0xc0404657 len=64    rc=0   head=0xc1d0000b
IOCTL  32930060us req=0xc0404657 len=64    rc=0   head=0xc1d0000b
IOCTL  32935056us req=0xc0384627 len=56    rc=0   head=0xc1d0000b
IOCTL  32956039us req=0xc0404657 len=64    rc=0   head=0xc1d0000b
IOCTL  32977114us req=0xc0404657 len=64    rc=0   head=0xc1d0000b
IOCTL  32982094us req=0xc0384627 len=56    rc=0   head=0xc1d0000b
IOCTL  33005686us req=0xc0404657 len=64    rc=0   head=0xc1d0000b
IOCTL  33026573us req=0xc0404657 len=64    rc=0   head=0xc1d0000b
IOCTL  33031736us req=0xc0384627 len=56    rc=0   head=0xc1d0000b
IOCTL  33050818us req=0xc0404657 len=64    rc=0   head=0xc1d0000b
IOCTL  33071590us req=0xc0404657 len=64    rc=0   head=0xc1d0000b
IOCTL  33076498us req=0xc0384627 len=56    rc=0   head=0xc1d0000b
IOCTL  33096853us req=0xc0404657 len=64    rc=0   head=0xc1d0000b
IOCTL  33116562us req=0xc0404657 len=64    rc=0   head=0xc1d0000b
IOCTL  33121408us req=0xc0384627 len=56    rc=0   head=0xc1d0000b
IOCTL  33139707us req=0xc0404657 len=64    rc=0   head=0xc1d0000b
IOCTL  33160087us req=0xc0404657 len=64    rc=0   head=0xc1d0000b
IOCTL  33164544us req=0xc0384627 len=56    rc=0   head=0xc1d0000b
IOCTL  33182744us req=0xc0404657 len=64    rc=0   head=0xc1d0000b
IOCTL  33201519us req=0xc0404657 len=64    rc=0   head=0xc1d0000b
IOCTL  33206106us req=0xc0384627 len=56    rc=0   head=0xc1d0000b
IOCTL  33227144us req=0xc0404657 len=64    rc=0   head=0xc1d0000b
IOCTL  33247257us req=0xc0404657 len=64    rc=0   head=0xc1d0000b
IOCTL  33251819us req=0xc0384627 len=56    rc=0   head=0xc1d0000b
IOCTL  33269455us req=0xc0404657 len=64    rc=0   head=0xc1d0000b
IOCTL  33289447us req=0xc0404657 len=64    rc=0   head=0xc1d0000b
IOCTL  33294168us req=0xc0384627 len=56    rc=0   head=0xc1d0000b
IOCTL  33313921us req=0xc0404657 len=64    rc=0   head=0xc1d0000b
IOCTL  33333371us req=0xc0404657 len=64    rc=0   head=0xc1d0000b
IOCTL  33337832us req=0xc0384627 len=56    rc=0   head=0xc1d0000b
IOCTL  33356080us req=0xc0404657 len=64    rc=0   head=0xc1d0000b
IOCTL  33378535us req=0xc0404657 len=64    rc=0   head=0xc1d0000b
IOCTL  33383389us req=0xc0384627 len=56    rc=0   head=0xc1d0000b
IOCTL  33402825us req=0xc0404657 len=64    rc=0   head=0xc1d0000b
IOCTL  33424269us req=0xc0404657 len=64    rc=0   head=0xc1d0000b
IOCTL  33428821us req=0xc0384627 len=56    rc=0   head=0xc1d0000b
IOCTL  33449782us req=0xc0404657 len=64    rc=0   head=0xc1d0000b
IOCTL  33470286us req=0xc0404657 len=64    rc=0   head=0xc1d0000b
IOCTL  33474748us req=0xc0384627 len=56    rc=0   head=0xc1d0000b
IOCTL  33493728us req=0xc0404657 len=64    rc=0   head=0xc1d0000b
IOCTL  33515076us req=0xc0404657 len=64    rc=0   head=0xc1d0000b
IOCTL  33519647us req=0xc0384627 len=56    rc=0   head=0xc1d0000b
IOCTL  33540457us req=0xc0404657 len=64    rc=0   head=0xc1d0000b
IOCTL  33562098us req=0xc0404657 len=64    rc=0   head=0xc1d0000b
IOCTL  33566847us req=0xc0384627 len=56    rc=0   head=0xc1d0000b
IOCTL  33588671us req=0xc0404657 len=64    rc=0   head=0xc1d0000b
IOCTL  33609240us req=0xc0404657 len=64    rc=0   head=0xc1d0000b
IOCTL  33613782us req=0xc0384627 len=56    rc=0   head=0xc1d0000b
IOCTL  33633899us req=0xc0404657 len=64    rc=0   head=0xc1d0000b
IOCTL  33653447us req=0xc0404657 len=64    rc=0   head=0xc1d0000b
IOCTL  33658057us req=0xc0384627 len=56    rc=0   head=0xc1d0000b
IOCTL  33677404us req=0xc0404657 len=64    rc=0   head=0xc1d0000b
IOCTL  33699310us req=0xc0404657 len=64    rc=0   head=0xc1d0000b
IOCTL  33704137us req=0xc0384627 len=56    rc=0   head=0xc1d0000b
IOCTL  33724119us req=0xc0404657 len=64    rc=0   head=0xc1d0000b
IOCTL  33744828us req=0xc0404657 len=64    rc=0   head=0xc1d0000b
IOCTL  33749673us req=0xc0384627 len=56    rc=0   head=0xc1d0000b
IOCTL  33771579us req=0xc0404657 len=64    rc=0   head=0xc1d0000b
IOCTL  33792838us req=0xc0404657 len=64    rc=0   head=0xc1d0000b
IOCTL  33797763us req=0xc0384627 len=56    rc=0   head=0xc1d0000b
IOCTL  33818257us req=0xc0404657 len=64    rc=0   head=0xc1d0000b
IOCTL  33837896us req=0xc0404657 len=64    rc=0   head=0xc1d0000b
IOCTL  33842474us req=0xc0384627 len=56    rc=0   head=0xc1d0000b
IOCTL  33862434us req=0xc0404657 len=64    rc=0   head=0xc1d0000b
IOCTL  33881895us req=0xc0404657 len=64    rc=0   head=0xc1d0000b
IOCTL  33886633us req=0xc0384627 len=56    rc=0   head=0xc1d0000b
IOCTL  33906263us req=0xc0404657 len=64    rc=0   head=0xc1d0000b
IOCTL  33926087us req=0xc0404657 len=64    rc=0   head=0xc1d0000b
IOCTL  33930598us req=0xc0384627 len=56    rc=0   head=0xc1d0000b
IOCTL  33949822us req=0xc0404657 len=64    rc=0   head=0xc1d0000b
IOCTL  33969448us req=0xc0404657 len=64    rc=0   head=0xc1d0000b
IOCTL  33974080us req=0xc0384627 len=56    rc=0   head=0xc1d0000b
IOCTL  33993464us req=0xc0404657 len=64    rc=0   head=0xc1d0000b
IOCTL  34013248us req=0xc0404657 len=64    rc=0   head=0xc1d0000b
IOCTL  34017784us req=0xc0384627 len=56    rc=0   head=0xc1d0000b
IOCTL  34037879us req=0xc0404657 len=64    rc=0   head=0xc1d0000b
IOCTL  34056817us req=0xc0404657 len=64    rc=0   head=0xc1d0000b
IOCTL  34061329us req=0xc0384627 len=56    rc=0   head=0xc1d0000b
IOCTL  34080534us req=0xc0404657 len=64    rc=0   head=0xc1d0000b
IOCTL  34100029us req=0xc0404657 len=64    rc=0   head=0xc1d0000b
IOCTL  34104720us req=0xc0384627 len=56    rc=0   head=0xc1d0000b
IOCTL  34124419us req=0xc0404657 len=64    rc=0   head=0xc1d0000b
IOCTL  34144255us req=0xc0404657 len=64    rc=0   head=0xc1d0000b
IOCTL  34148883us req=0xc0384627 len=56    rc=0   head=0xc1d0000b
IOCTL  34168220us req=0xc0404657 len=64    rc=0   head=0xc1d0000b
IOCTL  34187821us req=0xc0404657 len=64    rc=0   head=0xc1d0000b
IOCTL  34192387us req=0xc0384627 len=56    rc=0   head=0xc1d0000b
IOCTL  34211256us req=0xc0404657 len=64    rc=0   head=0xc1d0000b
IOCTL  34229340us req=0xc0404657 len=64    rc=0   head=0xc1d0000b
IOCTL  34233924us req=0xc0384627 len=56    rc=0   head=0xc1d0000b
IOCTL  34250991us req=0xc0404657 len=64    rc=0   head=0xc1d0000b
IOCTL  34267714us req=0xc0404657 len=64    rc=0   head=0xc1d0000b
IOCTL  34273056us req=0xc0384627 len=56    rc=0   head=0xc1d0000b
IOCTL  34289703us req=0xc0404657 len=64    rc=0   head=0xc1d0000b
IOCTL  34306501us req=0xc0404657 len=64    rc=0   head=0xc1d0000b
IOCTL  34311317us req=0xc0384627 len=56    rc=0   head=0xc1d0000b
IOCTL  34330417us req=0xc0404657 len=64    rc=0   head=0xc1d0000b
IOCTL  34347069us req=0xc0404657 len=64    rc=0   head=0xc1d0000b
IOCTL  34351715us req=0xc0384627 len=56    rc=0   head=0xc1d0000b
IOCTL  34367922us req=0xc0404657 len=64    rc=0   head=0xc1d0000b
IOCTL  34385896us req=0xc0404657 len=64    rc=0   head=0xc1d0000b
IOCTL  34390509us req=0xc0384627 len=56    rc=0   head=0xc1d0000b
IOCTL  34407829us req=0xc0404657 len=64    rc=0   head=0xc1d0000b
IOCTL  34424649us req=0xc0404657 len=64    rc=0   head=0xc1d0000b
IOCTL  34429291us req=0xc0384627 len=56    rc=0   head=0xc1d0000b
IOCTL  34448216us req=0xc0404657 len=64    rc=0   head=0xc1d0000b
IOCTL  34466325us req=0xc0404657 len=64    rc=0   head=0xc1d0000b
IOCTL  34470878us req=0xc0384627 len=56    rc=0   head=0xc1d0000b
IOCTL  34486702us req=0xc0404657 len=64    rc=0   head=0xc1d0000b
IOCTL  34503860us req=0xc0404657 len=64    rc=0   head=0xc1d0000b
IOCTL  34508420us req=0xc0384627 len=56    rc=0   head=0xc1d0000b
IOCTL  34527624us req=0xc0404657 len=64    rc=0   head=0xc1d0000b
IOCTL  34543473us req=0xc0404657 len=64    rc=0   head=0xc1d0000b
IOCTL  34548036us req=0xc0384627 len=56    rc=0   head=0xc1d0000b
IOCTL  34564446us req=0xc0404657 len=64    rc=0   head=0xc1d0000b
IOCTL  34580506us req=0xc0404657 len=64    rc=0   head=0xc1d0000b
IOCTL  34585124us req=0xc0384627 len=56    rc=0   head=0xc1d0000b
IOCTL  34604459us req=0xc0404657 len=64    rc=0   head=0xc1d0000b
IOCTL  34620675us req=0xc0404657 len=64    rc=0   head=0xc1d0000b
IOCTL  34625292us req=0xc0384627 len=56    rc=0   head=0xc1d0000b
IOCTL  34642565us req=0xc0404657 len=64    rc=0   head=0xc1d0000b
IOCTL  34660316us req=0xc0404657 len=64    rc=0   head=0xc1d0000b
IOCTL  34664837us req=0xc0384627 len=56    rc=0   head=0xc1d0000b
IOCTL  34682460us req=0xc0404657 len=64    rc=0   head=0xc1d0000b
IOCTL  34701616us req=0xc0404657 len=64    rc=0   head=0xc1d0000b
IOCTL  34706493us req=0xc0384627 len=56    rc=0   head=0xc1d0000b
IOCTL  34725908us req=0xc0404657 len=64    rc=0   head=0xc1d0000b
IOCTL  34744625us req=0xc0404657 len=64    rc=0   head=0xc1d0000b
IOCTL  34749308us req=0xc0384627 len=56    rc=0   head=0xc1d0000b
IOCTL  34767384us req=0xc0404657 len=64    rc=0   head=0xc1d0000b
IOCTL  34785515us req=0xc0404657 len=64    rc=0   head=0xc1d0000b
IOCTL  34790380us req=0xc0384627 len=56    rc=0   head=0xc1d0000b
IOCTL  34809247us req=0xc0404657 len=64    rc=0   head=0xc1d0000b
IOCTL  34828459us req=0xc0404657 len=64    rc=0   head=0xc1d0000b
IOCTL  34833027us req=0xc0384627 len=56    rc=0   head=0xc1d0000b
IOCTL  34851092us req=0xc0404657 len=64    rc=0   head=0xc1d0000b
IOCTL  34869011us req=0xc0404657 len=64    rc=0   head=0xc1d0000b
IOCTL  34873624us req=0xc0384627 len=56    rc=0   head=0xc1d0000b
IOCTL  34891067us req=0xc0404657 len=64    rc=0   head=0xc1d0000b
IOCTL  34909214us req=0xc0404657 len=64    rc=0   head=0xc1d0000b
IOCTL  34913717us req=0xc0384627 len=56    rc=0   head=0xc1d0000b
IOCTL  34933892us req=0xc0404657 len=64    rc=0   head=0xc1d0000b
IOCTL  34951449us req=0xc0404657 len=64    rc=0   head=0xc1d0000b
IOCTL  34956016us req=0xc0384627 len=56    rc=0   head=0xc1d0000b
IOCTL  34975709us req=0xc0404657 len=64    rc=0   head=0xc1d0000b
IOCTL  34995324us req=0xc0404657 len=64    rc=0   head=0xc1d0000b
IOCTL  34999820us req=0xc0384627 len=56    rc=0   head=0xc1d0000b
IOCTL  35019956us req=0xc0404657 len=64    rc=0   head=0xc1d0000b
IOCTL  35038394us req=0xc0404657 len=64    rc=0   head=0xc1d0000b
IOCTL  35042830us req=0xc0384627 len=56    rc=0   head=0xc1d0000b
IOCTL  35062144us req=0xc0404657 len=64    rc=0   head=0xc1d0000b
IOCTL  35080819us req=0xc0404657 len=64    rc=0   head=0xc1d0000b
IOCTL  35085487us req=0xc0384627 len=56    rc=0   head=0xc1d0000b
IOCTL  35103034us req=0xc0404657 len=64    rc=0   head=0xc1d0000b
IOCTL  35121448us req=0xc0404657 len=64    rc=0   head=0xc1d0000b
IOCTL  35126019us req=0xc0384627 len=56    rc=0   head=0xc1d0000b
IOCTL  35145273us req=0xc0404657 len=64    rc=0   head=0xc1d0000b
IOCTL  35163967us req=0xc0404657 len=64    rc=0   head=0xc1d0000b
IOCTL  35168644us req=0xc0384627 len=56    rc=0   head=0xc1d0000b
IOCTL  35186214us req=0xc0404657 len=64    rc=0   head=0xc1d0000b
IOCTL  35205952us req=0xc0404657 len=64    rc=0   head=0xc1d0000b
IOCTL  35210590us req=0xc0384627 len=56    rc=0   head=0xc1d0000b
IOCTL  35229535us req=0xc0404657 len=64    rc=0   head=0xc1d0000b
IOCTL  35248235us req=0xc0404657 len=64    rc=0   head=0xc1d0000b
IOCTL  35252884us req=0xc0384627 len=56    rc=0   head=0xc1d0000b
IOCTL  35271615us req=0xc0404657 len=64    rc=0   head=0xc1d0000b
IOCTL  35291126us req=0xc0404657 len=64    rc=0   head=0xc1d0000b
IOCTL  35295595us req=0xc0384627 len=56    rc=0   head=0xc1d0000b
IOCTL  35313922us req=0xc0404657 len=64    rc=0   head=0xc1d0000b
IOCTL  35331382us req=0xc0404657 len=64    rc=0   head=0xc1d0000b
IOCTL  35336023us req=0xc0384627 len=56    rc=0   head=0xc1d0000b
IOCTL  35355346us req=0xc0404657 len=64    rc=0   head=0xc1d0000b
IOCTL  35373135us req=0xc0404657 len=64    rc=0   head=0xc1d0000b
IOCTL  35377567us req=0xc0384627 len=56    rc=0   head=0xc1d0000b
IOCTL  35394899us req=0xc0404657 len=64    rc=0   head=0xc1d0000b
IOCTL  35412304us req=0xc0404657 len=64    rc=0   head=0xc1d0000b
IOCTL  35416942us req=0xc0384627 len=56    rc=0   head=0xc1d0000b
IOCTL  35435446us req=0xc0404657 len=64    rc=0   head=0xc1d0000b
IOCTL  35453446us req=0xc0404657 len=64    rc=0   head=0xc1d0000b
IOCTL  35458088us req=0xc0384627 len=56    rc=0   head=0xc1d0000b
IOCTL  35477313us req=0xc0404657 len=64    rc=0   head=0xc1d0000b
IOCTL  35495050us req=0xc0404657 len=64    rc=0   head=0xc1d0000b
IOCTL  35499705us req=0xc0384627 len=56    rc=0   head=0xc1d0000b
IOCTL  35519319us req=0xc0404657 len=64    rc=0   head=0xc1d0000b
IOCTL  35537739us req=0xc0404657 len=64    rc=0   head=0xc1d0000b
IOCTL  35542353us req=0xc0384627 len=56    rc=0   head=0xc1d0000b
IOCTL  35560089us req=0xc0404657 len=64    rc=0   head=0xc1d0000b
IOCTL  35578254us req=0xc0404657 len=64    rc=0   head=0xc1d0000b
IOCTL  35582959us req=0xc0384627 len=56    rc=0   head=0xc1d0000b
IOCTL  35601056us req=0xc0404657 len=64    rc=0   head=0xc1d0000b
IOCTL  35620129us req=0xc0404657 len=64    rc=0   head=0xc1d0000b
IOCTL  35624593us req=0xc0384627 len=56    rc=0   head=0xc1d0000b
IOCTL  35641761us req=0xc0404657 len=64    rc=0   head=0xc1d0000b
IOCTL  35659465us req=0xc0404657 len=64    rc=0   head=0xc1d0000b
IOCTL  35664111us req=0xc0384627 len=56    rc=0   head=0xc1d0000b
IOCTL  35684467us req=0xc0404657 len=64    rc=0   head=0xc1d0000b
IOCTL  35702276us req=0xc0404657 len=64    rc=0   head=0xc1d0000b
IOCTL  35707118us req=0xc0384627 len=56    rc=0   head=0xc1d0000b
IOCTL  35726652us req=0xc0404657 len=64    rc=0   head=0xc1d0000b
IOCTL  35746316us req=0xc0404657 len=64    rc=0   head=0xc1d0000b
IOCTL  35751319us req=0xc0384627 len=56    rc=0   head=0xc1d0000b
IOCTL  35771646us req=0xc0404657 len=64    rc=0   head=0xc1d0000b
IOCTL  35790631us req=0xc0404657 len=64    rc=0   head=0xc1d0000b
IOCTL  35795580us req=0xc0384627 len=56    rc=0   head=0xc1d0000b
IOCTL  35814589us req=0xc0404657 len=64    rc=0   head=0xc1d0000b
IOCTL  35833653us req=0xc0404657 len=64    rc=0   head=0xc1d0000b
IOCTL  35838583us req=0xc0384627 len=56    rc=0   head=0xc1d0000b
IOCTL  35856212us req=0xc0404657 len=64    rc=0   head=0xc1d0000b
IOCTL  35874472us req=0xc0404657 len=64    rc=0   head=0xc1d0000b
IOCTL  35879251us req=0xc0384627 len=56    rc=0   head=0xc1d0000b
IOCTL  35897037us req=0xc0404657 len=64    rc=0   head=0xc1d0000b
IOCTL  35915024us req=0xc0404657 len=64    rc=0   head=0xc1d0000b
IOCTL  35919588us req=0xc0384627 len=56    rc=0   head=0xc1d0000b
IOCTL  35938636us req=0xc0404657 len=64    rc=0   head=0xc1d0000b
IOCTL  35957373us req=0xc0404657 len=64    rc=0   head=0xc1d0000b
IOCTL  35961936us req=0xc0384627 len=56    rc=0   head=0xc1d0000b
IOCTL  35980870us req=0xc0404657 len=64    rc=0   head=0xc1d0000b
IOCTL  36000555us req=0xc0404657 len=64    rc=0   head=0xc1d0000b
IOCTL  36005243us req=0xc0384627 len=56    rc=0   head=0xc1d0000b
IOCTL  36023525us req=0xc0404657 len=64    rc=0   head=0xc1d0000b
IOCTL  36040383us req=0xc0404657 len=64    rc=0   head=0xc1d0000b
IOCTL  36044959us req=0xc0384627 len=56    rc=0   head=0xc1d0000b
IOCTL  36061260us req=0xc0404657 len=64    rc=0   head=0xc1d0000b
IOCTL  36079370us req=0xc0404657 len=64    rc=0   head=0xc1d0000b
IOCTL  36084391us req=0xc0384627 len=56    rc=0   head=0xc1d0000b
IOCTL  36104451us req=0xc0404657 len=64    rc=0   head=0xc1d0000b
IOCTL  36122952us req=0xc0404657 len=64    rc=0   head=0xc1d0000b
IOCTL  36128078us req=0xc0384627 len=56    rc=0   head=0xc1d0000b
IOCTL  36146614us req=0xc0404657 len=64    rc=0   head=0xc1d0000b
IOCTL  36166984us req=0xc0404657 len=64    rc=0   head=0xc1d0000b
IOCTL  36171977us req=0xc0384627 len=56    rc=0   head=0xc1d0000b
IOCTL  36191518us req=0xc0404657 len=64    rc=0   head=0xc1d0000b
IOCTL  36211532us req=0xc0404657 len=64    rc=0   head=0xc1d0000b
IOCTL  36216405us req=0xc0384627 len=56    rc=0   head=0xc1d0000b
IOCTL  36236544us req=0xc0404657 len=64    rc=0   head=0xc1d0000b
IOCTL  36256132us req=0xc0404657 len=64    rc=0   head=0xc1d0000b
IOCTL  36261084us req=0xc0384627 len=56    rc=0   head=0xc1d0000b
IOCTL  36280006us req=0xc0404657 len=64    rc=0   head=0xc1d0000b
IOCTL  36296940us req=0xc0404657 len=64    rc=0   head=0xc1d0000b
IOCTL  36301977us req=0xc0384627 len=56    rc=0   head=0xc1d0000b
IOCTL  36320780us req=0xc0404657 len=64    rc=0   head=0xc1d0000b
IOCTL  36341260us req=0xc0404657 len=64    rc=0   head=0xc1d0000b
IOCTL  36346013us req=0xc0384627 len=56    rc=0   head=0xc1d0000b
IOCTL  36363837us req=0xc0404657 len=64    rc=0   head=0xc1d0000b
IOCTL  36381304us req=0xc0404657 len=64    rc=0   head=0xc1d0000b
IOCTL  36385919us req=0xc0384627 len=56    rc=0   head=0xc1d0000b
IOCTL  36403855us req=0xc0404657 len=64    rc=0   head=0xc1d0000b
IOCTL  36420494us req=0xc0404657 len=64    rc=0   head=0xc1d0000b
IOCTL  36425116us req=0xc0384627 len=56    rc=0   head=0xc1d0000b
IOCTL  36442618us req=0xc0404657 len=64    rc=0   head=0xc1d0000b
IOCTL  36459010us req=0xc0404657 len=64    rc=0   head=0xc1d0000b
IOCTL  36463624us req=0xc0384627 len=56    rc=0   head=0xc1d0000b
IOCTL  36480074us req=0xc0404657 len=64    rc=0   head=0xc1d0000b
IOCTL  36496414us req=0xc0404657 len=64    rc=0   head=0xc1d0000b
IOCTL  36501172us req=0xc0384627 len=56    rc=0   head=0xc1d0000b
IOCTL  36518121us req=0xc0404657 len=64    rc=0   head=0xc1d0000b
IOCTL  36534331us req=0xc0404657 len=64    rc=0   head=0xc1d0000b
IOCTL  36538901us req=0xc0384627 len=56    rc=0   head=0xc1d0000b
IOCTL  36556997us req=0xc0404657 len=64    rc=0   head=0xc1d0000b
IOCTL  36576689us req=0xc0404657 len=64    rc=0   head=0xc1d0000b
IOCTL  36581379us req=0xc0384627 len=56    rc=0   head=0xc1d0000b
IOCTL  36601130us req=0xc0404657 len=64    rc=0   head=0xc1d0000b
IOCTL  36621110us req=0xc0404657 len=64    rc=0   head=0xc1d0000b
IOCTL  36625616us req=0xc0384627 len=56    rc=0   head=0xc1d0000b
IOCTL  36645445us req=0xc0404657 len=64    rc=0   head=0xc1d0000b
IOCTL  36665220us req=0xc0404657 len=64    rc=0   head=0xc1d0000b
IOCTL  36669596us req=0xc0384627 len=56    rc=0   head=0xc1d0000b
IOCTL  36690372us req=0xc0404657 len=64    rc=0   head=0xc1d0000b
IOCTL  36711874us req=0xc0404657 len=64    rc=0   head=0xc1d0000b
IOCTL  36716339us req=0xc0384627 len=56    rc=0   head=0xc1d0000b
IOCTL  36738348us req=0xc0404657 len=64    rc=0   head=0xc1d0000b
IOCTL  36758721us req=0xc0404657 len=64    rc=0   head=0xc1d0000b
IOCTL  36763391us req=0xc0384627 len=56    rc=0   head=0xc1d0000b
IOCTL  36784687us req=0xc0404657 len=64    rc=0   head=0xc1d0000b
IOCTL  36805144us req=0xc0404657 len=64    rc=0   head=0xc1d0000b
IOCTL  36809998us req=0xc0384627 len=56    rc=0   head=0xc1d0000b
IOCTL  36829898us req=0xc0404657 len=64    rc=0   head=0xc1d0000b
IOCTL  36849866us req=0xc0404657 len=64    rc=0   head=0xc1d0000b
IOCTL  36854264us req=0xc0384627 len=56    rc=0   head=0xc1d0000b
IOCTL  36874023us req=0xc0404657 len=64    rc=0   head=0xc1d0000b
IOCTL  36893708us req=0xc0404657 len=64    rc=0   head=0xc1d0000b
IOCTL  36898410us req=0xc0384627 len=56    rc=0   head=0xc1d0000b
IOCTL  36918350us req=0xc0404657 len=64    rc=0   head=0xc1d0000b
IOCTL  36938525us req=0xc0404657 len=64    rc=0   head=0xc1d0000b
IOCTL  36943378us req=0xc0384627 len=56    rc=0   head=0xc1d0000b
IOCTL  36963393us req=0xc0404657 len=64    rc=0   head=0xc1d0000b
IOCTL  36983370us req=0xc0404657 len=64    rc=0   head=0xc1d0000b
IOCTL  36987868us req=0xc0384627 len=56    rc=0   head=0xc1d0000b
IOCTL  37007608us req=0xc0404657 len=64    rc=0   head=0xc1d0000b
IOCTL  37027572us req=0xc0404657 len=64    rc=0   head=0xc1d0000b
IOCTL  37032386us req=0xc0384627 len=56    rc=0   head=0xc1d0000b
IOCTL  37052426us req=0xc0404657 len=64    rc=0   head=0xc1d0000b
IOCTL  37072362us req=0xc0404657 len=64    rc=0   head=0xc1d0000b
IOCTL  37076992us req=0xc0384627 len=56    rc=0   head=0xc1d0000b
IOCTL  37097115us req=0xc0404657 len=64    rc=0   head=0xc1d0000b
IOCTL  37115632us req=0xc0404657 len=64    rc=0   head=0xc1d0000b
IOCTL  37120295us req=0xc0384627 len=56    rc=0   head=0xc1d0000b
IOCTL  37139286us req=0xc0404657 len=64    rc=0   head=0xc1d0000b
IOCTL  37157304us req=0xc0404657 len=64    rc=0   head=0xc1d0000b
IOCTL  37161915us req=0xc0384627 len=56    rc=0   head=0xc1d0000b
IOCTL  37181439us req=0xc0404657 len=64    rc=0   head=0xc1d0000b
IOCTL  37199342us req=0xc0404657 len=64    rc=0   head=0xc1d0000b
IOCTL  37203866us req=0xc0384627 len=56    rc=0   head=0xc1d0000b
IOCTL  37222253us req=0xc0404657 len=64    rc=0   head=0xc1d0000b
IOCTL  37240496us req=0xc0404657 len=64    rc=0   head=0xc1d0000b
IOCTL  37245088us req=0xc0384627 len=56    rc=0   head=0xc1d0000b
IOCTL  37264331us req=0xc0404657 len=64    rc=0   head=0xc1d0000b
IOCTL  37281885us req=0xc0404657 len=64    rc=0   head=0xc1d0000b
IOCTL  37286558us req=0xc0384627 len=56    rc=0   head=0xc1d0000b
IOCTL  37306005us req=0xc0404657 len=64    rc=0   head=0xc1d0000b
IOCTL  37323405us req=0xc0404657 len=64    rc=0   head=0xc1d0000b
IOCTL  37327957us req=0xc0384627 len=56    rc=0   head=0xc1d0000b
IOCTL  37345041us req=0xc0404657 len=64    rc=0   head=0xc1d0000b
IOCTL  37362004us req=0xc0404657 len=64    rc=0   head=0xc1d0000b
IOCTL  37366469us req=0xc0384627 len=56    rc=0   head=0xc1d0000b
IOCTL  37383966us req=0xc0404657 len=64    rc=0   head=0xc1d0000b
IOCTL  37402408us req=0xc0404657 len=64    rc=0   head=0xc1d0000b
IOCTL  37407006us req=0xc0384627 len=56    rc=0   head=0xc1d0000b
IOCTL  37425444us req=0xc0404657 len=64    rc=0   head=0xc1d0000b
IOCTL  37444563us req=0xc0404657 len=64    rc=0   head=0xc1d0000b
IOCTL  37449279us req=0xc0384627 len=56    rc=0   head=0xc1d0000b
IOCTL  37466064us req=0xc0404657 len=64    rc=0   head=0xc1d0000b
IOCTL  37483965us req=0xc0404657 len=64    rc=0   head=0xc1d0000b
IOCTL  37488465us req=0xc0384627 len=56    rc=0   head=0xc1d0000b
IOCTL  37508358us req=0xc0404657 len=64    rc=0   head=0xc1d0000b
IOCTL  37528540us req=0xc0404657 len=64    rc=0   head=0xc1d0000b
IOCTL  37533134us req=0xc0384627 len=56    rc=0   head=0xc1d0000b
IOCTL  37553727us req=0xc0404657 len=64    rc=0   head=0xc1d0000b
IOCTL  37573419us req=0xc0404657 len=64    rc=0   head=0xc1d0000b
IOCTL  37577909us req=0xc0384627 len=56    rc=0   head=0xc1d0000b
IOCTL  37594730us req=0xc0404657 len=64    rc=0   head=0xc1d0000b
IOCTL  37611398us req=0xc0404657 len=64    rc=0   head=0xc1d0000b
IOCTL  37615842us req=0xc0384627 len=56    rc=0   head=0xc1d0000b
IOCTL  37634751us req=0xc0404657 len=64    rc=0   head=0xc1d0000b
IOCTL  37654446us req=0xc0404657 len=64    rc=0   head=0xc1d0000b
IOCTL  37659070us req=0xc0384627 len=56    rc=0   head=0xc1d0000b
IOCTL  37678928us req=0xc0404657 len=64    rc=0   head=0xc1d0000b
IOCTL  37700978us req=0xc0404657 len=64    rc=0   head=0xc1d0000b
IOCTL  37705703us req=0xc0384627 len=56    rc=0   head=0xc1d0000b
IOCTL  37728908us req=0xc0404657 len=64    rc=0   head=0xc1d0000b
IOCTL  37748843us req=0xc0404657 len=64    rc=0   head=0xc1d0000b
IOCTL  37754413us req=0xc0384627 len=56    rc=0   head=0xc1d0000b
IOCTL  37773925us req=0xc0404657 len=64    rc=0   head=0xc1d0000b
IOCTL  37791729us req=0xc0404657 len=64    rc=0   head=0xc1d0000b
IOCTL  37799030us req=0xc0384627 len=56    rc=0   head=0xc1d0000b
IOCTL  37816730us req=0xc0404657 len=64    rc=0   head=0xc1d0000b
IOCTL  37833443us req=0xc0404657 len=64    rc=0   head=0xc1d0000b
IOCTL  37842244us req=0xc0384627 len=56    rc=0   head=0xc1d0000b
IOCTL  37859496us req=0xc0404657 len=64    rc=0   head=0xc1d0000b
IOCTL  37876343us req=0xc0404657 len=64    rc=0   head=0xc1d0000b
IOCTL  37885233us req=0xc0384627 len=56    rc=0   head=0xc1d0000b
IOCTL  37902089us req=0xc0404657 len=64    rc=0   head=0xc1d0000b
IOCTL  37918719us req=0xc0404657 len=64    rc=0   head=0xc1d0000b
IOCTL  37927397us req=0xc0384627 len=56    rc=0   head=0xc1d0000b
IOCTL  37944479us req=0xc0404657 len=64    rc=0   head=0xc1d0000b
IOCTL  37961365us req=0xc0404657 len=64    rc=0   head=0xc1d0000b
IOCTL  37970682us req=0xc0384627 len=56    rc=0   head=0xc1d0000b
IOCTL  37987449us req=0xc0404657 len=64    rc=0   head=0xc1d0000b
IOCTL  38006217us req=0xc0404657 len=64    rc=0   head=0xc1d0000b
IOCTL  38015586us req=0xc0384627 len=56    rc=0   head=0xc1d0000b
IOCTL  38035111us req=0xc0404657 len=64    rc=0   head=0xc1d0000b
IOCTL  38053482us req=0xc0404657 len=64    rc=0   head=0xc1d0000b
IOCTL  38062652us req=0xc0384627 len=56    rc=0   head=0xc1d0000b
IOCTL  38079134us req=0xc0404657 len=64    rc=0   head=0xc1d0000b
IOCTL  38095676us req=0xc0404657 len=64    rc=0   head=0xc1d0000b
IOCTL  38104646us req=0xc0384627 len=56    rc=0   head=0xc1d0000b
IOCTL  38121505us req=0xc0404657 len=64    rc=0   head=0xc1d0000b
IOCTL  38138849us req=0xc0404657 len=64    rc=0   head=0xc1d0000b
IOCTL  38148111us req=0xc0384627 len=56    rc=0   head=0xc1d0000b
IOCTL  38164736us req=0xc0404657 len=64    rc=0   head=0xc1d0000b
IOCTL  38181274us req=0xc0404657 len=64    rc=0   head=0xc1d0000b
IOCTL  38190591us req=0xc0384627 len=56    rc=0   head=0xc1d0000b
IOCTL  38207401us req=0xc0404657 len=64    rc=0   head=0xc1d0000b
IOCTL  38224020us req=0xc0404657 len=64    rc=0   head=0xc1d0000b
IOCTL  38233414us req=0xc0384627 len=56    rc=0   head=0xc1d0000b
IOCTL  38250282us req=0xc0404657 len=64    rc=0   head=0xc1d0000b
IOCTL  38268319us req=0xc0404657 len=64    rc=0   head=0xc1d0000b
IOCTL  38277618us req=0xc0384627 len=56    rc=0   head=0xc1d0000b
IOCTL  38297977us req=0xc0404657 len=64    rc=0   head=0xc1d0000b
IOCTL  38318366us req=0xc0404657 len=64    rc=0   head=0xc1d0000b
IOCTL  38328138us req=0xc0384627 len=56    rc=0   head=0xc1d0000b
IOCTL  38348258us req=0xc0404657 len=64    rc=0   head=0xc1d0000b
IOCTL  38365663us req=0xc0404657 len=64    rc=0   head=0xc1d0000b
IOCTL  38375478us req=0xc0384627 len=56    rc=0   head=0xc1d0000b
IOCTL  38394865us req=0xc0404657 len=64    rc=0   head=0xc1d0000b
IOCTL  38412163us req=0xc0404657 len=64    rc=0   head=0xc1d0000b
IOCTL  38421892us req=0xc0384627 len=56    rc=0   head=0xc1d0000b
IOCTL  38442085us req=0xc0404657 len=64    rc=0   head=0xc1d0000b
IOCTL  38462848us req=0xc0404657 len=64    rc=0   head=0xc1d0000b
IOCTL  38472612us req=0xc0384627 len=56    rc=0   head=0xc1d0000b
IOCTL  38490215us req=0xc0404657 len=64    rc=0   head=0xc1d0000b
IOCTL  38510385us req=0xc0404657 len=64    rc=0   head=0xc1d0000b
IOCTL  38520296us req=0xc0384627 len=56    rc=0   head=0xc1d0000b
IOCTL  38538003us req=0xc0404657 len=64    rc=0   head=0xc1d0000b
IOCTL  38558121us req=0xc0404657 len=64    rc=0   head=0xc1d0000b
IOCTL  38568095us req=0xc0384627 len=56    rc=0   head=0xc1d0000b
IOCTL  38586344us req=0xc0404657 len=64    rc=0   head=0xc1d0000b
IOCTL  38604723us req=0xc0404657 len=64    rc=0   head=0xc1d0000b
IOCTL  38617652us req=0xc0384627 len=56    rc=0   head=0xc1d0000b
IOCTL  38638320us req=0xc0404657 len=64    rc=0   head=0xc1d0000b
IOCTL  38657473us req=0xc0404657 len=64    rc=0   head=0xc1d0000b
IOCTL  38667926us req=0xc0384627 len=56    rc=0   head=0xc1d0000b
IOCTL  38688594us req=0xc0404657 len=64    rc=0   head=0xc1d0000b
IOCTL  38711316us req=0xc0404657 len=64    rc=0   head=0xc1d0000b
IOCTL  38720507us req=0xc0384627 len=56    rc=0   head=0xc1d0000b
IOCTL  38740879us req=0xc0404657 len=64    rc=0   head=0xc1d0000b
IOCTL  38761670us req=0xc0404657 len=64    rc=0   head=0xc1d0000b
IOCTL  38771566us req=0xc0384627 len=56    rc=0   head=0xc1d0000b
IOCTL  38792475us req=0xc0404657 len=64    rc=0   head=0xc1d0000b
IOCTL  38814118us req=0xc0404657 len=64    rc=0   head=0xc1d0000b
IOCTL  38823010us req=0xc0384627 len=56    rc=0   head=0xc1d0000b
IOCTL  38842951us req=0xc0404657 len=64    rc=0   head=0xc1d0000b
IOCTL  38863263us req=0xc0404657 len=64    rc=0   head=0xc1d0000b
IOCTL  38873021us req=0xc0384627 len=56    rc=0   head=0xc1d0000b
IOCTL  38893350us req=0xc0404657 len=64    rc=0   head=0xc1d0000b
IOCTL  38913606us req=0xc0404657 len=64    rc=0   head=0xc1d0000b
IOCTL  38924168us req=0xc0384627 len=56    rc=0   head=0xc1d0000b
IOCTL  38944846us req=0xc0404657 len=64    rc=0   head=0xc1d0000b
IOCTL  38964658us req=0xc0404657 len=64    rc=0   head=0xc1d0000b
IOCTL  38975109us req=0xc0384627 len=56    rc=0   head=0xc1d0000b
IOCTL  38994049us req=0xc0404657 len=64    rc=0   head=0xc1d0000b
IOCTL  39013699us req=0xc0404657 len=64    rc=0   head=0xc1d0000b
IOCTL  39024371us req=0xc0384627 len=56    rc=0   head=0xc1d0000b
IOCTL  39044978us req=0xc0404657 len=64    rc=0   head=0xc1d0000b
IOCTL  39065497us req=0xc0404657 len=64    rc=0   head=0xc1d0000b
IOCTL  39076005us req=0xc0384627 len=56    rc=0   head=0xc1d0000b
IOCTL  39098475us req=0xc0404657 len=64    rc=0   head=0xc1d0000b
IOCTL  39118847us req=0xc0404657 len=64    rc=0   head=0xc1d0000b
IOCTL  39129356us req=0xc0384627 len=56    rc=0   head=0xc1d0000b
IOCTL  39149839us req=0xc0404657 len=64    rc=0   head=0xc1d0000b
IOCTL  39170030us req=0xc0404657 len=64    rc=0   head=0xc1d0000b
IOCTL  39180460us req=0xc0384627 len=56    rc=0   head=0xc1d0000b
IOCTL  39201121us req=0xc0404657 len=64    rc=0   head=0xc1d0000b
IOCTL  39221430us req=0xc0404657 len=64    rc=0   head=0xc1d0000b
IOCTL  39231834us req=0xc0384627 len=56    rc=0   head=0xc1d0000b
IOCTL  39252102us req=0xc0404657 len=64    rc=0   head=0xc1d0000b
IOCTL  39272504us req=0xc0404657 len=64    rc=0   head=0xc1d0000b
IOCTL  39282935us req=0xc0384627 len=56    rc=0   head=0xc1d0000b
IOCTL  39301851us req=0xc0404657 len=64    rc=0   head=0xc1d0000b
IOCTL  39322222us req=0xc0404657 len=64    rc=0   head=0xc1d0000b
IOCTL  39332679us req=0xc0384627 len=56    rc=0   head=0xc1d0000b
IOCTL  39353251us req=0xc0404657 len=64    rc=0   head=0xc1d0000b
IOCTL  39373069us req=0xc0404657 len=64    rc=0   head=0xc1d0000b
IOCTL  39383603us req=0xc0384627 len=56    rc=0   head=0xc1d0000b
IOCTL  39402233us req=0xc0404657 len=64    rc=0   head=0xc1d0000b
IOCTL  39422473us req=0xc0404657 len=64    rc=0   head=0xc1d0000b
IOCTL  39432972us req=0xc0384627 len=56    rc=0   head=0xc1d0000b
IOCTL  39453473us req=0xc0404657 len=64    rc=0   head=0xc1d0000b
IOCTL  39473979us req=0xc0404657 len=64    rc=0   head=0xc1d0000b
IOCTL  39484357us req=0xc0384627 len=56    rc=0   head=0xc1d0000b
IOCTL  39505084us req=0xc0404657 len=64    rc=0   head=0xc1d0000b
IOCTL  39525539us req=0xc0404657 len=64    rc=0   head=0xc1d0000b
IOCTL  39535928us req=0xc0384627 len=56    rc=0   head=0xc1d0000b
IOCTL  39556244us req=0xc0404657 len=64    rc=0   head=0xc1d0000b
IOCTL  39576318us req=0xc0404657 len=64    rc=0   head=0xc1d0000b
IOCTL  39586832us req=0xc0384627 len=56    rc=0   head=0xc1d0000b
IOCTL  39607002us req=0xc0404657 len=64    rc=0   head=0xc1d0000b
IOCTL  39624238us req=0xc0404657 len=64    rc=0   head=0xc1d0000b
IOCTL  39634661us req=0xc0384627 len=56    rc=0   head=0xc1d0000b
IOCTL  39655322us req=0xc0404657 len=64    rc=0   head=0xc1d0000b
IOCTL  39674111us req=0xc0404657 len=64    rc=0   head=0xc1d0000b
IOCTL  39684701us req=0xc0384627 len=56    rc=0   head=0xc1d0000b
IOCTL  39706357us req=0xc0404657 len=64    rc=0   head=0xc1d0000b
IOCTL  39727017us req=0xc0404657 len=64    rc=0   head=0xc1d0000b
IOCTL  39737591us req=0xc0384627 len=56    rc=0   head=0xc1d0000b
IOCTL  39754877us req=0xc0404657 len=64    rc=0   head=0xc1d0000b
IOCTL  39775459us req=0xc0404657 len=64    rc=0   head=0xc1d0000b
IOCTL  39786114us req=0xc0384627 len=56    rc=0   head=0xc1d0000b
IOCTL  39806525us req=0xc0404657 len=64    rc=0   head=0xc1d0000b
IOCTL  39827002us req=0xc0404657 len=64    rc=0   head=0xc1d0000b
IOCTL  39837591us req=0xc0384627 len=56    rc=0   head=0xc1d0000b
IOCTL  39858310us req=0xc0404657 len=64    rc=0   head=0xc1d0000b
IOCTL  39878382us req=0xc0404657 len=64    rc=0   head=0xc1d0000b
IOCTL  39888827us req=0xc0384627 len=56    rc=0   head=0xc1d0000b
IOCTL  39908478us req=0xc0404657 len=64    rc=0   head=0xc1d0000b
IOCTL  39929020us req=0xc0404657 len=64    rc=0   head=0xc1d0000b
IOCTL  39939459us req=0xc0384627 len=56    rc=0   head=0xc1d0000b
IOCTL  39959924us req=0xc0404657 len=64    rc=0   head=0xc1d0000b
IOCTL  39980227us req=0xc0404657 len=64    rc=0   head=0xc1d0000b
IOCTL  39990660us req=0xc0384627 len=56    rc=0   head=0xc1d0000b
IOCTL  40010219us req=0xc0404657 len=64    rc=0   head=0xc1d0000b
IOCTL  40028598us req=0xc0404657 len=64    rc=0   head=0xc1d0000b
IOCTL  40039143us req=0xc0384627 len=56    rc=0   head=0xc1d0000b
IOCTL  40058711us req=0xc0404657 len=64    rc=0   head=0xc1d0000b
IOCTL  40078933us req=0xc0404657 len=64    rc=0   head=0xc1d0000b
IOCTL  40088672us req=0xc0384627 len=56    rc=0   head=0xc1d0000b
IOCTL  40108988us req=0xc0404657 len=64    rc=0   head=0xc1d0000b
IOCTL  40126476us req=0xc0404657 len=64    rc=0   head=0xc1d0000b
IOCTL  40136889us req=0xc0384627 len=56    rc=0   head=0xc1d0000b
IOCTL  40156553us req=0xc0404657 len=64    rc=0   head=0xc1d0000b
IOCTL  40177159us req=0xc0404657 len=64    rc=0   head=0xc1d0000b
IOCTL  40182684us req=0xc0384627 len=56    rc=0   head=0xc1d0000b
IOCTL  40202053us req=0xc0404657 len=64    rc=0   head=0xc1d0000b
IOCTL  40221051us req=0xc0404657 len=64    rc=0   head=0xc1d0000b
IOCTL  40225998us req=0xc0384627 len=56    rc=0   head=0xc1d0000b
IOCTL  40246250us req=0xc0404657 len=64    rc=0   head=0xc1d0000b
IOCTL  40265723us req=0xc0404657 len=64    rc=0   head=0xc1d0000b
IOCTL  40270485us req=0xc0384627 len=56    rc=0   head=0xc1d0000b
IOCTL  40288248us req=0xc0404657 len=64    rc=0   head=0xc1d0000b
IOCTL  40307674us req=0xc0404657 len=64    rc=0   head=0xc1d0000b
IOCTL  40312349us req=0xc0384627 len=56    rc=0   head=0xc1d0000b
IOCTL  40331877us req=0xc0404657 len=64    rc=0   head=0xc1d0000b
IOCTL  40350840us req=0xc0404657 len=64    rc=0   head=0xc1d0000b
IOCTL  40355408us req=0xc0384627 len=56    rc=0   head=0xc1d0000b
IOCTL  40375069us req=0xc0404657 len=64    rc=0   head=0xc1d0000b
IOCTL  40394044us req=0xc0404657 len=64    rc=0   head=0xc1d0000b
IOCTL  40398906us req=0xc0384627 len=56    rc=0   head=0xc1d0000b
IOCTL  40416048us req=0xc0404657 len=64    rc=0   head=0xc1d0000b
IOCTL  40439419us req=0xc0404657 len=64    rc=0   head=0xc1d0000b
IOCTL  40448332us req=0xc0384627 len=56    rc=0   head=0xc1d0000b
IOCTL  40470319us req=0xc0404657 len=64    rc=0   head=0xc1d0000b
IOCTL  40490335us req=0xc0404657 len=64    rc=0   head=0xc1d0000b
IOCTL  40495031us req=0xc0384627 len=56    rc=0   head=0xc1d0000b
IOCTL  40515377us req=0xc0404657 len=64    rc=0   head=0xc1d0000b
IOCTL  40536026us req=0xc0404657 len=64    rc=0   head=0xc1d0000b
IOCTL  40540447us req=0xc0384627 len=56    rc=0   head=0xc1d0000b
IOCTL  40557005us req=0xc0404657 len=64    rc=0   head=0xc1d0000b
IOCTL  40575062us req=0xc0404657 len=64    rc=0   head=0xc1d0000b
IOCTL  40579540us req=0xc0384627 len=56    rc=0   head=0xc1d0000b
IOCTL  40599104us req=0xc0404657 len=64    rc=0   head=0xc1d0000b
IOCTL  40618602us req=0xc0404657 len=64    rc=0   head=0xc1d0000b
IOCTL  40623065us req=0xc0384627 len=56    rc=0   head=0xc1d0000b
IOCTL  40642406us req=0xc0404657 len=64    rc=0   head=0xc1d0000b
IOCTL  40659659us req=0xc0404657 len=64    rc=0   head=0xc1d0000b
IOCTL  40664087us req=0xc0384627 len=56    rc=0   head=0xc1d0000b
IOCTL  40687299us req=0xc0404657 len=64    rc=0   head=0xc1d0000b
IOCTL  40706615us req=0xc0404657 len=64    rc=0   head=0xc1d0000b
IOCTL  40711127us req=0xc0384627 len=56    rc=0   head=0xc1d0000b
IOCTL  40735097us req=0xc0404657 len=64    rc=0   head=0xc1d0000b
IOCTL  40754490us req=0xc0404657 len=64    rc=0   head=0xc1d0000b
IOCTL  40758988us req=0xc0384627 len=56    rc=0   head=0xc1d0000b
IOCTL  40778962us req=0xc0404657 len=64    rc=0   head=0xc1d0000b
IOCTL  40799288us req=0xc0404657 len=64    rc=0   head=0xc1d0000b
IOCTL  40803687us req=0xc0384627 len=56    rc=0   head=0xc1d0000b
IOCTL  40821528us req=0xc0404657 len=64    rc=0   head=0xc1d0000b
IOCTL  40841574us req=0xc0404657 len=64    rc=0   head=0xc1d0000b
IOCTL  40846222us req=0xc0384627 len=56    rc=0   head=0xc1d0000b
IOCTL  40865953us req=0xc0404657 len=64    rc=0   head=0xc1d0000b
IOCTL  40884599us req=0xc0404657 len=64    rc=0   head=0xc1d0000b
IOCTL  40889234us req=0xc0384627 len=56    rc=0   head=0xc1d0000b
IOCTL  40907290us req=0xc0404657 len=64    rc=0   head=0xc1d0000b
IOCTL  40926700us req=0xc0404657 len=64    rc=0   head=0xc1d0000b
IOCTL  40931218us req=0xc0384627 len=56    rc=0   head=0xc1d0000b
IOCTL  40948885us req=0xc0404657 len=64    rc=0   head=0xc1d0000b
IOCTL  40968656us req=0xc0404657 len=64    rc=0   head=0xc1d0000b
IOCTL  40973043us req=0xc0384627 len=56    rc=0   head=0xc1d0000b
IOCTL  40993142us req=0xc0404657 len=64    rc=0   head=0xc1d0000b
IOCTL  41013336us req=0xc0404657 len=64    rc=0   head=0xc1d0000b
IOCTL  41017941us req=0xc0384627 len=56    rc=0   head=0xc1d0000b
IOCTL  41038088us req=0xc0404657 len=64    rc=0   head=0xc1d0000b
IOCTL  41058564us req=0xc0404657 len=64    rc=0   head=0xc1d0000b
IOCTL  41063221us req=0xc0384627 len=56    rc=0   head=0xc1d0000b
IOCTL  41083973us req=0xc0404657 len=64    rc=0   head=0xc1d0000b
IOCTL  41104443us req=0xc0404657 len=64    rc=0   head=0xc1d0000b
IOCTL  41108967us req=0xc0384627 len=56    rc=0   head=0xc1d0000b
IOCTL  41129225us req=0xc0404657 len=64    rc=0   head=0xc1d0000b
IOCTL  41149384us req=0xc0404657 len=64    rc=0   head=0xc1d0000b
IOCTL  41154091us req=0xc0384627 len=56    rc=0   head=0xc1d0000b
IOCTL  41177065us req=0xc0404657 len=64    rc=0   head=0xc1d0000b
IOCTL  41196607us req=0xc0404657 len=64    rc=0   head=0xc1d0000b
IOCTL  41201049us req=0xc0384627 len=56    rc=0   head=0xc1d0000b
IOCTL  41220601us req=0xc0404657 len=64    rc=0   head=0xc1d0000b
IOCTL  41238474us req=0xc0404657 len=64    rc=0   head=0xc1d0000b
IOCTL  41242987us req=0xc0384627 len=56    rc=0   head=0xc1d0000b
IOCTL  41261162us req=0xc0404657 len=64    rc=0   head=0xc1d0000b
IOCTL  41281319us req=0xc0404657 len=64    rc=0   head=0xc1d0000b
IOCTL  41285838us req=0xc0384627 len=56    rc=0   head=0xc1d0000b
IOCTL  41305121us req=0xc0404657 len=64    rc=0   head=0xc1d0000b
IOCTL  41324311us req=0xc0404657 len=64    rc=0   head=0xc1d0000b
IOCTL  41329062us req=0xc0384627 len=56    rc=0   head=0xc1d0000b
IOCTL  41347682us req=0xc0404657 len=64    rc=0   head=0xc1d0000b
IOCTL  41368267us req=0xc0404657 len=64    rc=0   head=0xc1d0000b
IOCTL  41382742us req=0xc0384627 len=56    rc=0   head=0xc1d0000b
IOCTL  41415726us req=0xc0404657 len=64    rc=0   head=0xc1d0000b
IOCTL  41448634us req=0xc0404657 len=64    rc=0   head=0xc1d0000b
IOCTL  41461866us req=0xc0384627 len=56    rc=0   head=0xc1d0000b
IOCTL  41493318us req=0xc0404657 len=64    rc=0   head=0xc1d0000b
IOCTL  41526832us req=0xc0404657 len=64    rc=0   head=0xc1d0000b
IOCTL  41539709us req=0xc0384627 len=56    rc=0   head=0xc1d0000b
IOCTL  41569498us req=0xc0404657 len=64    rc=0   head=0xc1d0000b
IOCTL  41599677us req=0xc0404657 len=64    rc=0   head=0xc1d0000b
IOCTL  41609871us req=0xc0384627 len=56    rc=0   head=0xc1d0000b
IOCTL  41638701us req=0xc0404657 len=64    rc=0   head=0xc1d0000b
IOCTL  41667419us req=0xc0404657 len=64    rc=0   head=0xc1d0000b
IOCTL  41677427us req=0xc0384627 len=56    rc=0   head=0xc1d0000b
IOCTL  41707662us req=0xc0404657 len=64    rc=0   head=0xc1d0000b
IOCTL  41736364us req=0xc0404657 len=64    rc=0   head=0xc1d0000b
IOCTL  41747500us req=0xc0384627 len=56    rc=0   head=0xc1d0000b
IOCTL  41776300us req=0xc0404657 len=64    rc=0   head=0xc1d0000b
IOCTL  41805344us req=0xc0404657 len=64    rc=0   head=0xc1d0000b
IOCTL  41819502us req=0xc0384627 len=56    rc=0   head=0xc1d0000b
IOCTL  41850447us req=0xc0404657 len=64    rc=0   head=0xc1d0000b
IOCTL  41883519us req=0xc0404657 len=64    rc=0   head=0xc1d0000b
IOCTL  41897536us req=0xc0384627 len=56    rc=0   head=0xc1d0000b
