[    0.000000] Linux version 6.8.0-59-generic (buildd@lcy02-amd64-117) (x86_64-linux-gnu-gcc-12 (Ubuntu 12.3.0-1ubuntu1~22.04) 12.3.0, GNU ld (GNU Binutils for Ubuntu) 2.38) #61~22.04.1-Ubuntu SMP PREEMPT_DYNAMIC Tue Apr 15 17:03:15 UTC 2 (Ubuntu 6.8.0-59.61~22.04.1-generic 6.8.12)
[    0.270819] Kernel command line: console=ttyS0 panic=1 loglevel=6 KF_ARMS=--concurrent-fuzz,--probe-launch-dma KF_IOCTL_TRACE=verbose KF_BUDGET_S=60
[    0.270890] Unknown kernel command line parameters "KF_ARMS=--concurrent-fuzz,--probe-launch-dma KF_IOCTL_TRACE=verbose KF_BUDGET_S=60", will be passed to user space.
[    0.270899] random: crng init done
[    0.590891] audit: type=2000 audit(1789830518.663:1): state=initialized audit_enabled=0 res=1
[    0.895317] SCSI subsystem initialized
[    2.541998] VFS: Disk quotas dquot_6.6.0
[    2.699082] Initialise system trusted keyrings
[    2.704396] Key type blacklist registered
[    2.714303] integrity: Platform Keyring initialized
[    2.720835] integrity: Machine keyring initialized
[    2.743317] Key type asymmetric registered
[    2.748381] Asymmetric key parser 'x509' registered
[    2.851987] device-mapper: core: CONFIG_IMA_DISABLE_HTABLE is disabled. Duplicate IMA measurements will not be recorded in the IMA log.
[    2.865963] platform eisa.0: EISA: Cannot allocate resource for mainboard
[    2.873814] platform eisa.0: Cannot allocate resource for EISA slot 1
[    2.881319] platform eisa.0: Cannot allocate resource for EISA slot 2
[    2.888593] platform eisa.0: Cannot allocate resource for EISA slot 3
[    2.895981] platform eisa.0: Cannot allocate resource for EISA slot 4
[    2.903406] platform eisa.0: Cannot allocate resource for EISA slot 5
[    2.910856] platform eisa.0: Cannot allocate resource for EISA slot 6
[    2.918125] platform eisa.0: Cannot allocate resource for EISA slot 7
[    2.925699] platform eisa.0: Cannot allocate resource for EISA slot 8
[    7.003367] Key type dns_resolver registered
[    7.030364] Loading compiled-in X.509 certificates
[    7.046110] Loaded X.509 cert 'Build time autogenerated kernel key: 3fa2747ce20c90997bcade15a1cad09daa978788'
[    7.062905] Loaded X.509 cert 'Canonical Ltd. Live Patch Signing: 14df34d1a87cf37625abec039ef2bf521249b969'
[    7.080167] Loaded X.509 cert 'Canonical Ltd. Kernel Module Signing: 88f752e560a1e0737e31163a466ad7b70a850c19'
[    7.095304] blacklist: Loading compiled-in revocation X.509 certificates
[    7.105721] Loaded X.509 cert 'Canonical Ltd. Secure Boot Signing: 61482aa2830d0ab2ad5af10b7250da9033ddcef0'
[    7.120570] Loaded X.509 cert 'Canonical Ltd. Secure Boot Signing (2017): 242ade75ac4a15e50d50c84b0d45ff3eae707a03'
[    7.136195] Loaded X.509 cert 'Canonical Ltd. Secure Boot Signing (ESM 2018): 365188c1d374d6b07c3c8f240f8ef722433d6a8b'
[    7.152542] Loaded X.509 cert 'Canonical Ltd. Secure Boot Signing (2019): c0746fd6c5da3ae827864651ad66ae47fe24b3e8'
[    7.168397] Loaded X.509 cert 'Canonical Ltd. Secure Boot Signing (2021 v1): a8d54bbb3825cfb94fa13c9f8a594a195c107b8d'
[    7.184808] Loaded X.509 cert 'Canonical Ltd. Secure Boot Signing (2021 v2): 4cf046892d6fd3c9a5b03f98d845f90851dc6a8c'
[    7.201108] Loaded X.509 cert 'Canonical Ltd. Secure Boot Signing (2021 v3): 100437bb6de6e469b581e61cd66bce3ef4ed53af'
[    7.217294] Loaded X.509 cert 'Canonical Ltd. Secure Boot Signing (Ubuntu Core 2019): c1d57b8f6b743f23ee41f4f7ee292f06eecadfb9'
[    7.246211] Key type .fscrypt registered
[    7.252016] Key type fscrypt-provisioning registered
[    7.268268] Key type encrypted registered
[    7.275252] Loading compiled-in module X.509 certificates
[    7.285219] Loaded X.509 cert 'Build time autogenerated kernel key: 3fa2747ce20c90997bcade15a1cad09daa978788'
[    7.329428] Unstable clock detected, switching default tracing clock to "global"
[    7.329428] If you want to keep using the local clock, then add:
[    7.329428]   "trace_clock=local"
[    7.329428] on the kernel command line
FASTGUEST: up 7.41s
FASTGUEST: insmod ecc.ko ok
[    7.635360] nvidia: loading out-of-tree module taints kernel.
[    7.641987] nvidia: module verification failed: signature and/or required key missing - tainting kernel
[    7.752588] 
[    7.763391] NVRM: loading NVIDIA UNIX Open Kernel Module for x86_64  580.159.04  Release Build  (dvs-builder@U22-I3-AF04-09-6)  Wed Apr 29 17:15:53 UTC 2026
FASTGUEST: insmod nvidia.ko ok
FASTGUEST: insmod nvidia-uvm.ko ok
FASTGUEST: insmod wmi.ko ok
FASTGUEST: insmod video.ko ok
FASTGUEST: insmod nvidia-modeset.ko ok
FASTGUEST: nodes /dev/nvidia-caps/nvidia-cap1 /dev/nvidia-uvm /dev/nvidia-uvm-tools /dev/nvidia0 /dev/nvidiactl  /dev/nvidia-caps: nvidia-cap1 
FASTGUEST: ready 7.93s
FASTGUEST: arms --concurrent-fuzz --probe-launch-dma  deadline 50s (budget 60s, 7s already spent booting)
info  RMLADDER DEADLINE = armed (KF_SELF_DEADLINE_MS)
info  RMLADDER ARGV     = [--gpu 0 --concurrent-fuzz --probe-launch-dma]
[    9.566342] NVRM: nvAssertOkFailedNoLog: Assertion failed: Call not supported [NV_ERR_NOT_SUPPORTED] (0x00000056) returned from pRmApi->Control(pRmApi, pGpu->hInternalClient, pGpu->hInternalSubdevice, NV2080_CTRL_CMD_INTERNAL_INIT_USER_SHARED_DATA, &params, sizeof(params)) @ gpu_user_shared_data.c:233
[    9.582806] NVRM: nvAssertOkFailedNoLog: Assertion failed: Call not supported [NV_ERR_NOT_SUPPORTED] (0x00000056) returned from pRmApi->Control(pRmApi, pGpu->hInternalClient, pGpu->hInternalSubdevice, NV2080_CTRL_CMD_INTERNAL_USER_SHARED_DATA_SET_DATA_POLL, &params, sizeof(params)) @ gpu_user_shared_data.c:268
[    9.670677] NVRM: kperfGpuBoostSyncStateInit_IMPL: Failed to read Sync Gpu Boost init state, status=0x56
[    9.680657] NVRM: kperfGpuBoostSyncStateInit_IMPL: Failed to read Sync Gpu Boost init state, status=0x56
[    9.687028] NVRM: nvAssertOkFailedNoLog: Assertion failed: Call not supported [NV_ERR_NOT_SUPPORTED] (0x00000056) returned from pRmApi->Control(pRmApi, pGpu->hInternalClient, pGpu->hInternalSubdevice, NV2080_CTRL_CMD_INTERNAL_CE_GET_PCE_CONFIG_FOR_LCE_TYPE, &pceConfigParams, sizeof(pceConfigParams)) @ kernel_ce.c:1020
[    9.703905] NVRM: nvAssertOkFailedNoLog: Assertion failed: Call not supported [NV_ERR_NOT_SUPPORTED] (0x00000056) returned from kceGetPceConfigForLceType(pGpu, pKCe, NV2080_CTRL_CE_LCE_TYPE_DECOMP, &numPcesPerLce, &numLces, &supportedPceMask, &supportedLceMask, &pcesPerHshub) @ kernel_ce_gp100.c:62
[   10.413110] NVRM: rpcRmApiAlloc_GSP: GspRmAlloc failed: hClient=0xc1d00009; hParent=0x31415903; hObject=0x3141590f; hClass=0x00000070; paramsSize=0x00000018; paramsStatus=0x00000000; status=0x00000056
[   10.495216] NVRM: rpcRmApiAlloc_GSP: GspRmAlloc failed: hClient=0xc1d00009; hParent=0x31415903; hObject=0x31415900; hClass=0x0000c36f; paramsSize=0x00000170; paramsStatus=0x00000000; status=0x00000056
[   10.710218] NVRM: nvCheckOkFailedNoLog: Check failed: Call not supported [NV_ERR_NOT_SUPPORTED] (0x00000056) returned from kgrobjPromoteContext(pGpu, pKernelGraphicsObject, pKernelGraphics) @ kernel_graphics_object.c:224
[   10.734506] NVRM: nvAssertFailedNoLog: Assertion failed: status == NV_OK @ kernel_rc_watchdog.c:1198
[   10.741305] NVRM: rpcRmApiFree_GSP: GspRmFree failed: hClient=0xc1d00009; hObject=0x31415900; paramsStatus=0x00000000; status=0x00000056
[   10.777007] NVRM: vaListDestroy: non-zero mapCount(pVaList): 0x1
[   10.780791] NVRM: vaListDestroy: non-zero mapCount(pVaList): 0x1
[   10.784485] NVRM: vaListDestroy: non-zero mapCount(pVaList): 0x1
[   10.788195] NVRM: vaListDestroy: non-zero mapCount(pVaList): 0x1
[   10.829135] NVRM: rpcRmApiFree_GSP: GspRmFree failed: hClient=0xc1d00009; hObject=0x3141590f; paramsStatus=0x00000000; status=0x00000056
[   10.837528] NVRM: nvAssertFailedNoLog: Assertion failed: (status == NV_OK) || (status == NV_ERR_GPU_IN_FULLCHIP_RESET) @ mem.c:180
[   10.888664] NVRM: rpcRmApiAlloc_GSP: GspRmAlloc failed: hClient=0xc1d0000a; hParent=0xcaf00001; hObject=0xcaf00002; hClass=0x0000402c; paramsSize=0x00000000; paramsStatus=0x00000000; status=0x00000056
IOCTL         0us req=0xc04846d2 len=72    rc=0   head=0x00000032
IOCTL     14032us req=0xc00446c9 len=4     rc=0   head=0x00000004
IOCTL     24579us req=0xc020462b len=32    rc=0   head=0x00000000
IOCTL     35313us req=0xc020462b len=32    rc=0   head=0xc1d0000b
IOCTL     44224us req=0xc020462b len=32    rc=0   head=0xc1d0000b
IOCTL     52989us req=0xc020462b len=32    rc=0   head=0xc1d0000b
IOCTL     63019us req=0xc038464e len=56    rc=0   head=0xc1d0000b
ok    R2 version         = "580.159.04"
ok    R4 hClient         = 0xc1d0000b
ok    R6 hSubdevice      = 0xcafe0002
REV_UNDER_TEST=8176538aee3e618a84a59ea51582e48959e7da0a
W381_PROBE=launch-dma
info  W385 fuzz           = GPU 0, euid 0 — 3 threads x 64 iterations over 2 RM client(s), jitter <= 200 us
info  W385 topology       = host offers 3 core(s); the pinned arms use 3 — the bench guest's `-smp` (scripts/bench/boot_nvkvm.sh). ★ In kayfabe EACH GUEST vCPU IS A HOST THREAD, so this is the contention the product must survive
FUZZ_SEED=0x18d6c16204d36cb3
info  W385 replay         = --concurrent-fuzz --seed 1789830528658271411 --fuzz-threads 3 --fuzz-iters 64 --fuzz-clients 2
info  W385 the bar        = five invariants, each refused BY NAME: VA_DOUBLE_BOUND, MAP_NOT_ATOMIC, ALIAS_MISMATCH/ALIAS_REVOKED, CROSS_CLIENT_LEAK, FREED_HANDLE_RESOLVES/VA_NOT_RECOVERED/STALE_READ
⊘     W385 seed scope     = the seed replays the DECISION SEQUENCE, not the OS SCHEDULE. A red names a reproducible program; the interleaving that made it red is not ours to reproduce
IOCTL    142719us req=0xc04846d2 len=72    rc=0   head=0x00000032
IOCTL    151762us req=0xc00446c9 len=4     rc=0   head=0x00000009
IOCTL    161691us req=0xc020462b len=32    rc=0   head=0x00000000
IOCTL    172170us req=0xc020462b len=32    rc=0   head=0xc1d0000c
IOCTL    180840us req=0xc020462b len=32    rc=0   head=0xc1d0000c
IOCTL    189233us req=0xc020462b len=32    rc=0   head=0xc1d0000c
IOCTL    198119us req=0xc038464e len=56    rc=0   head=0xc1d0000c
info  W385 hClients       = ["0xc1d0000b", "0xc1d0000c"] — 2 distinct root(s)
IOCTL    280305us req=0xc020462b len=32    rc=0   head=0xc1d0000b
[   11.225582] NVRM: rpcRmApiAlloc_GSP: GspRmAlloc failed: hClient=0xc1d0000b; hParent=0xcafe0001; hObject=0xcafe0005; hClass=0x00000070; paramsSize=0x00000018; paramsStatus=0x00000000; status=0x00000056
IOCTL    318747us req=0xc020462b len=32    rc=0   head=0xc1d0000b
IOCTL    411650us req=0xc020462b len=32    rc=0   head=0xc1d0000c
[   11.359554] NVRM: rpcRmApiAlloc_GSP: GspRmAlloc failed: hClient=0xc1d0000c; hParent=0xcafe0001; hObject=0xcafe0005; hClass=0x00000070; paramsSize=0x00000018; paramsStatus=0x00000000; status=0x00000056
IOCTL    451352us req=0xc020462b len=32    rc=0   head=0xc1d0000c

info  W385 CONTROL        = the SAME verbs at T=1 with NO jitter. ⊘ If this reds, the RUNG is broken, not the system, and everything below is UNINTERPRETABLE
IOCTL    478918us req=0xc020462b len=32    rc=0   head=0xc1d0000b
IOCTL    532146us req=0xc0404657 len=64    rc=0   head=0xc1d0000b
IOCTL    550171us req=0xc020462b len=32    rc=0   head=0xc1d0000b
IOCTL    571336us req=0xc020462b len=32    rc=0   head=0xc1d0000b
IOCTL    580763us req=0xc020462a len=32    rc=0   head=0xc1d0000b
IOCTL    589332us req=0xc020462a len=32    rc=0   head=0xc1d0000b
IOCTL    625316us req=0xc038464e len=56    rc=0   head=0xc1d0000b
IOCTL    637382us req=0xc020462a len=32    rc=0   head=0xc1d0000b
IOCTL    648674us req=0xc020462b len=32    rc=0   head=0xc1d0000b
IOCTL    683207us req=0xc038464e len=56    rc=0   head=0xc1d0000b
IOCTL    696194us req=0xc038464e len=56    rc=0   head=0xc1d0000b
IOCTL    732434us req=0xc0104629 len=16    rc=0   head=0xc1d0000b
IOCTL    746160us req=0xc038464e len=56    rc=0   head=0xc1d0000b
IOCTL    755856us req=0xc020462b len=32    rc=0   head=0xc1d0000b
IOCTL    788886us req=0xc038464e len=56    rc=0   head=0xc1d0000b
IOCTL    800630us req=0xc038464e len=56    rc=0   head=0xc1d0000b
IOCTL    809767us req=0xc020462b len=32    rc=0   head=0xc1d0000b
IOCTL    841978us req=0xc038464e len=56    rc=0   head=0xc1d0000b
IOCTL    852183us req=0xc038464e len=56    rc=0   head=0xc1d0000b
IOCTL    888189us req=0xc0104629 len=16    rc=0   head=0xc1d0000b
IOCTL    901411us req=0xc038464e len=56    rc=0   head=0xc1d0000b
IOCTL    911185us req=0xc020462b len=32    rc=0   head=0xc1d0000b
IOCTL    963822us req=0xc038464e len=56    rc=0   head=0xc1d0000b
IOCTL    975512us req=0xc038464e len=56    rc=0   head=0xc1d0000b
IOCTL   1016887us req=0xc0404657 len=64    rc=0   head=0xc1d0000b
IOCTL   1025286us req=0xc020462b len=32    rc=0   head=0xc1d0000b
[   11.956088] NVRM: dmaAllocMapping_GM107: can't alloc VA space for mapping.
IOCTL   1038534us req=0xc0404657 len=64    rc=0   head=0xc1d0000b
IOCTL   1046921us req=0xc0104629 len=16    rc=0   head=0xc1d0000b
IOCTL   1089990us req=0xc0404657 len=64    rc=0   head=0xc1d0000b
IOCTL   1098649us req=0xc020462b len=32    rc=0   head=0xc1d0000b
[   12.029291] NVRM: dmaAllocMapping_GM107: can't alloc VA space for mapping.
IOCTL   1111350us req=0xc0404657 len=64    rc=0   head=0xc1d0000b
IOCTL   1120042us req=0xc0104629 len=16    rc=0   head=0xc1d0000b
kayfabe-isolate: DOORBELL-STORE #1 host_token=0x00000003 runlist=0 chid=3 → storing 32 bits at USERMODE_NOTIFY_CHANNEL_PENDING=0x90 in the mapped usermode window
kayfabe-isolate: DOORBELL-STORE #1 host_token=0x00000003 ★★★ WROTE — the store instruction executed
IOCTL   1152393us req=0xc038464e len=56    rc=0   head=0xc1d0000b
IOCTL   1169978us req=0xc0304658 len=48    rc=0   head=0xc1d0000b
IOCTL   1204992us req=0xc0104629 len=16    rc=0   head=0xc1d0000b
IOCTL   1218271us req=0xc038464e len=56    rc=0   head=0xc1d0000b
IOCTL   1227818us req=0xc020462b len=32    rc=0   head=0xc1d0000b
IOCTL   1267983us req=0xc0404657 len=64    rc=0   head=0xc1d0000b
IOCTL   1286461us req=0xc0304658 len=48    rc=0   head=0xc1d0000b
IOCTL   1294961us req=0xc0104629 len=16    rc=0   head=0xc1d0000b
IOCTL   1333888us req=0xc0404657 len=64    rc=0   head=0xc1d0000b
kayfabe-isolate: DOORBELL-STORE #2 host_token=0x00000003 runlist=0 chid=3 → storing 32 bits at USERMODE_NOTIFY_CHANNEL_PENDING=0x90 in the mapped usermode window
kayfabe-isolate: DOORBELL-STORE #2 host_token=0x00000003 ★★★ WROTE — the store instruction executed
IOCTL   1366222us req=0xc038464e len=56    rc=0   head=0xc1d0000b
kayfabe-isolate: DOORBELL-STORE #3 host_token=0x00000003 runlist=0 chid=3 → storing 32 bits at USERMODE_NOTIFY_CHANNEL_PENDING=0x90 in the mapped usermode window
kayfabe-isolate: DOORBELL-STORE #3 host_token=0x00000003 ★★★ WROTE — the store instruction executed
IOCTL   1400988us req=0xc038464e len=56    rc=0   head=0xc1d0000b
IOCTL   1409311us req=0xc020462b len=32    rc=0   head=0xc1d0000b
IOCTL   1442815us req=0xc038464e len=56    rc=0   head=0xc1d0000b
IOCTL   1452840us req=0xc038464e len=56    rc=0   head=0xc1d0000b
kayfabe-isolate: DOORBELL-STORE #4 host_token=0x00000003 runlist=0 chid=3 → storing 32 bits at USERMODE_NOTIFY_CHANNEL_PENDING=0x90 in the mapped usermode window
kayfabe-isolate: DOORBELL-STORE #4 host_token=0x00000003 ★★★ WROTE — the store instruction executed
IOCTL   1485665us req=0xc038464e len=56    rc=0   head=0xc1d0000b
IOCTL   1495107us req=0xc020462b len=32    rc=0   head=0xc1d0000b
IOCTL   1529542us req=0xc038464e len=56    rc=0   head=0xc1d0000b
IOCTL   1539336us req=0xc038464e len=56    rc=0   head=0xc1d0000b
kayfabe-isolate: DOORBELL-STORE #5 host_token=0x00000003 runlist=0 chid=3 → storing 32 bits at USERMODE_NOTIFY_CHANNEL_PENDING=0x90 in the mapped usermode window
kayfabe-isolate: DOORBELL-STORE #5 host_token=0x00000003 ★★★ WROTE — the store instruction executed
IOCTL   1571706us req=0xc038464e len=56    rc=0   head=0xc1d0000b
kayfabe-isolate: DOORBELL-STORE #6 host_token=0x00000003 runlist=0 chid=3 → storing 32 bits at USERMODE_NOTIFY_CHANNEL_PENDING=0x90 in the mapped usermode window
kayfabe-isolate: DOORBELL-STORE #6 host_token=0x00000003 ★★★ WROTE — the store instruction executed
IOCTL   1604322us req=0xc038464e len=56    rc=0   head=0xc1d0000b
kayfabe-isolate: DOORBELL-STORE #7 host_token=0x00000003 runlist=0 chid=3 → storing 32 bits at USERMODE_NOTIFY_CHANNEL_PENDING=0x90 in the mapped usermode window
kayfabe-isolate: DOORBELL-STORE #7 host_token=0x00000003 ★★★ WROTE — the store instruction executed
IOCTL   1637438us req=0xc038464e len=56    rc=0   head=0xc1d0000b
IOCTL   1647749us req=0xc038464e len=56    rc=0   head=0xc1d0000b
IOCTL   1690265us req=0xc0404657 len=64    rc=0   head=0xc1d0000b
IOCTL   1699429us req=0xc020462b len=32    rc=0   head=0xc1d0000b
[   12.632673] NVRM: dmaAllocMapping_GM107: can't alloc VA space for mapping.
IOCTL   1716043us req=0xc0404657 len=64    rc=0   head=0xc1d0000b
IOCTL   1725599us req=0xc0104629 len=16    rc=0   head=0xc1d0000b
kayfabe-isolate: DOORBELL-STORE #8 host_token=0x00000003 runlist=0 chid=3 → storing 32 bits at USERMODE_NOTIFY_CHANNEL_PENDING=0x90 in the mapped usermode window
kayfabe-isolate: DOORBELL-STORE #8 host_token=0x00000003 ★★★ WROTE — the store instruction executed
IOCTL   1760976us req=0xc038464e len=56    rc=0   head=0xc1d0000b
kayfabe-isolate: DOORBELL-STORE #9 host_token=0x00000003 runlist=0 chid=3 → storing 32 bits at USERMODE_NOTIFY_CHANNEL_PENDING=0x90 in the mapped usermode window
kayfabe-isolate: DOORBELL-STORE #9 host_token=0x00000003 ★★★ WROTE — the store instruction executed
IOCTL   1794249us req=0xc038464e len=56    rc=0   head=0xc1d0000b
kayfabe-isolate: DOORBELL-STORE #10 host_token=0x00000003 runlist=0 chid=3 → storing 32 bits at USERMODE_NOTIFY_CHANNEL_PENDING=0x90 in the mapped usermode window
kayfabe-isolate: DOORBELL-STORE #10 host_token=0x00000003 ★★★ WROTE — the store instruction executed
IOCTL   1827477us req=0xc038464e len=56    rc=0   head=0xc1d0000b
IOCTL   1836430us req=0xc038464e len=56    rc=0   head=0xc1d0000b
IOCTL   1904342us req=0xc0404657 len=64    rc=0   head=0xc1d0000b
IOCTL   1913104us req=0xc020462b len=32    rc=0   head=0xc1d0000b
[   12.843846] NVRM: dmaAllocMapping_GM107: can't alloc VA space for mapping.
IOCTL   1925684us req=0xc0404657 len=64    rc=0   head=0xc1d0000b
IOCTL   1934240us req=0xc0104629 len=16    rc=0   head=0xc1d0000b
kayfabe-isolate: DOORBELL-STORE #11 host_token=0x00000003 runlist=0 chid=3 → storing 32 bits at USERMODE_NOTIFY_CHANNEL_PENDING=0x90 in the mapped usermode window
kayfabe-isolate: DOORBELL-STORE #11 host_token=0x00000003 ★★★ WROTE — the store instruction executed
IOCTL   1966739us req=0xc038464e len=56    rc=0   head=0xc1d0000b
IOCTL   2033965us req=0xc0404657 len=64    rc=0   head=0xc1d0000b
IOCTL   2042291us req=0xc020462b len=32    rc=0   head=0xc1d0000b
[   12.972925] NVRM: dmaAllocMapping_GM107: can't alloc VA space for mapping.
IOCTL   2054799us req=0xc0404657 len=64    rc=0   head=0xc1d0000b
IOCTL   2063200us req=0xc0104629 len=16    rc=0   head=0xc1d0000b
IOCTL   2132557us req=0xc0404657 len=64    rc=0   head=0xc1d0000b
IOCTL   2160357us req=0xc0304658 len=48    rc=0   head=0xc1d0000b
IOCTL   2168749us req=0xc020462b len=32    rc=0   head=0xc1d0000b
IOCTL   2235528us req=0xc0404657 len=64    rc=0   head=0xc1d0000b
IOCTL   2263273us req=0xc0304658 len=48    rc=0   head=0xc1d0000b
IOCTL   2271887us req=0xc0104629 len=16    rc=0   head=0xc1d0000b
kayfabe-isolate: DOORBELL-STORE #12 host_token=0x00000003 runlist=0 chid=3 → storing 32 bits at USERMODE_NOTIFY_CHANNEL_PENDING=0x90 in the mapped usermode window
kayfabe-isolate: DOORBELL-STORE #12 host_token=0x00000003 ★★★ WROTE — the store instruction executed
IOCTL   2304889us req=0xc038464e len=56    rc=0   head=0xc1d0000b
IOCTL   2372830us req=0xc0404657 len=64    rc=0   head=0xc1d0000b
kayfabe-isolate: DOORBELL-STORE #13 host_token=0x00000003 runlist=0 chid=3 → storing 32 bits at USERMODE_NOTIFY_CHANNEL_PENDING=0x90 in the mapped usermode window
kayfabe-isolate: DOORBELL-STORE #13 host_token=0x00000003 ★★★ WROTE — the store instruction executed
IOCTL   2405592us req=0xc038464e len=56    rc=0   head=0xc1d0000b
kayfabe-isolate: DOORBELL-STORE #14 host_token=0x00000003 runlist=0 chid=3 → storing 32 bits at USERMODE_NOTIFY_CHANNEL_PENDING=0x90 in the mapped usermode window
kayfabe-isolate: DOORBELL-STORE #14 host_token=0x00000003 ★★★ WROTE — the store instruction executed
IOCTL   2438225us req=0xc038464e len=56    rc=0   head=0xc1d0000b
kayfabe-isolate: DOORBELL-STORE #15 host_token=0x00000003 runlist=0 chid=3 → storing 32 bits at USERMODE_NOTIFY_CHANNEL_PENDING=0x90 in the mapped usermode window
kayfabe-isolate: DOORBELL-STORE #15 host_token=0x00000003 ★★★ WROTE — the store instruction executed
IOCTL   2473539us req=0xc038464e len=56    rc=0   head=0xc1d0000b
kayfabe-isolate: DOORBELL-STORE #16 host_token=0x00000003 runlist=0 chid=3 → storing 32 bits at USERMODE_NOTIFY_CHANNEL_PENDING=0x90 in the mapped usermode window
kayfabe-isolate: DOORBELL-STORE #16 host_token=0x00000003 ★★★ WROTE — the store instruction executed
IOCTL   2507518us req=0xc038464e len=56    rc=0   head=0xc1d0000b
kayfabe-isolate: DOORBELL-STORE #17 host_token=0x00000003 runlist=0 chid=3 → storing 32 bits at USERMODE_NOTIFY_CHANNEL_PENDING=0x90 in the mapped usermode window
kayfabe-isolate: DOORBELL-STORE #17 host_token=0x00000003 ★★★ WROTE — the store instruction executed
IOCTL   2540761us req=0xc038464e len=56    rc=0   head=0xc1d0000b
IOCTL   2549852us req=0xc038464e len=56    rc=0   head=0xc1d0000b
IOCTL   2558624us req=0xc020462b len=32    rc=0   head=0xc1d0000b
[   13.489310] NVRM: dmaAllocMapping_GM107: can't alloc VA space for mapping.
IOCTL   2571492us req=0xc0404657 len=64    rc=0   head=0xc1d0000b
IOCTL   2580261us req=0xc0104629 len=16    rc=0   head=0xc1d0000b
IOCTL   2608178us req=0xc0304658 len=48    rc=0   head=0xc1d0000b
IOCTL   2616401us req=0xc020462b len=32    rc=0   head=0xc1d0000b
IOCTL   2687359us req=0xc0404657 len=64    rc=0   head=0xc1d0000b
IOCTL   2718338us req=0xc0304658 len=48    rc=0   head=0xc1d0000b
IOCTL   2727108us req=0xc0104629 len=16    rc=0   head=0xc1d0000b
kayfabe-isolate: DOORBELL-STORE #18 host_token=0x00000003 runlist=0 chid=3 → storing 32 bits at USERMODE_NOTIFY_CHANNEL_PENDING=0x90 in the mapped usermode window
kayfabe-isolate: DOORBELL-STORE #18 host_token=0x00000003 ★★★ WROTE — the store instruction executed
IOCTL   2759725us req=0xc038464e len=56    rc=0   head=0xc1d0000b
kayfabe-isolate: DOORBELL-STORE #19 host_token=0x00000003 runlist=0 chid=3 → storing 32 bits at USERMODE_NOTIFY_CHANNEL_PENDING=0x90 in the mapped usermode window
kayfabe-isolate: DOORBELL-STORE #19 host_token=0x00000003 ★★★ WROTE — the store instruction executed
IOCTL   2793315us req=0xc038464e len=56    rc=0   head=0xc1d0000b
IOCTL   2859414us req=0xc0404657 len=64    rc=0   head=0xc1d0000b
IOCTL   2868199us req=0xc020462b len=32    rc=0   head=0xc1d0000b
[   13.798940] NVRM: dmaAllocMapping_GM107: can't alloc VA space for mapping.
IOCTL   2880928us req=0xc0404657 len=64    rc=0   head=0xc1d0000b
IOCTL   2889345us req=0xc0104629 len=16    rc=0   head=0xc1d0000b
kayfabe-isolate: DOORBELL-STORE #20 host_token=0x00000003 runlist=0 chid=3 → storing 32 bits at USERMODE_NOTIFY_CHANNEL_PENDING=0x90 in the mapped usermode window
kayfabe-isolate: DOORBELL-STORE #20 host_token=0x00000003 ★★★ WROTE — the store instruction executed
IOCTL   2922238us req=0xc038464e len=56    rc=0   head=0xc1d0000b
kayfabe-isolate: DOORBELL-STORE #21 host_token=0x00000003 runlist=0 chid=3 → storing 32 bits at USERMODE_NOTIFY_CHANNEL_PENDING=0x90 in the mapped usermode window
kayfabe-isolate: DOORBELL-STORE #21 host_token=0x00000003 ★★★ WROTE — the store instruction executed
IOCTL   2955434us req=0xc038464e len=56    rc=0   head=0xc1d0000b
kayfabe-isolate: DOORBELL-STORE #22 host_token=0x00000003 runlist=0 chid=3 → storing 32 bits at USERMODE_NOTIFY_CHANNEL_PENDING=0x90 in the mapped usermode window
kayfabe-isolate: DOORBELL-STORE #22 host_token=0x00000003 ★★★ WROTE — the store instruction executed
IOCTL   2988406us req=0xc038464e len=56    rc=0   head=0xc1d0000b
IOCTL   2997306us req=0xc038464e len=56    rc=0   head=0xc1d0000b
IOCTL   3006165us req=0xc020462b len=32    rc=0   head=0xc1d0000b
[   13.937207] NVRM: dmaAllocMapping_GM107: can't alloc VA space for mapping.
IOCTL   3019676us req=0xc0404657 len=64    rc=0   head=0xc1d0000b
IOCTL   3030200us req=0xc0104629 len=16    rc=0   head=0xc1d0000b
IOCTL   3039956us req=0xc020462b len=32    rc=0   head=0xc1d0000b
[   13.971465] NVRM: dmaAllocMapping_GM107: can't alloc VA space for mapping.
IOCTL   3053522us req=0xc0404657 len=64    rc=0   head=0xc1d0000b
IOCTL   3062444us req=0xc0104629 len=16    rc=0   head=0xc1d0000b
IOCTL   3091202us req=0xc0304658 len=48    rc=0   head=0xc1d0000b
IOCTL   3099447us req=0xc020462b len=32    rc=0   head=0xc1d0000b
IOCTL   3166725us req=0xc0404657 len=64    rc=0   head=0xc1d0000b
IOCTL   3194672us req=0xc0304658 len=48    rc=0   head=0xc1d0000b
IOCTL   3204367us req=0xc0104629 len=16    rc=0   head=0xc1d0000b
kayfabe-isolate: DOORBELL-STORE #23 host_token=0x00000003 runlist=0 chid=3 → storing 32 bits at USERMODE_NOTIFY_CHANNEL_PENDING=0x90 in the mapped usermode window
kayfabe-isolate: DOORBELL-STORE #23 host_token=0x00000003 ★★★ WROTE — the store instruction executed
IOCTL   3239229us req=0xc038464e len=56    rc=0   head=0xc1d0000b
IOCTL   3267158us req=0xc0304658 len=48    rc=0   head=0xc1d0000b
IOCTL   3294784us req=0xc0304658 len=48    rc=0   head=0xc1d0000b
IOCTL   3340729us req=0xc0104629 len=16    rc=0   head=0xc1d0000b
IOCTL   3374794us req=0xc0304658 len=48    rc=0   head=0xc1d0000b
IOCTL   3404172us req=0xc0304658 len=48    rc=0   head=0xc1d0000b
IOCTL   3452335us req=0xc0104629 len=16    rc=0   head=0xc1d0000b
IOCTL   3487312us req=0xc0304658 len=48    rc=0   head=0xc1d0000b
IOCTL   3535712us req=0xc0104629 len=16    rc=0   head=0xc1d0000b
IOCTL   3557611us req=0xc0104629 len=16    rc=0   head=0xc1d0000b
IOCTL   3587382us req=0xc0304658 len=48    rc=0   head=0xc1d0000b
IOCTL   3601140us req=0xc0104629 len=16    rc=0   head=0xc1d0000b
IOCTL   3649324us req=0xc0104629 len=16    rc=0   head=0xc1d0000b
info  W385 control  census = 64 ops over 1 workers in 3201 ms, 0 refused, 1/1 workers finished
info  W385 control  verbs  = alloc=4 map_a=4 map_b=5 write=8 alias_prop=4 unmap_b=3 probe=5 free=1 recycle=2 idle=28
info  W385 control  op us   = n=36 min=29129 p50=57906 p90=123866 p99=176865 max=179348  ⊘ a distribution, because one number is not a measurement
info  W385 control  overlap = 0 pairs of RM-verb intervals from DIFFERENT threads intersected, over 36/36 spans
info  W385 control  handles = 7 minted across 1 worker(s), each checked for collision against every other worker OF THE SAME CLIENT
info  W385 control  pinning = mode unpinned — 0/1 workers accepted a mask; observed core sets {"0-2"}
ok    W385 control        = 64 single-threaded ops of which 15 ran the ENGINE, zero violations — the verbs, the channel and the oracle all work

info  W385 ARM unpinned   = 3 threads across 2 client(s), placement unpinned, seeded jitter <= 200 us
IOCTL   3753898us req=0xc020462b len=32    rc=0   head=0xc1d0000b
IOCTL   3754889us req=0xc020462b len=32    rc=0   head=0xc1d0000c
IOCTL   3821667us req=0xc0404657 len=64    rc=0   head=0xc1d0000b
IOCTL   3831234us req=0xc020462b len=32    rc=0   head=0xc1d0000b
IOCTL   3836685us req=0xc020462b len=32    rc=0   head=0xc1d0000b
IOCTL   3922416us req=0xc0404657 len=64    rc=0   head=0xc1d0000c
IOCTL   3996160us req=0xc0404657 len=64    rc=0   head=0xc1d0000b
IOCTL   4003297us req=0xc020462b len=32    rc=0   head=0xc1d0000c
IOCTL   4033773us req=0xc020462b len=32    rc=0   head=0xc1d0000b
IOCTL   4047826us req=0xc020462b len=32    rc=0   head=0xc1d0000b
IOCTL   4077358us req=0xc020462b len=32    rc=0   head=0xc1d0000c
IOCTL   4087162us req=0xc020462a len=32    rc=0   head=0xc1d0000b
IOCTL   4131401us req=0xc020462b len=32    rc=0   head=0xc1d0000b
IOCTL   4131864us req=0xc020462a len=32    rc=0   head=0xc1d0000c
IOCTL   4132650us req=0xc020462a len=32    rc=0   head=0xc1d0000b
IOCTL   4151629us req=0xc020462a len=32    rc=0   head=0xc1d0000c
IOCTL   4207041us req=0xc020462a len=32    rc=0   head=0xc1d0000b
IOCTL   4250201us req=0xc038464e len=56    rc=0   head=0xc1d0000b
IOCTL   4259914us req=0xc020462a len=32    rc=0   head=0xc1d0000b
IOCTL   4260664us req=0xc038464e len=56    rc=0   head=0xc1d0000c
IOCTL   4263225us req=0xc020462a len=32    rc=0   head=0xc1d0000b
IOCTL   4324286us req=0xc038464e len=56    rc=0   head=0xc1d0000b
IOCTL   4334233us req=0xc020462a len=32    rc=0   head=0xc1d0000c
IOCTL   4334979us req=0xc020462a len=32    rc=0   head=0xc1d0000b
IOCTL   4337358us req=0xc020462b len=32    rc=0   head=0xc1d0000b
IOCTL   4353512us req=0xc020462b len=32    rc=0   head=0xc1d0000b
IOCTL   4443269us req=0xc020462b len=32    rc=0   head=0xc1d0000c
IOCTL   4443825us req=0xc038464e len=56    rc=0   head=0xc1d0000b
IOCTL   4444411us req=0xc038464e len=56    rc=0   head=0xc1d0000b
IOCTL   4513766us req=0xc038464e len=56    rc=0   head=0xc1d0000c
IOCTL   4514993us req=0xc038464e len=56    rc=0   head=0xc1d0000b
IOCTL   4533672us req=0xc038464e len=56    rc=0   head=0xc1d0000b
IOCTL   4534244us req=0xc038464e len=56    rc=0   head=0xc1d0000c
IOCTL   4601388us req=0xc0404657 len=64    rc=0   head=0xc1d0000b
IOCTL   4613384us req=0xc020462b len=32    rc=0   head=0xc1d0000b
IOCTL   4650135us req=0xc0104629 len=16    rc=0   head=0xc1d0000c
IOCTL   4707603us req=0xc038464e len=56    rc=0   head=0xc1d0000c
IOCTL   4707742us req=0xc020462b len=32    rc=0   head=0xc1d0000b
IOCTL   4729603us req=[   15.654011] NVRM: dmaAllocMapping_GM107: can't alloc VA space for mapping.
0xc038464e len=56    rc=0   head=0xc1d0000b
IOCTL   4730247us req=0xc020462b len=32    rc=0   head=0xc1d0000c
IOCTL   4737487us req=0xc0404657 len=64    rc=0   head=0xc1d0000b
IOCTL   4799385us req=0xc0104629 len=16    rc=0   head=0xc1d0000b
IOCTL   4800588us req=0xc038464e len=56    rc=0   head=0xc1d0000b
kayfabe-isolate: DOORBELL-STORE #24 host_token=0x00000003 runlist=0 chid=3 → storing 32 bits at USERMODE_NOTIFY_CHANNEL_PENDING=0x90 in the mapped usermode window
kayfabe-isolate: DOORBELL-STORE #24 host_token=0x00000003 ★★★ WROTE — the store instruction executed
IOCTL   4820488us req=0xc038464e len=56    rc=0   head=0xc1d0000c
IOCTL   4889845us req=0xc0404657 len=64    rc=0   head=0xc1d0000b
IOCTL   4900644us req=0xc038464e len=56    rc=0   head=0xc1d0000b
IOCTL   4902567us req=0xc020462b len=32    rc=0   head=0xc1d0000b
IOCTL   4919295us req=0xc038464e len=56    rc=0   head=0xc1d0000c
IOCTL   4940610[   15.864112] NVRM: dmaAllocMapping_GM107: can't alloc VA space for mapping.
us req=0xc0304658 len=48    rc=0   head=0xc1d0000b
IOCTL   4947672us req=0xc0404657 len=64    rc=0   head=0xc1d0000b
IOCTL   5002039us req=0xc0104629 len=16    rc=0   head=0xc1d0000c
IOCTL   5035723us req=0xc0104629 len=16    rc=0   head=0xc1d0000b
IOCTL   5036889us req=0xc0104629 len=16    rc=0   head=0xc1d0000b
IOCTL   5045655us req=0xc038464e len=56    rc=0   head=0xc1d0000b
kayfabe-isolate: DOORBELL-STORE #25 host_token=0x00000005 runlist=0 chid=5 → storing 32 bits at USERMODE_NOTIFY_CHANNEL_PENDING=0x90 in the mapped usermode window
IOCTL   5055719us req=0xc038464e len=56    rc=0   head=0xc1d0000c
IOCTL   5065638us req=0xc020462b len=32    rc=0   head=0xc1d0000b
kayfabe-isolate: DOORBELL-STORE #25 host_token=0x00000005 ★★★ WROTE — the store instruction executed
IOCTL   5090207us req=0xc020462b len=32    rc=0   head=0xc1d0000c
IOCTL   5158729us req=0xc0404657 len=64    rc=0   head=0xc1d0000b
IOCTL   5225575us req=0xc0304658 len=48    rc=0   head=0xc1d0000b
IOCTL   5226182us req=0xc038464e len=56    rc=0   head=0xc1d0000c
IOCTL   5243897us req=0xc038464e len=56    rc=0   head=0xc1d0000b
IOCTL   5244775us req=0xc0104629 len=16    rc=0   head=0xc1d0000b
IOCTL   5248113us req=0xc038464e len=56    rc=0   head=0xc1d0000c
IOCTL   5264774us req=0xc020462b len=32    rc=0   head=0xc1d0000b
IOCTL   5366024us req=0xc020462b len=32    rc=0   head=0xc1d0000c
IOCTL   5366031us req=0xc0104629 len=16    rc=0   head=0xc1d0000b
IOCTL   5366887us req=0xc038464e len=56    rc=0   head=0xc1d0000b
IOCTL   5427298us req=0xc038464e len=56    rc=0   head=0xc1d0000b
IOCTL   5427771us req=0xc038464e len=56    rc=0   head=0xc1d0000c
IOCTL   5429013us req=0xc038464e len=56    rc=0   head=0xc1d0000b
IOCTL   5448624us req=0xc038464e len=56    rc=0   head=0xc1d0000c
IOCTL   5458797us req=0xc020462b len=32    rc=0   head=0xc1d0000b
IOCTL   5467691us req=0xc020462b len=32    rc=0   head=0xc1d0000c
kayfabe-isolate: DOORBELL-STORE #26 host_token=0x00000005 runlist=0 chid=5 → storing 32 bits at USERMODE_NOTIFY_CHANNEL_PENDING=0x90 in the mapped usermode window
kayfabe-isolate: DOORBELL-STORE #26 host_token=0x00000005 ★★★ WROTE — the store instruction executed
IOCTL   5568612us req=0xc038464e len=56    rc=0   head=0xc1d0000c
IOCTL   5569340us req=0xc038464e len=56    rc=0   head=0xc1d0000b
IOCTL   5588344us req=0xc038464e len=56    rc=0   head=0xc1d0000b
IOCTL   5590157us req=0xc038464e len=56    rc=0   head=0xc1d0000c
IOCTL   5590659us req=0xc038464e len=56    rc=0   head=0xc1d0000b
IOCTL   5674203us req=0xc0404657 len=64    rc=0   head=0xc1d0000c
IOCTL   5674974us req=0xc020462b len=32    rc=0   head=0xc1d0000b
IOCTL   5771239us req=0xc0404657 len=64    rc=0   head=0xc1d0000b
IOCTL   5773543us req=0xc020462b len=32    rc=0   head=0xc1d0000c
IOCTL   5823670us req=[   16.748098] NVRM: dmaAllocMapping_GM107: can't alloc VA space for mapping.
0xc020462b len=32    rc=0   head=0xc1d0000b
IOCTL   5824599us req=0xc038464e len=56    rc=0   head=0xc1d0000b
IOCTL   5831945us req=0xc0404657 len=64    rc=0   head=0xc1d0000c
IOCTL   5854548us req=0xc038464e len=56    rc=0   head=0xc1d0000b
IOCTL   5858509us req=0xc0104629 len=16    rc=0   head=0xc1d0000c
IOCTL   5925644us req=0xc038464e len=56    rc=0   head=0xc1d0000b
IOCTL   5992088us req=0xc0404657 len=64    rc=0   head=0xc1d0000b
IOCTL   6059488us req=0xc0404657 len=64    rc=0   head=0xc1d0000c
IOCTL   6060141us req=0xc020462b len=32    rc=0   head=0xc1d0000b
IOCTL [   17.001382] NVRM: dmaAllocMapping_GM107: can't alloc VA space for mapping.
  6078306us req=0xc020462b len=32    rc=0   head=0xc1d0000c
IOCTL [   17.018887] NVRM: dmaAllocMapping_GM107: can't alloc VA space for mapping.
  6083952us req=0xc0404657 len=64    rc=0   head=0xc1d0000b
IOCTL   6101314us req=0xc0404657 len=64    rc=0   head=0xc1d0000c
IOCTL   6110384us req=0xc0104629 len=16    rc=0   head=0xc1d0000b
IOCTL   6128163us req=0xc038464e len=56    rc=0   head=0xc1d0000b
kayfabe-isolate: DOORBELL-STORE #27 host_token=0x00000003 runlist=0 chid=3 → storing 32 bits at USERMODE_NOTIFY_CHANNEL_PENDING=0x90 in the mapped usermode window
IOCTL   6128986us req=0xc0104629 len=16    rc=0   head=0xc1d0000c
kayfabe-isolate: DOORBELL-STORE #27 host_token=0x00000003 ★★★ WROTE — the store instruction executed
IOCTL   6230220us req=0xc0404657 len=64    rc=0   head=0xc1d0000c
IOCTL   6240134us req=0xc020462b len=32    rc=0   head=0xc1d0000b
IOCTL   6309362us req=0xc0404657 len=64    rc=0   head=0xc1d0000c
IOCTL   6310140us req=0xc038464e len=56    rc=0   head=0xc1d0000b
IOCTL   6318980us req=0xc020462b len=32    rc=0   head=0xc1d0000c
kayfabe-isolate: DOORBELL-STORE #28 host_token=0x00000003 runlist=0 chid=3 → storing 32 bits at USERMODE_NOTIFY_CHANNEL_PENDING=0x90 in the mapped usermode window
kayfabe-isolate: DOORBELL-STORE #28 host_token=0x00000003 ★★★ WROTE — the store instruction executed
IOCTL   6418594us req=0xc038464e len=56    rc=0   head=0xc1d0000b
IOCTL   6419802us req=0xc038464e len=56    rc=0   head=0xc1d0000b
[   17.359978] NVRM: dmaAllocMapping_GM107: can't alloc VA space for mapping.
IOCTL   6442569us req=0xc0404657 len=64    rc=0   head=0xc1d0000c
IOCTL   6513035us req=0xc0404657 len=64    rc=0   head=0xc1d0000b
IOCTL   6522315us req=0xc0104629 len=16    rc=0   head=0xc1d0000c
IOCTL   6522961us req=0xc038464e len=56    rc=0   head=0xc1d0000b
IOCTL   6523570us req=0xc020462b len=32    rc=0   head=0xc1d0000b
kayfabe-isolate: DOORBELL-STORE #29 host_token=0[   17.474005] NVRM: dmaAllocMapping_GM107: can't alloc VA space for mapping.
x00000005 runlist=0 chid=5 → storing 32 bits at USERMODE_NOTIFY_CHANNEL_PENDING=0x90 in the mapped usermode window
kayfabe-isolate: DOORBELL-STORE #29 host_token=0x00000005 ★★★ WROTE — the store instruction executed
IOCTL   6559505us req=0xc0404657 len=64    rc=0   head=0xc1d0000b
IOCTL   6566000us req=0xc038464e len=56    rc=0   head=0xc1d0000b
kayfabe-isolate: DOORBELL-STORE #30 host_token=0x00000004 runlist=0 chid=4 → storing 32 bits at USERMODE_NOTIFY_CHANNEL_PENDING=0x90 in the mapped usermode window
kayfabe-isolate: DOORBELL-STORE #30 host_token=0x00000004 ★★★ WROTE — the store instruction executed
IOCTL   6575860us req=0xc0104629 len=16    rc=0   head=0xc1d0000b
IOCTL   6617355us req=0xc0304658 len=48    rc=0   head=0xc1d0000b
kayfabe-isolate: DOORBELL-STORE #31 host_token=0x00000003 runlist=0 chid=3 → storing 32 bits at USERMODE_NOTIFY_CHANNEL_PENDING=0x90 in the mapped usermode window
kayfabe-isolate: DOORBELL-STORE #31 host_token=0x00000003 ★★★ WROTE — the store instruction executed
IOCTL   6662520us req=0xc0304658 len=48    rc=0   head=0xc1d0000b
IOCTL   6712818us req=0xc0104629 len=16    rc=0   head=0xc1d0000b
IOCTL   6712832us req=0xc038464e len=56    rc=0   head=0xc1d0000c
IOCTL   6714127us req=0xc038464e len=56    rc=0   head=0xc1d0000b
IOCTL   6728705us req=0xc038464e len=56    rc=0   head=0xc1d0000b
IOCTL   6757852us req=0xc020462b len=32    rc=0   head=0xc1d0000b
IOCTL   6831292us req=0xc0404657 len=64    rc=0   head=0xc1d0000b
kayfabe-isolate: DOORBELL-STORE #32 host_token=0x00000003 runlist=0 chid=3 → storing 32 bits at USERMODE_NOTIFY_CHANNEL_PENDING=0x90 in the mapped usermode window
kayfabe-isolate: DOORBELL-STORE #32 host_token=0x00000003 ★★★ WROTE — the store instruction executed
IOCTL   6900124us req=0xc0404657 len=64    rc=0   head=0xc1d0000b
IOCTL   6979580us req=0xc0404657 len=64    rc=0   head=0xc1d0000c
IOCTL   6980877us req=0xc038464e len=56    rc=0   head=0xc1d0000b
kayfabe-isolate: DOORBELL-STORE #33 host_token=0x00000003 runlist=0 chid=3 → storing 32 bits at USERMODE_NOTIFY_CHANNEL_PENDING=0x90 in the mapped usermode window
IOCTL   7004540us req=0xc0304658 len=48    rc=0   head=0xc1d0000b
kayfabe-isolate: DOORBELL-STORE #33 host_token=0x00000003 ★★★ WROTE — the store instruction executed
IOCTL   7025127us req=0xc0104629 len=16    rc=0   head=0xc1d0000b
IOCTL   7035431us req=0xc038464e len=56    rc=0   head=0xc1d0000b
IOCTL   7044603us req=0xc020462b len=32    rc=0   head=0xc1d0000b
kayfabe-isolate: DOORBELL-STORE #34 host_token=0x00000003 runlist=0 chid=3 → storing 32 bits at USERMODE_NOTIFY_CHANNEL_PENDING=0x90 in the mapped usermode window
kayfabe-isolate: DOORBELL-STORE #34 host_token=0x00000003 ★★★ WROTE — the store instruction executed
IOCTL   7122993us req=0xc0404657 len=64    rc=0   head=0xc1d0000c
IOCTL   7197801us req=0xc0404657 len=64    rc=0   head=0xc1d0000b
IOCTL   7217767us req=0xc0304658 len=48    rc=0   head=0xc1d0000c
IOCTL   7227380us req=0xc038464e len=56    rc=0   head=0xc1d0000b
IOCTL   7248830us req=0xc0304658 len=48    rc=0   head=0xc1d0000b
IOCTL   7249509us req=0xc020462b len=32    rc=0   head=0xc1d0000c
IOCTL   7258890us req=0xc0104629 len=16    rc=0   head=0xc1d0000b
IOCTL   7336534us req=0xc0404657 len=64    rc=0   head=0xc1d0000c
IOCTL   7347723us req=0xc038464e len=56    rc=0   head=0xc1d0000b
kayfabe-isolate: DOORBELL-STORE #35 host_token=0x00000003 runlist=0 chid=3 → storing 32 bits at USERMODE_NOTIFY_CHANNEL_PENDING=0x90 in the mapped usermode window
kayfabe-isolate: DOORBELL-STORE #35 host_token=0x00000003 ★★★ WROTE — the store instruction executed
IOCTL   7405283us req=0xc0404657 len=64    rc=0   head=0xc1d0000b
IOCTL   7436377us req=0xc0304658 len=48    rc=0   head=0xc1d0000c
IOCTL   7436975us req=0xc020462b len=32    rc=0   head=0xc1d0000b
IOCTL   [   18.377994] NVRM: dmaAllocMapping_GM107: can't alloc VA space for mapping.
7446392us req=0xc0104629 len=16    rc=0   head=0xc1d0000c
IOCTL   7461280us req=0xc0404657 len=64    rc=0   head=0xc1d0000b
kayfabe-isolate: DOORBELL-STORE #36 host_token=0x00000004 runlist=0 chid=4 → storing 32 bits at USERMODE_NOTIFY_CHANNEL_PENDING=0x90 in the mapped usermode window
IOCTL   7470213us req=0xc038464e len=56    rc=0   head=0xc1d0000b
kayfabe-isolate: DOORBELL-STORE #37 host_token=0x00000003 runlist=0 chid=3 → storing 32 bits at USERMODE_NOTIFY_CHANNEL_PENDING=0x90 in the mapped usermode window
kayfabe-isolate: DOORBELL-STORE #37 host_token=0x00000003 ★★★ WROTE — the store instruction executed
IOCTL   7478494us req=0xc0104629 len=16    rc=0   head=0xc1d0000b
IOCTL   7527870us req=0xc038464e len=56    rc=0   head=0xc1d0000b
IOCTL   7528602us req=0xc020462b len=32    rc=0   head=0xc1d0000b
kayfabe-isolate: DOORBELL-STORE #36 host_token=0x00000004 ★★★ WROTE — the store instruction executed
kayfabe-isolate: DOORBELL-STORE #38 host_token=0x00000003 runlist=0 chid=3 → storing 32 bits at USERMODE_NOTIFY_CHANNEL_PENDING=0x90 in the mapped usermode window
kayfabe-isolate: DOORBELL-STORE #38 host_token=0x00000003 ★★★ WROTE — the store instruction executed
IOCTL   7595386us req=0xc038464e len=56    rc=0   head=0xc1d0000b
IOCTL   7596037us req=0xc038464e len=56    rc=0   head=0xc1d0000b
IOCTL   7615007us req=0xc038464e len=56    rc=0   head=0xc1d0000c
IOCTL   7616327us req=0xc038464e len=56    rc=0   head=0xc1d0000b
IOCTL   7617610us req=0xc038464e len=56    rc=0   head=0xc1d0000b
kayfabe-isolate: DOORBELL-STORE #39 host_token=0x00000004 runlist=0 chid=4 → storing 32 bits at USERMODE_NOTIFY_CHANNEL_PENDING=0x90 in the mapped usermode window
IOCTL   7656992us req=0xc0304658 len=48    rc=0   head=0xc1d0000b
IOCTL   7657681us req=0xc020462b len=32    rc=0   head=0xc1d0000b
kayfabe-isolate: DOORBELL-STORE #39 host_token=0x00000004 ★★★ WROTE — the store instruction executed
[   18.620394] NVRM: dmaAllocMapping_GM107: can't alloc VA space for mapping.
IOCTL   7697268us req=0xc0304658 len=48    rc=0   head=0xc1d0000b
IOCTL   7703781us req=0xc0404657 len=64    rc=0   head=0xc1d0000b
IOCTL   7754987us req=0xc0104629 len=16    rc=0   head=0xc1d0000b
IOCTL   7767721us req=0xc0104629 len=16    rc=0   head=0xc1d0000b
IOCTL   7767804us req=0xc038464e len=56    rc=0   head=0xc1d0000b
IOCTL   7779142us req=0xc038464e len=56    rc=0   head=0xc1d0000c
kayfabe-isolate: DOORBELL-STORE #40 host_token=0x00000005 runlist=0 chid=5 → storing 32 bits at USERMODE_NOTIFY_CHANNEL_PENDING=0x90 in the mapped usermode window
kayfabe-isolate: DOORBELL-STORE #40 host_token=0x00000005 ★★★ WROTE — the store instruction executed
IOCTL   7789318us req=0xc020462b len=32    rc=0   head=0xc1d0000b
kayfabe-isolate: DOORBELL-STORE #41 host_token=0x00000004 runlist=0 chid=4 → storing 32 bits at USERMODE_NOTIFY_CHANNEL_PENDING=0x90 in the mapped usermode window
IOCTL   7813540us req=0xc038464e len=56    rc=0   head=0xc1d0000b
kayfabe-isolate: DOORBELL-STORE #41 host_token=0x00000004 ★★★ WROTE — the store instruction executed
IOCTL   7886327us req=0xc0404657 len=64    rc=0   head=0xc1d0000b
IOCTL   7958628us req=0xc0404657 len=64    rc=0   head=0xc1d0000b
kayfabe-isolate: DOORBELL-STORE #42 host_token=0x00000005 runlist=0 chid=5 → storing 32 bits at USERMODE_NOTIFY_CHANNEL_PENDING=0x90 in the mapped usermode window
IOCTL   7984149us req=0xc038464e len=56    rc=0   head=0xc1d0000c
kayfabe-isolate: DOORBELL-STORE #42 host_token=0x00000005 ★★★ WROTE — the store instruction executed
kayfabe-isolate: DOORBELL-STORE #43 host_token=0x00000004 runlist=0 chid=4 → storing 32 bits at USERMODE_NOTIFY_CHANNEL_PENDING=0x90 in the mapped usermode window
kayfabe-isolate: DOORBELL-STORE #43 host_token=0x00000004 ★★★ WROTE — the store instruction executed
IOCTL   8008344us req=0xc038464e len=56    rc=0   head=0xc1d0000b
IOCTL   8007037us req=0xc0304658 len=48    rc=0   head=0xc1d0000b
kayfabe-isolate: DOORBELL-STORE #44 host_token=0x00000005 runlist=0 chid=5 → storing 32 bits at USERMODE_NOTIFY_CHANNEL_PENDING=0x90 in the mapped usermode window
kayfabe-isolate: DOORBELL-STORE #44 host_token=0x00000005 ★★★ WROTE — the store instruction executed
IOCTL   8080398us req=0xc0104629 len=16    rc=0   head=0xc1d0000b
IOCTL   8081794us req=0xc038464e len=56    rc=0   head=0xc1d0000b
IOCTL   8100208us req=0xc038464e len=56    rc=0   head=0xc1d0000c
kayfabe-isolate: DOORBELL-STORE #45 host_token=0x00000005 runlist=0 chid=5 → storing 32 bits at USERMODE_NOTIFY_CHANNEL_PENDING=0x90 in the mapped usermode window
kayfabe-isolate: DOORBELL-STORE #45 host_token=0x00000005 ★★★ WROTE — the store instruction executed
IOCTL   8100847us req=0xc020462b len=32    rc=0   head=0xc1d0000b
IOCTL   8134755us req=0xc038464e len=56    rc=0   head=0xc1d0000b
kayfabe-isolate: DOORBELL-STORE #46 host_token=0x00000004 runlist=0 chid=4 → storing 32 bits at USERMODE_NOTIFY_CHANNEL_PENDING=0x90 in the mapped usermode window
kayfabe-isolate: DOORBELL-STORE #46 host_token=0x00000004 ★★★ WROTE — the store instruction executed
IOCTL   8210104us req=0xc0404657 len=64    rc=0   head=0xc1d0000b
IOCTL   8239121us req=0xc0304658 len=48    rc=0   head=0xc1d0000b
IOCTL   8248706us req=0xc038464e len=56    rc=0   head=0xc1d0000c
IOCTL   8249345us req=0xc038464e len=56    rc=0   head=0xc1d0000b
IOCTL   8250263us req=0xc0104629 len=16    rc=0   head=0xc1d0000b
kayfabe-isolate: DOORBELL-STORE #47 host_token=0x00000004 runlist=0 chid=4 → storing 32 bits at USERMODE_NOTIFY_CHANNEL_PENDING=0x90 in the mapped usermode window
kayfabe-isolate: DOORBELL-STORE #47 host_token=0x00000004 ★★★ WROTE — the store instruction executed
kayfabe-isolate: DOORBELL-STORE #49 host_token=0x00000005 runlist=0 chid=5 → storing 32 bits at USERMODE_NOTIFY_CHANNEL_PENDING=0x90 in the mapped usermode window
kayfabe-isolate: DOORBELL-STORE #49 host_token=0x00000005 ★★★ WROTE — the store instruction executed
kayfabe-isolate: DOORBELL-STORE #48 host_token=0x00000003 runlist=0 chid=3 → storing 32 bits at USERMODE_NOTIFY_CHANNEL_PENDING=0x90 in the mapped usermode window
IOCTL   8335177us req=0xc038464e len=56    rc=0   head=0xc1d0000b
kayfabe-isolate: DOORBELL-STORE #48 host_token=0x00000003 ★★★ WROTE — the store instruction executed
kayfabe-isolate: DOORBELL-STORE #50 host_token=0x00000005 runlist=0 chid=5 → storing 32 bits at USERMODE_NOTIFY_CHANNEL_PENDING=0x90 in the mapped usermode window
kayfabe-isolate: DOORBELL-STORE #50 host_token=0x00000005 ★★★ WROTE — the store instruction executed
IOCTL   8391574us req=0xc038464e len=56    rc=0   head=0xc1d0000c
IOCTL   8392831us req=0xc038464e len=56    rc=0   head=0xc1d0000b
IOCTL   8394206us req=0xc038464e len=56    rc=0   head=0xc1d0000b
kayfabe-isolate: DOORBELL-STORE #51 host_token=0x00000005 runlist=0 chid=5 → storing 32 bits at USERMODE_NOTIFY_CHANNEL_PENDING=0x90 in the mapped usermode window
kayfabe-isolate: DOORBELL-STORE #52 host_token=0x00000003 runlist=0 chid=3 → storing 32 bits at USERMODE_NOTIFY_CHANNEL_PENDING=0x90 in the mapped usermode window
kayfabe-isolate: DOORBELL-STORE #51 host_token=0x00000005 ★★★ WROTE — the store instruction executed
kayfabe-isolate: DOORBELL-STORE #52 host_token=0x00000003 ★★★ WROTE — the store instruction executed
IOCTL   8460704us req=0xc038464e len=56    rc=0   head=0xc1d0000b
IOCTL   8467262us req=0xc038464e len=56    rc=0   head=0xc1d0000b
IOCTL   8477514us req=0xc038464e len=56    rc=0   head=0xc1d0000b
IOCTL   8521969us req=0xc0104629 len=16    rc=0   head=0xc1d0000b
IOCTL   8575509us req=0xc0104629 len=16    rc=0   head=0xc1d0000b
IOCTL   8575506us req=0xc038464e len=56    rc=0   head=0xc1d0000b
IOCTL   8576330us req=0xc038464e len=56    rc=0   head=0xc1d0000c
IOCTL   8590845us req=0xc038464e len=56    rc=0   head=0xc1d0000b
IOCTL   8599662us req=0xc020462b len=32    rc=0   head=0xc1d0000b
kayfabe-isolate: DOORBELL-STORE #53 host_token=0x00000005 runlist=0 chid=5 → storing 32 bits at USERMODE_NOTIFY_CHANNEL_PENDING=0x90 in the mapped usermode window
kayfabe-isolate: DOORBELL-STORE #53 host_token=0x00000005 ★★★ WROTE — the store instruction executed
kayfabe-isolate: DOORBELL-STORE #54 host_token=0x00000004 runlist=0 chid=4 → storing 32 bits at USERMODE_NOTIFY_CHANNEL_PENDING=0x90 in the mapped usermode window
kayfabe-isolate: DOORBELL-STORE #54 host_token=0x00000004 ★★★ WROTE — the store instruction executed
IOCTL   8672840us req=0xc038464e len=56    rc=0   head=0xc1d0000b
IOCTL   8673510us req=0xc038464e len=56    rc=0   head=0xc1d0000b
kayfabe-isolate: DOORBELL-STORE #55 host_token=0x00000005 runlist=0 chid=5 → storing 32 bits at USERMODE_NOTIFY_CHANNEL_PENDING=0x90 in the mapped usermode window
kayfabe-isolate: DOORBELL-STORE #55 host_token=0x00000005 ★★★ WROTE — the store instruction executed
IOCTL   8730176us req=0xc038464e len=56    rc=0   head=0xc1d0000c
IOCTL   8731816us req=0xc038464e len=56    rc=0   head=0xc1d0000b
IOCTL   8732392us req=0xc038464e len=56    rc=0   head=0xc1d0000b
kayfabe-isolate: DOORBELL-STORE #56 host_token=0x00000004 runlist=0 chid=4 → storing 32 bits at USERMODE_NOTIFY_CHANNEL_PENDING=0x90 in the mapped usermode window
kayfabe-isolate: DOORBELL-STORE #56 host_token=0x00000004 ★★★ WROTE — the store instruction executed
IOCTL   8800847us req=0xc0104629 len=16    rc=0   head=0xc1d0000b
IOCTL   8802977us req=0xc020462b len=32    rc=0   head=0xc1d0000b
IOCTL   8823319us req=0xc038464e len=56    rc=0   head=0xc1d0000b
IOCTL   8872245us req=0xc038464e len=56    rc=0   head=0xc1d0000b
IOCTL   8872870us req=0xc020462b len=32    rc=0   head=0xc1d0000b
IOCTL   8893520us req=0xc038464e len=56    rc=0   head=0xc1d0000c
IOCTL   8894709us req=0xc038464e len=56    rc=0   head=0xc1d0000b
kayfabe-isolate: DOORBELL-STORE #57 host_token=0x00000004 runlist=0 chid=4 → storing 32 bits at USERMODE_NOTIFY_CHANNEL_PENDING=0x90 in the mapped usermode window
kayfabe-isolate: DOORBELL-STORE #57 host_token=0x00000004 ★★★ WROTE — the store instruction executed
IOCTL   8936763us req=0xc038464e len=56    rc=0   head=0xc1d0000b
IOCTL   8975012us req=0xc0104629 len=16    rc=0   head=0xc1d0000b
IOCTL   8986682us req=0xc038464e len=56    rc=0   head=0xc1d0000c
IOCTL   8987808us req=0xc038464e len=56    rc=0   head=0xc1d0000b
IOCTL   8987978us req=0xc038464e len=56    rc=0   head=0xc1d0000b
IOCTL   9008675us req=0xc020462b len=32    rc=0   head=0xc1d0000b
IOCTL   9016571us req=0xc020462b len=32    rc=0   head=0xc1d0000b
[   19.996044] NVRM: dmaAllocMapping_GM107: can't alloc VA space for mapping.
IOCTL   9079382us req=0xc0404657 len=64    rc=0   head=0xc1d0000b
IOCTL   9079913us req=0xc038464e len=56    rc=0   head=0xc1d0000b
IOCTL   9089316us req=0xc0104629 len=16    rc=0   head=0xc1d0000b
IOCTL   9099827us req=0xc038464e len=56    rc=0   head=0xc1d0000b
IOCTL   9175645us req=0xc0404657 len=64    rc=0   head=0xc1d0000b
IOCTL   9185342us req=0xc020462b len=32    rc=0   head=0xc1d0000b
IOCTL [   20.118863] NVRM: dmaAllocMapping_GM107: can't alloc VA space for mapping.
  9195715us req=0xc038464e len=56    rc=0   head=0xc1d0000c
IOCTL   9201194us req=0xc0404657 len=64    rc=0   head=0xc1d0000b
IOCTL   9240737us req=0xc0104629 len=16    rc=0   head=0xc1d0000b
IOCTL   9241597us req=0xc0104629 len=16    rc=0   head=0xc1d0000b
IOCTL   9252033us req=0xc038464e len=56    rc=0   head=0xc1d0000b
kayfabe-isolate: DOORBELL-STORE #58 host_token=0x00000004 runlist=0 chid=4 → storing 32 bits at USERMODE_NOTIFY_CHANNEL_PENDING=0x90 in the mapped usermode window
IOCTL   9282505us req=0xc0304658 len=48    rc=0   head=0xc1d0000b
IOCTL   9283875us req=0xc020462b len=32    rc=0   head=0xc1d0000b
kayfabe-isolate: DOORBELL-STORE #58 host_token=0x00000004 ★★★ WROTE — the store instruction executed
IOCTL   9336316us req=0x[   20.261220] NVRM: dmaAllocMapping_GM107: can't alloc VA space for mapping.
c0104629 len=16    rc=0   head=0xc1d0000b
IOCTL   9344306us req=0xc0404657 len=64    rc=0   head=0xc1d0000b
IOCTL   9351552us req=0xc038464e len=56    rc=0   head=0xc1d0000b
IOCTL   9370694us req=0xc020462b len=32    rc=0   head=0xc1d0000b
IOCTL   9371813us req=0xc0104629 len=16    rc=0   head=0xc1d0000b
IOCTL   9444487us req=0xc0404657 len=64    rc=0   head=0xc1d0000b
IOCTL   9454560us req=0xc038464e len=56    rc=0   head=0xc1d0000c
kayfabe-isolate: DOORBELL-STORE #59 host_token=0x00000004 runlist=0 chid=4 → storing 32 bits at USERMODE_NOTIFY_CHANNEL_PENDING=0x90 in the mapped usermode window
kayfabe-isolate: DOORBELL-STORE #59 host_token=0x00000004 ★★★ WROTE — the store instruction executed
IOCTL   9518659us req=0xc0404657 len=64    rc=0   head=0xc1d0000b
IOCTL   9551342us req=0xc0304658 len=48    rc=0   head=0xc1d0000b
IOCTL   9551973us req=0xc020462b len=32    rc=0   head=0xc1d0000b
IOCTL [   20.492787] NVRM: dmaAllocMapping_GM107: can't alloc VA space for mapping.
  9561277us req=0xc0104629 len=16    rc=0   head=0xc1d0000b
IOCTL   9575352us req=0xc0404657 len=64    rc=0   head=0xc1d0000b
IOCTL   9593234us req=0xc038464e len=56    rc=0   head=0xc1d0000c
IOCTL   9593862us req=0xc020462b len=32    rc=0   head=0xc1d0000b
IOCTL   9594783us req=0xc0104629 len=16    rc=0   head=0xc1d0000b
kayfabe-isolate: DOORBELL-STORE #60 host_token=0x00000004 runlist=0 chid=4 → storing 32 bits at USERMODE_NOTIFY_CHANNEL_PENDING=0x90 in the mapped usermode window
kayfabe-isolate: DOORBELL-STORE #60 host_token=0x00000004 ★★★ WROTE — the store instruction executed
IOCTL   9687506us req=0xc0304658 len=48    rc=0   head=0xc1d0000b
IOCTL   9688241us req=0xc038464e len=56    rc=0   head=0xc1d0000b
IOCTL   9718583us req=0xc0304658 len=48    rc=0   head=0xc1d0000b
IOCTL   9728114us req=0xc038464e len=56    rc=0   head=0xc1d0000c
IOCTL   9765744us req=0xc0104629 len=16    rc=0   head=0xc1d0000b
IOCTL   9776767us req=0xc038464e len=56    rc=0   head=0xc1d0000b
IOCTL   9786028us req=0xc038464e len=56    rc=0   head=0xc1d0000c
IOCTL   9786712us req=0xc038464e len=56    rc=0   head=0xc1d0000b
IOCTL   9787997us req=0xc020462b len=32    rc=0   head=0xc1d0000b
kayfabe-isolate: DOORBELL-STORE #61 host_token=0x00000004 runlist=0 chid=4 → storing 32 bits at USERMODE_NOTIFY_CHANNEL_PENDING=0x90 in the mapped usermode window
kayfabe-isolate: DOORBELL-STORE #61 host_token=0x00000004 ★★★ WROTE — the store instruction executed
IOCTL   9865333us req=0xc0404657 len=64    rc=0   head=0xc1d0000b
IOCTL   9929694us req=0xc0404657 len=64    rc=0   head=0xc1d0000b
IOCTL   9930356us req=0xc020462b len=32    rc=0   head=0xc1d0000b
IOCTL   9960361us req=0xc0304658 len=48    rc=0   head=0xc1d0000b
IOCTL   9970028us req=[   20.894268] NVRM: dmaAllocMapping_GM107: can't alloc VA space for mapping.
0xc038464e len=56    rc=0   head=0xc1d0000c
IOCTL   9970886us req=0xc0104629 len=16    rc=0   head=0xc1d0000b
IOCTL   9977387us req=0xc0404657 len=64    rc=0   head=0xc1d0000b
IOCTL   9992870us req=0xc020462b len=32    rc=0   head=0xc1d0000b
kayfabe-isolate: DOORBELL-STORE #62 host_token=0x00000004 runlist=0 chid=4 → storing 32 bits at USERMODE_NOTIFY_CHANNEL_PENDING=0x90 in the mapped usermode window
kayfabe-isolate: DOORBELL-STORE #62 host_token=0x00000004 ★★★ WROTE — the store instruction executed
IOCTL  10001997us req=0xc0104629 len=16    rc=0   head=0xc1d0000b
kayfabe-isolate: DOORBELL-STORE #63 host_token=0x00000003 runlist=0 chid=3 → storing 32 bits at USERMODE_NOTIFY_CHANNEL_PENDING=0x90 in the mapped usermode window
kayfabe-isolate: DOORBELL-STORE #63 host_token=0x00000003 ★★★ WROTE — the store instruction executed
IOCTL  10067824us req=0xc0404657 len=64    rc=0   head=0xc1d0000b
IOCTL  10086618us req=0xc0304658 len=48    rc=0   head=0xc1d0000b
IOCTL  10097336us req=0xc038464e len=56    rc=0   head=0xc1d0000c
IOCTL  10097872us req=0xc038464e len=56    rc=0   head=0xc1d0000b
IOCTL  10098767us req=0xc0104629 len=16    rc=0   head=0xc1d0000b
kayfabe-isolate: DOORBELL-STORE #64 host_token=0x00000004 runlist=0 chid=4 → storing 32 bits at USERMODE_NOTIFY_CHANNEL_PENDING=0x90 in the mapped usermode window
kayfabe-isolate: DOORBELL-STORE #64 host_token=0x00000004 ★★★ WROTE — the store instruction executed
IOCTL  10138110us req=0xc020462b len=32    rc=0   head=0xc1d0000b
IOCTL  10137312us req=0xc0304658 len=48    rc=0   head=0xc1d0000b
IOCTL  10214843us req=0xc038464e len=56    rc=0   head=0xc1d0000c
IOCTL  10251161us req=0xc0104629 len=16    rc=0   head=0xc1d0000b
IOCTL  10261982us req=0xc038464e len=56    rc=0   head=0xc1d0000b
IOCTL  10271094us req=0xc038464e len=56    rc=0   head=0xc1d0000c
IOCTL  10271207us req=0xc038464e len=56    rc=0   head=0xc1d0000b
IOCTL  10272887us req=0xc038464e len=56    rc=0   head=0xc1d0000b
IOCTL  10291168us req=0xc020462b len=32    rc=0   head=0xc1d0000b
kayfabe-isolate: DOORBELL-STORE #65 host_token=0x00000004 runlist=0 chid=4 → storing 32 bits at USERMODE_NOTIFY_CHANNEL_PENDING=0x90 in the mapped usermode window
kayfabe-isolate: DOORBELL-STORE #65 host_token=0x00000004 ★★★ WROTE — the store instruction executed
IOCTL  10360210us req=0xc0404657 len=64    rc=0   head=0xc1d0000b
IOCTL  10370541us req=0xc020462b len=32    rc=0   head=0xc1d0000b
IOCTL  10432382[   21.355531] NVRM: dmaAllocMapping_GM107: can't alloc VA space for mapping.
us req=0xc0404657 len=64    rc=0   head=0xc1d0000b
IOCTL  10438873us req=0xc0404657 len=64    rc=0   head=0xc1d0000b
IOCTL  10468450us req=0xc0304658 len=48    rc=0   head=0xc1d0000b
IOCTL  10477588us req=0xc038464e len=56    rc=0   head=0xc1d0000c
IOCTL  10478729us req=0xc0104629 len=16    rc=0   head=0xc1d0000b
IOCTL  10479402us req=0xc0104629 len=16    rc=0   head=0xc1d0000b
kayfabe-isolate: DOORBELL-STORE #66 host_token=0x00000005 runlist=0 chid=5 → storing 32 bits at USERMODE_NOTIFY_CHANNEL_PENDING=0x90 in the mapped usermode window
kayfabe-isolate: DOORBELL-STORE #67 host_token=0x00000003 runlist=0 chid=3 → storing 32 bits at USERMODE_NOTIFY_CHANNEL_PENDING=0x90 in the mapped usermode window
kayfabe-isolate: DOORBELL-STORE #67 host_token=0x00000003 ★★★ WROTE — the store instruction executed
kayfabe-isolate: DOORBELL-STORE #66 host_token=0x00000005 ★★★ WROTE — the store instruction executed
IOCTL  10540736us req=0xc038464e len=56    rc=0   head=0xc1d0000b
kayfabe-isolate: DOORBELL-STORE #68 host_token=0x00000004 runlist=0 chid=4 → storing 32 bits at USERMODE_NOTIFY_CHANNEL_PENDING=0x90 in the mapped usermode window
kayfabe-isolate: DOORBELL-STORE #68 host_token=0x00000004 ★★★ WROTE — the store instruction executed
IOCTL  10564690us req=0xc020462b len=32    rc=0   head=0xc1d0000b
IOCTL  10551587us req=0xc038464e len=56    rc=0   head=0xc1d0000b
IOCTL  10660266us req=0xc038464e len=56    rc=0   head=0xc1d0000b
IOCTL  10684218us req=0xc0304658 len=48    rc=0   head=0xc1d0000b
IOCTL  10685392us req=0xc038464e len=56    rc=0   head=0xc1d0000b
IOCTL  10732592us req=0xc0104629 len=16    rc=0   head=0xc1d0000b
IOCTL  10742897us req=0xc038464e len=56    rc=0   head=0xc1d0000c
IOCTL  10744401us req=0xc020462b len=32    rc=0   head=0xc1d0000b
IOCTL  10744476us req=0xc038464e len=56    rc=0   head=0xc1d0000b
kayfabe-isolate: DOORBELL-STORE #69 host_token=0x00000004 runlist=0 chid=4 → storing 32 bits at USERMODE_NOTIFY_CHANNEL_PENDING=0x90 in the mapped usermode window
kayfabe-isolate: DOORBELL-STORE #69 host_token=0x00000004 ★★★ WROTE — the store instruction executed
IOCTL  10815142us req=0xc020462b len=32    rc=0   head=0xc1d0000b
IOCTL  10815670us req=0xc038464e len=56    rc=0   head=0xc1d0000b
IOCTL  10888341us req=0xc0404657 len=64    rc=0   head=0xc1d0000b
IOCTL  10919235us req=0xc0304658 len=48    rc=0   head=0xc1d0000b
IOCTL  10928681us req=0xc038464e len=56    rc=0   head=0xc1d0000c
IOCTL  10930516us req=0xc0104629 len=16    rc=0   head=0xc1d0000b
IOCTL  10931303us req=0xc038464e len=56    rc=0   head=0xc1d0000b
kayfabe-isolate: DOORBELL-STORE #70 host_token=0x00000005 runlist=0 chid=5 → storing 32 bits at USERMODE_NOTIFY_CHANNEL_PENDING=0x90 in the mapped usermode window
kayfabe-isolate: DOORBELL-STORE #70 host_token=0x00000005 ★★★ WROTE — the store instruction executed
IOCTL  10973986us req=0xc038464e len=56    rc=0   head=0xc1d0000b
kayfabe-isolate: DOORBELL-STORE #71 host_token=0x00000004 runlist=0 chid=4 → storing 32 bits at USERMODE_NOTIFY_CHANNEL_PENDING=0x90 in the mapped usermode window
kayfabe-isolate: DOORBELL-STORE #72 host_token=0x00000003 runlist=0 chid=3 → storing 32 bits at USERMODE_NOTIFY_CHANNEL_PENDING=0x90 in the mapped usermode window
IOCTL  10990489us req=0xc020462b len=32    rc=0   head=0xc1d0000b
kayfabe-isolate: DOORBELL-STORE #71 host_token=0x00000004 ★★★ WROTE — the store instruction executed
kayfabe-isolate: DOORBELL-STORE #72 host_token=0x00000003 ★★★ WROTE — the store instruction executed
IOCTL  11074618us req=0xc038464e len=56    rc=0   head=0xc1d0000b
IOCTL  11075198us req=0xc038464e len=56    rc=0   head=0xc1d0000b
IOCTL  11097592us req=0xc038464e len=56    rc=0   head=0xc1d0000c
kayfabe-isolate: DOORBELL-STORE #73 host_token=0x00000003 runlist=0 chid=3 → storing 32 bits at USERMODE_NOTIFY_CHANNEL_PENDING=0x90 in the mapped usermode window
IOCTL  11098827us req=0xc038464e len=56    rc=0   head=0xc1d0000b
kayfabe-isolate: DOORBELL-STORE #73 host_token=0x00000003 ★★★ WROTE — the store instruction executed
IOCTL  11139409us req=0xc038464e len=56    rc=0   head=0xc1d0000b
kayfabe-isolate: DOORBELL-STORE #74 host_token=0x00000003 runlist=0 chid=3 → storing 32 bits at USERMODE_NOTIFY_CHANNEL_PENDING=0x90 in the mapped usermode window
IOCTL  11152360us req=0xc020462b len=32    rc=0   head=0xc1d0000b
kayfabe-isolate: DOORBELL-STORE #74 host_token=0x00000003 ★★★ WROTE — the store instruction executed
IOCTL  11226746us req=0xc038464e len=56    rc=0   head=0xc1d0000c
IOCTL  11227343us req=0xc038464e len=56    rc=0   head=0xc1d0000b
IOCTL  11227905us req=0xc038464e len=56    rc=0   head=0xc1d0000b
kayfabe-isolate: DOORBELL-STORE #75 host_token=0x00000003 runlist=0 chid=3 → storing 32 bits at USERMODE_NOTIFY_CHANNEL_PENDING=0x90 in the mapped usermode window
kayfabe-isolate: DOORBELL-STORE #75 host_token=0x00000003 ★★★ WROTE — the store instruction executed
IOCTL  11350236us req=0xc0404657 len=64    rc=0   head=0xc1d0000c
IOCTL  11351853us req=0xc038464e len=56    rc=0   head=0xc1d0000b
IOCTL  11353205us req=0xc038464e len=56    rc=0   head=0xc1d0000b
kayfabe-isolate: DOORBELL-STORE #76 host_token=0x00000004 runlist=0 chid=4 → storing 32 bits at USERMODE_NOTIFY_CHANNEL_PENDING=0x90 in the mapped usermode window
kayfabe-isolate: DOORBELL-STORE #77 host_token=0x00000005 runlist=0 chid=5 → storing 32 bits at USERMODE_NOTIFY_CHANNEL_PENDING=0x90 in the mapped usermode window
kayfabe-isolate: DOORBELL-STORE #77 host_token=0x00000005 ★★★ WROTE — the store instruction executed
kayfabe-isolate: DOORBELL-STORE #76 host_token=0x00000004 ★★★ WROTE — the store instruction executed
IOCTL  11441868us req=0xc0404657 len=64    rc=0   head=0xc1d0000b
IOCTL  11443110us req=0xc038464e len=56    rc=0   head=0xc1d0000b
IOCTL  11469291us req=0xc038464e len=56    rc=0   head=0xc1d0000c
kayfabe-isolate: DOORBELL-STORE #78 host_token=0x00000005 runlist=0 chid=5 → storing 32 bits at USERMODE_NOTIFY_CHANNEL_PENDING=0x90 in the mapped usermode window
IOCTL  11469865us req=0xc020462b len=32    rc=0   head=0xc1d0000b
kayfabe-isolate:[   22.433821] NVRM: dmaAllocMapping_GM107: can't alloc VA space for mapping.
 DOORBELL-STORE #78 host_token=0x00000005 ★★★ WROTE — the store instruction executed
IOCTL  11518015us req=0xc0404657 len=64    rc=0   head=0xc1d0000b
IOCTL  11528732us req=0xc038464e len=56    rc=0   head=0xc1d0000b
IOCTL  11542583us req=0xc0104629 len=16    rc=0   head=0xc1d0000b
kayfabe-isolate: DOORBELL-STORE #79 host_token=0x00000004 runlist=0 chid=4 → storing 32 bits at USERMODE_NOTIFY_CHANNEL_PENDING=0x90 in the mapped usermode window
kayfabe-isolate: DOORBELL-STORE #80 host_token=0x00000005 runlist=0 chid=5 → storing 32 bits at USERMODE_NOTIFY_CHANNEL_PENDING=0x90 in the mapped usermode window
kayfabe-isolate: DOORBELL-STORE #80 host_token=0x00000005 ★★★ WROTE — the store instruction executed
kayfabe-isolate: DOORBELL-STORE #79 host_token=0x00000004 ★★★ WROTE — the store instruction executed
IOCTL  11626437us req=0xc0404657 len=64    rc=0   head=0xc1d0000b
IOCTL  11627841us req=0xc038464e len=56    rc=0   head=0xc1d0000b
kayfabe-isolate: DOORBELL-STORE #81 host_token=0x00000005 runlist=0 chid=5 → storing 32 bits at USERMODE_NOTIFY_CHANNEL_PENDING=0x90 in the mapped usermode window
kayfabe-isolate: DOORBELL-STORE #81 host_token=0x00000005 ★★★ WROTE — the store instruction executed
IOCTL  11727211us req=0xc0404657 len=64    rc=0   head=0xc1d0000b
IOCTL  11737245us req=0xc038464e len=56    rc=0   head=0xc1d0000c
kayfabe-isolate: DOORBELL-STORE #82 host_token=0x00000004 runlist=0 chid=4 → storing 32 bits at USERMODE_NOTIFY_CHANNEL_PENDING=0x90 in the mapped usermode window
kayfabe-isolate: DOORBELL-STORE #82 host_token=0x00000004 ★★★ WROTE — the store instruction executed
IOCTL  11782128us req=0xc038464e len=56    rc=0   head=0xc1d0000b
IOCTL  11781479us req=0xc0104629 len=16    rc=0   head=0xc1d0000b
IOCTL  11893711us req=0xc0404657 len=64    rc=0   head=0xc1d0000b
IOCTL  11918270us req=0xc0304658 len=48    rc=0   head=0xc1d0000b
IOCTL  11919500us req=0xc020462b len=32    rc=0   head=0xc1d0000b
IOCTL  11952306us req=0xc0304658 len=48    rc=0   head=0xc1d0000b
[   22.887170] NVRM: dmaAllocMapping_GM107: can't alloc VA space for mapping.
IOCTL  11971808us req=0xc0404657 len=64    rc=0   head=0xc1d0000b
IOCTL  11983833us req=0xc038464e len=56    rc=0   head=0xc1d0000c
IOCTL  11984988us req=0xc0104629 len=16    rc=0   head=0xc1d0000b
IOCTL  12025843us req=0xc0104629 len=16    rc=0   head=0xc1d0000b
IOCTL  12096847us req=0xc0404657 len=64    rc=0   head=0xc1d0000b
IOCTL  12120359us req=0xc0304658 len=48    rc=0   head=0xc1d0000b
IOCTL  12198188us req=0xc0404657 len=64    rc=0   head=0xc1d0000b
IOCTL  12207363us req=0xc038464e len=56    rc=0   head=0xc1d0000c
IOCTL  12227346us req=0xc0304658 len=48    rc=0   head=0xc1d0000b
IOCTL  12228608us req=0xc020462b len=32    rc=0   head=0xc1d0000b
IOCTL  12246041us req=0xc020462b len=32    rc=0   head=0xc1d0000c
[   23.210981] NVRM: dmaAllocMapping_GM107: can't alloc VA space for mapping.
IOCTL  12288534[   23.219436] NVRM: dmaAllocMapping_GM107: can't alloc VA space for mapping.
us req=0xc0104629 len=16    rc=0   head=0xc1d0000b
IOCTL  12297906us req=0xc0404657 len=64    rc=0   head=0xc1d0000c
IOCTL  12303720us req=0xc0404657 len=64    rc=0   head=0xc1d0000b
IOCTL  12333851us req=0xc0104629 len=16    rc=0   head=0xc1d0000c
IOCTL  12318479us req=0xc0104629 len=16    rc=0   head=0xc1d0000b
IOCTL  12334830us req=0xc0104629 len=16    rc=0   head=0xc1d0000b
kayfabe-isolate: DOORBELL-STORE #83 host_token=0x00000004 runlist=0 chid=4 → storing 32 bits at USERMODE_NOTIFY_CHANNEL_PENDING=0x90 in the mapped usermode window
kayfabe-isolate: DOORBELL-STORE #83 host_token=0x00000004 ★★★ WROTE — the store instruction executed
IOCTL  12373599us req=0xc0304658 len=48    rc=0   head=0xc1d0000b
IOCTL  12411729us req=0xc0104629 len=16    rc=0   head=0xc1d0000b
IOCTL  12419459us req=0xc0104629 len=16    rc=0   head=0xc1d0000b
IOCTL  12442472us req=0xc0304658 len=48    rc=0   head=0xc1d0000b
IOCTL  12496468us req=0xc0104629 len=16    rc=0   head=0xc1d0000b
IOCTL  12496467us req=0xc038464e len=56    rc=0   head=0xc1d0000c
IOCTL  12522869us req=0xc0304658 len=48    rc=0   head=0xc1d0000b
IOCTL  12535392us req=0xc020462b len=32    rc=0   head=0xc1d0000c
IOCTL  12577652us req=0xc0104629 len=16    rc=0   head=0x[   23.509311] NVRM: dmaAllocMapping_GM107: can't alloc VA space for mapping.
c1d0000b
IOCTL  12593815us req=0xc0404657 len=64    rc=0   head=0xc1d0000c
IOCTL  12616031us req=0xc0304658 len=48    rc=0   head=0xc1d0000b
IOCTL  12627698us req=0xc0104629 len=16    rc=0   head=0xc1d0000c
IOCTL  12651880us req=0xc0304658 len=48    rc=0   head=0xc1d0000b
IOCTL  12682981us req=0xc0304658 len=48    rc=0   head=0xc1d0000c
IOCTL  12724180us req=0xc0104629 len=16    rc=0   head=0xc1d0000b
IOCTL  12734690us req=0xc020462b len=32    rc=0   head=0xc1d0000c
IOCTL  12740478us req=0xc0104629 len=16    rc=0   head=0xc1d0000b
IOCTL  12774383us req=0xc0304658 len=48    rc=0   head=0xc1d0000b
IOCTL  12838666us req=0xc0404657 len=64    rc=0   head=0xc1d0000c
IOCTL  12842582us req=0xc0104629 len=16    rc=0   head=0xc1d0000b
IOCTL  12874675us req=0xc0304658 len=48    rc=0   head=0xc1d0000c
IOCTL  12913366us req=0xc0104629 len=16    rc=0   head=0xc1d0000b
IOCTL  12923723us req=0xc0104629 len=16    rc=0   head=0xc1d0000c
kayfabe-isolate: DOORBELL-STORE #84 host_token=0x00000004 runlist=0 chid=4 → storing 32 bits at USERMODE_NOTIFY_CHANNEL_PENDING=0x90 in the mapped usermode window
kayfabe-isolate: DOORBELL-STORE #84 host_token=0x00000004 ★★★ WROTE — the store instruction executed
IOCTL  12958451us req=0xc038464e len=56    rc=0   head=0xc1d0000c
kayfabe-isolate: DOORBELL-STORE #85 host_token=0x00000004 runlist=0 chid=4 → storing 32 bits at USERMODE_NOTIFY_CHANNEL_PENDING=0x90 in the mapped usermode window
kayfabe-isolate: DOORBELL-STORE #85 host_token=0x00000004 ★★★ WROTE — the store instruction executed
IOCTL  12993317us req=0xc038464e len=56    rc=0   head=0xc1d0000c
kayfabe-isolate: DOORBELL-STORE #86 host_token=0x00000004 runlist=0 chid=4 → storing 32 bits at USERMODE_NOTIFY_CHANNEL_PENDING=0x90 in the mapped usermode window
kayfabe-isolate: DOORBELL-STORE #86 host_token=0x00000004 ★★★ WROTE — the store instruction executed
IOCTL  13025771us req=0xc038464e len=56    rc=0   head=0xc1d0000c
kayfabe-isolate: DOORBELL-STORE #87 host_token=0x00000004 runlist=0 chid=4 → storing 32 bits at USERMODE_NOTIFY_CHANNEL_PENDING=0x90 in the mapped usermode window
kayfabe-isolate: DOORBELL-STORE #87 host_token=0x00000004 ★★★ WROTE — the store instruction executed
IOCTL  13058177us req=0xc038464e len=56    rc=0   head=0xc1d0000c
IOCTL  13067128us req=0xc038464e len=56    rc=0   head=0xc1d0000c
kayfabe-isolate: DOORBELL-STORE #88 host_token=0x00000004 runlist=0 chid=4 → storing 32 bits at USERMODE_NOTIFY_CHANNEL_PENDING=0x90 in the mapped usermode window
kayfabe-isolate: DOORBELL-STORE #88 host_token=0x00000004 ★★★ WROTE — the store instruction executed
IOCTL  13100323us req=0xc038464e len=56    rc=0   head=0xc1d0000c
kayfabe-isolate: DOORBELL-STORE #89 host_token=0x00000004 runlist=0 chid=4 → storing 32 bits at USERMODE_NOTIFY_CHANNEL_PENDING=0x90 in the mapped usermode window
kayfabe-isolate: DOORBELL-STORE #89 host_token=0x00000004 ★★★ WROTE — the store instruction executed
IOCTL  13133242us req=0xc038464e len=56    rc=0   head=0xc1d0000c
kayfabe-isolate: DOORBELL-STORE #90 host_token=0x00000004 runlist=0 chid=4 → storing 32 bits at USERMODE_NOTIFY_CHANNEL_PENDING=0x90 in the mapped usermode window
kayfabe-isolate: DOORBELL-STORE #90 host_token=0x00000004 ★★★ WROTE — the store instruction executed
IOCTL  13165386us req=0xc038464e len=56    rc=0   head=0xc1d0000c
IOCTL  13174148us req=0xc038464e len=56    rc=0   head=0xc1d0000c
kayfabe-isolate: DOORBELL-STORE #91 host_token=0x00000004 runlist=0 chid=4 → storing 32 bits at USERMODE_NOTIFY_CHANNEL_PENDING=0x90 in the mapped usermode window
kayfabe-isolate: DOORBELL-STORE #91 host_token=0x00000004 ★★★ WROTE — the store instruction executed
IOCTL  13207759us req=0xc038464e len=56    rc=0   head=0xc1d0000c
kayfabe-isolate: DOORBELL-STORE #92 host_token=0x00000004 runlist=0 chid=4 → storing 32 bits at USERMODE_NOTIFY_CHANNEL_PENDING=0x90 in the mapped usermode window
kayfabe-isolate: DOORBELL-STORE #92 host_token=0x00000004 ★★★ WROTE — the store instruction executed
IOCTL  13240252us req=0xc038464e len=56    rc=0   head=0xc1d0000c
kayfabe-isolate: DOORBELL-STORE #93 host_token=0x00000004 runlist=0 chid=4 → storing 32 bits at USERMODE_NOTIFY_CHANNEL_PENDING=0x90 in the mapped usermode window
kayfabe-isolate: DOORBELL-STORE #93 host_token=0x00000004 ★★★ WROTE — the store instruction executed
IOCTL  13273430us req=0xc038464e len=56    rc=0   head=0xc1d0000c
IOCTL  13348757us req=0xc0404657 len=64    rc=0   head=0xc1d0000c
IOCTL  13378845us req=0xc0304658 len=48    rc=0   head=0xc1d0000c
IOCTL  13407386us req=0xc0304658 len=48    rc=0   head=0xc1d0000c
IOCTL  13455605us req=0xc0104629 len=16    rc=0   head=0xc1d0000c
IOCTL  13491141us req=0xc0304658 len=48    rc=0   head=0xc1d0000c
IOCTL  13521963us req=0xc0304658 len=48    rc=0   head=0xc1d0000c
IOCTL  13569746us req=0xc0104629 len=16    rc=0   head=0xc1d0000c
IOCTL  13601475us req=0xc0304658 len=48    rc=0   head=0xc1d0000c
IOCTL  13627573us req=0xc0304658 len=48    rc=0   head=0xc1d0000c
IOCTL  13672348us req=0xc0104629 len=16    rc=0   head=0xc1d0000c
IOCTL  13692463us req=0xc0104629 len=16    rc=0   head=0xc1d0000c
IOCTL  13722315us req=0xc0304658 len=48    rc=0   head=0xc1d0000c
IOCTL  13736129us req=0xc0104629 len=16    rc=0   head=0xc1d0000c
IOCTL  13781460us req=0xc0104629 len=16    rc=0   head=0xc1d0000c
info  W385 unpinned census = 192 ops over 3 workers in 10057 ms, 0 refused, 3/3 workers finished
info  W385 unpinned verbs  = alloc=19 map_a=14 map_b=12 write=32 alias_prop=12 unmap_b=2 probe=6 free=10 recycle=5 idle=80
info  W385 unpinned op us   = n=112 min=32426 p50=163000 p90=387251 p99=685379 max=828440  ⊘ a distribution, because one number is not a measurement
info  W385 unpinned overlap = 186 pairs of RM-verb intervals from DIFFERENT threads intersected, over 112/112 spans
info  W385 unpinned handles = 27 minted across 3 worker(s), each checked for collision against every other worker OF THE SAME CLIENT
info  W385 unpinned pinning = mode unpinned — 0/3 workers accepted a mask; observed core sets {"0-2"}
FUZZ_ARM=unpinned verdict=PASS why=CLEAN threads=3 pin=unpinned cores=3 ops=192 engine_ops=46 alias_ops=12 overlap=186 viol=0 refused=0 pinned=0/3 finished=3/3

info  W385 ARM percore    = 3 threads across 2 client(s), placement percore, seeded jitter <= 200 us
IOCTL  13849329us req=0xc020462b len=32    rc=0   head=0xc1d0000c
IOCTL  13849838us req=0xc020462b len=32    rc=0   head=0xc1d0000b
IOCTL  13907710us req=0xc0404657 len=64    rc=0   head=0xc1d0000c
IOCTL  13910825us req=0xc020462b len=32    rc=0   head=0xc1d0000b
IOCTL  13965329us req=0xc0404657 len=64    rc=0   head=0xc1d0000b
IOCTL  13970496us req=0xc020462b len=32    rc=0   head=0xc1d0000c
IOCTL  13976569us req=0xc020462b len=32    rc=0   head=0xc1d0000b
IOCTL  14044906us req=0xc0404657 len=64    rc=0   head=0xc1d0000b
IOCTL  14071898us req=0xc020462b len=32    rc=0   head=0xc1d0000c
IOCTL  14086843us req=0xc020462b len=32    rc=0   head=0xc1d0000b
IOCTL  14117236us req=0xc020462b len=32    rc=0   head=0xc1d0000b
IOCTL  14119102us req=0xc020462a len=32    rc=0   head=0xc1d0000c
IOCTL  14164544us req=0xc020462b len=32    rc=0   head=0xc1d0000b
IOCTL  14165369us req=0xc020462a len=32    rc=0   head=0xc1d0000c
IOCTL  14166845us req=0xc020462a len=32    rc=0   head=0xc1d0000b
IOCTL  14224259us req=0xc020462a len=32    rc=0   head=0xc1d0000b
IOCTL  14234383us req=0xc020462a len=32    rc=0   head=0xc1d0000b
IOCTL  14235019us req=0xc038464e len=56    rc=0   head=0xc1d0000c
IOCTL  14292744us req=0xc020462a len=32    rc=0   head=0xc1d0000b
IOCTL  14293755us req=0xc020462a len=32    rc=0   head=0xc1d0000c
IOCTL  14294438us req=0xc038464e len=56    rc=0   head=0xc1d0000b
IOCTL  14312898us req=0xc020462b len=32    rc=0   head=0xc1d0000c
IOCTL  14319701us req=0xc020462a len=32    rc=0   head=0xc1d0000b
IOCTL  14381011us req=0xc038464e len=56    rc=0   head=0xc1d0000b
IOCTL  14424297us req=0xc020462a len=32    rc=0   head=0xc1d0000b
IOCTL  14425003us req=0xc020462b len=32    rc=0   head=0xc1d0000b
IOCTL  14425640us req=0xc038464e len=56    rc=0   head=0xc1d0000c
IOCTL  14459206us req=0xc020462b len=32    rc=0   head=0xc1d0000b
IOCTL  14501783us req=0xc038464e len=56    rc=0   head=0xc1d0000b
IOCTL  14502884us req=0xc038464e len=56    rc=0   head=0xc1d0000c
IOCTL  14562554us req=0xc038464e len=56    rc=0   head=0xc1d0000b
IOCTL  14598147us req=0xc0104629 len=16    rc=0   head=0xc1d0000c
IOCTL  14599550us req=0xc038464e len=56    rc=0   head=0xc1d0000b
IOCTL  14619753us req=0xc038464e len=56    rc=0   head=0xc1d0000b
IOCTL  14620245us req=0xc038464e len=56    rc=0   head=0xc1d0000c
IOCTL  14681878us req=0xc0404657 len=64    rc=0   head=0xc1d0000b
IOCTL  14691610us req=0xc020462b len=32    rc=0   head=0xc1d0000b
IOCTL  14692420us req=0xc020462b len=32    rc=0   head=0xc1d0000b
IOCTL  14693052us req=0xc020462b len=32    rc=0   head=0xc1d0000c
[   25.681591] NVRM: dmaAllocMapping_GM107: can't alloc VA space for mapping.
IOCTL  14764868us req=0xc0404657 len=64    rc=0   head=0xc1d0000b
IOCTL  14809281us req=0xc038464e len=56    rc=0   head=0xc1d0000b
IOCTL  14810433us req=0xc0104629 len=16    rc=0   head=0xc1d0000b
IOCTL  14811156us req=0xc038464e len=56    rc=0   head=0xc1d0000c
kayfabe-isolate: DOORBELL-STORE #94 host_token=0x00000004 runlist=0 chid=4 → storing 32 bits at USERMODE_NOTIFY_CHANNEL_PENDING=0x90 in the mapped usermode window
kayfabe-isolate: DOORBELL-STORE #94 host_token=0x00000004 ★★★ WROTE — the store instruction executed
IOCTL  14861439us req=0xc038464e len=56    rc=0   head=0xc1d0000b
IOCTL  14862718us req=0xc038464e len=56    rc=0   head=0xc1d0000b
IOCTL  14864017us req=0xc038464e len=56    rc=0   head=0xc1d0000c
IOCTL  14900434us req=0xc0304658 len=48    rc=0   head=0xc1d0000b
IOCTL  14968099us req=0xc0404657 len=64    rc=0   head=0xc1d0000b
IOCTL  15006721us req=0xc0104629 len=16    rc=0   head=0xc1d0000b
IOCTL  15016580us req=0xc020462b len=32    rc=0   head=0xc1d0000b
[   25.980338] NVRM: dmaAllocMapping_GM107: can't alloc VA space for mapping.
IOCTL  15057226us req=0xc038464e len=56    rc=0   head=0xc1d0000b
IOCTL  15072478us req=0xc0404657 len=64    rc=0   head=0xc1d0000b
IOCTL  15057226us req=0xc0104629 len=16    rc=0   head=0xc1d0000c
IOCTL  15075649us req=0xc020462b len=32    rc=0   head=0xc1d0000b
IOCTL  15099761us req=0xc0104629 len=16    rc=0   head=0xc1d0000b
IOCTL  15099963us req=0xc038464e len=56    rc=0   head=0xc1d0000c
kayfabe-isolate: DOORBELL-STORE #95 host_token=0x00000005 runlist=0 chid=5 → storing 32 bits at USERMODE_NOTIFY_CHANNEL_PENDING=0x90 in the mapped usermode window
kayfabe-isolate: DOORBELL-STORE #95 host_token=0x00000005 ★★★ WROTE — the store instruction executed
IOCTL  15164182us req=0xc0404657 len=64    rc=0   head=0xc1d0000b
IOCTL  15164965us req=0xc020462b len=32    rc=0   head=0xc1d0000c
IOCTL  15192294us req=0xc0304658 len=48    rc=0   head=0xc1d0000b
IOCTL  15202810us req=0xc0104629 len=16    rc=0   head=0xc1d0000b
IOCTL  15245026us req=0xc020462b len=32    rc=0   head=0xc1d0000b
IOCTL  15255277us req=0xc038464e len=56    rc=0   head=0xc1d0000b
IOCTL  15256020us req=0xc038464e len=56    rc=0   head=0xc1d0000c
IOCTL  15335479us req=0xc0104629 len=16    rc=0   head=0xc1d0000b
IOCTL  15335876us req=0xc038464e len=56    rc=0   head=0xc1d0000b
IOCTL  15337198us req=0xc038464e len=56    rc=0   head=0xc1d0000c
IOCTL  15366576us req=0xc038464e len=56    rc=0   head=0xc1d0000b
IOCTL  15372656us req=0xc020462b len=32    rc=0   head=0xc1d0000c
IOCTL  15380767us req=0xc020462b len=32    rc=0   head=0xc1d0000b
IOCTL  15430663us req=0xc038464e len=56    rc=0   head=0xc1d0000c
IOCTL  15440093us req=0xc038464e len=56    rc=0   head=0xc1d0000b
kayfabe-isolate: DOORBELL-STORE #96 host_token=0x00000005 runlist=0 chid=5 → storing 32 bits at USERMODE_NOTIFY_CHANNEL_PENDING=0x90 in the mapped usermode window
kayfabe-isolate: DOORBELL-STORE #96 host_token=0x00000005 ★★★ WROTE — the store instruction executed
IOCTL  15478357us req=0xc038464e len=56    rc=0   head=0xc1d0000b
IOCTL  15487663us req=0xc038464e len=56    rc=0   head=0xc1d0000b
IOCTL  15488270us req=0xc038464e len=56    rc=0   head=0xc1d0000c
IOCTL  15489746us req=0xc038464e len=56    rc=0   head=0xc1d0000b
IOCTL  15574124us req=0xc0404657 len=64    rc=0   head=0xc1d0000b
IOCTL  15574732us req=0xc020462b len=32    rc=0   head=0xc1d0000b
IOCTL  15575430us req=0xc020462b len=32    rc=0   head=0xc1d0000c
IOCTL  15677568us req=0xc020462b len=32    rc=0   head=0xc1d0000b
IOCTL  15678291us req=0xc038464e len=56    rc=0   head=0xc1d0000b
IOCTL  15678978us req=0xc038464e len=56    rc=0   head=0xc1d0000c
IOCTL  15746225us req=0xc038464e len=56    rc=0   head=0xc1d0000b
IOCTL  15747454us req=0xc038464e len=56    rc=0   head=0xc1d0000c
IOCTL  15748611us req=0xc038464e len=56    rc=0   head=0xc1d0000b
IOCTL  15830392us req=0xc0404657 len=64    rc=0   head=0xc1d0000c
IOCTL  15840249us req=0xc020462b len=32    rc=0   head=0xc1d0000c
IOCTL  15908298us req=0xc0404657 len=64    rc=0   head=0xc1d0000b
IOCTL  15917433[   26.840569] NVRM: dmaAllocMapping_GM107: can't alloc VA space for mapping.
us req=0xc038464e len=56    rc=0   head=0xc1d0000b
IOCTL  15923768us req=0xc0404657 len=64    rc=0   head=0xc1d0000c
IOCTL  15924450us req=0xc020462b len=32    rc=0   head=0xc1d0000b
IOCTL [   26.871208] NVRM: dmaAllocMapping_GM107: can't alloc VA space for mapping.
 15940363us req=0xc0104629 len=16    rc=0   head=0xc1d0000c
IOCTL  15954030us req=0xc0404657 len=64    rc=0   head=0xc1d0000b
IOCTL  15971011us req=0xc020462b len=32    rc=0   head=0xc1d0000b
IOCTL  16045697us req=0xc0404657 len=64    rc=0   head=0xc1d0000c
IOCTL  16111819us req=0xc0104629 len=16    rc=0   head=0xc1d0000b
IOCTL  16113242us req=0xc020462b len=32    rc=0   head=0xc1d0000c
IOCTL  16136660[   27.059995] NVRM: dmaAllocMapping_GM107: can't alloc VA space for mapping.
us req=0xc038464e len=56    rc=0   head=0xc1d0000b
kayfabe-isolate: DOORBELL-STORE #97 host_token=0x00000004 runlist=0 chid=4 → storing 32 bits at USERMODE_NOTIFY_CHANNEL_PENDING=0x90 in the mapped usermode window
IOCTL  16142758us req=0xc0404657 len=64    rc=0   head=0xc1d0000c
kayfabe-isolate: DOORBELL-STORE #97 host_token=0x00000004 ★★★ WROTE — the store instruction executed
IOCTL  16181894us req=0xc0104629 len=16    rc=0   head=0xc1d0000c
IOCTL  16183978us req=0xc038464e len=56    rc=0   head=0xc1d0000b
kayfabe-isolate: DOORBELL-STORE #98 host_token=0x00000004 runlist=0 chid=4 → storing 32 bits at USERMODE_NOTIFY_CHANNEL_PENDING=0x90 in the mapped usermode window
kayfabe-isolate: DOORBELL-STORE #98 host_token=0x00000004 ★★★ WROTE — the store instruction executed
IOCTL  16259784us req=0xc0404657 len=64    rc=0   head=0xc1d0000c
IOCTL  16261697us req=0xc038464e len=56    rc=0   head=0xc1d0000b
IOCTL  16355314us req=0xc0404657 len=64    rc=0   head=0xc1d0000c
IOCTL  16432902us req=0xc0404657 len=64    rc=0   head=0xc1d0000b
IOCTL  16435569us req=0xc020462b len=32    rc=0   head=0xc1d0000c
IOCTL  16444845[   27.378165] NVRM: dmaAllocMapping_GM107: can't alloc VA space for mapping.
us req=0xc020462b len=32    rc=0   head=0xc1d0000b
IOCTL  16461301us req=0xc0404657 len=64    rc=0   head=0xc1d0000c
IOCTL [   27.404541] NVRM: dmaAllocMapping_GM107: can't alloc VA space for mapping.
 16481742us req=0xc038464e len=56    rc=0   head=0xc1d0000b
IOCTL  16487643us req=0xc0404657 len=64    rc=0   head=0xc1d0000b
IOCTL  16489140us req=0xc0104629 len=16    rc=0   head=0xc1d0000c
IOCTL  16511285us req=0xc0104629 len=16    rc=0   head=0xc1d0000b
kayfabe-isolate: DOORBELL-STORE #99 host_token=0x00000003 runlist=0 chid=3 → storing 32 bits at USERMODE_NOTIFY_CHANNEL_PENDING=0x90 in the mapped usermode window
kayfabe-isolate: DOORBELL-STORE #99 host_token=0x00000003 ★★★ WROTE — the store instruction executed
kayfabe-isolate: DOORBELL-STORE #100 host_token=0x00000004 runlist=0 chid=4 → storing 32 bits at USERMODE_NOTIFY_CHANNEL_PENDING=0x90 in the mapped usermode window
kayfabe-isolate: DOORBELL-STORE #100 host_token=0x00000004 ★★★ WROTE — the store instruction executed
IOCTL  16550664us req=0xc038464e len=56    rc=0   head=0xc1d0000c
IOCTL  16579279us req=0xc038464e len=56    rc=0   head=0xc1d0000b
kayfabe-isolate: DOORBELL-STORE #101 host_token=0x00000005 runlist=0 chid=5 → storing 32 bits at USERMODE_NOTIFY_CHANNEL_PENDING=0x90 in the mapped usermode window
kayfabe-isolate: DOORBELL-STORE #101 host_token=0x00000005 ★★★ WROTE — the store instruction executed
IOCTL  16670544us req=0xc0404657 len=64    rc=0   head=0xc1d0000c
IOCTL  16759218us req=0xc0404657 len=64    rc=0   head=0xc1d0000b
kayfabe-isolate: DOORBELL-STORE #102 host_token=0x00000004 runlist=0 chid=4 → storing 32 bits at USERMODE_NOTIFY_CHANNEL_PENDING=0x90 in the mapped usermode window
kayfabe-isolate: DOORBELL-STORE #102 host_token=0x00000004 ★★★ WROTE — the store instruction executed
IOCTL  16835587us req=0xc0404657 len=64    rc=0   head=0xc1d0000c
IOCTL  16845569us req=0xc038464e len=56    rc=0   head=0xc1d0000b
IOCTL  16868032us req=0xc0304658 len=48    rc=0   head=0xc1d0000c
IOCTL  16868687us req=0xc038464e len=56    rc=0   head=0xc1d0000b
IOCTL  16878895us req=0xc020462b len=32    rc=0   head=0xc1d0000c
kayfabe-isolate: DOORBELL-STORE #103 host_token=0x00000004 runlist=0 chid=4 → storing 32 bits at USERMODE_NOTIFY_CHANNEL_PENDING=0x90 in the mapped usermode window
kayfabe-isolate: DOORBELL-STORE #103 host_token=0x00000004 ★★★ WROTE — the store instruction executed
IOCTL  16933168us req=0xc0304658 len=48    rc=0   head=0xc1d0000b
IOCTL  16934591us req=0xc038464e len=56    rc=0   head=0xc1d0000b
kayfabe-isolate: DOORBELL-STORE #104 host_token=0x00000004 runlist=0 chid=4 → storing 32 bits at USERMODE_NOTIFY_CHANNEL_PENDING=0x90 in the mapped usermode window
kayfabe-isolate: DOORBELL-STORE #104 host_token=0x00000004 ★★★ WROTE — the store instruction executed
IOCTL  17005582us req=0xc0404657 len=64    rc=0   head=0xc1d0000c
IOCTL  17007201us req=0xc038464e len=56    rc=0   head=0xc1d0000b
IOCTL  17037534us req=0xc0304658 len=48    rc=0   head=0xc1d0000c
IOCTL  17068216us req=0xc0304658 len=48    rc=0   head=0xc1d0000b
IOCTL  17070850us req=0xc0104629 len=16    rc=0   head=0xc1d0000c
IOCTL  17071634us req=0xc038464e len=56    rc=0   head=0xc1d0000b
kayfabe-isolate: DOORBELL-STORE #105 host_token=0x00000003 runlist=0 chid=3 → storing 32 bits at USERMODE_NOTIFY_CHANNEL_PENDING=0x90 in the mapped usermode window
kayfabe-isolate: DOORBELL-STORE #106 host_token=0x00000004 runlist=0 chid=4 → storing 32 bits at USERMODE_NOTIFY_CHANNEL_PENDING=0x90 in the mapped usermode window
kayfabe-isolate: DOORBELL-STORE #105 host_token=0x00000003 ★★★ WROTE — the store instruction executed
kayfabe-isolate: DOORBELL-STORE #106 host_token=0x00000004 ★★★ WROTE — the store instruction executed
IOCTL  17171148us req=0xc0104629 len=16    rc=0   head=0xc1d0000b
IOCTL  17172822us req=0xc038464e len=56    rc=0   head=0xc1d0000c
IOCTL  17174471us req=0xc038464e len=56    rc=0   head=0xc1d0000b
kayfabe-isolate: DOORBELL-STORE #107 host_token=0x00000003 runlist=0 chid=3 → storing 32 bits at USERMODE_NOTIFY_CHANNEL_PENDING=0x90 in the mapped usermode window
kayfabe-isolate: DOORBELL-STORE #108 host_token=0x00000004 runlist=0 chid=4 → storing 32 bits at USERMODE_NOTIFY_CHANNEL_PENDING=0x90 in the mapped usermode window
kayfabe-isolate: DOORBELL-STORE #107 host_token=0x00000003 ★★★ WROTE — the store instruction executed
kayfabe-isolate: DOORBELL-STORE #108 host_token=0x00000004 ★★★ WROTE — the store instruction executed
IOCTL  17229175us req=0xc038464e len=56    rc=0   head=0xc1d0000b
IOCTL  17235965us req=0xc038464e len=56    rc=0   head=0xc1d0000c
IOCTL  17250253us req=0xc038464e len=56    rc=0   head=0xc1d0000b
kayfabe-isolate: DOORBELL-STORE #109 host_token=0x00000003 runlist=0 chid=3 → storing 32 bits at USERMODE_NOTIFY_CHANNEL_PENDING=0x90 in the mapped usermode window
kayfabe-isolate: DOORBELL-STORE #109 host_token=0x00000003 ★★★ WROTE — the store instruction executed
IOCTL  17291182us req=0xc038464e len=56    rc=0   head=0xc1d0000c
kayfabe-isolate: DOORBELL-STORE #110 host_token=0x00000004 runlist=0 chid=4 → storing 32 bits at USERMODE_NOTIFY_CHANNEL_PENDING=0x90 in the mapped usermode window
kayfabe-isolate: DOORBELL-STORE #111 host_token=0x00000003 runlist=0 chid=3 → storing 32 bits at USERMODE_NOTIFY_CHANNEL_PENDING=0x90 in the mapped usermode window
kayfabe-isolate: DOORBELL-STORE #110 host_token=0x00000004 ★★★ WROTE — the store instruction executed
kayfabe-isolate: DOORBELL-STORE #111 host_token=0x00000003 ★★★ WROTE — the store instruction executed
IOCTL  17336744us req=0xc020462b len=32    rc=0   head=0xc1d0000b
IOCTL  17338587us req=0xc038464e len=56    rc=0   head=0xc1d0000b
IOCTL  17340014us req=0xc038464e len=56    rc=0   head=0xc1d0000c
kayfabe-isolate: DOORBELL-STORE #112 host_token=0x00000003 runlist=0 chid=3 → storing 32 bits at USERMODE_NOTIFY_CHANNEL_PENDING=0x90 in the mapped usermode window
kayfabe-isolate: DOORBELL-STORE #112 host_token=0x00000003 ★★★ WROTE — the store instruction executed
IOCTL  17467025us req=0xc0404657 len=64    rc=0   head=0xc1d0000b
IOCTL  17469314us req=0xc038464e len=56    rc=0   head=0xc1d0000b
IOCTL  17470662us req=0xc038464e len=56    rc=0   head=0xc1d0000c
kayfabe-isolate: DOORBELL-STORE #113 host_token=0x00000003 runlist=0 chid=3 → storing 32 bits at USERMODE_NOTIFY_CHANNEL_PENDING=0x90 in the mapped usermode window
kayfabe-isolate: DOORBELL-STORE #113 host_token=0x00000003 ★★★ WROTE — the store instruction executed
IOCTL  17539034us req=0xc0304658 len=48    rc=0   head=0xc1d0000b
IOCTL  17559475us req=0xc0304658 len=48    rc=0   head=0xc1d0000b
IOCTL  17573328us req=0xc0104629 len=16    rc=0   head=0xc1d0000b
IOCTL  17574316us req=0xc038464e len=56    rc=0   head=0xc1d0000c
IOCTL  17597106us req=0xc0304658 len=48    rc=0   head=0xc1d0000b
IOCTL  17608279us req=0xc020462b len=32    rc=0   head=0xc1d0000b
IOCTL  17658236us req=0xc038464e len=56    rc=0   head=0xc1d0000c
IOCTL  17658236us req=0xc0104629 len=16    rc=0   head=0xc1d0000b
kayfabe-isolate: DOORBELL-STORE #114 host_token=0x00000003 runlist=0 chid=3 → storing 32 bits at USERMODE_NOTIFY_CHANNEL_PENDING=0x90 in the mapped usermode window
kayfabe-isolate: DOORBELL-STORE #114 host_token=0x00000003 ★★★ WROTE — the store instruction executed
IOCTL  17772742us req=0xc0404657 len=64    rc=0   head=0xc1d0000b
IOCTL  17775266us req=0xc038464e len=56    rc=0   head=0xc1d0000c
IOCTL  17775345us req=0xc038464e len=56    rc=0   head=0xc1d0000b
kayfabe-isolate: DOORBELL-STORE #115 host_token=0x00000003 runlist=0 chid=3 → storing 32 bits at USERMODE_NOTIFY_CHANNEL_PENDING=0x90 in the mapped usermode window
kayfabe-isolate: DOORBELL-STORE #115 host_token=0x00000003 ★★★ WROTE — the store instruction executed
IOCTL  17852734us req=0xc0304658 len=48    rc=0   head=0xc1d0000b
IOCTL  17855400us req=0xc038464e len=56    rc=0   head=0xc1d0000c
IOCTL  17857729us req=0xc020462b len=32    rc=0   head=0xc1d0000b
IOCTL  17879838us req=0xc0104629 len=16    rc=0   head=0xc1d0000b
kayfabe-isolate: DOORBELL-STORE #116 host_token=0x00000003 runlist=0 chid=3 → storing 32 bits at USERMODE_NOTIFY_CHANNEL_PENDING=0x90 in the mapped usermode window
kayfabe-isolate: DOORBELL-STORE #116 host_token=0x00000003 ★★★ WROTE — the store instruction executed
IOCTL  17966225us req=0xc0404657 len=64    rc=0   head=0xc1d0000b
IOCTL  17967855us req=0xc038464e len=56    rc=0   head=0xc1d0000c
IOCTL  17996879us req=0xc0304658 len=48    rc=0   head=0xc1d0000b
IOCTL  18063671us req=0xc0404657 len=64    rc=0   head=0xc1d0000b
IOCTL  18065780us req=0xc0104629 len=16    rc=0   head=0xc1d0000b
IOCTL  18066584us req=0xc038464e len=56    rc=0   head=0xc1d0000c
IOCTL  18099709us req=0xc020462b len=32    rc=0   head=0xc1d0000b
IOCTL  18101027us req=0xc020462b len=32    rc=0   head=0xc1d0000b
kayfabe-isolate: DOORBELL-STORE #117 host_token=0x00000003 runlist=0 chid=3 → storing 32 bits at USERMODE_NOTIFY_CHANNEL_PENDING=0x90 in the mapped usermode window
kayfabe-isolate: DOORBELL-STORE #117 host_token=0x00000003 ★★★ WROTE — the store instruction executed
IOCTL  18183973us req=0xc0404657 len=64    rc=0   head=0xc1d0000b
[   29.115552] NVRM: dmaAllocMapping_GM107: can't alloc VA space for mapping.
IOCTL  18198031us req=0xc0404657 len=64    rc=0   head=0xc1d0000b
IOCTL  18199621us req=0xc038464e len=56    rc=0   head=0xc1d0000c
kayfabe-isolate: DOORBELL-STORE #118 host_token=0x00000003 runlist=0 chid=3 → storing 32 bits at USERMODE_NOTIFY_CHANNEL_PENDING=0x90 in the mapped usermode window
kayfabe-isolate: DOORBELL-STORE #118 host_token=0x00000003 ★★★ WROTE — the store instruction executed
IOCTL  18220867us req=0xc0304658 len=48    rc=0   head=0xc1d0000b
IOCTL  18236276us req=0xc0104629 len=16    rc=0   head=0xc1d0000b
IOCTL  18238008us req=0xc0104629 len=16    rc=0   head=0xc1d0000b
IOCTL  18238723us req=0xc038464e len=56    rc=0   head=0xc1d0000c
IOCTL  18266387us req=0xc020462b len=32    rc=0   head=0xc1d0000b
kayfabe-isolate: DOORBELL-STORE #119 host_token=0x00000004 runlist=0 chid=4 → storing 32 bits at USERMODE_NOTIFY_CHANNEL_PENDING=0x90 in the mapped usermode window
kayfabe-isolate: DOORBELL-STORE #120 host_token=0x00000003 runlist=0 chid=3 → storing 32 bits at USERMODE_NOTIFY_CHANNEL_PENDING=0x90 in the mapped usermode window
kayfabe-isolate: DOORBELL-STORE #119 host_token=0x00000004 ★★★ WROTE — the store instruction executed
kayfabe-isolate: DOORBELL-STORE #120 host_token=0x00000003 ★★★ WROTE — the store instruction executed
IOCTL  18355996us req=0xc038464e len=56    rc=0   head=0xc1d0000b
IOCTL  18358324us req=0xc038464e len=56    rc=0   head=0xc1d0000c
IOCTL  18360835us req=0xc038464e len=56    rc=0   head=0xc1d0000b
IOCTL  18385755us req=0xc038464e len=56    rc=0   head=0xc1d0000c
kayfabe-isolate: DOORBELL-STORE #121 host_token=0x00000004 runlist=0 chid=4 → storing 32 bits at USERMODE_NOTIFY_CHANNEL_PENDING=0x90 in the mapped usermode window
kayfabe-isolate: DOORBELL-STORE #122 host_token=0x00000003 runlist=0 chid=3 → storing 32 bits at USERMODE_NOTIFY_CHANNEL_PENDING=0x90 in the mapped usermode window
kayfabe-isolate: DOORBELL-STORE #122 host_token=0x00000003 ★★★ WROTE — the store instruction executed
kayfabe-isolate: DOORBELL-STORE #121 host_token=0x00000004 ★★★ WROTE — the store instruction executed
IOCTL  18476980us req=0xc038464e len=56    rc=0   head=0xc1d0000b
IOCTL  18477805us req=0xc038464e len=56    rc=0   head=0xc1d0000c
IOCTL  18480006us req=0xc038464e len=56    rc=0   head=0xc1d0000b
kayfabe-isolate: DOORBELL-STORE #123 host_token=0x00000003 runlist=0 chid=3 → storing 32 bits at USERMODE_NOTIFY_CHANNEL_PENDING=0x90 in the mapped usermode window
kayfabe-isolate: DOORBELL-STORE #123 host_token=0x00000003 ★★★ WROTE — the store instruction executed
IOCTL  18530643us req=0xc020462b len=32    rc=0   head=0xc1d0000b
IOCTL [   29.507493] NVRM: dmaAllocMapping_GM107: can't alloc VA space for mapping.
 18583150us req=0xc0104629 len=16    rc=0   head=0xc1d0000b
IOCTL  18600860us req=0xc0404657 len=64    rc=0   head=0xc1d0000b
IOCTL  18583594us req=0xc038464e len=56    rc=0   head=0xc1d0000c
IOCTL  18604749us req=0xc038464e len=56    rc=0   head=0xc1d0000b
kayfabe-isolate: DOORBELL-STORE #124 host_token=0x00000003 runlist=0 chid=3 → storing 32 bits at USERMODE_NOTIFY_CHANNEL_PENDING=0x90 in the mapped usermode window
kayfabe-isolate: DOORBELL-STORE #124 host_token=0x00000003 ★★★ WROTE — the store instruction executed
IOCTL  18641126us req=0xc020462b len=32    rc=0   head=0xc1d0000b
IOCTL  18646958us req=0xc038464e len=56    rc=0   head=0xc1d0000c
IOCTL  18663890us req=0xc0104629 len=16    rc=0   head=0xc1d0000b
kayfabe-isolate: DOORBELL-STORE #125 host_token=0x00000005 runlist=0 chid=5 → storing 32 bits at USERMODE_NOTIFY_CHANNEL_PENDING=0x90 in the mapped usermode window
kayfabe-isolate: DOORBELL-STORE #125 host_token=0x00000005 ★★★ WROTE — the store instruction executed
IOCTL  18704521us req=0xc038464e len=56    rc=0   head=0xc1d0000b
IOCTL  18706030us req=0xc038464e len=56    rc=0   head=0xc1d0000c
kayfabe-isolate: DOORBELL-STORE #126 host_token=0x00000003 runlist=0 chid=3 → storing 32 bits at USERMODE_NOTIFY_CHANNEL_PENDING=0x90 in the mapped usermode window
kayfabe-isolate: DOORBELL-STORE #126 host_token=0x00000003 ★★★ WROTE — the store instruction executed
IOCTL  18749441us req=0xc038464e len=56    rc=0   head=0xc1d0000b
IOCTL  18752394us req=0xc038464e len=56    rc=0   head=0xc1d0000b
IOCTL  18753121us req=0xc038464e len=56    rc=0   head=0xc1d0000c
kayfabe-isolate: DOORBELL-STORE #127 host_token=0x00000003 runlist=0 chid=3 → storing 32 bits at USERMODE_NOTIFY_CHANNEL_PENDING=0x90 in the mapped usermode window
kayfabe-isolate: DOORBELL-STORE #127 host_token=0x00000003 ★★★ WROTE — the store instruction executed
IOCTL  18867792us req=0xc0404657 len=64    rc=0   head=0xc1d0000b
kayfabe-isolate: DOORBELL-STORE #128 host_token=0x00000005 runlist=0 chid=5 → storing 32 bits at USERMODE_NOTIFY_CHANNEL_PENDING=0x90 in the mapped usermode window
kayfabe-isolate: DOORBELL-STORE #128 host_token=0x00000005 ★★★ WROTE — the store instruction executed
IOCTL  18870043us req=0xc038464e len=56    rc=0   head=0xc1d0000c
IOCTL  18870832us req=0xc020462b len=32    rc=0   head=0xc1d0000b
IOCTL  18930809us req=0xc038464e len=56    rc=0   head=0xc1d0000b
kayfabe-isolate: DOORBELL-STORE #129 host_token=0x00000003 runlist=0 chid=3 → storing 32 bits at USERMODE_NOTIFY_CHANNEL_PENDING=0x90 in the mapped usermode window
kayfabe-isolate: DOORBELL-STORE #129 host_token=0x00000003 ★★★ WROTE — the store instruction executed
kayfabe-isolate: DOORBELL-STORE #130 host_token=0x00000005 runlist=0 chid=5 → storing 32 bits at USERMODE_NOTIFY_CHANNEL_PENDING=0x90 in the mapped usermode window
kayfabe-isolate: DOORBELL-STORE #130 host_token=0x00000005 ★★★ WROTE — the store instruction executed
IOCTL  18984121us req=0xc038464e len=56    rc=0   head=0xc1d0000b
IOCTL  18995394us req=0xc038464e len=56    rc=0   head=0xc1d0000b
IOCTL  18996186us req=0xc038464e len=56    rc=0   head=0xc1d0000c
IOCTL  18997663us req=0xc038464e len=56    rc=0   head=0xc1d0000b
kayfabe-isolate: DOORBELL-STORE #131 host_token=0x00000003 runlist=0 chid=3 → storing 32 bits at USERMODE_NOTIFY_CHANNEL_PENDING=0x90 in the mapped usermode window
kayfabe-isolate: DOORBELL-STORE #131 host_token=0x00000003 ★★★ WROTE — the store instruction executed
kayfabe-isolate: DOORBELL-STORE #132 host_token=0x00000005 runlist=0 chid=5 → storing 32 bits at USERMODE_NOTIFY_CHANNEL_PENDING=0x90 in the mapped usermode window
kayfabe-isolate: DOORBELL-STORE #132 host_token=0x00000005 ★★★ WROTE — the store instruction executed
IOCTL  19078444us req=0xc038464e len=56    rc=0   head=0xc1d0000c
IOCTL  19076864us req=0xc0104629 len=16    rc=0   head=0xc1d0000b
IOCTL  19112792us req=0xc038464e len=56    rc=0   head=0xc1d0000c
IOCTL  19116166us req=0xc038464e len=56    rc=0   head=0xc1d0000b
IOCTL  19197714us req=0xc0404657 len=64    rc=0   head=0xc1d0000c
kayfabe-isolate: DOORBELL-STORE #133 host_token=0x00000003 runlist=0 chid=3 → storing 32 bits at USERMODE_NOTIFY_CHANNEL_PENDING=0x90 in the mapped usermode window
kayfabe-isolate: DOORBELL-STORE #133 host_token=0x00000003 ★★★ WROTE — the store instruction executed
IOCTL  19240438us req=0xc038464e len=56    rc=0   head=0xc1d0000b
IOCTL  19242620us req=0xc020462b len=32    rc=0   head=0xc1d0000b
IOCTL  19244219us req=[   30.185264] NVRM: dmaAllocMapping_GM107: can't alloc VA space for mapping.
0xc038464e len=56    rc=0   head=0xc1d0000c
IOCTL  19271210us req=0xc0404657 len=64    rc=0   head=0xc1d0000b
kayfabe-isolate: DOORBELL-STORE #134 host_token=0x00000003 runlist=0 chid=3 → storing 32 bits at USERMODE_NOTIFY_CHANNEL_PENDING=0x90 in the mapped usermode window
kayfabe-isolate: DOORBELL-STORE #134 host_token=0x00000003 ★★★ WROTE — the store instruction executed
IOCTL  19298774us req=0xc0104629 len=16    rc=0   head=0xc1d0000b
IOCTL  19309619us req=0xc038464e len=56    rc=0   head=0xc1d0000c
kayfabe-isolate: DOORBELL-STORE #135 host_token=0x00000003 runlist=0 chid=3 → storing 32 bits at USERMODE_NOTIFY_CHANNEL_PENDING=0x90 in the mapped usermode window
kayfabe-isolate: DOORBELL-STORE #135 host_token=0x00000003 ★★★ WROTE — the store instruction executed
IOCTL  19373878us req=0xc0404657 len=64    rc=0   head=0xc1d0000b
IOCTL  19386116us req=0xc038464e len=56    rc=0   head=0xc1d0000b
IOCTL  19387618us req=0xc020462b len=32    rc=0   head=0xc1d0000b
IOCTL [   30.329906] NVRM: dmaAllocMapping_GM107: can't alloc VA space for mapping.
 19388407us req=0xc038464e len=56    rc=0   head=0xc1d0000c
kayfabe-isolate: DOORBELL-STORE #136 host_token=0x00000005 runlist=0 chid=5 → storing 32 bits at USERMODE_NOTIFY_CHANNEL_PENDING=0x90 in the mapped usermode window
kayfabe-isolate: DOORBELL-STORE #136 host_token=0x00000005 ★★★ WROTE — the store instruction executed
IOCTL  19426213us req=0xc038464e len=56    rc=0   head=0xc1d0000c
IOCTL  19413979us req=0xc0404657 len=64    rc=0   head=0xc1d0000b
IOCTL  19473042us req=0xc038464e len=56    rc=0   head=0xc1d0000b
IOCTL  19473848us req=0xc020462b len=32    rc=0   head=0xc1d0000c
IOCTL  [   30.414892] NVRM: dmaAllocMapping_GM107: can't alloc VA space for mapping.
19474895us req=0xc0104629 len=16    rc=0   head=0xc1d0000b
IOCTL  19499390us req=0xc0404657 len=64    rc=0   head=0xc1d0000c
kayfabe-isolate: DOORBELL-STORE #137 host_token=0x00000005 runlist=0 chid=5 → storing 32 bits at USERMODE_NOTIFY_CHANNEL_PENDING=0x90 in the mapped usermode window
kayfabe-isolate: DOORBELL-STORE #137 host_token=0x00000005 ★★★ WROTE — the store instruction executed
IOCTL  19537727us req=0xc0104629 len=16    rc=0   head=0xc1d0000c
IOCTL  19536520us req=0xc0304658 len=48    rc=0   head=0xc1d0000b
kayfabe-isolate: DOORBELL-STORE #138 host_token=0x00000003 runlist=0 chid=3 → storing 32 bits at USERMODE_NOTIFY_CHANNEL_PENDING=0x90 in the mapped usermode window
kayfabe-isolate: DOORBELL-STORE #138 host_token=0x00000003 ★★★ WROTE — the store instruction executed
IOCTL  19577177us req=0xc038464e len=56    rc=0   head=0xc1d0000b
IOCTL  19628702us req=0xc0104629 len=16    rc=0   head=0xc1d0000b
IOCTL  19630632us req=0xc038464e len=56    rc=0   head=0xc1d0000c
IOCTL  19642845us req=0xc038464e len=56    rc=0   head=0xc1d0000b
IOCTL  19666965us req=0xc020462b len=32    rc=0   head=0xc1d0000b
kayfabe-isolate: DOORBELL-STORE #139 host_token=0x00000005 runlist=0 chid=5 → storing 32 bits at USERMODE_NOTIFY_CHANNEL_PENDING=0x90 in the mapped usermode window
kayfabe-isolate: DOORBELL-STORE #139 host_token=0x00000005 ★★★ WROTE — the store instruction executed
IOCTL  19748879us req=0xc0404657 len=64    rc=0   head=0xc1d0000b
IOCTL  19761113us req=0xc020462b len=32    rc=0   head=0xc1d0000c
IOCTL  19782626us req=[   30.706296] NVRM: dmaAllocMapping_GM107: can't alloc VA space for mapping.
0xc0304658 len=48    rc=0   head=0xc1d0000b
IOCTL  19794740us req=0xc0404657 len=64    rc=0   head=0xc1d0000c
IOCTL  19803906us req=0xc0104629 len=16    rc=0   head=0xc1d0000b
IOCTL  19811894us req=0xc038464e len=56    rc=0   head=0xc1d0000b
IOCTL  19818846us req=0xc0104629 len=16    rc=0   head=0xc1d0000c
IOCTL  19829961us req=0xc020462b len=32    rc=0   head=0xc1d0000b
IOCTL  19865344us req=0xc038464e len=56    rc=0   head=0xc1d0000b
IOCTL  19886675us req=0xc0304658 len=48    rc=0   head=0xc1d0000c
IOCTL  19930885us req=0xc020462b len=32    rc=0   head=0xc1d0000c
IOCTL  19984745us req=0xc0104629 len=16    rc=0   head=0xc1d0000b
IOCTL  19986198us req=0xc038464e len=56    rc=0   head=0xc1d0000b
IOCTL  20057616us req=0xc0404657 len=64    rc=0   head=0xc1d0000c
IOCTL  20070383us req=0xc038464e len=56    rc=0   head=0xc1d0000b
IOCTL  20071013us req=0xc038464e len=56    rc=0   head=0xc1d0000b
IOCTL  20091108us req=0xc0304658 len=48    rc=0   head=0xc1d0000c
kayfabe-isolate: DOORBELL-STORE #140 host_token=0x00000005 runlist=0 chid=5 → storing 32 bits at USERMODE_NOTIFY_CHANNEL_PENDING=0x90 in the mapped usermode window
kayfabe-isolate: DOORBELL-STORE #140 host_token=0x00000005 ★★★ WROTE — the store instruction executed
IOCTL  20156235us req=0xc0404657 len=64    rc=0   head=0xc1d0000b
IOCTL  20169381us req=0xc020462b len=32    rc=0   head=0xc1d0000b
IOCTL  20170489us req=0xc0104629 len=16    rc=0   head=0xc1d0000c
kayfabe-isolate: DOORBELL-STORE #141 host_token=0x00000003 runlist=0 chid=3 → storing 32 bits at USERMODE_NOTIFY_CHANNEL_PENDING=0x90 in the mapped usermode window
kayfabe-isolate: DOORBELL-STORE #141 host_token=0x00000003 ★★★ WROTE — the store instruction executed
IOCTL  20208711us req=[   31.132038] NVRM: dmaAllocMapping_GM107: can't alloc VA space for mapping.
0xc038464e len=56    rc=0   head=0xc1d0000b
IOCTL  20217168us req=0xc0404657 len=64    rc=0   head=0xc1d0000b
IOCTL  20218680us req=0xc038464e len=56    rc=0   head=0xc1d0000c
IOCTL  20234889us req=0xc0104629 len=16    rc=0   head=0xc1d0000b
kayfabe-isolate: DOORBELL-STORE #143 host_token=0x00000005 runlist=0 chid=5 → storing 32 bits at USERMODE_NOTIFY_CHANNEL_PENDING=0x90 in the mapped usermode window
kayfabe-isolate: DOORBELL-STORE #142 host_token=0x00000003 runlist=0 chid=3 → storing 32 bits at USERMODE_NOTIFY_CHANNEL_PENDING=0x90 in the mapped usermode window
kayfabe-isolate: DOORBELL-STORE #142 host_token=0x00000003 ★★★ WROTE — the store instruction executed
IOCTL  20288836us req=0xc038464e len=56    rc=0   head=0xc1d0000c
kayfabe-isolate: DOORBELL-STORE #145 host_token=0x00000003 runlist=0 chid=3 → storing 32 bits at USERMODE_NOTIFY_CHANNEL_PENDING=0x90 in the mapped usermode window
kayfabe-isolate: DOORBELL-STORE #145 host_token=0x00000003 ★★★ WROTE — the store instruction executed
IOCTL  20304575us req=0xc038464e len=56    rc=0   head=0xc1d0000c
kayfabe-isolate: DOORBELL-STORE #146 host_token=0x00000003 runlist=0 chid=3 → storing 32 bits at USERMODE_NOTIFY_CHANNEL_PENDING=0x90 in the mapped usermode window
kayfabe-isolate: DOORBELL-STORE #146 host_token=0x00000003 ★★★ WROTE — the store instruction executed
IOCTL  20314347us req=0xc038464e len=56    rc=0   head=0xc1d0000c
IOCTL  20317326us req=0xc038464e len=56    rc=0   head=0xc1d0000c
kayfabe-isolate: DOORBELL-STORE #147 host_token=0x00000003 runlist=0 chid=3 → storing 32 bits at USERMODE_NOTIFY_CHANNEL_PENDING=0x90 in the mapped usermode window
kayfabe-isolate: DOORBELL-STORE #147 host_token=0x00000003 ★★★ WROTE — the store instruction executed
IOCTL  20326838us req=0xc038464e len=56    rc=0   head=0xc1d0000c
kayfabe-isolate: DOORBELL-STORE #148 host_token=0x00000003 runlist=0 chid=3 → storing 32 bits at USERMODE_NOTIFY_CHANNEL_PENDING=0x90 in the mapped usermode window
kayfabe-isolate: DOORBELL-STORE #148 host_token=0x00000003 ★★★ WROTE — the store instruction executed
IOCTL  20338434us req=0xc038464e len=56    rc=0   head=0xc1d0000c
kayfabe-isolate: DOORBELL-STORE #149 host_token=0x00000003 runlist=0 chid=3 → storing 32 bits at USERMODE_NOTIFY_CHANNEL_PENDING=0x90 in the mapped usermode window
kayfabe-isolate: DOORBELL-STORE #149 host_token=0x00000003 ★★★ WROTE — the store instruction executed
IOCTL  20346766us req=0xc038464e len=56    rc=0   head=0xc1d0000c
IOCTL  20357510us req=0xc038464e len=56    rc=0   head=0xc1d0000c
kayfabe-isolate: DOORBELL-STORE #150 host_token=0x00000003 runlist=0 chid=3 → storing 32 bits at USERMODE_NOTIFY_CHANNEL_PENDING=0x90 in the mapped usermode window
kayfabe-isolate: DOORBELL-STORE #150 host_token=0x00000003 ★★★ WROTE — the store instruction executed
IOCTL  20371606us req=0xc038464e len=56    rc=0   head=0xc1d0000c
kayfabe-isolate: DOORBELL-STORE #151 host_token=0x00000003 runlist=0 chid=3 → storing 32 bits at USERMODE_NOTIFY_CHANNEL_PENDING=0x90 in the mapped usermode window
kayfabe-isolate: DOORBELL-STORE #151 host_token=0x00000003 ★★★ WROTE — the store instruction executed
IOCTL  20379443us req=0xc038464e len=56    rc=0   head=0xc1d0000c
kayfabe-isolate: DOORBELL-STORE #152 host_token=0x00000003 runlist=0 chid=3 → storing 32 bits at USERMODE_NOTIFY_CHANNEL_PENDING=0x90 in the mapped usermode window
kayfabe-isolate: DOORBELL-STORE #152 host_token=0x00000003 ★★★ WROTE — the store instruction executed
IOCTL  20388381us req=0xc038464e len=56    rc=0   head=0xc1d0000c
IOCTL  20451634us req=0xc0404657 len=64    rc=0   head=0xc1d0000c
kayfabe-isolate: DOORBELL-STORE #143 host_token=0x00000005 ★★★ WROTE — the store instruction executed
kayfabe-isolate: DOORBELL-STORE #144 host_token=0x00000004 runlist=0 chid=4 → storing 32 bits at USERMODE_NOTIFY_CHANNEL_PENDING=0x90 in the mapped usermode window
IOCTL  20476585us req=0xc0304658 len=48    rc=0   head=0xc1d0000c
kayfabe-isolate: DOORBELL-STORE #144 host_token=0x00000004 ★★★ WROTE — the store instruction executed
IOCTL  20500846us req=0xc0304658 len=48    rc=0   head=0xc1d0000c
IOCTL  20513715us req=0xc038464e len=56    rc=0   head=0xc1d0000b
IOCTL  20560522us req=0xc038464e len=56    rc=0   head=0xc1d0000b
IOCTL  20560524us req=0xc0104629 len=16    rc=0   head=0xc1d0000c
IOCTL  20619568us req=0xc0104629 len=16    rc=0   head=0xc1d0000b
IOCTL  20645165us req=0xc0304658 len=48    rc=0   head=0xc1d0000c
IOCTL  20668829us req=0xc0304658 len=48    rc=0   head=0xc1d0000b
IOCTL  20690383us req=0xc0304658 len=48    rc=0   head=0xc1d0000c
IOCTL  20718426us req=0xc038464e len=56    rc=0   head=0xc1d0000b
IOCTL  20735132us req=0xc0104629 len=16    rc=0   head=0xc1d0000b
IOCTL  20780666us req=0xc0104629 len=16    rc=0   head=0xc1d0000c
IOCTL  20792842us req=0xc020462b len=32    rc=0   head=0xc1d0000b
IOCTL  20813519us req=0xc0304658 len=48    rc=0   head=0xc1d0000c
IOCTL  20813663us req=0xc038464e len=56    rc=0   head=0xc1d0000b
IOCTL  20895642us req=0xc0304658 len=48    rc=0   head=0xc1d0000c
IOCTL  20896596us req=0xc020462b len=32    rc=0   head=0xc1d0000b
IOCTL  20918121us req=0xc038464e len=56    rc=0   head=0xc1d0000b
IOCTL  20975532us req=0xc0404657 len=64    rc=0   head=0xc1d0000b
IOCTL  21017428us req=0xc0104629 len=16    rc=0   head=0xc1d0000c
IOCTL  21031099us req=0xc038464e len=56    rc=0   head=0xc1d0000b
IOCTL  21053047us req=0xc0304658 len=48    rc=0   head=0xc1d0000b
IOCTL  21065165us req=0xc020462b len=32    rc=0   head=0xc1d0000b
IOCTL  21066750us req=0xc0104629 len=16    rc=0   head=0xc1d0000b
IOCTL  21070488us req=0xc0104629 len=16    rc=0   head=0xc1d0000c
kayfabe-isolate: DOORBELL-STORE #153 host_token=0x00000004 runlist=0 chid=4 → storing 32 bits at USERMODE_NOTIFY_CHANNEL_PENDING=0x90 in the mapped usermode window
kayfabe-isolate: DOORBELL-STORE #153 host_token=0x00000004 ★★★ WROTE — the store instruction executed
IOCTL  21122128us req=0xc0304658 len=48    rc=0   head=0xc1d0000c
IOCTL  21123525us req=0xc038464e len=56    rc=0   head=0xc1d0000b
IOCTL  21137442us req=0xc0104629 len=16    rc=0   head=0xc1d0000c
IOCTL  21247249us req=0xc0104629 len=16    rc=0   head=0xc1d0000c
IOCTL  21250041us req=0xc020462b len=32    rc=0   head=0xc1d0000b
IOCTL  21274287us req=0xc038464e len=56    rc=0   head=0xc1d0000b
IOCTL  21329529us req=0xc038464e len=56    rc=0   head=0xc1d0000b
IOCTL  21341818us req=0xc038464e len=56    rc=0   head=0xc1d0000b
IOCTL  21343442us req=0xc038464e len=56    rc=0   head=0xc1d0000b
IOCTL  21363955us req=0xc020462b len=32    rc=0   head=0xc1d0000b
IOCTL  21416573us req=0xc0104629 len=16    rc=0   head=0xc1d0000b
IOCTL  21460732us req=0xc038464e len=56    rc=0   head=0xc1d0000b
IOCTL  21461694us req=0xc038464e len=56    rc=0   head=0xc1d0000b
IOCTL  21481035us req=0xc020462b len=32    rc=0   head=0xc1d0000b
IOCTL  21484405us req=0xc038464e len=56    rc=0   head=0xc1d0000b
[   32.423587] NVRM: dmaAllocMapping_GM107: can't alloc VA space for mapping.
kayfabe-isolate: DOORBELL-STORE #154 host_token=0x00000004 runlist=0 chid=4 → storing 32 bits at USERMODE_NOTIFY_CHANNEL_PENDING=0x90 in the mapped usermode window
kayfabe-isolate: DOORBELL-STORE #154 host_token=0x00000004 ★★★ WROTE — the store instruction executed
IOCTL  21523578us req=0xc038464e len=56    rc=0   head=0xc1d0000b
kayfabe-isolate: DOORBELL-STORE #155 host_token=0x00000004 runlist=0 chid=4 → storing 32 bits at USERMODE_NOTIFY_CHANNEL_PENDING=0x90 in the mapped usermode window
kayfabe-isolate: DOORBELL-STORE #155 host_token=0x00000004 ★★★ WROTE — the store instruction executed
IOCTL  21541435us req=0xc038464e len=56    rc=0   head=0xc1d0000b
kayfabe-isolate: DOORBELL-STORE #156 host_token=0x00000004 runlist=0 chid=4 → storing 32 bits at USERMODE_NOTIFY_CHANNEL_PENDING=0x90 in the mapped usermode window
kayfabe-isolate: DOORBELL-STORE #156 host_token=0x00000004 ★★★ WROTE — the store instruction executed
IOCTL  21551449us req=0xc038464e len=56    rc=0   head=0xc1d0000b
kayfabe-isolate: DOORBELL-STORE #157 host_token=0x00000004 runlist=0 chid=4 → storing 32 bits at USERMODE_NOTIFY_CHANNEL_PENDING=0x90 in the mapped usermode window
kayfabe-isolate: DOORBELL-STORE #157 host_token=0x00000004 ★★★ WROTE — the store instruction executed
IOCTL  21562104us req=0xc038464e len=56    rc=0   head=0xc1d0000b
IOCTL  21591639us req=0xc0404657 len=64    rc=0   head=0xc1d0000b
IOCTL  21624837us req=0xc0404657 len=64    rc=0   head=0xc1d0000b
IOCTL  21636343us req=0xc0104629 len=16    rc=0   head=0xc1d0000b
IOCTL  21637172us req=0xc020462b len=32    rc=0   head=0xc1d0000b
[   32.659465] NVRM: dmaAllocMapping_GM107: can't alloc VA space for mapping.
IOCTL  21736697us req=0xc0404657 len=64    rc=0   head=0xc1d0000b
IOCTL  21743625us req=0xc0404657 len=64    rc=0   head=0xc1d0000b
IOCTL  21764407us req=0xc0104629 len=16    rc=0   head=0xc1d0000b
IOCTL  21774675us req=0xc020462b len=32    rc=0   head=0xc1d0000b
IOCTL [   32.775638] NVRM: dmaAllocMapping_GM107: can't alloc VA space for mapping.
 21852286us req=0xc0404657 len=64    rc=0   head=0xc1d0000b
IOCTL  21867729us req=0xc0404657 len=64    rc=0   head=0xc1d0000b
IOCTL  21948324us req=0xc0404657 len=64    rc=0   head=0xc1d0000b
IOCTL  21961434us req=0xc0104629 len=16    rc=0   head=0xc1d0000b
IOCTL  22001806us req=0xc0104629 len=16    rc=0   head=0xc1d0000b
IOCTL  22031955us req=0xc0304658 len=48    rc=0   head=0xc1d0000b
IOCTL  22049769us req=0xc0304658 len=48    rc=0   head=0xc1d0000b
IOCTL  22078085us req=0xc0304658 len=48    rc=0   head=0xc1d0000b
IOCTL  22097436us req=0xc0304658 len=48    rc=0   head=0xc1d0000b
IOCTL  22144193us req=0xc0104629 len=16    rc=0   head=0xc1d0000b
IOCTL  22182281us req=0xc038464e len=56    rc=0   head=0xc1d0000b
IOCTL  22182279us req=0xc0104629 len=16    rc=0   head=0xc1d0000b
IOCTL  22200130us req=0xc020462b len=32    rc=0   head=0xc1d0000b
IOCTL  22222145us req=0xc0304658 len=48    rc=0   head=0xc1d0000b
IOCTL  22288457us req=0xc0404657 len=64    rc=0   head=0xc1d0000b
IOCTL  22309677us req=0xc0304658 len=48    rc=0   head=0xc1d0000b
IOCTL  22335474us req=0xc0304658 len=48    rc=0   head=0xc1d0000b
IOCTL  22374144us req=0xc0104629 len=16    rc=0   head=0xc1d0000b
IOCTL  22383411us req=0xc0104629 len=16    rc=0   head=0xc1d0000b
IOCTL  22389141us req=0xc0104629 len=16    rc=0   head=0xc1d0000b
IOCTL  22400895us req=0xc020462b len=32    rc=0   head=0xc1d0000b
IOCTL  22422236us req=0xc0304658 len=48    rc=0   head=0xc1d0000b
IOCTL  22489731us req=0xc0404657 len=64    rc=0   head=0xc1d0000b
IOCTL  22493397us req=0xc0104629 len=16    rc=0   head=0xc1d0000b
IOCTL  22526708us req=0xc0304658 len=48    rc=0   head=0xc1d0000b
IOCTL  22563717us req=0xc0104629 len=16    rc=0   head=0xc1d0000b
IOCTL  22573242us req=0xc0104629 len=16    rc=0   head=0xc1d0000b
IOCTL  22582667us req=0xc020462b len=32    rc=0   head=0xc1d0000b
IOCTL  22632520us req=0xc038464e len=56    rc=0   head=0xc1d0000b
IOCTL  22643671us req=0xc038464e len=56    rc=0   head=0xc1d0000b
IOCTL  22711745us req=0xc0404657 len=64    rc=0   head=0xc1d0000b
IOCTL  22720134us req=0xc020462b len=32    rc=0   head=0xc1d0000b
[   33.650462] NVRM: dmaAllocMapping_GM107: can't alloc VA space for mapping.
IOCTL  22732778us req=0xc0404657 len=64    rc=0   head=0xc1d0000b
IOCTL  22740843us req=0xc0104629 len=16    rc=0   head=0xc1d0000b
kayfabe-isolate: DOORBELL-STORE #158 host_token=0x00000005 runlist=0 chid=5 → storing 32 bits at USERMODE_NOTIFY_CHANNEL_PENDING=0x90 in the mapped usermode window
kayfabe-isolate: DOORBELL-STORE #158 host_token=0x00000005 ★★★ WROTE — the store instruction executed
IOCTL  22775025us req=0xc038464e len=56    rc=0   head=0xc1d0000b
IOCTL  22804196us req=0xc0304658 len=48    rc=0   head=0xc1d0000b
IOCTL  22854219us req=0xc0104629 len=16    rc=0   head=0xc1d0000b
IOCTL  22866647us req=0xc038464e len=56    rc=0   head=0xc1d0000b
IOCTL  22875757us req=0xc020462b len=32    rc=0   head=0xc1d0000b
IOCTL  22935456us req=0xc0404657 len=64    rc=0   head=0xc1d0000b
IOCTL  22959030us req=0xc0304658 len=48    rc=0   head=0xc1d0000b
IOCTL  22966944us req=0xc0104629 len=16    rc=0   head=0xc1d0000b
kayfabe-isolate: DOORBELL-STORE #159 host_token=0x00000005 runlist=0 chid=5 → storing 32 bits at USERMODE_NOTIFY_CHANNEL_PENDING=0x90 in the mapped usermode window
kayfabe-isolate: DOORBELL-STORE #159 host_token=0x00000005 ★★★ WROTE — the store instruction executed
IOCTL  22999685us req=0xc038464e len=56    rc=0   head=0xc1d0000b
IOCTL  23010112us req=0xc020462b len=32    rc=0   head=0xc1d0000b
IOCTL  23057788us req=0xc038464e len=56    rc=0   head=0xc1d0000b
IOCTL  23066700us req=0xc038464e len=56    rc=0   head=0xc1d0000b
IOCTL  23075120us req=0xc020462b len=32    rc=0   head=0xc1d0000b
IOCTL  23127008us req=0xc038464e len=56    rc=0   head=0xc1d0000b
IOCTL  23135861us req=0xc038464e len=56    rc=0   head=0xc1d0000b
kayfabe-isolate: DOORBELL-STORE #160 host_token=0x00000005 runlist=0 chid=5 → storing 32 bits at USERMODE_NOTIFY_CHANNEL_PENDING=0x90 in the mapped usermode window
kayfabe-isolate: DOORBELL-STORE #160 host_token=0x00000005 ★★★ WROTE — the store instruction executed
IOCTL  23169176us req=0xc038464e len=56    rc=0   head=0xc1d0000b
kayfabe-isolate: DOORBELL-STORE #161 host_token=0x00000005 runlist=0 chid=5 → storing 32 bits at USERMODE_NOTIFY_CHANNEL_PENDING=0x90 in the mapped usermode window
kayfabe-isolate: DOORBELL-STORE #161 host_token=0x00000005 ★★★ WROTE — the store instruction executed
IOCTL  23201123us req=0xc038464e len=56    rc=0   head=0xc1d0000b
kayfabe-isolate: DOORBELL-STORE #162 host_token=0x00000005 runlist=0 chid=5 → storing 32 bits at USERMODE_NOTIFY_CHANNEL_PENDING=0x90 in the mapped usermode window
kayfabe-isolate: DOORBELL-STORE #162 host_token=0x00000005 ★★★ WROTE — the store instruction executed
IOCTL  23232625us req=0xc038464e len=56    rc=0   head=0xc1d0000b
kayfabe-isolate: DOORBELL-STORE #163 host_token=0x00000005 runlist=0 chid=5 → storing 32 bits at USERMODE_NOTIFY_CHANNEL_PENDING=0x90 in the mapped usermode window
kayfabe-isolate: DOORBELL-STORE #163 host_token=0x00000005 ★★★ WROTE — the store instruction executed
IOCTL  23265150us req=0xc038464e len=56    rc=0   head=0xc1d0000b
IOCTL  23332188us req=0xc0404657 len=64    rc=0   head=0xc1d0000b
IOCTL  23340395us req=0xc020462b len=32    rc=0   head=0xc1d0000b
[   34.270696] NVRM: dmaAllocMapping_GM107: can't alloc VA space for mapping.
IOCTL  23352999us req=0xc0404657 len=64    rc=0   head=0xc1d0000b
IOCTL  23360899us req=0xc0104629 len=16    rc=0   head=0xc1d0000b
IOCTL  23447020us req=0xc0404657 len=64    rc=0   head=0xc1d0000b
IOCTL  23531564us req=0xc0404657 len=64    rc=0   head=0xc1d0000b
IOCTL  23544979us req=0xc020462b len=32    rc=0   head=0xc1d0000b
[   34.475981] NVRM: dmaAllocMapping_GM107: can't alloc VA space for mapping.
IOCTL  23558625us req=0xc0404657 len=64    rc=0   head=0xc1d0000b
IOCTL  23567255us req=0xc0104629 len=16    rc=0   head=0xc1d0000b
IOCTL  23615397us req=0xc0104629 len=16    rc=0   head=0xc1d0000b
IOCTL  23646432us req=0xc0304658 len=48    rc=0   head=0xc1d0000b
IOCTL  23672359us req=0xc0304658 len=48    rc=0   head=0xc1d0000b
IOCTL  23716553us req=0xc0104629 len=16    rc=0   head=0xc1d0000b
IOCTL  23744687us req=0xc0304658 len=48    rc=0   head=0xc1d0000b
IOCTL  23771287us req=0xc0304658 len=48    rc=0   head=0xc1d0000b
IOCTL  23817090us req=0xc0104629 len=16    rc=0   head=0xc1d0000b
IOCTL  23834038us req=0xc0104629 len=16    rc=0   head=0xc1d0000b
IOCTL  23861682us req=0xc0304658 len=48    rc=0   head=0xc1d0000b
IOCTL  23872573us req=0xc0104629 len=16    rc=0   head=0xc1d0000b
IOCTL  23920600us req=0xc0104629 len=16    rc=0   head=0xc1d0000b
info  W385 percore  census = 192 ops over 3 workers in 10095 ms, 0 refused, 3/3 workers finished
info  W385 percore  verbs  = alloc=19 map_a=14 map_b=12 write=32 alias_prop=12 unmap_b=2 probe=6 free=10 recycle=5 idle=80
info  W385 percore  op us   = n=112 min=7706 p50=165175 p90=392304 p99=662091 max=1048491  ⊘ a distribution, because one number is not a measurement
info  W385 percore  overlap = 169 pairs of RM-verb intervals from DIFFERENT threads intersected, over 112/112 spans
info  W385 percore  handles = 27 minted across 3 worker(s), each checked for collision against every other worker OF THE SAME CLIENT
info  W385 percore  pinning = mode percore — 3/3 workers accepted a mask; observed core sets {"0", "1", "2"}
FUZZ_ARM=percore verdict=PASS why=CLEAN threads=3 pin=percore cores=3 ops=192 engine_ops=46 alias_ops=12 overlap=169 viol=0 refused=0 pinned=3/3 finished=3/3

info  W385 ARM crowd-free = 9 threads across 2 client(s), placement unpinned, seeded jitter <= 200 us
IOCTL  23966663us req=0xc020462b len=32    rc=0   head=0xc1d0000b
IOCTL  23968818us req=0xc020462b len=32    rc=0   head=0xc1d0000b
IOCTL  23970282us req=0xc020462b len=32    rc=0   head=0xc1d0000c
IOCTL  23970329us req=0xc020462b len=32    rc=0   head=0xc1d0000b
IOCTL  23971684us req=0xc020462b len=32    rc=0   head=0xc1d0000b
IOCTL  24032443us req=0xc0404657 len=64    rc=0   head=0xc1d0000b
IOCTL  24033952us req=0xc020462b len=32    rc=0   head=0xc1d0000b
IOCTL  24089444us req=0xc0404657 len=64    rc=0   head=0xc1d0000b
IOCTL  24147766us req=0xc0404657 len=64    rc=0   head=0xc1d0000c
IOCTL  24157958us req=0xc020462b len=32    rc=0   head=0xc1d0000b
IOCTL  24243817us req=0xc0404657 len=64    rc=0   head=0xc1d0000b
IOCTL  24307007us req=0xc0404657 len=64    rc=0   head=0xc1d0000b
IOCTL  24315155us req=0xc020462b len=32    rc=0   head=0xc1d0000b
IOCTL  24331894us req=0xc020462b len=32    rc=0   head=0xc1d0000c
IOCTL  24358794us req=0xc020462b len=32    rc=0   head=0xc1d0000b
IOCTL  24362382us req=0xc020462b len=32    rc=0   head=0xc1d0000c
IOCTL  24431132us req=0xc0404657 len=64    rc=0   head=0xc1d0000c
IOCTL  24443599us req=0xc020462b len=32    rc=0   head=0xc1d0000c
IOCTL  24513525us req=0xc0404657 len=64    rc=0   head=0xc1d0000c
IOCTL  24521442us req=0xc020462b len=32    rc=0   head=0xc1d0000b
IOCTL  24529411us req=0xc020462b len=32    rc=0   head=0xc1d0000c
IOCTL  24565509us req=0xc020462b len=32    rc=0   head=0xc1d0000b
IOCTL  24649327us req=0xc0404657 len=64    rc=0   head=0xc1d0000b
IOCTL  24660146us req=0xc020462b len=32    rc=0   head=0xc1d0000c
IOCTL  24695565us req=0xc020462b len=32    rc=0   head=0xc1d0000b
IOCTL  24708280us req=0xc020462b len=32    rc=0   head=0xc1d0000b
IOCTL  24712942us req=0xc020462b len=32    rc=0   head=0xc1d0000b
IOCTL  24741894us req=0xc020462b len=32    rc=0   head=0xc1d0000c
IOCTL  24753484us req=0xc020462a len=32    rc=0   head=0xc1d0000b
IOCTL  24754228us req=0xc020462a len=32    rc=0   head=0xc1d0000c
IOCTL  24760216us req=0xc020462b len=32    rc=0   head=0xc1d0000c
IOCTL  24763584us req=0xc020462a len=32    rc=0   head=0xc1d0000b
IOCTL  24840177us req=0xc0404657 len=64    rc=0   head=0xc1d0000c
IOCTL  24925025us req=0xc020462b len=32    rc=0   head=0xc1d0000c
IOCTL  24940526us req=0xc020462b len=32    rc=0   head=0xc1d0000c
IOCTL  24941944us req=0xc020462a len=32    rc=0   head=0xc1d0000b
IOCTL  24942798us req=0xc038464e len=56    rc=0   head=0xc1d0000b
IOCTL  24943718us req=0xc020462a len=32    rc=0   head=0xc1d0000b
IOCTL  24975374us req=0xc020462b len=32    rc=0   head=0xc1d0000b
IOCTL  25033907us req=0xc020462b len=32    rc=0   head=0xc1d0000b
IOCTL  25035146us req=0xc020462a len=32    rc=0   head=0xc1d0000c
IOCTL  25069903us req=0xc020462b len=32    rc=0   head=0xc1d0000c
IOCTL  25083254us req=0xc020462a len=32    rc=0   head=0xc1d0000b
IOCTL  25086258us req=0xc020462a len=32    rc=0   head=0xc1d0000c
IOCTL  25162833us req=0xc020462a len=32    rc=0   head=0xc1d0000b
IOCTL  25174096us req=0xc020462a len=32    rc=0   head=0xc1d0000c
IOCTL  25163493us req=0xc020462b len=32    rc=0   head=0xc1d0000c
IOCTL  25163551us req=0xc020462a len=32    rc=0   head=0xc1d0000b
IOCTL  25164552us req=0xc020462a len=32    rc=0   head=0xc1d0000b
IOCTL  25170709us req=0xc020462a len=32    rc=0   head=0xc1d0000b
IOCTL  25173276us req=0xc020462a len=32    rc=0   head=0xc1d0000c
IOCTL  25173325us req=0xc020462a len=32    rc=0   head=0xc1d0000b
IOCTL  25162827us req=0xc038464e len=56    rc=0   head=0xc1d0000c
IOCTL  25362839us req=0xc038464e len=56    rc=0   head=0xc1d0000b
IOCTL  25363806us req=0xc020462a len=32    rc=0   head=0xc1d0000c
IOCTL  25431985us req=0xc038464e len=56    rc=0   head=0xc1d0000b
IOCTL  25432671us req=0xc038464e len=56    rc=0   head=0xc1d0000c
IOCTL  25442635us req=0xc020462a len=32    rc=0   head=0xc1d0000b
IOCTL  25462606us req=0xc020462b len=32    rc=0   head=0xc1d0000b
IOCTL  25463444us req=0xc020462a len=32    rc=0   head=0xc1d0000c
IOCTL  25464023us req=0xc020462a len=32    rc=0   head=0xc1d0000c
IOCTL  25464895us req=0xc020462a len=32    rc=0   head=0xc1d0000c
IOCTL  25465502us req=0xc038464e len=56    rc=0   head=0xc1d0000b
IOCTL  25466128us req=0xc020462a len=32    rc=0   head=0xc1d0000b
IOCTL  25466805us req=0xc020462a len=32    rc=0   head=0xc1d0000c
IOCTL  25467743us req=0xc020462a len=32    rc=0   head=0xc1d0000b
IOCTL  25468440us req=0xc020462b len=32    rc=0   head=0xc1d0000b
IOCTL  25574969us req=0xc038464e len=56    rc=0   head=0xc1d0000b
IOCTL  25617293us req=0xc038464e len=56    rc=0   head=0xc1d0000c
IOCTL  25617996us req=0xc020462b len=32    rc=0   head=0xc1d0000c
IOCTL  25618645us req=0xc020462b len=32    rc=0   head=0xc1d0000c
IOCTL  25619458us req=0xc020462a len=32    rc=0   head=0xc1d0000b
IOCTL  25665737us req=0xc038464e len=56    rc=0   head=0xc1d0000b
IOCTL  25709777us req=0xc038464e len=56    rc=0   head=0xc1d0000c
IOCTL  25710524us req=0xc020462b len=32    rc=0   head=0xc1d0000b
IOCTL  25804818us req=0xc038464e len=56    rc=0   head=0xc1d0000b
IOCTL  25805441us req=0xc038464e len=56    rc=0   head=0xc1d0000b
IOCTL  25806417us req=0xc020462a len=32    rc=0   head=0xc1d0000c
IOCTL  25858383us req=0xc038464e len=56    rc=0   head=0xc1d0000b
IOCTL  25906022us req=0xc038464e len=56    rc=0   head=0xc1d0000c
IOCTL  25907668us req=0xc020462a len=32    rc=0   head=0xc1d0000b
IOCTL  25908451us req=0xc020462b len=32    rc=0   head=0xc1d0000b
IOCTL  25909340us req=0xc020462a len=32    rc=0   head=0xc1d0000c
IOCTL  25909997us req=0xc020462b len=32    rc=0   head=0xc1d0000b
IOCTL  25911278us req=0xc038464e len=56    rc=0   head=0xc1d0000b
IOCTL  25911909us req=0xc020462b len=32    rc=0   head=0xc1d0000c
IOCTL  25919878us req=0xc038464e len=56    rc=0   head=0xc1d0000c
IOCTL  25927523us req=0xc020462b len=32    rc=0   head=0xc1d0000b
IOCTL  25988594us req=0xc038464e len=56    rc=0   head=0xc1d0000c
IOCTL  25989218us req=0xc038464e len=56    rc=0   head=0xc1d0000b
IOCTL  25992540us req=0xc038464e len=56    rc=0   head=0xc1d0000b
IOCTL  26018493us req=0xc020462b len=32    rc=0   head=0xc1d0000c
IOCTL  26068723us req=0xc038464e len=56    rc=0   head=0xc1d0000b
IOCTL  26166843us req=0xc0404657 len=64    rc=0   head=0xc1d0000b
IOCTL  26268538us req=0xc0104629 len=16    rc=0   head=0xc1d0000c
IOCTL  26319545us req=0xc038464e len=56    rc=0   head=0xc1d0000b
IOCTL  26331709us req=0xc038464e len=56    rc=0   head=0xc1d0000c
IOCTL  26332365us req=0xc038464e len=56    rc=0   head=0xc1d0000b
IOCTL  26415757us req=0xc0404657 len=64    rc=0   head=0xc1d0000b
IOCTL  26418553us req=0xc020462b len=32    rc=0   head=0xc1d0000b
IOCTL  26539414us req=0xc038464e len=56    rc=0   head=0xc1d0000b
IOCTL  26549964us req=0xc020462b len=32    rc=0   head=0xc1d0000b
IOCTL  26550426us req=0xc038464e len=56    rc=0   head=0xc1d0000b
IOCTL  26551440us req=0xc038464e len=56    rc=0   head=0xc1d0000c
IOCTL  26551729us req=0xc038464e len=56    rc=0   head=0xc1d0000c
IOCTL  26553725us req=0xc038464e len=56    rc=0   head=0xc1d0000b
IOCTL  26554188us req=0xc038464e len=56    rc=0   head=0xc1d0000b
IOCTL  26554956us req=0xc020462b len=32    rc=0   head=0xc1d0000c
IOCTL  26556421us req=0xc020462b len=32    rc=0   head=0xc1d0000b
IOCTL  26557116us req=0xc038464e len=56    rc=0   head=0xc1d0000c
[   37.554672] NVRM: dmaAllocMapping_GM107: can't alloc VA space for mapping.
IOCTL  26638547us req=0xc0404657 len=64    rc=0   head=0xc1d0000b
IOCTL  26649520us req=0xc020462b len=32    rc=0   head=0xc1d0000c
IOCTL  26738315us req=0xc0404657 len=64    rc=0   head=0xc1d0000b
IOCTL  26838549[   37.761745] NVRM: dmaAllocMapping_GM107: can't alloc VA space for mapping.
us req=0xc020462b len=32    rc=0   head=0xc1d0000b
IOCTL  26845555us req=0xc0404657 len=64    rc=0   head=0xc1d0000b
IOCTL  26863229us req=0xc038464e len=56    rc=0   head=0xc1d0000c
IOCTL  26872651us req=0xc038464e len=56    rc=0   head=0xc1d0000c
IOCTL  26864532us req=0xc038464e len=56    rc=0   head=0xc1d0000c
IOCTL  26933472us req=0xc0404657 len=64    rc=0   head=0xc1d0000b
IOCTL  27017082us req=0xc0404657 len=64    rc=0   head=0xc1d0000c
IOCTL  27018286us req=0xc038464e len=56    rc=0   head=0xc1d0000c
IOCTL  27020216us req=0xc0104629 len=16    rc=0[   37.987282] NVRM: dmaAllocMapping_GM107: can't alloc VA space for mapping.
   head=0xc1d0000b
IOCTL  27062850us req=0xc0104629 len=16    rc=0   head=0xc1d0000b
IOCTL  27070578us req=0xc0404657 len=64    rc=0   head=0xc1d0000b
kayfabe-isolate: DOORBELL-STORE #164 host_token=0x00000004 runlist=0 chid=4 → storing 32 bits at USERMODE_NOTIFY_CHANNEL_PENDING=0x90 in the mapped usermode window
IOCTL  27116696us req=0xc0104629 len=16    rc=0   head=0xc1d0000c
IOCTL  27137533us req=0xc020462b len=32    rc=0   head=0xc1d0000c
IOCTL  27120742us req=0xc020462b len=32    rc=0   head=0xc1d0000b
kayfabe-isolate: DOORBELL-STORE #164 host_token=0x00000004 ★★★ WROTE — the store instruction executed
IOCTL  27138193us req=0xc038464e len=56    rc=0   head=0xc1d0000c
IOCTL  27118572[   38.100136] NVRM: dmaAllocMapping_GM107: can't alloc VA space for mapping.
us req=0xc038464e len=56    rc=0   head=0xc1d0000c
IOCTL  27190532us req=[   38.114818] NVRM: dmaAllocMapping_GM107: can't alloc VA space for mapping.
0xc0404657 len=64    rc=0   head=0xc1d0000c
IOCTL  27139821us req=0xc0104629 len=16    rc=0   head=0xc1d0000b
IOCTL  27139872us req=0xc038464e len=56    rc=0   head=0xc1d0000b
IOCTL  27140705us req=0xc0104629 len=16    rc=0   head=0xc1d0000b
IOCTL  27138731us req=0xc038464e len=56    rc=0   head=0xc1d0000c
IOCTL  27268965us req=0xc0104629 len=16    rc=0   head=0xc1d0000c
IOCTL  27197904us req=0xc0404657 len=64    rc=0   head=0xc1d0000b
IOCTL  27198586us req=0xc020462b len=32    rc=0   head=0xc1d0000c
kayfabe-isolate: DOORBELL-STORE #166 host_token=0x0000000a runlist=0 chid=10 → storing 32 bits at USERMODE_NOTIFY_CHANNEL_PENDING=0x90 in the mapped usermode window
kayfabe-isolate: DOORBELL-STORE #166 host_token=0x0000000a ★★★ WROTE — the store instruction executed
IOCTL  27191687us req=0xc038464e len=56    rc=0   head=0xc1d0000b
IOCTL  27271433us req=0xc020462b len=32    rc=0   head=0xc1d0000b
IOCTL  27271859us req=0xc020462b len=32    rc=0   head=0xc1d0000b
kayfabe-isolate: DOORBELL-STORE #165 host_token=0x00000009 runlist=0 chid=9 → storing 32 bits at USERMODE_NOTIFY_CHANNEL_PENDING=0x90 in the mapped usermode window
kayfabe-isolate: DOORBELL-STORE #165 host_token=0x00000009 ★★★ WROTE — the store instruction executed
IOCTL  27344034us req=0xc0404657 len=64    rc=0   head=0xc1d0000c
IOCTL  27344942us req=0xc0104629 len=16    rc=0   head=0xc1d0000b
IOCTL  27246720us req=0xc0104629 len=16    rc=0   head=0xc1d0000c
IOCTL  27397400us req=0xc038464e len=56    rc=0   head=0xc1d0000c
kayfabe-isolate: DOORBELL-STORE #167 host_token=0x00000005 runlist=0 chid=5 → storing 32 bits at USERMODE_NOTIFY_CHANNEL_PENDING=0x90 in the mapped usermode window
kayfabe-isolate: DOORBELL-STORE #167 host_token=0x00000005 ★★★ WROTE — the store instruction executed
IOCTL  27425005us req=0xc020462b len=32    rc=0   head=0xc1d0000c
IOCTL  27425106us req=0xc038464e len=56    rc=0   head=0xc1d0000c
IOCTL  27470120us req=0xc038464e len=56    rc=0   head=0xc1d0000c
IOCTL  27494809us req=0xc0304658 len=48    rc=0   head=0xc1d0000b
IOCTL  27526521us req=0xc0304658 len=48    rc=0   head=0xc1d0000c
IOCTL  27576973us req=0xc038464e len=56    rc=0   head=0xc1d0000b
IOCTL  27636962us req=0xc038464e[   38.562547] NVRM: dmaAllocMapping_GM107: can't alloc VA space for mapping.
 len=56    rc=0   head=0xc1d0000b
IOCTL  27637579us req=0xc038464e len=56    rc=0   head=0xc1d0000b
IOCTL  27639239us req=0xc038464e len=56    rc=0   head=0xc1d0000b
IOCTL  27647314us req=0xc0404657 len=64    rc=0   head=0xc1d0000c
IOCTL  27648602us req=0xc038464e len=56    rc=0   head=0xc1d0000c
IOCTL  27649502us req=0xc020462b len=32    rc=0   head=0xc1d0000c
IOCTL  27692330us req=0xc0104629 len=16    rc=0   head=0xc1d0000c
IOCTL  27693708us req=0xc038464e len=56    rc=0   head=0xc1d0000b
IOCTL  27738728us req=0xc0104629 len=16    rc=0   head=0xc1d0000b
IOCTL  27741393us req=0xc0104629 len=16    rc=0   head=0xc1d0000c
IOCTL  27742194us req=0xc038464e len=56    rc=0   head=0xc1d0000b
IOCTL  27788464us req=0xc0104629 len=16    rc=0   head=0xc1d0000b
IOCTL  27812563us req=0xc0304658 len=48    rc=0   head=0xc1d0000b
IOCTL  27894772us req=0xc038464e len=56    rc=0   head=0xc1d0000c
IOCTL  27894810us req=0xc038464e len=56    rc=0   head=0xc1d0000c
IOCTL  27938000us req=0xc0104629 len=16    rc=0   head=0xc1d0000b
IOCTL  27938405us req=0xc038464e len=56    rc=0   head=0xc1d0000b
IOCTL  28014303us req=0xc0404657 len=64    rc=0   head=0xc1d0000b
IOCTL  28015552us req=0xc020462b len=32    rc=0   head=0xc1d0000b
IOCTL  28016591us req=0xc020462b len=32    rc=0   head=0xc1d0000c
IOCTL  28016595us req=0xc038464e len=56    rc=0   head=0xc1d0000b
IOCTL  28058807us req=0xc0104629 len=16    rc=0   head=0xc1d0000c
kayfabe-isolate: DOORBELL-STORE #168 host_token=0x00000005 runlist=0 chid=5 → storing 32 bits at USERMODE_NOTIFY_CHANNEL_PENDING=0x90 in the mapped usermode window
kayfabe-isolate: DOORBELL-STORE #168 host_token=0x00000005 ★★★ WROTE — the store instruction executed
IOCTL  28177277us req=0xc0404657 len=64    rc=0   head=0xc1d0000b
IOCTL  28220372us req=0xc0104629 len=16    rc=0   head=0xc1d0000b
IOCTL  28222510us req=0xc020462b len=32    rc=0   head=0xc1d0000c
IOCTL  28225584us req=0xc038464e len=56    rc=0   head=0xc1d0000b
IOCTL  28251539us req=0xc038464e len=56    rc=0   head=0xc1d0000b
IOCTL  28252509us req=0xc020462b len=32    rc=0   head=0xc1d0000b
IOCTL  28365790us req=0xc0404657 len=64    rc=0   head=0xc1d0000b
IOCTL  28366218us req=0xc038464e len=56    rc=0   head=0xc1d0000c
IOCTL  28388866us req=0xc0304658 len=48    rc=0   head=0xc1d0000b
IOCTL  28389129us req=0xc020462b len=32    rc=0   head=0xc1d0000c
IOCTL  28410467us req=0xc038464e len=56    rc=0   head=0xc1d0000c
IOCTL  28485450us req=0xc0404657 len=64    rc=0   head=0xc1d0000c
IOCTL  28494945us req=0xc020462b len=32    rc=0   head=0xc1d0000c
IOCTL  28495035us req=0xc038464e len=56    rc=0   head=0xc1d0000b
IOCTL  28516714us req=0xc0304658 len=[   39.442745] NVRM: dmaAllocMapping_GM107: can't alloc VA space for mapping.
48    rc=0   head=0xc1d0000c
IOCTL  28519761us req=0xc020462b len=32    rc=0   head=0xc1d0000b
IOCTL  28526971us req=0xc0404657 len=64    rc=0   head=0xc1d0000b
IOCTL  28532603us req=0xc0104629 len=16    rc=0   head=0xc1d0000c
IOCTL  28559645us req=0xc038464e len=56    rc=0   head=0xc1d0000c
IOCTL  28560353us req=0xc020462b len=32    rc=0   head=0xc1d0000b
IOCTL  28561128us req=0xc0104629 len=16    rc=0   head=0xc1d0000b
IOCTL  28679578us req=0xc0404657 len=64    rc=0   head=0xc1d0000b
kayfabe-isolate: DOORBELL-STORE #169 host_token=0x00000003 runlist=0 chid=3 → storing 32 bits at USERMODE_NOTIFY_CHANNEL_PENDING=0x90 in the mapped usermode window
kayfabe-isolate: DOORBELL-STORE #169 host_token=0x00000003 ★★★ WROTE — the store instruction executed
IOCTL  28774446us req=0xc020462b len=32    rc=0   head=0xc1d0000b
IOCTL  28775701us req=0xc038464e len=56    rc=0   head=0xc1d0000c
IOCTL  28848387us req=0xc0404657 len=64    rc=0   head=0xc1d0000b
IOCTL  28848978us req=0xc038464e len=56    rc=0   head=0xc1d0000b
IOCTL  28849769us req=0xc0104629 len=16    rc=0   head=0xc1d0000b
kayfabe-isolate: DOORBELL-STORE #170 host_token=0x00000003 runlist=0 chid=3 → storing 32 bits at USERMODE_NOTIFY_CHANNEL_PENDING=0x90 in the mapped usermode window
kayfabe-isolate: DOORBELL-STORE #170 host_token=0x00000003 ★★★ WROTE — the store instruction executed
IOCTL  28882174us req=0xc0304658 len=48    rc=0   head=0xc1d0000b
IOCTL  28902660us req=0xc020462b len=32    rc=0   head=0xc1d0000b
IOCTL  28903895us req=0xc020462b len=32    rc=0   head=0xc1d0000c
IOCTL  28904497us req=0xc038464e len=56    rc=0   head=0xc1d0000b
kayfabe-isolate: DOORBELL-STORE #171 host_token=0x00000003 runlist=0 chid=3 → storing 32 bits at USERMODE_NOTIFY_CHANNEL_PENDING=0x90 in the mapped usermode window
kayfabe-isolate: DOORBELL-STORE #171 host_token=0x00000003 ★★★ WROTE — the store instruction executed
IOCTL  28964434us req=0xc038464e len=56    rc=0   head=0xc1d0000c
IOCTL  28969888us req=0xc038464e len=56    rc=0   head=0xc1d0000b
kayfabe-isolate: DOORBELL-STORE #172 host_token=0x00000003 runlist=0 chid=3 → storing 32 bits at USERMODE_NOTIFY_CHANNEL_PENDING=0x90 in the mapped usermode window
kayfabe-isolate: DOORBELL-STORE #172 host_token=0x00000003 ★★★ WROTE — the store instruction executed
IOCTL  29023718us req=0xc038464e len=56    rc=0   head=0xc1d0000b
IOCTL  29024373us req=0xc038464e len=56    rc=0   head=0xc1d0000b
IOCTL  29025037us req=0xc038464e len=56    rc=0   head=0xc1d0000c
IOCTL  29155131us req=0xc0404657 len=64    rc=0   head=0xc1d0000c
IOCTL  29165230us req=0xc038464e len=56    rc=0   head=0xc1d0000b
IOCTL  29165855us req=0xc020462b len=32    rc=0   head=0xc1d0000c
[   40.140832] NVRM: dmaAllocMapping_GM107: can't alloc VA space for mapping.
IOCTL  29223546us req=0xc0404657 len=64    rc=0   head=0xc1d0000c
IOCTL  29233438us req=0xc038464e len=56    rc=0   head=0xc1d0000c
IOCTL  29235711us req=0xc038464e len=56    rc=0   head=0xc1d0000b
IOCTL  29236618us req=0xc0104629 len=16    rc=0   head=0xc1d0000b
IOCTL  29237848us req=0xc038464e len=56    rc=0   head=0xc1d0000b
IOCTL  29238616us req=0xc038464e len=56    rc=0   head=0xc1d0000c
IOCTL  29240009us req=0xc038464e len=56    rc=0   head=0xc1d0000b
IOCTL  29240551us req=0xc038464e len=56    rc=0   head=0xc1d0000c
IOCTL  29241331us req=0xc0104629 len=16    rc=0   head=0xc1d0000c
IOCTL  29241869us req=0xc038464e len=56    rc=0   head=0xc1d0000b
IOCTL  29253898us req=0xc020462b len=32    rc=0   head=0xc1d0000b
IOCTL  29254668us req=0xc020462b len=32    rc=0   head=0xc1d0000c
kayfabe-isolate: DOORBELL-STORE #173 host_token=0x00000003 runlist=0 chid=3 → storing 32 bits at USERMODE_NOTIFY_CHANNEL_PENDING=0x90 in the mapped usermode window
kayfabe-isolate: DOORBELL-STORE #173 host_token=0x00000003 ★★★ WROTE — the store instruction executed
IOCTL  29271670us req=0xc020462b len=32    rc=0   head=0xc1d0000b
IOCTL  29280810us req=0xc038464e len=56    rc=0   head=0xc1d0000c
IOCTL  29290182us req=0xc020462b len=32    rc=0   head=0xc1d0000b
IOCTL  29299690us req=0xc020462b len=32    rc=0   head=0xc1d0000c
IOCTL  29387548us req=0xc0404657 len=64    rc=0   head=0xc1d0000c
kayfabe-isolate: DOORBELL-STORE #174 host_token=0x00000007 runlist=0 chid=7 → storing 32 bits at USERMODE_NOTIFY_CHANNEL_PENDING=0x90 in the mapped usermode window
kayfabe-isolate: DOORBELL-STORE #174 host_token=0x00000007 ★★★ WROTE — the store instruction executed
IOCTL  29529173us req=0xc038464e len=56    rc=0   head=0xc1d0000b
IOCTL  29533040us req=0xc038464e len=56    rc=0   head=0xc1d0000c
IOCTL  29533758us req=0xc038464e len=56    rc=0   head=0xc1d0000b
kayfabe-isolate: DOORBELL-STORE #175 host_token=0x00000003 runlist=0 chid=3 → storing 32 bits at USERMODE_NOTIFY_CHANNEL_PENDING=0x90 in the mapped usermode window
kayfabe-isolate: DOORBELL-STORE #175 host_token=0x00000003 ★★★ WROTE — the store instruction executed
IOCTL  29599011us req=0xc038464e len=56    rc=0   head=0xc1d0000b
IOCTL  29608809us req=0xc020462b len=32    rc=0   head=0xc1d0000c
IOCTL  29661663us req=0xc038464e len=56    rc=0   head=0xc1d0000b
IOCTL  29727137us req=0xc038464e len=56    rc=0   head=0xc1d0000c
IOCTL  29728041us req=0xc038464e len=56    rc=0   head=0xc1d0000c
IOCTL  29729127us req=0xc038464e len=56    rc=0   head=0xc1d0000b
IOCTL  29730844us req=0xc038464e len=56    rc=0   head=0xc1d0000c
IOCTL  29732607us req=0xc038464e len=56    rc=0   head=0xc1d0000b
IOCTL  29734294us req=0xc038464e len=56    rc=0   head=0xc1d0000b
IOCTL  29735852us req=0xc038464e len=56    rc=0   head=0xc1d0000b
kayfabe-isolate: DOORBELL-STORE #176 host_token=0x00000007 runlist=0 chid=7 → storing 32 bits at USERMODE_NOTIFY_CHANNEL_PENDING=0x90 in the mapped usermode window
kayfabe-isolate: DOORBELL-STORE #176 host_token=0x00000007 ★★★ WROTE — the store instruction executed
kayfabe-isolate: DOORBELL-STORE #177 host_token=0x00000003 runlist=0 chid=3 → storing 32 bits at USERMODE_NOTIFY_CHANNEL_PENDING=0x90 in the mapped usermode window
kayfabe-isolate: DOORBELL-STORE #177 host_token=0x00000003 ★★★ WROTE — the store instruction executed
IOCTL  29796180us req=0xc038464e len=56    rc=0   head=0xc1d0000c
IOCTL  29796861us req=0xc020462b len=32    rc=0   head=0xc1d0000b
IOCTL  29799184us req=0xc038464e len=56    rc=0   head=0xc1d0000b
IOCTL  29799820us req=0xc020462b len=32    rc=0   head=0xc1d0000b
IOCTL  29800525us req=0xc020462b len=32    rc=0   head=0xc1d0000b
IOCTL  29801656us req=0xc038464e len=56    rc=0   head=0xc1d0000c
kayfabe-isolate: DOORBELL-STORE #178 host_token=0x00000005 runlist=0 chid=5 → storing 32 bits at USERMODE_NOTIFY_CHANNEL_PENDING=0x90 in the mapped usermode window
IOCTL  29893680us req=0xc0404657 len=64    rc=0   head=0xc1d0000c
IOCTL  29894883us req=0xc038464e len=56    rc=0   head=0xc1d0000c
kayfabe-isolate: DOORBELL-STORE #178 host_token=0x00000005 ★★★ WROTE — the store instruction executed
kayfabe-isolate: DOORBELL-STORE #179 host_token=0x00000007 runlist=0 chid=7 → storing 32 bits at USERMODE_NOTIFY_CHANNEL_PENDING=0x90 in the mapped usermode window
kayfabe-isolate: DOORBELL-STORE #179 host_token=0x00000007 ★★★ WROTE — the store instruction executed
IOCTL  29952454us req=0xc020462b len=32    rc=0   head=0xc1d0000c
IOCTL  29956707us req=0xc038464e len=56    rc=0   head=0xc1d0000b
IOCTL  30024302us req=0xc038464e len=56    rc=0   head=0xc1d0000b
IOCTL  30024850us req=0xc038464e len=56    rc=0   head=0xc1d0000b
kayfabe-isolate: DOORBELL-STORE #180 host_token=0x00000003 runlist=0 chid=3 → storing 32 bits at USERMODE_NOTIFY_CHANNEL_PENDING=0x90 in the mapped usermode window
kayfabe-isolate: DOORBELL-STORE #180 host_token=0x00000003 ★★★ WROTE — the store instruction executed
IOCTL  30087974us req=0xc038464e len=56    rc=0   head=0xc1d0000b
IOCTL  30157447us req=0xc020462b len=32    rc=0   head=0xc1d0000c
IOCTL  30160762us req=0xc038464e len=56    rc=0   head=0xc1d0000b
IOCTL  30161434us req=0xc038464e len=56    rc=0   head=0xc1d0000b
IOCTL  30188487us req=0xc038464e len=56    rc=0   head=0xc1d0000c
IOCTL  30162692us req=0xc038464e len=56    rc=0   head=0xc1d0000c
kayfabe-isolate: DOORBELL-STORE #181 host_token=0x00000007 runlist=0 chid=7 → storing 32 bits at USERMODE_NOTIFY_CHANNEL_PENDING=0x90 in the mapped usermode window
IOCTL  30189583us req=0xc038464e len=56    rc=0   head=0xc1d0000b
kayfabe-isolate: DOORBELL-STORE #181 host_token=0x00000007 ★★★ WROTE — the store instruction executed
IOCTL  30252007us req=0xc020462b len=32    rc=0   head=0xc1d0000b
IOCTL  30262354[   41.186541] NVRM: dmaAllocMapping_GM107: can't alloc VA space for mapping.
us req=0xc038464e len=56    rc=0   head=0xc1d0000b
IOCTL  30263576us req=0xc038464e len=56    rc=0   head=0xc1d0000b
IOCTL  30268766us req=0xc0404657 len=64    rc=0   head=0xc1d0000c
IOCTL  30269350us req=0xc038464e len=56    rc=0   head=0xc1d0000b
IOCTL  30269970us req=0xc020462b len=32    rc=0   head=0xc1d0000c
kayfabe-isolate: DOORBELL-STORE #182 host_token=0x00000003 runlist=0 chid=3 → storing 32 bits at USERMODE_NOTIFY_CHANNEL_PENDING=0x90 in the mapped usermode window
kayfabe-isolate: DOORBELL-STORE #182 host_token=0x00000003 ★★★ WROTE — the store instruction executed
IOCTL  30357149us req=0xc0404657 len=64    rc=0   head=0xc1d0000b
IOCTL  30368245us req=0xc020462b len=32    rc=0   head=0xc1d0000b
[   41.301223] NVRM: dmaAllocMapping_GM107: can't alloc VA space for mapping.
IOCTL  30369693us req=0xc038464e len=56    rc=0   head=0xc1d0000b
IOCTL  30370357us req=0xc038464e len=56    rc=0   head=0xc1d0000c
kayfabe-isolate: DOORBELL-STORE #183 host_token=0x00000003 runlist=0 chid=3 → storing 32 bits at USERMODE_NOTIFY_CHANNEL_PENDING=0x90 in the mapped usermode window
kayfabe-isolate: DOORBELL-STORE #183 host_token=0x00000003 ★★★ WROTE — the store instruction executed
IOCTL  30370877us req=0xc038464e len=56    rc=0   head=0xc1d0000c
IOCTL  30383315us req=0xc0404657 len=64    rc=0   head=0xc1d0000b
IOCTL  30479381us req=0xc0304658 len=48    rc=0   head=0xc1d0000b
IOCTL  30479962us req=0xc038464e len=56    rc=0   head=0xc1d0000b
IOCTL  30481901us req=0xc020462b len=32    rc=0   head=0xc1d0000b
IOCTL  30508692us req=0xc038464e len=56    rc=0   head=0xc1d0000b
kayfabe-isolate: DOORBELL-STORE #184 host_token=0x00000003 runlist=0 chid=3 → storing 32 bits at USERMODE_NOTIFY_CHANNEL_PENDING=0x90 in the mapped usermode window
kayfabe-isolate: DOORBELL-STORE #184 host_token=0x00000003 ★★★ WROTE — the store instruction executed
IOCTL  30574393us req=0xc038464e len=56    rc=0   head=0xc1d0000c
IOCTL  30575795us req=0xc038464e len=56    rc=0   head=0xc1d0000c
IOCTL  30577187us req=0xc038464e len=56    rc=0   head=0xc1d0000c
IOCTL  30577978us req=0xc0104629 len=16    rc=0   head=0xc1d0000b
IOCTL  30578861us req=0xc0104629 len=16    rc=0   head=0xc1d0000c
kayfabe-isolate: DOORBELL-STORE #185 host_token=0x00000007 runlist=0 chid=7 → storing 32 bits at USERMODE_NOTIFY_CHANNEL_PENDING=0x90 in the mapped usermode window
kayfabe-isolate: DOORBELL-STORE #185 host_token=0x00000007 ★★★ WROTE — the store instruction executed
IOCTL  30616228us req=0xc0304658 len=48    rc=0   head=0xc1d0000b
IOCTL  30674470us req=0xc038464e len=56    rc=0   head=0xc1d0000b
IOCTL  30687123us req=0xc038464e len=56    rc=0   head=0xc1d0000b
kayfabe-isolate: DOORBELL-STORE #186 host_token=0x00000003 runlist=0 chid=3 → storing 32 bits at USERMODE_NOTIFY_CHANNEL_PENDING=0x90 in the mapped usermode window
IOCTL  30687841us req=0xc038464e len=56    rc=0   head=0xc1d0000b
kayfabe-isolate: DOORBELL-STORE #186 host_token=0x00000003 ★★★ WROTE — the store instruction executed
IOCTL  30769441us req=0xc0404657 len=64    rc=0   head=0xc1d0000c
IOCTL  30779941us req=0xc020462b len=32    rc=0   head=0xc1d0000c
IOCTL  30788870us req=0xc038464e len=56    rc=0   head=0xc1d0000b
kayfabe-isolate: DOORBELL-STORE #187 host_token=0x00000003 runlist=0 chid=3 → storing 32 bits at USERMODE_NOTIFY_CHANNEL_PENDING=0x90 in the mapped usermode window
kayfabe-isolate: DOORBELL-STORE #187 host_token=0x00000003 ★★★ WROTE — the store instruction executed
IOCTL  30866732us req=0xc0404657 len=64    rc=0   head=0xc1d0000b
IOCTL  30948485us req=0xc0404657 len=64    rc=0   head=0xc1d0000c
IOCTL  30949129us req=0xc020462b len=32    rc=0   head=0xc1d0000b
IOCTL [   41.892650] NVRM: dmaAllocMapping_GM107: can't alloc VA space for mapping.
 30959880us req=0xc020462b len=32    rc=0   head=0xc1d0000c
IOCTL  30975234us req=0xc0404657 len=64    rc=0   head=0xc1d0000b
IOCTL  31049396us req=0xc0104629 len=16    rc=0   head=0xc1d0000b
IOCTL  31049401us req=0xc038464e len=56    rc=0   head=0xc1d0000b
IOCTL  31137880us req=0xc0404657 len=64    rc=0   head=0xc1d0000b
IOCTL  31138905us req=0xc038464e len=56    rc=0   head=0xc1d0000c
IOCTL  31149560us req=0xc020462b len=32    rc=0   head=0xc1d0000b
IOCTL  31238974us req=0xc0404657 len=64    rc=0   head=0xc1d0000c
[   42.171721] NVRM: dmaAllocMapping_GM107: can't alloc VA space for mapping.
IOCTL  31256629[   42.181270] NVRM: dmaAllocMapping_GM107: can't alloc VA space for mapping.
us req=0xc0404657 len=64    rc=0   head=0xc1d0000c
IOCTL  31257008us req=0xc020462b len=32    rc=0   head=0xc1d0000c
IOCTL  31258384us req=0xc038464e len=56    rc=0   head=0xc1d0000b
IOCTL  31264720us req=0xc0404657 len=64    rc=0   head=0xc1d0000c
IOCTL  31265585us req=0xc038464e len=56    rc=0   head=0xc1d0000c
IOCTL  31266682us req=0xc0104629 len=16    rc=0   head=0xc1d0000b
kayfabe-isolate: DOORBELL-STORE #188 host_token=0x00000007 runlist=0 chid=7 → storing 32 bits at USERMODE_NOTIFY_CHANNEL_PENDING=0x90 in the mapped usermode window
kayfabe-isolate: DOORBELL-STORE #188 host_token=0x00000007 ★★★ WROTE — the store instruction executed
IOCTL [   42.273152] NVRM: dmaAllocMapping_GM107: can't alloc VA space for mapping.
 31350006us req=0xc0404657 len=64    rc=0   head=0xc1d0000b
IOCTL  31350042us req=0xc038464e len=56    rc=0   head=0xc1d0000b
IOCTL  31355500us req=0xc0404657 len=64    rc=0   head=0xc1d0000b
IOCTL [   42.305024] NVRM: dmaAllocMapping_GM107: can't alloc VA space for mapping.
 31381823us req=0xc0104629 len=16    rc=0   head=0xc1d0000c
IOCTL  31387226us req=0xc0404657 len=64    rc=0   head=0xc1d0000c
IOCTL  31476335us req=0xc0404657 len=64    rc=0   head=0xc1d0000b
IOCTL  31572567us req=0xc0404657 len=64    rc=0   head=0xc1d0000c
IOCTL  31660180us req=0xc0404657 len=64    rc=0   head=0xc1d0000b
IOCTL  31661660us req=0xc038464e len=56    rc=0   head=0xc1d0000c
IOCTL  31662500us req=0xc0104629 len=16    rc=0   head=0xc1d0000c
IOCTL  31670588us req=0xc020462b len=32    rc=0   head=0xc1d0000b
kayfabe-isolate: DOORBELL-STORE #189 host_token=0x00000007 runlist=0 chid=7 → storing 32 bits at USERMODE_NOTIFY_CHANNEL_PENDING=0x90 in the mapped usermode window
kayfabe-isolate: DOORBELL-STORE #189 host_token=0x00000007 ★★★ WROTE — the store instruction executed
IOCTL  31728294us req=0xc020462b len=32    rc=0   head=0xc1d0000b
IOCTL  31729016us req=0xc020462b len=32    rc=0   head=0xc1d0000b
IOCTL  31729952us req=0xc0104629 len=16    rc=0   head=0xc1d0000c
IOCTL  31730699us req=0xc038464e len=56    rc=0   head=0xc1d0000b
IOCTL  31731467us req=0xc020462b len=32    rc=0   head=0xc1d0000c
kayfabe-isolate: DOORBELL-STORE #190 host_token=0x0000000a runlist=0 chid=10 → storing 32 bits at USERMODE_NOTIFY_CHANNEL_PENDING=0x90 in the mapped usermode window
kayfabe-isolate: DOORBELL-STORE #190 host_token=0x0000000a ★★★ WROTE — the store instruction executed
IOCTL  31825791us req=0xc0404657 len=64    rc=0   head=0xc1d0000c
IOCTL [   42.840849] NVRM: dmaAllocMapping_GM107: can't alloc VA space for mapping.
 31917632us req=0xc0404657 len=64[   42.854544] NVRM: dmaAllocMapping_GM107: can't alloc VA space for mapping.
    rc=0   head=0xc1d0000b
IOCTL  31928837us req=0xc0404657 len=64    rc=0   head=0xc1d0000b
IOCTL  31930456us req=0xc038464e len=56    rc=0   head=0xc1d0000c
IOCTL  31931377us req=0xc0104629 len=16    rc=0   head=0xc1d0000b
IOCTL  31940421us req=0xc0404657 len=64    rc=0   head=0xc1d0000b
kayfabe-isolate: DOORBELL-STORE #191 host_token=0x00000009 runlist=0 chid=9 → storing 32 bits at USERMODE_NOTIFY_CHANNEL_PENDING=0x90 in the mapped usermode window
kayfabe-isolate: DOORBELL-STORE #191 host_token=0x00000009 ★★★ WROTE — the store instruction executed
[   42.954363] NVRM: dmaAllocMapping_GM107: can't alloc VA space for mapping.
IOCTL  32036233us req=0xc0404657 len=64    rc=0   head=0xc1d0000b
IOCTL  32036366us req=0xc0404657 len=64    rc=0   head=0xc1d0000c
IOCTL  32144403us req=0xc0404657 len=64    rc=0   head=0xc1d0000c
IOCTL  32145398us req=0xc0104629 len=16    rc=0   head=0xc1d0000b
kayfabe-isolate: DOORBELL-STORE #192 host_token=0x00000004 runlist=0 chid=4 → storing 32 bits at USERMODE_NOTIFY_CHANNEL_PENDING=0x90 in the mapped usermode window
kayfabe-isolate: DOORBELL-STORE #192 host_token=0x00000004 ★★★ WROTE — the store instruction executed
IOCTL  32174139us req=0xc0304658 len=48    rc=0   head=0xc1d0000b
IOCTL  32177605us req=0xc038464e len=56    rc=0   head=0xc1d0000b
IOCTL  32193377us req=0xc020462b len=32    rc=0   head=0xc1d0000c
kayfabe-isolate: DOORBELL-STORE #193 host_token=0x00000009 runlist=0 chid=9 → storing 32 bits at USERMODE_NOTIFY_CHANNEL_PENDING=0x90 in the mapped usermode window
kayfabe-isolate: DOORBELL-STORE #193 host_token=0x00000009 ★★★ WROTE — the store instruction executed
IOCTL  32195421us req=0xc020462b len=32    rc=0   head=0xc1d0000b
IOCTL [   43.155908] NVRM: dmaAllocMapping_GM107: can't alloc VA space for mapping.
 32195900us req=0xc038464e len=56    rc=0   head=0xc1d0000b
IOCTL [   43.168864] NVRM: dmaAllocMapping_GM107: can't alloc VA space for mapping.
 32245808us req=0xc0404657 len=64    rc=0   head=0xc1d0000c
IOCTL  32197531us req=0xc0104629 len=16    rc=0   head=0xc1d0000c
IOCTL  32198411us req=0xc038464e len=56    rc=0   head=0xc1d0000c
IOCTL  32199150us req=0xc0104629 len=16    rc=0   head=0xc1d0000b
IOCTL  32194201us req=0xc038464e len=56    rc=0   head=0xc1d0000c
kayfabe-isolate: DOORBELL-STORE #194 host_token=0x00000004 runlist=0 chid=4 → storing 32 bits at USERMODE_NOTIFY_CHANNEL_PENDING=0x90 in the mapped usermode window
kayfabe-isolate: DOORBELL-STORE #194 host_token=0x00000004 ★★★ WROTE — the store instruction executed
IOCTL  32251521us req=0xc0404657 len=64    rc=0   head=0xc1d0000b
IOCTL  32252690us req=0xc038464e len=56    rc=0   head=0xc1d0000b
kayfabe-isolate: DOORBELL-STORE #195 host_token=0x00000007 runlist=0 chid=7 → storing 32 bits at USERMODE_NOTIFY_CHANNEL_PENDING=0x90 in the mapped usermode window
kayfabe-isolate: DOORBELL-STORE #195 host_token=0x00000007 ★★★ WROTE — the store instruction executed
IOCTL  32290243us req=0xc0104629 len=16    rc=0   head=0xc1d0000c
IOCTL  32196670us req=0xc0104629 len=16    rc=0   head=0xc1d0000b
kayfabe-isolate: DOORBELL-STORE #196 host_token=0x0000000a runlist=0 chid=10 → storing 32 bits at USERMODE_NOTIFY_CHANNEL_PENDING=0x90 in the mapped usermode window
kayfabe-isolate: DOORBELL-STORE #197 host_token=0x00000006 runlist=0 chid=6 → storing 32 bits at USERMODE_NOTIFY_CHANNEL_PENDING=0x90 in the mapped usermode window
kayfabe-isolate: DOORBELL-STORE #198 host_token=0x00000008 runlist=0 chid=8 → storing 32 bits at USERMODE_NOTIFY_CHANNEL_PENDING=0x90 in the mapped usermode window
kayfabe-isolate: DOORBELL-STORE #197 host_token=0x00000006 ★★★ WROTE — the store instruction executed
kayfabe-isolate: DOORBELL-STORE #196 host_token=0x0000000a ★★★ WROTE — the store instruction executed
kayfabe-isolate: DOORBELL-STORE #198 host_token=0x00000008 ★★★ WROTE — the store instruction executed
IOCTL  32493821us req=0xc0404657 len=64    rc=0   head=0xc1d0000c
IOCTL  32494642us req=0xc020462b len=32    rc=0   head=0xc1d0000b
IOCTL  32496107us req=0xc0104629 len=16    rc=0   head=0xc1d0000b
IOCTL  32496683us req=0xc038464e len=56    rc=0   head=0xc1d0000b
IOCTL  32498006us req=0xc038464e len=56    rc=0   head=0xc1d0000c
IOCTL  32499200us req=0xc038464e len=56    rc=0   head=0xc1d0000c
IOCTL  32500396us req=0xc038464e len=56    rc=0   head=0xc1d0000b
IOCTL  32501520us req=0xc038464e len=56    rc=0   head=0xc1d0000c
kayfabe-isolate: DOORBELL-STORE #199 host_token=0x00000007 runlist=0 chid=7 → storing 32 bits at USERMODE_NOTIFY_CHANNEL_PENDING=0x90 in the mapped usermode window
kayfabe-isolate: DOORBELL-STORE #199 host_token=0x00000007 ★★★ WROTE — the store instruction executed
IOCTL  32629543us req=0xc0404657 len=64    rc=0   head=0xc1d0000b
IOCTL  32721824us req=0xc020462b len=32    rc=0   head=0xc1d0000b
IOCTL  32734152us req=0xc0404657 len=64    rc=0   head=0xc1d0000b
[   43.676879] NVRM: dmaAllocMapping_GM107: can't alloc VA space for mapping.
IOCTL  32756086us req=0xc0304658 len=48    rc=0   head=0xc1d0000b
IOCTL  32759347us req=0xc0404657 len=64    rc=0   head=0xc1d0000b
IOCTL  32855994us req=0xc0404657 len=64    rc=0   head=0xc1d0000b
IOCTL  32954172us req=0xc0404657 len=64    rc=0   head=0xc1d0000c
IOCTL  33042326us req=0xc0404657 len=64    rc=0   head=0xc1d0000c
IOCTL  33136427us req=0xc0404657 len=64    rc=0   head=0xc1d0000b
IOCTL  33224769us req=0xc0404657 len=64    rc=0   head=0xc1d0000c
IOCTL  33316145us req=0xc0404657 len=64    rc=0   head=0xc1d0000b
IOCTL  33317445us req=0xc038464e len=56    rc=0   head=0xc1d0000c
kayfabe-isolate: DOORBELL-STORE #200 host_token=0x00000007 runlist=0 chid=7 → storing 32 bits at USERMODE_NOTIFY_CHANNEL_PENDING=0x90 in the mapped usermode window
kayfabe-isolate: DOORBELL-STORE #200 host_token=0x00000007 ★★★ WROTE — the store instruction executed
IOCTL  33355019us req=0xc0304658 len=48    rc=0   head=0xc1d0000b
IOCTL  33418735us req=0xc0304658 len=48    rc=0   head=0xc1d0000b
IOCTL  33419451us req=0xc020462b len=32    rc=0   head=0xc1d0000b
IOCTL  33420248us req=0xc0104629 len=16    rc=0   head=0xc1d0000b
IOCTL  33420853us req=0xc020462b len=32    rc=0   head=0xc1d0000b
IOCTL  33421722us req=0xc020462b len=32    rc=0   head=0xc1d0000c
kayfabe-isolate: DOORBELL-STORE #201 host_token=0x00000009 runlist=0 chid=9 → storing 32 bits at USERMODE_NOTIFY_CHANNEL_PENDING=0x90 in the mapped usermode window
kayfabe-isolate: DOORBELL-STORE #201 host_token=[   44.439328] NVRM: dmaAllocMapping_GM107: can't alloc VA space for mapping.
0x00000009 ★★★ WROTE — the store instruction executed
IOCTL  33516343us req=0xc0404657 len=64    rc=0   head=0xc1d0000c
IOCTL  33521813us req=0xc0404657 len=64    rc=0   head=0xc1d0000c
IOCTL  33522424us req=0xc020462b len=32    rc=0   head=0xc1d0000c
IOCTL  33523569us req=0xc038464e len=56    rc=0   head=0xc1d0000c
IOCTL  33573645us req=0xc0104629 len=16    rc=0   head=0xc1d0000b
kayfabe-isolate: DOORBELL-STORE #202 host_token=0x00000007 runlist=0 chid=7 → storing 32 bits at USERMODE_NOTIFY_CHANNEL_PENDING=0x90 in the mapped usermode window
IOCTL  33600992us req=0xc0104629 len=16    rc=0   head=0xc1d0000b
kayfabe-isolate: DOORBELL-STORE #202 host_token=0x00000007 ★★★ WROTE — the store instruction executed
IOCTL  33699172us req=0xc0404657 len=64    rc=0   head=0xc1d0000b
IOCTL  33798613us req=0xc0404657 len=64    rc=0   head=0xc1d0000b
[   44.731086] NVRM: dmaAllocMapping_GM107: can't alloc VA space for mapping.
IOCTL  33815874us req=0xc0404657 len=64    rc=0   head=0xc1d0000b
IOCTL [   44.771050] NVRM: dmaAllocMapping_GM107: can't alloc VA space for mapping.
 33847812us req=0xc0304658 len=48    rc=0   head=0xc1d0000c
IOCTL  33853392us req=0xc0404657 len=64    rc=0   head=0xc1d0000c
IOCTL  33871778us req=0xc038464e len=56    rc=0   head=0xc1d0000b
IOCTL  33873140us req=0xc0104629 len=16    rc=0   head=0xc1d0000c
IOCTL  33873258us req=0xc038464e len=56    rc=0   head=0xc1d0000b
IOCTL  33874524us req=0xc038464e len=56    rc=0   head=0xc1d0000c
kayfabe-isolate: DOORBELL-STORE #203 host_token=0x0000000b runlist=0 chid=11 → storing 32 bits at USERMODE_NOTIFY_CHANNEL_PENDING=0x90 in the mapped usermode window
kayfabe-isolate: DOORBELL-STORE #203 host_token=0x0000000b ★★★ WROTE — the store instruction executed
IOCTL  33904420us req=0xc020462b len=32    rc=0   head=0xc1d0000b
kayfabe-isolate: DOORBELL-STORE #204 host_token=0x00000007 runlist=0 chid=7 → storing 32 bits at USERMODE_NOTIFY_CHANNEL_PENDING=0x90 in the mapped usermode window
kayfabe-isolate: DOORBELL-STORE #204 host_token=0x00000007 ★★★ WROTE — the store instruction executed
IOCTL  33903252us req=0xc0304658 len=48    rc=0   head=0xc1d0000b
IOCTL  34057578us req=0xc0404657 len=64   [   44.984497] NVRM: dmaAllocMapping_GM107: can't alloc VA space for mapping.
 rc=0   head=0xc1d0000b
kayfabe-isolate: DOORBELL-STORE #205 host_token=0x00000009 runlist=0 chid=9 → storing 32 bits at USERMODE_NOTIFY_CHANNEL_PENDING=0x90 in the mapped usermode window
kayfabe-isolate: DOORBELL-STORE #205 host_token=0x00000009 ★★★ WROTE — the store instruction executed
IOCTL  34060605us req=0xc0104629 len=16    rc=0   head=0xc1d0000c
IOCTL  34061373us req=0xc0104629 len=16    rc=0   head=0xc1d0000b
IOCTL  34070667us req=0xc0404657 len=64    rc=0   head=0xc1d0000b
IOCTL  34071873us req=0xc0104629 len=16    rc=0   head=0xc1d0000b
IOCTL  34074344us req=0xc038464e len=56    rc=0   head=0xc1d0000c
IOCTL  34058451us req=0xc020462b len=32    rc=0   head=0xc1d0000c
IOCTL  34076651us req=0xc038464e len=56    rc=0   head=0xc1d0000c
IOCTL  34059566us req=0xc020462b len=32    rc=0   head=0xc1d0000b
IOCTL  34113967us req=0xc038464e len=56    rc=0   head=0xc1d0000b
kayfabe-isolate: DOORBELL-STORE #206 host_token=0x0000000a runlist=0 chid=10 → storing 32 bits at USERMODE_NOTIFY_CHANNEL_PENDING=0x90 in the mapped usermode window
kayfabe-isolate: DOORBELL-STORE #206 host_token=0x0000000a ★★★ WROTE — the store instruction executed
IOCTL  34152346us req=0xc0104629 len=16    rc=0   head=0xc1d0000b
kayfabe-isolate: DOORBELL-STORE #208 host_token=0x00000008 runlist=0 chid=8 → storing 32 bits at USERMODE_NOTIFY_CHANNEL_PENDING=0x90 in the mapped usermode window
kayfabe-isolate: DOORBELL-STORE #209 host_token=0x00000007 runlist=0 chid=7 → storing 32 bits at USERMODE_NOTIFY_CHANNEL_PENDING=0x90 in the mapped usermode window
kayfabe-isolate: DOORBELL-STORE #209 host_token=0x00000007 ★★★ WROTE — the store instruction executed
IOCTL  34301799us req=0xc0404657 len=64    rc=0   head=0xc1d0000c
kayfabe-isolate: DOORBELL-STORE #210 host_token=0x00000009 runlist=0 chid=9 → storing 32 bits at USERMODE_NOTIFY_CHANNEL_PENDING=0x90 in the mapped usermode window
kayfabe-isolate: DOORBELL-STORE #207 host_token=0x00000004 runlist=0 chid=4 → storing 32 bits at USERMODE_NOTIFY_CHANNEL_PENDING=0x90 in the mapped usermode window
kayfabe-isolate: DOORBELL-STORE #208 host_token=0x00000008 ★★★ WROTE — the store instruction executed
kayfabe-isolate: DOORBELL-STORE #210 host_token=0x00000009 ★★★ WROTE — the store instruction executed
kayfabe-isolate: DOORBELL-STORE #207 host_token=0x00000004 ★★★ WROTE — the store instruction executed
IOCTL  34403567us req=0xc0404657 len=64    rc=0   head=0xc1d0000b
IOCTL  34497483us req=0xc0404657 len=64    rc=0   head=0xc1d0000c
IOCTL  34524044us req=0xc0304658 len=48    rc=0   head=0xc1d0000b
IOCTL  34623969us req=0xc0404657 len=64    rc=0   head=0xc1d0000c
IOCTL  34624591us req=0xc020462b len=32    rc=0   head=0xc1d0000b
IOCTL  34625652us req=0xc038464e len=56    rc=0   head=0xc1d0000c
IOCTL  34680100us req=0xc0304658 len=48    rc=0   head=0xc1d0000c
IOCTL  34724540us req=0xc0304658 len=48    rc=0   head=0xc1d0000c
IOCTL  34725178us req=0xc038464e len=56    rc=0   head=0xc1d0000c
IOCTL  34734636us req=0xc0104629 len=16    rc=0   head=0xc1d0000c
kayfabe-isolate: DOORBELL-STORE #211 host_token=0x00000006 runlist=0 chid=6 → storing 32 bits at USERMODE_NOTIFY_CHANNEL_PENDING=0x90 in the mapped usermode window
kayfabe-isolate: DOORBELL-STORE #211 host_token=0x00000006 ★★★ WROTE — the store instruction executed
IOCTL  34777336us req=0xc0104629 len=16    rc=0   head=0xc1d0000b
IOCTL  34777864us req=0xc038464e len=56    rc=0   head=0xc1d0000c
IOCTL  34778502us req=0xc038464e len=56    rc=0   head=0xc1d0000b
kayfabe-isolate: DOORBELL-STORE #212 host_token=0x00000003 runlist=0 chid=3 → storing 32 bits at USERMODE_NOTIFY_CHANNEL_PENDING=0x90 in the mapped usermode window
kayfabe-isolate: DOORBELL-STORE #213 host_token=0x00000008 runlist=0 chid=8 → storing 32 bits at USERMODE_NOTIFY_CHANNEL_PENDING=0x90 in the mapped usermode window
kayfabe-isolate: DOORBELL-STORE #212 host_token=0x00000003 ★★★ WROTE — the store instruction executed
kayfabe-isolate: DOORBELL-STORE #213 host_token=0x00000008 ★★★ WROTE — the store instruction executed
IOCTL  34847785us req=0xc038464e len=56    rc=0   head=0xc1d0000b
IOCTL  34848417us req=0xc038464e len=56    rc=0   head=0xc1d0000b
kayfabe-isolate: DOORBELL-STORE #214 host_token=0x00000009 runlist=0 chid=9 → storing 32 bits at USERMODE_NOTIFY_CHANNEL_PENDING=0x90 in the mapped usermode window
kayfabe-isolate: DOORBELL-STORE #214 host_token=0x00000009 ★★★ WROTE — the store instruction executed
IOCTL  34848971us req=0xc038464e len=56    rc=0   head=0xc1d0000b
IOCTL  34849669us req=0xc020462b len=32    rc=0   head=0xc1d0000c
IOCTL  34947421us req=0xc0404657 len=64    rc=0   head=0xc1d0000c
IOCTL  34957328us req=0xc038464e len=56    rc=0   head=0xc1d0000b
IOCTL  34966167us req=0xc038464e len=56    rc=0   head=0xc1d0000c
IOCTL  34957859us req=0xc020462b len=32    rc=0   head=0xc1d0000c
kayfabe-isolate: DOORBELL-STORE #215 host_token=0x00000006 runlist=0 chid=6 → storing 32 bits at USERMODE_NOTIFY_CHANNEL_PENDING=0x90 in the mapped usermode window
kayfabe-isolate: DOORBELL-STORE #215 host_token=0x00000006 ★★★ WROTE — the store instruction executed
IOCTL  35059693us req=0xc0404657 len=64    rc=0   head=0xc1d0000c
kayfabe-isolate: DOORBELL-STORE #216 host_token=0x0000000a runlist=0 chid=10 → storing 32 bits at USERMODE_NOTIFY_CHANNEL_PENDING=0x90 in the mapped usermode window
kayfabe-isolate: DOORBELL-STORE #216 host_token=0x0000000a ★★★ WROTE — the store instruction executed
IOCTL  35094347us req=0xc038464e len=56    rc=0   head=0xc1d0000c
kayfabe-isolate: DOORBELL-STORE #217 host_token=0x00000006 runlist=0 chid=6 → storing 32 bits at USERMODE_NOTIFY_CHANNEL_PENDING=0x90 in the mapped usermode window
kayfabe-isolate: DOORBELL-STORE #217 host_token=0x00000006 ★★★ WROTE — the store instruction executed
IOCTL  35096508us req=0xc038464e len=56    rc=0   head=0xc1d0000b
IOCTL  35097173us req=0xc020462b len=32    rc=0   head=0xc1d0000b
IOCTL  35094847us req=0xc038464e len=56    rc=0   head=0xc1d0000b
IOCTL  35095386us req=0xc038464e len=56    rc=0   head=0xc1d0000c
kayfabe-isolate: DOORBELL-STORE #218 host_token=0x00000008 runlist=0 chid=8 → storing 32 bits at USERMODE_NOTIFY_CHANNEL_PENDING=0x90 in the mapped usermode window
kayfabe-isolate: DOORBELL-STORE #219 host_token=0x0000000a runlist=0 chid=10 → storing 32 bits at USERMODE_NOTIFY_CHANNEL_PENDING=0x90 in the mapped usermode window
kayfabe-isolate: DOORBELL-STORE #218 host_token=0x00000008 ★★★ WROTE — the store instruction executed
kayfabe-isolate: DOORBELL-STORE #219 host_token=0x0000000a ★★★ WROTE — the store instruction executed
IOCTL  35192645us req=0xc0404657 len=64    rc=0   head=0xc1d0000c
IOCTL  35199498us req=0xc038464e len=56    rc=0   head=0xc1d0000b
IOCTL  35223261us req=0xc038464e len=56    rc=0   head=0xc1d0000b
kayfabe-isolate: DOORBELL-STORE #220 host_token=0x00000008 runlist=0 chid=8 → storing 32 bits at USERMODE_NOTIFY_CHANNEL_PENDING=0x90 in the mapped usermode window
kayfabe-isolate: DOORBELL-STORE #220 host_token=0x00000008 ★★★ WROTE — the store instruction executed
IOCTL [   46.239669] NVRM: dmaAllocMapping_GM107: can't alloc VA space for mapping.
 35316361us req=0xc0404657 len=64    rc=0   head=0xc1d0000b
kayfabe-isolate: DOORBELL-STORE #221 host_token=0x00000004 runlist=0 chid=4 → storing 32 bits at USERMODE_NOTIFY_CHANNEL_PENDING=0x90 in the mapped usermode window
IOCTL  35323942us req=0xc020462b len=32    rc=0   head=0xc1d0000b
kayfabe-isolate: DOORBELL-STORE #221 host_token=0x00000004 ★★★ WROTE — the store instruction executed
IOCTL  35323316us req=0xc0404657 len=64    rc=0   head=0xc1d0000c
IOCTL  35325446us req=0xc038464e len=56    rc=0   head=0xc1d0000c
kayfabe-isolate: DOORBELL-STORE #222 host_token=0x00000006 runlist=0 chid=6 → storing 32 bits at USERMODE_NOTIFY_CHANNEL_PENDING=0x90 in the mapped usermode window
kayfabe-isolate: DOORBELL-STORE #222 host_token=0x00000006 ★★★ WROTE — the store instruction executed
IOCTL  35391117us req=0xc038464e len=56    rc=0   head=0xc1d0000b
IOCTL  35424682us req=0xc0304658 len=48    rc=0   head=0xc1d0000c
IOCTL  35425855us req=0xc038464e len=56    rc=0   head=0xc1d0000b
kayfabe-isolate: DOORBELL-STORE #223 host_token=0x00000008 runlist=0 chid=8 → storing 32 bits at USERMODE_NOTIFY_CHANNEL_PENDING=0x90 in the mapped usermode window
kayfabe-isolate: DOORBELL-STORE #223 host_token=0x00000008 ★★★ WROTE — the store instruction executed
IOCTL [   46.390853] NVRM: dmaAllocMapping_GM107: can't alloc VA space for mapping.
 35467422us req=0xc038464e len=56    rc=0   head=0xc1d0000b
IOCTL  35477029us req=0xc0404657 len=64    rc=0   head=0xc1d0000b
IOCTL  35478153us req=0xc0104629 len=16    rc=0   head=0xc1d0000c
kayfabe-isolate: DOORBELL-STORE #225 host_token=0x0000000b runlist=0 chid=11 → storing 32 bits at USERMODE_NOTIFY_CHANNEL_PENDING=0x90 in the mapped usermode window
IOCTL  35480658us req=0xc038464e len=56    rc=0   head=0xc1d0000c
IOCTL  35481802us req=0xc038464e len=56    rc=0   head=0xc1d0000c
IOCTL  35482938us req=0xc038464e len=56    rc=0   head=0xc1d0000b
IOCTL  35484011us req=0xc038464e len=56    rc=0   head=0xc1d0000b
IOCTL  35484681us req=0xc0104629 len=16    rc=0   head=0xc1d0000c
kayfabe-isolate: DOORBELL-STORE #224 host_token=0x00000009 runlist=0 chid=9 → storing 32 bits at USERMODE_NOTIFY_CHANNEL_PENDING=0x90 in the mapped usermode window
kayfabe-isolate: DOORBELL-STORE #224 host_token=0x00000009 ★★★ WROTE — the store instruction executed
IOCTL  35480153us req=0xc038464e len=56    rc=0   head=0xc1d0000b
kayfabe-isolate: DOORBELL-STORE #225 host_token=0x0000000b ★★★ WROTE — the store instruction executed
kayfabe-isolate: DOORBELL-STORE #226 host_token=0x0000000a runlist=0 chid=10 → storing 32 bits at USERMODE_NOTIFY_CHANNEL_PENDING=0x90 in the mapped usermode window
kayfabe-isolate: DOORBELL-STORE #226 host_token=0x0000000a ★★★ WROTE — the store instruction executed
IOCTL  35619699us req=0xc038464e len=56    rc=0   head=0xc1d0000c
kayfabe-isolate: DOORBELL-STORE #228 host_token=0x00000008 runlist=0 chid=8 → storing 32 bits at USERMODE_NOTIFY_CHANNEL_PENDING=0x90 in the mapped usermode window
kayfabe-isolate: DOORBELL-STORE #228 host_token=0x00000008 ★★★ WROTE — the store instruction executed
kayfabe-isolate: DOORBELL-STORE #229 host_token=0x00000004 runlist=0 chid=4 → storing 32 bits at USERMODE_NOTIFY_CHANNEL_PENDING=0x90 in the mapped usermode window
IOCTL  35605482us req=0xc0304658 len=48    rc=0   head=0xc1d0000c
IOCTL  35606627us req=0xc038464e len=56    rc=0   head=0xc1d0000b
IOCTL  35607671us req=0xc038464e len=56    rc=0   head=0xc1d0000c
kayfabe-isolate: DOORBELL-STORE #227 host_token=0x00000006 runlist=0 chid=6 → storing 32 bits at USERMODE_NOTIFY_CHANNEL_PENDING=0x90 in the mapped usermode window
kayfabe-isolate: DOORBELL-STORE #227 host_token=0x00000006 ★★★ WROTE — the store instruction executed
IOCTL  35494586us req=0xc0104629 len=16    rc=0   head=0xc1d0000b
IOCTL  35631205us req=0xc038464e len=56    rc=0   head=0xc1d0000c
IOCTL  35576700us req=0xc0304658 len=48    rc=0   head=0xc1d0000b
kayfabe-isolate: DOORBELL-STORE #229 host_token=0x00000004 ★★★ WROTE — the store instruction executed
kayfabe-isolate: DOORBELL-STORE #230 host_token=0x00000009 runlist=0 chid=9 → storing 32 bits at USERMODE_NOTIFY_CHANNEL_PENDING=0x90 in the mapped usermode window
kayfabe-isolate: DOORBELL-STORE #231 host_token=0x00000005 runlist=0 chid=5 → storing 32 bits at USERMODE_NOTIFY_CHANNEL_PENDING=0x90 in the mapped usermode window
kayfabe-isolate: DOORBELL-STORE #230 host_token=0x00000009 ★★★ WROTE — the store instruction executed
kayfabe-isolate: DOORBELL-STORE #231 host_token=0x00000005 ★★★ WROTE — the store instruction executed
kayfabe-isolate: DOORBELL-STORE #232 host_token=0x0000000a runlist=0 chid=10 → storing 32 bits at USERMODE_NOTIFY_CHANNEL_PENDING=0x90 in the mapped usermode window
kayfabe-isolate: DOORBELL-STORE #233 host_token=0x0000000b runlist=0 chid=11 → storing 32 bits at USERMODE_NOTIFY_CHANNEL_PENDING=0x90 in the mapped usermode window
kayfabe-isolate: DOORBELL-STORE #233 host_token=0x0000000b ★★★ WROTE — the store instruction executed
IOCTL  35808097us req=0xc0104629 len=16    rc=0   head=0xc1d0000c
IOCTL  35809640us req=0xc038464e len=56    rc=0   head=0xc1d0000c
IOCTL  35842034us req=0xc0304658 len=48    rc=0   head=0xc1d0000b
kayfabe-isolate: DOORBELL-STORE #232 host_token=0x0000000a ★★★ WROTE — the store instruction executed
IOCTL  35843965us req=0xc038464e len=56    rc=0   head=0xc1d0000b
kayfabe-isolate: DOORBELL-STORE #234 host_token=0x00000006 runlist=0 chid=6 → storing 32 bits at USERMODE_NOTIFY_CHANNEL_PENDING=0x90 in the mapped usermode window
kayfabe-isolate: DOORBELL-STORE #234 host_token=0x00000006 ★★★ WROTE — the store instruction executed
IOCTL  35846715us req=0xc038464e len=56    rc=0   head=0xc1d0000b
IOCTL  35902290us req=0xc0104629 len=16    rc=0   head=0xc1d0000b
IOCTL  35903295us req=0xc038464e len=56    rc=0   head=0xc1d0000b
IOCTL  35903673us req=0xc038464e len=56    rc=0   head=0xc1d0000c
IOCTL  35905309us req=0xc038464e len=56    rc=0   head=0xc1d0000c
IOCTL  35906525us req=0xc038464e len=56    rc=0   head=0xc1d0000c
kayfabe-isolate: DOORBELL-STORE #237 host_token=0x0000000a runlist=0 chid=10 → storing 32 bits at USERMODE_NOTIFY_CHANNEL_PENDING=0x90 in the mapped usermode window
kayfabe-isolate: DOORBELL-STORE #237 host_token=0x0000000a ★★★ WROTE — the store instruction executed
IOCTL  35924327us req=0xc038464e len=56    rc=0   head=0xc1d0000c
IOCTL  35964629us req=0xc038464e len=56    rc=0   head=0xc1d0000b
IOCTL  35966650us req=0xc020462b len=32    rc=0   head=0xc1d0000c
kayfabe-isolate: DOORBELL-STORE #235 host_token=0x0000000b runlist=0 chid=11 → storing 32 bits at USERMODE_NOTIFY_CHANNEL_PENDING=0x90 in the mapped usermode window
kayfabe-isolate: DOORBELL-STORE #235 host_token=0x0000000b ★★★ WROTE — the store instruction executed
IOCTL  35845482us req=0xc038464e len=56    rc=0   head=0xc1d0000b
kayfabe-isolate: DOORBELL-STORE #236 host_token=0x00000004 runlist=0 chid=4 → storing 32 bits at USERMODE_NOTIFY_CHANNEL_PENDING=0x90 in the mapped usermode window
kayfabe-isolate: DOORBELL-STORE #236 host_token=0x00000004 ★★★ WROTE — the store instruction executed
IOCTL  36073249us req=0xc038464e len=56    rc=0   head=0xc1d0000b
IOCTL  36074531us req=0xc038464e len=56    rc=0   head=0xc1d0000c
IOCTL  36076629us req=0xc020462b len=32    rc=0   head=0xc1d0000b
kayfabe-isolate: DOORBELL-STORE #238 host_token=0x00000009 runlist=0 chid=9 → storing 32 bits at USERMODE_NOTIFY_CHANNEL_PENDING=0x90 in the mapped usermode window
kayfabe-isolate: DOORBELL-STORE #238 host_token=0x00000009 ★★★ WROTE — the store instruction executed
kayfabe-isolate: DOORBELL-STORE #239 host_token=0x00000008 runlist=0 chid=8 → storing 32 bits at USERMODE_NOTIFY_CHANNEL_PENDING=0x90 in the mapped usermode window
kayfabe-isolate: DOORBELL-STORE #239 host_token=0x00000008 ★★★ WROTE — the store instruction executed
IOCTL  36071113us req=0xc0404657 len=64    rc=0   head=0xc1d0000b
IOCTL  36175449us req=0xc0404657 len=64    rc=0   head=0xc1d0000c
IOCTL  36181610us req=0xc038464e len=56    rc=0   head=0xc1d0000c
kayfabe-isolate: DOORBELL-STORE #240 host_token=0x00000006 runlist=0 chid=6 → storing 32 bits at USERMODE_NOTIFY_CHANNEL_PENDING=0x90 in the mapped usermode window
kayfabe-isolate: DOORBELL-STORE #240 host_token=0x00000006 ★★★ WROTE — the store instruction executed
kayfabe-isolate: DOORBELL-STORE #242 host_token=0x0000000a runlist=0 chid=10 → storing 32 bits at USERMODE_NOTIFY_CHANNEL_PENDING=0x90 in the mapped usermode window
kayfabe-isolate: DOORBELL-STORE #242 host_token=0x0000000a ★★★ WROTE — the store instruction executed
kayfabe-isolate: DOORBELL-STORE #241 host_token=0x00000005 runlist=0 chid=5 → storing 32 bits at USERMODE_NOTIFY_CHANNEL_PENDING=0x90 in the mapped usermode window
kayfabe-isolate: DOORBELL-STORE #241 host_token=0x00000005 ★★★ WROTE — the store instruction executed
IOCTL  36290866us req=0xc038464e len=56    rc=0   head=0xc1d0000c
IOCTL  36292349us req=0xc038464e len=56    rc=0   head=0xc1d0000b
kayfabe-isolate: DOORBELL-STORE #243 host_token=0x0000000b runlist=0 chid=11 → storing 32 bits at USERMODE_NOTIFY_CHANNEL_PENDING=0x90 in the mapped usermode window
kayfabe-isolate: DOORBELL-STORE #243 host_token=0x0000000b ★★★ WROTE — the store instruction executed
IOCTL  36403493us req=0xc0404657 len=64    rc=0   head=0xc1d0000b
IOCTL  36415548us req=0xc038464e len=56    rc=0   head=0xc1d0000c
IOCTL  36416844us req=0xc038464e len=56    rc=0   head=0xc1d0000b
kayfabe-isolate: DOORBELL-STORE #244 host_token=0x0000000b runlist=0 chid=11 → storing 32 bits at USERMODE_NOTIFY_CHANNEL_PENDING=0x90 in the mapped usermode window
IOCTL  36417468us req=0xc038464e len=56    rc=0   head=0xc1d0000b
IOCTL  36452010us req=0xc0304658 len=48    rc=0   head=0xc1d0000c
kayfabe-isolate: DOORBELL-STORE #244 host_token=0x0000000b ★★★ WROTE — the store instruction executed
kayfabe-isolate: DOORBELL-STORE #245 host_token=0x00000008 runlist=0 chid=8 → storing 32 bits at USERMODE_NOTIFY_CHANNEL_PENDING=0x90 in the mapped usermode window
kayfabe-isolate: DOORBELL-STORE #245 host_token=0x00000008 ★★★ WROTE — the store instruction executed
IOCTL  36454887us req=0xc038464e len=56    rc=0   head=0xc1d0000b
IOCTL  36511311us req=0xc038464e len=56    rc=0   head=0xc1d0000b
IOCTL  36452329us req=0xc038464e len=56    rc=0   head=0xc1d0000b
IOCTL  36489981us req=0xc038464e len=56    rc=0   head=0xc1d0000c
IOCTL  36489988us req=0xc0304658 len=48    rc=0   head=0xc1d0000b
IOCTL  36491810us req=0xc0104629 len=16    rc=0   head=0xc1d0000c
IOCTL  36492379us req=0xc038464e len=56    rc=0   head=0xc1d0000c
IOCTL  36453651us req=0xc038464e len=56    rc=0   head=0xc1d0000c
kayfabe-isolate: DOORBELL-STORE #250 host_token=0x0000000b runlist=0 chid=11 → storing 32 bits at USERMODE_NOTIFY_CHANNEL_PENDING=0x90 in the mapped usermode window
kayfabe-isolate: DOORBELL-STORE #250 host_token=0x0000000b ★★★ WROTE — the store instruction executed
kayfabe-isolate: DOORBELL-STORE #247 host_token=0x00000008 runlist=0 chid=8 → storing 32 bits at USERMODE_NOTIFY_CHANNEL_PENDING=0x90 in the mapped usermode window
kayfabe-isolate: DOORBELL-STORE #247 host_token=0x00000008 ★★★ WROTE — the store instruction executed
kayfabe-isolate: DOORBELL-STORE #249 host_token=0x00000006 runlist=0 chid=6 → storing 32 bits at USERMODE_NOTIFY_CHANNEL_PENDING=0x90 in the mapped usermode window
kayfabe-isolate: DOORBELL-STORE #249 host_token=0x00000006 ★★★ WROTE — the store instruction executed
IOCTL  36567321us req=0xc0104629 len=16    rc=0   head=0xc1d0000b
IOCTL  36456174us req=0xc038464e len=56    rc=0   head=0xc1d0000b
IOCTL  36571742us req=0xc038464e len=56    rc=0   head=0xc1d0000c
kayfabe-isolate: DOORBELL-STORE #246 host_token=0x00000005 runlist=0 chid=5 → storing 32 bits at USERMODE_NOTIFY_CHANNEL_PENDING=0x90 in the mapped usermode window
kayfabe-isolate: DOORBELL-STORE #246 host_token=0x00000005 ★★★ WROTE — the store instruction executed
IOCTL  36566435us req=0xc0304658 len=48    rc=0   head=0xc1d0000b
kayfabe-isolate: DOORBELL-STORE #248 host_token=0x00000007 runlist=0 chid=7 → storing 32 bits at USERMODE_NOTIFY_CHANNEL_PENDING=0x90 in the mapped usermode window
kayfabe-isolate: DOORBELL-STORE #248 host_token=0x00000007 ★★★ WROTE — the store instruction executed
kayfabe-isolate: DOORBELL-STORE #251 host_token=0x00000004 runlist=0 chid=4 → storing 32 bits at USERMODE_NOTIFY_CHANNEL_PENDING=0x90 in the mapped usermode window
kayfabe-isolate: DOORBELL-STORE #251 host_token=0x00000004 ★★★ WROTE — the store instruction executed
IOCTL  36733577us req=0xc0304658 len=48    rc=0   head=0xc1d0000c
IOCTL  36742883us req=0xc038464e len=56    rc=0   head=0xc1d0000c
kayfabe-isolate: DOORBELL-STORE #252 host_token=0x00000006 runlist=0 chid=6 → storing 32 bits at USERMODE_NOTIFY_CHANNEL_PENDING=0x90 in the mapped usermode window
kayfabe-isolate: DOORBELL-STORE #252 host_token=0x00000006 ★★★ WROTE — the store instruction executed
IOCTL  36776832us req=0xc038464e len=56    rc=0   head=0xc1d0000b
IOCTL  36744168us req=0xc020462b len=32    rc=0   head=0xc1d0000b
IOCTL  36776250us req=0xc0304658 len=48    rc=0   head=0xc1d0000b
IOCTL  36745283us req=0xc038464e len=56    rc=0   head=0xc1d0000b
IOCTL  36810616us req=0xc038464e len=56    rc=0   head=0xc1d0000c
kayfabe-isolate: DOORBELL-STORE #253 host_token=0x00000005 runlist=0 chid=5 → storing 32 bits at USERMODE_NOTIFY_CHANNEL_PENDING=0x90 in the mapped usermode window
IOCTL  36786153us req=0xc038464e len=56    rc=0   head=0xc1d0000c
kayfabe-isolate: DOORBELL-STORE #253 host_token=0x00000005 ★★★ WROTE — the store instruction executed
IOCTL  36906583us req=0xc0404657 len=64    rc=0   head=0xc1d0000b
IOCTL  36945990us req=0xc0304658 len=48    rc=0   head=0xc1d0000c
IOCTL  36954443us req=0xc038464e len=56    rc=0   head=0xc1d0000b
IOCTL  37002635us req=0xc0104629 len=16    rc=0   head=0xc1d0000c
IOCTL  37003409us req=0xc038464e len=56    rc=0   head=0xc1d0000b
IOCTL  37047712us req=0xc038464e len=56    rc=0   head=0xc1d0000c
IOCTL  37006607us req=0xc038464e len=56    rc=0   head=0xc1d0000b
kayfabe-isolate: DOORBELL-STORE #254 host_token=0x00000008 runlist=0 chid=8 → storing 32 bits at USERMODE_NOTIFY_CHANNEL_PENDING=0x90 in the mapped usermode window
IOCTL  37051771us req=0xc038464e len=56    rc=0   head=0xc1d0000c
IOCTL  37005823us req=0xc020462b len=32    rc=0   head=0xc1d0000c
IOCTL  37051826us req=0xc0304658 len=48    rc=0   head=0xc1d0000b
IOCTL  37078111us req=0xc038464e len=56    rc=0   head=0xc1d0000c
IOCTL  37095624us req=0xc0104629 len=16    rc=0   head=0xc1d0000b
kayfabe-isolate: DOORBELL-STORE #256 host_token=0x0000000b runlist=0 chid=11 → storing 32 bits at USERMODE_NOTIFY_CHANNEL_PENDING=0x90 in the mapped usermode window
IOCTL  37098944us req=0xc020462b len=32    rc=0   head=0xc1d0000c
kayfabe-isolate: DOORBELL-STORE #256 host_token=0x0000000b ★★★ WROTE — the store instruction executed
kayfabe-isolate: DOORBELL-STORE #254 host_token=0x00000008 ★★★ WROTE — the store instruction executed
IOCTL  37180198us req=0xc0104629 len=16    rc=0   head=0xc1d0000b
IOCTL  37097377us req=0xc038464e len=56    rc=0   head=0xc1d0000b
IOCTL  37181408us req=0xc038464e len=56    rc=0   head=0xc1d0000b
kayfabe-isolate: DOORBELL-STORE #255 host_token=0x00000004 runlist=0 chid=4 → storing 32 bits at USERMODE_NOTIFY_CHANNEL_PENDING=0x90 in the mapped usermode window
kayfabe-isolate: DOORBELL-STORE #255 host_token=0x00000004 ★★★ WROTE — the store instruction executed
IOCTL  37182750us req=0xc038464e len=56    rc=0   head=0xc1d0000c
kayfabe-isolate: DOORBELL-STORE #257 host_token=0x00000005 runlist=0 chid=5 → storing 32 bits at USERMODE_NOTIFY_CHANNEL_PENDING=0x90 in the mapped usermode window
kayfabe-isolate: DOORBELL-STORE #257 host_token=0x00000005 ★★★ WROTE — the store instruction executed
kayfabe-isolate: DOORBELL-STORE #258 host_token=0x00000008 runlist=0 chid=8 → storing 32 bits at USERMODE_NOTIFY_CHANNEL_PENDING=0x90 in the mapped usermode window
kayfabe-isolate: DOORBELL-STORE #258 host_token=0x00000008 ★★★ WROTE — the store instruction executed
IOCTL  37265142us req=0xc0404657 len=64    rc=0   head=0xc1d0000c
IOCTL  37266786us req=0xc038464e len=56    rc=0   head=0xc1d0000b
IOCTL  37267305us req=0xc038464e len=56    rc=0   head=0xc1d0000c
IOCTL  37314943us req=0xc038464e len=56    rc=0   head=0xc1d0000b
kayfabe-isolate: DOORBELL-STORE #262 host_token=0x00000008 runlist=0 chid=8 → storing 32 bits at USERMODE_NOTIFY_CHANNEL_PENDING=0x90 in the mapped usermode window
IOCTL  37268514us req=0xc038464e len=56    rc=0   head=0xc1d0000c
IOCTL  37269672us req=0xc038464e len=56    rc=0   head=0xc1d0000b
IOCTL  37182815us req=0xc038464e len=56    rc=0   head=0xc1d0000b
kayfabe-isolate: DOORBELL-STORE #260 host_token=0x00000005 runlist=0 chid=5 → storing 32 bits at USERMODE_NOTIFY_CHANNEL_PENDING=0x90 in the mapped usermode window
kayfabe-isolate: DOORBELL-STORE #259 host_token=0x00000006 runlist=0 chid=6 → storing 32 bits at USERMODE_NOTIFY_CHANNEL_PENDING=0x90 in the mapped usermode window
kayfabe-isolate: DOO[   48.314753] NVRM: dmaAllocMapping_GM107: can't alloc VA space for mapping.
RBELL-STORE #259 host_token=0x00000006 ★★★ WROTE — the store instruction executed
IOCTL  37268508us req=0xc020462b len=32    rc=0   head=0xc1d0000b
IOCTL  37391386us req=0xc038464e len=56    rc=0   head=0xc1d0000c
IOCTL  37398176us req=0xc0404657 len=64    rc=0   head=0xc1d0000b
IOCTL  37341573us req=0xc0304658 len=48    rc=0   head=0xc1d0000c
IOCTL  37348338us req=0xc038464e len=56    rc=0   head=0xc1d0000c
kayfabe-isolate: DOORBELL-STORE #263 host_token=0x00000004 runlist=0 chid=4 → storing 32 bits at USERMODE_NOTIFY_CHANNEL_PENDING=0x90 in the mapped usermode window
kayfabe-isolate: DOORBELL-STORE #263 host_token=0x00000004 ★★★ WROTE — the store instruction executed
kayfabe-isolate: DOORBELL-STORE #260 host_token=0x00000005 ★★★ WROTE — the store instruction executed
kayfabe-isolate: DOORBELL-STORE #261 host_token=0x0000000b runlist=0 chid=11 → storing 32 bits at USERMODE_NOTIFY_CHANNEL_PENDING=0x90 in the mapped usermode window
kayfabe-isolate: DOORBELL-STORE #261 host_token=0x0000000b ★★★ WROTE — the store instruction executed
IOCTL  37408857us req=0xc0104629 len=16    rc=0   head=0xc1d0000b
kayfabe-isolate: DOORBELL-STORE #262 host_token=0x00000008 ★★★ WROTE — the store instruction executed
IOCTL  37419616us req=0xc0104629 len=16    rc=0   head=0xc1d0000c
IOCTL  37365301us req=0xc020462b len=32    rc=0   head=0xc1d0000b
IOCTL  37462496us req=0xc0304658 len=48    rc=0   head=0xc1d0000c
IOCTL  37463649us req=0xc038464e len=56    rc=0   head=0xc1d0000b
IOCTL  37464867us req=0xc038464e len=56    rc=0   head=0xc1d0000b
kayfabe-isolate: DOORBELL-STORE #264 host_token=0x00000006 runlist=0 chid=6 → storing 32 bits at USERMODE_NOTIFY_CHANNEL_PENDING=0x90 in the mapped usermode window
IOCTL  37522633us req=0xc020462b len=32    rc=0   head=0xc1d0000c
kayfabe-isolate: DOORBELL-STORE #265 host_token=0x00000005 runlist=0 chid=5 → storing 32 bits at USERMODE_NOTIFY_CHANNEL_PENDING=0x90 in the mapped usermode window
kayfabe-isolate: DOORBELL-STORE #264 host_token=0x00000006 ★★★ WROTE — the store instruction executed
kayfabe-isolate: DOORBELL-STORE #265 host_token=0x00000005 ★★★ WROTE — the store instruction executed
IOCTL  37667603us req=0xc0404657 len=64    rc=0   head=0xc1d0000b
IOCTL  37668947us req=0xc038464e len=56    rc=0   head=0xc1d0000b
IOCTL  37790499us req=0xc0404657 len=64    rc=0   head=0xc1d0000b
IOCTL  37791961us req=0xc038464e len=56    rc=0   head=0xc1d0000c
kayfabe-isolate: DOORBELL-STORE #266 host_token=0x0000000b runlist=0 chid=11 → storing 32 bits at USERMODE_NOTIFY_CHANNEL_PENDING=0x90 in the mapped usermode window
kayfabe-isolate: DOORBELL-STORE #266 host_token=0x0000000b ★★★ WROTE — the store instruction executed
IOCTL  37859848us req=0xc038464e len=56    rc=0   head=0xc1d0000b
IOCTL  37824625us req=0xc0304658 len=48    rc=0   head=0xc1d0000c
IOCTL  37938633us req=0xc0404657 len=64    rc=0   head=0xc1d0000c
IOCTL  37941176us req=0xc038464e len=56    rc=0   head=0xc1d0000c
IOCTL  37942806us req=0xc038464e len=56    rc=0   head=0xc1d0000b
IOCTL  37945237us req=0xc020462b len=32    rc=0   head=0xc1d0000b
IOCTL  37945898us req=0xc038464e len=56    rc=0   head=0xc1d0000b
kayfabe-isolate: DOORBELL-STORE #267 host_token=0x00000006 runlist=0 chid=6 → storing 32 bits at USERMODE_NOTIFY_CHANNEL_PENDING=0x90 in the mapped usermode window
IOCTL  37979435us req=0xc0304658 len=48    rc=0   head=0xc1d0000c
IOCTL  37980660us req=0xc038464e len=56    rc=0   head=0xc1d0000c
kayfabe-isolate: DOORBELL-STORE #268 host_token=0x00000008 runlist=0 chid=8 → storing 32 bits at USERMODE_NOTIFY_CHANNEL_PENDING=0x90 in the mapped usermode window
kayfabe-isolate: DOORBELL-STORE #267 host_token=0x00000006 ★★★ WROTE — the store instruction executed
IOCTL  38010549[   48.965743] NVRM: dmaAllocMapping_GM107: can't alloc VA space for mapping.
us req=0xc0304658 len=48    rc=0   head=0xc1d0000b
IOCTL  38040634us req=0xc0304658 len=48    rc=0   head=0xc1d0000b
kayfabe-isolate: DOORBELL-STORE #268 host_token=0x00000008 ★★★ WROTE — the store instruction executed
IOCTL  38041870us req=0xc0104629 len=16    rc=0   head=0xc1d0000c
IOCTL  38048666us req=0xc0404657 len=64    rc=0   head=0xc1d0000b
IOCTL  38098105us req=0xc038464e len=56    rc=0   head=0xc1d0000c
IOCTL  38101324us req=0xc0104629 len=16    rc=0   head=0xc1d0000c
IOCTL  38102967us req=0xc038464e len=56    rc=0   head=0xc1d0000c
IOCTL  38103798us req=0xc038464e len=56    rc=0   head=0xc1d0000b
kayfabe-isolate: DOORBELL-STORE #269 host_token=0x0000000a runlist=0 chid=10 → storing 32 bits at USERMODE_NOTIFY_CHANNEL_PENDING=0x90 in the mapped usermode window
IOCTL  38132868us req=0xc0304658 len=48    rc=0   head=0xc1d0000b
IOCTL  38134492us req=0xc0104629 len=16    rc=0   head=0xc1d0000b
IOCTL  38135096us req=0xc038464e len=56    rc=0   head=0xc1d0000b
kayfabe-isolate: DOORBELL-STORE #271 host_token=0x00000008 runlist=0 chid=8 → storing 32 bits at USERMODE_NOTIFY_CHANNEL_PENDING=0x90 in the mapped usermode window
kayfabe-isolate: DOORBELL-STORE #271 host_token=0x00000008 ★★★ WROTE — the store instruction executed
IOCTL  38166631us req=0xc038464e len=56    rc=0   head=0xc1d0000c
IOCTL  38167730us req=0xc038464e len=56    rc=0   head=0xc1d0000c
kayfabe-isolate: DOORBELL-STORE #269 host_token=0x0000000a ★★★ WROTE — the store instruction executed
IOCTL  38209987us req=0xc0104629 len=16    rc=0   head=0xc1d0000b
kayfabe-isolate: DOORBELL-STORE #270 host_token=0x0000000b runlist=0 chid=11 → storing 32 bits at USERMODE_NOTIFY_CHANNEL_PENDING=0x90 in the mapped usermode window
kayfabe-isolate: DOORBELL-STORE #270 host_token=0x0000000b ★★★ WROTE — the store instruction executed
IOCTL  38254814us req=0xc020462b len=32    rc=0   head=0xc1d0000b
IOCTL  38166550us req=0xc0104629 len=16    rc=0   head=0xc1d0000b
IOCTL  38270816us req=0xc038464e len=56    rc=0   head=0xc1d0000b
kayfabe-isolate: DOORBELL-STORE #273 host_token=0x00000008 runlist=0 chid=8 → storing 32 bits at USERMODE_NOTIFY_CHANNEL_PENDING=0x90 in the mapped usermode window
kayfabe-isolate: DOORBELL-STORE #273 host_token=0x00000008 ★★★ WROTE — the store instruction executed
IOCTL  38253111us req=0xc0104629 len=16    rc=0   head=0xc1d0000b
IOCTL  38330172us req=0xc038464e len=56    rc=0   head=0xc1d0000c
IOCTL  38330239us req=0xc038464e len=56    rc=0   head=0xc1d0000b
IOCTL  38331341us req=0xc038464e len=56    rc=0   head=0xc1d0000c
IOCTL  38278839us req=0xc020462b len=32    rc=0   head=0xc1d0000c
kayfabe-isolate: DOORBELL-STORE #272 host_token=0x00000006 runlist=0 chid=6 → storing 32 bits at USERMODE_NOTIFY_CHANNEL_PENDING=0x90 in the mapped usermode window
kayfabe-isolate: DOORBELL-STORE #274 host_token=0x0000000a runlist=0 chid=10 → storing 32 bits at USERMODE_NOTIFY_CHANNEL_PENDING=0x90 in the mapped usermode window
kayfabe-isolate: DOORBELL-STORE #275 host_token=0x00000005 runlist=0 chid=5 → storing 32 bits at USERMODE_NOTIFY_CHANNEL_PENDING=0x90 in the mapped usermode window
kayfabe-isolate: DOORBELL-STORE #275 host_token=0x00000005 ★★★ WROTE — the store instruction executed
kayfabe-isolate: DOORBELL-STORE #276 host_token=0x0000000b runlist=0 chid=11 → storing 32 bits at USERMODE_NOTIFY_CHANNEL_PENDING=0x90 in the mapped usermode window
kayfabe-isolate: DOORBELL-STORE #276 host_token=0x0000000b ★★★ WROTE — the store instruction executed
IOCTL  38458799us req=0xc0304658 len=48    rc=0   head=0xc1d0000b
kayfabe-isolate: DOORBELL-STORE #272 host_token=0x00000006 ★★★ WROTE — the store instruction executed
IOCTL  38459172us req=0xc038464e len=56    rc=0   head=0xc1d0000b
kayfabe-isolate: DOORBELL-STORE #274 host_token=0x0000000a ★★★ WROTE — the store instruction executed
IOCTL  38428963us req=0xc0404657 len=64    rc=0   head=0xc1d0000b
IOCTL  38557625us req=0xc0404657 len=64    rc=0   head=0xc1d0000c
IOCTL  38598565us req=0xc038464e len=56    rc=0   head=0xc1d0000b
IOCTL  38598572us req=0xc038464e len=56    rc=0   head=0xc1d0000c
IOCTL  38602392us req=0xc038464e len=56    rc=0   head=0xc1d0000b
IOCTL  38645664us req=0xc0104629 len=16    rc=0   head=0xc1d0000b
IOCTL  38647724us req=0xc020462b len=32    rc=0   head=0xc1d0000b
kayfabe-isolate: DOORBELL-STORE #277 host_token=0x00000005 runlist=0 chid=5 → storing 32 bits at USERMODE_NOTIFY_CHANNEL_PENDING=0x90 in the mapped usermode window
kayfabe-isolate: DOORBELL-STORE #277 host_token=0x00000005 ★★★ WROTE — the store instruction executed
IOCTL  38663897us req=0xc038464e len=56    rc=0   head=0xc1d0000c
IOCTL  38665482us req=0xc038464e len=56    rc=0   head=0xc1d0000c
IOCTL  38693946us req=0xc038464e len=56    rc=0   head=0xc1d0000b
IOCTL  38693994us req=0xc0304658 len=48    rc=0   head=0xc1d0000b
IOCTL  38727695us req=0xc0304658 len=48    rc=0   head=0xc1d0000c
kayfabe-isolate: DOORBELL-STORE #278 host_token=0x00000006 runlist=0 chid=6 → storing 32 bits at USERMODE_NOTIFY_CHANNEL_PENDING=0x90 in the mapped usermode window
kayfabe-isolate: DOORBELL-STORE #279 host_token=0x0000000b runlist=0 chid=11 → storing 32 bits at USERMODE_NOTIFY_CHANNEL_PENDING=0x90 in the mapped usermode window
kayfabe-isolate: DOORBELL-STORE #279 host_token=0x0000000b ★★★ WROTE — the store instruction executed
kayfabe-isolate: DOORBELL-STORE #278 host_token=0x00000006 ★★★ WROTE — the store instruction executed
IOCTL  38930873us req=0xc0404657 len=64    rc=0   head=0xc1d0000b
IOCTL  38936592us req=0xc038464e len=56    rc=0   head=0xc1d0000b
IOCTL  38946376us req=0xc0104629 len=16    rc=0   head=0xc1d0000b
IOCTL  38949851us req=0xc020462b len=32    rc=0   head=0xc1d0000b
kayfabe-isolate: DOORBELL-STORE #281 host_token=0x00000009 runlist=0 chid=9 → storing 32 bits at USERMODE_NOTIFY_CHANNEL_PENDING=0x90 in the mapped usermode window
kayfabe-isolate: DOORBELL-STORE #281 host_token=0x00000009 ★★★ WROTE — the store instruction executed
kayfabe-isolate: DOORBELL-STORE #280 host_token=0x00000008 runlist=0 chid=8 → storing 32 bits at USERMODE_NOTIFY_CHANNEL_PENDING=0x90 in the mapped usermode window
kayfabe-isolate: DOORBELL-STORE #280 host_token=0x00000008 ★★★ WROTE — the store instruction executed
IOCTL  39016788us req=0xc0104629 len=16    rc=0   head=0xc1d0000c
IOCTL  38965724us req=0xc038464e len=56    rc=0   head=0xc1d0000c
IOCTL  38965710us req=0xc038464e len=56    rc=0   head=0xc1d0000b
IOCTL  39105655us req=0xc0404657 len=64    rc=0   head=0xc1d0000b
IOCTL  39110553us req=0xc0104629 len=16    rc=0   head=0xc1d0000c
IOCTL  39113736us req=0xc038464e len=56    rc=0   head=0xc1d0000c
kayfabe-isolate: DOORBELL-STORE #282 host_token=0x00000006 runlist=0 chid=6 → storing 32 bits at USERMODE_NOTIFY_CHANNEL_PENDING=0x90 in the mapped usermode window
kayfabe-isolate: DOORBELL-STORE #282 host_token=0x00000006 ★★★ WROTE — the store instruction executed
IOCTL  39146027us req=0xc0304658 len=48    rc=0   head=0xc1d0000b
IOCTL  39176382us req=0xc0304658 len=48    rc=0   head=0xc1d0000b
IOCTL  39177519us req=0xc038464e len=56    rc=0   head=0xc1d0000b
kayfabe-isolate: DOORBELL-STORE #283 host_token=0x00000008 runlist=0 chid=8 → storing 32 bits at USERMODE_NOTIFY_CHANNEL_PENDING=0x90 in the mapped usermode window
kayfabe-isolate: DOORBELL-STORE #283 host_token=0x00000008 ★★★ WROTE — the store instruction executed
IOCTL  39196861us req=0xc0104629 len=16    rc=0   head=0xc1d0000b
IOCTL  39177599us req=0xc038464e len=56    rc=0   head=0xc1d0000c
IOCTL  39197447us req=0xc038464e len=56    rc=0   head=0xc1d0000c
IOCTL  39246942us req=0xc038464e len=56    rc=0   head=0xc1d0000c
IOCTL  39185707us req=0xc0104629 len=16    rc=0   head=0xc1d0000b
IOCTL  39218826us req=0xc038464e len=56    rc=0   head=0xc1d0000b
IOCTL  39198627us req=0xc020462b len=32    rc=0   head=0xc1d0000c
IOCTL  39248134us req=0xc038464e len=56    rc=0   head=0xc1d0000b
kayfabe-isolate: DOORBELL-STORE #284 host_token=0x0000000b runlist=0 chid=11 → storing 32 bits at USERMODE_NOTIFY_CHANNEL_PENDING=0x90 in the mapped usermode window
kayfabe-isolate: DOORBELL-STORE #284 host_token=0x0000000b ★★★ WROTE — the store instruction executed
kayfabe-isolate: DOORBELL-STORE #285 host_token=0x00000008 runlist=0 chid=8 → storing 32 bits at USERMODE_NOTIFY_CHANNEL_PENDING=0x90 in the mapped usermode window
kayfabe-isolate: DOORBELL-STORE #285 host_token=0x00000008 ★★★ WROTE — the store instruction executed
IOCTL  39294324us req=0xc020462b len=32    rc=0   head=0xc1d0000b
IOCTL  39296004us req=0xc038464e len=56    rc=0   head=0xc1d0000c
IOCTL  39248838us req=0xc020462b len=32    rc=0   head=0xc1d0000c
kayfabe-isolate: DOORBELL-STORE #286 host_token=0x00000009 runlist=0 chid=9 → storing 32 bits at USERMODE_NOTIFY_CHANNEL_PENDING=0x90 in the mapped usermode window
kayfabe-isolate: DOORBELL-STORE #286 host_token=0x00000009 ★★★ WROTE — the store instruction executed
IOCTL  39293746us req=0xc020462b len=32    rc=0   head=0xc1d0000b
kayfabe-isolate: DOORBELL-STORE #287 host_token=0x00000006 runlist=0 chid=6 → storing 32 bits at USERMODE_NOTIFY_CHANNEL_PENDING=0x90 in the mapped usermode window
kayfabe-isolate: DOORBELL-STORE #287 host_token=0x00000006 ★★★ WROTE — the store instruction executed
IOCTL  39429803us req=0xc038464e len=56    rc=0   head=0xc1d0000b
IOCTL  39430879us req=0xc038464e len=56    rc=0   head=0xc1d0000c
kayfabe-isolate: DOORBELL-STORE #288 host_token=0x0000000b runlist=0 chid=11 → storing 32 bits at USERMODE_NOTIFY_CHANNEL_PENDING=0x90 in the mapped usermode window
kayfabe-isolate: DOORBELL-STORE #288 host_token=0x0000000b ★★★ WROTE — the store instruction executed
IOCTL  39435403us req=0xc0404657 len=64    rc=0   head=0xc1d0000c
IOCTL  39292203us req=0xc0104629 len=16    rc=0   head=0xc1d0000b
IOCTL  39533374us req=0xc0404657 len=64    rc=0   head=0xc1d0000b
IOCTL  39533420us req=0xc038464e len=56    rc=0   head=0xc1d0000b
IOCTL  39576955us req=0xc0304658 len=48    rc=0   head=0xc1d0000b
IOCTL  39633122us req=0xc038464e len=56    rc=0   head=0xc1d0000b
kayfabe-isolate: DOORBELL-STORE #289 host_token=0x00000008 runlist=0 chid=8 → storing 32 bits at USERMODE_NOTIFY_CHANNEL_PENDING=0x90 in the mapped usermode window
kayfabe-isolate: DOORBELL-STORE #289 host_token=0x00000008 ★★★ WROTE — the store instruction executed
IOCTL  39689626us req=0xc038464e len=56    rc=0   head=0xc1d0000b
IOCTL  39691135us req=0xc0104629 len=16    rc=0   head=0xc1d0000b
IOCTL  39692258us req=0xc038464e len=56    rc=0   head=0xc1d0000c
kayfabe-isolate: DOORBELL-STORE #290 host_token=0x00000004 runlist=0 chid=4 → storing 32 bits at USERMODE_NOTIFY_CHANNEL_PENDING=0x90 in the mapped usermode window
kayfabe-isolate: DOORBELL-STORE #290 host_token=0x00000004 ★★★ WROTE — the store instruction executed
IOCTL  39717524us req=0xc020462b len=32    rc=0   head=0xc1d0000b
IOCTL  39718279us req=0xc038464e len=56    rc=0   head=0xc1d0000c
IOCTL  39718285us req=0xc0304658 len=48    rc=0   head=0xc1d0000c
IOCTL  39719363us req=0xc038464e len=56    rc=0   head=0xc1d0000b
kayfabe-isolate: DOORBELL-STORE #291 host_token=0x0000000b runlist=0 chid=11 → storing 32 bits at USERMODE_NOTIFY_CHANNEL_PENDING=0x90 in the mapped usermode window
kayfabe-isolate: DOORBELL-STORE #291 host_token=0x0000000b ★★★ WROTE — the store instruction executed
IOCTL  39764855us req=0xc0104629 len=16    rc=0   head=0xc1d0000b
IOCTL  39824639us req=0xc038464e len=56    rc=0   head=0xc1d0000c
IOCTL  39767778us req=0xc038464e len=56    rc=0   head=0xc1d0000b
IOCTL  39764763us req=0xc038464e len=56    rc=0   head=0xc1d0000c
IOCTL  39823501us req=0xc0104629 len=16    rc=0   head=0xc1d0000c
IOCTL  39824687us req=0xc038464e len=56    rc=0   head=0xc1d0000b
IOCTL  39767338us req=0xc038464e len=56    rc=0   head=0xc1d0000b
IOCTL  39825318us req=0xc038464e len=56    rc=0   head=0xc1d0000b
IOCTL  39843533us req=0xc038464e len=56    rc=0   head=0xc1d0000b
kayfabe-isolate: DOORBELL-STORE #292 host_token=0x00000004 runlist=0 chid=4 → storing 32 bits at USERMODE_NOTIFY_CHANNEL_PENDING=0x90 in the mapped usermode window
kayfabe-isolate: DOORBELL-STORE #292 host_token=0x00000004 ★★★ WROTE — the store instruction executed
IOCTL  39869719us req=0xc038464e len=56    rc=0   head=0xc1d0000c
IOCTL  39871448us req=0xc020462b len=32    rc=0   head=0xc1d0000b
IOCTL  39872025us req=0xc020462b len=32    rc=0   head=0xc1d0000c
IOCTL  39872571us req=0xc038464e len=56    rc=0   head=0xc1d0000c
IOCTL  39896876us req=0xc038464e len=56    rc=0   head=0xc1d0000b
kayfabe-isolate: DOORBELL-STORE #293 host_token=0x00000006 runlist=0 chid=6 → storing 32 bits at USERMODE_NOTIFY_CHANNEL_PENDING=0x90 in the mapped usermode window
kayfabe-isolate: DOORBELL-STORE #294 host_token=0x0000000b runlist=0 chid=11 → storing 32 bits at USERMODE_NOTIFY_CHANNEL_PENDING=0x90 in the mapped usermode window
kayfabe-isolate: DOORBELL-STORE #294 host_token=0x0000000b ★★★ WROTE — the store instruction executed
kayfabe-isolate: DOORBELL-STORE #293 host_token=0x00000006 ★★★ WROTE — the store instruction executed
IOCTL  39978456us req=0xc0404657 len=64    rc=0   head=0xc1d0000b
IOCTL  40097486us req=0xc0404657 len=64    rc=0   head=0xc1d0000b
IOCTL  40098687us req=0xc038464e len=56    rc=0   head=0xc1d0000b
kayfabe-isolate: DOORBELL-STORE #295 host_token=0x00000008 runlist=0 chid=8 → storing 32 bits at USERMODE_NOTIFY_CHANNEL_PENDING=0x90 in the mapped usermode window
kayfabe-isolate: DOORBELL-STORE #295 host_token=0x00000008 ★★★ WROTE — the store instruction executed
IOCTL  40206670us req=[   51.130589] NVRM: dmaAllocMapping_GM107: can't alloc VA space for mapping.
0xc038464e len=56    rc=0   head=0xc1d0000b
IOCTL  40207372us req=0xc020462b len=32    rc=0   head=0xc1d0000c
IOCTL  40214731us req=0xc0404657 len=64    rc=0   head=0xc1d0000c
IOCTL  40215447us req=0xc020462b len=32    rc=0   head=0xc1d0000b
IOCTL  40216980us req=0xc038464e len=56    rc=0   head=0xc1d0000c
IOCTL  40218506us req=0xc038464e len=56    rc=0   head=0xc1d0000c
kayfabe-isolate: DOORBELL-STORE #297 host_token=0x0000000b runlist=0 chid=11 → storing 32 bits at USERMODE_NOTIFY_CHANNEL_PENDING=0x90 in the mapped usermode window
kayfabe-isolate: DOORBELL-STORE #297 host_token=0x0000000b ★★★ WROTE — the store instruction executed
IOCTL  40269110us req=0xc038464e len=56    rc=0   head=0xc1d0000b
kayfabe-isolate: DOORBELL-STORE #298 host_token=0x00000008 runlist=0 chid=8 → storing 32 bits at USERMODE_NOTIFY_CHANNEL_PENDING=0x90 in the mapped usermode window
IOCTL  40219348us req=0xc020462b len=32    rc=0   head=0xc1d0000b
IOCTL  40266829us req=0xc0104629 len=16    rc=0   head=0xc1d0000b
kayfabe-isolate: DOORBELL-STORE #296 host_token=0x00000006 runlist=0 chid=6 → storing 32 bits at USERMODE_NOTIFY_CHANNEL_PENDING=0x90 in the mapped usermode window
kayfabe-isolate: DOORBELL-STORE #296 host_token=0x00000006 ★★★ WROTE — the store instruction executed
kayfabe-isolate: DOORBELL-STORE #298 host_token=0x00000008 ★★★ WROTE — the store instruction executed
IOCTL  40413523us req=0xc0104629 len=16    rc=0   head=0xc1d0000c
IOCTL  40414655us req=0xc038464e len=56    rc=0   head=0xc1d0000c
kayfabe-isolate: DOORBELL-STORE #299 host_token=0x0000000b runlist=0 chid=11 → storing 32 bits at USERMODE_NOTIFY_CHANNEL_PENDING=0x90 in the mapped usermode window
kayfabe-isolate: DOORBELL-STORE #299 host_token=0x0000000b ★★★ WROTE — the store instruction executed
IOCTL  40515540us req=0xc0404657 len=64    rc=0   head=0xc1d0000c
IOCTL  40525735us req=0xc038464e len=[   51.452642] NVRM: dmaAllocMapping_GM107: can't alloc VA space for mapping.
56    rc=0   head=0xc1d0000b
IOCTL  40527778us req=0xc020462b len=32    rc=0   head=0xc1d0000c
[   51.474439] NVRM: dmaAllocMapping_GM107: can't alloc VA space for mapping.
IOCTL  40528746us req=0xc038464e len=56    rc=0   head=0xc1d0000b
IOCTL  40535812us req=0xc0404657 len=64    rc=0   head=0xc1d0000b
IOCTL  40536110us req=0xc038464e len=56    rc=0   head=0xc1d0000b
IOCTL  40537642us req=0xc038464e len=56    rc=0   head=0xc1d0000c
IOCTL  40538218us req=0xc038464e len=56    rc=0   head=0xc1d0000c
IOCTL  40538816us req=0xc038464e len=56    rc=0   head=0xc1d0000b
IOCTL  40539962us req=0xc038464e len=56    rc=0   head=0xc1d0000c
IOCTL  40556242us req=0xc0404657 len=64    rc=0   head=0xc1d0000c
IOCTL  40574521us req=0xc0104629 len=16    rc=0   head=0xc1d0000b
IOCTL  40582961us req=0xc020462b len=32    rc=0   head=0xc1d0000b
IOCTL  40619224us req=0xc020462b len=32    rc=0   head=0xc1d0000b
kayfabe-isolate: DOORBELL-STORE #300 host_token=0x00000006 runlist=0 chid=6 → storing 32 bits at USERMODE_NOTIFY_CHANNEL_PENDING=0x90 in the mapped usermode window
IOCTL  40621365us req=0xc038464e len=56    rc=0   head=0xc1d0000b
IOCTL  40622529us req=0xc038464e len=56    rc=0   head=0xc1d0000c
IOCTL  40686090us req=0xc0104629 len=16    rc=0   head=0xc1d0000c
kayfabe-isolate: DOORBELL-STORE #302 host_token=0x0000000b runlist=0 chid=11 → storing 32 bits at USERMODE_NOTIFY_CHANNEL_PENDING=0x90 in the mapped usermode window
kayfabe-isolate: DOORBELL-STORE #303 host_token=0x00000003 runlist=0 chid=3 → storing 32 bits at USERMODE_NOTIFY_CHANNEL_PENDING=0x90 in the mapped usermode window
kayfabe-isolate: DOORBELL-STORE #303 host_token=0x00000003 ★★★ WROTE — the store instruction executed
kayfabe-isolate: DOORBELL-STORE #301 host_token=0x00000008 runlist=0 chid=8 → storing 32 bits at USERMODE_NOTIFY_CHANNEL_PENDING=0x90 in the mapped usermode window
kayfabe-isolate: DOORBELL-STORE #302 host_token=0x0000000b ★★★ WROTE — the store instruction executed
kayfabe-isolate: DOORBELL-STORE #300 host_token=0x00000006 ★★★ WROTE — the store instruction executed
IOCTL  40742887us req=0xc038464e len=56    rc=0   head=0xc1d0000b
kayfabe-isolate: DOORBELL-STORE #301 host_token=0x00000008 ★★★ WROTE — the store instruction executed
IOCTL  40830730us req=0xc0304658 len=48    rc=0   head=0xc1d0000c
IOCTL  40874643us req=0xc0104629 len=16    rc=0   head=0xc1d0000b
IOCTL  40875459us req=0xc038464e len=56    rc=0   head=0xc1d0000b
IOCTL  40877372us req=0xc038464e len=56    rc=0   head=0xc1d0000c
IOCTL  40878841us req=0xc038464e len=56    rc=0   head=0xc1d0000c
IOCTL  40880038us req=0xc038464e len=56    rc=0   head=0xc1d0000b
IOCTL  40881436us req=0xc038464e len=56    rc=0   head=0xc1d0000b
IOCTL  40882030us req=0xc038464e len=56    rc=0   head=0xc1d0000b
IOCTL  40930530us req=0xc0104629 len=16    rc=0   head=0xc1d0000c
IOCTL  40976976us req=0xc0104629 len=16    rc=0   head=0xc1d0000c
IOCTL  40977119us req=0xc038464e len=56    rc=0   head=0xc1d0000b
IOCTL  40979124us req=0xc038464e len=56    rc=0   head=0xc1d0000c
IOCTL  40981198us req=0xc020462b len=32    rc=0   head=0xc1d0000b
IOCTL  41011375us req=0xc0304658 len=48    rc=0   head=0xc1d0000b
IOCTL  41013394us req=0xc038464e len=56    rc=0   head=0xc1d0000c
IOCTL  41025551us req=0xc038464e len=56    rc=0   head=0xc1d0000b
IOCTL  41113353us req=0xc0404657 len=64    rc=0   head=0xc1d0000c
IOCTL  41122379us req=0xc038464e len=56    rc=0   head=0xc1d0000c
IOCTL  41122456us req=0xc038464e len=56    rc=0   head=0xc1d0000c
IOCTL  41123115us req=0xc038464e len=56    rc=0   head=0xc1d0000b
kayfabe-isolate: DOORBELL-STORE #304 host_token=0x0000000b runlist=0 chid=11 → storing 32 bits at USERMODE_NOTIFY_CHANNEL_PENDING=0x90 in the mapped usermode window
kayfabe-isolate: DOORBELL-STORE #304 host_token=0x0000000b ★★★ WROTE — the store instruction executed
IOCTL  41123761us req=0xc020462b len=32    rc=0   head=0xc1d0000b
IOCTL  41182772us req=0xc038464e len=56    rc=0   head=0xc1d0000b
IOCTL  41227671us req=0xc0104629 len=16    rc=0   head=0xc1d0000b
IOCTL  41324113us req=0xc0404657 len=64    rc=0   head=0xc1d0000c
kayfabe-isolate: DOORBELL-STORE #305 host_token=0x00000006 runlist=[   52.265095] NVRM: dmaAllocMapping_GM107: can't alloc VA space for mapping.
0 chid=6 → storing 32 bits at USERMODE_NOTIFY_CHANNEL_PENDING=0x90 in the mapped usermode window
kayfabe-isolate: DOORBELL-STORE #305 host_token=0x00000006 ★★★ WROTE — the store instruction executed
IOCTL  41339675us req=0xc020462b len=32    rc=0   head=0xc1d0000b
IOCTL  41341512us req=0xc038464e len=56    rc=0   head=0xc1d0000c
IOCTL  41343732us req=0xc020462b len=32    rc=0   head=0xc1d0000c
IOCTL  41349768us req=0xc0404657 len=64    rc=0   head=0xc1d0000b
IOCTL  41351113us req=0xc038464e len=56    rc=0   head=0xc1d0000b
IOCTL  41337809us req=0xc020462b len=32    rc=0   head=0xc1d0000c
IOCTL  41370237us req=0xc038464e len=56    rc=0   head=0xc1d0000c
kayfabe-isolate:[   52.371554] NVRM: dmaAllocMapping_GM107: can't alloc VA space for mapping.
 DOORBELL-STORE #307 host_token=0x00000006 runlist=0 chid=6 → storing 32 bits at USERMODE_NOTIFY_CHANNEL_PENDING=0x90 in the mapped usermode window
kayfabe-isolate: DOORBELL-STORE #307 host_token=0x00000006 ★★★ WROTE — the store instruction executed
kayfabe-isolate: DOORBELL-STORE #306 host_token=0x0000000b runlist=0 chid=11 → storing 32 bits at USERMODE_NOTIFY_CHANNEL_PENDING=0x90 in the mapped usermode window
kayfabe-isolate: DOORBELL-STORE #306 host_token=0x0000000b ★★★ WROTE — the store instruction executed
IOCTL  41419186us req=0xc0104629 len=16    rc=0   head=0xc1d0000b
IOCTL  41502038[   52.426104] NVRM: dmaAllocMapping_GM107: can't alloc VA space for mapping.
us req=0xc0404657 len=64    rc=0   head=0xc1d0000c
IOCTL  41502320us req=0xc038464e len=56    rc=0   head=0xc1d0000b
IOCTL  41508037us req=0xc0404657 len=64    rc=0   head=0xc1d0000b
IOCTL  41511097us req=0xc038464e len=56    rc=0   head=0xc1d0000c
IOCTL  41554401us req=0xc0104629 len=16    rc=0   head=0xc1d0000b
kayfabe-isolate: DOORBELL-STORE #308 host_token=0x00000006 runlist=0 chid=6 → storing 32 bits at USERMODE_NOTIFY_CHANNEL_PENDING=0x90 in the mapped usermode window
kayfabe-isolate: DOORBELL-STORE #308 host_token=0x00000006 ★★★ WROTE — the store instruction executed
IOCTL  41659173us req=0xc038464e len=56    rc=0   head=0xc1d0000b
IOCTL  41659179us req=0xc0404657 len=64    rc=0   head=0xc1d0000c
IOCTL  41666007us req=0xc0104629 len=16    rc=0   head=0xc1d0000b
IOCTL  41672800us req=0xc020462b len=32    rc=0   head=0xc1d0000b
IOCTL  41675790us req=0xc020462b len=32    rc=0   head=0xc1d0000b
IOCTL  41675985us req=0xc038464e len=56    rc=0   head=0xc1d0000b
IOCTL  41677516us req=0xc038464e len=56    rc=0   head=0xc1d0000c
IOCTL  41678381us req=0xc038464e len=56    rc=0   head=0xc1d0000c
IOCTL  41679945us req=0xc0104629 len=16    rc=0   head=0xc1d0000c
IOCTL  41711332us req=0xc0304658 len=48    rc=0   head=0xc1d0000c
kayfabe-isolate: DOORBELL-STORE #309 host_token=0x0000000b runlist=0 chid=11 → storing 32 bits at USERMODE_NOTIFY_CHANNEL_PENDING=0x90 in the mapped usermode window
kayfabe-isolate: DOORBELL-STORE #309 host_token=0x0000000b ★★★ WROTE — the store instruction executed
IOCTL  41807788us req=0xc0404657 len=64    rc=0   head=0xc1d0000b
IOCTL  41897561us req=0xc0404657 len=64    rc=0   head=0xc1d0000c
IOCTL  41898460us req=0xc0104629 len=16    rc=0   head=0xc1d0000b
IOCTL  41899031us req=0xc020462b len=32    rc=0   head=0xc1d0000b
kayfabe-isolate: DOORBELL-STORE #310 host_token=0x00000008 runlist=0 chid=8 → storing 32 bits at USERMODE_NOTIFY_CHANNEL_PENDING=0x90 in the mapped usermode window
kayfabe-isolate: DOORBELL-STORE #310 host_token=0x00000008 ★★★ WROTE — the store instruction executed
IOCTL  42010537us req=0xc0404657[   52.935148] NVRM: dmaAllocMapping_GM107: can't alloc VA space for mapping.
 len=64    rc=0   head=0xc1d0000b
IOCTL  42020194us req=0xc0404657 len=64 [   52.950219] NVRM: dmaAllocMapping_GM107: can't alloc VA space for mapping.
   rc=0   head=0xc1d0000b
IOCTL  42020935us req=0xc038464e len=56    rc=0   head=0xc1d0000c
IOCTL  42023569us req=0xc020462b len=32    rc=0   head=0xc1d0000b
IOCTL  42025283us req=0xc0104629 len=16    rc=0   head=0xc1d0000c
IOCTL [   52.985725] NVRM: dmaAllocMapping_GM107: can't alloc VA space for mapping.
 42026475us req=0xc038464e len=56    rc=0   head=0xc1d0000c
IOCTL  42075676us req=0xc0404657 len=64    rc=0   head=0xc1d0000b
IOCTL  42033305us req=0xc0404657 len=64    rc=0   head=0xc1d0000b
IOCTL  42034673us req=0xc038464e len=56    rc=0   head=0xc1d0000b
IOCTL  42061410us req=0xc0304658 len=48    rc=0   head=0xc1d0000b
IOCTL  42062357us req=0xc0104629 len=16    rc=0   head=0xc1d0000b
IOCTL  42027193us req=0xc020462b len=32    rc=0   head=0xc1d0000c
IOCTL  42129599us req=0xc0104629 len=16    rc=0   head=0xc1d0000b
IOCTL  42077494us req=0xc020462b len=32    rc=0   head=0xc1d0000c
IOCTL  42078029us req=0xc038464e len=56    rc=0   head=0xc1d0000c
IOCTL  42076339us req=0xc020462b len=32    rc=0   head=0xc1d0000c
