[    0.000000] Linux version 6.8.0-59-generic (buildd@lcy02-amd64-117) (x86_64-linux-gnu-gcc-12 (Ubuntu 12.3.0-1ubuntu1~22.04) 12.3.0, GNU ld (GNU Binutils for Ubuntu) 2.38) #61~22.04.1-Ubuntu SMP PREEMPT_DYNAMIC Tue Apr 15 17:03:15 UTC 2 (Ubuntu 6.8.0-59.61~22.04.1-generic 6.8.12)
[    0.264680] Kernel command line: console=ttyS0 panic=1 loglevel=6 KF_ARMS=--ce-client-guest-ram KF_IOCTL_TRACE=verbose KF_BUDGET_S=60
[    0.264751] Unknown kernel command line parameters "KF_ARMS=--ce-client-guest-ram KF_IOCTL_TRACE=verbose KF_BUDGET_S=60", will be passed to user space.
[    0.264760] random: crng init done
[    0.580267] audit: type=2000 audit(1789828188.519:1): state=initialized audit_enabled=0 res=1
[    0.864830] SCSI subsystem initialized
[    2.511721] VFS: Disk quotas dquot_6.6.0
[    2.731875] Initialise system trusted keyrings
[    2.738477] Key type blacklist registered
[    2.752904] integrity: Platform Keyring initialized
[    2.760609] integrity: Machine keyring initialized
[    2.786140] Key type asymmetric registered
[    2.791836] Asymmetric key parser 'x509' registered
[    2.897744] device-mapper: core: CONFIG_IMA_DISABLE_HTABLE is disabled. Duplicate IMA measurements will not be recorded in the IMA log.
[    2.913409] platform eisa.0: EISA: Cannot allocate resource for mainboard
[    2.921835] platform eisa.0: Cannot allocate resource for EISA slot 1
[    2.930000] platform eisa.0: Cannot allocate resource for EISA slot 2
[    2.937870] platform eisa.0: Cannot allocate resource for EISA slot 3
[    2.945513] platform eisa.0: Cannot allocate resource for EISA slot 4
[    2.953259] platform eisa.0: Cannot allocate resource for EISA slot 5
[    2.961066] platform eisa.0: Cannot allocate resource for EISA slot 6
[    2.969225] platform eisa.0: Cannot allocate resource for EISA slot 7
[    2.977220] platform eisa.0: Cannot allocate resource for EISA slot 8
[    7.085250] Key type dns_resolver registered
[    7.107907] Loading compiled-in X.509 certificates
[    7.121056] Loaded X.509 cert 'Build time autogenerated kernel key: 3fa2747ce20c90997bcade15a1cad09daa978788'
[    7.139281] Loaded X.509 cert 'Canonical Ltd. Live Patch Signing: 14df34d1a87cf37625abec039ef2bf521249b969'
[    7.155188] Loaded X.509 cert 'Canonical Ltd. Kernel Module Signing: 88f752e560a1e0737e31163a466ad7b70a850c19'
[    7.169939] blacklist: Loading compiled-in revocation X.509 certificates
[    7.179635] Loaded X.509 cert 'Canonical Ltd. Secure Boot Signing: 61482aa2830d0ab2ad5af10b7250da9033ddcef0'
[    7.193260] Loaded X.509 cert 'Canonical Ltd. Secure Boot Signing (2017): 242ade75ac4a15e50d50c84b0d45ff3eae707a03'
[    7.208149] Loaded X.509 cert 'Canonical Ltd. Secure Boot Signing (ESM 2018): 365188c1d374d6b07c3c8f240f8ef722433d6a8b'
[    7.224751] Loaded X.509 cert 'Canonical Ltd. Secure Boot Signing (2019): c0746fd6c5da3ae827864651ad66ae47fe24b3e8'
[    7.240278] Loaded X.509 cert 'Canonical Ltd. Secure Boot Signing (2021 v1): a8d54bbb3825cfb94fa13c9f8a594a195c107b8d'
[    7.256995] Loaded X.509 cert 'Canonical Ltd. Secure Boot Signing (2021 v2): 4cf046892d6fd3c9a5b03f98d845f90851dc6a8c'
[    7.277314] Loaded X.509 cert 'Canonical Ltd. Secure Boot Signing (2021 v3): 100437bb6de6e469b581e61cd66bce3ef4ed53af'
[    7.296266] Loaded X.509 cert 'Canonical Ltd. Secure Boot Signing (Ubuntu Core 2019): c1d57b8f6b743f23ee41f4f7ee292f06eecadfb9'
[    7.340969] Key type .fscrypt registered
[    7.347112] Key type fscrypt-provisioning registered
[    7.359845] Key type encrypted registered
[    7.365979] Loading compiled-in module X.509 certificates
[    7.374179] Loaded X.509 cert 'Build time autogenerated kernel key: 3fa2747ce20c90997bcade15a1cad09daa978788'
[    7.408001] Unstable clock detected, switching default tracing clock to "global"
[    7.408001] If you want to keep using the local clock, then add:
[    7.408001]   "trace_clock=local"
[    7.408001] on the kernel command line
FASTGUEST: up 7.48s
FASTGUEST: insmod ecc.ko ok
[    7.716570] nvidia: loading out-of-tree module taints kernel.
[    7.722078] nvidia: module verification failed: signature and/or required key missing - tainting kernel
[    7.837953] 
[    7.851351] NVRM: loading NVIDIA UNIX Open Kernel Module for x86_64  580.159.04  Release Build  (dvs-builder@U22-I3-AF04-09-6)  Wed Apr 29 17:15:53 UTC 2026
FASTGUEST: insmod nvidia.ko ok
FASTGUEST: insmod nvidia-uvm.ko ok
FASTGUEST: insmod wmi.ko ok
FASTGUEST: insmod video.ko ok
FASTGUEST: insmod nvidia-modeset.ko ok
FASTGUEST: nodes /dev/nvidia-caps/nvidia-cap1 /dev/nvidia-uvm /dev/nvidia-uvm-tools /dev/nvidia0 /dev/nvidiactl  /dev/nvidia-caps: nvidia-cap1 
FASTGUEST: ready 8.00s
FASTGUEST: arms --ce-client-guest-ram  deadline 49s (budget 60s, 8s already spent booting)
info  RMLADDER DEADLINE = armed (KF_SELF_DEADLINE_MS)
info  RMLADDER ARGV     = [--gpu 0 --ce-client-guest-ram]
[    9.566730] NVRM: nvAssertOkFailedNoLog: Assertion failed: Call not supported [NV_ERR_NOT_SUPPORTED] (0x00000056) returned from pRmApi->Control(pRmApi, pGpu->hInternalClient, pGpu->hInternalSubdevice, NV2080_CTRL_CMD_INTERNAL_INIT_USER_SHARED_DATA, &params, sizeof(params)) @ gpu_user_shared_data.c:233
[    9.584033] NVRM: nvAssertOkFailedNoLog: Assertion failed: Call not supported [NV_ERR_NOT_SUPPORTED] (0x00000056) returned from pRmApi->Control(pRmApi, pGpu->hInternalClient, pGpu->hInternalSubdevice, NV2080_CTRL_CMD_INTERNAL_USER_SHARED_DATA_SET_DATA_POLL, &params, sizeof(params)) @ gpu_user_shared_data.c:268
[    9.658994] NVRM: kperfGpuBoostSyncStateInit_IMPL: Failed to read Sync Gpu Boost init state, status=0x56
[    9.668996] NVRM: kperfGpuBoostSyncStateInit_IMPL: Failed to read Sync Gpu Boost init state, status=0x56
[    9.675725] NVRM: nvAssertOkFailedNoLog: Assertion failed: Call not supported [NV_ERR_NOT_SUPPORTED] (0x00000056) returned from pRmApi->Control(pRmApi, pGpu->hInternalClient, pGpu->hInternalSubdevice, NV2080_CTRL_CMD_INTERNAL_CE_GET_PCE_CONFIG_FOR_LCE_TYPE, &pceConfigParams, sizeof(pceConfigParams)) @ kernel_ce.c:1020
[    9.694081] NVRM: nvAssertOkFailedNoLog: Assertion failed: Call not supported [NV_ERR_NOT_SUPPORTED] (0x00000056) returned from kceGetPceConfigForLceType(pGpu, pKCe, NV2080_CTRL_CE_LCE_TYPE_DECOMP, &numPcesPerLce, &numLces, &supportedPceMask, &supportedLceMask, &pcesPerHshub) @ kernel_ce_gp100.c:62
[   10.414770] NVRM: rpcRmApiAlloc_GSP: GspRmAlloc failed: hClient=0xc1d00009; hParent=0x31415903; hObject=0x3141590f; hClass=0x00000070; paramsSize=0x00000018; paramsStatus=0x00000000; status=0x00000056
[   10.500385] NVRM: rpcRmApiAlloc_GSP: GspRmAlloc failed: hClient=0xc1d00009; hParent=0x31415903; hObject=0x31415900; hClass=0x0000c36f; paramsSize=0x00000170; paramsStatus=0x00000000; status=0x00000056
[   10.671577] NVRM: nvCheckOkFailedNoLog: Check failed: Call not supported [NV_ERR_NOT_SUPPORTED] (0x00000056) returned from kgrobjPromoteContext(pGpu, pKernelGraphicsObject, pKernelGraphics) @ kernel_graphics_object.c:224
[   10.695032] NVRM: nvAssertFailedNoLog: Assertion failed: status == NV_OK @ kernel_rc_watchdog.c:1198
[   10.702202] NVRM: rpcRmApiFree_GSP: GspRmFree failed: hClient=0xc1d00009; hObject=0x31415900; paramsStatus=0x00000000; status=0x00000056
[   10.740680] NVRM: vaListDestroy: non-zero mapCount(pVaList): 0x1
[   10.745931] NVRM: vaListDestroy: non-zero mapCount(pVaList): 0x1
[   10.751446] NVRM: vaListDestroy: non-zero mapCount(pVaList): 0x1
[   10.757372] NVRM: vaListDestroy: non-zero mapCount(pVaList): 0x1
[   10.797636] NVRM: rpcRmApiFree_GSP: GspRmFree failed: hClient=0xc1d00009; hObject=0x3141590f; paramsStatus=0x00000000; status=0x00000056
[   10.808712] NVRM: nvAssertFailedNoLog: Assertion failed: (status == NV_OK) || (status == NV_ERR_GPU_IN_FULLCHIP_RESET) @ mem.c:180
[   10.857228] NVRM: rpcRmApiAlloc_GSP: GspRmAlloc failed: hClient=0xc1d0000a; hParent=0xcaf00001; hObject=0xcaf00002; hClass=0x0000402c; paramsSize=0x00000000; paramsStatus=0x00000000; status=0x00000056
IOCTL         0us req=0xc04846d2 len=72    rc=0   head=0x00000032
IOCTL      8447us req=0xc00446c9 len=4     rc=0   head=0x00000004
IOCTL      9605us req=0xc020462b len=32    rc=0   head=0x00000000
IOCTL     14029us req=0xc020462b len=32    rc=0   head=0xc1d0000b
IOCTL     22329us req=0xc020462b len=32    rc=0   head=0xc1d0000b
IOCTL     23717us req=0xc020462b len=32    rc=0   head=0xc1d0000b
IOCTL     33358us req=0xc038464e len=56    rc=0   head=0xc1d0000b
ok    R2 version         = "580.159.04"
ok    R4 hClient         = 0xc1d0000b
ok    R6 hSubdevice      = 0xcafe0002
REV_UNDER_TEST=8176538aee3e618a84a59ea51582e48959e7da0a
info  R34 guest-RAM CE   = GPU 0 — a CE copy whose SOURCE is NV01_MEMORY_SYSTEM (guest RAM, run inside the guest), placed behind 13000 further guest-RAM rows declared FIRST so the operand is the freshest row a bounded backing pass reaches LAST. ⊘ R33 cannot express this: both its operands are `alloc_device_local`, so no engine in it reads guest RAM at all
IOCTL    106245us req=0xc020462b len=32    rc=0   head=0xc1d0000b
[   11.020680] NVRM: rpcRmApiAlloc_GSP: GspRmAlloc failed: hClient=0xc1d0000b; hParent=0xcafe0001; hObject=0xcafe0005; hClass=0x00000070; paramsSize=0x00000018; paramsStatus=0x00000000; status=0x00000056
IOCTL    144319us req=0xc020462b len=32    rc=0   head=0xc1d0000b
IOCTL    150353us req=0xc0384627 len=56    rc=0   head=0xc1d0000b
IOCTL    192467us req=0xc0404657 len=64    rc=0   head=0xc1d0000b
IOCTL    258858us req=0xc020462b len=32    rc=0   head=0xc1d0000b
[   11.157059] NVRM: rpcRmApiAlloc_GSP: GspRmAlloc failed: hClient=0xc1d0000b; hParent=0xcafe0001; hObject=0xcafe0008; hClass=0x00000070; paramsSize=0x00000018; paramsStatus=0x00000000; status=0x00000056
IOCTL    278157us req=0xc020462b len=32    rc=0   head=0xc1d0000b
IOCTL    305548us req=0xc0404657 len=64    rc=0   head=0xc1d0000b
IOCTL    310438us req=0xc0384627 len=56    rc=0   head=0xc1d0000b
IOCTL    320463us req=0xc0404657 len=64    rc=0   head=0xc1d0000b
IOCTL    329547us req=0xc0404657 len=64    rc=0   head=0xc1d0000b
IOCTL    334292us req=0xc0384627 len=56    rc=0   head=0xc1d0000b
IOCTL    343331us req=0xc0404657 len=64    rc=0   head=0xc1d0000b
IOCTL    352593us req=0xc0404657 len=64    rc=0   head=0xc1d0000b
IOCTL    357427us req=0xc0384627 len=56    rc=0   head=0xc1d0000b
IOCTL    366392us req=0xc0404657 len=64    rc=0   head=0xc1d0000b
IOCTL    375571us req=0xc0404657 len=64    rc=0   head=0xc1d0000b
IOCTL    380276us req=0xc0384627 len=56    rc=0   head=0xc1d0000b
IOCTL    389297us req=0xc0404657 len=64    rc=0   head=0xc1d0000b
IOCTL    398647us req=0xc0404657 len=64    rc=0   head=0xc1d0000b
IOCTL    403287us req=0xc0384627 len=56    rc=0   head=0xc1d0000b
IOCTL    412330us req=0xc0404657 len=64    rc=0   head=0xc1d0000b
IOCTL    421332us req=0xc0404657 len=64    rc=0   head=0xc1d0000b
IOCTL    425893us req=0xc0384627 len=56    rc=0   head=0xc1d0000b
IOCTL    435132us req=0xc0404657 len=64    rc=0   head=0xc1d0000b
IOCTL    444129us req=0xc0404657 len=64    rc=0   head=0xc1d0000b
IOCTL    448673us req=0xc0384627 len=56    rc=0   head=0xc1d0000b
IOCTL    458843us req=0xc0404657 len=64    rc=0   head=0xc1d0000b
IOCTL    467917us req=0xc0404657 len=64    rc=0   head=0xc1d0000b
IOCTL    472539us req=0xc0384627 len=56    rc=0   head=0xc1d0000b
IOCTL    481524us req=0xc0404657 len=64    rc=0   head=0xc1d0000b
IOCTL    490557us req=0xc0404657 len=64    rc=0   head=0xc1d0000b
IOCTL    495265us req=0xc0384627 len=56    rc=0   head=0xc1d0000b
IOCTL    504345us req=0xc0404657 len=64    rc=0   head=0xc1d0000b
IOCTL    513657us req=0xc0404657 len=64    rc=0   head=0xc1d0000b
IOCTL    518496us req=0xc0384627 len=56    rc=0   head=0xc1d0000b
IOCTL    527815us req=0xc0404657 len=64    rc=0   head=0xc1d0000b
IOCTL    537681us req=0xc0404657 len=64    rc=0   head=0xc1d0000b
IOCTL    542284us req=0xc0384627 len=56    rc=0   head=0xc1d0000b
IOCTL    551409us req=0xc0404657 len=64    rc=0   head=0xc1d0000b
IOCTL    560365us req=0xc0404657 len=64    rc=0   head=0xc1d0000b
IOCTL    564980us req=0xc0384627 len=56    rc=0   head=0xc1d0000b
IOCTL    573958us req=0xc0404657 len=64    rc=0   head=0xc1d0000b
IOCTL    582981us req=0xc0404657 len=64    rc=0   head=0xc1d0000b
IOCTL    587497us req=0xc0384627 len=56    rc=0   head=0xc1d0000b
IOCTL    596547us req=0xc0404657 len=64    rc=0   head=0xc1d0000b
IOCTL    605448us req=0xc0404657 len=64    rc=0   head=0xc1d0000b
IOCTL    610247us req=0xc0384627 len=56    rc=0   head=0xc1d0000b
IOCTL    620235us req=0xc0404657 len=64    rc=0   head=0xc1d0000b
IOCTL    630171us req=0xc0404657 len=64    rc=0   head=0xc1d0000b
IOCTL    634739us req=0xc0384627 len=56    rc=0   head=0xc1d0000b
IOCTL    643778us req=0xc0404657 len=64    rc=0   head=0xc1d0000b
IOCTL    652765us req=0xc0404657 len=64    rc=0   head=0xc1d0000b
IOCTL    657385us req=0xc0384627 len=56    rc=0   head=0xc1d0000b
IOCTL    666848us req=0xc0404657 len=64    rc=0   head=0xc1d0000b
IOCTL    677012us req=0xc0404657 len=64    rc=0   head=0xc1d0000b
IOCTL    681567us req=0xc0384627 len=56    rc=0   head=0xc1d0000b
IOCTL    691283us req=0xc0404657 len=64    rc=0   head=0xc1d0000b
IOCTL    700680us req=0xc0404657 len=64    rc=0   head=0xc1d0000b
IOCTL    705288us req=0xc0384627 len=56    rc=0   head=0xc1d0000b
IOCTL    714689us req=0xc0404657 len=64    rc=0   head=0xc1d0000b
IOCTL    724299us req=0xc0404657 len=64    rc=0   head=0xc1d0000b
IOCTL    728980us req=0xc0384627 len=56    rc=0   head=0xc1d0000b
IOCTL    738525us req=0xc0404657 len=64    rc=0   head=0xc1d0000b
IOCTL    748194us req=0xc0404657 len=64    rc=0   head=0xc1d0000b
IOCTL    752714us req=0xc0384627 len=56    rc=0   head=0xc1d0000b
IOCTL    762336us req=0xc0404657 len=64    rc=0   head=0xc1d0000b
IOCTL    773164us req=0xc0404657 len=64    rc=0   head=0xc1d0000b
IOCTL    777669us req=0xc0384627 len=56    rc=0   head=0xc1d0000b
IOCTL    788046us req=0xc0404657 len=64    rc=0   head=0xc1d0000b
IOCTL    798312us req=0xc0404657 len=64    rc=0   head=0xc1d0000b
IOCTL    802918us req=0xc0384627 len=56    rc=0   head=0xc1d0000b
IOCTL    813236us req=0xc0404657 len=64    rc=0   head=0xc1d0000b
IOCTL    824254us req=0xc0404657 len=64    rc=0   head=0xc1d0000b
IOCTL    829486us req=0xc0384627 len=56    rc=0   head=0xc1d0000b
IOCTL    841459us req=0xc0404657 len=64    rc=0   head=0xc1d0000b
IOCTL    854484us req=0xc0404657 len=64    rc=0   head=0xc1d0000b
IOCTL    859633us req=0xc0384627 len=56    rc=0   head=0xc1d0000b
IOCTL    870810us req=0xc0404657 len=64    rc=0   head=0xc1d0000b
IOCTL    881862us req=0xc0404657 len=64    rc=0   head=0xc1d0000b
IOCTL    886625us req=0xc0384627 len=56    rc=0   head=0xc1d0000b
IOCTL    897463us req=0xc0404657 len=64    rc=0   head=0xc1d0000b
IOCTL    908221us req=0xc0404657 len=64    rc=0   head=0xc1d0000b
IOCTL    912739us req=0xc0384627 len=56    rc=0   head=0xc1d0000b
IOCTL    923836us req=0xc0404657 len=64    rc=0   head=0xc1d0000b
IOCTL    935758us req=0xc0404657 len=64    rc=0   head=0xc1d0000b
IOCTL    940993us req=0xc0384627 len=56    rc=0   head=0xc1d0000b
IOCTL    952246us req=0xc0404657 len=64    rc=0   head=0xc1d0000b
IOCTL    962960us req=0xc0404657 len=64    rc=0   head=0xc1d0000b
IOCTL    967904us req=0xc0384627 len=56    rc=0   head=0xc1d0000b
IOCTL    978431us req=0xc0404657 len=64    rc=0   head=0xc1d0000b
IOCTL    988596us req=0xc0404657 len=64    rc=0   head=0xc1d0000b
IOCTL    993180us req=0xc0384627 len=56    rc=0   head=0xc1d0000b
IOCTL   1003264us req=0xc0404657 len=64    rc=0   head=0xc1d0000b
IOCTL   1012840us req=0xc0404657 len=64    rc=0   head=0xc1d0000b
IOCTL   1017372us req=0xc0384627 len=56    rc=0   head=0xc1d0000b
IOCTL   1028597us req=0xc0404657 len=64    rc=0   head=0xc1d0000b
IOCTL   1039991us req=0xc0404657 len=64    rc=0   head=0xc1d0000b
IOCTL   1044542us req=0xc0384627 len=56    rc=0   head=0xc1d0000b
IOCTL   1055819us req=0xc0404657 len=64    rc=0   head=0xc1d0000b
IOCTL   1067051us req=0xc0404657 len=64    rc=0   head=0xc1d0000b
IOCTL   1071700us req=0xc0384627 len=56    rc=0   head=0xc1d0000b
IOCTL   1082865us req=0xc0404657 len=64    rc=0   head=0xc1d0000b
IOCTL   1094159us req=0xc0404657 len=64    rc=0   head=0xc1d0000b
IOCTL   1098751us req=0xc0384627 len=56    rc=0   head=0xc1d0000b
IOCTL   1109793us req=0xc0404657 len=64    rc=0   head=0xc1d0000b
IOCTL   1119833us req=0xc0404657 len=64    rc=0   head=0xc1d0000b
IOCTL   1124362us req=0xc0384627 len=56    rc=0   head=0xc1d0000b
IOCTL   1134661us req=0xc0404657 len=64    rc=0   head=0xc1d0000b
IOCTL   1145840us req=0xc0404657 len=64    rc=0   head=0xc1d0000b
IOCTL   1150435us req=0xc0384627 len=56    rc=0   head=0xc1d0000b
IOCTL   1161572us req=0xc0404657 len=64    rc=0   head=0xc1d0000b
IOCTL   1172834us req=0xc0404657 len=64    rc=0   head=0xc1d0000b
IOCTL   1178028us req=0xc0384627 len=56    rc=0   head=0xc1d0000b
IOCTL   1189055us req=0xc0404657 len=64    rc=0   head=0xc1d0000b
IOCTL   1200234us req=0xc0404657 len=64    rc=0   head=0xc1d0000b
IOCTL   1205274us req=0xc0384627 len=56    rc=0   head=0xc1d0000b
IOCTL   1216539us req=0xc0404657 len=64    rc=0   head=0xc1d0000b
IOCTL   1226739us req=0xc0404657 len=64    rc=0   head=0xc1d0000b
IOCTL   1232134us req=0xc0384627 len=56    rc=0   head=0xc1d0000b
IOCTL   1243018us req=0xc0404657 len=64    rc=0   head=0xc1d0000b
IOCTL   1254244us req=0xc0404657 len=64    rc=0   head=0xc1d0000b
IOCTL   1259293us req=0xc0384627 len=56    rc=0   head=0xc1d0000b
IOCTL   1270634us req=0xc0404657 len=64    rc=0   head=0xc1d0000b
IOCTL   1282284us req=0xc0404657 len=64    rc=0   head=0xc1d0000b
IOCTL   1287453us req=0xc0384627 len=56    rc=0   head=0xc1d0000b
IOCTL   1298911us req=0xc0404657 len=64    rc=0   head=0xc1d0000b
IOCTL   1310380us req=0xc0404657 len=64    rc=0   head=0xc1d0000b
IOCTL   1315310us req=0xc0384627 len=56    rc=0   head=0xc1d0000b
IOCTL   1326431us req=0xc0404657 len=64    rc=0   head=0xc1d0000b
IOCTL   1337734us req=0xc0404657 len=64    rc=0   head=0xc1d0000b
IOCTL   1342915us req=0xc0384627 len=56    rc=0   head=0xc1d0000b
IOCTL   1353289us req=0xc0404657 len=64    rc=0   head=0xc1d0000b
IOCTL   1363360us req=0xc0404657 len=64    rc=0   head=0xc1d0000b
IOCTL   1369354us req=0xc0384627 len=56    rc=0   head=0xc1d0000b
IOCTL   1379394us req=0xc0404657 len=64    rc=0   head=0xc1d0000b
IOCTL   1389335us req=0xc0404657 len=64    rc=0   head=0xc1d0000b
IOCTL   1394737us req=0xc0384627 len=56    rc=0   head=0xc1d0000b
IOCTL   1404493us req=0xc0404657 len=64    rc=0   head=0xc1d0000b
IOCTL   1414144us req=0xc0404657 len=64    rc=0   head=0xc1d0000b
IOCTL   1419311us req=0xc0384627 len=56    rc=0   head=0xc1d0000b
IOCTL   1430162us req=0xc0404657 len=64    rc=0   head=0xc1d0000b
IOCTL   1440337us req=0xc0404657 len=64    rc=0   head=0xc1d0000b
IOCTL   1445378us req=0xc0384627 len=56    rc=0   head=0xc1d0000b
IOCTL   1455770us req=0xc0404657 len=64    rc=0   head=0xc1d0000b
IOCTL   1466311us req=0xc0404657 len=64    rc=0   head=0xc1d0000b
IOCTL   1471424us req=0xc0384627 len=56    rc=0   head=0xc1d0000b
IOCTL   1480824us req=0xc0404657 len=64    rc=0   head=0xc1d0000b
IOCTL   1491371us req=0xc0404657 len=64    rc=0   head=0xc1d0000b
IOCTL   1496458us req=0xc0384627 len=56    rc=0   head=0xc1d0000b
IOCTL   1506820us req=0xc0404657 len=64    rc=0   head=0xc1d0000b
IOCTL   1516431us req=0xc0404657 len=64    rc=0   head=0xc1d0000b
IOCTL   1521606us req=0xc0384627 len=56    rc=0   head=0xc1d0000b
IOCTL   1531324us req=0xc0404657 len=64    rc=0   head=0xc1d0000b
IOCTL   1540911us req=0xc0404657 len=64    rc=0   head=0xc1d0000b
IOCTL   1546217us req=0xc0384627 len=56    rc=0   head=0xc1d0000b
IOCTL   1555468us req=0xc0404657 len=64    rc=0   head=0xc1d0000b
IOCTL   1564977us req=0xc0404657 len=64    rc=0   head=0xc1d0000b
IOCTL   1569990us req=0xc0384627 len=56    rc=0   head=0xc1d0000b
IOCTL   1579349us req=0xc0404657 len=64    rc=0   head=0xc1d0000b
IOCTL   1588760us req=0xc0404657 len=64    rc=0   head=0xc1d0000b
IOCTL   1593908us req=0xc0384627 len=56    rc=0   head=0xc1d0000b
IOCTL   1606500us req=0xc0404657 len=64    rc=0   head=0xc1d0000b
IOCTL   1616668us req=0xc0404657 len=64    rc=0   head=0xc1d0000b
IOCTL   1621647us req=0xc0384627 len=56    rc=0   head=0xc1d0000b
IOCTL   1632117us req=0xc0404657 len=64    rc=0   head=0xc1d0000b
IOCTL   1642562us req=0xc0404657 len=64    rc=0   head=0xc1d0000b
IOCTL   1647960us req=0xc0384627 len=56    rc=0   head=0xc1d0000b
IOCTL   1659232us req=0xc0404657 len=64    rc=0   head=0xc1d0000b
IOCTL   1670436us req=0xc0404657 len=64    rc=0   head=0xc1d0000b
IOCTL   1675425us req=0xc0384627 len=56    rc=0   head=0xc1d0000b
IOCTL   1685700us req=0xc0404657 len=64    rc=0   head=0xc1d0000b
IOCTL   1696263us req=0xc0404657 len=64    rc=0   head=0xc1d0000b
IOCTL   1701169us req=0xc0384627 len=56    rc=0   head=0xc1d0000b
IOCTL   1711321us req=0xc0404657 len=64    rc=0   head=0xc1d0000b
IOCTL   1721887us req=0xc0404657 len=64    rc=0   head=0xc1d0000b
IOCTL   1726965us req=0xc0384627 len=56    rc=0   head=0xc1d0000b
IOCTL   1737215us req=0xc0404657 len=64    rc=0   head=0xc1d0000b
IOCTL   1746629us req=0xc0404657 len=64    rc=0   head=0xc1d0000b
IOCTL   1751585us req=0xc0384627 len=56    rc=0   head=0xc1d0000b
IOCTL   1764353us req=0xc0404657 len=64    rc=0   head=0xc1d0000b
IOCTL   1774157us req=0xc0404657 len=64    rc=0   head=0xc1d0000b
IOCTL   1779290us req=0xc0384627 len=56    rc=0   head=0xc1d0000b
IOCTL   1788639us req=0xc0404657 len=64    rc=0   head=0xc1d0000b
IOCTL   1799156us req=0xc0404657 len=64    rc=0   head=0xc1d0000b
IOCTL   1804159us req=0xc0384627 len=56    rc=0   head=0xc1d0000b
IOCTL   1815364us req=0xc0404657 len=64    rc=0   head=0xc1d0000b
IOCTL   1827452us req=0xc0404657 len=64    rc=0   head=0xc1d0000b
IOCTL   1834061us req=0xc0384627 len=56    rc=0   head=0xc1d0000b
IOCTL   1846113us req=0xc0404657 len=64    rc=0   head=0xc1d0000b
IOCTL   1858169us req=0xc0404657 len=64    rc=0   head=0xc1d0000b
IOCTL   1863656us req=0xc0384627 len=56    rc=0   head=0xc1d0000b
IOCTL   1875258us req=0xc0404657 len=64    rc=0   head=0xc1d0000b
IOCTL   1886502us req=0xc0404657 len=64    rc=0   head=0xc1d0000b
IOCTL   1891690us req=0xc0384627 len=56    rc=0   head=0xc1d0000b
IOCTL   1903191us req=0xc0404657 len=64    rc=0   head=0xc1d0000b
IOCTL   1914506us req=0xc0404657 len=64    rc=0   head=0xc1d0000b
IOCTL   1919510us req=0xc0384627 len=56    rc=0   head=0xc1d0000b
IOCTL   1936014us req=0xc0404657 len=64    rc=0   head=0xc1d0000b
IOCTL   1955181us req=0xc0404657 len=64    rc=0   head=0xc1d0000b
IOCTL   1960469us req=0xc0384627 len=56    rc=0   head=0xc1d0000b
IOCTL   1980120us req=0xc0404657 len=64    rc=0   head=0xc1d0000b
IOCTL   1999200us req=0xc0404657 len=64    rc=0   head=0xc1d0000b
IOCTL   2006462us req=0xc0384627 len=56    rc=0   head=0xc1d0000b
IOCTL   2028293us req=0xc0404657 len=64    rc=0   head=0xc1d0000b
IOCTL   2048394us req=0xc0404657 len=64    rc=0   head=0xc1d0000b
IOCTL   2054018us req=0xc0384627 len=56    rc=0   head=0xc1d0000b
IOCTL   2073586us req=0xc0404657 len=64    rc=0   head=0xc1d0000b
IOCTL   2092755us req=0xc0404657 len=64    rc=0   head=0xc1d0000b
IOCTL   2098006us req=0xc0384627 len=56    rc=0   head=0xc1d0000b
IOCTL   2117211us req=0xc0404657 len=64    rc=0   head=0xc1d0000b
IOCTL   2136364us req=0xc0404657 len=64    rc=0   head=0xc1d0000b
IOCTL   2141723us req=0xc0384627 len=56    rc=0   head=0xc1d0000b
IOCTL   2161016us req=0xc0404657 len=64    rc=0   head=0xc1d0000b
IOCTL   2180326us req=0xc0404657 len=64    rc=0   head=0xc1d0000b
IOCTL   2185455us req=0xc0384627 len=56    rc=0   head=0xc1d0000b
IOCTL   2204528us req=0xc0404657 len=64    rc=0   head=0xc1d0000b
IOCTL   2223787us req=0xc0404657 len=64    rc=0   head=0xc1d0000b
IOCTL   2229300us req=0xc0384627 len=56    rc=0   head=0xc1d0000b
IOCTL   2248164us req=0xc0404657 len=64    rc=0   head=0xc1d0000b
IOCTL   2268272us req=0xc0404657 len=64    rc=0   head=0xc1d0000b
IOCTL   2276389us req=0xc0384627 len=56    rc=0   head=0xc1d0000b
IOCTL   2297136us req=0xc0404657 len=64    rc=0   head=0xc1d0000b
IOCTL   2316382us req=0xc0404657 len=64    rc=0   head=0xc1d0000b
IOCTL   2329985us req=0xc0384627 len=56    rc=0   head=0xc1d0000b
IOCTL   2357782us req=0xc0404657 len=64    rc=0   head=0xc1d0000b
IOCTL   2386227us req=0xc0404657 len=64    rc=0   head=0xc1d0000b
IOCTL   2398831us req=0xc0384627 len=56    rc=0   head=0xc1d0000b
IOCTL   2425771us req=0xc0404657 len=64    rc=0   head=0xc1d0000b
IOCTL   2452224us req=0xc0404657 len=64    rc=0   head=0xc1d0000b
IOCTL   2464164us req=0xc0384627 len=56    rc=0   head=0xc1d0000b
IOCTL   2490472us req=0xc0404657 len=64    rc=0   head=0xc1d0000b
IOCTL   2516764us req=0xc0404657 len=64    rc=0   head=0xc1d0000b
IOCTL   2528901us req=0xc0384627 len=56    rc=0   head=0xc1d0000b
IOCTL   2556047us req=0xc0404657 len=64    rc=0   head=0xc1d0000b
IOCTL   2583205us req=0xc0404657 len=64    rc=0   head=0xc1d0000b
IOCTL   2594717us req=0xc0384627 len=56    rc=0   head=0xc1d0000b
IOCTL   2622363us req=0xc0404657 len=64    rc=0   head=0xc1d0000b
IOCTL   2651793us req=0xc0404657 len=64    rc=0   head=0xc1d0000b
IOCTL   2664154us req=0xc0384627 len=56    rc=0   head=0xc1d0000b
IOCTL   2691640us req=0xc0404657 len=64    rc=0   head=0xc1d0000b
IOCTL   2722002us req=0xc0404657 len=64    rc=0   head=0xc1d0000b
IOCTL   2734344us req=0xc0384627 len=56    rc=0   head=0xc1d0000b
IOCTL   2762892us req=0xc0404657 len=64    rc=0   head=0xc1d0000b
IOCTL   2793251us req=0xc0404657 len=64    rc=0   head=0xc1d0000b
IOCTL   2807912us req=0xc0384627 len=56    rc=0   head=0xc1d0000b
IOCTL   2839455us req=0xc0404657 len=64    rc=0   head=0xc1d0000b
IOCTL   2872499us req=0xc0404657 len=64    rc=0   head=0xc1d0000b
IOCTL   2885175us req=0xc0384627 len=56    rc=0   head=0xc1d0000b
IOCTL   2914175us req=0xc0404657 len=64    rc=0   head=0xc1d0000b
IOCTL   2941689us req=0xc0404657 len=64    rc=0   head=0xc1d0000b
IOCTL   2952870us req=0xc0384627 len=56    rc=0   head=0xc1d0000b
IOCTL   2982380us req=0xc0404657 len=64    rc=0   head=0xc1d0000b
IOCTL   3011321us req=0xc0404657 len=64    rc=0   head=0xc1d0000b
IOCTL   3022822us req=0xc0384627 len=56    rc=0   head=0xc1d0000b
IOCTL   3052157us req=0xc0404657 len=64    rc=0   head=0xc1d0000b
IOCTL   3081252us req=0xc0404657 len=64    rc=0   head=0xc1d0000b
IOCTL   3092431us req=0xc0384627 len=56    rc=0   head=0xc1d0000b
IOCTL   3120883us req=0xc0404657 len=64    rc=0   head=0xc1d0000b
IOCTL   3147970us req=0xc0404657 len=64    rc=0   head=0xc1d0000b
IOCTL   3159582us req=0xc0384627 len=56    rc=0   head=0xc1d0000b
IOCTL   3191018us req=0xc0404657 len=64    rc=0   head=0xc1d0000b
IOCTL   3224715us req=0xc0404657 len=64    rc=0   head=0xc1d0000b
IOCTL   3239476us req=0xc0384627 len=56    rc=0   head=0xc1d0000b
IOCTL   3273386us req=0xc0404657 len=64    rc=0   head=0xc1d0000b
IOCTL   3307602us req=0xc0404657 len=64    rc=0   head=0xc1d0000b
IOCTL   3322159us req=0xc0384627 len=56    rc=0   head=0xc1d0000b
IOCTL   3355315us req=0xc0404657 len=64    rc=0   head=0xc1d0000b
IOCTL   3389352us req=0xc0404657 len=64    rc=0   head=0xc1d0000b
IOCTL   3403619us req=0xc0384627 len=56    rc=0   head=0xc1d0000b
IOCTL   3436987us req=0xc0404657 len=64    rc=0   head=0xc1d0000b
IOCTL   3466843us req=0xc0404657 len=64    rc=0   head=0xc1d0000b
IOCTL   3479262us req=0xc0384627 len=56    rc=0   head=0xc1d0000b
IOCTL   3506480us req=0xc0404657 len=64    rc=0   head=0xc1d0000b
IOCTL   3535327us req=0xc0404657 len=64    rc=0   head=0xc1d0000b
IOCTL   3547423us req=0xc0384627 len=56    rc=0   head=0xc1d0000b
IOCTL   3576986us req=0xc0404657 len=64    rc=0   head=0xc1d0000b
IOCTL   3607179us req=0xc0404657 len=64    rc=0   head=0xc1d0000b
IOCTL   3619194us req=0xc0384627 len=56    rc=0   head=0xc1d0000b
IOCTL   3649971us req=0xc0404657 len=64    rc=0   head=0xc1d0000b
IOCTL   3682603us req=0xc0404657 len=64    rc=0   head=0xc1d0000b
IOCTL   3694504us req=0xc0384627 len=56    rc=0   head=0xc1d0000b
IOCTL   3724642us req=0xc0404657 len=64    rc=0   head=0xc1d0000b
IOCTL   3754986us req=0xc0404657 len=64    rc=0   head=0xc1d0000b
IOCTL   3766295us req=0xc0384627 len=56    rc=0   head=0xc1d0000b
IOCTL   3795323us req=0xc0404657 len=64    rc=0   head=0xc1d0000b
IOCTL   3823657us req=0xc0404657 len=64    rc=0   head=0xc1d0000b
IOCTL   3835465us req=0xc0384627 len=56    rc=0   head=0xc1d0000b
IOCTL   3864872us req=0xc0404657 len=64    rc=0   head=0xc1d0000b
IOCTL   3896047us req=0xc0404657 len=64    rc=0   head=0xc1d0000b
IOCTL   3907505us req=0xc0384627 len=56    rc=0   head=0xc1d0000b
IOCTL   3936145us req=0xc0404657 len=64    rc=0   head=0xc1d0000b
IOCTL   3964176us req=0xc0404657 len=64    rc=0   head=0xc1d0000b
IOCTL   3974847us req=0xc0384627 len=56    rc=0   head=0xc1d0000b
IOCTL   4003703us req=0xc0404657 len=64    rc=0   head=0xc1d0000b
IOCTL   4031299us req=0xc0404657 len=64    rc=0   head=0xc1d0000b
IOCTL   4042342us req=0xc0384627 len=56    rc=0   head=0xc1d0000b
IOCTL   4073312us req=0xc0404657 len=64    rc=0   head=0xc1d0000b
IOCTL   4102059us req=0xc0404657 len=64    rc=0   head=0xc1d0000b
IOCTL   4113294us req=0xc0384627 len=56    rc=0   head=0xc1d0000b
IOCTL   4141743us req=0xc0404657 len=64    rc=0   head=0xc1d0000b
IOCTL   4169403us req=0xc0404657 len=64    rc=0   head=0xc1d0000b
IOCTL   4180404us req=0xc0384627 len=56    rc=0   head=0xc1d0000b
IOCTL   4209227us req=0xc0404657 len=64    rc=0   head=0xc1d0000b
IOCTL   4236840us req=0xc0404657 len=64    rc=0   head=0xc1d0000b
IOCTL   4248126us req=0xc0384627 len=56    rc=0   head=0xc1d0000b
IOCTL   4277390us req=0xc0404657 len=64    rc=0   head=0xc1d0000b
IOCTL   4303748us req=0xc0404657 len=64    rc=0   head=0xc1d0000b
IOCTL   4314714us req=0xc0384627 len=56    rc=0   head=0xc1d0000b
IOCTL   4341445us req=0xc0404657 len=64    rc=0   head=0xc1d0000b
IOCTL   4367467us req=0xc0404657 len=64    rc=0   head=0xc1d0000b
IOCTL   4378707us req=0xc0384627 len=56    rc=0   head=0xc1d0000b
IOCTL   4404545us req=0xc0404657 len=64    rc=0   head=0xc1d0000b
IOCTL   4430327us req=0xc0404657 len=64    rc=0   head=0xc1d0000b
IOCTL   4441500us req=0xc0384627 len=56    rc=0   head=0xc1d0000b
IOCTL   4467209us req=0xc0404657 len=64    rc=0   head=0xc1d0000b
IOCTL   4492562us req=0xc0404657 len=64    rc=0   head=0xc1d0000b
IOCTL   4503511us req=0xc0384627 len=56    rc=0   head=0xc1d0000b
IOCTL   4530817us req=0xc0404657 len=64    rc=0   head=0xc1d0000b
IOCTL   4558348us req=0xc0404657 len=64    rc=0   head=0xc1d0000b
IOCTL   4569317us req=0xc0384627 len=56    rc=0   head=0xc1d0000b
IOCTL   4594964us req=0xc0404657 len=64    rc=0   head=0xc1d0000b
IOCTL   4621232us req=0xc0404657 len=64    rc=0   head=0xc1d0000b
IOCTL   4632334us req=0xc0384627 len=56    rc=0   head=0xc1d0000b
IOCTL   4658335us req=0xc0404657 len=64    rc=0   head=0xc1d0000b
IOCTL   4684688us req=0xc0404657 len=64    rc=0   head=0xc1d0000b
IOCTL   4695577us req=0xc0384627 len=56    rc=0   head=0xc1d0000b
IOCTL   4721229us req=0xc0404657 len=64    rc=0   head=0xc1d0000b
IOCTL   4747002us req=0xc0404657 len=64    rc=0   head=0xc1d0000b
IOCTL   4757799us req=0xc0384627 len=56    rc=0   head=0xc1d0000b
IOCTL   4783781us req=0xc0404657 len=64    rc=0   head=0xc1d0000b
IOCTL   4809371us req=0xc0404657 len=64    rc=0   head=0xc1d0000b
IOCTL   4821219us req=0xc0384627 len=56    rc=0   head=0xc1d0000b
IOCTL   4847434us req=0xc0404657 len=64    rc=0   head=0xc1d0000b
IOCTL   4874034us req=0xc0404657 len=64    rc=0   head=0xc1d0000b
IOCTL   4884857us req=0xc0384627 len=56    rc=0   head=0xc1d0000b
IOCTL   4909983us req=0xc0404657 len=64    rc=0   head=0xc1d0000b
IOCTL   4935354us req=0xc0404657 len=64    rc=0   head=0xc1d0000b
IOCTL   4946316us req=0xc0384627 len=56    rc=0   head=0xc1d0000b
IOCTL   4973476us req=0xc0404657 len=64    rc=0   head=0xc1d0000b
IOCTL   5001276us req=0xc0404657 len=64    rc=0   head=0xc1d0000b
IOCTL   5012297us req=0xc0384627 len=56    rc=0   head=0xc1d0000b
IOCTL   5040319us req=0xc0404657 len=64    rc=0   head=0xc1d0000b
IOCTL   5068462us req=0xc0404657 len=64    rc=0   head=0xc1d0000b
IOCTL   5079432us req=0xc0384627 len=56    rc=0   head=0xc1d0000b
IOCTL   5107712us req=0xc0404657 len=64    rc=0   head=0xc1d0000b
IOCTL   5135639us req=0xc0404657 len=64    rc=0   head=0xc1d0000b
IOCTL   5146450us req=0xc0384627 len=56    rc=0   head=0xc1d0000b
IOCTL   5174811us req=0xc0404657 len=64    rc=0   head=0xc1d0000b
IOCTL   5204047us req=0xc0404657 len=64    rc=0   head=0xc1d0000b
IOCTL   5215288us req=0xc0384627 len=56    rc=0   head=0xc1d0000b
IOCTL   5245294us req=0xc0404657 len=64    rc=0   head=0xc1d0000b
IOCTL   5274975us req=0xc0404657 len=64    rc=0   head=0xc1d0000b
IOCTL   5285979us req=0xc0384627 len=56    rc=0   head=0xc1d0000b
IOCTL   5315911us req=0xc0404657 len=64    rc=0   head=0xc1d0000b
IOCTL   5345364us req=0xc0404657 len=64    rc=0   head=0xc1d0000b
IOCTL   5356376us req=0xc0384627 len=56    rc=0   head=0xc1d0000b
IOCTL   5385364us req=0xc0404657 len=64    rc=0   head=0xc1d0000b
IOCTL   5415043us req=0xc0404657 len=64    rc=0   head=0xc1d0000b
IOCTL   5425817us req=0xc0384627 len=56    rc=0   head=0xc1d0000b
IOCTL   5455339us req=0xc0404657 len=64    rc=0   head=0xc1d0000b
IOCTL   5483478us req=0xc0404657 len=64    rc=0   head=0xc1d0000b
IOCTL   5494688us req=0xc0384627 len=56    rc=0   head=0xc1d0000b
IOCTL   5522759us req=0xc0404657 len=64    rc=0   head=0xc1d0000b
IOCTL   5549994us req=0xc0404657 len=64    rc=0   head=0xc1d0000b
IOCTL   5561000us req=0xc0384627 len=56    rc=0   head=0xc1d0000b
IOCTL   5589322us req=0xc0404657 len=64    rc=0   head=0xc1d0000b
IOCTL   5616167us req=0xc0404657 len=64    rc=0   head=0xc1d0000b
IOCTL   5627286us req=0xc0384627 len=56    rc=0   head=0xc1d0000b
IOCTL   5656251us req=0xc0404657 len=64    rc=0   head=0xc1d0000b
IOCTL   5674608us req=0xc0404657 len=64    rc=0   head=0xc1d0000b
IOCTL   5679533us req=0xc0384627 len=56    rc=0   head=0xc1d0000b
IOCTL   5697240us req=0xc0404657 len=64    rc=0   head=0xc1d0000b
IOCTL   5713361us req=0xc0404657 len=64    rc=0   head=0xc1d0000b
IOCTL   5718377us req=0xc0384627 len=56    rc=0   head=0xc1d0000b
IOCTL   5733757us req=0xc0404657 len=64    rc=0   head=0xc1d0000b
IOCTL   5749586us req=0xc0404657 len=64    rc=0   head=0xc1d0000b
IOCTL   5754796us req=0xc0384627 len=56    rc=0   head=0xc1d0000b
IOCTL   5771133us req=0xc0404657 len=64    rc=0   head=0xc1d0000b
IOCTL   5786886us req=0xc0404657 len=64    rc=0   head=0xc1d0000b
IOCTL   5791739us req=0xc0384627 len=56    rc=0   head=0xc1d0000b
IOCTL   5807637us req=0xc0404657 len=64    rc=0   head=0xc1d0000b
IOCTL   5823757us req=0xc0404657 len=64    rc=0   head=0xc1d0000b
IOCTL   5829239us req=0xc0384627 len=56    rc=0   head=0xc1d0000b
IOCTL   5844983us req=0xc0404657 len=64    rc=0   head=0xc1d0000b
IOCTL   5860771us req=0xc0404657 len=64    rc=0   head=0xc1d0000b
IOCTL   5866288us req=0xc0384627 len=56    rc=0   head=0xc1d0000b
IOCTL   5883184us req=0xc0404657 len=64    rc=0   head=0xc1d0000b
IOCTL   5899608us req=0xc0404657 len=64    rc=0   head=0xc1d0000b
IOCTL   5904800us req=0xc0384627 len=56    rc=0   head=0xc1d0000b
IOCTL   5922398us req=0xc0404657 len=64    rc=0   head=0xc1d0000b
IOCTL   5939733us req=0xc0404657 len=64    rc=0   head=0xc1d0000b
IOCTL   5944690us req=0xc0384627 len=56    rc=0   head=0xc1d0000b
IOCTL   5961301us req=0xc0404657 len=64    rc=0   head=0xc1d0000b
IOCTL   5979316us req=0xc0404657 len=64    rc=0   head=0xc1d0000b
IOCTL   5984310us req=0xc0384627 len=56    rc=0   head=0xc1d0000b
IOCTL   6001813us req=0xc0404657 len=64    rc=0   head=0xc1d0000b
IOCTL   6018628us req=0xc0404657 len=64    rc=0   head=0xc1d0000b
IOCTL   6023708us req=0xc0384627 len=56    rc=0   head=0xc1d0000b
IOCTL   6039830us req=0xc0404657 len=64    rc=0   head=0xc1d0000b
IOCTL   6055640us req=0xc0404657 len=64    rc=0   head=0xc1d0000b
IOCTL   6060660us req=0xc0384627 len=56    rc=0   head=0xc1d0000b
IOCTL   6076458us req=0xc0404657 len=64    rc=0   head=0xc1d0000b
IOCTL   6094372us req=0xc0404657 len=64    rc=0   head=0xc1d0000b
IOCTL   6099416us req=0xc0384627 len=56    rc=0   head=0xc1d0000b
IOCTL   6116845us req=0xc0404657 len=64    rc=0   head=0xc1d0000b
IOCTL   6135591us req=0xc0404657 len=64    rc=0   head=0xc1d0000b
IOCTL   6140513us req=0xc0384627 len=56    rc=0   head=0xc1d0000b
IOCTL   6158224us req=0xc0404657 len=64    rc=0   head=0xc1d0000b
IOCTL   6178363us req=0xc0404657 len=64    rc=0   head=0xc1d0000b
IOCTL   6183492us req=0xc0384627 len=56    rc=0   head=0xc1d0000b
IOCTL   6201496us req=0xc0404657 len=64    rc=0   head=0xc1d0000b
IOCTL   6220799us req=0xc0404657 len=64    rc=0   head=0xc1d0000b
IOCTL   6225696us req=0xc0384627 len=56    rc=0   head=0xc1d0000b
IOCTL   6243226us req=0xc0404657 len=64    rc=0   head=0xc1d0000b
IOCTL   6261959us req=0xc0404657 len=64    rc=0   head=0xc1d0000b
IOCTL   6267234us req=0xc0384627 len=56    rc=0   head=0xc1d0000b
IOCTL   6283751us req=0xc0404657 len=64    rc=0   head=0xc1d0000b
IOCTL   6302658us req=0xc0404657 len=64    rc=0   head=0xc1d0000b
IOCTL   6307694us req=0xc0384627 len=56    rc=0   head=0xc1d0000b
IOCTL   6326223us req=0xc0404657 len=64    rc=0   head=0xc1d0000b
IOCTL   6345664us req=0xc0404657 len=64    rc=0   head=0xc1d0000b
IOCTL   6364470us req=0xc0384627 len=56    rc=0   head=0xc1d0000b
IOCTL   6396597us req=0xc0404657 len=64    rc=0   head=0xc1d0000b
IOCTL   6430878us req=0xc0404657 len=64    rc=0   head=0xc1d0000b
IOCTL   6446104us req=0xc0384627 len=56    rc=0   head=0xc1d0000b
IOCTL   6477687us req=0xc0404657 len=64    rc=0   head=0xc1d0000b
IOCTL   6511396us req=0xc0404657 len=64    rc=0   head=0xc1d0000b
IOCTL   6525913us req=0xc0384627 len=56    rc=0   head=0xc1d0000b
IOCTL   6558298us req=0xc0404657 len=64    rc=0   head=0xc1d0000b
IOCTL   6591494us req=0xc0404657 len=64    rc=0   head=0xc1d0000b
IOCTL   6606312us req=0xc0384627 len=56    rc=0   head=0xc1d0000b
IOCTL   6636455us req=0xc0404657 len=64    rc=0   head=0xc1d0000b
IOCTL   6671401us req=0xc0404657 len=64    rc=0   head=0xc1d0000b
IOCTL   6686707us req=0xc0384627 len=56    rc=0   head=0xc1d0000b
IOCTL   6719505us req=0xc0404657 len=64    rc=0   head=0xc1d0000b
IOCTL   6751681us req=0xc0404657 len=64    rc=0   head=0xc1d0000b
IOCTL   6769851us req=0xc0384627 len=56    rc=0   head=0xc1d0000b
IOCTL   6802808us req=0xc0404657 len=64    rc=0   head=0xc1d0000b
IOCTL   6835780us req=0xc0404657 len=64    rc=0   head=0xc1d0000b
IOCTL   6850622us req=0xc0384627 len=56    rc=0   head=0xc1d0000b
IOCTL   6883618us req=0xc0404657 len=64    rc=0   head=0xc1d0000b
IOCTL   6915801us req=0xc0404657 len=64    rc=0   head=0xc1d0000b
IOCTL   6931107us req=0xc0384627 len=56    rc=0   head=0xc1d0000b
IOCTL   6965287us req=0xc0404657 len=64    rc=0   head=0xc1d0000b
IOCTL   6992465us req=0xc0404657 len=64    rc=0   head=0xc1d0000b
IOCTL   7003403us req=0xc0384627 len=56    rc=0   head=0xc1d0000b
IOCTL   7031721us req=0xc0404657 len=64    rc=0   head=0xc1d0000b
IOCTL   7058899us req=0xc0404657 len=64    rc=0   head=0xc1d0000b
IOCTL   7069756us req=0xc0384627 len=56    rc=0   head=0xc1d0000b
IOCTL   7096621us req=0xc0404657 len=64    rc=0   head=0xc1d0000b
IOCTL   7122160us req=0xc0404657 len=64    rc=0   head=0xc1d0000b
IOCTL   7133186us req=0xc0384627 len=56    rc=0   head=0xc1d0000b
IOCTL   7159026us req=0xc0404657 len=64    rc=0   head=0xc1d0000b
IOCTL   7185329us req=0xc0404657 len=64    rc=0   head=0xc1d0000b
IOCTL   7196335us req=0xc0384627 len=56    rc=0   head=0xc1d0000b
IOCTL   7224008us req=0xc0404657 len=64    rc=0   head=0xc1d0000b
IOCTL   7250975us req=0xc0404657 len=64    rc=0   head=0xc1d0000b
IOCTL   7261856us req=0xc0384627 len=56    rc=0   head=0xc1d0000b
IOCTL   7287456us req=0xc0404657 len=64    rc=0   head=0xc1d0000b
IOCTL   7313846us req=0xc0404657 len=64    rc=0   head=0xc1d0000b
IOCTL   7325447us req=0xc0384627 len=56    rc=0   head=0xc1d0000b
IOCTL   7353318us req=0xc0404657 len=64    rc=0   head=0xc1d0000b
IOCTL   7380177us req=0xc0404657 len=64    rc=0   head=0xc1d0000b
IOCTL   7391198us req=0xc0384627 len=56    rc=0   head=0xc1d0000b
IOCTL   7416794us req=0xc0404657 len=64    rc=0   head=0xc1d0000b
IOCTL   7442134us req=0xc0404657 len=64    rc=0   head=0xc1d0000b
IOCTL   7453145us req=0xc0384627 len=56    rc=0   head=0xc1d0000b
IOCTL   7479166us req=0xc0404657 len=64    rc=0   head=0xc1d0000b
IOCTL   7507749us req=0xc0404657 len=64    rc=0   head=0xc1d0000b
IOCTL   7518545us req=0xc0384627 len=56    rc=0   head=0xc1d0000b
IOCTL   7544240us req=0xc0404657 len=64    rc=0   head=0xc1d0000b
IOCTL   7570367us req=0xc0404657 len=64    rc=0   head=0xc1d0000b
IOCTL   7581164us req=0xc0384627 len=56    rc=0   head=0xc1d0000b
IOCTL   7606502us req=0xc0404657 len=64    rc=0   head=0xc1d0000b
IOCTL   7634271us req=0xc0404657 len=64    rc=0   head=0xc1d0000b
IOCTL   7645188us req=0xc0384627 len=56    rc=0   head=0xc1d0000b
IOCTL   7671838us req=0xc0404657 len=64    rc=0   head=0xc1d0000b
IOCTL   7700841us req=0xc0404657 len=64    rc=0   head=0xc1d0000b
IOCTL   7711548us req=0xc0384627 len=56    rc=0   head=0xc1d0000b
IOCTL   7741023us req=0xc0404657 len=64    rc=0   head=0xc1d0000b
IOCTL   7770661us req=0xc0404657 len=64    rc=0   head=0xc1d0000b
IOCTL   7781343us req=0xc0384627 len=56    rc=0   head=0xc1d0000b
IOCTL   7808549us req=0xc0404657 len=64    rc=0   head=0xc1d0000b
IOCTL   7839130us req=0xc0404657 len=64    rc=0   head=0xc1d0000b
IOCTL   7850704us req=0xc0384627 len=56    rc=0   head=0xc1d0000b
IOCTL   7878053us req=0xc0404657 len=64    rc=0   head=0xc1d0000b
IOCTL   7905164us req=0xc0404657 len=64    rc=0   head=0xc1d0000b
IOCTL   7916449us req=0xc0384627 len=56    rc=0   head=0xc1d0000b
IOCTL   7945467us req=0xc0404657 len=64    rc=0   head=0xc1d0000b
IOCTL   7972603us req=0xc0404657 len=64    rc=0   head=0xc1d0000b
IOCTL   7983450us req=0xc0384627 len=56    rc=0   head=0xc1d0000b
IOCTL   8010806us req=0xc0404657 len=64    rc=0   head=0xc1d0000b
IOCTL   8038321us req=0xc0404657 len=64    rc=0   head=0xc1d0000b
IOCTL   8049235us req=0xc0384627 len=56    rc=0   head=0xc1d0000b
IOCTL   8076981us req=0xc0404657 len=64    rc=0   head=0xc1d0000b
IOCTL   8105132us req=0xc0404657 len=64    rc=0   head=0xc1d0000b
IOCTL   8116195us req=0xc0384627 len=56    rc=0   head=0xc1d0000b
IOCTL   8143132us req=0xc0404657 len=64    rc=0   head=0xc1d0000b
IOCTL   8170154us req=0xc0404657 len=64    rc=0   head=0xc1d0000b
IOCTL   8181151us req=0xc0384627 len=56    rc=0   head=0xc1d0000b
IOCTL   8207865us req=0xc0404657 len=64    rc=0   head=0xc1d0000b
IOCTL   8234349us req=0xc0404657 len=64    rc=0   head=0xc1d0000b
IOCTL   8245335us req=0xc0384627 len=56    rc=0   head=0xc1d0000b
IOCTL   8273976us req=0xc0404657 len=64    rc=0   head=0xc1d0000b
IOCTL   8301662us req=0xc0404657 len=64    rc=0   head=0xc1d0000b
IOCTL   8312404us req=0xc0384627 len=56    rc=0   head=0xc1d0000b
IOCTL   8339409us req=0xc0404657 len=64    rc=0   head=0xc1d0000b
IOCTL   8369274us req=0xc0404657 len=64    rc=0   head=0xc1d0000b
IOCTL   8380497us req=0xc0384627 len=56    rc=0   head=0xc1d0000b
IOCTL   8409298us req=0xc0404657 len=64    rc=0   head=0xc1d0000b
IOCTL   8434500us req=0xc0404657 len=64    rc=0   head=0xc1d0000b
IOCTL   8445455us req=0xc0384627 len=56    rc=0   head=0xc1d0000b
IOCTL   8474283us req=0xc0404657 len=64    rc=0   head=0xc1d0000b
IOCTL   8500476us req=0xc0404657 len=64    rc=0   head=0xc1d0000b
IOCTL   8511318us req=0xc0384627 len=56    rc=0   head=0xc1d0000b
IOCTL   8540826us req=0xc0404657 len=64    rc=0   head=0xc1d0000b
IOCTL   8566749us req=0xc0404657 len=64    rc=0   head=0xc1d0000b
IOCTL   8577459us req=0xc0384627 len=56    rc=0   head=0xc1d0000b
IOCTL   8605916us req=0xc0404657 len=64    rc=0   head=0xc1d0000b
IOCTL   8633345us req=0xc0404657 len=64    rc=0   head=0xc1d0000b
IOCTL   8644189us req=0xc0384627 len=56    rc=0   head=0xc1d0000b
IOCTL   8672003us req=0xc0404657 len=64    rc=0   head=0xc1d0000b
IOCTL   8699163us req=0xc0404657 len=64    rc=0   head=0xc1d0000b
IOCTL   8710289us req=0xc0384627 len=56    rc=0   head=0xc1d0000b
IOCTL   8736848us req=0xc0404657 len=64    rc=0   head=0xc1d0000b
IOCTL   8765357us req=0xc0404657 len=64    rc=0   head=0xc1d0000b
IOCTL   8776644us req=0xc0384627 len=56    rc=0   head=0xc1d0000b
IOCTL   8804637us req=0xc0404657 len=64    rc=0   head=0xc1d0000b
IOCTL   8833014us req=0xc0404657 len=64    rc=0   head=0xc1d0000b
IOCTL   8845312us req=0xc0384627 len=56    rc=0   head=0xc1d0000b
IOCTL   8878536us req=0xc0404657 len=64    rc=0   head=0xc1d0000b
IOCTL   8907842us req=0xc0404657 len=64    rc=0   head=0xc1d0000b
IOCTL   8918867us req=0xc0384627 len=56    rc=0   head=0xc1d0000b
IOCTL   8947232us req=0xc0404657 len=64    rc=0   head=0xc1d0000b
IOCTL   8976049us req=0xc0404657 len=64    rc=0   head=0xc1d0000b
IOCTL   8987039us req=0xc0384627 len=56    rc=0   head=0xc1d0000b
IOCTL   9013030us req=0xc0404657 len=64    rc=0   head=0xc1d0000b
IOCTL   9042359us req=0xc0404657 len=64    rc=0   head=0xc1d0000b
IOCTL   9053251us req=0xc0384627 len=56    rc=0   head=0xc1d0000b
IOCTL   9079226us req=0xc0404657 len=64    rc=0   head=0xc1d0000b
IOCTL   9106842us req=0xc0404657 len=64    rc=0   head=0xc1d0000b
IOCTL   9117740us req=0xc0384627 len=56    rc=0   head=0xc1d0000b
IOCTL   9144611us req=0xc0404657 len=64    rc=0   head=0xc1d0000b
IOCTL   9170137us req=0xc0404657 len=64    rc=0   head=0xc1d0000b
IOCTL   9181331us req=0xc0384627 len=56    rc=0   head=0xc1d0000b
IOCTL   9206968us req=0xc0404657 len=64    rc=0   head=0xc1d0000b
IOCTL   9233234us req=0xc0404657 len=64    rc=0   head=0xc1d0000b
IOCTL   9244437us req=0xc0384627 len=56    rc=0   head=0xc1d0000b
IOCTL   9270318us req=0xc0404657 len=64    rc=0   head=0xc1d0000b
IOCTL   9296640us req=0xc0404657 len=64    rc=0   head=0xc1d0000b
IOCTL   9307453us req=0xc0384627 len=56    rc=0   head=0xc1d0000b
IOCTL   9333040us req=0xc0404657 len=64    rc=0   head=0xc1d0000b
IOCTL   9359152us req=0xc0404657 len=64    rc=0   head=0xc1d0000b
IOCTL   9369867us req=0xc0384627 len=56    rc=0   head=0xc1d0000b
IOCTL   9395392us req=0xc0404657 len=64    rc=0   head=0xc1d0000b
IOCTL   9422556us req=0xc0404657 len=64    rc=0   head=0xc1d0000b
IOCTL   9433840us req=0xc0384627 len=56    rc=0   head=0xc1d0000b
IOCTL   9459536us req=0xc0404657 len=64    rc=0   head=0xc1d0000b
IOCTL   9485392us req=0xc0404657 len=64    rc=0   head=0xc1d0000b
IOCTL   9496316us req=0xc0384627 len=56    rc=0   head=0xc1d0000b
IOCTL   9522040us req=0xc0404657 len=64    rc=0   head=0xc1d0000b
IOCTL   9547774us req=0xc0404657 len=64    rc=0   head=0xc1d0000b
IOCTL   9558865us req=0xc0384627 len=56    rc=0   head=0xc1d0000b
IOCTL   9584366us req=0xc0404657 len=64    rc=0   head=0xc1d0000b
IOCTL   9610165us req=0xc0404657 len=64    rc=0   head=0xc1d0000b
IOCTL   9621135us req=0xc0384627 len=56    rc=0   head=0xc1d0000b
IOCTL   9646686us req=0xc0404657 len=64    rc=0   head=0xc1d0000b
IOCTL   9672306us req=0xc0404657 len=64    rc=0   head=0xc1d0000b
IOCTL   9683136us req=0xc0384627 len=56    rc=0   head=0xc1d0000b
IOCTL   9709032us req=0xc0404657 len=64    rc=0   head=0xc1d0000b
IOCTL   9734287us req=0xc0404657 len=64    rc=0   head=0xc1d0000b
IOCTL   9745327us req=0xc0384627 len=56    rc=0   head=0xc1d0000b
IOCTL   9771569us req=0xc0404657 len=64    rc=0   head=0xc1d0000b
IOCTL   9797298us req=0xc0404657 len=64    rc=0   head=0xc1d0000b
IOCTL   9808332us req=0xc0384627 len=56    rc=0   head=0xc1d0000b
IOCTL   9834301us req=0xc0404657 len=64    rc=0   head=0xc1d0000b
IOCTL   9860327us req=0xc0404657 len=64    rc=0   head=0xc1d0000b
IOCTL   9873122us req=0xc0384627 len=56    rc=0   head=0xc1d0000b
IOCTL   9900679us req=0xc0404657 len=64    rc=0   head=0xc1d0000b
IOCTL   9928167us req=0xc0404657 len=64    rc=0   head=0xc1d0000b
IOCTL   9939261us req=0xc0384627 len=56    rc=0   head=0xc1d0000b
IOCTL   9965696us req=0xc0404657 len=64    rc=0   head=0xc1d0000b
IOCTL   9994230us req=0xc0404657 len=64    rc=0   head=0xc1d0000b
IOCTL  10005503us req=0xc0384627 len=56    rc=0   head=0xc1d0000b
IOCTL  10031964us req=0xc0404657 len=64    rc=0   head=0xc1d0000b
IOCTL  10060566us req=0xc0404657 len=64    rc=0   head=0xc1d0000b
IOCTL  10071537us req=0xc0384627 len=56    rc=0   head=0xc1d0000b
IOCTL  10097483us req=0xc0404657 len=64    rc=0   head=0xc1d0000b
IOCTL  10123419us req=0xc0404657 len=64    rc=0   head=0xc1d0000b
IOCTL  10133900us req=0xc0384627 len=56    rc=0   head=0xc1d0000b
IOCTL  10160371us req=0xc0404657 len=64    rc=0   head=0xc1d0000b
IOCTL  10187179us req=0xc0404657 len=64    rc=0   head=0xc1d0000b
IOCTL  10197847us req=0xc0384627 len=56    rc=0   head=0xc1d0000b
IOCTL  10224181us req=0xc0404657 len=64    rc=0   head=0xc1d0000b
IOCTL  10250524us req=0xc0404657 len=64    rc=0   head=0xc1d0000b
IOCTL  10261300us req=0xc0384627 len=56    rc=0   head=0xc1d0000b
IOCTL  10287398us req=0xc0404657 len=64    rc=0   head=0xc1d0000b
IOCTL  10314325us req=0xc0404657 len=64    rc=0   head=0xc1d0000b
IOCTL  10319379us req=0xc0384627 len=56    rc=0   head=0xc1d0000b
IOCTL  10336857us req=0xc0404657 len=64    rc=0   head=0xc1d0000b
IOCTL  10353572us req=0xc0404657 len=64    rc=0   head=0xc1d0000b
IOCTL  10358638us req=0xc0384627 len=56    rc=0   head=0xc1d0000b
IOCTL  10376987us req=0xc0404657 len=64    rc=0   head=0xc1d0000b
IOCTL  10395000us req=0xc0404657 len=64    rc=0   head=0xc1d0000b
IOCTL  10400036us req=0xc0384627 len=56    rc=0   head=0xc1d0000b
IOCTL  10416146us req=0xc0404657 len=64    rc=0   head=0xc1d0000b
IOCTL  10433034us req=0xc0404657 len=64    rc=0   head=0xc1d0000b
IOCTL  10438039us req=0xc0384627 len=56    rc=0   head=0xc1d0000b
IOCTL  10453916us req=0xc0404657 len=64    rc=0   head=0xc1d0000b
IOCTL  10470276us req=0xc0404657 len=64    rc=0   head=0xc1d0000b
IOCTL  10475315us req=0xc0384627 len=56    rc=0   head=0xc1d0000b
IOCTL  10491553us req=0xc0404657 len=64    rc=0   head=0xc1d0000b
IOCTL  10508328us req=0xc0404657 len=64    rc=0   head=0xc1d0000b
IOCTL  10513315us req=0xc0384627 len=56    rc=0   head=0xc1d0000b
IOCTL  10529162us req=0xc0404657 len=64    rc=0   head=0xc1d0000b
IOCTL  10545353us req=0xc0404657 len=64    rc=0   head=0xc1d0000b
IOCTL  10550321us req=0xc0384627 len=56    rc=0   head=0xc1d0000b
IOCTL  10566061us req=0xc0404657 len=64    rc=0   head=0xc1d0000b
IOCTL  10581973us req=0xc0404657 len=64    rc=0   head=0xc1d0000b
IOCTL  10586890us req=0xc0384627 len=56    rc=0   head=0xc1d0000b
IOCTL  10602564us req=0xc0404657 len=64    rc=0   head=0xc1d0000b
IOCTL  10619114us req=0xc0404657 len=64    rc=0   head=0xc1d0000b
IOCTL  10624046us req=0xc0384627 len=56    rc=0   head=0xc1d0000b
IOCTL  10640308us req=0xc0404657 len=64    rc=0   head=0xc1d0000b
IOCTL  10656482us req=0xc0404657 len=64    rc=0   head=0xc1d0000b
IOCTL  10661638us req=0xc0384627 len=56    rc=0   head=0xc1d0000b
IOCTL  10677538us req=0xc0404657 len=64    rc=0   head=0xc1d0000b
IOCTL  10695632us req=0xc0404657 len=64    rc=0   head=0xc1d0000b
IOCTL  10700670us req=0xc0384627 len=56    rc=0   head=0xc1d0000b
IOCTL  10720054us req=0xc0404657 len=64    rc=0   head=0xc1d0000b
IOCTL  10739431us req=0xc0404657 len=64    rc=0   head=0xc1d0000b
IOCTL  10744453us req=0xc0384627 len=56    rc=0   head=0xc1d0000b
IOCTL  10761976us req=0xc0404657 len=64    rc=0   head=0xc1d0000b
IOCTL  10777707us req=0xc0404657 len=64    rc=0   head=0xc1d0000b
IOCTL  10782572us req=0xc0384627 len=56    rc=0   head=0xc1d0000b
IOCTL  10798356us req=0xc0404657 len=64    rc=0   head=0xc1d0000b
IOCTL  10816364us req=0xc0404657 len=64    rc=0   head=0xc1d0000b
IOCTL  10821822us req=0xc0384627 len=56    rc=0   head=0xc1d0000b
IOCTL  10842371us req=0xc0404657 len=64    rc=0   head=0xc1d0000b
IOCTL  10860890us req=0xc0404657 len=64    rc=0   head=0xc1d0000b
IOCTL  10866224us req=0xc0384627 len=56    rc=0   head=0xc1d0000b
IOCTL  10882384us req=0xc0404657 len=64    rc=0   head=0xc1d0000b
IOCTL  10898273us req=0xc0404657 len=64    rc=0   head=0xc1d0000b
IOCTL  10903277us req=0xc0384627 len=56    rc=0   head=0xc1d0000b
IOCTL  10918736us req=0xc0404657 len=64    rc=0   head=0xc1d0000b
IOCTL  10934475us req=0xc0404657 len=64    rc=0   head=0xc1d0000b
IOCTL  10939528us req=0xc0384627 len=56    rc=0   head=0xc1d0000b
IOCTL  10958414us req=0xc0404657 len=64    rc=0   head=0xc1d0000b
IOCTL  10976467us req=0xc0404657 len=64    rc=0   head=0xc1d0000b
IOCTL  10981443us req=0xc0384627 len=56    rc=0   head=0xc1d0000b
IOCTL  10997556us req=0xc0404657 len=64    rc=0   head=0xc1d0000b
IOCTL  11013265us req=0xc0404657 len=64    rc=0   head=0xc1d0000b
IOCTL  11018303us req=0xc0384627 len=56    rc=0   head=0xc1d0000b
IOCTL  11034710us req=0xc0404657 len=64    rc=0   head=0xc1d0000b
IOCTL  11052225us req=0xc0404657 len=64    rc=0   head=0xc1d0000b
IOCTL  11057276us req=0xc0384627 len=56    rc=0   head=0xc1d0000b
IOCTL  11074223us req=0xc0404657 len=64    rc=0   head=0xc1d0000b
IOCTL  11091166us req=0xc0404657 len=64    rc=0   head=0xc1d0000b
IOCTL  11096152us req=0xc0384627 len=56    rc=0   head=0xc1d0000b
IOCTL  11113493us req=0xc0404657 len=64    rc=0   head=0xc1d0000b
IOCTL  11146801us req=0xc0404657 len=64    rc=0   head=0xc1d0000b
IOCTL  11160514us req=0xc0384627 len=56    rc=0   head=0xc1d0000b
IOCTL  11191290us req=0xc0404657 len=64    rc=0   head=0xc1d0000b
IOCTL  11222402us req=0xc0404657 len=64    rc=0   head=0xc1d0000b
IOCTL  11236224us req=0xc0384627 len=56    rc=0   head=0xc1d0000b
IOCTL  11270035us req=0xc0404657 len=64    rc=0   head=0xc1d0000b
IOCTL  11302344us req=0xc0404657 len=64    rc=0   head=0xc1d0000b
IOCTL  11316690us req=0xc0384627 len=56    rc=0   head=0xc1d0000b
IOCTL  11350490us req=0xc0404657 len=64    rc=0   head=0xc1d0000b
IOCTL  11384251us req=0xc0404657 len=64    rc=0   head=0xc1d0000b
IOCTL  11398527us req=0xc0384627 len=56    rc=0   head=0xc1d0000b
IOCTL  11432445us req=0xc0404657 len=64    rc=0   head=0xc1d0000b
IOCTL  11465404us req=0xc0404657 len=64    rc=0   head=0xc1d0000b
IOCTL  11479625us req=0xc0384627 len=56    rc=0   head=0xc1d0000b
IOCTL  11513303us req=0xc0404657 len=64    rc=0   head=0xc1d0000b
IOCTL  11544720us req=0xc0404657 len=64    rc=0   head=0xc1d0000b
IOCTL  11559115us req=0xc0384627 len=56    rc=0   head=0xc1d0000b
IOCTL  11590487us req=0xc0404657 len=64    rc=0   head=0xc1d0000b
IOCTL  11624147us req=0xc0404657 len=64    rc=0   head=0xc1d0000b
IOCTL  11638649us req=0xc0384627 len=56    rc=0   head=0xc1d0000b
IOCTL  11672381us req=0xc0404657 len=64    rc=0   head=0xc1d0000b
IOCTL  11705558us req=0xc0404657 len=64    rc=0   head=0xc1d0000b
IOCTL  11720242us req=0xc0384627 len=56    rc=0   head=0xc1d0000b
IOCTL  11754380us req=0xc0404657 len=64    rc=0   head=0xc1d0000b
IOCTL  11786048us req=0xc0404657 len=64    rc=0   head=0xc1d0000b
IOCTL  11796713us req=0xc0384627 len=56    rc=0   head=0xc1d0000b
IOCTL  11825369us req=0xc0404657 len=64    rc=0   head=0xc1d0000b
IOCTL  11857870us req=0xc0404657 len=64    rc=0   head=0xc1d0000b
IOCTL  11869163us req=0xc0384627 len=56    rc=0   head=0xc1d0000b
IOCTL  11899383us req=0xc0404657 len=64    rc=0   head=0xc1d0000b
IOCTL  11929228us req=0xc0404657 len=64    rc=0   head=0xc1d0000b
IOCTL  11940345us req=0xc0384627 len=56    rc=0   head=0xc1d0000b
IOCTL  11970049us req=0xc0404657 len=64    rc=0   head=0xc1d0000b
IOCTL  11999396us req=0xc0404657 len=64    rc=0   head=0xc1d0000b
IOCTL  12010137us req=0xc0384627 len=56    rc=0   head=0xc1d0000b
IOCTL  12039025us req=0xc0404657 len=64    rc=0   head=0xc1d0000b
IOCTL  12068146us req=0xc0404657 len=64    rc=0   head=0xc1d0000b
IOCTL  12078717us req=0xc0384627 len=56    rc=0   head=0xc1d0000b
IOCTL  12108145us req=0xc0404657 len=64    rc=0   head=0xc1d0000b
IOCTL  12137531us req=0xc0404657 len=64    rc=0   head=0xc1d0000b
IOCTL  12148358us req=0xc0384627 len=56    rc=0   head=0xc1d0000b
IOCTL  12177391us req=0xc0404657 len=64    rc=0   head=0xc1d0000b
IOCTL  12207140us req=0xc0404657 len=64    rc=0   head=0xc1d0000b
IOCTL  12217914us req=0xc0384627 len=56    rc=0   head=0xc1d0000b
IOCTL  12246652us req=0xc0404657 len=64    rc=0   head=0xc1d0000b
IOCTL  12273226us req=0xc0404657 len=64    rc=0   head=0xc1d0000b
IOCTL  12283720us req=0xc0384627 len=56    rc=0   head=0xc1d0000b
IOCTL  12312493us req=0xc0404657 len=64    rc=0   head=0xc1d0000b
IOCTL  12341385us req=0xc0404657 len=64    rc=0   head=0xc1d0000b
IOCTL  12352156us req=0xc0384627 len=56    rc=0   head=0xc1d0000b
IOCTL  12381412us req=0xc0404657 len=64    rc=0   head=0xc1d0000b
IOCTL  12409725us req=0xc0404657 len=64    rc=0   head=0xc1d0000b
IOCTL  12420520us req=0xc0384627 len=56    rc=0   head=0xc1d0000b
IOCTL  12447575us req=0xc0404657 len=64    rc=0   head=0xc1d0000b
IOCTL  12476154us req=0xc0404657 len=64    rc=0   head=0xc1d0000b
IOCTL  12486815us req=0xc0384627 len=56    rc=0   head=0xc1d0000b
IOCTL  12516271us req=0xc0404657 len=64    rc=0   head=0xc1d0000b
IOCTL  12545412us req=0xc0404657 len=64    rc=0   head=0xc1d0000b
IOCTL  12556491us req=0xc0384627 len=56    rc=0   head=0xc1d0000b
IOCTL  12585963us req=0xc0404657 len=64    rc=0   head=0xc1d0000b
IOCTL  12615500us req=0xc0404657 len=64    rc=0   head=0xc1d0000b
IOCTL  12626248us req=0xc0384627 len=56    rc=0   head=0xc1d0000b
IOCTL  12655775us req=0xc0404657 len=64    rc=0   head=0xc1d0000b
IOCTL  12685436us req=0xc0404657 len=64    rc=0   head=0xc1d0000b
IOCTL  12696126us req=0xc0384627 len=56    rc=0   head=0xc1d0000b
IOCTL  12725510us req=0xc0404657 len=64    rc=0   head=0xc1d0000b
IOCTL  12754371us req=0xc0404657 len=64    rc=0   head=0xc1d0000b
IOCTL  12764997us req=0xc0384627 len=56    rc=0   head=0xc1d0000b
IOCTL  12793965us req=0xc0404657 len=64    rc=0   head=0xc1d0000b
IOCTL  12823887us req=0xc0404657 len=64    rc=0   head=0xc1d0000b
IOCTL  12835708us req=0xc0384627 len=56    rc=0   head=0xc1d0000b
IOCTL  12865345us req=0xc0404657 len=64    rc=0   head=0xc1d0000b
IOCTL  12895133us req=0xc0404657 len=64    rc=0   head=0xc1d0000b
IOCTL  12905773us req=0xc0384627 len=56    rc=0   head=0xc1d0000b
IOCTL  12934175us req=0xc0404657 len=64    rc=0   head=0xc1d0000b
IOCTL  12964819us req=0xc0404657 len=64    rc=0   head=0xc1d0000b
IOCTL  12975910us req=0xc0384627 len=56    rc=0   head=0xc1d0000b
IOCTL  13005446us req=0xc0404657 len=64    rc=0   head=0xc1d0000b
IOCTL  13035478us req=0xc0404657 len=64    rc=0   head=0xc1d0000b
IOCTL  13046525us req=0xc0384627 len=56    rc=0   head=0xc1d0000b
IOCTL  13076458us req=0xc0404657 len=64    rc=0   head=0xc1d0000b
IOCTL  13105962us req=0xc0404657 len=64    rc=0   head=0xc1d0000b
IOCTL  13117174us req=0xc0384627 len=56    rc=0   head=0xc1d0000b
IOCTL  13146277us req=0xc0404657 len=64    rc=0   head=0xc1d0000b
IOCTL  13175963us req=0xc0404657 len=64    rc=0   head=0xc1d0000b
IOCTL  13187062us req=0xc0384627 len=56    rc=0   head=0xc1d0000b
IOCTL  13215489us req=0xc0404657 len=64    rc=0   head=0xc1d0000b
IOCTL  13243338us req=0xc0404657 len=64    rc=0   head=0xc1d0000b
IOCTL  13256564us req=0xc0384627 len=56    rc=0   head=0xc1d0000b
IOCTL  13290522us req=0xc0404657 len=64    rc=0   head=0xc1d0000b
IOCTL  13321014us req=0xc0404657 len=64    rc=0   head=0xc1d0000b
IOCTL  13326273us req=0xc0384627 len=56    rc=0   head=0xc1d0000b
IOCTL  13345838us req=0xc0404657 len=64    rc=0   head=0xc1d0000b
IOCTL  13365448us req=0xc0404657 len=64    rc=0   head=0xc1d0000b
IOCTL  13370784us req=0xc0384627 len=56    rc=0   head=0xc1d0000b
IOCTL  13390873us req=0xc0404657 len=64    rc=0   head=0xc1d0000b
IOCTL  13408580us req=0xc0404657 len=64    rc=0   head=0xc1d0000b
IOCTL  13413853us req=0xc0384627 len=56    rc=0   head=0xc1d0000b
IOCTL  13437059us req=0xc0404657 len=64    rc=0   head=0xc1d0000b
IOCTL  13457221us req=0xc0404657 len=64    rc=0   head=0xc1d0000b
IOCTL  13462698us req=0xc0384627 len=56    rc=0   head=0xc1d0000b
IOCTL  13482577us req=0xc0404657 len=64    rc=0   head=0xc1d0000b
IOCTL  13502465us req=0xc0404657 len=64    rc=0   head=0xc1d0000b
IOCTL  13507962us req=0xc0384627 len=56    rc=0   head=0xc1d0000b
IOCTL  13527604us req=0xc0404657 len=64    rc=0   head=0xc1d0000b
IOCTL  13548034us req=0xc0404657 len=64    rc=0   head=0xc1d0000b
IOCTL  13553309us req=0xc0384627 len=56    rc=0   head=0xc1d0000b
IOCTL  13571146us req=0xc0404657 len=64    rc=0   head=0xc1d0000b
IOCTL  13587278us req=0xc0404657 len=64    rc=0   head=0xc1d0000b
IOCTL  13592526us req=0xc0384627 len=56    rc=0   head=0xc1d0000b
IOCTL  13610018us req=0xc0404657 len=64    rc=0   head=0xc1d0000b
IOCTL  13626137us req=0xc0404657 len=64    rc=0   head=0xc1d0000b
IOCTL  13631316us req=0xc0384627 len=56    rc=0   head=0xc1d0000b
IOCTL  13649533us req=0xc0404657 len=64    rc=0   head=0xc1d0000b
IOCTL  13670694us req=0xc0404657 len=64    rc=0   head=0xc1d0000b
IOCTL  13678169us req=0xc0384627 len=56    rc=0   head=0xc1d0000b
IOCTL  13695166us req=0xc0404657 len=64    rc=0   head=0xc1d0000b
IOCTL  13711542us req=0xc0404657 len=64    rc=0   head=0xc1d0000b
IOCTL  13716470us req=0xc0384627 len=56    rc=0   head=0xc1d0000b
IOCTL  13732873us req=0xc0404657 len=64    rc=0   head=0xc1d0000b
IOCTL  13749217us req=0xc0404657 len=64    rc=0   head=0xc1d0000b
IOCTL  13754315us req=0xc0384627 len=56    rc=0   head=0xc1d0000b
IOCTL  13771264us req=0xc0404657 len=64    rc=0   head=0xc1d0000b
IOCTL  13787455us req=0xc0404657 len=64    rc=0   head=0xc1d0000b
IOCTL  13792491us req=0xc0384627 len=56    rc=0   head=0xc1d0000b
IOCTL  13808552us req=0xc0404657 len=64    rc=0   head=0xc1d0000b
IOCTL  13825373us req=0xc0404657 len=64    rc=0   head=0xc1d0000b
IOCTL  13830875us req=0xc0384627 len=56    rc=0   head=0xc1d0000b
IOCTL  13847268us req=0xc0404657 len=64    rc=0   head=0xc1d0000b
IOCTL  13863679us req=0xc0404657 len=64    rc=0   head=0xc1d0000b
IOCTL  13868651us req=0xc0384627 len=56    rc=0   head=0xc1d0000b
IOCTL  13884767us req=0xc0404657 len=64    rc=0   head=0xc1d0000b
IOCTL  13901166us req=0xc0404657 len=64    rc=0   head=0xc1d0000b
IOCTL  13905990us req=0xc0384627 len=56    rc=0   head=0xc1d0000b
IOCTL  13921541us req=0xc0404657 len=64    rc=0   head=0xc1d0000b
IOCTL  13937464us req=0xc0404657 len=64    rc=0   head=0xc1d0000b
IOCTL  13943408us req=0xc0384627 len=56    rc=0   head=0xc1d0000b
IOCTL  13960141us req=0xc0404657 len=64    rc=0   head=0xc1d0000b
IOCTL  13976027us req=0xc0404657 len=64    rc=0   head=0xc1d0000b
IOCTL  13981018us req=0xc0384627 len=56    rc=0   head=0xc1d0000b
IOCTL  13997050us req=0xc0404657 len=64    rc=0   head=0xc1d0000b
IOCTL  14013179us req=0xc0404657 len=64    rc=0   head=0xc1d0000b
IOCTL  14018049us req=0xc0384627 len=56    rc=0   head=0xc1d0000b
IOCTL  14034222us req=0xc0404657 len=64    rc=0   head=0xc1d0000b
IOCTL  14051820us req=0xc0404657 len=64    rc=0   head=0xc1d0000b
IOCTL  14056779us req=0xc0384627 len=56    rc=0   head=0xc1d0000b
IOCTL  14073553us req=0xc0404657 len=64    rc=0   head=0xc1d0000b
IOCTL  14089486us req=0xc0404657 len=64    rc=0   head=0xc1d0000b
IOCTL  14094504us req=0xc0384627 len=56    rc=0   head=0xc1d0000b
IOCTL  14110602us req=0xc0404657 len=64    rc=0   head=0xc1d0000b
IOCTL  14128314us req=0xc0404657 len=64    rc=0   head=0xc1d0000b
IOCTL  14133293us req=0xc0384627 len=56    rc=0   head=0xc1d0000b
IOCTL  14152975us req=0xc0404657 len=64    rc=0   head=0xc1d0000b
IOCTL  14170726us req=0xc0404657 len=64    rc=0   head=0xc1d0000b
IOCTL  14175818us req=0xc0384627 len=56    rc=0   head=0xc1d0000b
IOCTL  14192353us req=0xc0404657 len=64    rc=0   head=0xc1d0000b
IOCTL  14208289us req=0xc0404657 len=64    rc=0   head=0xc1d0000b
IOCTL  14213442us req=0xc0384627 len=56    rc=0   head=0xc1d0000b
IOCTL  14229834us req=0xc0404657 len=64    rc=0   head=0xc1d0000b
IOCTL  14248155us req=0xc0404657 len=64    rc=0   head=0xc1d0000b
IOCTL  14252999us req=0xc0384627 len=56    rc=0   head=0xc1d0000b
IOCTL  14273239us req=0xc0404657 len=64    rc=0   head=0xc1d0000b
IOCTL  14290960us req=0xc0404657 len=64    rc=0   head=0xc1d0000b
IOCTL  14296470us req=0xc0384627 len=56    rc=0   head=0xc1d0000b
IOCTL  14312886us req=0xc0404657 len=64    rc=0   head=0xc1d0000b
IOCTL  14328857us req=0xc0404657 len=64    rc=0   head=0xc1d0000b
IOCTL  14333755us req=0xc0384627 len=56    rc=0   head=0xc1d0000b
IOCTL  14352162us req=0xc0404657 len=64    rc=0   head=0xc1d0000b
IOCTL  14372112us req=0xc0404657 len=64    rc=0   head=0xc1d0000b
IOCTL  14377056us req=0xc0384627 len=56    rc=0   head=0xc1d0000b
IOCTL  14397146us req=0xc0404657 len=64    rc=0   head=0xc1d0000b
IOCTL  14417391us req=0xc0404657 len=64    rc=0   head=0xc1d0000b
IOCTL  14422466us req=0xc0384627 len=56    rc=0   head=0xc1d0000b
IOCTL  14442773us req=0xc0404657 len=64    rc=0   head=0xc1d0000b
IOCTL  14463227us req=0xc0404657 len=64    rc=0   head=0xc1d0000b
IOCTL  14468254us req=0xc0384627 len=56    rc=0   head=0xc1d0000b
IOCTL  14486348us req=0xc0404657 len=64    rc=0   head=0xc1d0000b
IOCTL  14502568us req=0xc0404657 len=64    rc=0   head=0xc1d0000b
IOCTL  14507768us req=0xc0384627 len=56    rc=0   head=0xc1d0000b
IOCTL  14523902us req=0xc0404657 len=64    rc=0   head=0xc1d0000b
IOCTL  14540142us req=0xc0404657 len=64    rc=0   head=0xc1d0000b
IOCTL  14545263us req=0xc0384627 len=56    rc=0   head=0xc1d0000b
IOCTL  14563432us req=0xc0404657 len=64    rc=0   head=0xc1d0000b
IOCTL  14583612us req=0xc0404657 len=64    rc=0   head=0xc1d0000b
IOCTL  14588700us req=0xc0384627 len=56    rc=0   head=0xc1d0000b
IOCTL  14608498us req=0xc0404657 len=64    rc=0   head=0xc1d0000b
IOCTL  14628725us req=0xc0404657 len=64    rc=0   head=0xc1d0000b
IOCTL  14633803us req=0xc0384627 len=56    rc=0   head=0xc1d0000b
IOCTL  14654146us req=0xc0404657 len=64    rc=0   head=0xc1d0000b
IOCTL  14674327us req=0xc0404657 len=64    rc=0   head=0xc1d0000b
IOCTL  14679317us req=0xc0384627 len=56    rc=0   head=0xc1d0000b
IOCTL  14699504us req=0xc0404657 len=64    rc=0   head=0xc1d0000b
IOCTL  14719361us req=0xc0404657 len=64    rc=0   head=0xc1d0000b
IOCTL  14724532us req=0xc0384627 len=56    rc=0   head=0xc1d0000b
IOCTL  14744482us req=0xc0404657 len=64    rc=0   head=0xc1d0000b
IOCTL  14762716us req=0xc0404657 len=64    rc=0   head=0xc1d0000b
IOCTL  14767681us req=0xc0384627 len=56    rc=0   head=0xc1d0000b
IOCTL  14785903us req=0xc0404657 len=64    rc=0   head=0xc1d0000b
IOCTL  14805765us req=0xc0404657 len=64    rc=0   head=0xc1d0000b
IOCTL  14810858us req=0xc0384627 len=56    rc=0   head=0xc1d0000b
IOCTL  14835036us req=0xc0404657 len=64    rc=0   head=0xc1d0000b
IOCTL  14856691us req=0xc0404657 len=64    rc=0   head=0xc1d0000b
IOCTL  14863172us req=0xc0384627 len=56    rc=0   head=0xc1d0000b
IOCTL  14882751us req=0xc0404657 len=64    rc=0   head=0xc1d0000b
IOCTL  14900370us req=0xc0404657 len=64    rc=0   head=0xc1d0000b
IOCTL  14906616us req=0xc0384627 len=56    rc=0   head=0xc1d0000b
IOCTL  14924525us req=0xc0404657 len=64    rc=0   head=0xc1d0000b
IOCTL  14942404us req=0xc0404657 len=64    rc=0   head=0xc1d0000b
IOCTL  14947850us req=0xc0384627 len=56    rc=0   head=0xc1d0000b
IOCTL  14969687us req=0xc0404657 len=64    rc=0   head=0xc1d0000b
IOCTL  14989325us req=0xc0404657 len=64    rc=0   head=0xc1d0000b
IOCTL  14995053us req=0xc0384627 len=56    rc=0   head=0xc1d0000b
IOCTL  15017186us req=0xc0404657 len=64    rc=0   head=0xc1d0000b
IOCTL  15038418us req=0xc0404657 len=64    rc=0   head=0xc1d0000b
IOCTL  15044354us req=0xc0384627 len=56    rc=0   head=0xc1d0000b
IOCTL  15066135us req=0xc0404657 len=64    rc=0   head=0xc1d0000b
IOCTL  15086862us req=0xc0404657 len=64    rc=0   head=0xc1d0000b
IOCTL  15091658us req=0xc0384627 len=56    rc=0   head=0xc1d0000b
IOCTL  15111710us req=0xc0404657 len=64    rc=0   head=0xc1d0000b
IOCTL  15132611us req=0xc0404657 len=64    rc=0   head=0xc1d0000b
IOCTL  15136956us req=0xc0384627 len=56    rc=0   head=0xc1d0000b
IOCTL  15156272us req=0xc0404657 len=64    rc=0   head=0xc1d0000b
IOCTL  15173768us req=0xc0404657 len=64    rc=0   head=0xc1d0000b
IOCTL  15178266us req=0xc0384627 len=56    rc=0   head=0xc1d0000b
IOCTL  15196242us req=0xc0404657 len=64    rc=0   head=0xc1d0000b
IOCTL  15215402us req=0xc0404657 len=64    rc=0   head=0xc1d0000b
IOCTL  15219640us req=0xc0384627 len=56    rc=0   head=0xc1d0000b
IOCTL  15236820us req=0xc0404657 len=64    rc=0   head=0xc1d0000b
IOCTL  15254478us req=0xc0404657 len=64    rc=0   head=0xc1d0000b
IOCTL  15258970us req=0xc0384627 len=56    rc=0   head=0xc1d0000b
IOCTL  15276407us req=0xc0404657 len=64    rc=0   head=0xc1d0000b
IOCTL  15296193us req=0xc0404657 len=64    rc=0   head=0xc1d0000b
IOCTL  15300505us req=0xc0384627 len=56    rc=0   head=0xc1d0000b
IOCTL  15318227us req=0xc0404657 len=64    rc=0   head=0xc1d0000b
IOCTL  15333814us req=0xc0404657 len=64    rc=0   head=0xc1d0000b
IOCTL  15338164us req=0xc0384627 len=56    rc=0   head=0xc1d0000b
IOCTL  15355603us req=0xc0404657 len=64    rc=0   head=0xc1d0000b
IOCTL  15375031us req=0xc0404657 len=64    rc=0   head=0xc1d0000b
IOCTL  15379417us req=0xc0384627 len=56    rc=0   head=0xc1d0000b
IOCTL  15397281us req=0xc0404657 len=64    rc=0   head=0xc1d0000b
IOCTL  15416608us req=0xc0404657 len=64    rc=0   head=0xc1d0000b
IOCTL  15420912us req=0xc0384627 len=56    rc=0   head=0xc1d0000b
IOCTL  15438386us req=0xc0404657 len=64    rc=0   head=0xc1d0000b
IOCTL  15455775us req=0xc0404657 len=64    rc=0   head=0xc1d0000b
IOCTL  15460114us req=0xc0384627 len=56    rc=0   head=0xc1d0000b
IOCTL  15477594us req=0xc0404657 len=64    rc=0   head=0xc1d0000b
IOCTL  15496827us req=0xc0404657 len=64    rc=0   head=0xc1d0000b
IOCTL  15501146us req=0xc0384627 len=56    rc=0   head=0xc1d0000b
IOCTL  15520468us req=0xc0404657 len=64    rc=0   head=0xc1d0000b
IOCTL  15538018us req=0xc0404657 len=64    rc=0   head=0xc1d0000b
IOCTL  15542350us req=0xc0384627 len=56    rc=0   head=0xc1d0000b
IOCTL  15559822us req=0xc0404657 len=64    rc=0   head=0xc1d0000b
IOCTL  15579159us req=0xc0404657 len=64    rc=0   head=0xc1d0000b
IOCTL  15583702us req=0xc0384627 len=56    rc=0   head=0xc1d0000b
IOCTL  15602910us req=0xc0404657 len=64    rc=0   head=0xc1d0000b
IOCTL  15620329us req=0xc0404657 len=64    rc=0   head=0xc1d0000b
IOCTL  15624602us req=0xc0384627 len=56    rc=0   head=0xc1d0000b
IOCTL  15643226us req=0xc0404657 len=64    rc=0   head=0xc1d0000b
IOCTL  15662590us req=0xc0404657 len=64    rc=0   head=0xc1d0000b
IOCTL  15667216us req=0xc0384627 len=56    rc=0   head=0xc1d0000b
IOCTL  15686197us req=0xc0404657 len=64    rc=0   head=0xc1d0000b
IOCTL  15705333us req=0xc0404657 len=64    rc=0   head=0xc1d0000b
IOCTL  15709556us req=0xc0384627 len=56    rc=0   head=0xc1d0000b
IOCTL  15727642us req=0xc0404657 len=64    rc=0   head=0xc1d0000b
IOCTL  15745258us req=0xc0404657 len=64    rc=0   head=0xc1d0000b
IOCTL  15749602us req=0xc0384627 len=56    rc=0   head=0xc1d0000b
IOCTL  15767121us req=0xc0404657 len=64    rc=0   head=0xc1d0000b
IOCTL  15784235us req=0xc0404657 len=64    rc=0   head=0xc1d0000b
IOCTL  15788462us req=0xc0384627 len=56    rc=0   head=0xc1d0000b
IOCTL  15804301us req=0xc0404657 len=64    rc=0   head=0xc1d0000b
IOCTL  15820567us req=0xc0404657 len=64    rc=0   head=0xc1d0000b
IOCTL  15825550us req=0xc0384627 len=56    rc=0   head=0xc1d0000b
IOCTL  15842298us req=0xc0404657 len=64    rc=0   head=0xc1d0000b
IOCTL  15859159us req=0xc0404657 len=64    rc=0   head=0xc1d0000b
IOCTL  15864607us req=0xc0384627 len=56    rc=0   head=0xc1d0000b
IOCTL  15881381us req=0xc0404657 len=64    rc=0   head=0xc1d0000b
IOCTL  15897481us req=0xc0404657 len=64    rc=0   head=0xc1d0000b
IOCTL  15901821us req=0xc0384627 len=56    rc=0   head=0xc1d0000b
IOCTL  15916828us req=0xc0404657 len=64    rc=0   head=0xc1d0000b
IOCTL  15932241us req=0xc0404657 len=64    rc=0   head=0xc1d0000b
IOCTL  15936717us req=0xc0384627 len=56    rc=0   head=0xc1d0000b
IOCTL  15952303us req=0xc0404657 len=64    rc=0   head=0xc1d0000b
IOCTL  15968281us req=0xc0404657 len=64    rc=0   head=0xc1d0000b
IOCTL  15972596us req=0xc0384627 len=56    rc=0   head=0xc1d0000b
IOCTL  15988243us req=0xc0404657 len=64    rc=0   head=0xc1d0000b
IOCTL  16003486us req=0xc0404657 len=64    rc=0   head=0xc1d0000b
IOCTL  16007970us req=0xc0384627 len=56    rc=0   head=0xc1d0000b
IOCTL  16023541us req=0xc0404657 len=64    rc=0   head=0xc1d0000b
IOCTL  16038814us req=0xc0404657 len=64    rc=0   head=0xc1d0000b
IOCTL  16043242us req=0xc0384627 len=56    rc=0   head=0xc1d0000b
IOCTL  16059693us req=0xc0404657 len=64    rc=0   head=0xc1d0000b
IOCTL  16075753us req=0xc0404657 len=64    rc=0   head=0xc1d0000b
IOCTL  16080315us req=0xc0384627 len=56    rc=0   head=0xc1d0000b
IOCTL  16096472us req=0xc0404657 len=64    rc=0   head=0xc1d0000b
IOCTL  16112499us req=0xc0404657 len=64    rc=0   head=0xc1d0000b
IOCTL  16117224us req=0xc0384627 len=56    rc=0   head=0xc1d0000b
IOCTL  16133380us req=0xc0404657 len=64    rc=0   head=0xc1d0000b
IOCTL  16151781us req=0xc0404657 len=64    rc=0   head=0xc1d0000b
IOCTL  16156909us req=0xc0384627 len=56    rc=0   head=0xc1d0000b
IOCTL  16174532us req=0xc0404657 len=64    rc=0   head=0xc1d0000b
IOCTL  16190782us req=0xc0404657 len=64    rc=0   head=0xc1d0000b
IOCTL  16195878us req=0xc0384627 len=56    rc=0   head=0xc1d0000b
IOCTL  16213982us req=0xc0404657 len=64    rc=0   head=0xc1d0000b
IOCTL  16233617us req=0xc0404657 len=64    rc=0   head=0xc1d0000b
IOCTL  16238674us req=0xc0384627 len=56    rc=0   head=0xc1d0000b
IOCTL  16256468us req=0xc0404657 len=64    rc=0   head=0xc1d0000b
IOCTL  16272558us req=0xc0404657 len=64    rc=0   head=0xc1d0000b
IOCTL  16277525us req=0xc0384627 len=56    rc=0   head=0xc1d0000b
IOCTL  16294183us req=0xc0404657 len=64    rc=0   head=0xc1d0000b
IOCTL  16310152us req=0xc0404657 len=64    rc=0   head=0xc1d0000b
IOCTL  16315051us req=0xc0384627 len=56    rc=0   head=0xc1d0000b
IOCTL  16331575us req=0xc0404657 len=64    rc=0   head=0xc1d0000b
IOCTL  16364095us req=0xc0404657 len=64    rc=0   head=0xc1d0000b
IOCTL  16376030us req=0xc0384627 len=56    rc=0   head=0xc1d0000b
IOCTL  16403553us req=0xc0404657 len=64    rc=0   head=0xc1d0000b
IOCTL  16432470us req=0xc0404657 len=64    rc=0   head=0xc1d0000b
IOCTL  16442794us req=0xc0384627 len=56    rc=0   head=0xc1d0000b
IOCTL  16470495us req=0xc0404657 len=64    rc=0   head=0xc1d0000b
IOCTL  16496455us req=0xc0404657 len=64    rc=0   head=0xc1d0000b
IOCTL  16507057us req=0xc0384627 len=56    rc=0   head=0xc1d0000b
IOCTL  16535001us req=0xc0404657 len=64    rc=0   head=0xc1d0000b
IOCTL  16562540us req=0xc0404657 len=64    rc=0   head=0xc1d0000b
IOCTL  16573464us req=0xc0384627 len=56    rc=0   head=0xc1d0000b
IOCTL  16599373us req=0xc0404657 len=64    rc=0   head=0xc1d0000b
IOCTL  16625264us req=0xc0404657 len=64    rc=0   head=0xc1d0000b
IOCTL  16636357us req=0xc0384627 len=56    rc=0   head=0xc1d0000b
IOCTL  16662225us req=0xc0404657 len=64    rc=0   head=0xc1d0000b
IOCTL  16692275us req=0xc0404657 len=64    rc=0   head=0xc1d0000b
IOCTL  16706535us req=0xc0384627 len=56    rc=0   head=0xc1d0000b
IOCTL  16739006us req=0xc0404657 len=64    rc=0   head=0xc1d0000b
IOCTL  16773394us req=0xc0404657 len=64    rc=0   head=0xc1d0000b
IOCTL  16787610us req=0xc0384627 len=56    rc=0   head=0xc1d0000b
IOCTL  16817276us req=0xc0404657 len=64    rc=0   head=0xc1d0000b
IOCTL  16849221us req=0xc0404657 len=64    rc=0   head=0xc1d0000b
IOCTL  16862685us req=0xc0384627 len=56    rc=0   head=0xc1d0000b
IOCTL  16895513us req=0xc0404657 len=64    rc=0   head=0xc1d0000b
IOCTL  16925352us req=0xc0404657 len=64    rc=0   head=0xc1d0000b
IOCTL  16935903us req=0xc0384627 len=56    rc=0   head=0xc1d0000b
IOCTL  16965684us req=0xc0404657 len=64    rc=0   head=0xc1d0000b
IOCTL  16995528us req=0xc0404657 len=64    rc=0   head=0xc1d0000b
IOCTL  17006334us req=0xc0384627 len=56    rc=0   head=0xc1d0000b
IOCTL  17033378us req=0xc0404657 len=64    rc=0   head=0xc1d0000b
IOCTL  17061427us req=0xc0404657 len=64    rc=0   head=0xc1d0000b
IOCTL  17074716us req=0xc0384627 len=56    rc=0   head=0xc1d0000b
IOCTL  17106509us req=0xc0404657 len=64    rc=0   head=0xc1d0000b
IOCTL  17134747us req=0xc0404657 len=64    rc=0   head=0xc1d0000b
IOCTL  17147842us req=0xc0384627 len=56    rc=0   head=0xc1d0000b
IOCTL  17176896us req=0xc0404657 len=64    rc=0   head=0xc1d0000b
IOCTL  17207041us req=0xc0404657 len=64    rc=0   head=0xc1d0000b
IOCTL  17216792us req=0xc0384627 len=56    rc=0   head=0xc1d0000b
IOCTL  17243254us req=0xc0404657 len=64    rc=0   head=0xc1d0000b
IOCTL  17268234us req=0xc0404657 len=64    rc=0   head=0xc1d0000b
IOCTL  17277898us req=0xc0384627 len=56    rc=0   head=0xc1d0000b
IOCTL  17303046us req=0xc0404657 len=64    rc=0   head=0xc1d0000b
IOCTL  17328165us req=0xc0404657 len=64    rc=0   head=0xc1d0000b
IOCTL  17337806us req=0xc0384627 len=56    rc=0   head=0xc1d0000b
IOCTL  17362548us req=0xc0404657 len=64    rc=0   head=0xc1d0000b
IOCTL  17387754us req=0xc0404657 len=64    rc=0   head=0xc1d0000b
IOCTL  17397763us req=0xc0384627 len=56    rc=0   head=0xc1d0000b
IOCTL  17422692us req=0xc0404657 len=64    rc=0   head=0xc1d0000b
IOCTL  17450900us req=0xc0404657 len=64    rc=0   head=0xc1d0000b
IOCTL  17461283us req=0xc0384627 len=56    rc=0   head=0xc1d0000b
IOCTL  17491620us req=0xc0404657 len=64    rc=0   head=0xc1d0000b
IOCTL  17521560us req=0xc0404657 len=64    rc=0   head=0xc1d0000b
IOCTL  17532045us req=0xc0384627 len=56    rc=0   head=0xc1d0000b
IOCTL  17560267us req=0xc0404657 len=64    rc=0   head=0xc1d0000b
IOCTL  17588600us req=0xc0404657 len=64    rc=0   head=0xc1d0000b
IOCTL  17599207us req=0xc0384627 len=56    rc=0   head=0xc1d0000b
IOCTL  17626180us req=0xc0404657 len=64    rc=0   head=0xc1d0000b
IOCTL  17652855us req=0xc0404657 len=64    rc=0   head=0xc1d0000b
IOCTL  17663415us req=0xc0384627 len=56    rc=0   head=0xc1d0000b
IOCTL  17691051us req=0xc0404657 len=64    rc=0   head=0xc1d0000b
IOCTL  17717862us req=0xc0404657 len=64    rc=0   head=0xc1d0000b
IOCTL  17728593us req=0xc0384627 len=56    rc=0   head=0xc1d0000b
IOCTL  17755502us req=0xc0404657 len=64    rc=0   head=0xc1d0000b
IOCTL  17781286us req=0xc0404657 len=64    rc=0   head=0xc1d0000b
IOCTL  17791009us req=0xc0384627 len=56    rc=0   head=0xc1d0000b
IOCTL  17815883us req=0xc0404657 len=64    rc=0   head=0xc1d0000b
IOCTL  17841014us req=0xc0404657 len=64    rc=0   head=0xc1d0000b
IOCTL  17850699us req=0xc0384627 len=56    rc=0   head=0xc1d0000b
IOCTL  17876832us req=0xc0404657 len=64    rc=0   head=0xc1d0000b
IOCTL  17904141us req=0xc0404657 len=64    rc=0   head=0xc1d0000b
IOCTL  17914195us req=0xc0384627 len=56    rc=0   head=0xc1d0000b
IOCTL  17938985us req=0xc0404657 len=64    rc=0   head=0xc1d0000b
IOCTL  17963976us req=0xc0404657 len=64    rc=0   head=0xc1d0000b
IOCTL  17973775us req=0xc0384627 len=56    rc=0   head=0xc1d0000b
IOCTL  17998522us req=0xc0404657 len=64    rc=0   head=0xc1d0000b
IOCTL  18023465us req=0xc0404657 len=64    rc=0   head=0xc1d0000b
IOCTL  18033018us req=0xc0384627 len=56    rc=0   head=0xc1d0000b
IOCTL  18057800us req=0xc0404657 len=64    rc=0   head=0xc1d0000b
IOCTL  18082608us req=0xc0404657 len=64    rc=0   head=0xc1d0000b
IOCTL  18092219us req=0xc0384627 len=56    rc=0   head=0xc1d0000b
IOCTL  18116961us req=0xc0404657 len=64    rc=0   head=0xc1d0000b
IOCTL  18141991us req=0xc0404657 len=64    rc=0   head=0xc1d0000b
IOCTL  18151723us req=0xc0384627 len=56    rc=0   head=0xc1d0000b
IOCTL  18176688us req=0xc0404657 len=64    rc=0   head=0xc1d0000b
IOCTL  18201898us req=0xc0404657 len=64    rc=0   head=0xc1d0000b
IOCTL  18211364us req=0xc0384627 len=56    rc=0   head=0xc1d0000b
IOCTL  18236499us req=0xc0404657 len=64    rc=0   head=0xc1d0000b
IOCTL  18264391us req=0xc0404657 len=64    rc=0   head=0xc1d0000b
IOCTL  18274197us req=0xc0384627 len=56    rc=0   head=0xc1d0000b
IOCTL  18302733us req=0xc0404657 len=64    rc=0   head=0xc1d0000b
IOCTL  18331302us req=0xc0404657 len=64    rc=0   head=0xc1d0000b
IOCTL  18340976us req=0xc0384627 len=56    rc=0   head=0xc1d0000b
IOCTL  18369669us req=0xc0404657 len=64    rc=0   head=0xc1d0000b
IOCTL  18398415us req=0xc0404657 len=64    rc=0   head=0xc1d0000b
IOCTL  18408121us req=0xc0384627 len=56    rc=0   head=0xc1d0000b
IOCTL  18436812us req=0xc0404657 len=64    rc=0   head=0xc1d0000b
IOCTL  18465592us req=0xc0404657 len=64    rc=0   head=0xc1d0000b
IOCTL  18475371us req=0xc0384627 len=56    rc=0   head=0xc1d0000b
IOCTL  18504315us req=0xc0404657 len=64    rc=0   head=0xc1d0000b
IOCTL  18532779us req=0xc0404657 len=64    rc=0   head=0xc1d0000b
IOCTL  18542603us req=0xc0384627 len=56    rc=0   head=0xc1d0000b
IOCTL  18571273us req=0xc0404657 len=64    rc=0   head=0xc1d0000b
IOCTL  18598335us req=0xc0404657 len=64    rc=0   head=0xc1d0000b
IOCTL  18607997us req=0xc0384627 len=56    rc=0   head=0xc1d0000b
IOCTL  18632859us req=0xc0404657 len=64    rc=0   head=0xc1d0000b
IOCTL  18659008us req=0xc0404657 len=64    rc=0   head=0xc1d0000b
IOCTL  18668896us req=0xc0384627 len=56    rc=0   head=0xc1d0000b
IOCTL  18693550us req=0xc0404657 len=64    rc=0   head=0xc1d0000b
IOCTL  18718515us req=0xc0404657 len=64    rc=0   head=0xc1d0000b
IOCTL  18728212us req=0xc0384627 len=56    rc=0   head=0xc1d0000b
IOCTL  18752988us req=0xc0404657 len=64    rc=0   head=0xc1d0000b
IOCTL  18778475us req=0xc0404657 len=64    rc=0   head=0xc1d0000b
IOCTL  18788261us req=0xc0384627 len=56    rc=0   head=0xc1d0000b
IOCTL  18813007us req=0xc0404657 len=64    rc=0   head=0xc1d0000b
IOCTL  18839536us req=0xc0404657 len=64    rc=0   head=0xc1d0000b
IOCTL  18850308us req=0xc0384627 len=56    rc=0   head=0xc1d0000b
IOCTL  18879495us req=0xc0404657 len=64    rc=0   head=0xc1d0000b
IOCTL  18905325us req=0xc0404657 len=64    rc=0   head=0xc1d0000b
IOCTL  18914817us req=0xc0384627 len=56    rc=0   head=0xc1d0000b
IOCTL  18939189us req=0xc0404657 len=64    rc=0   head=0xc1d0000b
IOCTL  18964236us req=0xc0404657 len=64    rc=0   head=0xc1d0000b
IOCTL  18973982us req=0xc0384627 len=56    rc=0   head=0xc1d0000b
IOCTL  18999035us req=0xc0404657 len=64    rc=0   head=0xc1d0000b
IOCTL  19024332us req=0xc0404657 len=64    rc=0   head=0xc1d0000b
IOCTL  19034353us req=0xc0384627 len=56    rc=0   head=0xc1d0000b
IOCTL  19059379us req=0xc0404657 len=64    rc=0   head=0xc1d0000b
IOCTL  19084267us req=0xc0404657 len=64    rc=0   head=0xc1d0000b
IOCTL  19094111us req=0xc0384627 len=56    rc=0   head=0xc1d0000b
IOCTL  19118997us req=0xc0404657 len=64    rc=0   head=0xc1d0000b
IOCTL  19143530us req=0xc0404657 len=64    rc=0   head=0xc1d0000b
IOCTL  19153752us req=0xc0384627 len=56    rc=0   head=0xc1d0000b
IOCTL  19178861us req=0xc0404657 len=64    rc=0   head=0xc1d0000b
IOCTL  19203956us req=0xc0404657 len=64    rc=0   head=0xc1d0000b
IOCTL  19213664us req=0xc0384627 len=56    rc=0   head=0xc1d0000b
IOCTL  19238638us req=0xc0404657 len=64    rc=0   head=0xc1d0000b
IOCTL  19263535us req=0xc0404657 len=64    rc=0   head=0xc1d0000b
IOCTL  19273187us req=0xc0384627 len=56    rc=0   head=0xc1d0000b
IOCTL  19299902us req=0xc0404657 len=64    rc=0   head=0xc1d0000b
IOCTL  19328340us req=0xc0404657 len=64    rc=0   head=0xc1d0000b
IOCTL  19338360us req=0xc0384627 len=56    rc=0   head=0xc1d0000b
IOCTL  19367152us req=0xc0404657 len=64    rc=0   head=0xc1d0000b
IOCTL  19393813us req=0xc0404657 len=64    rc=0   head=0xc1d0000b
IOCTL  19403540us req=0xc0384627 len=56    rc=0   head=0xc1d0000b
IOCTL  19428346us req=0xc0404657 len=64    rc=0   head=0xc1d0000b
IOCTL  19453150us req=0xc0404657 len=64    rc=0   head=0xc1d0000b
IOCTL  19463134us req=0xc0384627 len=56    rc=0   head=0xc1d0000b
IOCTL  19488633us req=0xc0404657 len=64    rc=0   head=0xc1d0000b
IOCTL  19513426us req=0xc0404657 len=64    rc=0   head=0xc1d0000b
IOCTL  19523124us req=0xc0384627 len=56    rc=0   head=0xc1d0000b
IOCTL  19550258us req=0xc0404657 len=64    rc=0   head=0xc1d0000b
IOCTL  19578808us req=0xc0404657 len=64    rc=0   head=0xc1d0000b
IOCTL  19588681us req=0xc0384627 len=56    rc=0   head=0xc1d0000b
IOCTL  19617189us req=0xc0404657 len=64    rc=0   head=0xc1d0000b
IOCTL  19645482us req=0xc0404657 len=64    rc=0   head=0xc1d0000b
IOCTL  19655139us req=0xc0384627 len=56    rc=0   head=0xc1d0000b
IOCTL  19683737us req=0xc0404657 len=64    rc=0   head=0xc1d0000b
IOCTL  19712353us req=0xc0404657 len=64    rc=0   head=0xc1d0000b
IOCTL  19721974us req=0xc0384627 len=56    rc=0   head=0xc1d0000b
IOCTL  19750340us req=0xc0404657 len=64    rc=0   head=0xc1d0000b
IOCTL  19779375us req=0xc0404657 len=64    rc=0   head=0xc1d0000b
IOCTL  19789147us req=0xc0384627 len=56    rc=0   head=0xc1d0000b
IOCTL  19818894us req=0xc0404657 len=64    rc=0   head=0xc1d0000b
IOCTL  19848900us req=0xc0404657 len=64    rc=0   head=0xc1d0000b
IOCTL  19859054us req=0xc0384627 len=56    rc=0   head=0xc1d0000b
IOCTL  19888890us req=0xc0404657 len=64    rc=0   head=0xc1d0000b
IOCTL  19919002us req=0xc0404657 len=64    rc=0   head=0xc1d0000b
IOCTL  19928804us req=0xc0384627 len=56    rc=0   head=0xc1d0000b
IOCTL  19957461us req=0xc0404657 len=64    rc=0   head=0xc1d0000b
IOCTL  19986314us req=0xc0404657 len=64    rc=0   head=0xc1d0000b
IOCTL  19996036us req=0xc0384627 len=56    rc=0   head=0xc1d0000b
IOCTL  20024906us req=0xc0404657 len=64    rc=0   head=0xc1d0000b
IOCTL  20053469us req=0xc0404657 len=64    rc=0   head=0xc1d0000b
IOCTL  20063285us req=0xc0384627 len=56    rc=0   head=0xc1d0000b
IOCTL  20092001us req=0xc0404657 len=64    rc=0   head=0xc1d0000b
IOCTL  20120490us req=0xc0404657 len=64    rc=0   head=0xc1d0000b
IOCTL  20130264us req=0xc0384627 len=56    rc=0   head=0xc1d0000b
IOCTL  20158573us req=0xc0404657 len=64    rc=0   head=0xc1d0000b
IOCTL  20187523us req=0xc0404657 len=64    rc=0   head=0xc1d0000b
IOCTL  20197313us req=0xc0384627 len=56    rc=0   head=0xc1d0000b
IOCTL  20225718us req=0xc0404657 len=64    rc=0   head=0xc1d0000b
IOCTL  20254345us req=0xc0404657 len=64    rc=0   head=0xc1d0000b
IOCTL  20264218us req=0xc0384627 len=56    rc=0   head=0xc1d0000b
IOCTL  20293258us req=0xc0404657 len=64    rc=0   head=0xc1d0000b
IOCTL  20321798us req=0xc0404657 len=64    rc=0   head=0xc1d0000b
IOCTL  20331253us req=0xc0384627 len=56    rc=0   head=0xc1d0000b
IOCTL  20359914us req=0xc0404657 len=64    rc=0   head=0xc1d0000b
IOCTL  20379733us req=0xc0404657 len=64    rc=0   head=0xc1d0000b
IOCTL  20384304us req=0xc0384627 len=56    rc=0   head=0xc1d0000b
IOCTL  20404126us req=0xc0404657 len=64    rc=0   head=0xc1d0000b
IOCTL  20424056us req=0xc0404657 len=64    rc=0   head=0xc1d0000b
IOCTL  20428705us req=0xc0384627 len=56    rc=0   head=0xc1d0000b
IOCTL  20448362us req=0xc0404657 len=64    rc=0   head=0xc1d0000b
IOCTL  20468361us req=0xc0404657 len=64    rc=0   head=0xc1d0000b
IOCTL  20472992us req=0xc0384627 len=56    rc=0   head=0xc1d0000b
IOCTL  20492423us req=0xc0404657 len=64    rc=0   head=0xc1d0000b
IOCTL  20512758us req=0xc0404657 len=64    rc=0   head=0xc1d0000b
IOCTL  20517345us req=0xc0384627 len=56    rc=0   head=0xc1d0000b
IOCTL  20535898us req=0xc0404657 len=64    rc=0   head=0xc1d0000b
IOCTL  20552283us req=0xc0404657 len=64    rc=0   head=0xc1d0000b
IOCTL  20556901us req=0xc0384627 len=56    rc=0   head=0xc1d0000b
IOCTL  20577973us req=0xc0404657 len=64    rc=0   head=0xc1d0000b
IOCTL  20594257us req=0xc0404657 len=64    rc=0   head=0xc1d0000b
IOCTL  20598875us req=0xc0384627 len=56    rc=0   head=0xc1d0000b
IOCTL  20619298us req=0xc0404657 len=64    rc=0   head=0xc1d0000b
IOCTL  20635467us req=0xc0404657 len=64    rc=0   head=0xc1d0000b
IOCTL  20640053us req=0xc0384627 len=56    rc=0   head=0xc1d0000b
IOCTL  20658339us req=0xc0404657 len=64    rc=0   head=0xc1d0000b
IOCTL  20678430us req=0xc0404657 len=64    rc=0   head=0xc1d0000b
IOCTL  20683000us req=0xc0384627 len=56    rc=0   head=0xc1d0000b
IOCTL  20701224us req=0xc0404657 len=64    rc=0   head=0xc1d0000b
IOCTL  20720358us req=0xc0404657 len=64    rc=0   head=0xc1d0000b
IOCTL  20724885us req=0xc0384627 len=56    rc=0   head=0xc1d0000b
IOCTL  20744150us req=0xc0404657 len=64    rc=0   head=0xc1d0000b
IOCTL  20762177us req=0xc0404657 len=64    rc=0   head=0xc1d0000b
IOCTL  20767033us req=0xc0384627 len=56    rc=0   head=0xc1d0000b
IOCTL  20783468us req=0xc0404657 len=64    rc=0   head=0xc1d0000b
IOCTL  20800236us req=0xc0404657 len=64    rc=0   head=0xc1d0000b
IOCTL  20805176us req=0xc0384627 len=56    rc=0   head=0xc1d0000b
IOCTL  20822184us req=0xc0404657 len=64    rc=0   head=0xc1d0000b
IOCTL  20839220us req=0xc0404657 len=64    rc=0   head=0xc1d0000b
IOCTL  20843781us req=0xc0384627 len=56    rc=0   head=0xc1d0000b
IOCTL  20863274us req=0xc0404657 len=64    rc=0   head=0xc1d0000b
IOCTL  20882766us req=0xc0404657 len=64    rc=0   head=0xc1d0000b
IOCTL  20888006us req=0xc0384627 len=56    rc=0   head=0xc1d0000b
IOCTL  20908222us req=0xc0404657 len=64    rc=0   head=0xc1d0000b
IOCTL  20927026us req=0xc0404657 len=64    rc=0   head=0xc1d0000b
IOCTL  20931424us req=0xc0384627 len=56    rc=0   head=0xc1d0000b
IOCTL  20948723us req=0xc0404657 len=64    rc=0   head=0xc1d0000b
IOCTL  20968568us req=0xc0404657 len=64    rc=0   head=0xc1d0000b
IOCTL  20973016us req=0xc0384627 len=56    rc=0   head=0xc1d0000b
IOCTL  20990003us req=0xc0404657 len=64    rc=0   head=0xc1d0000b
IOCTL  21009594us req=0xc0404657 len=64    rc=0   head=0xc1d0000b
IOCTL  21014211us req=0xc0384627 len=56    rc=0   head=0xc1d0000b
IOCTL  21030900us req=0xc0404657 len=64    rc=0   head=0xc1d0000b
IOCTL  21050653us req=0xc0404657 len=64    rc=0   head=0xc1d0000b
IOCTL  21055277us req=0xc0384627 len=56    rc=0   head=0xc1d0000b
IOCTL  21072317us req=0xc0404657 len=64    rc=0   head=0xc1d0000b
IOCTL  21090470us req=0xc0404657 len=64    rc=0   head=0xc1d0000b
IOCTL  21095061us req=0xc0384627 len=56    rc=0   head=0xc1d0000b
IOCTL  21111278us req=0xc0404657 len=64    rc=0   head=0xc1d0000b
IOCTL  21127385us req=0xc0404657 len=64    rc=0   head=0xc1d0000b
IOCTL  21131836us req=0xc0384627 len=56    rc=0   head=0xc1d0000b
IOCTL  21152440us req=0xc0404657 len=64    rc=0   head=0xc1d0000b
IOCTL  21169580us req=0xc0404657 len=64    rc=0   head=0xc1d0000b
IOCTL  21174858us req=0xc0384627 len=56    rc=0   head=0xc1d0000b
IOCTL  21194321us req=0xc0404657 len=64    rc=0   head=0xc1d0000b
IOCTL  21214701us req=0xc0404657 len=64    rc=0   head=0xc1d0000b
IOCTL  21219336us req=0xc0384627 len=56    rc=0   head=0xc1d0000b
IOCTL  21238171us req=0xc0404657 len=64    rc=0   head=0xc1d0000b
IOCTL  21255745us req=0xc0404657 len=64    rc=0   head=0xc1d0000b
IOCTL  21260180us req=0xc0384627 len=56    rc=0   head=0xc1d0000b
IOCTL  21279369us req=0xc0404657 len=64    rc=0   head=0xc1d0000b
IOCTL  21298503us req=0xc0404657 len=64    rc=0   head=0xc1d0000b
IOCTL  21303038us req=0xc0384627 len=56    rc=0   head=0xc1d0000b
IOCTL  21322286us req=0xc0404657 len=64    rc=0   head=0xc1d0000b
IOCTL  21343449us req=0xc0404657 len=64    rc=0   head=0xc1d0000b
IOCTL  21351459us req=0xc0384627 len=56    rc=0   head=0xc1d0000b
IOCTL  21370635us req=0xc0404657 len=64    rc=0   head=0xc1d0000b
IOCTL  21388570us req=0xc0404657 len=64    rc=0   head=0xc1d0000b
IOCTL  21394247us req=0xc0384627 len=56    rc=0   head=0xc1d0000b
IOCTL  21413404us req=0xc0404657 len=64    rc=0   head=0xc1d0000b
IOCTL  21433012us req=0xc0404657 len=64    rc=0   head=0xc1d0000b
IOCTL  21438975us req=0xc0384627 len=56    rc=0   head=0xc1d0000b
IOCTL  21457338us req=0xc0404657 len=64    rc=0   head=0xc1d0000b
IOCTL  21476132us req=0xc0404657 len=64    rc=0   head=0xc1d0000b
IOCTL  21481850us req=0xc0384627 len=56    rc=0   head=0xc1d0000b
IOCTL  21499506us req=0xc0404657 len=64    rc=0   head=0xc1d0000b
IOCTL  21516110us req=0xc0404657 len=64    rc=0   head=0xc1d0000b
IOCTL  21520656us req=0xc0384627 len=56    rc=0   head=0xc1d0000b
IOCTL  21537250us req=0xc0404657 len=64    rc=0   head=0xc1d0000b
IOCTL  21555792us req=0xc0404657 len=64    rc=0   head=0xc1d0000b
IOCTL  21560518us req=0xc0384627 len=56    rc=0   head=0xc1d0000b
IOCTL  21579795us req=0xc0404657 len=64    rc=0   head=0xc1d0000b
IOCTL  21596888us req=0xc0404657 len=64    rc=0   head=0xc1d0000b
IOCTL  21601621us req=0xc0384627 len=56    rc=0   head=0xc1d0000b
IOCTL  21620174us req=0xc0404657 len=64    rc=0   head=0xc1d0000b
IOCTL  21638788us req=0xc0404657 len=64    rc=0   head=0xc1d0000b
IOCTL  21643408us req=0xc0384627 len=56    rc=0   head=0xc1d0000b
IOCTL  21659900us req=0xc0404657 len=64    rc=0   head=0xc1d0000b
IOCTL  21676433us req=0xc0404657 len=64    rc=0   head=0xc1d0000b
IOCTL  21681304us req=0xc0384627 len=56    rc=0   head=0xc1d0000b
IOCTL  21697869us req=0xc0404657 len=64    rc=0   head=0xc1d0000b
IOCTL  21714825us req=0xc0404657 len=64    rc=0   head=0xc1d0000b
IOCTL  21719546us req=0xc0384627 len=56    rc=0   head=0xc1d0000b
IOCTL  21736000us req=0xc0404657 len=64    rc=0   head=0xc1d0000b
IOCTL  21754036us req=0xc0404657 len=64    rc=0   head=0xc1d0000b
IOCTL  21758839us req=0xc0384627 len=56    rc=0   head=0xc1d0000b
IOCTL  21780662us req=0xc0404657 len=64    rc=0   head=0xc1d0000b
IOCTL  21801244us req=0xc0404657 len=64    rc=0   head=0xc1d0000b
IOCTL  21805889us req=0xc0384627 len=56    rc=0   head=0xc1d0000b
IOCTL  21829249us req=0xc0404657 len=64    rc=0   head=0xc1d0000b
IOCTL  21850210us req=0xc0404657 len=64    rc=0   head=0xc1d0000b
IOCTL  21855010us req=0xc0384627 len=56    rc=0   head=0xc1d0000b
IOCTL  21876409us req=0xc0404657 len=64    rc=0   head=0xc1d0000b
IOCTL  21899010us req=0xc0404657 len=64    rc=0   head=0xc1d0000b
IOCTL  21904617us req=0xc0384627 len=56    rc=0   head=0xc1d0000b
IOCTL  21926328us req=0xc0404657 len=64    rc=0   head=0xc1d0000b
IOCTL  21948499us req=0xc0404657 len=64    rc=0   head=0xc1d0000b
IOCTL  21953663us req=0xc0384627 len=56    rc=0   head=0xc1d0000b
IOCTL  21974810us req=0xc0404657 len=64    rc=0   head=0xc1d0000b
IOCTL  21996768us req=0xc0404657 len=64    rc=0   head=0xc1d0000b
IOCTL  22001809us req=0xc0384627 len=56    rc=0   head=0xc1d0000b
IOCTL  22023142us req=0xc0404657 len=64    rc=0   head=0xc1d0000b
IOCTL  22044830us req=0xc0404657 len=64    rc=0   head=0xc1d0000b
IOCTL  22049794us req=0xc0384627 len=56    rc=0   head=0xc1d0000b
IOCTL  22068351us req=0xc0404657 len=64    rc=0   head=0xc1d0000b
IOCTL  22085337us req=0xc0404657 len=64    rc=0   head=0xc1d0000b
IOCTL  22090032us req=0xc0384627 len=56    rc=0   head=0xc1d0000b
IOCTL  22107478us req=0xc0404657 len=64    rc=0   head=0xc1d0000b
IOCTL  22124370us req=0xc0404657 len=64    rc=0   head=0xc1d0000b
IOCTL  22129056us req=0xc0384627 len=56    rc=0   head=0xc1d0000b
IOCTL  22146257us req=0xc0404657 len=64    rc=0   head=0xc1d0000b
IOCTL  22163194us req=0xc0404657 len=64    rc=0   head=0xc1d0000b
IOCTL  22168622us req=0xc0384627 len=56    rc=0   head=0xc1d0000b
IOCTL  22188231us req=0xc0404657 len=64    rc=0   head=0xc1d0000b
IOCTL  22204603us req=0xc0404657 len=64    rc=0   head=0xc1d0000b
IOCTL  22209657us req=0xc0384627 len=56    rc=0   head=0xc1d0000b
IOCTL  22226759us req=0xc0404657 len=64    rc=0   head=0xc1d0000b
IOCTL  22245514us req=0xc0404657 len=64    rc=0   head=0xc1d0000b
IOCTL  22250392us req=0xc0384627 len=56    rc=0   head=0xc1d0000b
IOCTL  22266626us req=0xc0404657 len=64    rc=0   head=0xc1d0000b
IOCTL  22285605us req=0xc0404657 len=64    rc=0   head=0xc1d0000b
IOCTL  22290664us req=0xc0384627 len=56    rc=0   head=0xc1d0000b
IOCTL  22309652us req=0xc0404657 len=64    rc=0   head=0xc1d0000b
IOCTL  22326977us req=0xc0404657 len=64    rc=0   head=0xc1d0000b
IOCTL  22331737us req=0xc0384627 len=56    rc=0   head=0xc1d0000b
IOCTL  22348816us req=0xc0404657 len=64    rc=0   head=0xc1d0000b
IOCTL  22381288us req=0xc0404657 len=64    rc=0   head=0xc1d0000b
IOCTL  22395862us req=0xc0384627 len=56    rc=0   head=0xc1d0000b
IOCTL  22428153us req=0xc0404657 len=64    rc=0   head=0xc1d0000b
IOCTL  22458045us req=0xc0404657 len=64    rc=0   head=0xc1d0000b
IOCTL  22472541us req=0xc0384627 len=56    rc=0   head=0xc1d0000b
IOCTL  22503173us req=0xc0404657 len=64    rc=0   head=0xc1d0000b
IOCTL  22532851us req=0xc0404657 len=64    rc=0   head=0xc1d0000b
IOCTL  22547266us req=0xc0384627 len=56    rc=0   head=0xc1d0000b
IOCTL  22577841us req=0xc0404657 len=64    rc=0   head=0xc1d0000b
IOCTL  22607448us req=0xc0404657 len=64    rc=0   head=0xc1d0000b
IOCTL  22621140us req=0xc0384627 len=56    rc=0   head=0xc1d0000b
IOCTL  22651761us req=0xc0404657 len=64    rc=0   head=0xc1d0000b
IOCTL  22681015us req=0xc0404657 len=64    rc=0   head=0xc1d0000b
IOCTL  22695218us req=0xc0384627 len=56    rc=0   head=0xc1d0000b
IOCTL  22725642us req=0xc0404657 len=64    rc=0   head=0xc1d0000b
IOCTL  22755594us req=0xc0404657 len=64    rc=0   head=0xc1d0000b
IOCTL  22769727us req=0xc0384627 len=56    rc=0   head=0xc1d0000b
IOCTL  22799384us req=0xc0404657 len=64    rc=0   head=0xc1d0000b
IOCTL  22828024us req=0xc0404657 len=64    rc=0   head=0xc1d0000b
IOCTL  22839913us req=0xc0384627 len=56    rc=0   head=0xc1d0000b
IOCTL  22866512us req=0xc0404657 len=64    rc=0   head=0xc1d0000b
IOCTL  22893317us req=0xc0404657 len=64    rc=0   head=0xc1d0000b
IOCTL  22904491us req=0xc0384627 len=56    rc=0   head=0xc1d0000b
IOCTL  22931220us req=0xc0404657 len=64    rc=0   head=0xc1d0000b
IOCTL  22957156us req=0xc0404657 len=64    rc=0   head=0xc1d0000b
IOCTL  22967502us req=0xc0384627 len=56    rc=0   head=0xc1d0000b
IOCTL  22993450us req=0xc0404657 len=64    rc=0   head=0xc1d0000b
IOCTL  23019398us req=0xc0404657 len=64    rc=0   head=0xc1d0000b
IOCTL  23030062us req=0xc0384627 len=56    rc=0   head=0xc1d0000b
IOCTL  23057821us req=0xc0404657 len=64    rc=0   head=0xc1d0000b
IOCTL  23084872us req=0xc0404657 len=64    rc=0   head=0xc1d0000b
IOCTL  23095425us req=0xc0384627 len=56    rc=0   head=0xc1d0000b
IOCTL  23123887us req=0xc0404657 len=64    rc=0   head=0xc1d0000b
IOCTL  23150422us req=0xc0404657 len=64    rc=0   head=0xc1d0000b
IOCTL  23161155us req=0xc0384627 len=56    rc=0   head=0xc1d0000b
IOCTL  23186860us req=0xc0404657 len=64    rc=0   head=0xc1d0000b
IOCTL  23214575us req=0xc0404657 len=64    rc=0   head=0xc1d0000b
IOCTL  23225353us req=0xc0384627 len=56    rc=0   head=0xc1d0000b
IOCTL  23251440us req=0xc0404657 len=64    rc=0   head=0xc1d0000b
IOCTL  23278021us req=0xc0404657 len=64    rc=0   head=0xc1d0000b
IOCTL  23288928us req=0xc0384627 len=56    rc=0   head=0xc1d0000b
IOCTL  23315394us req=0xc0404657 len=64    rc=0   head=0xc1d0000b
IOCTL  23343548us req=0xc0404657 len=64    rc=0   head=0xc1d0000b
IOCTL  23354590us req=0xc0384627 len=56    rc=0   head=0xc1d0000b
IOCTL  23383619us req=0xc0404657 len=64    rc=0   head=0xc1d0000b
IOCTL  23410672us req=0xc0404657 len=64    rc=0   head=0xc1d0000b
IOCTL  23421403us req=0xc0384627 len=56    rc=0   head=0xc1d0000b
IOCTL  23448479us req=0xc0404657 len=64    rc=0   head=0xc1d0000b
IOCTL  23474637us req=0xc0404657 len=64    rc=0   head=0xc1d0000b
IOCTL  23485510us req=0xc0384627 len=56    rc=0   head=0xc1d0000b
IOCTL  23512253us req=0xc0404657 len=64    rc=0   head=0xc1d0000b
IOCTL  23538323us req=0xc0404657 len=64    rc=0   head=0xc1d0000b
IOCTL  23549259us req=0xc0384627 len=56    rc=0   head=0xc1d0000b
IOCTL  23575434us req=0xc0404657 len=64    rc=0   head=0xc1d0000b
IOCTL  23601288us req=0xc0404657 len=64    rc=0   head=0xc1d0000b
IOCTL  23612289us req=0xc0384627 len=56    rc=0   head=0xc1d0000b
IOCTL  23638322us req=0xc0404657 len=64    rc=0   head=0xc1d0000b
IOCTL  23664352us req=0xc0404657 len=64    rc=0   head=0xc1d0000b
IOCTL  23675315us req=0xc0384627 len=56    rc=0   head=0xc1d0000b
IOCTL  23701232us req=0xc0404657 len=64    rc=0   head=0xc1d0000b
IOCTL  23727420us req=0xc0404657 len=64    rc=0   head=0xc1d0000b
IOCTL  23738059us req=0xc0384627 len=56    rc=0   head=0xc1d0000b
IOCTL  23764049us req=0xc0404657 len=64    rc=0   head=0xc1d0000b
IOCTL  23790161us req=0xc0404657 len=64    rc=0   head=0xc1d0000b
IOCTL  23801576us req=0xc0384627 len=56    rc=0   head=0xc1d0000b
IOCTL  23829552us req=0xc0404657 len=64    rc=0   head=0xc1d0000b
IOCTL  23858495us req=0xc0404657 len=64    rc=0   head=0xc1d0000b
IOCTL  23870669us req=0xc0384627 len=56    rc=0   head=0xc1d0000b
IOCTL  23898732us req=0xc0404657 len=64    rc=0   head=0xc1d0000b
IOCTL  23927816us req=0xc0404657 len=64    rc=0   head=0xc1d0000b
IOCTL  23939576us req=0xc0384627 len=56    rc=0   head=0xc1d0000b
IOCTL  23968223us req=0xc0404657 len=64    rc=0   head=0xc1d0000b
IOCTL  23994416us req=0xc0404657 len=64    rc=0   head=0xc1d0000b
IOCTL  24005884us req=0xc0384627 len=56    rc=0   head=0xc1d0000b
IOCTL  24032053us req=0xc0404657 len=64    rc=0   head=0xc1d0000b
IOCTL  24058228us req=0xc0404657 len=64    rc=0   head=0xc1d0000b
IOCTL  24069131us req=0xc0384627 len=56    rc=0   head=0xc1d0000b
IOCTL  24095287us req=0xc0404657 len=64    rc=0   head=0xc1d0000b
IOCTL  24121809us req=0xc0404657 len=64    rc=0   head=0xc1d0000b
IOCTL  24132458us req=0xc0384627 len=56    rc=0   head=0xc1d0000b
IOCTL  24159995us req=0xc0404657 len=64    rc=0   head=0xc1d0000b
IOCTL  24186289us req=0xc0404657 len=64    rc=0   head=0xc1d0000b
IOCTL  24197297us req=0xc0384627 len=56    rc=0   head=0xc1d0000b
IOCTL  24223241us req=0xc0404657 len=64    rc=0   head=0xc1d0000b
IOCTL  24250172us req=0xc0404657 len=64    rc=0   head=0xc1d0000b
IOCTL  24261017us req=0xc0384627 len=56    rc=0   head=0xc1d0000b
IOCTL  24287229us req=0xc0404657 len=64    rc=0   head=0xc1d0000b
IOCTL  24313453us req=0xc0404657 len=64    rc=0   head=0xc1d0000b
IOCTL  24324173us req=0xc0384627 len=56    rc=0   head=0xc1d0000b
IOCTL  24349966us req=0xc0404657 len=64    rc=0   head=0xc1d0000b
IOCTL  24375430us req=0xc0404657 len=64    rc=0   head=0xc1d0000b
IOCTL  24386197us req=0xc0384627 len=56    rc=0   head=0xc1d0000b
IOCTL  24412850us req=0xc0404657 len=64    rc=0   head=0xc1d0000b
IOCTL  24439460us req=0xc0404657 len=64    rc=0   head=0xc1d0000b
IOCTL  24450729us req=0xc0384627 len=56    rc=0   head=0xc1d0000b
IOCTL  24477681us req=0xc0404657 len=64    rc=0   head=0xc1d0000b
IOCTL  24504028us req=0xc0404657 len=64    rc=0   head=0xc1d0000b
IOCTL  24514379us req=0xc0384627 len=56    rc=0   head=0xc1d0000b
IOCTL  24541327us req=0xc0404657 len=64    rc=0   head=0xc1d0000b
IOCTL  24568147us req=0xc0404657 len=64    rc=0   head=0xc1d0000b
IOCTL  24578574us req=0xc0384627 len=56    rc=0   head=0xc1d0000b
IOCTL  24604276us req=0xc0404657 len=64    rc=0   head=0xc1d0000b
IOCTL  24630731us req=0xc0404657 len=64    rc=0   head=0xc1d0000b
IOCTL  24641213us req=0xc0384627 len=56    rc=0   head=0xc1d0000b
IOCTL  24667969us req=0xc0404657 len=64    rc=0   head=0xc1d0000b
IOCTL  24696406us req=0xc0404657 len=64    rc=0   head=0xc1d0000b
IOCTL  24707022us req=0xc0384627 len=56    rc=0   head=0xc1d0000b
IOCTL  24734328us req=0xc0404657 len=64    rc=0   head=0xc1d0000b
IOCTL  24761320us req=0xc0404657 len=64    rc=0   head=0xc1d0000b
IOCTL  24771859us req=0xc0384627 len=56    rc=0   head=0xc1d0000b
IOCTL  24798353us req=0xc0404657 len=64    rc=0   head=0xc1d0000b
IOCTL  24828809us req=0xc0404657 len=64    rc=0   head=0xc1d0000b
IOCTL  24841292us req=0xc0384627 len=56    rc=0   head=0xc1d0000b
IOCTL  24871428us req=0xc0404657 len=64    rc=0   head=0xc1d0000b
IOCTL  24901322us req=0xc0404657 len=64    rc=0   head=0xc1d0000b
IOCTL  24912454us req=0xc0384627 len=56    rc=0   head=0xc1d0000b
IOCTL  24942436us req=0xc0404657 len=64    rc=0   head=0xc1d0000b
IOCTL  24971577us req=0xc0404657 len=64    rc=0   head=0xc1d0000b
IOCTL  24983031us req=0xc0384627 len=56    rc=0   head=0xc1d0000b
IOCTL  25014281us req=0xc0404657 len=64    rc=0   head=0xc1d0000b
IOCTL  25044426us req=0xc0404657 len=64    rc=0   head=0xc1d0000b
IOCTL  25055809us req=0xc0384627 len=56    rc=0   head=0xc1d0000b
IOCTL  25085480us req=0xc0404657 len=64    rc=0   head=0xc1d0000b
IOCTL  25113156us req=0xc0404657 len=64    rc=0   head=0xc1d0000b
IOCTL  25124336us req=0xc0384627 len=56    rc=0   head=0xc1d0000b
IOCTL  25154882us req=0xc0404657 len=64    rc=0   head=0xc1d0000b
IOCTL  25183244us req=0xc0404657 len=64    rc=0   head=0xc1d0000b
IOCTL  25194562us req=0xc0384627 len=56    rc=0   head=0xc1d0000b
IOCTL  25224471us req=0xc0404657 len=64    rc=0   head=0xc1d0000b
IOCTL  25252287us req=0xc0404657 len=64    rc=0   head=0xc1d0000b
IOCTL  25263565us req=0xc0384627 len=56    rc=0   head=0xc1d0000b
IOCTL  25294640us req=0xc0404657 len=64    rc=0   head=0xc1d0000b
IOCTL  25326846us req=0xc0404657 len=64    rc=0   head=0xc1d0000b
IOCTL  25337452us req=0xc0384627 len=56    rc=0   head=0xc1d0000b
IOCTL  25364374us req=0xc0404657 len=64    rc=0   head=0xc1d0000b
IOCTL  25393763us req=0xc0404657 len=64    rc=0   head=0xc1d0000b
IOCTL  25404558us req=0xc0384627 len=56    rc=0   head=0xc1d0000b
IOCTL  25433337us req=0xc0404657 len=64    rc=0   head=0xc1d0000b
IOCTL  25464526us req=0xc0404657 len=64    rc=0   head=0xc1d0000b
IOCTL  25475836us req=0xc0384627 len=56    rc=0   head=0xc1d0000b
IOCTL  25504736us req=0xc0404657 len=64    rc=0   head=0xc1d0000b
IOCTL  25531900us req=0xc0404657 len=64    rc=0   head=0xc1d0000b
IOCTL  25543170us req=0xc0384627 len=56    rc=0   head=0xc1d0000b
IOCTL  25572494us req=0xc0404657 len=64    rc=0   head=0xc1d0000b
IOCTL  25602290us req=0xc0404657 len=64    rc=0   head=0xc1d0000b
IOCTL  25613611us req=0xc0384627 len=56    rc=0   head=0xc1d0000b
IOCTL  25641234us req=0xc0404657 len=64    rc=0   head=0xc1d0000b
IOCTL  25669179us req=0xc0404657 len=64    rc=0   head=0xc1d0000b
IOCTL  25681256us req=0xc0384627 len=56    rc=0   head=0xc1d0000b
IOCTL  25710289us req=0xc0404657 len=64    rc=0   head=0xc1d0000b
IOCTL  25736253us req=0xc0404657 len=64    rc=0   head=0xc1d0000b
IOCTL  25746599us req=0xc0384627 len=56    rc=0   head=0xc1d0000b
IOCTL  25773594us req=0xc0404657 len=64    rc=0   head=0xc1d0000b
IOCTL  25800733us req=0xc0404657 len=64    rc=0   head=0xc1d0000b
IOCTL  25811584us req=0xc0384627 len=56    rc=0   head=0xc1d0000b
IOCTL  25840742us req=0xc0404657 len=64    rc=0   head=0xc1d0000b
IOCTL  25868401us req=0xc0404657 len=64    rc=0   head=0xc1d0000b
IOCTL  25879590us req=0xc0384627 len=56    rc=0   head=0xc1d0000b
IOCTL  25905451us req=0xc0404657 len=64    rc=0   head=0xc1d0000b
IOCTL  25930898us req=0xc0404657 len=64    rc=0   head=0xc1d0000b
IOCTL  25941378us req=0xc0384627 len=56    rc=0   head=0xc1d0000b
IOCTL  25967012us req=0xc0404657 len=64    rc=0   head=0xc1d0000b
IOCTL  25992463us req=0xc0404657 len=64    rc=0   head=0xc1d0000b
IOCTL  26003381us req=0xc0384627 len=56    rc=0   head=0xc1d0000b
IOCTL  26030150us req=0xc0404657 len=64    rc=0   head=0xc1d0000b
IOCTL  26055672us req=0xc0404657 len=64    rc=0   head=0xc1d0000b
IOCTL  26066532us req=0xc0384627 len=56    rc=0   head=0xc1d0000b
IOCTL  26093478us req=0xc0404657 len=64    rc=0   head=0xc1d0000b
IOCTL  26122463us req=0xc0404657 len=64    rc=0   head=0xc1d0000b
IOCTL  26133520us req=0xc0384627 len=56    rc=0   head=0xc1d0000b
IOCTL  26160173us req=0xc0404657 len=64    rc=0   head=0xc1d0000b
IOCTL  26188734us req=0xc0404657 len=64    rc=0   head=0xc1d0000b
IOCTL  26199376us req=0xc0384627 len=56    rc=0   head=0xc1d0000b
IOCTL  26226061us req=0xc0404657 len=64    rc=0   head=0xc1d0000b
IOCTL  26252810us req=0xc0404657 len=64    rc=0   head=0xc1d0000b
IOCTL  26263504us req=0xc0384627 len=56    rc=0   head=0xc1d0000b
IOCTL  26289165us req=0xc0404657 len=64    rc=0   head=0xc1d0000b
IOCTL  26316134us req=0xc0404657 len=64    rc=0   head=0xc1d0000b
IOCTL  26320916us req=0xc0384627 len=56    rc=0   head=0xc1d0000b
IOCTL  26337116us req=0xc0404657 len=64    rc=0   head=0xc1d0000b
IOCTL  26353009us req=0xc0404657 len=64    rc=0   head=0xc1d0000b
IOCTL  26357648us req=0xc0384627 len=56    rc=0   head=0xc1d0000b
IOCTL  26373321us req=0xc0404657 len=64    rc=0   head=0xc1d0000b
IOCTL  26389059us req=0xc0404657 len=64    rc=0   head=0xc1d0000b
IOCTL  26393861us req=0xc0384627 len=56    rc=0   head=0xc1d0000b
IOCTL  26409228us req=0xc0404657 len=64    rc=0   head=0xc1d0000b
IOCTL  26426610us req=0xc0404657 len=64    rc=0   head=0xc1d0000b
IOCTL  26431291us req=0xc0384627 len=56    rc=0   head=0xc1d0000b
IOCTL  26447365us req=0xc0404657 len=64    rc=0   head=0xc1d0000b
IOCTL  26463356us req=0xc0404657 len=64    rc=0   head=0xc1d0000b
IOCTL  26468113us req=0xc0384627 len=56    rc=0   head=0xc1d0000b
IOCTL  26483957us req=0xc0404657 len=64    rc=0   head=0xc1d0000b
IOCTL  26499626us req=0xc0404657 len=64    rc=0   head=0xc1d0000b
IOCTL  26504383us req=0xc0384627 len=56    rc=0   head=0xc1d0000b
IOCTL  26520326us req=0xc0404657 len=64    rc=0   head=0xc1d0000b
IOCTL  26538158us req=0xc0404657 len=64    rc=0   head=0xc1d0000b
IOCTL  26542676us req=0xc0384627 len=56    rc=0   head=0xc1d0000b
IOCTL  26559138us req=0xc0404657 len=64    rc=0   head=0xc1d0000b
IOCTL  26574754us req=0xc0404657 len=64    rc=0   head=0xc1d0000b
IOCTL  26579516us req=0xc0384627 len=56    rc=0   head=0xc1d0000b
IOCTL  26595310us req=0xc0404657 len=64    rc=0   head=0xc1d0000b
IOCTL  26613023us req=0xc0404657 len=64    rc=0   head=0xc1d0000b
IOCTL  26618042us req=0xc0384627 len=56    rc=0   head=0xc1d0000b
IOCTL  26636016us req=0xc0404657 len=64    rc=0   head=0xc1d0000b
IOCTL  26653528us req=0xc0404657 len=64    rc=0   head=0xc1d0000b
IOCTL  26658419us req=0xc0384627 len=56    rc=0   head=0xc1d0000b
IOCTL  26677829us req=0xc0404657 len=64    rc=0   head=0xc1d0000b
IOCTL  26696225us req=0xc0404657 len=64    rc=0   head=0xc1d0000b
IOCTL  26701259us req=0xc0384627 len=56    rc=0   head=0xc1d0000b
IOCTL  26720257us req=0xc0404657 len=64    rc=0   head=0xc1d0000b
IOCTL  26737228us req=0xc0404657 len=64    rc=0   head=0xc1d0000b
IOCTL  26742255us req=0xc0384627 len=56    rc=0   head=0xc1d0000b
IOCTL  26759595us req=0xc0404657 len=64    rc=0   head=0xc1d0000b
IOCTL  26778293us req=0xc0404657 len=64    rc=0   head=0xc1d0000b
IOCTL  26784264us req=0xc0384627 len=56    rc=0   head=0xc1d0000b
IOCTL  26803423us req=0xc0404657 len=64    rc=0   head=0xc1d0000b
IOCTL  26821406us req=0xc0404657 len=64    rc=0   head=0xc1d0000b
IOCTL  26827878us req=0xc0384627 len=56    rc=0   head=0xc1d0000b
IOCTL  26847534us req=0xc0404657 len=64    rc=0   head=0xc1d0000b
IOCTL  26865107us req=0xc0404657 len=64    rc=0   head=0xc1d0000b
IOCTL  26870299us req=0xc0384627 len=56    rc=0   head=0xc1d0000b
IOCTL  26886178us req=0xc0404657 len=64    rc=0   head=0xc1d0000b
IOCTL  26904378us req=0xc0404657 len=64    rc=0   head=0xc1d0000b
IOCTL  26909262us req=0xc0384627 len=56    rc=0   head=0xc1d0000b
IOCTL  26928355us req=0xc0404657 len=64    rc=0   head=0xc1d0000b
IOCTL  26945795us req=0xc0404657 len=64    rc=0   head=0xc1d0000b
IOCTL  26950867us req=0xc0384627 len=56    rc=0   head=0xc1d0000b
IOCTL  26969743us req=0xc0404657 len=64    rc=0   head=0xc1d0000b
IOCTL  26988019us req=0xc0404657 len=64    rc=0   head=0xc1d0000b
IOCTL  26992835us req=0xc0384627 len=56    rc=0   head=0xc1d0000b
IOCTL  27010001us req=0xc0404657 len=64    rc=0   head=0xc1d0000b
IOCTL  27029152us req=0xc0404657 len=64    rc=0   head=0xc1d0000b
IOCTL  27033991us req=0xc0384627 len=56    rc=0   head=0xc1d0000b
IOCTL  27052442us req=0xc0404657 len=64    rc=0   head=0xc1d0000b
IOCTL  27070164us req=0xc0404657 len=64    rc=0   head=0xc1d0000b
IOCTL  27074999us req=0xc0384627 len=56    rc=0   head=0xc1d0000b
IOCTL  27094266us req=0xc0404657 len=64    rc=0   head=0xc1d0000b
IOCTL  27113694us req=0xc0404657 len=64    rc=0   head=0xc1d0000b
IOCTL  27118663us req=0xc0384627 len=56    rc=0   head=0xc1d0000b
IOCTL  27138410us req=0xc0404657 len=64    rc=0   head=0xc1d0000b
IOCTL  27158241us req=0xc0404657 len=64    rc=0   head=0xc1d0000b
IOCTL  27163224us req=0xc0384627 len=56    rc=0   head=0xc1d0000b
IOCTL  27199007us req=0xc0404657 len=64    rc=0   head=0xc1d0000b
IOCTL  27235041us req=0xc0404657 len=64    rc=0   head=0xc1d0000b
IOCTL  27240117us req=0xc0384627 len=56    rc=0   head=0xc1d0000b
IOCTL  27259181us req=0xc0404657 len=64    rc=0   head=0xc1d0000b
IOCTL  27277250us req=0xc0404657 len=64    rc=0   head=0xc1d0000b
IOCTL  27299882us req=0xc0384627 len=56    rc=0   head=0xc1d0000b
IOCTL  27335219us req=0xc0404657 len=64    rc=0   head=0xc1d0000b
IOCTL  27354330us req=0xc0404657 len=64    rc=0   head=0xc1d0000b
IOCTL  27360377us req=0xc0384627 len=56    rc=0   head=0xc1d0000b
IOCTL  27378248us req=0xc0404657 len=64    rc=0   head=0xc1d0000b
IOCTL  27398304us req=0xc0404657 len=64    rc=0   head=0xc1d0000b
IOCTL  27403891us req=0xc0384627 len=56    rc=0   head=0xc1d0000b
IOCTL  27421634us req=0xc0404657 len=64    rc=0   head=0xc1d0000b
IOCTL  27441325us req=0xc0404657 len=64    rc=0   head=0xc1d0000b
IOCTL  27447378us req=0xc0384627 len=56    rc=0   head=0xc1d0000b
IOCTL  27467024us req=0xc0404657 len=64    rc=0   head=0xc1d0000b
IOCTL  27485571us req=0xc0404657 len=64    rc=0   head=0xc1d0000b
IOCTL  27491801us req=0xc0384627 len=56    rc=0   head=0xc1d0000b
IOCTL  27511328us req=0xc0404657 len=64    rc=0   head=0xc1d0000b
IOCTL  27528587us req=0xc0404657 len=64    rc=0   head=0xc1d0000b
IOCTL  27534764us req=0xc0384627 len=56    rc=0   head=0xc1d0000b
IOCTL  27554587us req=0xc0404657 len=64    rc=0   head=0xc1d0000b
IOCTL  27575133us req=0xc0404657 len=64    rc=0   head=0xc1d0000b
IOCTL  27581001us req=0xc0384627 len=56    rc=0   head=0xc1d0000b
IOCTL  27601755us req=0xc0404657 len=64    rc=0   head=0xc1d0000b
IOCTL  27620524us req=0xc0404657 len=64    rc=0   head=0xc1d0000b
IOCTL  27626706us req=0xc0384627 len=56    rc=0   head=0xc1d0000b
IOCTL  27646421us req=0xc0404657 len=64    rc=0   head=0xc1d0000b
IOCTL  27665610us req=0xc0404657 len=64    rc=0   head=0xc1d0000b
IOCTL  27670653us req=0xc0384627 len=56    rc=0   head=0xc1d0000b
IOCTL  27690063us req=0xc0404657 len=64    rc=0   head=0xc1d0000b
IOCTL  27707210us req=0xc0404657 len=64    rc=0   head=0xc1d0000b
IOCTL  27712154us req=0xc0384627 len=56    rc=0   head=0xc1d0000b
IOCTL  27731512us req=0xc0404657 len=64    rc=0   head=0xc1d0000b
IOCTL  27749303us req=0xc0404657 len=64    rc=0   head=0xc1d0000b
IOCTL  27754256us req=0xc0384627 len=56    rc=0   head=0xc1d0000b
IOCTL  27772109us req=0xc0404657 len=64    rc=0   head=0xc1d0000b
IOCTL  27789748us req=0xc0404657 len=64    rc=0   head=0xc1d0000b
IOCTL  27794706us req=0xc0384627 len=56    rc=0   head=0xc1d0000b
IOCTL  27813799us req=0xc0404657 len=64    rc=0   head=0xc1d0000b
IOCTL  27832349us req=0xc0404657 len=64    rc=0   head=0xc1d0000b
IOCTL  27837770us req=0xc0384627 len=56    rc=0   head=0xc1d0000b
IOCTL  27859019us req=0xc0404657 len=64    rc=0   head=0xc1d0000b
IOCTL  27879000us req=0xc0404657 len=64    rc=0   head=0xc1d0000b
IOCTL  27884321us req=0xc0384627 len=56    rc=0   head=0xc1d0000b
IOCTL  27902516us req=0xc0404657 len=64    rc=0   head=0xc1d0000b
IOCTL  27920235us req=0xc0404657 len=64    rc=0   head=0xc1d0000b
IOCTL  27925262us req=0xc0384627 len=56    rc=0   head=0xc1d0000b
IOCTL  27943560us req=0xc0404657 len=64    rc=0   head=0xc1d0000b
IOCTL  27963624us req=0xc0404657 len=64    rc=0   head=0xc1d0000b
IOCTL  27968748us req=0xc0384627 len=56    rc=0   head=0xc1d0000b
IOCTL  27986168us req=0xc0404657 len=64    rc=0   head=0xc1d0000b
IOCTL  28004598us req=0xc0404657 len=64    rc=0   head=0xc1d0000b
IOCTL  28009567us req=0xc0384627 len=56    rc=0   head=0xc1d0000b
IOCTL  28027064us req=0xc0404657 len=64    rc=0   head=0xc1d0000b
IOCTL  28046468us req=0xc0404657 len=64    rc=0   head=0xc1d0000b
IOCTL  28051557us req=0xc0384627 len=56    rc=0   head=0xc1d0000b
IOCTL  28071007us req=0xc0404657 len=64    rc=0   head=0xc1d0000b
IOCTL  28088139us req=0xc0404657 len=64    rc=0   head=0xc1d0000b
IOCTL  28093250us req=0xc0384627 len=56    rc=0   head=0xc1d0000b
IOCTL  28112786us req=0xc0404657 len=64    rc=0   head=0xc1d0000b
IOCTL  28130050us req=0xc0404657 len=64    rc=0   head=0xc1d0000b
IOCTL  28134843us req=0xc0384627 len=56    rc=0   head=0xc1d0000b
IOCTL  28155288us req=0xc0404657 len=64    rc=0   head=0xc1d0000b
IOCTL  28172986us req=0xc0404657 len=64    rc=0   head=0xc1d0000b
IOCTL  28177980us req=0xc0384627 len=56    rc=0   head=0xc1d0000b
IOCTL  28197670us req=0xc0404657 len=64    rc=0   head=0xc1d0000b
IOCTL  28216972us req=0xc0404657 len=64    rc=0   head=0xc1d0000b
IOCTL  28221764us req=0xc0384627 len=56    rc=0   head=0xc1d0000b
IOCTL  28239303us req=0xc0404657 len=64    rc=0   head=0xc1d0000b
IOCTL  28258311us req=0xc0404657 len=64    rc=0   head=0xc1d0000b
IOCTL  28263216us req=0xc0384627 len=56    rc=0   head=0xc1d0000b
IOCTL  28280408us req=0xc0404657 len=64    rc=0   head=0xc1d0000b
IOCTL  28297672us req=0xc0404657 len=64    rc=0   head=0xc1d0000b
IOCTL  28302678us req=0xc0384627 len=56    rc=0   head=0xc1d0000b
IOCTL  28322324us req=0xc0404657 len=64    rc=0   head=0xc1d0000b
IOCTL  28341231us req=0xc0404657 len=64    rc=0   head=0xc1d0000b
IOCTL  28346182us req=0xc0384627 len=56    rc=0   head=0xc1d0000b
IOCTL  28363802us req=0xc0404657 len=64    rc=0   head=0xc1d0000b
IOCTL  28401230us req=0xc0404657 len=64    rc=0   head=0xc1d0000b
IOCTL  28415873us req=0xc0384627 len=56    rc=0   head=0xc1d0000b
IOCTL  28446857us req=0xc0404657 len=64    rc=0   head=0xc1d0000b
IOCTL  28476431us req=0xc0404657 len=64    rc=0   head=0xc1d0000b
IOCTL  28491022us req=0xc0384627 len=56    rc=0   head=0xc1d0000b
IOCTL  28523656us req=0xc0404657 len=64    rc=0   head=0xc1d0000b
IOCTL  28553907us req=0xc0404657 len=64    rc=0   head=0xc1d0000b
IOCTL  28568351us req=0xc0384627 len=56    rc=0   head=0xc1d0000b
IOCTL  28599072us req=0xc0404657 len=64    rc=0   head=0xc1d0000b
IOCTL  28629344us req=0xc0404657 len=64    rc=0   head=0xc1d0000b
IOCTL  28643826us req=0xc0384627 len=56    rc=0   head=0xc1d0000b
IOCTL  28674805us req=0xc0404657 len=64    rc=0   head=0xc1d0000b
IOCTL  28704880us req=0xc0404657 len=64    rc=0   head=0xc1d0000b
IOCTL  28719227us req=0xc0384627 len=56    rc=0   head=0xc1d0000b
IOCTL  28749164us req=0xc0404657 len=64    rc=0   head=0xc1d0000b
IOCTL  28782395us req=0xc0404657 len=64    rc=0   head=0xc1d0000b
IOCTL  28797027us req=0xc0384627 len=56    rc=0   head=0xc1d0000b
IOCTL  28828814us req=0xc0404657 len=64    rc=0   head=0xc1d0000b
IOCTL  28859639us req=0xc0404657 len=64    rc=0   head=0xc1d0000b
IOCTL  28874041us req=0xc0384627 len=56    rc=0   head=0xc1d0000b
IOCTL  28903968us req=0xc0404657 len=64    rc=0   head=0xc1d0000b
IOCTL  28933609us req=0xc0404657 len=64    rc=0   head=0xc1d0000b
IOCTL  28948062us req=0xc0384627 len=56    rc=0   head=0xc1d0000b
IOCTL  28978336us req=0xc0404657 len=64    rc=0   head=0xc1d0000b
IOCTL  29011498us req=0xc0404657 len=64    rc=0   head=0xc1d0000b
IOCTL  29026013us req=0xc0384627 len=56    rc=0   head=0xc1d0000b
IOCTL  29059228us req=0xc0404657 len=64    rc=0   head=0xc1d0000b
IOCTL  29091657us req=0xc0404657 len=64    rc=0   head=0xc1d0000b
IOCTL  29102331us req=0xc0384627 len=56    rc=0   head=0xc1d0000b
IOCTL  29129017us req=0xc0404657 len=64    rc=0   head=0xc1d0000b
IOCTL  29157978us req=0xc0404657 len=64    rc=0   head=0xc1d0000b
IOCTL  29168458us req=0xc0384627 len=56    rc=0   head=0xc1d0000b
IOCTL  29197516us req=0xc0404657 len=64    rc=0   head=0xc1d0000b
IOCTL  29226858us req=0xc0404657 len=64    rc=0   head=0xc1d0000b
IOCTL  29237583us req=0xc0384627 len=56    rc=0   head=0xc1d0000b
IOCTL  29267150us req=0xc0404657 len=64    rc=0   head=0xc1d0000b
IOCTL  29295648us req=0xc0404657 len=64    rc=0   head=0xc1d0000b
IOCTL  29306269us req=0xc0384627 len=56    rc=0   head=0xc1d0000b
IOCTL  29334898us req=0xc0404657 len=64    rc=0   head=0xc1d0000b
IOCTL  29363800us req=0xc0404657 len=64    rc=0   head=0xc1d0000b
IOCTL  29374990us req=0xc0384627 len=56    rc=0   head=0xc1d0000b
IOCTL  29404065us req=0xc0404657 len=64    rc=0   head=0xc1d0000b
IOCTL  29432533us req=0xc0404657 len=64    rc=0   head=0xc1d0000b
IOCTL  29442974us req=0xc0384627 len=56    rc=0   head=0xc1d0000b
IOCTL  29471663us req=0xc0404657 len=64    rc=0   head=0xc1d0000b
IOCTL  29498690us req=0xc0404657 len=64    rc=0   head=0xc1d0000b
IOCTL  29509367us req=0xc0384627 len=56    rc=0   head=0xc1d0000b
IOCTL  29538394us req=0xc0404657 len=64    rc=0   head=0xc1d0000b
IOCTL  29566957us req=0xc0404657 len=64    rc=0   head=0xc1d0000b
IOCTL  29577416us req=0xc0384627 len=56    rc=0   head=0xc1d0000b
IOCTL  29604178us req=0xc0404657 len=64    rc=0   head=0xc1d0000b
IOCTL  29631630us req=0xc0404657 len=64    rc=0   head=0xc1d0000b
IOCTL  29642495us req=0xc0384627 len=56    rc=0   head=0xc1d0000b
IOCTL  29671641us req=0xc0404657 len=64    rc=0   head=0xc1d0000b
IOCTL  29697862us req=0xc0404657 len=64    rc=0   head=0xc1d0000b
IOCTL  29708461us req=0xc0384627 len=56    rc=0   head=0xc1d0000b
IOCTL  29735162us req=0xc0404657 len=64    rc=0   head=0xc1d0000b
IOCTL  29761791us req=0xc0404657 len=64    rc=0   head=0xc1d0000b
IOCTL  29772324us req=0xc0384627 len=56    rc=0   head=0xc1d0000b
IOCTL  29798815us req=0xc0404657 len=64    rc=0   head=0xc1d0000b
IOCTL  29828616us req=0xc0404657 len=64    rc=0   head=0xc1d0000b
IOCTL  29839995us req=0xc0384627 len=56    rc=0   head=0xc1d0000b
IOCTL  29867289us req=0xc0404657 len=64    rc=0   head=0xc1d0000b
IOCTL  29896486us req=0xc0404657 len=64    rc=0   head=0xc1d0000b
IOCTL  29907195us req=0xc0384627 len=56    rc=0   head=0xc1d0000b
IOCTL  29934140us req=0xc0404657 len=64    rc=0   head=0xc1d0000b
IOCTL  29961278us req=0xc0404657 len=64    rc=0   head=0xc1d0000b
IOCTL  29971708us req=0xc0384627 len=56    rc=0   head=0xc1d0000b
IOCTL  30000324us req=0xc0404657 len=64    rc=0   head=0xc1d0000b
IOCTL  30026295us req=0xc0404657 len=64    rc=0   head=0xc1d0000b
IOCTL  30036876us req=0xc0384627 len=56    rc=0   head=0xc1d0000b
IOCTL  30064023us req=0xc0404657 len=64    rc=0   head=0xc1d0000b
IOCTL  30093176us req=0xc0404657 len=64    rc=0   head=0xc1d0000b
IOCTL  30104281us req=0xc0384627 len=56    rc=0   head=0xc1d0000b
IOCTL  30130451us req=0xc0404657 len=64    rc=0   head=0xc1d0000b
IOCTL  30159446us req=0xc0404657 len=64    rc=0   head=0xc1d0000b
IOCTL  30170121us req=0xc0384627 len=56    rc=0   head=0xc1d0000b
IOCTL  30196391us req=0xc0404657 len=64    rc=0   head=0xc1d0000b
IOCTL  30223579us req=0xc0404657 len=64    rc=0   head=0xc1d0000b
IOCTL  30234262us req=0xc0384627 len=56    rc=0   head=0xc1d0000b
IOCTL  30261249us req=0xc0404657 len=64    rc=0   head=0xc1d0000b
IOCTL  30287895us req=0xc0404657 len=64    rc=0   head=0xc1d0000b
IOCTL  30298314us req=0xc0384627 len=56    rc=0   head=0xc1d0000b
IOCTL  30324347us req=0xc0404657 len=64    rc=0   head=0xc1d0000b
IOCTL  30351280us req=0xc0404657 len=64    rc=0   head=0xc1d0000b
IOCTL  30361805us req=0xc0384627 len=56    rc=0   head=0xc1d0000b
IOCTL  30389178us req=0xc0404657 len=64    rc=0   head=0xc1d0000b
IOCTL  30416283us req=0xc0404657 len=64    rc=0   head=0xc1d0000b
IOCTL  30427186us req=0xc0384627 len=56    rc=0   head=0xc1d0000b
IOCTL  30453709us req=0xc0404657 len=64    rc=0   head=0xc1d0000b
IOCTL  30480282us req=0xc0404657 len=64    rc=0   head=0xc1d0000b
IOCTL  30490763us req=0xc0384627 len=56    rc=0   head=0xc1d0000b
IOCTL  30518036us req=0xc0404657 len=64    rc=0   head=0xc1d0000b
IOCTL  30543996us req=0xc0404657 len=64    rc=0   head=0xc1d0000b
IOCTL  30554475us req=0xc0384627 len=56    rc=0   head=0xc1d0000b
IOCTL  30580431us req=0xc0404657 len=64    rc=0   head=0xc1d0000b
IOCTL  30609812us req=0xc0404657 len=64    rc=0   head=0xc1d0000b
IOCTL  30621123us req=0xc0384627 len=56    rc=0   head=0xc1d0000b
IOCTL  30649561us req=0xc0404657 len=64    rc=0   head=0xc1d0000b
IOCTL  30677596us req=0xc0404657 len=64    rc=0   head=0xc1d0000b
IOCTL  30688043us req=0xc0384627 len=56    rc=0   head=0xc1d0000b
IOCTL  30714332us req=0xc0404657 len=64    rc=0   head=0xc1d0000b
IOCTL  30743250us req=0xc0404657 len=64    rc=0   head=0xc1d0000b
IOCTL  30754031us req=0xc0384627 len=56    rc=0   head=0xc1d0000b
IOCTL  30782119us req=0xc0404657 len=64    rc=0   head=0xc1d0000b
IOCTL  30810203us req=0xc0404657 len=64    rc=0   head=0xc1d0000b
IOCTL  30822212us req=0xc0384627 len=56    rc=0   head=0xc1d0000b
IOCTL  30850690us req=0xc0404657 len=64    rc=0   head=0xc1d0000b
IOCTL  30878570us req=0xc0404657 len=64    rc=0   head=0xc1d0000b
IOCTL  30889975us req=0xc0384627 len=56    rc=0   head=0xc1d0000b
IOCTL  30917992us req=0xc0404657 len=64    rc=0   head=0xc1d0000b
IOCTL  30948622us req=0xc0404657 len=64    rc=0   head=0xc1d0000b
IOCTL  30959203us req=0xc0384627 len=56    rc=0   head=0xc1d0000b
IOCTL  30987434us req=0xc0404657 len=64    rc=0   head=0xc1d0000b
IOCTL  31015832us req=0xc0404657 len=64    rc=0   head=0xc1d0000b
IOCTL  31026426us req=0xc0384627 len=56    rc=0   head=0xc1d0000b
IOCTL  31053541us req=0xc0404657 len=64    rc=0   head=0xc1d0000b
IOCTL  31080609us req=0xc0404657 len=64    rc=0   head=0xc1d0000b
IOCTL  31091557us req=0xc0384627 len=56    rc=0   head=0xc1d0000b
IOCTL  31118591us req=0xc0404657 len=64    rc=0   head=0xc1d0000b
IOCTL  31145775us req=0xc0404657 len=64    rc=0   head=0xc1d0000b
IOCTL  31156156us req=0xc0384627 len=56    rc=0   head=0xc1d0000b
IOCTL  31183175us req=0xc0404657 len=64    rc=0   head=0xc1d0000b
IOCTL  31211357us req=0xc0404657 len=64    rc=0   head=0xc1d0000b
IOCTL  31221920us req=0xc0384627 len=56    rc=0   head=0xc1d0000b
IOCTL  31249984us req=0xc0404657 len=64    rc=0   head=0xc1d0000b
IOCTL  31277729us req=0xc0404657 len=64    rc=0   head=0xc1d0000b
IOCTL  31288570us req=0xc0384627 len=56    rc=0   head=0xc1d0000b
IOCTL  31316191us req=0xc0404657 len=64    rc=0   head=0xc1d0000b
IOCTL  31342223us req=0xc0404657 len=64    rc=0   head=0xc1d0000b
IOCTL  31352710us req=0xc0384627 len=56    rc=0   head=0xc1d0000b
IOCTL  31381888us req=0xc0404657 len=64    rc=0   head=0xc1d0000b
IOCTL  31408239us req=0xc0404657 len=64    rc=0   head=0xc1d0000b
IOCTL  31418639us req=0xc0384627 len=56    rc=0   head=0xc1d0000b
IOCTL  31445838us req=0xc0404657 len=64    rc=0   head=0xc1d0000b
IOCTL  31474514us req=0xc0404657 len=64    rc=0   head=0xc1d0000b
IOCTL  31485024us req=0xc0384627 len=56    rc=0   head=0xc1d0000b
IOCTL  31512336us req=0xc0404657 len=64    rc=0   head=0xc1d0000b
IOCTL  31539294us req=0xc0404657 len=64    rc=0   head=0xc1d0000b
IOCTL  31549789us req=0xc0384627 len=56    rc=0   head=0xc1d0000b
IOCTL  31576902us req=0xc0404657 len=64    rc=0   head=0xc1d0000b
IOCTL  31604558us req=0xc0404657 len=64    rc=0   head=0xc1d0000b
IOCTL  31615303us req=0xc0384627 len=56    rc=0   head=0xc1d0000b
IOCTL  31643297us req=0xc0404657 len=64    rc=0   head=0xc1d0000b
IOCTL  31670429us req=0xc0404657 len=64    rc=0   head=0xc1d0000b
IOCTL  31681179us req=0xc0384627 len=56    rc=0   head=0xc1d0000b
IOCTL  31710255us req=0xc0404657 len=64    rc=0   head=0xc1d0000b
IOCTL  31737817us req=0xc0404657 len=64    rc=0   head=0xc1d0000b
IOCTL  31748849us req=0xc0384627 len=56    rc=0   head=0xc1d0000b
IOCTL  31777687us req=0xc0404657 len=64    rc=0   head=0xc1d0000b
IOCTL  31810258us req=0xc0404657 len=64    rc=0   head=0xc1d0000b
IOCTL  31822865us req=0xc0384627 len=56    rc=0   head=0xc1d0000b
IOCTL  31852346us req=0xc0404657 len=64    rc=0   head=0xc1d0000b
IOCTL  31880175us req=0xc0404657 len=64    rc=0   head=0xc1d0000b
IOCTL  31891102us req=0xc0384627 len=56    rc=0   head=0xc1d0000b
IOCTL  31920389us req=0xc0404657 len=64    rc=0   head=0xc1d0000b
IOCTL  31949383us req=0xc0404657 len=64    rc=0   head=0xc1d0000b
IOCTL  31960205us req=0xc0384627 len=56    rc=0   head=0xc1d0000b
IOCTL  31988455us req=0xc0404657 len=64    rc=0   head=0xc1d0000b
IOCTL  32014438us req=0xc0404657 len=64    rc=0   head=0xc1d0000b
IOCTL  32025004us req=0xc0384627 len=56    rc=0   head=0xc1d0000b
IOCTL  32051669us req=0xc0404657 len=64    rc=0   head=0xc1d0000b
IOCTL  32079545us req=0xc0404657 len=64    rc=0   head=0xc1d0000b
IOCTL  32090265us req=0xc0384627 len=56    rc=0   head=0xc1d0000b
IOCTL  32118063us req=0xc0404657 len=64    rc=0   head=0xc1d0000b
IOCTL  32146379us req=0xc0404657 len=64    rc=0   head=0xc1d0000b
IOCTL  32156995us req=0xc0384627 len=56    rc=0   head=0xc1d0000b
IOCTL  32183523us req=0xc0404657 len=64    rc=0   head=0xc1d0000b
IOCTL  32212707us req=0xc0404657 len=64    rc=0   head=0xc1d0000b
IOCTL  32224130us req=0xc0384627 len=56    rc=0   head=0xc1d0000b
IOCTL  32250780us req=0xc0404657 len=64    rc=0   head=0xc1d0000b
IOCTL  32278151us req=0xc0404657 len=64    rc=0   head=0xc1d0000b
IOCTL  32288511us req=0xc0384627 len=56    rc=0   head=0xc1d0000b
IOCTL  32317415us req=0xc0404657 len=64    rc=0   head=0xc1d0000b
IOCTL  32344729us req=0xc0404657 len=64    rc=0   head=0xc1d0000b
IOCTL  32355508us req=0xc0384627 len=56    rc=0   head=0xc1d0000b
IOCTL  32382485us req=0xc0404657 len=64    rc=0   head=0xc1d0000b
IOCTL  32411503us req=0xc0404657 len=64    rc=0   head=0xc1d0000b
IOCTL  32422164us req=0xc0384627 len=56    rc=0   head=0xc1d0000b
IOCTL  32449414us req=0xc0404657 len=64    rc=0   head=0xc1d0000b
IOCTL  32477469us req=0xc0404657 len=64    rc=0   head=0xc1d0000b
IOCTL  32487905us req=0xc0384627 len=56    rc=0   head=0xc1d0000b
IOCTL  32514540us req=0xc0404657 len=64    rc=0   head=0xc1d0000b
IOCTL  32541725us req=0xc0404657 len=64    rc=0   head=0xc1d0000b
IOCTL  32552424us req=0xc0384627 len=56    rc=0   head=0xc1d0000b
IOCTL  32579883us req=0xc0404657 len=64    rc=0   head=0xc1d0000b
IOCTL  32608377us req=0xc0404657 len=64    rc=0   head=0xc1d0000b
IOCTL  32619109us req=0xc0384627 len=56    rc=0   head=0xc1d0000b
IOCTL  32646901us req=0xc0404657 len=64    rc=0   head=0xc1d0000b
IOCTL  32675326us req=0xc0404657 len=64    rc=0   head=0xc1d0000b
IOCTL  32686137us req=0xc0384627 len=56    rc=0   head=0xc1d0000b
IOCTL  32713691us req=0xc0404657 len=64    rc=0   head=0xc1d0000b
IOCTL  32741171us req=0xc0404657 len=64    rc=0   head=0xc1d0000b
IOCTL  32751467us req=0xc0384627 len=56    rc=0   head=0xc1d0000b
IOCTL  32780524us req=0xc0404657 len=64    rc=0   head=0xc1d0000b
IOCTL  32810509us req=0xc0404657 len=64    rc=0   head=0xc1d0000b
IOCTL  32822292us req=0xc0384627 len=56    rc=0   head=0xc1d0000b
IOCTL  32853201us req=0xc0404657 len=64    rc=0   head=0xc1d0000b
IOCTL  32881325us req=0xc0404657 len=64    rc=0   head=0xc1d0000b
IOCTL  32891824us req=0xc0384627 len=56    rc=0   head=0xc1d0000b
IOCTL  32921195us req=0xc0404657 len=64    rc=0   head=0xc1d0000b
IOCTL  32950623us req=0xc0404657 len=64    rc=0   head=0xc1d0000b
IOCTL  32961228us req=0xc0384627 len=56    rc=0   head=0xc1d0000b
IOCTL  32988861us req=0xc0404657 len=64    rc=0   head=0xc1d0000b
IOCTL  33015303us req=0xc0404657 len=64    rc=0   head=0xc1d0000b
IOCTL  33025893us req=0xc0384627 len=56    rc=0   head=0xc1d0000b
IOCTL  33052605us req=0xc0404657 len=64    rc=0   head=0xc1d0000b
IOCTL  33080867us req=0xc0404657 len=64    rc=0   head=0xc1d0000b
IOCTL  33091827us req=0xc0384627 len=56    rc=0   head=0xc1d0000b
IOCTL  33121387us req=0xc0404657 len=64    rc=0   head=0xc1d0000b
IOCTL  33149583us req=0xc0404657 len=64    rc=0   head=0xc1d0000b
IOCTL  33160219us req=0xc0384627 len=56    rc=0   head=0xc1d0000b
IOCTL  33188565us req=0xc0404657 len=64    rc=0   head=0xc1d0000b
IOCTL  33216533us req=0xc0404657 len=64    rc=0   head=0xc1d0000b
IOCTL  33227328us req=0xc0384627 len=56    rc=0   head=0xc1d0000b
IOCTL  33253549us req=0xc0404657 len=64    rc=0   head=0xc1d0000b
IOCTL  33281574us req=0xc0404657 len=64    rc=0   head=0xc1d0000b
IOCTL  33293888us req=0xc0384627 len=56    rc=0   head=0xc1d0000b
IOCTL  33324404us req=0xc0404657 len=64    rc=0   head=0xc1d0000b
IOCTL  33354121us req=0xc0404657 len=64    rc=0   head=0xc1d0000b
IOCTL  33359457us req=0xc0384627 len=56    rc=0   head=0xc1d0000b
IOCTL  33379358us req=0xc0404657 len=64    rc=0   head=0xc1d0000b
IOCTL  33397299us req=0xc0404657 len=64    rc=0   head=0xc1d0000b
IOCTL  33402290us req=0xc0384627 len=56    rc=0   head=0xc1d0000b
IOCTL  33420170us req=0xc0404657 len=64    rc=0   head=0xc1d0000b
IOCTL  33439305us req=0xc0404657 len=64    rc=0   head=0xc1d0000b
IOCTL  33444505us req=0xc0384627 len=56    rc=0   head=0xc1d0000b
IOCTL  33461723us req=0xc0404657 len=64    rc=0   head=0xc1d0000b
IOCTL  33478478us req=0xc0404657 len=64    rc=0   head=0xc1d0000b
IOCTL  33483797us req=0xc0384627 len=56    rc=0   head=0xc1d0000b
IOCTL  33501985us req=0xc0404657 len=64    rc=0   head=0xc1d0000b
IOCTL  33520857us req=0xc0404657 len=64    rc=0   head=0xc1d0000b
IOCTL  33526326us req=0xc0384627 len=56    rc=0   head=0xc1d0000b
IOCTL  33543755us req=0xc0404657 len=64    rc=0   head=0xc1d0000b
IOCTL  33560423us req=0xc0404657 len=64    rc=0   head=0xc1d0000b
IOCTL  33566199us req=0xc0384627 len=56    rc=0   head=0xc1d0000b
IOCTL  33583455us req=0xc0404657 len=64    rc=0   head=0xc1d0000b
IOCTL  33600031us req=0xc0404657 len=64    rc=0   head=0xc1d0000b
IOCTL  33605256us req=0xc0384627 len=56    rc=0   head=0xc1d0000b
IOCTL  33621977us req=0xc0404657 len=64    rc=0   head=0xc1d0000b
IOCTL  33638658us req=0xc0404657 len=64    rc=0   head=0xc1d0000b
IOCTL  33644055us req=0xc0384627 len=56    rc=0   head=0xc1d0000b
IOCTL  33661146us req=0xc0404657 len=64    rc=0   head=0xc1d0000b
IOCTL  33694964us req=0xc0404657 len=64    rc=0   head=0xc1d0000b
IOCTL  33706997us req=0xc0384627 len=56    rc=0   head=0xc1d0000b
IOCTL  33734571us req=0xc0404657 len=64    rc=0   head=0xc1d0000b
IOCTL  33764066us req=0xc0404657 len=64    rc=0   head=0xc1d0000b
IOCTL  33775223us req=0xc0384627 len=56    rc=0   head=0xc1d0000b
IOCTL  33806027us req=0xc0404657 len=64    rc=0   head=0xc1d0000b
IOCTL  33837502us req=0xc0404657 len=64    rc=0   head=0xc1d0000b
IOCTL  33848490us req=0xc0384627 len=56    rc=0   head=0xc1d0000b
IOCTL  33879330us req=0xc0404657 len=64    rc=0   head=0xc1d0000b
IOCTL  33909284us req=0xc0404657 len=64    rc=0   head=0xc1d0000b
IOCTL  33920304us req=0xc0384627 len=56    rc=0   head=0xc1d0000b
IOCTL  33950274us req=0xc0404657 len=64    rc=0   head=0xc1d0000b
IOCTL  33980661us req=0xc0404657 len=64    rc=0   head=0xc1d0000b
IOCTL  33991588us req=0xc0384627 len=56    rc=0   head=0xc1d0000b
IOCTL  34022260us req=0xc0404657 len=64    rc=0   head=0xc1d0000b
IOCTL  34052225us req=0xc0404657 len=64    rc=0   head=0xc1d0000b
IOCTL  34063454us req=0xc0384627 len=56    rc=0   head=0xc1d0000b
IOCTL  34093415us req=0xc0404657 len=64    rc=0   head=0xc1d0000b
IOCTL  34123504us req=0xc0404657 len=64    rc=0   head=0xc1d0000b
IOCTL  34134302us req=0xc0384627 len=56    rc=0   head=0xc1d0000b
IOCTL  34164370us req=0xc0404657 len=64    rc=0   head=0xc1d0000b
IOCTL  34194634us req=0xc0404657 len=64    rc=0   head=0xc1d0000b
IOCTL  34205465us req=0xc0384627 len=56    rc=0   head=0xc1d0000b
IOCTL  34235158us req=0xc0404657 len=64    rc=0   head=0xc1d0000b
IOCTL  34264989us req=0xc0404657 len=64    rc=0   head=0xc1d0000b
IOCTL  34276987us req=0xc0384627 len=56    rc=0   head=0xc1d0000b
IOCTL  34309322us req=0xc0404657 len=64    rc=0   head=0xc1d0000b
IOCTL  34330738us req=0xc0404657 len=64    rc=0   head=0xc1d0000b
IOCTL  34337060us req=0xc0384627 len=56    rc=0   head=0xc1d0000b
IOCTL  34359269us req=0xc0404657 len=64    rc=0   head=0xc1d0000b
IOCTL  34382198us req=0xc0404657 len=64    rc=0   head=0xc1d0000b
IOCTL  34387487us req=0xc0384627 len=56    rc=0   head=0xc1d0000b
IOCTL  34408298us req=0xc0404657 len=64    rc=0   head=0xc1d0000b
IOCTL  34431182us req=0xc0404657 len=64    rc=0   head=0xc1d0000b
IOCTL  34438753us req=0xc0384627 len=56    rc=0   head=0xc1d0000b
IOCTL  34461574us req=0xc0404657 len=64    rc=0   head=0xc1d0000b
IOCTL  34484376us req=0xc0404657 len=64    rc=0   head=0xc1d0000b
IOCTL  34493916us req=0xc0384627 len=56    rc=0   head=0xc1d0000b
IOCTL  34518455us req=0xc0404657 len=64    rc=0   head=0xc1d0000b
IOCTL  34542217us req=0xc0404657 len=64    rc=0   head=0xc1d0000b
IOCTL  34551040us req=0xc0384627 len=56    rc=0   head=0xc1d0000b
IOCTL  34573816us req=0xc0404657 len=64    rc=0   head=0xc1d0000b
IOCTL  34594473us req=0xc0404657 len=64    rc=0   head=0xc1d0000b
IOCTL  34599723us req=0xc0384627 len=56    rc=0   head=0xc1d0000b
IOCTL  34623399us req=0xc0404657 len=64    rc=0   head=0xc1d0000b
IOCTL  34646726us req=0xc0404657 len=64    rc=0   head=0xc1d0000b
IOCTL  34652243us req=0xc0384627 len=56    rc=0   head=0xc1d0000b
IOCTL  34674410us req=0xc0404657 len=64    rc=0   head=0xc1d0000b
IOCTL  34694965us req=0xc0404657 len=64    rc=0   head=0xc1d0000b
IOCTL  34700735us req=0xc0384627 len=56    rc=0   head=0xc1d0000b
IOCTL  34722537us req=0xc0404657 len=64    rc=0   head=0xc1d0000b
IOCTL  34743218us req=0xc0404657 len=64    rc=0   head=0xc1d0000b
IOCTL  34748413us req=0xc0384627 len=56    rc=0   head=0xc1d0000b
IOCTL  34768417us req=0xc0404657 len=64    rc=0   head=0xc1d0000b
IOCTL  34788165us req=0xc0404657 len=64    rc=0   head=0xc1d0000b
IOCTL  34793043us req=0xc0384627 len=56    rc=0   head=0xc1d0000b
IOCTL  34812248us req=0xc0404657 len=64    rc=0   head=0xc1d0000b
IOCTL  34831609us req=0xc0404657 len=64    rc=0   head=0xc1d0000b
IOCTL  34836974us req=0xc0384627 len=56    rc=0   head=0xc1d0000b
IOCTL  34858183us req=0xc0404657 len=64    rc=0   head=0xc1d0000b
IOCTL  34880043us req=0xc0404657 len=64    rc=0   head=0xc1d0000b
IOCTL  34885120us req=0xc0384627 len=56    rc=0   head=0xc1d0000b
IOCTL  34905916us req=0xc0404657 len=64    rc=0   head=0xc1d0000b
IOCTL  34925968us req=0xc0404657 len=64    rc=0   head=0xc1d0000b
IOCTL  34930897us req=0xc0384627 len=56    rc=0   head=0xc1d0000b
IOCTL  34948632us req=0xc0404657 len=64    rc=0   head=0xc1d0000b
IOCTL  34968590us req=0xc0404657 len=64    rc=0   head=0xc1d0000b
IOCTL  34973570us req=0xc0384627 len=56    rc=0   head=0xc1d0000b
IOCTL  34992310us req=0xc0404657 len=64    rc=0   head=0xc1d0000b
IOCTL  35012672us req=0xc0404657 len=64    rc=0   head=0xc1d0000b
IOCTL  35017571us req=0xc0384627 len=56    rc=0   head=0xc1d0000b
IOCTL  35038171us req=0xc0404657 len=64    rc=0   head=0xc1d0000b
IOCTL  35056710us req=0xc0404657 len=64    rc=0   head=0xc1d0000b
IOCTL  35061678us req=0xc0384627 len=56    rc=0   head=0xc1d0000b
IOCTL  35080765us req=0xc0404657 len=64    rc=0   head=0xc1d0000b
IOCTL  35101337us req=0xc0404657 len=64    rc=0   head=0xc1d0000b
IOCTL  35106290us req=0xc0384627 len=56    rc=0   head=0xc1d0000b
IOCTL  35127176us req=0xc0404657 len=64    rc=0   head=0xc1d0000b
IOCTL  35147492us req=0xc0404657 len=64    rc=0   head=0xc1d0000b
IOCTL  35152371us req=0xc0384627 len=56    rc=0   head=0xc1d0000b
IOCTL  35172356us req=0xc0404657 len=64    rc=0   head=0xc1d0000b
IOCTL  35193288us req=0xc0404657 len=64    rc=0   head=0xc1d0000b
IOCTL  35198257us req=0xc0384627 len=56    rc=0   head=0xc1d0000b
IOCTL  35219046us req=0xc0404657 len=64    rc=0   head=0xc1d0000b
IOCTL  35237840us req=0xc0404657 len=64    rc=0   head=0xc1d0000b
IOCTL  35242642us req=0xc0384627 len=56    rc=0   head=0xc1d0000b
IOCTL  35261012us req=0xc0404657 len=64    rc=0   head=0xc1d0000b
IOCTL  35278311us req=0xc0404657 len=64    rc=0   head=0xc1d0000b
IOCTL  35297792us req=0xc0384627 len=56    rc=0   head=0xc1d0000b
IOCTL  35332231us req=0xc0404657 len=64    rc=0   head=0xc1d0000b
IOCTL  35350732us req=0xc0404657 len=64    rc=0   head=0xc1d0000b
IOCTL  35356032us req=0xc0384627 len=56    rc=0   head=0xc1d0000b
IOCTL  35386021us req=0xc0404657 len=64    rc=0   head=0xc1d0000b
IOCTL  35416183us req=0xc0404657 len=64    rc=0   head=0xc1d0000b
IOCTL  35430798us req=0xc0384627 len=56    rc=0   head=0xc1d0000b
IOCTL  35461597us req=0xc0404657 len=64    rc=0   head=0xc1d0000b
IOCTL  35492382us req=0xc0404657 len=64    rc=0   head=0xc1d0000b
IOCTL  35507161us req=0xc0384627 len=56    rc=0   head=0xc1d0000b
IOCTL  35537655us req=0xc0404657 len=64    rc=0   head=0xc1d0000b
IOCTL  35567568us req=0xc0404657 len=64    rc=0   head=0xc1d0000b
IOCTL  35582581us req=0xc0384627 len=56    rc=0   head=0xc1d0000b
IOCTL  35613823us req=0xc0404657 len=64    rc=0   head=0xc1d0000b
IOCTL  35644373us req=0xc0404657 len=64    rc=0   head=0xc1d0000b
IOCTL  35658470us req=0xc0384627 len=56    rc=0   head=0xc1d0000b
IOCTL  35689249us req=0xc0404657 len=64    rc=0   head=0xc1d0000b
IOCTL  35721331us req=0xc0404657 len=64    rc=0   head=0xc1d0000b
IOCTL  35735582us req=0xc0384627 len=56    rc=0   head=0xc1d0000b
IOCTL  35767525us req=0xc0404657 len=64    rc=0   head=0xc1d0000b
IOCTL  35798285us req=0xc0404657 len=64    rc=0   head=0xc1d0000b
IOCTL  35811621us req=0xc0384627 len=56    rc=0   head=0xc1d0000b
IOCTL  35842016us req=0xc0404657 len=64    rc=0   head=0xc1d0000b
IOCTL  35874405us req=0xc0404657 len=64    rc=0   head=0xc1d0000b
IOCTL  35890121us req=0xc0384627 len=56    rc=0   head=0xc1d0000b
IOCTL  35923235us req=0xc0404657 len=64    rc=0   head=0xc1d0000b
IOCTL  35955650us req=0xc0404657 len=64    rc=0   head=0xc1d0000b
IOCTL  35968483us req=0xc0384627 len=56    rc=0   head=0xc1d0000b
IOCTL  35999600us req=0xc0404657 len=64    rc=0   head=0xc1d0000b
IOCTL  36029336us req=0xc0404657 len=64    rc=0   head=0xc1d0000b
IOCTL  36041104us req=0xc0384627 len=56    rc=0   head=0xc1d0000b
IOCTL  36068482us req=0xc0404657 len=64    rc=0   head=0xc1d0000b
IOCTL  36097960us req=0xc0404657 len=64    rc=0   head=0xc1d0000b
IOCTL  36108899us req=0xc0384627 len=56    rc=0   head=0xc1d0000b
IOCTL  36138198us req=0xc0404657 len=64    rc=0   head=0xc1d0000b
IOCTL  36167400us req=0xc0404657 len=64    rc=0   head=0xc1d0000b
IOCTL  36178119us req=0xc0384627 len=56    rc=0   head=0xc1d0000b
IOCTL  36210621us req=0xc0404657 len=64    rc=0   head=0xc1d0000b
IOCTL  36241959us req=0xc0404657 len=64    rc=0   head=0xc1d0000b
IOCTL  36252299us req=0xc0384627 len=56    rc=0   head=0xc1d0000b
IOCTL  36282417us req=0xc0404657 len=64    rc=0   head=0xc1d0000b
IOCTL  36312698us req=0xc0404657 len=64    rc=0   head=0xc1d0000b
IOCTL  36323523us req=0xc0384627 len=56    rc=0   head=0xc1d0000b
IOCTL  36354286us req=0xc0404657 len=64    rc=0   head=0xc1d0000b
IOCTL  36384419us req=0xc0404657 len=64    rc=0   head=0xc1d0000b
IOCTL  36395221us req=0xc0384627 len=56    rc=0   head=0xc1d0000b
IOCTL  36425167us req=0xc0404657 len=64    rc=0   head=0xc1d0000b
IOCTL  36455278us req=0xc0404657 len=64    rc=0   head=0xc1d0000b
IOCTL  36465648us req=0xc0384627 len=56    rc=0   head=0xc1d0000b
IOCTL  36495808us req=0xc0404657 len=64    rc=0   head=0xc1d0000b
IOCTL  36525907us req=0xc0404657 len=64    rc=0   head=0xc1d0000b
IOCTL  36536761us req=0xc0384627 len=56    rc=0   head=0xc1d0000b
IOCTL  36567395us req=0xc0404657 len=64    rc=0   head=0xc1d0000b
IOCTL  36595125us req=0xc0404657 len=64    rc=0   head=0xc1d0000b
IOCTL  36605692us req=0xc0384627 len=56    rc=0   head=0xc1d0000b
IOCTL  36632808us req=0xc0404657 len=64    rc=0   head=0xc1d0000b
IOCTL  36662592us req=0xc0404657 len=64    rc=0   head=0xc1d0000b
IOCTL  36673272us req=0xc0384627 len=56    rc=0   head=0xc1d0000b
IOCTL  36701318us req=0xc0404657 len=64    rc=0   head=0xc1d0000b
IOCTL  36731276us req=0xc0404657 len=64    rc=0   head=0xc1d0000b
IOCTL  36741770us req=0xc0384627 len=56    rc=0   head=0xc1d0000b
IOCTL  36771997us req=0xc0404657 len=64    rc=0   head=0xc1d0000b
IOCTL  36805834us req=0xc0404657 len=64    rc=0   head=0xc1d0000b
IOCTL  36817005us req=0xc0384627 len=56    rc=0   head=0xc1d0000b
IOCTL  36849039us req=0xc0404657 len=64    rc=0   head=0xc1d0000b
IOCTL  36879371us req=0xc0404657 len=64    rc=0   head=0xc1d0000b
IOCTL  36890369us req=0xc0384627 len=56    rc=0   head=0xc1d0000b
IOCTL  36920030us req=0xc0404657 len=64    rc=0   head=0xc1d0000b
IOCTL  36949845us req=0xc0404657 len=64    rc=0   head=0xc1d0000b
IOCTL  36960406us req=0xc0384627 len=56    rc=0   head=0xc1d0000b
IOCTL  36987670us req=0xc0404657 len=64    rc=0   head=0xc1d0000b
IOCTL  37018444us req=0xc0404657 len=64    rc=0   head=0xc1d0000b
IOCTL  37029050us req=0xc0384627 len=56    rc=0   head=0xc1d0000b
IOCTL  37056608us req=0xc0404657 len=64    rc=0   head=0xc1d0000b
IOCTL  37085983us req=0xc0404657 len=64    rc=0   head=0xc1d0000b
IOCTL  37097178us req=0xc0384627 len=56    rc=0   head=0xc1d0000b
IOCTL  37125178us req=0xc0404657 len=64    rc=0   head=0xc1d0000b
IOCTL  37154426us req=0xc0404657 len=64    rc=0   head=0xc1d0000b
IOCTL  37165052us req=0xc0384627 len=56    rc=0   head=0xc1d0000b
IOCTL  37192293us req=0xc0404657 len=64    rc=0   head=0xc1d0000b
IOCTL  37221458us req=0xc0404657 len=64    rc=0   head=0xc1d0000b
IOCTL  37232006us req=0xc0384627 len=56    rc=0   head=0xc1d0000b
IOCTL  37259289us req=0xc0404657 len=64    rc=0   head=0xc1d0000b
IOCTL  37289287us req=0xc0404657 len=64    rc=0   head=0xc1d0000b
IOCTL  37299827us req=0xc0384627 len=56    rc=0   head=0xc1d0000b
IOCTL  37330308us req=0xc0404657 len=64    rc=0   head=0xc1d0000b
IOCTL  37360374us req=0xc0404657 len=64    rc=0   head=0xc1d0000b
IOCTL  37370862us req=0xc0384627 len=56    rc=0   head=0xc1d0000b
IOCTL  37401132us req=0xc0404657 len=64    rc=0   head=0xc1d0000b
IOCTL  37428970us req=0xc0404657 len=64    rc=0   head=0xc1d0000b
IOCTL  37439347us req=0xc0384627 len=56    rc=0   head=0xc1d0000b
IOCTL  37469747us req=0xc0404657 len=64    rc=0   head=0xc1d0000b
IOCTL  37500008us req=0xc0404657 len=64    rc=0   head=0xc1d0000b
IOCTL  37510518us req=0xc0384627 len=56    rc=0   head=0xc1d0000b
IOCTL  37540917us req=0xc0404657 len=64    rc=0   head=0xc1d0000b
IOCTL  37571437us req=0xc0404657 len=64    rc=0   head=0xc1d0000b
IOCTL  37582013us req=0xc0384627 len=56    rc=0   head=0xc1d0000b
IOCTL  37609381us req=0xc0404657 len=64    rc=0   head=0xc1d0000b
IOCTL  37636322us req=0xc0404657 len=64    rc=0   head=0xc1d0000b
IOCTL  37647109us req=0xc0384627 len=56    rc=0   head=0xc1d0000b
IOCTL  37675975us req=0xc0404657 len=64    rc=0   head=0xc1d0000b
IOCTL  37703122us req=0xc0404657 len=64    rc=0   head=0xc1d0000b
IOCTL  37713719us req=0xc0384627 len=56    rc=0   head=0xc1d0000b
IOCTL  37742813us req=0xc0404657 len=64    rc=0   head=0xc1d0000b
IOCTL  37770370us req=0xc0404657 len=64    rc=0   head=0xc1d0000b
IOCTL  37781229us req=0xc0384627 len=56    rc=0   head=0xc1d0000b
IOCTL  37809544us req=0xc0404657 len=64    rc=0   head=0xc1d0000b
IOCTL  37838771us req=0xc0404657 len=64    rc=0   head=0xc1d0000b
IOCTL  37849998us req=0xc0384627 len=56    rc=0   head=0xc1d0000b
IOCTL  37877236us req=0xc0404657 len=64    rc=0   head=0xc1d0000b
IOCTL  37906854us req=0xc0404657 len=64    rc=0   head=0xc1d0000b
IOCTL  37917497us req=0xc0384627 len=56    rc=0   head=0xc1d0000b
IOCTL  37944374us req=0xc0404657 len=64    rc=0   head=0xc1d0000b
IOCTL  37973597us req=0xc0404657 len=64    rc=0   head=0xc1d0000b
IOCTL  37984354us req=0xc0384627 len=56    rc=0   head=0xc1d0000b
IOCTL  38011538us req=0xc0404657 len=64    rc=0   head=0xc1d0000b
IOCTL  38039259us req=0xc0404657 len=64    rc=0   head=0xc1d0000b
IOCTL  38059358us req=0xc0384627 len=56    rc=0   head=0xc1d0000b
IOCTL  38092427us req=0xc0404657 len=64    rc=0   head=0xc1d0000b
IOCTL  38122205us req=0xc0404657 len=64    rc=0   head=0xc1d0000b
IOCTL  38132693us req=0xc0384627 len=56    rc=0   head=0xc1d0000b
IOCTL  38158836us req=0xc0404657 len=64    rc=0   head=0xc1d0000b
IOCTL  38185914us req=0xc0404657 len=64    rc=0   head=0xc1d0000b
IOCTL  38197170us req=0xc0384627 len=56    rc=0   head=0xc1d0000b
IOCTL  38223054us req=0xc0404657 len=64    rc=0   head=0xc1d0000b
IOCTL  38249274us req=0xc0404657 len=64    rc=0   head=0xc1d0000b
IOCTL  38259742us req=0xc0384627 len=56    rc=0   head=0xc1d0000b
IOCTL  38286236us req=0xc0404657 len=64    rc=0   head=0xc1d0000b
IOCTL  38312364us req=0xc0404657 len=64    rc=0   head=0xc1d0000b
IOCTL  38323060us req=0xc0384627 len=56    rc=0   head=0xc1d0000b
IOCTL  38349769us req=0xc0404657 len=64    rc=0   head=0xc1d0000b
IOCTL  38377848us req=0xc0404657 len=64    rc=0   head=0xc1d0000b
IOCTL  38388438us req=0xc0384627 len=56    rc=0   head=0xc1d0000b
IOCTL  38417224us req=0xc0404657 len=64    rc=0   head=0xc1d0000b
IOCTL  38444123us req=0xc0404657 len=64    rc=0   head=0xc1d0000b
IOCTL  38454498us req=0xc0384627 len=56    rc=0   head=0xc1d0000b
IOCTL  38482845us req=0xc0404657 len=64    rc=0   head=0xc1d0000b
IOCTL  38511631us req=0xc0404657 len=64    rc=0   head=0xc1d0000b
IOCTL  38522329us req=0xc0384627 len=56    rc=0   head=0xc1d0000b
IOCTL  38548824us req=0xc0404657 len=64    rc=0   head=0xc1d0000b
IOCTL  38575607us req=0xc0404657 len=64    rc=0   head=0xc1d0000b
IOCTL  38586150us req=0xc0384627 len=56    rc=0   head=0xc1d0000b
IOCTL  38615989us req=0xc0404657 len=64    rc=0   head=0xc1d0000b
IOCTL  38643591us req=0xc0404657 len=64    rc=0   head=0xc1d0000b
IOCTL  38654027us req=0xc0384627 len=56    rc=0   head=0xc1d0000b
IOCTL  38682861us req=0xc0404657 len=64    rc=0   head=0xc1d0000b
IOCTL  38712007us req=0xc0404657 len=64    rc=0   head=0xc1d0000b
IOCTL  38722588us req=0xc0384627 len=56    rc=0   head=0xc1d0000b
IOCTL  38749305us req=0xc0404657 len=64    rc=0   head=0xc1d0000b
IOCTL  38777605us req=0xc0404657 len=64    rc=0   head=0xc1d0000b
IOCTL  38788229us req=0xc0384627 len=56    rc=0   head=0xc1d0000b
IOCTL  38817857us req=0xc0404657 len=64    rc=0   head=0xc1d0000b
IOCTL  38847390us req=0xc0404657 len=64    rc=0   head=0xc1d0000b
IOCTL  38857872us req=0xc0384627 len=56    rc=0   head=0xc1d0000b
IOCTL  38887141us req=0xc0404657 len=64    rc=0   head=0xc1d0000b
IOCTL  38917153us req=0xc0404657 len=64    rc=0   head=0xc1d0000b
IOCTL  38927650us req=0xc0384627 len=56    rc=0   head=0xc1d0000b
IOCTL  38956984us req=0xc0404657 len=64    rc=0   head=0xc1d0000b
IOCTL  38984332us req=0xc0404657 len=64    rc=0   head=0xc1d0000b
IOCTL  38994722us req=0xc0384627 len=56    rc=0   head=0xc1d0000b
IOCTL  39022515us req=0xc0404657 len=64    rc=0   head=0xc1d0000b
IOCTL  39052160us req=0xc0404657 len=64    rc=0   head=0xc1d0000b
IOCTL  39062611us req=0xc0384627 len=56    rc=0   head=0xc1d0000b
IOCTL  39092131us req=0xc0404657 len=64    rc=0   head=0xc1d0000b
IOCTL  39122272us req=0xc0404657 len=64    rc=0   head=0xc1d0000b
IOCTL  39132856us req=0xc0384627 len=56    rc=0   head=0xc1d0000b
IOCTL  39161027us req=0xc0404657 len=64    rc=0   head=0xc1d0000b
IOCTL  39191270us req=0xc0404657 len=64    rc=0   head=0xc1d0000b
IOCTL  39201686us req=0xc0384627 len=56    rc=0   head=0xc1d0000b
IOCTL  39230326us req=0xc0404657 len=64    rc=0   head=0xc1d0000b
IOCTL  39260554us req=0xc0404657 len=64    rc=0   head=0xc1d0000b
IOCTL  39271408us req=0xc0384627 len=56    rc=0   head=0xc1d0000b
IOCTL  39300763us req=0xc0404657 len=64    rc=0   head=0xc1d0000b
IOCTL  39332173us req=0xc0404657 len=64    rc=0   head=0xc1d0000b
IOCTL  39343007us req=0xc0384627 len=56    rc=0   head=0xc1d0000b
IOCTL  39372174us req=0xc0404657 len=64    rc=0   head=0xc1d0000b
IOCTL  39401661us req=0xc0404657 len=64    rc=0   head=0xc1d0000b
IOCTL  39412409us req=0xc0384627 len=56    rc=0   head=0xc1d0000b
IOCTL  39441585us req=0xc0404657 len=64    rc=0   head=0xc1d0000b
IOCTL  39469167us req=0xc0404657 len=64    rc=0   head=0xc1d0000b
IOCTL  39480030us req=0xc0384627 len=56    rc=0   head=0xc1d0000b
IOCTL  39509293us req=0xc0404657 len=64    rc=0   head=0xc1d0000b
IOCTL  39541286us req=0xc0404657 len=64    rc=0   head=0xc1d0000b
IOCTL  39552290us req=0xc0384627 len=56    rc=0   head=0xc1d0000b
IOCTL  39583473us req=0xc0404657 len=64    rc=0   head=0xc1d0000b
IOCTL  39616670us req=0xc0404657 len=64    rc=0   head=0xc1d0000b
IOCTL  39631248us req=0xc0384627 len=56    rc=0   head=0xc1d0000b
IOCTL  39664413us req=0xc0404657 len=64    rc=0   head=0xc1d0000b
IOCTL  39697003us req=0xc0404657 len=64    rc=0   head=0xc1d0000b
IOCTL  39709055us req=0xc0384627 len=56    rc=0   head=0xc1d0000b
IOCTL  39740686us req=0xc0404657 len=64    rc=0   head=0xc1d0000b
IOCTL  39770852us req=0xc0404657 len=64    rc=0   head=0xc1d0000b
IOCTL  39781680us req=0xc0384627 len=56    rc=0   head=0xc1d0000b
IOCTL  39809278us req=0xc0404657 len=64    rc=0   head=0xc1d0000b
IOCTL  39841582us req=0xc0404657 len=64    rc=0   head=0xc1d0000b
IOCTL  39853363us req=0xc0384627 len=56    rc=0   head=0xc1d0000b
IOCTL  39883124us req=0xc0404657 len=64    rc=0   head=0xc1d0000b
IOCTL  39910396us req=0xc0404657 len=64    rc=0   head=0xc1d0000b
IOCTL  39921296us req=0xc0384627 len=56    rc=0   head=0xc1d0000b
IOCTL  39949567us req=0xc0404657 len=64    rc=0   head=0xc1d0000b
IOCTL  39977720us req=0xc0404657 len=64    rc=0   head=0xc1d0000b
IOCTL  39988339us req=0xc0384627 len=56    rc=0   head=0xc1d0000b
IOCTL  40015680us req=0xc0404657 len=64    rc=0   head=0xc1d0000b
IOCTL  40044983us req=0xc0404657 len=64    rc=0   head=0xc1d0000b
IOCTL  40055580us req=0xc0384627 len=56    rc=0   head=0xc1d0000b
IOCTL  40082670us req=0xc0404657 len=64    rc=0   head=0xc1d0000b
IOCTL  40109164us req=0xc0404657 len=64    rc=0   head=0xc1d0000b
IOCTL  40120063us req=0xc0384627 len=56    rc=0   head=0xc1d0000b
IOCTL  40148323us req=0xc0404657 len=64    rc=0   head=0xc1d0000b
IOCTL  40175406us req=0xc0404657 len=64    rc=0   head=0xc1d0000b
IOCTL  40185868us req=0xc0384627 len=56    rc=0   head=0xc1d0000b
IOCTL  40214608us req=0xc0404657 len=64    rc=0   head=0xc1d0000b
IOCTL  40244731us req=0xc0404657 len=64    rc=0   head=0xc1d0000b
IOCTL  40255339us req=0xc0384627 len=56    rc=0   head=0xc1d0000b
IOCTL  40285380us req=0xc0404657 len=64    rc=0   head=0xc1d0000b
IOCTL  40315624us req=0xc0404657 len=64    rc=0   head=0xc1d0000b
IOCTL  40326438us req=0xc0384627 len=56    rc=0   head=0xc1d0000b
IOCTL  40356462us req=0xc0404657 len=64    rc=0   head=0xc1d0000b
IOCTL  40387205us req=0xc0404657 len=64    rc=0   head=0xc1d0000b
IOCTL  40398283us req=0xc0384627 len=56    rc=0   head=0xc1d0000b
IOCTL  40428372us req=0xc0404657 len=64    rc=0   head=0xc1d0000b
IOCTL  40458610us req=0xc0404657 len=64    rc=0   head=0xc1d0000b
IOCTL  40469388us req=0xc0384627 len=56    rc=0   head=0xc1d0000b
IOCTL  40500188us req=0xc0404657 len=64    rc=0   head=0xc1d0000b
IOCTL  40530385us req=0xc0404657 len=64    rc=0   head=0xc1d0000b
IOCTL  40540990us req=0xc0384627 len=56    rc=0   head=0xc1d0000b
IOCTL  40571180us req=0xc0404657 len=64    rc=0   head=0xc1d0000b
IOCTL  40601452us req=0xc0404657 len=64    rc=0   head=0xc1d0000b
IOCTL  40612300us req=0xc0384627 len=56    rc=0   head=0xc1d0000b
IOCTL  40642360us req=0xc0404657 len=64    rc=0   head=0xc1d0000b
IOCTL  40672392us req=0xc0404657 len=64    rc=0   head=0xc1d0000b
IOCTL  40683240us req=0xc0384627 len=56    rc=0   head=0xc1d0000b
IOCTL  40713390us req=0xc0404657 len=64    rc=0   head=0xc1d0000b
IOCTL  40743405us req=0xc0404657 len=64    rc=0   head=0xc1d0000b
IOCTL  40754170us req=0xc0384627 len=56    rc=0   head=0xc1d0000b
IOCTL  40784163us req=0xc0404657 len=64    rc=0   head=0xc1d0000b
IOCTL  40814276us req=0xc0404657 len=64    rc=0   head=0xc1d0000b
IOCTL  40825769us req=0xc0384627 len=56    rc=0   head=0xc1d0000b
IOCTL  40857353us req=0xc0404657 len=64    rc=0   head=0xc1d0000b
IOCTL  40887307us req=0xc0404657 len=64    rc=0   head=0xc1d0000b
IOCTL  40897890us req=0xc0384627 len=56    rc=0   head=0xc1d0000b
IOCTL  40928380us req=0xc0404657 len=64    rc=0   head=0xc1d0000b
IOCTL  40959121us req=0xc0404657 len=64    rc=0   head=0xc1d0000b
IOCTL  40969671us req=0xc0384627 len=56    rc=0   head=0xc1d0000b
IOCTL  41000226us req=0xc0404657 len=64    rc=0   head=0xc1d0000b
IOCTL  41030232us req=0xc0404657 len=64    rc=0   head=0xc1d0000b
IOCTL  41040762us req=0xc0384627 len=56    rc=0   head=0xc1d0000b
IOCTL  41070967us req=0xc0404657 len=64    rc=0   head=0xc1d0000b
IOCTL  41101122us req=0xc0404657 len=64    rc=0   head=0xc1d0000b
IOCTL  41112108us req=0xc0384627 len=56    rc=0   head=0xc1d0000b
IOCTL  41143460us req=0xc0404657 len=64    rc=0   head=0xc1d0000b
IOCTL  41173638us req=0xc0404657 len=64    rc=0   head=0xc1d0000b
IOCTL  41184204us req=0xc0384627 len=56    rc=0   head=0xc1d0000b
IOCTL  41212065us req=0xc0404657 len=64    rc=0   head=0xc1d0000b
IOCTL  41238270us req=0xc0404657 len=64    rc=0   head=0xc1d0000b
IOCTL  41248627us req=0xc0384627 len=56    rc=0   head=0xc1d0000b
IOCTL  41274588us req=0xc0404657 len=64    rc=0   head=0xc1d0000b
IOCTL  41301665us req=0xc0404657 len=64    rc=0   head=0xc1d0000b
IOCTL  41312284us req=0xc0384627 len=56    rc=0   head=0xc1d0000b
IOCTL  41338689us req=0xc0404657 len=64    rc=0   head=0xc1d0000b
IOCTL  41364769us req=0xc0404657 len=64    rc=0   head=0xc1d0000b
IOCTL  41375334us req=0xc0384627 len=56    rc=0   head=0xc1d0000b
IOCTL  41401562us req=0xc0404657 len=64    rc=0   head=0xc1d0000b
IOCTL  41427727us req=0xc0404657 len=64    rc=0   head=0xc1d0000b
IOCTL  41438354us req=0xc0384627 len=56    rc=0   head=0xc1d0000b
IOCTL  41464372us req=0xc0404657 len=64    rc=0   head=0xc1d0000b
IOCTL  41492691us req=0xc0404657 len=64    rc=0   head=0xc1d0000b
IOCTL  41503616us req=0xc0384627 len=56    rc=0   head=0xc1d0000b
IOCTL  41533618us req=0xc0404657 len=64    rc=0   head=0xc1d0000b
IOCTL  41561837us req=0xc0404657 len=64    rc=0   head=0xc1d0000b
IOCTL  41572238us req=0xc0384627 len=56    rc=0   head=0xc1d0000b
IOCTL  41600479us req=0xc0404657 len=64    rc=0   head=0xc1d0000b
IOCTL  41630278us req=0xc0404657 len=64    rc=0   head=0xc1d0000b
IOCTL  41640866us req=0xc0384627 len=56    rc=0   head=0xc1d0000b
IOCTL  41671131us req=0xc0404657 len=64    rc=0   head=0xc1d0000b
IOCTL  41691736us req=0xc0404657 len=64    rc=0   head=0xc1d0000b
IOCTL  41696678us req=0xc0384627 len=56    rc=0   head=0xc1d0000b
IOCTL  41714707us req=0xc0404657 len=64    rc=0   head=0xc1d0000b
IOCTL  41731455us req=0xc0404657 len=64    rc=0   head=0xc1d0000b
IOCTL  41736329us req=0xc0384627 len=56    rc=0   head=0xc1d0000b
IOCTL  41753270us req=0xc0404657 len=64    rc=0   head=0xc1d0000b
IOCTL  41770064us req=0xc0404657 len=64    rc=0   head=0xc1d0000b
IOCTL  41774853us req=0xc0384627 len=56    rc=0   head=0xc1d0000b
IOCTL  41801513us req=0xc0404657 len=64    rc=0   head=0xc1d0000b
IOCTL  41820344us req=0xc0404657 len=64    rc=0   head=0xc1d0000b
IOCTL  41825389us req=0xc0384627 len=56    rc=0   head=0xc1d0000b
IOCTL  41844516us req=0xc0404657 len=64    rc=0   head=0xc1d0000b
IOCTL  41865374us req=0xc0404657 len=64    rc=0   head=0xc1d0000b
IOCTL  41870319us req=0xc0384627 len=56    rc=0   head=0xc1d0000b
IOCTL  41891227us req=0xc0404657 len=64    rc=0   head=0xc1d0000b
IOCTL  41911559us req=0xc0404657 len=64    rc=0   head=0xc1d0000b
IOCTL  41916571us req=0xc0384627 len=56    rc=0   head=0xc1d0000b
IOCTL  41937425us req=0xc0404657 len=64    rc=0   head=0xc1d0000b
IOCTL  41958225us req=0xc0404657 len=64    rc=0   head=0xc1d0000b
IOCTL  41963132us req=0xc0384627 len=56    rc=0   head=0xc1d0000b
IOCTL  41983406us req=0xc0404657 len=64    rc=0   head=0xc1d0000b
IOCTL  42004243us req=0xc0404657 len=64    rc=0   head=0xc1d0000b
IOCTL  42009163us req=0xc0384627 len=56    rc=0   head=0xc1d0000b
IOCTL  42029800us req=0xc0404657 len=64    rc=0   head=0xc1d0000b
IOCTL  42048393us req=0xc0404657 len=64    rc=0   head=0xc1d0000b
IOCTL  42053366us req=0xc0384627 len=56    rc=0   head=0xc1d0000b
IOCTL  42070198us req=0xc0404657 len=64    rc=0   head=0xc1d0000b
