[    0.000000] Linux version 6.8.0-59-generic (buildd@lcy02-amd64-117) (x86_64-linux-gnu-gcc-12 (Ubuntu 12.3.0-1ubuntu1~22.04) 12.3.0, GNU ld (GNU Binutils for Ubuntu) 2.38) #61~22.04.1-Ubuntu SMP PREEMPT_DYNAMIC Tue Apr 15 17:03:15 UTC 2 (Ubuntu 6.8.0-59.61~22.04.1-generic 6.8.12)
[    0.290567] Kernel command line: console=ttyS0 panic=1 loglevel=6 KF_ARMS=--defer-liveness KF_IOCTL_TRACE=verbose KF_BUDGET_S=60
[    0.290669] Unknown kernel command line parameters "KF_ARMS=--defer-liveness KF_IOCTL_TRACE=verbose KF_BUDGET_S=60", will be passed to user space.
[    0.290679] random: crng init done
[    0.605299] audit: type=2000 audit(1789827781.597:1): state=initialized audit_enabled=0 res=1
[    0.853397] SCSI subsystem initialized
[    2.722574] VFS: Disk quotas dquot_6.6.0
[    2.872654] Initialise system trusted keyrings
[    2.878549] Key type blacklist registered
[    2.891038] integrity: Platform Keyring initialized
[    2.897063] integrity: Machine keyring initialized
[    2.917085] Key type asymmetric registered
[    2.922235] Asymmetric key parser 'x509' registered
[    3.039992] device-mapper: core: CONFIG_IMA_DISABLE_HTABLE is disabled. Duplicate IMA measurements will not be recorded in the IMA log.
[    3.055611] platform eisa.0: EISA: Cannot allocate resource for mainboard
[    3.064112] platform eisa.0: Cannot allocate resource for EISA slot 1
[    3.071541] platform eisa.0: Cannot allocate resource for EISA slot 2
[    3.079553] platform eisa.0: Cannot allocate resource for EISA slot 3
[    3.087440] platform eisa.0: Cannot allocate resource for EISA slot 4
[    3.094972] platform eisa.0: Cannot allocate resource for EISA slot 5
[    3.102987] platform eisa.0: Cannot allocate resource for EISA slot 6
[    3.111155] platform eisa.0: Cannot allocate resource for EISA slot 7
[    3.119042] platform eisa.0: Cannot allocate resource for EISA slot 8
[    7.391730] Key type dns_resolver registered
[    7.413596] Loading compiled-in X.509 certificates
[    7.427265] Loaded X.509 cert 'Build time autogenerated kernel key: 3fa2747ce20c90997bcade15a1cad09daa978788'
[    7.443094] Loaded X.509 cert 'Canonical Ltd. Live Patch Signing: 14df34d1a87cf37625abec039ef2bf521249b969'
[    7.458028] Loaded X.509 cert 'Canonical Ltd. Kernel Module Signing: 88f752e560a1e0737e31163a466ad7b70a850c19'
[    7.471269] blacklist: Loading compiled-in revocation X.509 certificates
[    7.479626] Loaded X.509 cert 'Canonical Ltd. Secure Boot Signing: 61482aa2830d0ab2ad5af10b7250da9033ddcef0'
[    7.490582] Loaded X.509 cert 'Canonical Ltd. Secure Boot Signing (2017): 242ade75ac4a15e50d50c84b0d45ff3eae707a03'
[    7.501406] Loaded X.509 cert 'Canonical Ltd. Secure Boot Signing (ESM 2018): 365188c1d374d6b07c3c8f240f8ef722433d6a8b'
[    7.515267] Loaded X.509 cert 'Canonical Ltd. Secure Boot Signing (2019): c0746fd6c5da3ae827864651ad66ae47fe24b3e8'
[    7.528296] Loaded X.509 cert 'Canonical Ltd. Secure Boot Signing (2021 v1): a8d54bbb3825cfb94fa13c9f8a594a195c107b8d'
[    7.542991] Loaded X.509 cert 'Canonical Ltd. Secure Boot Signing (2021 v2): 4cf046892d6fd3c9a5b03f98d845f90851dc6a8c'
[    7.558291] Loaded X.509 cert 'Canonical Ltd. Secure Boot Signing (2021 v3): 100437bb6de6e469b581e61cd66bce3ef4ed53af'
[    7.570727] Loaded X.509 cert 'Canonical Ltd. Secure Boot Signing (Ubuntu Core 2019): c1d57b8f6b743f23ee41f4f7ee292f06eecadfb9'
[    7.613894] Key type .fscrypt registered
[    7.619447] Key type fscrypt-provisioning registered
[    7.633483] Key type encrypted registered
[    7.639910] Loading compiled-in module X.509 certificates
[    7.650529] Loaded X.509 cert 'Build time autogenerated kernel key: 3fa2747ce20c90997bcade15a1cad09daa978788'
[    7.691523] Unstable clock detected, switching default tracing clock to "global"
[    7.691523] If you want to keep using the local clock, then add:
[    7.691523]   "trace_clock=local"
[    7.691523] on the kernel command line
FASTGUEST: up 7.77s
FASTGUEST: insmod ecc.ko ok
[    7.987012] nvidia: loading out-of-tree module taints kernel.
[    7.992572] nvidia: module verification failed: signature and/or required key missing - tainting kernel
[    8.132396] 
[    8.146141] NVRM: loading NVIDIA UNIX Open Kernel Module for x86_64  580.159.04  Release Build  (dvs-builder@U22-I3-AF04-09-6)  Wed Apr 29 17:15:53 UTC 2026
FASTGUEST: insmod nvidia.ko ok
FASTGUEST: insmod nvidia-uvm.ko ok
FASTGUEST: insmod wmi.ko ok
FASTGUEST: insmod video.ko ok
FASTGUEST: insmod nvidia-modeset.ko ok
FASTGUEST: nodes /dev/nvidia-caps/nvidia-cap1 /dev/nvidia-uvm /dev/nvidia-uvm-tools /dev/nvidia0 /dev/nvidiactl  /dev/nvidia-caps: nvidia-cap1 
FASTGUEST: ready 8.29s
FASTGUEST: arms --defer-liveness  deadline 49s (budget 60s, 8s already spent booting)
info  RMLADDER DEADLINE = armed (KF_SELF_DEADLINE_MS)
info  RMLADDER ARGV     = [--gpu 0 --defer-liveness]
[   10.325687] NVRM: nvAssertOkFailedNoLog: Assertion failed: Call not supported [NV_ERR_NOT_SUPPORTED] (0x00000056) returned from pRmApi->Control(pRmApi, pGpu->hInternalClient, pGpu->hInternalSubdevice, NV2080_CTRL_CMD_INTERNAL_INIT_USER_SHARED_DATA, &params, sizeof(params)) @ gpu_user_shared_data.c:233
[   10.340973] NVRM: nvAssertOkFailedNoLog: Assertion failed: Call not supported [NV_ERR_NOT_SUPPORTED] (0x00000056) returned from pRmApi->Control(pRmApi, pGpu->hInternalClient, pGpu->hInternalSubdevice, NV2080_CTRL_CMD_INTERNAL_USER_SHARED_DATA_SET_DATA_POLL, &params, sizeof(params)) @ gpu_user_shared_data.c:268
[   10.423480] NVRM: kperfGpuBoostSyncStateInit_IMPL: Failed to read Sync Gpu Boost init state, status=0x56
[   10.433072] NVRM: kperfGpuBoostSyncStateInit_IMPL: Failed to read Sync Gpu Boost init state, status=0x56
[   10.439169] NVRM: nvAssertOkFailedNoLog: Assertion failed: Call not supported [NV_ERR_NOT_SUPPORTED] (0x00000056) returned from pRmApi->Control(pRmApi, pGpu->hInternalClient, pGpu->hInternalSubdevice, NV2080_CTRL_CMD_INTERNAL_CE_GET_PCE_CONFIG_FOR_LCE_TYPE, &pceConfigParams, sizeof(pceConfigParams)) @ kernel_ce.c:1020
[   10.455308] NVRM: nvAssertOkFailedNoLog: Assertion failed: Call not supported [NV_ERR_NOT_SUPPORTED] (0x00000056) returned from kceGetPceConfigForLceType(pGpu, pKCe, NV2080_CTRL_CE_LCE_TYPE_DECOMP, &numPcesPerLce, &numLces, &supportedPceMask, &supportedLceMask, &pcesPerHshub) @ kernel_ce_gp100.c:62
[   11.188974] NVRM: rpcRmApiAlloc_GSP: GspRmAlloc failed: hClient=0xc1d00009; hParent=0x31415903; hObject=0x3141590f; hClass=0x00000070; paramsSize=0x00000018; paramsStatus=0x00000000; status=0x00000056
[   11.269117] NVRM: rpcRmApiAlloc_GSP: GspRmAlloc failed: hClient=0xc1d00009; hParent=0x31415903; hObject=0x31415900; hClass=0x0000c36f; paramsSize=0x00000170; paramsStatus=0x00000000; status=0x00000056
[   11.456457] NVRM: nvCheckOkFailedNoLog: Check failed: Call not supported [NV_ERR_NOT_SUPPORTED] (0x00000056) returned from kgrobjPromoteContext(pGpu, pKernelGraphicsObject, pKernelGraphics) @ kernel_graphics_object.c:224
[   11.479046] NVRM: nvAssertFailedNoLog: Assertion failed: status == NV_OK @ kernel_rc_watchdog.c:1198
[   11.486161] NVRM: rpcRmApiFree_GSP: GspRmFree failed: hClient=0xc1d00009; hObject=0x31415900; paramsStatus=0x00000000; status=0x00000056
[   11.518607] NVRM: vaListDestroy: non-zero mapCount(pVaList): 0x1
[   11.523047] NVRM: vaListDestroy: non-zero mapCount(pVaList): 0x1
[   11.527465] NVRM: vaListDestroy: non-zero mapCount(pVaList): 0x1
[   11.531881] NVRM: vaListDestroy: non-zero mapCount(pVaList): 0x1
[   11.570791] NVRM: rpcRmApiFree_GSP: GspRmFree failed: hClient=0xc1d00009; hObject=0x3141590f; paramsStatus=0x00000000; status=0x00000056
[   11.581049] NVRM: nvAssertFailedNoLog: Assertion failed: (status == NV_OK) || (status == NV_ERR_GPU_IN_FULLCHIP_RESET) @ mem.c:180
[   11.630827] NVRM: rpcRmApiAlloc_GSP: GspRmAlloc failed: hClient=0xc1d0000a; hParent=0xcaf00001; hObject=0xcaf00002; hClass=0x0000402c; paramsSize=0x00000000; paramsStatus=0x00000000; status=0x00000056
IOCTL         0us req=0xc04846d2 len=72    rc=0   head=0x00000032
IOCTL      7766us req=0xc00446c9 len=4     rc=0   head=0x00000004
IOCTL      8743us req=0xc020462b len=32    rc=0   head=0x00000000
IOCTL     13092us req=0xc020462b len=32    rc=0   head=0xc1d0000b
IOCTL     18716us req=0xc020462b len=32    rc=0   head=0xc1d0000b
IOCTL     19773us req=0xc020462b len=32    rc=0   head=0xc1d0000b
IOCTL     21888us req=0xc038464e len=56    rc=0   head=0xc1d0000b
ok    R2 version         = "580.159.04"
ok    R4 hClient         = 0xc1d0000b
ok    R6 hSubdevice      = 0xcafe0002
REV_UNDER_TEST=8176538aee3e618a84a59ea51582e48959e7da0a
W381_PROBE=launch-dma — ⊘ FIXED for this rung, whatever `--probe-*` asked for: the question is whether a READ through a freshly-written PTE resolves, and a semaphore release cannot ask it
info  DL defer-liveness  = GPU 0, euid 0 — does a PTE written with NVOS46_FLAGS_DEFER_TLB_INVALIDATION become live with NO invalidate on any transport?
info  DL the two worlds  = (A) the walk picks the fresh PTE up ⇒ a mapping can go live with nothing observable to a hypervisor; (B) it is not live until an invalidate ⇒ DEFER is a BATCHING contract and the boundary stays observable
DEFER_SCOPE=leaf-PTE, small-page table, GA10x MMU regime, ONE board, VIRT_READ, one copy engine — ⊘ NOT a statement about big/huge pages, about page-directory entries, about writes, or about any other MMU generation
ok    DL idle check      = no other process holds a /dev/nvidia* descriptor open

═══ DL ARM PLAIN(rig-control) (slot 0) ═══
info  DL plan            = guard 0x0000006000000000  V 0x0000006000010000  dst 0x0000006100000000  rings 0x0000005000000000/0x0000005040000000/0x0000005080000000
ok    DL geometry        = guard and V share ONE 0x200000 directory span (so they share a leaf page table by construction), and every address is under 0x0000010000000000
IOCTL    112915us req=0xc020462b len=32    rc=0   head=0xc1d0000b
[   11.812793] NVRM: rpcRmApiAlloc_GSP: GspRmAlloc failed: hClient=0xc1d0000b; hParent=0xcafe0001; hObject=0xcafe0005; hClass=0x00000070; paramsSize=0x00000018; paramsStatus=0x00000000; status=0x00000056
IOCTL    160513us req=0xc020462b len=32    rc=0   head=0xc1d0000b
ok    DL vaspace         = a FRESH address space for this arm alone
IOCTL    163475us req=0xc020462b len=32    rc=0   head=0xc1d0000b
IOCTL    170984us req=0xc020462b len=32    rc=0   head=0xc1d0000b
IOCTL    171971us req=0xc020462b len=32    rc=0   head=0xc1d0000b
IOCTL    198060us req=0xc038464e len=56    rc=0   head=0xc1d0000b
IOCTL    345984us req=0xc038464e len=56    rc=0   head=0xc1d0000b
IOCTL    398495us req=0xc038464e len=56    rc=0   head=0xc1d0000b
ok    DL objects         = guard 0x10000 @ 0x0000006000000000 magic 0x6a2d0289, data 0x200000 (mapping 0x10000) magic 0x0def0289, dst 0x10000 @ 0x0000006100000000 sentinel 0xdead0289
IOCTL    415229us req=0xc0384627 len=56    rc=0   head=0xc1d0000b
IOCTL    416687us req=0xc020462b len=32    rc=0   head=0xc1d0000b
IOCTL    490235us req=0xc0404657 len=64    rc=0   head=0xc1d0000b
IOCTL    500493us req=0xc020462b len=32    rc=0   head=0xc1d0000b
IOCTL    525029us req=0xc020462b len=32    rc=0   head=0xc1d0000b
IOCTL    530304us req=0xc020462a len=32    rc=0   head=0xc1d0000b
IOCTL    534397us req=0xc020462a len=32    rc=0   head=0xc1d0000b
IOCTL    565199us req=0xc038464e len=56    rc=0   head=0xc1d0000b
IOCTL    568453us req=0xc020462a len=32    rc=0   head=0xc1d0000b
IOCTL    576198us req=0xc0384627 len=56    rc=0   head=0xc1d0000b
IOCTL    577910us req=0xc020462b len=32    rc=0   head=0xc1d0000b
IOCTL    618705us req=0xc0404657 len=64    rc=0   head=0xc1d0000b
IOCTL    621827us req=0xc020462b len=32    rc=0   head=0xc1d0000b
IOCTL    635211us req=0xc020462b len=32    rc=0   head=0xc1d0000b
IOCTL    636155us req=0xc020462a len=32    rc=0   head=0xc1d0000b
IOCTL    637093us req=0xc020462a len=32    rc=0   head=0xc1d0000b
IOCTL    665240us req=0xc038464e len=56    rc=0   head=0xc1d0000b
IOCTL    666228us req=0xc020462a len=32    rc=0   head=0xc1d0000b
IOCTL    674793us req=0xc0384627 len=56    rc=0   head=0xc1d0000b
IOCTL    675498us req=0xc020462b len=32    rc=0   head=0xc1d0000b
IOCTL    717337us req=0xc0404657 len=64    rc=0   head=0xc1d0000b
IOCTL    719321us req=0xc020462b len=32    rc=0   head=0xc1d0000b
IOCTL    737788us req=0xc020462b len=32    rc=0   head=0xc1d0000b
IOCTL    738704us req=0xc020462a len=32    rc=0   head=0xc1d0000b
IOCTL    739750us req=0xc020462a len=32    rc=0   head=0xc1d0000b
IOCTL    781548us req=0xc038464e len=56    rc=0   head=0xc1d0000b
IOCTL    782407us req=0xc020462a len=32    rc=0   head=0xc1d0000b
ok    DL channels        = 3 built BEFORE the prime (prime/test/rescue), rings at 0x0000005000000000 0x0000005040000000 0x0000005080000000 — ⊘ none is created after it, because a channel's own ctx-buffer maps each end in an invalidate
IOCTL    788609us req=0xc020462a len=32    rc=0   head=0xc1d0000b
info  DL PDE before guard= PDE_COVERS @ 0x0000006000010000 — ★ expect PDE_ABSENT: it is what makes the guard, and not something else, the thing that instantiated the leaf table
IOCTL    838486us req=0xc0404657 len=64    rc=0   head=0xc1d0000b
ok    DL guard map       = 0x10000 @ 0x0000006000000000, page-size flag 4KB — HELD for the whole arm
IOCTL    879846us req=0xc0404657 len=64    rc=0   head=0xc1d0000b
ok    DL dst map         = 0x10000 @ 0x0000006100000000
IOCTL    880492us req=0xc020462a len=32    rc=0   head=0xc1d0000b
★     DL PDE before map  = PDE_COVERS @ 0x0000006000010000 — the leaf table EXISTS, so step 6 writes a leaf PTE and allocates no level
FAULT_MARK=defer_liveness_prime arm=PLAIN(rig-control) va=0x0000006000010000 ⚠ THE HOST dmesg WILL CARRY AN Xid 31 FOR THIS CHANNEL AND IT IS THE POINT
IOCTL    892329us req=0xc038464e len=56    rc=0   head=0xc1d0000b
kayfabe-isolate: DOORBELL-STORE #1 host_token=0x00000003 runlist=0 chid=3 → storing 32 bits at USERMODE_NOTIFY_CHANNEL_PENDING=0x90 in the mapped usermode window
kayfabe-isolate: DOORBELL-STORE #1 host_token=0x00000003 ★★★ WROTE — the store instruction executed
IOCTL    913774us req=0xc038464e len=56    rc=0   head=0xc1d0000b
IOCTL    927043us req=0xc038464e len=56    rc=0   head=0xc1d0000b
IOCTL    930971us req=0xc038464e len=56    rc=0   head=0xc1d0000b
IOCTL    943898us req=0xc038464e len=56    rc=0   head=0xc1d0000b
IOCTL    950867us req=0xc038464e len=56    rc=0   head=0xc1d0000b
IOCTL    954326us req=0xc038464e len=56    rc=0   head=0xc1d0000b
IOCTL    962157us req=0xc038464e len=56    rc=0   head=0xc1d0000b
IOCTL    965507us req=0xc038464e len=56    rc=0   head=0xc1d0000b
IOCTL    973338us req=0xc038464e len=56    rc=0   head=0xc1d0000b
IOCTL    976628us req=0xc038464e len=56    rc=0   head=0xc1d0000b
IOCTL    983164us req=0xc038464e len=56    rc=0   head=0xc1d0000b
IOCTL    986469us req=0xc038464e len=56    rc=0   head=0xc1d0000b
IOCTL    994065us req=0xc038464e len=56    rc=0   head=0xc1d0000b
IOCTL    997333us req=0xc038464e len=56    rc=0   head=0xc1d0000b
IOCTL   1002460us req=0xc038464e len=56    rc=0   head=0xc1d0000b
IOCTL   1008292us req=0xc038464e len=56    rc=0   head=0xc1d0000b
IOCTL   1011594us req=0xc038464e len=56    rc=0   head=0xc1d0000b
IOCTL   1019773us req=0xc038464e len=56    rc=0   head=0xc1d0000b
IOCTL   1024206us req=0xc038464e len=56    rc=0   head=0xc1d0000b
IOCTL   1027879us req=0xc038464e len=56    rc=0   head=0xc1d0000b
IOCTL   1036959us req=0xc038464e len=56    rc=0   head=0xc1d0000b
IOCTL   1040787us req=0xc038464e len=56    rc=0   head=0xc1d0000b
IOCTL   1044617us req=0xc038464e len=56    rc=0   head=0xc1d0000b
IOCTL   1054194us req=0xc038464e len=56    rc=0   head=0xc1d0000b
IOCTL   1057750us req=0xc038464e len=56    rc=0   head=0xc1d0000b
IOCTL   1061793us req=0xc038464e len=56    rc=0   head=0xc1d0000b
IOCTL   1065729us req=0xc038464e len=56    rc=0   head=0xc1d0000b
IOCTL   1069537us req=0xc038464e len=56    rc=0   head=0xc1d0000b
IOCTL   1077484us req=0xc038464e len=56    rc=0   head=0xc1d0000b
IOCTL   1080809us req=0xc038464e len=56    rc=0   head=0xc1d0000b
IOCTL   1089191us req=0xc038464e len=56    rc=0   head=0xc1d0000b
IOCTL   1092767us req=0xc038464e len=56    rc=0   head=0xc1d0000b
IOCTL   1096554us req=0xc038464e len=56    rc=0   head=0xc1d0000b
IOCTL   1104744us req=0xc038464e len=56    rc=0   head=0xc1d0000b
IOCTL   1108386us req=0xc038464e len=56    rc=0   head=0xc1d0000b
IOCTL   1116158us req=0xc038464e len=56    rc=0   head=0xc1d0000b
IOCTL   1119845us req=0xc038464e len=56    rc=0   head=0xc1d0000b
IOCTL   1123864us req=0xc038464e len=56    rc=0   head=0xc1d0000b
IOCTL   1127810us req=0xc038464e len=56    rc=0   head=0xc1d0000b
IOCTL   1131863us req=0xc038464e len=56    rc=0   head=0xc1d0000b
IOCTL   1135968us req=0xc038464e len=56    rc=0   head=0xc1d0000b
IOCTL   1139903us req=0xc038464e len=56    rc=0   head=0xc1d0000b
IOCTL   1148882us req=0xc038464e len=56    rc=0   head=0xc1d0000b
IOCTL   1152360us req=0xc038464e len=56    rc=0   head=0xc1d0000b
IOCTL   1160256us req=0xc038464e len=56    rc=0   head=0xc1d0000b
IOCTL   1163691us req=0xc038464e len=56    rc=0   head=0xc1d0000b
IOCTL   1171889us req=0xc038464e len=56    rc=0   head=0xc1d0000b
IOCTL   1175325us req=0xc038464e len=56    rc=0   head=0xc1d0000b
IOCTL   1183410us req=0xc038464e len=56    rc=0   head=0xc1d0000b
IOCTL   1186804us req=0xc038464e len=56    rc=0   head=0xc1d0000b
IOCTL   1190517us req=0xc038464e len=56    rc=0   head=0xc1d0000b
IOCTL   1197189us req=0xc038464e len=56    rc=0   head=0xc1d0000b
IOCTL   1200542us req=0xc038464e len=56    rc=0   head=0xc1d0000b
IOCTL   1208204us req=0xc038464e len=56    rc=0   head=0xc1d0000b
IOCTL   1211765us req=0xc038464e len=56    rc=0   head=0xc1d0000b
IOCTL   1215593us req=0xc038464e len=56    rc=0   head=0xc1d0000b
IOCTL   1223308us req=0xc038464e len=56    rc=0   head=0xc1d0000b
IOCTL   1226996us req=0xc038464e len=56    rc=0   head=0xc1d0000b
IOCTL   1230742us req=0xc038464e len=56    rc=0   head=0xc1d0000b
IOCTL   1234633us req=0xc038464e len=56    rc=0   head=0xc1d0000b
IOCTL   1241352us req=0xc038464e len=56    rc=0   head=0xc1d0000b
IOCTL   1244931us req=0xc038464e len=56    rc=0   head=0xc1d0000b
IOCTL   1248714us req=0xc038464e len=56    rc=0   head=0xc1d0000b
IOCTL   1255538us req=0xc038464e len=56    rc=0   head=0xc1d0000b
IOCTL   1259303us req=0xc038464e len=56    rc=0   head=0xc1d0000b
IOCTL   1263129us req=0xc038464e len=56    rc=0   head=0xc1d0000b
IOCTL   1266710us req=0xc038464e len=56    rc=0   head=0xc1d0000b
IOCTL   1270401us req=0xc038464e len=56    rc=0   head=0xc1d0000b
IOCTL   1274148us req=0xc038464e len=56    rc=0   head=0xc1d0000b
IOCTL   1277637us req=0xc038464e len=56    rc=0   head=0xc1d0000b
IOCTL   1285915us req=0xc038464e len=56    rc=0   head=0xc1d0000b
IOCTL   1289586us req=0xc038464e len=56    rc=0   head=0xc1d0000b
IOCTL   1298155us req=0xc038464e len=56    rc=0   head=0xc1d0000b
IOCTL   1301852us req=0xc038464e len=56    rc=0   head=0xc1d0000b
IOCTL   1305623us req=0xc038464e len=56    rc=0   head=0xc1d0000b
IOCTL   1312552us req=0xc038464e len=56    rc=0   head=0xc1d0000b
IOCTL   1316198us req=0xc038464e len=56    rc=0   head=0xc1d0000b
IOCTL   1319978us req=0xc038464e len=56    rc=0   head=0xc1d0000b
IOCTL   1323692us req=0xc038464e len=56    rc=0   head=0xc1d0000b
IOCTL   1331695us req=0xc038464e len=56    rc=0   head=0xc1d0000b
IOCTL   1335063us req=0xc038464e len=56    rc=0   head=0xc1d0000b
IOCTL   1342642us req=0xc038464e len=56    rc=0   head=0xc1d0000b
IOCTL   1346128us req=0xc038464e len=56    rc=0   head=0xc1d0000b
IOCTL   1349846us req=0xc038464e len=56    rc=0   head=0xc1d0000b
IOCTL   1353480us req=0xc038464e len=56    rc=0   head=0xc1d0000b
IOCTL   1361264us req=0xc038464e len=56    rc=0   head=0xc1d0000b
IOCTL   1364720us req=0xc038464e len=56    rc=0   head=0xc1d0000b
IOCTL   1368492us req=0xc038464e len=56    rc=0   head=0xc1d0000b
IOCTL   1377121us req=0xc038464e len=56    rc=0   head=0xc1d0000b
IOCTL   1380462us req=0xc038464e len=56    rc=0   head=0xc1d0000b
IOCTL   1387878us req=0xc038464e len=56    rc=0   head=0xc1d0000b
IOCTL   1391237us req=0xc038464e len=56    rc=0   head=0xc1d0000b
IOCTL   1399450us req=0xc038464e len=56    rc=0   head=0xc1d0000b
IOCTL   1402858us req=0xc038464e len=56    rc=0   head=0xc1d0000b
IOCTL   1412159us req=0xc038464e len=56    rc=0   head=0xc1d0000b
IOCTL   1415564us req=0xc038464e len=56    rc=0   head=0xc1d0000b
IOCTL   1422537us req=0xc038464e len=56    rc=0   head=0xc1d0000b
IOCTL   1425920us req=0xc038464e len=56    rc=0   head=0xc1d0000b
IOCTL   1430021us req=0xc038464e len=56    rc=0   head=0xc1d0000b
IOCTL   1433737us req=0xc038464e len=56    rc=0   head=0xc1d0000b
IOCTL   1437283us req=0xc038464e len=56    rc=0   head=0xc1d0000b
IOCTL   1440761us req=0xc038464e len=56    rc=0   head=0xc1d0000b
IOCTL   1444572us req=0xc038464e len=56    rc=0   head=0xc1d0000b
IOCTL   1453344us req=0xc038464e len=56    rc=0   head=0xc1d0000b
IOCTL   1456917us req=0xc038464e len=56    rc=0   head=0xc1d0000b
IOCTL   1460634us req=0xc038464e len=56    rc=0   head=0xc1d0000b
IOCTL   1467553us req=0xc038464e len=56    rc=0   head=0xc1d0000b
IOCTL   1471259us req=0xc038464e len=56    rc=0   head=0xc1d0000b
IOCTL   1475134us req=0xc038464e len=56    rc=0   head=0xc1d0000b
IOCTL   1478727us req=0xc038464e len=56    rc=0   head=0xc1d0000b
IOCTL   1482424us req=0xc038464e len=56    rc=0   head=0xc1d0000b
IOCTL   1490459us req=0xc038464e len=56    rc=0   head=0xc1d0000b
IOCTL   1494113us req=0xc038464e len=56    rc=0   head=0xc1d0000b
IOCTL   1497862us req=0xc038464e len=56    rc=0   head=0xc1d0000b
IOCTL   1501482us req=0xc038464e len=56    rc=0   head=0xc1d0000b
IOCTL   1510167us req=0xc038464e len=56    rc=0   head=0xc1d0000b
IOCTL   1513759us req=0xc038464e len=56    rc=0   head=0xc1d0000b
IOCTL   1517423us req=0xc038464e len=56    rc=0   head=0xc1d0000b
IOCTL   1521007us req=0xc038464e len=56    rc=0   head=0xc1d0000b
IOCTL   1524701us req=0xc038464e len=56    rc=0   head=0xc1d0000b
IOCTL   1528233us req=0xc038464e len=56    rc=0   head=0xc1d0000b
IOCTL   1531686us req=0xc038464e len=56    rc=0   head=0xc1d0000b
IOCTL   1535299us req=0xc038464e len=56    rc=0   head=0xc1d0000b
IOCTL   1538856us req=0xc038464e len=56    rc=0   head=0xc1d0000b
IOCTL   1542479us req=0xc038464e len=56    rc=0   head=0xc1d0000b
IOCTL   1551301us req=0xc038464e len=56    rc=0   head=0xc1d0000b
IOCTL   1555933us req=0xc038464e len=56    rc=0   head=0xc1d0000b
IOCTL   1560101us req=0xc038464e len=56    rc=0   head=0xc1d0000b
IOCTL   1563846us req=0xc038464e len=56    rc=0   head=0xc1d0000b
IOCTL   1567780us req=0xc038464e len=56    rc=0   head=0xc1d0000b
IOCTL   1571487us req=0xc038464e len=56    rc=0   head=0xc1d0000b
IOCTL   1579301us req=0xc038464e len=56    rc=0   head=0xc1d0000b
IOCTL   1582792us req=0xc038464e len=56    rc=0   head=0xc1d0000b
IOCTL   1586855us req=0xc038464e len=56    rc=0   head=0xc1d0000b
IOCTL   1590628us req=0xc038464e len=56    rc=0   head=0xc1d0000b
IOCTL   1597920us req=0xc038464e len=56    rc=0   head=0xc1d0000b
IOCTL   1606188us req=0xc038464e len=56    rc=0   head=0xc1d0000b
IOCTL   1610079us req=0xc038464e len=56    rc=0   head=0xc1d0000b
IOCTL   1613956us req=0xc038464e len=56    rc=0   head=0xc1d0000b
IOCTL   1617491us req=0xc038464e len=56    rc=0   head=0xc1d0000b
IOCTL   1621051us req=0xc038464e len=56    rc=0   head=0xc1d0000b
IOCTL   1624717us req=0xc038464e len=56    rc=0   head=0xc1d0000b
IOCTL   1628285us req=0xc038464e len=56    rc=0   head=0xc1d0000b
IOCTL   1632045us req=0xc038464e len=56    rc=0   head=0xc1d0000b
IOCTL   1635807us req=0xc038464e len=56    rc=0   head=0xc1d0000b
IOCTL   1643593us req=0xc038464e len=56    rc=0   head=0xc1d0000b
IOCTL   1647257us req=0xc038464e len=56    rc=0   head=0xc1d0000b
IOCTL   1651045us req=0xc038464e len=56    rc=0   head=0xc1d0000b
IOCTL   1654633us req=0xc038464e len=56    rc=0   head=0xc1d0000b
IOCTL   1663405us req=0xc038464e len=56    rc=0   head=0xc1d0000b
IOCTL   1667012us req=0xc038464e len=56    rc=0   head=0xc1d0000b
IOCTL   1670765us req=0xc038464e len=56    rc=0   head=0xc1d0000b
IOCTL   1674614us req=0xc038464e len=56    rc=0   head=0xc1d0000b
IOCTL   1680172us req=0xc038464e len=56    rc=0   head=0xc1d0000b
IOCTL   1683719us req=0xc038464e len=56    rc=0   head=0xc1d0000b
IOCTL   1687366us req=0xc038464e len=56    rc=0   head=0xc1d0000b
IOCTL   1691029us req=0xc038464e len=56    rc=0   head=0xc1d0000b
IOCTL   1694785us req=0xc038464e len=56    rc=0   head=0xc1d0000b
IOCTL   1698498us req=0xc038464e len=56    rc=0   head=0xc1d0000b
IOCTL   1707209us req=0xc038464e len=56    rc=0   head=0xc1d0000b
IOCTL   1710946us req=0xc038464e len=56    rc=0   head=0xc1d0000b
IOCTL   1714958us req=0xc038464e len=56    rc=0   head=0xc1d0000b
IOCTL   1718559us req=0xc038464e len=56    rc=0   head=0xc1d0000b
IOCTL   1727266us req=0xc038464e len=56    rc=0   head=0xc1d0000b
IOCTL   1730840us req=0xc038464e len=56    rc=0   head=0xc1d0000b
IOCTL   1734491us req=0xc038464e len=56    rc=0   head=0xc1d0000b
IOCTL   1741573us req=0xc038464e len=56    rc=0   head=0xc1d0000b
IOCTL   1745028us req=0xc038464e len=56    rc=0   head=0xc1d0000b
IOCTL   1748723us req=0xc038464e len=56    rc=0   head=0xc1d0000b
IOCTL   1752190us req=0xc038464e len=56    rc=0   head=0xc1d0000b
IOCTL   1755762us req=0xc038464e len=56    rc=0   head=0xc1d0000b
IOCTL   1759447us req=0xc038464e len=56    rc=0   head=0xc1d0000b
IOCTL   1768903us req=0xc038464e len=56    rc=0   head=0xc1d0000b
IOCTL   1772219us req=0xc038464e len=56    rc=0   head=0xc1d0000b
IOCTL   1780499us req=0xc038464e len=56    rc=0   head=0xc1d0000b
IOCTL   1783768us req=0xc038464e len=56    rc=0   head=0xc1d0000b
IOCTL   1787494us req=0xc038464e len=56    rc=0   head=0xc1d0000b
IOCTL   1794394us req=0xc038464e len=56    rc=0   head=0xc1d0000b
IOCTL   1797804us req=0xc038464e len=56    rc=0   head=0xc1d0000b
IOCTL   1801598us req=0xc038464e len=56    rc=0   head=0xc1d0000b
IOCTL   1809243us req=0xc038464e len=56    rc=0   head=0xc1d0000b
IOCTL   1812786us req=0xc038464e len=56    rc=0   head=0xc1d0000b
IOCTL   1816490us req=0xc038464e len=56    rc=0   head=0xc1d0000b
IOCTL   1824243us req=0xc038464e len=56    rc=0   head=0xc1d0000b
IOCTL   1827786us req=0xc038464e len=56    rc=0   head=0xc1d0000b
IOCTL   1831600us req=0xc038464e len=56    rc=0   head=0xc1d0000b
IOCTL   1839194us req=0xc038464e len=56    rc=0   head=0xc1d0000b
IOCTL   1842840us req=0xc038464e len=56    rc=0   head=0xc1d0000b
IOCTL   1846544us req=0xc038464e len=56    rc=0   head=0xc1d0000b
IOCTL   1850271us req=0xc038464e len=56    rc=0   head=0xc1d0000b
IOCTL   1854124us req=0xc038464e len=56    rc=0   head=0xc1d0000b
IOCTL   1860479us req=0xc038464e len=56    rc=0   head=0xc1d0000b
IOCTL   1864125us req=0xc038464e len=56    rc=0   head=0xc1d0000b
IOCTL   1867897us req=0xc038464e len=56    rc=0   head=0xc1d0000b
IOCTL   1871363us req=0xc038464e len=56    rc=0   head=0xc1d0000b
IOCTL   1874999us req=0xc038464e len=56    rc=0   head=0xc1d0000b
IOCTL   1878547us req=0xc038464e len=56    rc=0   head=0xc1d0000b
IOCTL   1882166us req=0xc038464e len=56    rc=0   head=0xc1d0000b
IOCTL   1885840us req=0xc038464e len=56    rc=0   head=0xc1d0000b
IOCTL   1893927us req=0xc038464e len=56    rc=0   head=0xc1d0000b
IOCTL   1897479us req=0xc038464e len=56    rc=0   head=0xc1d0000b
IOCTL   1905256us req=0xc038464e len=56    rc=0   head=0xc1d0000b
IOCTL   1908783us req=0xc038464e len=56    rc=0   head=0xc1d0000b
IOCTL   1912696us req=0xc038464e len=56    rc=0   head=0xc1d0000b
IOCTL   1916264us req=0xc038464e len=56    rc=0   head=0xc1d0000b
IOCTL   1919868us req=0xc038464e len=56    rc=0   head=0xc1d0000b
IOCTL   1923456us req=0xc038464e len=56    rc=0   head=0xc1d0000b
IOCTL   1927048us req=0xc038464e len=56    rc=0   head=0xc1d0000b
IOCTL   1930610us req=0xc038464e len=56    rc=0   head=0xc1d0000b
IOCTL   1939093us req=0xc038464e len=56    rc=0   head=0xc1d0000b
IOCTL   1942502us req=0xc038464e len=56    rc=0   head=0xc1d0000b
IOCTL   1949582us req=0xc038464e len=56    rc=0   head=0xc1d0000b
IOCTL   1953013us req=0xc038464e len=56    rc=0   head=0xc1d0000b
IOCTL   1956719us req=0xc038464e len=56    rc=0   head=0xc1d0000b
IOCTL   1960328us req=0xc038464e len=56    rc=0   head=0xc1d0000b
IOCTL   1968268us req=0xc038464e len=56    rc=0   head=0xc1d0000b
IOCTL   1971633us req=0xc038464e len=56    rc=0   head=0xc1d0000b
IOCTL   1978903us req=0xc038464e len=56    rc=0   head=0xc1d0000b
IOCTL   1982287us req=0xc038464e len=56    rc=0   head=0xc1d0000b
IOCTL   1990176us req=0xc038464e len=56    rc=0   head=0xc1d0000b
IOCTL   1993497us req=0xc038464e len=56    rc=0   head=0xc1d0000b
IOCTL   2001265us req=0xc038464e len=56    rc=0   head=0xc1d0000b
IOCTL   2004634us req=0xc038464e len=56    rc=0   head=0xc1d0000b
IOCTL   2011170us req=0xc038464e len=56    rc=0   head=0xc1d0000b
IOCTL   2014537us req=0xc038464e len=56    rc=0   head=0xc1d0000b
IOCTL   2021739us req=0xc038464e len=56    rc=0   head=0xc1d0000b
IOCTL   2025320us req=0xc038464e len=56    rc=0   head=0xc1d0000b
IOCTL   2032286us req=0xc038464e len=56    rc=0   head=0xc1d0000b
IOCTL   2035746us req=0xc038464e len=56    rc=0   head=0xc1d0000b
IOCTL   2043021us req=0xc038464e len=56    rc=0   head=0xc1d0000b
IOCTL   2046495us req=0xc038464e len=56    rc=0   head=0xc1d0000b
IOCTL   2053450us req=0xc038464e len=56    rc=0   head=0xc1d0000b
IOCTL   2056887us req=0xc038464e len=56    rc=0   head=0xc1d0000b
IOCTL   2066170us req=0xc038464e len=56    rc=0   head=0xc1d0000b
IOCTL   2070123us req=0xc038464e len=56    rc=0   head=0xc1d0000b
IOCTL   2079954us req=0xc038464e len=56    rc=0   head=0xc1d0000b
IOCTL   2083741us req=0xc038464e len=56    rc=0   head=0xc1d0000b
IOCTL   2087762us req=0xc038464e len=56    rc=0   head=0xc1d0000b
IOCTL   2091371us req=0xc038464e len=56    rc=0   head=0xc1d0000b
IOCTL   2094801us req=0xc038464e len=56    rc=0   head=0xc1d0000b
IOCTL   2098609us req=0xc038464e len=56    rc=0   head=0xc1d0000b
IOCTL   2107532us req=0xc038464e len=56    rc=0   head=0xc1d0000b
IOCTL   2111242us req=0xc038464e len=56    rc=0   head=0xc1d0000b
IOCTL   2119710us req=0xc038464e len=56    rc=0   head=0xc1d0000b
IOCTL   2123369us req=0xc038464e len=56    rc=0   head=0xc1d0000b
IOCTL   2127120us req=0xc038464e len=56    rc=0   head=0xc1d0000b
IOCTL   2135061us req=0xc038464e len=56    rc=0   head=0xc1d0000b
IOCTL   2138372us req=0xc038464e len=56    rc=0   head=0xc1d0000b
IOCTL   2146047us req=0xc038464e len=56    rc=0   head=0xc1d0000b
IOCTL   2149480us req=0xc038464e len=56    rc=0   head=0xc1d0000b
IOCTL   2156940us req=0xc038464e len=56    rc=0   head=0xc1d0000b
IOCTL   2160332us req=0xc038464e len=56    rc=0   head=0xc1d0000b
IOCTL   2167237us req=0xc038464e len=56    rc=0   head=0xc1d0000b
IOCTL   2170775us req=0xc038464e len=56    rc=0   head=0xc1d0000b
IOCTL   2177874us req=0xc038464e len=56    rc=0   head=0xc1d0000b
IOCTL   2181225us req=0xc038464e len=56    rc=0   head=0xc1d0000b
IOCTL   2188775us req=0xc038464e len=56    rc=0   head=0xc1d0000b
IOCTL   2192132us req=0xc038464e len=56    rc=0   head=0xc1d0000b
IOCTL   2200070us req=0xc038464e len=56    rc=0   head=0xc1d0000b
IOCTL   2203418us req=0xc038464e len=56    rc=0   head=0xc1d0000b
IOCTL   2211753us req=0xc038464e len=56    rc=0   head=0xc1d0000b
IOCTL   2215574us req=0xc038464e len=56    rc=0   head=0xc1d0000b
IOCTL   2221384us req=0xc038464e len=56    rc=0   head=0xc1d0000b
IOCTL   2225016us req=0xc038464e len=56    rc=0   head=0xc1d0000b
IOCTL   2228971us req=0xc038464e len=56    rc=0   head=0xc1d0000b
IOCTL   2232585us req=0xc038464e len=56    rc=0   head=0xc1d0000b
IOCTL   2240230us req=0xc038464e len=56    rc=0   head=0xc1d0000b
IOCTL   2243883us req=0xc038464e len=56    rc=0   head=0xc1d0000b
IOCTL   2247689us req=0xc038464e len=56    rc=0   head=0xc1d0000b
IOCTL   2251387us req=0xc038464e len=56    rc=0   head=0xc1d0000b
IOCTL   2254956us req=0xc038464e len=56    rc=0   head=0xc1d0000b
IOCTL   2258488us req=0xc038464e len=56    rc=0   head=0xc1d0000b
IOCTL   2265940us req=0xc038464e len=56    rc=0   head=0xc1d0000b
IOCTL   2269636us req=0xc038464e len=56    rc=0   head=0xc1d0000b
IOCTL   2277995us req=0xc038464e len=56    rc=0   head=0xc1d0000b
IOCTL   2281558us req=0xc038464e len=56    rc=0   head=0xc1d0000b
IOCTL   2289887us req=0xc038464e len=56    rc=0   head=0xc1d0000b
IOCTL   2293452us req=0xc038464e len=56    rc=0   head=0xc1d0000b
IOCTL   2301181us req=0xc038464e len=56    rc=0   head=0xc1d0000b
IOCTL   2304774us req=0xc038464e len=56    rc=0   head=0xc1d0000b
IOCTL   2308583us req=0xc038464e len=56    rc=0   head=0xc1d0000b
IOCTL   2316155us req=0xc038464e len=56    rc=0   head=0xc1d0000b
IOCTL   2319871us req=0xc038464e len=56    rc=0   head=0xc1d0000b
IOCTL   2323620us req=0xc038464e len=56    rc=0   head=0xc1d0000b
IOCTL   2331299us req=0xc038464e len=56    rc=0   head=0xc1d0000b
IOCTL   2334599us req=0xc038464e len=56    rc=0   head=0xc1d0000b
IOCTL   2341890us req=0xc038464e len=56    rc=0   head=0xc1d0000b
IOCTL   2345202us req=0xc038464e len=56    rc=0   head=0xc1d0000b
IOCTL   2353847us req=0xc038464e len=56    rc=0   head=0xc1d0000b
IOCTL   2357154us req=0xc038464e len=56    rc=0   head=0xc1d0000b
IOCTL   2360929us req=0xc038464e len=56    rc=0   head=0xc1d0000b
IOCTL   2364640us req=0xc038464e len=56    rc=0   head=0xc1d0000b
IOCTL   2368203us req=0xc038464e len=56    rc=0   head=0xc1d0000b
IOCTL   2371862us req=0xc038464e len=56    rc=0   head=0xc1d0000b
IOCTL   2375584us req=0xc038464e len=56    rc=0   head=0xc1d0000b
IOCTL   2383531us req=0xc038464e len=56    rc=0   head=0xc1d0000b
IOCTL   2386904us req=0xc038464e len=56    rc=0   head=0xc1d0000b
IOCTL   2390518us req=0xc038464e len=56    rc=0   head=0xc1d0000b
IOCTL   2397261us req=0xc038464e len=56    rc=0   head=0xc1d0000b
IOCTL   2400739us req=0xc038464e len=56    rc=0   head=0xc1d0000b
IOCTL   2404838us req=0xc038464e len=56    rc=0   head=0xc1d0000b
IOCTL   2408463us req=0xc038464e len=56    rc=0   head=0xc1d0000b
IOCTL   2412112us req=0xc038464e len=56    rc=0   head=0xc1d0000b
IOCTL   2415542us req=0xc038464e len=56    rc=0   head=0xc1d0000b
IOCTL   2424853us req=0xc038464e len=56    rc=0   head=0xc1d0000b
IOCTL   2428394us req=0xc038464e len=56    rc=0   head=0xc1d0000b
IOCTL   2432202us req=0xc038464e len=56    rc=0   head=0xc1d0000b
IOCTL   2435601us req=0xc038464e len=56    rc=0   head=0xc1d0000b
IOCTL   2442875us req=0xc038464e len=56    rc=0   head=0xc1d0000b
IOCTL   2446425us req=0xc038464e len=56    rc=0   head=0xc1d0000b
IOCTL   2454366us req=0xc038464e len=56    rc=0   head=0xc1d0000b
IOCTL   2458090us req=0xc038464e len=56    rc=0   head=0xc1d0000b
IOCTL   2462083us req=0xc038464e len=56    rc=0   head=0xc1d0000b
IOCTL   2465767us req=0xc038464e len=56    rc=0   head=0xc1d0000b
IOCTL   2469485us req=0xc038464e len=56    rc=0   head=0xc1d0000b
IOCTL   2473097us req=0xc038464e len=56    rc=0   head=0xc1d0000b
IOCTL   2476768us req=0xc038464e len=56    rc=0   head=0xc1d0000b
IOCTL   2480628us req=0xc038464e len=56    rc=0   head=0xc1d0000b
IOCTL   2489318us req=0xc038464e len=56    rc=0   head=0xc1d0000b
IOCTL   2492953us req=0xc038464e len=56    rc=0   head=0xc1d0000b
IOCTL   2496863us req=0xc038464e len=56    rc=0   head=0xc1d0000b
IOCTL   2500616us req=0xc038464e len=56    rc=0   head=0xc1d0000b
IOCTL   2508282us req=0xc038464e len=56    rc=0   head=0xc1d0000b
IOCTL   2511924us req=0xc038464e len=56    rc=0   head=0xc1d0000b
IOCTL   2515760us req=0xc038464e len=56    rc=0   head=0xc1d0000b
IOCTL   2519515us req=0xc038464e len=56    rc=0   head=0xc1d0000b
IOCTL   2523182us req=0xc038464e len=56    rc=0   head=0xc1d0000b
IOCTL   2530137us req=0xc038464e len=56    rc=0   head=0xc1d0000b
IOCTL   2533721us req=0xc038464e len=56    rc=0   head=0xc1d0000b
IOCTL   2537432us req=0xc038464e len=56    rc=0   head=0xc1d0000b
IOCTL   2541021us req=0xc038464e len=56    rc=0   head=0xc1d0000b
IOCTL   2544611us req=0xc038464e len=56    rc=0   head=0xc1d0000b
IOCTL   2552460us req=0xc038464e len=56    rc=0   head=0xc1d0000b
IOCTL   2555983us req=0xc038464e len=56    rc=0   head=0xc1d0000b
IOCTL   2559863us req=0xc038464e len=56    rc=0   head=0xc1d0000b
IOCTL   2563593us req=0xc038464e len=56    rc=0   head=0xc1d0000b
IOCTL   2568110us req=0xc038464e len=56    rc=0   head=0xc1d0000b
IOCTL   2575032us req=0xc038464e len=56    rc=0   head=0xc1d0000b
IOCTL   2578638us req=0xc038464e len=56    rc=0   head=0xc1d0000b
IOCTL   2582570us req=0xc038464e len=56    rc=0   head=0xc1d0000b
IOCTL   2589849us req=0xc038464e len=56    rc=0   head=0xc1d0000b
IOCTL   2593394us req=0xc038464e len=56    rc=0   head=0xc1d0000b
IOCTL   2601149us req=0xc038464e len=56    rc=0   head=0xc1d0000b
IOCTL   2604720us req=0xc038464e len=56    rc=0   head=0xc1d0000b
IOCTL   2608435us req=0xc038464e len=56    rc=0   head=0xc1d0000b
IOCTL   2615324us req=0xc038464e len=56    rc=0   head=0xc1d0000b
IOCTL   2618894us req=0xc038464e len=56    rc=0   head=0xc1d0000b
IOCTL   2622574us req=0xc038464e len=56    rc=0   head=0xc1d0000b
IOCTL   2629958us req=0xc038464e len=56    rc=0   head=0xc1d0000b
IOCTL   2633588us req=0xc038464e len=56    rc=0   head=0xc1d0000b
IOCTL   2640447us req=0xc038464e len=56    rc=0   head=0xc1d0000b
IOCTL   2644103us req=0xc038464e len=56    rc=0   head=0xc1d0000b
IOCTL   2647765us req=0xc038464e len=56    rc=0   head=0xc1d0000b
IOCTL   2651348us req=0xc038464e len=56    rc=0   head=0xc1d0000b
IOCTL   2654919us req=0xc038464e len=56    rc=0   head=0xc1d0000b
IOCTL   2661471us req=0xc038464e len=56    rc=0   head=0xc1d0000b
IOCTL   2665116us req=0xc038464e len=56    rc=0   head=0xc1d0000b
IOCTL   2668694us req=0xc038464e len=56    rc=0   head=0xc1d0000b
IOCTL   2677012us req=0xc038464e len=56    rc=0   head=0xc1d0000b
IOCTL   2680580us req=0xc038464e len=56    rc=0   head=0xc1d0000b
IOCTL   2687363us req=0xc038464e len=56    rc=0   head=0xc1d0000b
IOCTL   2691081us req=0xc038464e len=56    rc=0   head=0xc1d0000b
IOCTL   2694900us req=0xc038464e len=56    rc=0   head=0xc1d0000b
IOCTL   2698228us req=0xc038464e len=56    rc=0   head=0xc1d0000b
IOCTL   2701929us req=0xc038464e len=56    rc=0   head=0xc1d0000b
IOCTL   2705493us req=0xc038464e len=56    rc=0   head=0xc1d0000b
IOCTL   2709022us req=0xc038464e len=56    rc=0   head=0xc1d0000b
IOCTL   2717274us req=0xc038464e len=56    rc=0   head=0xc1d0000b
IOCTL   2720894us req=0xc038464e len=56    rc=0   head=0xc1d0000b
IOCTL   2724698us req=0xc038464e len=56    rc=0   head=0xc1d0000b
IOCTL   2728368us req=0xc038464e len=56    rc=0   head=0xc1d0000b
IOCTL   2731868us req=0xc038464e len=56    rc=0   head=0xc1d0000b
IOCTL   2735392us req=0xc038464e len=56    rc=0   head=0xc1d0000b
IOCTL   2738767us req=0xc038464e len=56    rc=0   head=0xc1d0000b
IOCTL   2742508us req=0xc038464e len=56    rc=0   head=0xc1d0000b
IOCTL   2751396us req=0xc038464e len=56    rc=0   head=0xc1d0000b
IOCTL   2755014us req=0xc038464e len=56    rc=0   head=0xc1d0000b
IOCTL   2758698us req=0xc038464e len=56    rc=0   head=0xc1d0000b
IOCTL   2767134us req=0xc038464e len=56    rc=0   head=0xc1d0000b
IOCTL   2770699us req=0xc038464e len=56    rc=0   head=0xc1d0000b
IOCTL   2774589us req=0xc038464e len=56    rc=0   head=0xc1d0000b
IOCTL   2778099us req=0xc038464e len=56    rc=0   head=0xc1d0000b
IOCTL   2786292us req=0xc038464e len=56    rc=0   head=0xc1d0000b
IOCTL   2789966us req=0xc038464e len=56    rc=0   head=0xc1d0000b
IOCTL   2793695us req=0xc038464e len=56    rc=0   head=0xc1d0000b
IOCTL   2797242us req=0xc038464e len=56    rc=0   head=0xc1d0000b
IOCTL   2801697us req=0xc038464e len=56    rc=0   head=0xc1d0000b
IOCTL   2809031us req=0xc038464e len=56    rc=0   head=0xc1d0000b
IOCTL   2812582us req=0xc038464e len=56    rc=0   head=0xc1d0000b
IOCTL   2819539us req=0xc038464e len=56    rc=0   head=0xc1d0000b
IOCTL   2823269us req=0xc038464e len=56    rc=0   head=0xc1d0000b
IOCTL   2826759us req=0xc038464e len=56    rc=0   head=0xc1d0000b
IOCTL   2830360us req=0xc038464e len=56    rc=0   head=0xc1d0000b
IOCTL   2833935us req=0xc038464e len=56    rc=0   head=0xc1d0000b
IOCTL   2837593us req=0xc038464e len=56    rc=0   head=0xc1d0000b
IOCTL   2846162us req=0xc038464e len=56    rc=0   head=0xc1d0000b
IOCTL   2849935us req=0xc038464e len=56    rc=0   head=0xc1d0000b
IOCTL   2853691us req=0xc038464e len=56    rc=0   head=0xc1d0000b
IOCTL   2857329us req=0xc038464e len=56    rc=0   head=0xc1d0000b
IOCTL   2861018us req=0xc038464e len=56    rc=0   head=0xc1d0000b
IOCTL   2864703us req=0xc038464e len=56    rc=0   head=0xc1d0000b
IOCTL   2870140us req=0xc038464e len=56    rc=0   head=0xc1d0000b
IOCTL   2873695us req=0xc038464e len=56    rc=0   head=0xc1d0000b
IOCTL   2878150us req=0xc038464e len=56    rc=0   head=0xc1d0000b
IOCTL   2881707us req=0xc038464e len=56    rc=0   head=0xc1d0000b
IOCTL   2885262us req=0xc038464e len=56    rc=0   head=0xc1d0000b
IOCTL   2888755us req=0xc038464e len=56    rc=0   head=0xc1d0000b
IOCTL   2892326us req=0xc038464e len=56    rc=0   head=0xc1d0000b
IOCTL   2895923us req=0xc038464e len=56    rc=0   head=0xc1d0000b
IOCTL   2899511us req=0xc038464e len=56    rc=0   head=0xc1d0000b
IOCTL   2903169us req=0xc038464e len=56    rc=0   head=0xc1d0000b
IOCTL   2908041us req=0xc038464e len=56    rc=0   head=0xc1d0000b
IOCTL   2911592us req=0xc038464e len=56    rc=0   head=0xc1d0000b
IOCTL   2918207us req=0xc038464e len=56    rc=0   head=0xc1d0000b
IOCTL   2921800us req=0xc038464e len=56    rc=0   head=0xc1d0000b
IOCTL   2925514us req=0xc038464e len=56    rc=0   head=0xc1d0000b
IOCTL   2933366us req=0xc038464e len=56    rc=0   head=0xc1d0000b
IOCTL   2937034us req=0xc038464e len=56    rc=0   head=0xc1d0000b
IOCTL   2940441us req=0xc038464e len=56    rc=0   head=0xc1d0000b
IOCTL   2947397us req=0xc038464e len=56    rc=0   head=0xc1d0000b
IOCTL   2951015us req=0xc038464e len=56    rc=0   head=0xc1d0000b
IOCTL   2954984us req=0xc038464e len=56    rc=0   head=0xc1d0000b
IOCTL   2958608us req=0xc038464e len=56    rc=0   head=0xc1d0000b
IOCTL   2965950us req=0xc038464e len=56    rc=0   head=0xc1d0000b
IOCTL   2969755us req=0xc038464e len=56    rc=0   head=0xc1d0000b
IOCTL   2973554us req=0xc038464e len=56    rc=0   head=0xc1d0000b
IOCTL   2977107us req=0xc038464e len=56    rc=0   head=0xc1d0000b
IOCTL   2985741us req=0xc038464e len=56    rc=0   head=0xc1d0000b
IOCTL   2993291us req=0xc038464e len=56    rc=0   head=0xc1d0000b
IOCTL   2996894us req=0xc038464e len=56    rc=0   head=0xc1d0000b
IOCTL   3000558us req=0xc038464e len=56    rc=0   head=0xc1d0000b
IOCTL   3008541us req=0xc038464e len=56    rc=0   head=0xc1d0000b
IOCTL   3011923us req=0xc038464e len=56    rc=0   head=0xc1d0000b
IOCTL   3015937us req=0xc038464e len=56    rc=0   head=0xc1d0000b
IOCTL   3019549us req=0xc038464e len=56    rc=0   head=0xc1d0000b
IOCTL   3027929us req=0xc038464e len=56    rc=0   head=0xc1d0000b
IOCTL   3031637us req=0xc038464e len=56    rc=0   head=0xc1d0000b
IOCTL   3035604us req=0xc038464e len=56    rc=0   head=0xc1d0000b
IOCTL   3043942us req=0xc038464e len=56    rc=0   head=0xc1d0000b
IOCTL   3047604us req=0xc038464e len=56    rc=0   head=0xc1d0000b
IOCTL   3055154us req=0xc038464e len=56    rc=0   head=0xc1d0000b
IOCTL   3058723us req=0xc038464e len=56    rc=0   head=0xc1d0000b
IOCTL   3062442us req=0xc038464e len=56    rc=0   head=0xc1d0000b
IOCTL   3070956us req=0xc038464e len=56    rc=0   head=0xc1d0000b
IOCTL   3074507us req=0xc038464e len=56    rc=0   head=0xc1d0000b
IOCTL   3082148us req=0xc038464e len=56    rc=0   head=0xc1d0000b
IOCTL   3085923us req=0xc038464e len=56    rc=0   head=0xc1d0000b
IOCTL   3094192us req=0xc038464e len=56    rc=0   head=0xc1d0000b
IOCTL   3097886us req=0xc038464e len=56    rc=0   head=0xc1d0000b
IOCTL   3102107us req=0xc038464e len=56    rc=0   head=0xc1d0000b
IOCTL   3111110us req=0xc038464e len=56    rc=0   head=0xc1d0000b
IOCTL   3114754us req=0xc038464e len=56    rc=0   head=0xc1d0000b
IOCTL   3118680us req=0xc038464e len=56    rc=0   head=0xc1d0000b
IOCTL   3122472us req=0xc038464e len=56    rc=0   head=0xc1d0000b
IOCTL   3126306us req=0xc038464e len=56    rc=0   head=0xc1d0000b
IOCTL   3130156us req=0xc038464e len=56    rc=0   head=0xc1d0000b
IOCTL   3133982us req=0xc038464e len=56    rc=0   head=0xc1d0000b
IOCTL   3137739us req=0xc038464e len=56    rc=0   head=0xc1d0000b
IOCTL   3141475us req=0xc038464e len=56    rc=0   head=0xc1d0000b
IOCTL   3149730us req=0xc038464e len=56    rc=0   head=0xc1d0000b
IOCTL   3153355us req=0xc038464e len=56    rc=0   head=0xc1d0000b
IOCTL   3161443us req=0xc038464e len=56    rc=0   head=0xc1d0000b
IOCTL   3165115us req=0xc038464e len=56    rc=0   head=0xc1d0000b
IOCTL   3168561us req=0xc038464e len=56    rc=0   head=0xc1d0000b
IOCTL   3175525us req=0xc038464e len=56    rc=0   head=0xc1d0000b
IOCTL   3179256us req=0xc038464e len=56    rc=0   head=0xc1d0000b
IOCTL   3183290us req=0xc038464e len=56    rc=0   head=0xc1d0000b
IOCTL   3187150us req=0xc038464e len=56    rc=0   head=0xc1d0000b
IOCTL   3190824us req=0xc038464e len=56    rc=0   head=0xc1d0000b
IOCTL   3194740us req=0xc038464e len=56    rc=0   head=0xc1d0000b
IOCTL   3198587us req=0xc038464e len=56    rc=0   head=0xc1d0000b
IOCTL   3206373us req=0xc038464e len=56    rc=0   head=0xc1d0000b
IOCTL   3210121us req=0xc038464e len=56    rc=0   head=0xc1d0000b
IOCTL   3213756us req=0xc038464e len=56    rc=0   head=0xc1d0000b
IOCTL   3217403us req=0xc038464e len=56    rc=0   head=0xc1d0000b
IOCTL   3225465us req=0xc038464e len=56    rc=0   head=0xc1d0000b
IOCTL   3229156us req=0xc038464e len=56    rc=0   head=0xc1d0000b
IOCTL   3232964us req=0xc038464e len=56    rc=0   head=0xc1d0000b
IOCTL   3236534us req=0xc038464e len=56    rc=0   head=0xc1d0000b
IOCTL   3243880us req=0xc038464e len=56    rc=0   head=0xc1d0000b
IOCTL   3247431us req=0xc038464e len=56    rc=0   head=0xc1d0000b
IOCTL   3254365us req=0xc038464e len=56    rc=0   head=0xc1d0000b
IOCTL   3257963us req=0xc038464e len=56    rc=0   head=0xc1d0000b
IOCTL   3261704us req=0xc038464e len=56    rc=0   head=0xc1d0000b
IOCTL   3265243us req=0xc038464e len=56    rc=0   head=0xc1d0000b
IOCTL   3269486us req=0xc038464e len=56    rc=0   head=0xc1d0000b
IOCTL   3277232us req=0xc038464e len=56    rc=0   head=0xc1d0000b
IOCTL   3280863us req=0xc038464e len=56    rc=0   head=0xc1d0000b
IOCTL   3284699us req=0xc038464e len=56    rc=0   head=0xc1d0000b
IOCTL   3288630us req=0xc038464e len=56    rc=0   head=0xc1d0000b
IOCTL   3294375us req=0xc038464e len=56    rc=0   head=0xc1d0000b
IOCTL   3298045us req=0xc038464e len=56    rc=0   head=0xc1d0000b
IOCTL   3301752us req=0xc038464e len=56    rc=0   head=0xc1d0000b
IOCTL   3305355us req=0xc038464e len=56    rc=0   head=0xc1d0000b
IOCTL   3308761us req=0xc038464e len=56    rc=0   head=0xc1d0000b
IOCTL   3312370us req=0xc038464e len=56    rc=0   head=0xc1d0000b
IOCTL   3316017us req=0xc038464e len=56    rc=0   head=0xc1d0000b
IOCTL   3321083us req=0xc038464e len=56    rc=0   head=0xc1d0000b
IOCTL   3324612us req=0xc038464e len=56    rc=0   head=0xc1d0000b
IOCTL   3332071us req=0xc038464e len=56    rc=0   head=0xc1d0000b
IOCTL   3335636us req=0xc038464e len=56    rc=0   head=0xc1d0000b
IOCTL   3339727us req=0xc038464e len=56    rc=0   head=0xc1d0000b
IOCTL   3343261us req=0xc038464e len=56    rc=0   head=0xc1d0000b
IOCTL   3346995us req=0xc038464e len=56    rc=0   head=0xc1d0000b
IOCTL   3350476us req=0xc038464e len=56    rc=0   head=0xc1d0000b
IOCTL   3354097us req=0xc038464e len=56    rc=0   head=0xc1d0000b
IOCTL   3361940us req=0xc038464e len=56    rc=0   head=0xc1d0000b
IOCTL   3365499us req=0xc038464e len=56    rc=0   head=0xc1d0000b
IOCTL   3374007us req=0xc038464e len=56    rc=0   head=0xc1d0000b
IOCTL   3377593us req=0xc038464e len=56    rc=0   head=0xc1d0000b
IOCTL   3384394us req=0xc038464e len=56    rc=0   head=0xc1d0000b
IOCTL   3388014us req=0xc038464e len=56    rc=0   head=0xc1d0000b
IOCTL   3391979us req=0xc038464e len=56    rc=0   head=0xc1d0000b
IOCTL   3395532us req=0xc038464e len=56    rc=0   head=0xc1d0000b
IOCTL   3399168us req=0xc038464e len=56    rc=0   head=0xc1d0000b
IOCTL   3402762us req=0xc038464e len=56    rc=0   head=0xc1d0000b
IOCTL   3406343us req=0xc038464e len=56    rc=0   head=0xc1d0000b
IOCTL   3409759us req=0xc038464e len=56    rc=0   head=0xc1d0000b
IOCTL   3413580us req=0xc038464e len=56    rc=0   head=0xc1d0000b
IOCTL   3417092us req=0xc038464e len=56    rc=0   head=0xc1d0000b
IOCTL   3425077us req=0xc038464e len=56    rc=0   head=0xc1d0000b
IOCTL   3428627us req=0xc038464e len=56    rc=0   head=0xc1d0000b
IOCTL   3435341us req=0xc038464e len=56    rc=0   head=0xc1d0000b
IOCTL   3438743us req=0xc038464e len=56    rc=0   head=0xc1d0000b
IOCTL   3442760us req=0xc038464e len=56    rc=0   head=0xc1d0000b
IOCTL   3446476us req=0xc038464e len=56    rc=0   head=0xc1d0000b
IOCTL   3450150us req=0xc038464e len=56    rc=0   head=0xc1d0000b
IOCTL   3453701us req=0xc038464e len=56    rc=0   head=0xc1d0000b
IOCTL   3458098us req=0xc038464e len=56    rc=0   head=0xc1d0000b
IOCTL   3461574us req=0xc038464e len=56    rc=0   head=0xc1d0000b
IOCTL   3468742us req=0xc038464e len=56    rc=0   head=0xc1d0000b
IOCTL   3472394us req=0xc038464e len=56    rc=0   head=0xc1d0000b
IOCTL   3480991us req=0xc038464e len=56    rc=0   head=0xc1d0000b
IOCTL   3484517us req=0xc038464e len=56    rc=0   head=0xc1d0000b
IOCTL   3491903us req=0xc038464e len=56    rc=0   head=0xc1d0000b
IOCTL   3495526us req=0xc038464e len=56    rc=0   head=0xc1d0000b
IOCTL   3502788us req=0xc038464e len=56    rc=0   head=0xc1d0000b
IOCTL   3506448us req=0xc038464e len=56    rc=0   head=0xc1d0000b
IOCTL   3513496us req=0xc038464e len=56    rc=0   head=0xc1d0000b
IOCTL   3517155us req=0xc038464e len=56    rc=0   head=0xc1d0000b
IOCTL   3520957us req=0xc038464e len=56    rc=0   head=0xc1d0000b
IOCTL   3524704us req=0xc038464e len=56    rc=0   head=0xc1d0000b
IOCTL   3528255us req=0xc038464e len=56    rc=0   head=0xc1d0000b
IOCTL   3536459us req=0xc038464e len=56    rc=0   head=0xc1d0000b
IOCTL   3540202us req=0xc038464e len=56    rc=0   head=0xc1d0000b
IOCTL   3543764us req=0xc038464e len=56    rc=0   head=0xc1d0000b
IOCTL   3547271us req=0xc038464e len=56    rc=0   head=0xc1d0000b
IOCTL   3550756us req=0xc038464e len=56    rc=0   head=0xc1d0000b
IOCTL   3554591us req=0xc038464e len=56    rc=0   head=0xc1d0000b
IOCTL   3562959us req=0xc038464e len=56    rc=0   head=0xc1d0000b
IOCTL   3566754us req=0xc038464e len=56    rc=0   head=0xc1d0000b
IOCTL   3570402us req=0xc038464e len=56    rc=0   head=0xc1d0000b
IOCTL   3574020us req=0xc038464e len=56    rc=0   head=0xc1d0000b
IOCTL   3577625us req=0xc038464e len=56    rc=0   head=0xc1d0000b
IOCTL   3584314us req=0xc038464e len=56    rc=0   head=0xc1d0000b
IOCTL   3587891us req=0xc038464e len=56    rc=0   head=0xc1d0000b
IOCTL   3591585us req=0xc038464e len=56    rc=0   head=0xc1d0000b
IOCTL   3595637us req=0xc038464e len=56    rc=0   head=0xc1d0000b
IOCTL   3604374us req=0xc038464e len=56    rc=0   head=0xc1d0000b
IOCTL   3607988us req=0xc038464e len=56    rc=0   head=0xc1d0000b
IOCTL   3611688us req=0xc038464e len=56    rc=0   head=0xc1d0000b
IOCTL   3615258us req=0xc038464e len=56    rc=0   head=0xc1d0000b
IOCTL   3618730us req=0xc038464e len=56    rc=0   head=0xc1d0000b
IOCTL   3622234us req=0xc038464e len=56    rc=0   head=0xc1d0000b
IOCTL   3625757us req=0xc038464e len=56    rc=0   head=0xc1d0000b
IOCTL   3629407us req=0xc038464e len=56    rc=0   head=0xc1d0000b
IOCTL   3632901us req=0xc038464e len=56    rc=0   head=0xc1d0000b
IOCTL   3636368us req=0xc038464e len=56    rc=0   head=0xc1d0000b
IOCTL   3640125us req=0xc038464e len=56    rc=0   head=0xc1d0000b
IOCTL   3643710us req=0xc038464e len=56    rc=0   head=0xc1d0000b
IOCTL   3648235us req=0xc038464e len=56    rc=0   head=0xc1d0000b
IOCTL   3651884us req=0xc038464e len=56    rc=0   head=0xc1d0000b
IOCTL   3655441us req=0xc038464e len=56    rc=0   head=0xc1d0000b
IOCTL   3658932us req=0xc038464e len=56    rc=0   head=0xc1d0000b
IOCTL   3662478us req=0xc038464e len=56    rc=0   head=0xc1d0000b
IOCTL   3672521us req=0xc038464e len=56    rc=0   head=0xc1d0000b
IOCTL   3676156us req=0xc038464e len=56    rc=0   head=0xc1d0000b
IOCTL   3679991us req=0xc038464e len=56    rc=0   head=0xc1d0000b
IOCTL   3683708us req=0xc038464e len=56    rc=0   head=0xc1d0000b
IOCTL   3691182us req=0xc038464e len=56    rc=0   head=0xc1d0000b
IOCTL   3694764us req=0xc038464e len=56    rc=0   head=0xc1d0000b
IOCTL   3698636us req=0xc038464e len=56    rc=0   head=0xc1d0000b
IOCTL   3702758us req=0xc038464e len=56    rc=0   head=0xc1d0000b
IOCTL   3706323us req=0xc038464e len=56    rc=0   head=0xc1d0000b
IOCTL   3713380us req=0xc038464e len=56    rc=0   head=0xc1d0000b
IOCTL   3717015us req=0xc038464e len=56    rc=0   head=0xc1d0000b
IOCTL   3720699us req=0xc038464e len=56    rc=0   head=0xc1d0000b
IOCTL   3724625us req=0xc038464e len=56    rc=0   head=0xc1d0000b
IOCTL   3732006us req=0xc038464e len=56    rc=0   head=0xc1d0000b
IOCTL   3735686us req=0xc038464e len=56    rc=0   head=0xc1d0000b
IOCTL   3739479us req=0xc038464e len=56    rc=0   head=0xc1d0000b
IOCTL   3743093us req=0xc038464e len=56    rc=0   head=0xc1d0000b
IOCTL   3746639us req=0xc038464e len=56    rc=0   head=0xc1d0000b
IOCTL   3754341us req=0xc038464e len=56    rc=0   head=0xc1d0000b
IOCTL   3757964us req=0xc038464e len=56    rc=0   head=0xc1d0000b
IOCTL   3761764us req=0xc038464e len=56    rc=0   head=0xc1d0000b
IOCTL   3765363us req=0xc038464e len=56    rc=0   head=0xc1d0000b
IOCTL   3768907us req=0xc038464e len=56    rc=0   head=0xc1d0000b
IOCTL   3772359us req=0xc038464e len=56    rc=0   head=0xc1d0000b
IOCTL   3781089us req=0xc038464e len=56    rc=0   head=0xc1d0000b
IOCTL   3784698us req=0xc038464e len=56    rc=0   head=0xc1d0000b
IOCTL   3788320us req=0xc038464e len=56    rc=0   head=0xc1d0000b
IOCTL   3791778us req=0xc038464e len=56    rc=0   head=0xc1d0000b
IOCTL   3795372us req=0xc038464e len=56    rc=0   head=0xc1d0000b
IOCTL   3799127us req=0xc038464e len=56    rc=0   head=0xc1d0000b
IOCTL   3807364us req=0xc038464e len=56    rc=0   head=0xc1d0000b
IOCTL   3811030us req=0xc038464e len=56    rc=0   head=0xc1d0000b
IOCTL   3814483us req=0xc038464e len=56    rc=0   head=0xc1d0000b
IOCTL   3822091us req=0xc038464e len=56    rc=0   head=0xc1d0000b
IOCTL   3825743us req=0xc038464e len=56    rc=0   head=0xc1d0000b
IOCTL   3829488us req=0xc038464e len=56    rc=0   head=0xc1d0000b
IOCTL   3833081us req=0xc038464e len=56    rc=0   head=0xc1d0000b
IOCTL   3840035us req=0xc038464e len=56    rc=0   head=0xc1d0000b
IOCTL   3843592us req=0xc038464e len=56    rc=0   head=0xc1d0000b
IOCTL   3850413us req=0xc038464e len=56    rc=0   head=0xc1d0000b
IOCTL   3854045us req=0xc038464e len=56    rc=0   head=0xc1d0000b
IOCTL   3857746us req=0xc038464e len=56    rc=0   head=0xc1d0000b
IOCTL   3861311us req=0xc038464e len=56    rc=0   head=0xc1d0000b
IOCTL   3870226us req=0xc038464e len=56    rc=0   head=0xc1d0000b
IOCTL   3873764us req=0xc038464e len=56    rc=0   head=0xc1d0000b
IOCTL   3877330us req=0xc038464e len=56    rc=0   head=0xc1d0000b
IOCTL   3885503us req=0xc038464e len=56    rc=0   head=0xc1d0000b
IOCTL   3889196us req=0xc038464e len=56    rc=0   head=0xc1d0000b
IOCTL   3893037us req=0xc038464e len=56    rc=0   head=0xc1d0000b
IOCTL   3900465us req=0xc038464e len=56    rc=0   head=0xc1d0000b
IOCTL   3904085us req=0xc038464e len=56    rc=0   head=0xc1d0000b
IOCTL   3907756us req=0xc038464e len=56    rc=0   head=0xc1d0000b
IOCTL   3911322us req=0xc038464e len=56    rc=0   head=0xc1d0000b
IOCTL   3914886us req=0xc038464e len=56    rc=0   head=0xc1d0000b
info  DL prime copy      = Dead { saw: 3735880329 }
IOCTL   3918879us req=0xc038464e len=56    rc=0   head=0xc1d0000b
info  DL prime notifier  = fired=false status=0x0000 except_type=0x0 engine=0x0000
PRIME_DID_NOT_FAULT arm=PLAIN(rig-control) va=0x0000006000010000 retire=NOT-RETIRED(sem still 0) — ⊘ the MMU is not known to have walked the address under test, so the final copy would be testing FIRST FILL and not eviction. NO VERDICT IS REPORTED FOR THIS ARM
IOCTL   3947700us req=0xc0304658 len=48    rc=0   head=0xc1d0000b
IOCTL   3948449us req=0xc0304658 len=48    rc=0   head=0xc1d0000b
IOCTL   3978148us req=0xc0304658 len=48    rc=0   head=0xc1d0000b
IOCTL   3980209us req=0xc0104629 len=16    rc=0   head=0xc1d0000b
IOCTL   4001222us req=0xc0304658 len=48    rc=0   head=0xc1d0000b
IOCTL   4003871us req=0xc0104629 len=16    rc=0   head=0xc1d0000b
IOCTL   4042131us req=0xc0104629 len=16    rc=0   head=0xc1d0000b
IOCTL   4049962us req=0xc0104629 len=16    rc=0   head=0xc1d0000b
IOCTL   4056084us req=0xc0104629 len=16    rc=0   head=0xc1d0000b
IOCTL   4078224us req=0xc0304658 len=48    rc=0   head=0xc1d0000b
IOCTL   4081763us req=0xc0104629 len=16    rc=0   head=0xc1d0000b
IOCTL   4124202us req=0xc0104629 len=16    rc=0   head=0xc1d0000b
IOCTL   4131274us req=0xc0104629 len=16    rc=0   head=0xc1d0000b
IOCTL   4137153us req=0xc0104629 len=16    rc=0   head=0xc1d0000b
IOCTL   4158990us req=0xc0304658 len=48    rc=0   head=0xc1d0000b
IOCTL   4162139us req=0xc0104629 len=16    rc=0   head=0xc1d0000b
IOCTL   4204505us req=0xc0104629 len=16    rc=0   head=0xc1d0000b
IOCTL   4211877us req=0xc0104629 len=16    rc=0   head=0xc1d0000b
IOCTL   4249222us req=0xc0104629 len=16    rc=0   head=0xc1d0000b
IOCTL   4498109us req=0xc0104629 len=16    rc=0   head=0xc1d0000b
IOCTL   4555122us req=0xc0104629 len=16    rc=0   head=0xc1d0000b
[   16.227296] NVRM: rpcRmApiFree_GSP: GspRmFree failed: hClient=0xc1d0000b; hObject=0xcafe0005; paramsStatus=0x00000000; status=0x00000056
[   16.236471] NVRM: nvAssertFailedNoLog: Assertion failed: (status == NV_OK) || (status == NV_ERR_GPU_IN_FULLCHIP_RESET) @ mem.c:180
IOCTL   4580453us req=0xc0104629 len=16    rc=0   head=0xc1d0000b
IOCTL   4593100us req=0xc0104629 len=16    rc=0   head=0xc1d0000b

═══ DL ARM DEFER(the-question) (slot 1) ═══
info  DL plan            = guard 0x0000006200000000  V 0x0000006200010000  dst 0x0000006300000000  rings 0x0000005200000000/0x0000005240000000/0x0000005280000000
ok    DL geometry        = guard and V share ONE 0x200000 directory span (so they share a leaf page table by construction), and every address is under 0x0000010000000000
IOCTL   4706288us req=0xc020462b len=32    rc=0   head=0xc1d0000b
[   16.386272] NVRM: rpcRmApiAlloc_GSP: GspRmAlloc failed: hClient=0xc1d0000b; hParent=0xcafe0001; hObject=0xcafe0016; hClass=0x00000070; paramsSize=0x00000018; paramsStatus=0x00000000; status=0x00000056
IOCTL   4734779us req=0xc020462b len=32    rc=0   head=0xc1d0000b
ok    DL vaspace         = a FRESH address space for this arm alone
IOCTL   4755712us req=0xc020462b len=32    rc=0   head=0xc1d0000b
IOCTL   4770394us req=0xc020462b len=32    rc=0   head=0xc1d0000b
IOCTL   4785302us req=0xc020462b len=32    rc=0   head=0xc1d0000b
IOCTL   4841491us req=0xc038464e len=56    rc=0   head=0xc1d0000b
IOCTL   4976584us req=0xc038464e len=56    rc=0   head=0xc1d0000b
IOCTL   5051482us req=0xc038464e len=56    rc=0   head=0xc1d0000b
ok    DL objects         = guard 0x10000 @ 0x0000006200000000 magic 0x6a2d0289, data 0x200000 (mapping 0x10000) magic 0x0def0289, dst 0x10000 @ 0x0000006300000000 sentinel 0xdead0289
IOCTL   5067278us req=0xc0384627 len=56    rc=0   head=0xc1d0000b
IOCTL   5068057us req=0xc020462b len=32    rc=0   head=0xc1d0000b
IOCTL   5162382us req=0xc0404657 len=64    rc=0   head=0xc1d0000b
IOCTL   5166042us req=0xc020462b len=32    rc=0   head=0xc1d0000b
IOCTL   5191154us req=0xc020462b len=32    rc=0   head=0xc1d0000b
IOCTL   5192214us req=0xc020462a len=32    rc=0   head=0xc1d0000b
IOCTL   5193202us req=0xc020462a len=32    rc=0   head=0xc1d0000b
IOCTL   5245340us req=0xc038464e len=56    rc=0   head=0xc1d0000b
IOCTL   5246366us req=0xc020462a len=32    rc=0   head=0xc1d0000b
IOCTL   5254194us req=0xc0384627 len=56    rc=0   head=0xc1d0000b
IOCTL   5254886us req=0xc020462b len=32    rc=0   head=0xc1d0000b
IOCTL   5316505us req=0xc0404657 len=64    rc=0   head=0xc1d0000b
IOCTL   5318621us req=0xc020462b len=32    rc=0   head=0xc1d0000b
IOCTL   5346195us req=0xc020462b len=32    rc=0   head=0xc1d0000b
IOCTL   5347209us req=0xc020462a len=32    rc=0   head=0xc1d0000b
IOCTL   5348047us req=0xc020462a len=32    rc=0   head=0xc1d0000b
IOCTL   5392872us req=0xc038464e len=56    rc=0   head=0xc1d0000b
IOCTL   5393916us req=0xc020462a len=32    rc=0   head=0xc1d0000b
IOCTL   5402131us req=0xc0384627 len=56    rc=0   head=0xc1d0000b
IOCTL   5402791us req=0xc020462b len=32    rc=0   head=0xc1d0000b
IOCTL   5464324us req=0xc0404657 len=64    rc=0   head=0xc1d0000b
IOCTL   5466634us req=0xc020462b len=32    rc=0   head=0xc1d0000b
IOCTL   5492144us req=0xc020462b len=32    rc=0   head=0xc1d0000b
IOCTL   5493149us req=0xc020462a len=32    rc=0   head=0xc1d0000b
IOCTL   5493996us req=0xc020462a len=32    rc=0   head=0xc1d0000b
IOCTL   5539951us req=0xc038464e len=56    rc=0   head=0xc1d0000b
IOCTL   5540948us req=0xc020462a len=32    rc=0   head=0xc1d0000b
ok    DL channels        = 3 built BEFORE the prime (prime/test/rescue), rings at 0x0000005200000000 0x0000005240000000 0x0000005280000000 — ⊘ none is created after it, because a channel's own ctx-buffer maps each end in an invalidate
IOCTL   5541993us req=0xc020462a len=32    rc=0   head=0xc1d0000b
info  DL PDE before guard= PDE_COVERS @ 0x0000006200010000 — ★ expect PDE_ABSENT: it is what makes the guard, and not something else, the thing that instantiated the leaf table
IOCTL   5611505us req=0xc0404657 len=64    rc=0   head=0xc1d0000b
ok    DL guard map       = 0x10000 @ 0x0000006200000000, page-size flag 4KB — HELD for the whole arm
IOCTL   5678750us req=0xc0404657 len=64    rc=0   head=0xc1d0000b
ok    DL dst map         = 0x10000 @ 0x0000006300000000
IOCTL   5679488us req=0xc020462a len=32    rc=0   head=0xc1d0000b
★     DL PDE before map  = PDE_COVERS @ 0x0000006200010000 — the leaf table EXISTS, so step 6 writes a leaf PTE and allocates no level
FAULT_MARK=defer_liveness_prime arm=DEFER(the-question) va=0x0000006200010000 ⚠ THE HOST dmesg WILL CARRY AN Xid 31 FOR THIS CHANNEL AND IT IS THE POINT
IOCTL   5689593us req=0xc038464e len=56    rc=0   head=0xc1d0000b
kayfabe-isolate: DOORBELL-STORE #2 host_token=0x00000003 runlist=0 chid=3 → storing 32 bits at USERMODE_NOTIFY_CHANNEL_PENDING=0x90 in the mapped usermode window
kayfabe-isolate: DOORBELL-STORE #2 host_token=0x00000003 ★★★ WROTE — the store instruction executed
IOCTL   5727432us req=0xc038464e len=56    rc=0   head=0xc1d0000b
IOCTL   5736596us req=0xc038464e len=56    rc=0   head=0xc1d0000b
IOCTL   5740286us req=0xc038464e len=56    rc=0   head=0xc1d0000b
IOCTL   5744184us req=0xc038464e len=56    rc=0   head=0xc1d0000b
IOCTL   5748134us req=0xc038464e len=56    rc=0   head=0xc1d0000b
IOCTL   5751754us req=0xc038464e len=56    rc=0   head=0xc1d0000b
IOCTL   5755372us req=0xc038464e len=56    rc=0   head=0xc1d0000b
IOCTL   5758962us req=0xc038464e len=56    rc=0   head=0xc1d0000b
IOCTL   5762533us req=0xc038464e len=56    rc=0   head=0xc1d0000b
IOCTL   5771163us req=0xc038464e len=56    rc=0   head=0xc1d0000b
IOCTL   5774758us req=0xc038464e len=56    rc=0   head=0xc1d0000b
IOCTL   5778364us req=0xc038464e len=56    rc=0   head=0xc1d0000b
IOCTL   5781970us req=0xc038464e len=56    rc=0   head=0xc1d0000b
IOCTL   5785889us req=0xc038464e len=56    rc=0   head=0xc1d0000b
IOCTL   5789517us req=0xc038464e len=56    rc=0   head=0xc1d0000b
IOCTL   5798049us req=0xc038464e len=56    rc=0   head=0xc1d0000b
IOCTL   5801591us req=0xc038464e len=56    rc=0   head=0xc1d0000b
IOCTL   5808409us req=0xc038464e len=56    rc=0   head=0xc1d0000b
IOCTL   5812257us req=0xc038464e len=56    rc=0   head=0xc1d0000b
IOCTL   5816258us req=0xc038464e len=56    rc=0   head=0xc1d0000b
IOCTL   5820044us req=0xc038464e len=56    rc=0   head=0xc1d0000b
IOCTL   5823995us req=0xc038464e len=56    rc=0   head=0xc1d0000b
IOCTL   5827764us req=0xc038464e len=56    rc=0   head=0xc1d0000b
IOCTL   5834421us req=0xc038464e len=56    rc=0   head=0xc1d0000b
IOCTL   5838011us req=0xc038464e len=56    rc=0   head=0xc1d0000b
IOCTL   5842011us req=0xc038464e len=56    rc=0   head=0xc1d0000b
IOCTL   5845978us req=0xc038464e len=56    rc=0   head=0xc1d0000b
IOCTL   5849961us req=0xc038464e len=56    rc=0   head=0xc1d0000b
IOCTL   5854091us req=0xc038464e len=56    rc=0   head=0xc1d0000b
IOCTL   5858019us req=0xc038464e len=56    rc=0   head=0xc1d0000b
IOCTL   5862014us req=0xc038464e len=56    rc=0   head=0xc1d0000b
IOCTL   5865969us req=0xc038464e len=56    rc=0   head=0xc1d0000b
IOCTL   5869958us req=0xc038464e len=56    rc=0   head=0xc1d0000b
IOCTL   5873556us req=0xc038464e len=56    rc=0   head=0xc1d0000b
IOCTL   5883062us req=0xc038464e len=56    rc=0   head=0xc1d0000b
IOCTL   5886982us req=0xc038464e len=56    rc=0   head=0xc1d0000b
IOCTL   5890608us req=0xc038464e len=56    rc=0   head=0xc1d0000b
IOCTL   5897955us req=0xc038464e len=56    rc=0   head=0xc1d0000b
IOCTL   5901925us req=0xc038464e len=56    rc=0   head=0xc1d0000b
IOCTL   5905741us req=0xc038464e len=56    rc=0   head=0xc1d0000b
IOCTL   5912956us req=0xc038464e len=56    rc=0   head=0xc1d0000b
IOCTL   5916567us req=0xc038464e len=56    rc=0   head=0xc1d0000b
IOCTL   5923937us req=0xc038464e len=56    rc=0   head=0xc1d0000b
IOCTL   5927551us req=0xc038464e len=56    rc=0   head=0xc1d0000b
IOCTL   5935761us req=0xc038464e len=56    rc=0   head=0xc1d0000b
IOCTL   5939518us req=0xc038464e len=56    rc=0   head=0xc1d0000b
IOCTL   5947021us req=0xc038464e len=56    rc=0   head=0xc1d0000b
IOCTL   5950786us req=0xc038464e len=56    rc=0   head=0xc1d0000b
IOCTL   5954932us req=0xc038464e len=56    rc=0   head=0xc1d0000b
IOCTL   5959205us req=0xc038464e len=56    rc=0   head=0xc1d0000b
IOCTL   5966512us req=0xc038464e len=56    rc=0   head=0xc1d0000b
IOCTL   5970259us req=0xc038464e len=56    rc=0   head=0xc1d0000b
IOCTL   5974043us req=0xc038464e len=56    rc=0   head=0xc1d0000b
IOCTL   5978126us req=0xc038464e len=56    rc=0   head=0xc1d0000b
IOCTL   5982096us req=0xc038464e len=56    rc=0   head=0xc1d0000b
IOCTL   5986157us req=0xc038464e len=56    rc=0   head=0xc1d0000b
IOCTL   5989840us req=0xc038464e len=56    rc=0   head=0xc1d0000b
IOCTL   5993457us req=0xc038464e len=56    rc=0   head=0xc1d0000b
IOCTL   5997046us req=0xc038464e len=56    rc=0   head=0xc1d0000b
IOCTL   6000884us req=0xc038464e len=56    rc=0   head=0xc1d0000b
IOCTL   6004753us req=0xc038464e len=56    rc=0   head=0xc1d0000b
IOCTL   6013888us req=0xc038464e len=56    rc=0   head=0xc1d0000b
IOCTL   6017509us req=0xc038464e len=56    rc=0   head=0xc1d0000b
IOCTL   6025351us req=0xc038464e len=56    rc=0   head=0xc1d0000b
IOCTL   6029084us req=0xc038464e len=56    rc=0   head=0xc1d0000b
IOCTL   6037357us req=0xc038464e len=56    rc=0   head=0xc1d0000b
IOCTL   6041113us req=0xc038464e len=56    rc=0   head=0xc1d0000b
IOCTL   6046206us req=0xc038464e len=56    rc=0   head=0xc1d0000b
IOCTL   6052810us req=0xc038464e len=56    rc=0   head=0xc1d0000b
IOCTL   6056525us req=0xc038464e len=56    rc=0   head=0xc1d0000b
IOCTL   6063786us req=0xc038464e len=56    rc=0   head=0xc1d0000b
IOCTL   6067447us req=0xc038464e len=56    rc=0   head=0xc1d0000b
IOCTL   6077162us req=0xc038464e len=56    rc=0   head=0xc1d0000b
IOCTL   6080877us req=0xc038464e len=56    rc=0   head=0xc1d0000b
IOCTL   6085216us req=0xc038464e len=56    rc=0   head=0xc1d0000b
IOCTL   6093353us req=0xc038464e len=56    rc=0   head=0xc1d0000b
IOCTL   6097110us req=0xc038464e len=56    rc=0   head=0xc1d0000b
IOCTL   6105528us req=0xc038464e len=56    rc=0   head=0xc1d0000b
IOCTL   6109446us req=0xc038464e len=56    rc=0   head=0xc1d0000b
IOCTL   6117516us req=0xc038464e len=56    rc=0   head=0xc1d0000b
IOCTL   6121402us req=0xc038464e len=56    rc=0   head=0xc1d0000b
IOCTL   6126099us req=0xc038464e len=56    rc=0   head=0xc1d0000b
IOCTL   6133016us req=0xc038464e len=56    rc=0   head=0xc1d0000b
IOCTL   6136596us req=0xc038464e len=56    rc=0   head=0xc1d0000b
IOCTL   6144865us req=0xc038464e len=56    rc=0   head=0xc1d0000b
IOCTL   6148436us req=0xc038464e len=56    rc=0   head=0xc1d0000b
IOCTL   6156593us req=0xc038464e len=56    rc=0   head=0xc1d0000b
IOCTL   6160407us req=0xc038464e len=56    rc=0   head=0xc1d0000b
IOCTL   6164101us req=0xc038464e len=56    rc=0   head=0xc1d0000b
IOCTL   6171290us req=0xc038464e len=56    rc=0   head=0xc1d0000b
IOCTL   6174932us req=0xc038464e len=56    rc=0   head=0xc1d0000b
IOCTL   6178637us req=0xc038464e len=56    rc=0   head=0xc1d0000b
IOCTL   6182352us req=0xc038464e len=56    rc=0   head=0xc1d0000b
IOCTL   6185897us req=0xc038464e len=56    rc=0   head=0xc1d0000b
IOCTL   6189525us req=0xc038464e len=56    rc=0   head=0xc1d0000b
IOCTL   6197031us req=0xc038464e len=56    rc=0   head=0xc1d0000b
IOCTL   6200687us req=0xc038464e len=56    rc=0   head=0xc1d0000b
IOCTL   6204722us req=0xc038464e len=56    rc=0   head=0xc1d0000b
IOCTL   6208396us req=0xc038464e len=56    rc=0   head=0xc1d0000b
IOCTL   6211935us req=0xc038464e len=56    rc=0   head=0xc1d0000b
IOCTL   6215491us req=0xc038464e len=56    rc=0   head=0xc1d0000b
IOCTL   6219130us req=0xc038464e len=56    rc=0   head=0xc1d0000b
IOCTL   6222887us req=0xc038464e len=56    rc=0   head=0xc1d0000b
IOCTL   6226368us req=0xc038464e len=56    rc=0   head=0xc1d0000b
IOCTL   6229861us req=0xc038464e len=56    rc=0   head=0xc1d0000b
IOCTL   6233357us req=0xc038464e len=56    rc=0   head=0xc1d0000b
IOCTL   6237016us req=0xc038464e len=56    rc=0   head=0xc1d0000b
IOCTL   6242634us req=0xc038464e len=56    rc=0   head=0xc1d0000b
IOCTL   6251030us req=0xc038464e len=56    rc=0   head=0xc1d0000b
IOCTL   6254597us req=0xc038464e len=56    rc=0   head=0xc1d0000b
IOCTL   6262028us req=0xc038464e len=56    rc=0   head=0xc1d0000b
IOCTL   6265592us req=0xc038464e len=56    rc=0   head=0xc1d0000b
IOCTL   6272035us req=0xc038464e len=56    rc=0   head=0xc1d0000b
IOCTL   6275618us req=0xc038464e len=56    rc=0   head=0xc1d0000b
IOCTL   6283037us req=0xc038464e len=56    rc=0   head=0xc1d0000b
IOCTL   6286597us req=0xc038464e len=56    rc=0   head=0xc1d0000b
IOCTL   6293694us req=0xc038464e len=56    rc=0   head=0xc1d0000b
IOCTL   6297344us req=0xc038464e len=56    rc=0   head=0xc1d0000b
IOCTL   6301074us req=0xc038464e len=56    rc=0   head=0xc1d0000b
IOCTL   6304584us req=0xc038464e len=56    rc=0   head=0xc1d0000b
IOCTL   6308164us req=0xc038464e len=56    rc=0   head=0xc1d0000b
IOCTL   6311731us req=0xc038464e len=56    rc=0   head=0xc1d0000b
IOCTL   6315255us req=0xc038464e len=56    rc=0   head=0xc1d0000b
IOCTL   6324482us req=0xc038464e len=56    rc=0   head=0xc1d0000b
IOCTL   6327763us req=0xc038464e len=56    rc=0   head=0xc1d0000b
IOCTL   6331696us req=0xc038464e len=56    rc=0   head=0xc1d0000b
IOCTL   6335261us req=0xc038464e len=56    rc=0   head=0xc1d0000b
IOCTL   6338811us req=0xc038464e len=56    rc=0   head=0xc1d0000b
IOCTL   6342357us req=0xc038464e len=56    rc=0   head=0xc1d0000b
IOCTL   6346079us req=0xc038464e len=56    rc=0   head=0xc1d0000b
IOCTL   6353217us req=0xc038464e len=56    rc=0   head=0xc1d0000b
IOCTL   6356754us req=0xc038464e len=56    rc=0   head=0xc1d0000b
IOCTL   6360484us req=0xc038464e len=56    rc=0   head=0xc1d0000b
IOCTL   6364117us req=0xc038464e len=56    rc=0   head=0xc1d0000b
IOCTL   6372307us req=0xc038464e len=56    rc=0   head=0xc1d0000b
IOCTL   6375899us req=0xc038464e len=56    rc=0   head=0xc1d0000b
IOCTL   6379852us req=0xc038464e len=56    rc=0   head=0xc1d0000b
IOCTL   6383400us req=0xc038464e len=56    rc=0   head=0xc1d0000b
IOCTL   6386931us req=0xc038464e len=56    rc=0   head=0xc1d0000b
IOCTL   6390491us req=0xc038464e len=56    rc=0   head=0xc1d0000b
IOCTL   6394091us req=0xc038464e len=56    rc=0   head=0xc1d0000b
IOCTL   6403201us req=0xc038464e len=56    rc=0   head=0xc1d0000b
IOCTL   6406807us req=0xc038464e len=56    rc=0   head=0xc1d0000b
IOCTL   6410889us req=0xc038464e len=56    rc=0   head=0xc1d0000b
IOCTL   6414898us req=0xc038464e len=56    rc=0   head=0xc1d0000b
IOCTL   6421016us req=0xc038464e len=56    rc=0   head=0xc1d0000b
IOCTL   6427613us req=0xc038464e len=56    rc=0   head=0xc1d0000b
IOCTL   6431257us req=0xc038464e len=56    rc=0   head=0xc1d0000b
IOCTL   6435033us req=0xc038464e len=56    rc=0   head=0xc1d0000b
IOCTL   6438598us req=0xc038464e len=56    rc=0   head=0xc1d0000b
IOCTL   6444077us req=0xc038464e len=56    rc=0   head=0xc1d0000b
IOCTL   6447599us req=0xc038464e len=56    rc=0   head=0xc1d0000b
IOCTL   6452117us req=0xc038464e len=56    rc=0   head=0xc1d0000b
IOCTL   6455700us req=0xc038464e len=56    rc=0   head=0xc1d0000b
IOCTL   6458932us req=0xc038464e len=56    rc=0   head=0xc1d0000b
IOCTL   6462725us req=0xc038464e len=56    rc=0   head=0xc1d0000b
IOCTL   6466298us req=0xc038464e len=56    rc=0   head=0xc1d0000b
IOCTL   6469876us req=0xc038464e len=56    rc=0   head=0xc1d0000b
IOCTL   6473462us req=0xc038464e len=56    rc=0   head=0xc1d0000b
IOCTL   6482102us req=0xc038464e len=56    rc=0   head=0xc1d0000b
IOCTL   6485693us req=0xc038464e len=56    rc=0   head=0xc1d0000b
IOCTL   6489526us req=0xc038464e len=56    rc=0   head=0xc1d0000b
IOCTL   6493090us req=0xc038464e len=56    rc=0   head=0xc1d0000b
IOCTL   6500184us req=0xc038464e len=56    rc=0   head=0xc1d0000b
IOCTL   6503764us req=0xc038464e len=56    rc=0   head=0xc1d0000b
IOCTL   6507345us req=0xc038464e len=56    rc=0   head=0xc1d0000b
IOCTL   6510929us req=0xc038464e len=56    rc=0   head=0xc1d0000b
IOCTL   6514536us req=0xc038464e len=56    rc=0   head=0xc1d0000b
IOCTL   6518044us req=0xc038464e len=56    rc=0   head=0xc1d0000b
IOCTL   6521524us req=0xc038464e len=56    rc=0   head=0xc1d0000b
IOCTL   6529463us req=0xc038464e len=56    rc=0   head=0xc1d0000b
IOCTL   6533099us req=0xc038464e len=56    rc=0   head=0xc1d0000b
IOCTL   6536737us req=0xc038464e len=56    rc=0   head=0xc1d0000b
IOCTL   6540103us req=0xc038464e len=56    rc=0   head=0xc1d0000b
IOCTL   6543891us req=0xc038464e len=56    rc=0   head=0xc1d0000b
IOCTL   6547401us req=0xc038464e len=56    rc=0   head=0xc1d0000b
IOCTL   6551077us req=0xc038464e len=56    rc=0   head=0xc1d0000b
IOCTL   6554702us req=0xc038464e len=56    rc=0   head=0xc1d0000b
IOCTL   6559984us req=0xc038464e len=56    rc=0   head=0xc1d0000b
IOCTL   6563699us req=0xc038464e len=56    rc=0   head=0xc1d0000b
IOCTL   6567049us req=0xc038464e len=56    rc=0   head=0xc1d0000b
IOCTL   6570764us req=0xc038464e len=56    rc=0   head=0xc1d0000b
IOCTL   6574433us req=0xc038464e len=56    rc=0   head=0xc1d0000b
IOCTL   6581167us req=0xc038464e len=56    rc=0   head=0xc1d0000b
IOCTL   6584764us req=0xc038464e len=56    rc=0   head=0xc1d0000b
IOCTL   6588582us req=0xc038464e len=56    rc=0   head=0xc1d0000b
IOCTL   6592096us req=0xc038464e len=56    rc=0   head=0xc1d0000b
IOCTL   6595916us req=0xc038464e len=56    rc=0   head=0xc1d0000b
IOCTL   6604579us req=0xc038464e len=56    rc=0   head=0xc1d0000b
IOCTL   6608252us req=0xc038464e len=56    rc=0   head=0xc1d0000b
IOCTL   6616229us req=0xc038464e len=56    rc=0   head=0xc1d0000b
IOCTL   6619865us req=0xc038464e len=56    rc=0   head=0xc1d0000b
IOCTL   6623766us req=0xc038464e len=56    rc=0   head=0xc1d0000b
IOCTL   6627738us req=0xc038464e len=56    rc=0   head=0xc1d0000b
IOCTL   6635172us req=0xc038464e len=56    rc=0   head=0xc1d0000b
IOCTL   6638886us req=0xc038464e len=56    rc=0   head=0xc1d0000b
IOCTL   6642637us req=0xc038464e len=56    rc=0   head=0xc1d0000b
IOCTL   6649882us req=0xc038464e len=56    rc=0   head=0xc1d0000b
IOCTL   6653459us req=0xc038464e len=56    rc=0   head=0xc1d0000b
IOCTL   6661232us req=0xc038464e len=56    rc=0   head=0xc1d0000b
IOCTL   6664767us req=0xc038464e len=56    rc=0   head=0xc1d0000b
IOCTL   6668428us req=0xc038464e len=56    rc=0   head=0xc1d0000b
IOCTL   6671923us req=0xc038464e len=56    rc=0   head=0xc1d0000b
IOCTL   6675480us req=0xc038464e len=56    rc=0   head=0xc1d0000b
IOCTL   6679049us req=0xc038464e len=56    rc=0   head=0xc1d0000b
IOCTL   6687693us req=0xc038464e len=56    rc=0   head=0xc1d0000b
IOCTL   6691315us req=0xc038464e len=56    rc=0   head=0xc1d0000b
IOCTL   6699798us req=0xc038464e len=56    rc=0   head=0xc1d0000b
IOCTL   6703381us req=0xc038464e len=56    rc=0   head=0xc1d0000b
IOCTL   6706936us req=0xc038464e len=56    rc=0   head=0xc1d0000b
IOCTL   6710489us req=0xc038464e len=56    rc=0   head=0xc1d0000b
IOCTL   6715096us req=0xc038464e len=56    rc=0   head=0xc1d0000b
IOCTL   6718741us req=0xc038464e len=56    rc=0   head=0xc1d0000b
IOCTL   6722394us req=0xc038464e len=56    rc=0   head=0xc1d0000b
IOCTL   6726040us req=0xc038464e len=56    rc=0   head=0xc1d0000b
IOCTL   6731515us req=0xc038464e len=56    rc=0   head=0xc1d0000b
IOCTL   6735155us req=0xc038464e len=56    rc=0   head=0xc1d0000b
IOCTL   6738783us req=0xc038464e len=56    rc=0   head=0xc1d0000b
IOCTL   6742479us req=0xc038464e len=56    rc=0   head=0xc1d0000b
IOCTL   6749173us req=0xc038464e len=56    rc=0   head=0xc1d0000b
IOCTL   6752863us req=0xc038464e len=56    rc=0   head=0xc1d0000b
IOCTL   6756553us req=0xc038464e len=56    rc=0   head=0xc1d0000b
IOCTL   6760368us req=0xc038464e len=56    rc=0   head=0xc1d0000b
IOCTL   6767995us req=0xc038464e len=56    rc=0   head=0xc1d0000b
IOCTL   6771613us req=0xc038464e len=56    rc=0   head=0xc1d0000b
IOCTL   6780067us req=0xc038464e len=56    rc=0   head=0xc1d0000b
IOCTL   6783731us req=0xc038464e len=56    rc=0   head=0xc1d0000b
IOCTL   6790392us req=0xc038464e len=56    rc=0   head=0xc1d0000b
IOCTL   6794016us req=0xc038464e len=56    rc=0   head=0xc1d0000b
IOCTL   6797794us req=0xc038464e len=56    rc=0   head=0xc1d0000b
IOCTL   6801488us req=0xc038464e len=56    rc=0   head=0xc1d0000b
IOCTL   6810056us req=0xc038464e len=56    rc=0   head=0xc1d0000b
IOCTL   6813688us req=0xc038464e len=56    rc=0   head=0xc1d0000b
IOCTL   6817504us req=0xc038464e len=56    rc=0   head=0xc1d0000b
IOCTL   6821252us req=0xc038464e len=56    rc=0   head=0xc1d0000b
IOCTL   6825066us req=0xc038464e len=56    rc=0   head=0xc1d0000b
IOCTL   6828615us req=0xc038464e len=56    rc=0   head=0xc1d0000b
IOCTL   6836384us req=0xc038464e len=56    rc=0   head=0xc1d0000b
IOCTL   6840191us req=0xc038464e len=56    rc=0   head=0xc1d0000b
IOCTL   6844015us req=0xc038464e len=56    rc=0   head=0xc1d0000b
IOCTL   6847572us req=0xc038464e len=56    rc=0   head=0xc1d0000b
IOCTL   6855374us req=0xc038464e len=56    rc=0   head=0xc1d0000b
IOCTL   6859027us req=0xc038464e len=56    rc=0   head=0xc1d0000b
IOCTL   6862924us req=0xc038464e len=56    rc=0   head=0xc1d0000b
IOCTL   6866724us req=0xc038464e len=56    rc=0   head=0xc1d0000b
IOCTL   6870357us req=0xc038464e len=56    rc=0   head=0xc1d0000b
IOCTL   6873960us req=0xc038464e len=56    rc=0   head=0xc1d0000b
IOCTL   6877533us req=0xc038464e len=56    rc=0   head=0xc1d0000b
IOCTL   6883203us req=0xc038464e len=56    rc=0   head=0xc1d0000b
IOCTL   6886778us req=0xc038464e len=56    rc=0   head=0xc1d0000b
IOCTL   6893884us req=0xc038464e len=56    rc=0   head=0xc1d0000b
IOCTL   6897601us req=0xc038464e len=56    rc=0   head=0xc1d0000b
IOCTL   6905303us req=0xc038464e len=56    rc=0   head=0xc1d0000b
IOCTL   6908952us req=0xc038464e len=56    rc=0   head=0xc1d0000b
IOCTL   6912706us req=0xc038464e len=56    rc=0   head=0xc1d0000b
IOCTL   6921155us req=0xc038464e len=56    rc=0   head=0xc1d0000b
IOCTL   6924537us req=0xc038464e len=56    rc=0   head=0xc1d0000b
IOCTL   6932475us req=0xc038464e len=56    rc=0   head=0xc1d0000b
IOCTL   6936133us req=0xc038464e len=56    rc=0   head=0xc1d0000b
IOCTL   6939893us req=0xc038464e len=56    rc=0   head=0xc1d0000b
IOCTL   6943724us req=0xc038464e len=56    rc=0   head=0xc1d0000b
IOCTL   6949257us req=0xc038464e len=56    rc=0   head=0xc1d0000b
IOCTL   6952617us req=0xc038464e len=56    rc=0   head=0xc1d0000b
IOCTL   6961218us req=0xc038464e len=56    rc=0   head=0xc1d0000b
IOCTL   6964899us req=0xc038464e len=56    rc=0   head=0xc1d0000b
IOCTL   6968716us req=0xc038464e len=56    rc=0   head=0xc1d0000b
IOCTL   6975767us req=0xc038464e len=56    rc=0   head=0xc1d0000b
IOCTL   6979482us req=0xc038464e len=56    rc=0   head=0xc1d0000b
IOCTL   6987153us req=0xc038464e len=56    rc=0   head=0xc1d0000b
IOCTL   6990734us req=0xc038464e len=56    rc=0   head=0xc1d0000b
IOCTL   6994508us req=0xc038464e len=56    rc=0   head=0xc1d0000b
IOCTL   6998116us req=0xc038464e len=56    rc=0   head=0xc1d0000b
IOCTL   7001845us req=0xc038464e len=56    rc=0   head=0xc1d0000b
IOCTL   7005723us req=0xc038464e len=56    rc=0   head=0xc1d0000b
IOCTL   7009312us req=0xc038464e len=56    rc=0   head=0xc1d0000b
IOCTL   7018434us req=0xc038464e len=56    rc=0   head=0xc1d0000b
IOCTL   7022047us req=0xc038464e len=56    rc=0   head=0xc1d0000b
IOCTL   7025956us req=0xc038464e len=56    rc=0   head=0xc1d0000b
IOCTL   7030218us req=0xc038464e len=56    rc=0   head=0xc1d0000b
IOCTL   7033942us req=0xc038464e len=56    rc=0   head=0xc1d0000b
IOCTL   7038215us req=0xc038464e len=56    rc=0   head=0xc1d0000b
IOCTL   7049005us req=0xc038464e len=56    rc=0   head=0xc1d0000b
IOCTL   7052497us req=0xc038464e len=56    rc=0   head=0xc1d0000b
IOCTL   7060789us req=0xc038464e len=56    rc=0   head=0xc1d0000b
IOCTL   7064527us req=0xc038464e len=56    rc=0   head=0xc1d0000b
IOCTL   7072959us req=0xc038464e len=56    rc=0   head=0xc1d0000b
IOCTL   7076758us req=0xc038464e len=56    rc=0   head=0xc1d0000b
IOCTL   7080770us req=0xc038464e len=56    rc=0   head=0xc1d0000b
IOCTL   7084746us req=0xc038464e len=56    rc=0   head=0xc1d0000b
IOCTL   7088627us req=0xc038464e len=56    rc=0   head=0xc1d0000b
IOCTL   7097376us req=0xc038464e len=56    rc=0   head=0xc1d0000b
IOCTL   7101201us req=0xc038464e len=56    rc=0   head=0xc1d0000b
IOCTL   7108947us req=0xc038464e len=56    rc=0   head=0xc1d0000b
IOCTL   7112719us req=0xc038464e len=56    rc=0   head=0xc1d0000b
IOCTL   7116844us req=0xc038464e len=56    rc=0   head=0xc1d0000b
IOCTL   7120758us req=0xc038464e len=56    rc=0   head=0xc1d0000b
IOCTL   7124858us req=0xc038464e len=56    rc=0   head=0xc1d0000b
IOCTL   7128718us req=0xc038464e len=56    rc=0   head=0xc1d0000b
IOCTL   7135064us req=0xc038464e len=56    rc=0   head=0xc1d0000b
IOCTL   7138616us req=0xc038464e len=56    rc=0   head=0xc1d0000b
IOCTL   7146491us req=0xc038464e len=56    rc=0   head=0xc1d0000b
IOCTL   7150188us req=0xc038464e len=56    rc=0   head=0xc1d0000b
IOCTL   7153966us req=0xc038464e len=56    rc=0   head=0xc1d0000b
IOCTL   7157554us req=0xc038464e len=56    rc=0   head=0xc1d0000b
IOCTL   7161130us req=0xc038464e len=56    rc=0   head=0xc1d0000b
IOCTL   7164840us req=0xc038464e len=56    rc=0   head=0xc1d0000b
IOCTL   7171917us req=0xc038464e len=56    rc=0   head=0xc1d0000b
IOCTL   7175460us req=0xc038464e len=56    rc=0   head=0xc1d0000b
IOCTL   7182612us req=0xc038464e len=56    rc=0   head=0xc1d0000b
IOCTL   7186259us req=0xc038464e len=56    rc=0   head=0xc1d0000b
IOCTL   7190155us req=0xc038464e len=56    rc=0   head=0xc1d0000b
IOCTL   7193710us req=0xc038464e len=56    rc=0   head=0xc1d0000b
IOCTL   7197314us req=0xc038464e len=56    rc=0   head=0xc1d0000b
IOCTL   7206098us req=0xc038464e len=56    rc=0   head=0xc1d0000b
IOCTL   7209878us req=0xc038464e len=56    rc=0   head=0xc1d0000b
IOCTL   7213940us req=0xc038464e len=56    rc=0   head=0xc1d0000b
IOCTL   7218072us req=0xc038464e len=56    rc=0   head=0xc1d0000b
IOCTL   7221813us req=0xc038464e len=56    rc=0   head=0xc1d0000b
IOCTL   7225763us req=0xc038464e len=56    rc=0   head=0xc1d0000b
IOCTL   7229602us req=0xc038464e len=56    rc=0   head=0xc1d0000b
IOCTL   7237387us req=0xc038464e len=56    rc=0   head=0xc1d0000b
IOCTL   7241132us req=0xc038464e len=56    rc=0   head=0xc1d0000b
IOCTL   7245164us req=0xc038464e len=56    rc=0   head=0xc1d0000b
IOCTL   7251880us req=0xc038464e len=56    rc=0   head=0xc1d0000b
IOCTL   7255480us req=0xc038464e len=56    rc=0   head=0xc1d0000b
IOCTL   7262873us req=0xc038464e len=56    rc=0   head=0xc1d0000b
IOCTL   7266316us req=0xc038464e len=56    rc=0   head=0xc1d0000b
IOCTL   7274224us req=0xc038464e len=56    rc=0   head=0xc1d0000b
IOCTL   7277574us req=0xc038464e len=56    rc=0   head=0xc1d0000b
IOCTL   7284559us req=0xc038464e len=56    rc=0   head=0xc1d0000b
IOCTL   7288317us req=0xc038464e len=56    rc=0   head=0xc1d0000b
IOCTL   7292084us req=0xc038464e len=56    rc=0   head=0xc1d0000b
IOCTL   7295607us req=0xc038464e len=56    rc=0   head=0xc1d0000b
IOCTL   7300208us req=0xc038464e len=56    rc=0   head=0xc1d0000b
IOCTL   7307034us req=0xc038464e len=56    rc=0   head=0xc1d0000b
IOCTL   7310592us req=0xc038464e len=56    rc=0   head=0xc1d0000b
IOCTL   7317943us req=0xc038464e len=56    rc=0   head=0xc1d0000b
IOCTL   7321574us req=0xc038464e len=56    rc=0   head=0xc1d0000b
IOCTL   7329276us req=0xc038464e len=56    rc=0   head=0xc1d0000b
IOCTL   7332989us req=0xc038464e len=56    rc=0   head=0xc1d0000b
IOCTL   7336814us req=0xc038464e len=56    rc=0   head=0xc1d0000b
IOCTL   7340526us req=0xc038464e len=56    rc=0   head=0xc1d0000b
IOCTL   7349203us req=0xc038464e len=56    rc=0   head=0xc1d0000b
IOCTL   7353016us req=0xc038464e len=56    rc=0   head=0xc1d0000b
IOCTL   7356930us req=0xc038464e len=56    rc=0   head=0xc1d0000b
IOCTL   7360610us req=0xc038464e len=56    rc=0   head=0xc1d0000b
IOCTL   7367016us req=0xc038464e len=56    rc=0   head=0xc1d0000b
IOCTL   7370585us req=0xc038464e len=56    rc=0   head=0xc1d0000b
IOCTL   7377701us req=0xc038464e len=56    rc=0   head=0xc1d0000b
IOCTL   7381333us req=0xc038464e len=56    rc=0   head=0xc1d0000b
IOCTL   7388880us req=0xc038464e len=56    rc=0   head=0xc1d0000b
IOCTL   7392540us req=0xc038464e len=56    rc=0   head=0xc1d0000b
IOCTL   7399233us req=0xc038464e len=56    rc=0   head=0xc1d0000b
IOCTL   7402792us req=0xc038464e len=56    rc=0   head=0xc1d0000b
IOCTL   7406568us req=0xc038464e len=56    rc=0   head=0xc1d0000b
IOCTL   7410185us req=0xc038464e len=56    rc=0   head=0xc1d0000b
IOCTL   7413801us req=0xc038464e len=56    rc=0   head=0xc1d0000b
IOCTL   7417414us req=0xc038464e len=56    rc=0   head=0xc1d0000b
IOCTL   7421049us req=0xc038464e len=56    rc=0   head=0xc1d0000b
IOCTL   7424989us req=0xc038464e len=56    rc=0   head=0xc1d0000b
IOCTL   7428600us req=0xc038464e len=56    rc=0   head=0xc1d0000b
IOCTL   7432183us req=0xc038464e len=56    rc=0   head=0xc1d0000b
IOCTL   7435768us req=0xc038464e len=56    rc=0   head=0xc1d0000b
IOCTL   7444300us req=0xc038464e len=56    rc=0   head=0xc1d0000b
IOCTL   7448030us req=0xc038464e len=56    rc=0   head=0xc1d0000b
IOCTL   7451777us req=0xc038464e len=56    rc=0   head=0xc1d0000b
IOCTL   7455369us req=0xc038464e len=56    rc=0   head=0xc1d0000b
IOCTL   7458929us req=0xc038464e len=56    rc=0   head=0xc1d0000b
IOCTL   7462899us req=0xc038464e len=56    rc=0   head=0xc1d0000b
IOCTL   7466351us req=0xc038464e len=56    rc=0   head=0xc1d0000b
IOCTL   7470161us req=0xc038464e len=56    rc=0   head=0xc1d0000b
IOCTL   7473685us req=0xc038464e len=56    rc=0   head=0xc1d0000b
IOCTL   7477235us req=0xc038464e len=56    rc=0   head=0xc1d0000b
IOCTL   7480874us req=0xc038464e len=56    rc=0   head=0xc1d0000b
IOCTL   7484806us req=0xc038464e len=56    rc=0   head=0xc1d0000b
IOCTL   7493196us req=0xc038464e len=56    rc=0   head=0xc1d0000b
IOCTL   7496911us req=0xc038464e len=56    rc=0   head=0xc1d0000b
IOCTL   7500617us req=0xc038464e len=56    rc=0   head=0xc1d0000b
IOCTL   7507547us req=0xc038464e len=56    rc=0   head=0xc1d0000b
IOCTL   7511198us req=0xc038464e len=56    rc=0   head=0xc1d0000b
IOCTL   7514958us req=0xc038464e len=56    rc=0   head=0xc1d0000b
IOCTL   7518683us req=0xc038464e len=56    rc=0   head=0xc1d0000b
IOCTL   7522258us req=0xc038464e len=56    rc=0   head=0xc1d0000b
IOCTL   7525805us req=0xc038464e len=56    rc=0   head=0xc1d0000b
IOCTL   7529424us req=0xc038464e len=56    rc=0   head=0xc1d0000b
IOCTL   7533041us req=0xc038464e len=56    rc=0   head=0xc1d0000b
IOCTL   7536600us req=0xc038464e len=56    rc=0   head=0xc1d0000b
IOCTL   7545306us req=0xc038464e len=56    rc=0   head=0xc1d0000b
IOCTL   7548999us req=0xc038464e len=56    rc=0   head=0xc1d0000b
IOCTL   7552743us req=0xc038464e len=56    rc=0   head=0xc1d0000b
IOCTL   7556712us req=0xc038464e len=56    rc=0   head=0xc1d0000b
IOCTL   7561203us req=0xc038464e len=56    rc=0   head=0xc1d0000b
IOCTL   7568063us req=0xc038464e len=56    rc=0   head=0xc1d0000b
IOCTL   7571943us req=0xc038464e len=56    rc=0   head=0xc1d0000b
IOCTL   7575475us req=0xc038464e len=56    rc=0   head=0xc1d0000b
IOCTL   7579086us req=0xc038464e len=56    rc=0   head=0xc1d0000b
IOCTL   7582892us req=0xc038464e len=56    rc=0   head=0xc1d0000b
IOCTL   7586581us req=0xc038464e len=56    rc=0   head=0xc1d0000b
IOCTL   7594994us req=0xc038464e len=56    rc=0   head=0xc1d0000b
IOCTL   7598706us req=0xc038464e len=56    rc=0   head=0xc1d0000b
IOCTL   7602439us req=0xc038464e len=56    rc=0   head=0xc1d0000b
IOCTL   7609587us req=0xc038464e len=56    rc=0   head=0xc1d0000b
IOCTL   7613308us req=0xc038464e len=56    rc=0   head=0xc1d0000b
IOCTL   7617055us req=0xc038464e len=56    rc=0   head=0xc1d0000b
IOCTL   7620723us req=0xc038464e len=56    rc=0   head=0xc1d0000b
IOCTL   7624634us req=0xc038464e len=56    rc=0   head=0xc1d0000b
IOCTL   7633149us req=0xc038464e len=56    rc=0   head=0xc1d0000b
IOCTL   7636783us req=0xc038464e len=56    rc=0   head=0xc1d0000b
IOCTL   7640544us req=0xc038464e len=56    rc=0   head=0xc1d0000b
IOCTL   7648198us req=0xc038464e len=56    rc=0   head=0xc1d0000b
IOCTL   7651782us req=0xc038464e len=56    rc=0   head=0xc1d0000b
IOCTL   7655553us req=0xc038464e len=56    rc=0   head=0xc1d0000b
IOCTL   7659099us req=0xc038464e len=56    rc=0   head=0xc1d0000b
IOCTL   7663011us req=0xc038464e len=56    rc=0   head=0xc1d0000b
IOCTL   7666635us req=0xc038464e len=56    rc=0   head=0xc1d0000b
IOCTL   7674771us req=0xc038464e len=56    rc=0   head=0xc1d0000b
IOCTL   7678395us req=0xc038464e len=56    rc=0   head=0xc1d0000b
IOCTL   7686999us req=0xc038464e len=56    rc=0   head=0xc1d0000b
IOCTL   7690580us req=0xc038464e len=56    rc=0   head=0xc1d0000b
IOCTL   7698775us req=0xc038464e len=56    rc=0   head=0xc1d0000b
IOCTL   7702355us req=0xc038464e len=56    rc=0   head=0xc1d0000b
IOCTL   7706096us req=0xc038464e len=56    rc=0   head=0xc1d0000b
IOCTL   7709713us req=0xc038464e len=56    rc=0   head=0xc1d0000b
IOCTL   7715266us req=0xc038464e len=56    rc=0   head=0xc1d0000b
IOCTL   7718929us req=0xc038464e len=56    rc=0   head=0xc1d0000b
IOCTL   7723100us req=0xc038464e len=56    rc=0   head=0xc1d0000b
IOCTL   7726797us req=0xc038464e len=56    rc=0   head=0xc1d0000b
IOCTL   7730408us req=0xc038464e len=56    rc=0   head=0xc1d0000b
IOCTL   7734026us req=0xc038464e len=56    rc=0   head=0xc1d0000b
IOCTL   7737591us req=0xc038464e len=56    rc=0   head=0xc1d0000b
IOCTL   7745851us req=0xc038464e len=56    rc=0   head=0xc1d0000b
IOCTL   7749547us req=0xc038464e len=56    rc=0   head=0xc1d0000b
IOCTL   7757373us req=0xc038464e len=56    rc=0   head=0xc1d0000b
IOCTL   7761024us req=0xc038464e len=56    rc=0   head=0xc1d0000b
IOCTL   7764923us req=0xc038464e len=56    rc=0   head=0xc1d0000b
IOCTL   7768604us req=0xc038464e len=56    rc=0   head=0xc1d0000b
IOCTL   7776272us req=0xc038464e len=56    rc=0   head=0xc1d0000b
IOCTL   7780001us req=0xc038464e len=56    rc=0   head=0xc1d0000b
IOCTL   7783763us req=0xc038464e len=56    rc=0   head=0xc1d0000b
IOCTL   7791133us req=0xc038464e len=56    rc=0   head=0xc1d0000b
IOCTL   7795153us req=0xc038464e len=56    rc=0   head=0xc1d0000b
IOCTL   7803887us req=0xc038464e len=56    rc=0   head=0xc1d0000b
IOCTL   7807475us req=0xc038464e len=56    rc=0   head=0xc1d0000b
IOCTL   7815471us req=0xc038464e len=56    rc=0   head=0xc1d0000b
IOCTL   7819262us req=0xc038464e len=56    rc=0   head=0xc1d0000b
IOCTL   7825239us req=0xc038464e len=56    rc=0   head=0xc1d0000b
IOCTL   7828894us req=0xc038464e len=56    rc=0   head=0xc1d0000b
IOCTL   7832707us req=0xc038464e len=56    rc=0   head=0xc1d0000b
IOCTL   7836365us req=0xc038464e len=56    rc=0   head=0xc1d0000b
IOCTL   7840262us req=0xc038464e len=56    rc=0   head=0xc1d0000b
IOCTL   7843904us req=0xc038464e len=56    rc=0   head=0xc1d0000b
IOCTL   7851865us req=0xc038464e len=56    rc=0   head=0xc1d0000b
IOCTL   7855430us req=0xc038464e len=56    rc=0   head=0xc1d0000b
IOCTL   7860209us req=0xc038464e len=56    rc=0   head=0xc1d0000b
IOCTL   7863775us req=0xc038464e len=56    rc=0   head=0xc1d0000b
IOCTL   7867446us req=0xc038464e len=56    rc=0   head=0xc1d0000b
IOCTL   7871404us req=0xc038464e len=56    rc=0   head=0xc1d0000b
IOCTL   7878781us req=0xc038464e len=56    rc=0   head=0xc1d0000b
IOCTL   7882388us req=0xc038464e len=56    rc=0   head=0xc1d0000b
IOCTL   7889874us req=0xc038464e len=56    rc=0   head=0xc1d0000b
IOCTL   7893479us req=0xc038464e len=56    rc=0   head=0xc1d0000b
IOCTL   7900850us req=0xc038464e len=56    rc=0   head=0xc1d0000b
IOCTL   7904484us req=0xc038464e len=56    rc=0   head=0xc1d0000b
IOCTL   7912872us req=0xc038464e len=56    rc=0   head=0xc1d0000b
IOCTL   7916480us req=0xc038464e len=56    rc=0   head=0xc1d0000b
IOCTL   7924125us req=0xc038464e len=56    rc=0   head=0xc1d0000b
IOCTL   7927436us req=0xc038464e len=56    rc=0   head=0xc1d0000b
IOCTL   7935773us req=0xc038464e len=56    rc=0   head=0xc1d0000b
IOCTL   7939464us req=0xc038464e len=56    rc=0   head=0xc1d0000b
IOCTL   7947322us req=0xc038464e len=56    rc=0   head=0xc1d0000b
IOCTL   7950935us req=0xc038464e len=56    rc=0   head=0xc1d0000b
IOCTL   7954717us req=0xc038464e len=56    rc=0   head=0xc1d0000b
IOCTL   7958336us req=0xc038464e len=56    rc=0   head=0xc1d0000b
IOCTL   7961904us req=0xc038464e len=56    rc=0   head=0xc1d0000b
IOCTL   7965441us req=0xc038464e len=56    rc=0   head=0xc1d0000b
IOCTL   7969022us req=0xc038464e len=56    rc=0   head=0xc1d0000b
IOCTL   7976801us req=0xc038464e len=56    rc=0   head=0xc1d0000b
IOCTL   7980470us req=0xc038464e len=56    rc=0   head=0xc1d0000b
IOCTL   7988306us req=0xc038464e len=56    rc=0   head=0xc1d0000b
IOCTL   7991927us req=0xc038464e len=56    rc=0   head=0xc1d0000b
IOCTL   7995612us req=0xc038464e len=56    rc=0   head=0xc1d0000b
IOCTL   8000222us req=0xc038464e len=56    rc=0   head=0xc1d0000b
IOCTL   8003868us req=0xc038464e len=56    rc=0   head=0xc1d0000b
IOCTL   8007117us req=0xc038464e len=56    rc=0   head=0xc1d0000b
IOCTL   8010681us req=0xc038464e len=56    rc=0   head=0xc1d0000b
IOCTL   8014550us req=0xc038464e len=56    rc=0   head=0xc1d0000b
IOCTL   8021971us req=0xc038464e len=56    rc=0   head=0xc1d0000b
IOCTL   8025701us req=0xc038464e len=56    rc=0   head=0xc1d0000b
IOCTL   8029880us req=0xc038464e len=56    rc=0   head=0xc1d0000b
IOCTL   8034167us req=0xc038464e len=56    rc=0   head=0xc1d0000b
IOCTL   8040735us req=0xc038464e len=56    rc=0   head=0xc1d0000b
IOCTL   8044536us req=0xc038464e len=56    rc=0   head=0xc1d0000b
IOCTL   8053325us req=0xc038464e len=56    rc=0   head=0xc1d0000b
IOCTL   8057052us req=0xc038464e len=56    rc=0   head=0xc1d0000b
IOCTL   8065530us req=0xc038464e len=56    rc=0   head=0xc1d0000b
IOCTL   8069615us req=0xc038464e len=56    rc=0   head=0xc1d0000b
IOCTL   8079962us req=0xc038464e len=56    rc=0   head=0xc1d0000b
IOCTL   8083727us req=0xc038464e len=56    rc=0   head=0xc1d0000b
IOCTL   8087883us req=0xc038464e len=56    rc=0   head=0xc1d0000b
IOCTL   8095289us req=0xc038464e len=56    rc=0   head=0xc1d0000b
IOCTL   8099011us req=0xc038464e len=56    rc=0   head=0xc1d0000b
IOCTL   8107722us req=0xc038464e len=56    rc=0   head=0xc1d0000b
IOCTL   8111421us req=0xc038464e len=56    rc=0   head=0xc1d0000b
IOCTL   8119417us req=0xc038464e len=56    rc=0   head=0xc1d0000b
IOCTL   8123088us req=0xc038464e len=56    rc=0   head=0xc1d0000b
IOCTL   8126813us req=0xc038464e len=56    rc=0   head=0xc1d0000b
IOCTL   8131075us req=0xc038464e len=56    rc=0   head=0xc1d0000b
IOCTL   8134757us req=0xc038464e len=56    rc=0   head=0xc1d0000b
IOCTL   8138401us req=0xc038464e len=56    rc=0   head=0xc1d0000b
IOCTL   8141974us req=0xc038464e len=56    rc=0   head=0xc1d0000b
IOCTL   8145869us req=0xc038464e len=56    rc=0   head=0xc1d0000b
IOCTL   8149460us req=0xc038464e len=56    rc=0   head=0xc1d0000b
IOCTL   8158514us req=0xc038464e len=56    rc=0   head=0xc1d0000b
IOCTL   8162120us req=0xc038464e len=56    rc=0   head=0xc1d0000b
IOCTL   8165896us req=0xc038464e len=56    rc=0   head=0xc1d0000b
IOCTL   8169628us req=0xc038464e len=56    rc=0   head=0xc1d0000b
IOCTL   8178143us req=0xc038464e len=56    rc=0   head=0xc1d0000b
IOCTL   8181721us req=0xc038464e len=56    rc=0   head=0xc1d0000b
IOCTL   8185637us req=0xc038464e len=56    rc=0   head=0xc1d0000b
IOCTL   8189305us req=0xc038464e len=56    rc=0   head=0xc1d0000b
IOCTL   8192858us req=0xc038464e len=56    rc=0   head=0xc1d0000b
IOCTL   8196725us req=0xc038464e len=56    rc=0   head=0xc1d0000b
IOCTL   8205542us req=0xc038464e len=56    rc=0   head=0xc1d0000b
IOCTL   8209289us req=0xc038464e len=56    rc=0   head=0xc1d0000b
IOCTL   8213150us req=0xc038464e len=56    rc=0   head=0xc1d0000b
IOCTL   8216904us req=0xc038464e len=56    rc=0   head=0xc1d0000b
IOCTL   8220627us req=0xc038464e len=56    rc=0   head=0xc1d0000b
IOCTL   8227539us req=0xc038464e len=56    rc=0   head=0xc1d0000b
IOCTL   8231203us req=0xc038464e len=56    rc=0   head=0xc1d0000b
IOCTL   8235038us req=0xc038464e len=56    rc=0   head=0xc1d0000b
IOCTL   8238705us req=0xc038464e len=56    rc=0   head=0xc1d0000b
IOCTL   8242285us req=0xc038464e len=56    rc=0   head=0xc1d0000b
IOCTL   8245925us req=0xc038464e len=56    rc=0   head=0xc1d0000b
IOCTL   8249526us req=0xc038464e len=56    rc=0   head=0xc1d0000b
IOCTL   8253096us req=0xc038464e len=56    rc=0   head=0xc1d0000b
IOCTL   8256703us req=0xc038464e len=56    rc=0   head=0xc1d0000b
IOCTL   8266112us req=0xc038464e len=56    rc=0   head=0xc1d0000b
IOCTL   8269785us req=0xc038464e len=56    rc=0   head=0xc1d0000b
IOCTL   8273591us req=0xc038464e len=56    rc=0   head=0xc1d0000b
IOCTL   8279113us req=0xc038464e len=56    rc=0   head=0xc1d0000b
IOCTL   8282717us req=0xc038464e len=56    rc=0   head=0xc1d0000b
IOCTL   8286460us req=0xc038464e len=56    rc=0   head=0xc1d0000b
IOCTL   8290191us req=0xc038464e len=56    rc=0   head=0xc1d0000b
IOCTL   8293720us req=0xc038464e len=56    rc=0   head=0xc1d0000b
IOCTL   8300422us req=0xc038464e len=56    rc=0   head=0xc1d0000b
IOCTL   8304099us req=0xc038464e len=56    rc=0   head=0xc1d0000b
IOCTL   8307928us req=0xc038464e len=56    rc=0   head=0xc1d0000b
IOCTL   8314553us req=0xc038464e len=56    rc=0   head=0xc1d0000b
IOCTL   8318210us req=0xc038464e len=56    rc=0   head=0xc1d0000b
IOCTL   8321812us req=0xc038464e len=56    rc=0   head=0xc1d0000b
IOCTL   8325485us req=0xc038464e len=56    rc=0   head=0xc1d0000b
IOCTL   8329154us req=0xc038464e len=56    rc=0   head=0xc1d0000b
IOCTL   8332751us req=0xc038464e len=56    rc=0   head=0xc1d0000b
IOCTL   8336371us req=0xc038464e len=56    rc=0   head=0xc1d0000b
IOCTL   8345260us req=0xc038464e len=56    rc=0   head=0xc1d0000b
IOCTL   8348868us req=0xc038464e len=56    rc=0   head=0xc1d0000b
IOCTL   8352640us req=0xc038464e len=56    rc=0   head=0xc1d0000b
IOCTL   8356313us req=0xc038464e len=56    rc=0   head=0xc1d0000b
IOCTL   8359885us req=0xc038464e len=56    rc=0   head=0xc1d0000b
IOCTL   8363605us req=0xc038464e len=56    rc=0   head=0xc1d0000b
IOCTL   8368125us req=0xc038464e len=56    rc=0   head=0xc1d0000b
IOCTL   8371593us req=0xc038464e len=56    rc=0   head=0xc1d0000b
IOCTL   8378963us req=0xc038464e len=56    rc=0   head=0xc1d0000b
IOCTL   8382517us req=0xc038464e len=56    rc=0   head=0xc1d0000b
IOCTL   8389483us req=0xc038464e len=56    rc=0   head=0xc1d0000b
IOCTL   8393217us req=0xc038464e len=56    rc=0   head=0xc1d0000b
IOCTL   8396921us req=0xc038464e len=56    rc=0   head=0xc1d0000b
IOCTL   8400502us req=0xc038464e len=56    rc=0   head=0xc1d0000b
IOCTL   8408487us req=0xc038464e len=56    rc=0   head=0xc1d0000b
IOCTL   8412162us req=0xc038464e len=56    rc=0   head=0xc1d0000b
IOCTL   8416040us req=0xc038464e len=56    rc=0   head=0xc1d0000b
IOCTL   8423158us req=0xc038464e len=56    rc=0   head=0xc1d0000b
IOCTL   8426770us req=0xc038464e len=56    rc=0   head=0xc1d0000b
IOCTL   8430585us req=0xc038464e len=56    rc=0   head=0xc1d0000b
IOCTL   8437968us req=0xc038464e len=56    rc=0   head=0xc1d0000b
IOCTL   8441524us req=0xc038464e len=56    rc=0   head=0xc1d0000b
IOCTL   8449606us req=0xc038464e len=56    rc=0   head=0xc1d0000b
IOCTL   8453293us req=0xc038464e len=56    rc=0   head=0xc1d0000b
IOCTL   8457107us req=0xc038464e len=56    rc=0   head=0xc1d0000b
IOCTL   8465000us req=0xc038464e len=56    rc=0   head=0xc1d0000b
IOCTL   8468598us req=0xc038464e len=56    rc=0   head=0xc1d0000b
IOCTL   8475691us req=0xc038464e len=56    rc=0   head=0xc1d0000b
IOCTL   8479386us req=0xc038464e len=56    rc=0   head=0xc1d0000b
IOCTL   8487160us req=0xc038464e len=56    rc=0   head=0xc1d0000b
IOCTL   8490521us req=0xc038464e len=56    rc=0   head=0xc1d0000b
IOCTL   8497873us req=0xc038464e len=56    rc=0   head=0xc1d0000b
IOCTL   8501433us req=0xc038464e len=56    rc=0   head=0xc1d0000b
IOCTL   8508945us req=0xc038464e len=56    rc=0   head=0xc1d0000b
IOCTL   8512548us req=0xc038464e len=56    rc=0   head=0xc1d0000b
IOCTL   8521010us req=0xc038464e len=56    rc=0   head=0xc1d0000b
IOCTL   8524394us req=0xc038464e len=56    rc=0   head=0xc1d0000b
IOCTL   8532024us req=0xc038464e len=56    rc=0   head=0xc1d0000b
IOCTL   8535573us req=0xc038464e len=56    rc=0   head=0xc1d0000b
IOCTL   8543890us req=0xc038464e len=56    rc=0   head=0xc1d0000b
IOCTL   8547438us req=0xc038464e len=56    rc=0   head=0xc1d0000b
IOCTL   8554994us req=0xc038464e len=56    rc=0   head=0xc1d0000b
IOCTL   8558600us req=0xc038464e len=56    rc=0   head=0xc1d0000b
IOCTL   8565994us req=0xc038464e len=56    rc=0   head=0xc1d0000b
IOCTL   8569792us req=0xc038464e len=56    rc=0   head=0xc1d0000b
IOCTL   8573519us req=0xc038464e len=56    rc=0   head=0xc1d0000b
IOCTL   8577125us req=0xc038464e len=56    rc=0   head=0xc1d0000b
IOCTL   8580949us req=0xc038464e len=56    rc=0   head=0xc1d0000b
IOCTL   8584701us req=0xc038464e len=56    rc=0   head=0xc1d0000b
IOCTL   8592699us req=0xc038464e len=56    rc=0   head=0xc1d0000b
IOCTL   8596420us req=0xc038464e len=56    rc=0   head=0xc1d0000b
IOCTL   8604342us req=0xc038464e len=56    rc=0   head=0xc1d0000b
IOCTL   8608012us req=0xc038464e len=56    rc=0   head=0xc1d0000b
IOCTL   8611787us req=0xc038464e len=56    rc=0   head=0xc1d0000b
IOCTL   8615620us req=0xc038464e len=56    rc=0   head=0xc1d0000b
IOCTL   8623092us req=0xc038464e len=56    rc=0   head=0xc1d0000b
IOCTL   8626739us req=0xc038464e len=56    rc=0   head=0xc1d0000b
IOCTL   8630499us req=0xc038464e len=56    rc=0   head=0xc1d0000b
IOCTL   8638083us req=0xc038464e len=56    rc=0   head=0xc1d0000b
IOCTL   8641808us req=0xc038464e len=56    rc=0   head=0xc1d0000b
IOCTL   8645586us req=0xc038464e len=56    rc=0   head=0xc1d0000b
IOCTL   8653061us req=0xc038464e len=56    rc=0   head=0xc1d0000b
IOCTL   8656697us req=0xc038464e len=56    rc=0   head=0xc1d0000b
IOCTL   8660596us req=0xc038464e len=56    rc=0   head=0xc1d0000b
IOCTL   8668580us req=0xc038464e len=56    rc=0   head=0xc1d0000b
IOCTL   8672184us req=0xc038464e len=56    rc=0   head=0xc1d0000b
IOCTL   8675993us req=0xc038464e len=56    rc=0   head=0xc1d0000b
IOCTL   8679799us req=0xc038464e len=56    rc=0   head=0xc1d0000b
IOCTL   8683479us req=0xc038464e len=56    rc=0   head=0xc1d0000b
IOCTL   8692006us req=0xc038464e len=56    rc=0   head=0xc1d0000b
IOCTL   8695345us req=0xc038464e len=56    rc=0   head=0xc1d0000b
IOCTL   8702551us req=0xc038464e len=56    rc=0   head=0xc1d0000b
IOCTL   8706073us req=0xc038464e len=56    rc=0   head=0xc1d0000b
IOCTL   8710072us req=0xc038464e len=56    rc=0   head=0xc1d0000b
IOCTL   8713853us req=0xc038464e len=56    rc=0   head=0xc1d0000b
IOCTL   8717426us req=0xc038464e len=56    rc=0   head=0xc1d0000b
IOCTL   8725162us req=0xc038464e len=56    rc=0   head=0xc1d0000b
IOCTL   8729092us req=0xc038464e len=56    rc=0   head=0xc1d0000b
info  DL prime copy      = Dead { saw: 3735880329 }
IOCTL   8731769us req=0xc038464e len=56    rc=0   head=0xc1d0000b
info  DL prime notifier  = fired=false status=0x0000 except_type=0x0 engine=0x0000
PRIME_DID_NOT_FAULT arm=DEFER(the-question) va=0x0000006200010000 retire=NOT-RETIRED(sem still 0) — ⊘ the MMU is not known to have walked the address under test, so the final copy would be testing FIRST FILL and not eviction. NO VERDICT IS REPORTED FOR THIS ARM
IOCTL   8762045us req=0xc0304658 len=48    rc=0   head=0xc1d0000b
IOCTL   8762747us req=0xc0304658 len=48    rc=0   head=0xc1d0000b
IOCTL   8785050us req=0xc0304658 len=48    rc=0   head=0xc1d0000b
IOCTL   8786549us req=0xc0104629 len=16    rc=0   head=0xc1d0000b
IOCTL   8816261us req=0xc0304658 len=48    rc=0   head=0xc1d0000b
IOCTL   8818990us req=0xc0104629 len=16    rc=0   head=0xc1d0000b
IOCTL   8861473us req=0xc0104629 len=16    rc=0   head=0xc1d0000b
IOCTL   8869686us req=0xc0104629 len=16    rc=0   head=0xc1d0000b
IOCTL   8875072us req=0xc0104629 len=16    rc=0   head=0xc1d0000b
IOCTL   8900680us req=0xc0304658 len=48    rc=0   head=0xc1d0000b
IOCTL   8903715us req=0xc0104629 len=16    rc=0   head=0xc1d0000b
IOCTL   8941420us req=0xc0104629 len=16    rc=0   head=0xc1d0000b
IOCTL   8948320us req=0xc0104629 len=16    rc=0   head=0xc1d0000b
IOCTL   8954284us req=0xc0104629 len=16    rc=0   head=0xc1d0000b
IOCTL   8978168us req=0xc0304658 len=48    rc=0   head=0xc1d0000b
IOCTL   8981343us req=0xc0104629 len=16    rc=0   head=0xc1d0000b
IOCTL   9024635us req=0xc0104629 len=16    rc=0   head=0xc1d0000b
IOCTL   9032704us req=0xc0104629 len=16    rc=0   head=0xc1d0000b
IOCTL   9074965us req=0xc0104629 len=16    rc=0   head=0xc1d0000b
IOCTL   9326626us req=0xc0104629 len=16    rc=0   head=0xc1d0000b
IOCTL   9371769us req=0xc0104629 len=16    rc=0   head=0xc1d0000b
[   21.047424] NVRM: rpcRmApiFree_GSP: GspRmFree failed: hClient=0xc1d0000b; hObject=0xcafe0016; paramsStatus=0x00000000; status=0x00000056
[   21.055335] NVRM: nvAssertFailedNoLog: Assertion failed: (status == NV_OK) || (status == NV_ERR_GPU_IN_FULLCHIP_RESET) @ mem.c:180
IOCTL   9396501us req=0xc0104629 len=16    rc=0   head=0xc1d0000b
IOCTL   9399139us req=0xc0104629 len=16    rc=0   head=0xc1d0000b

═══ DL ARM DEFER+INVALIDATE(known-positive) (slot 2) ═══
info  DL plan            = guard 0x0000006400000000  V 0x0000006400010000  dst 0x0000006500000000  rings 0x0000005400000000/0x0000005440000000/0x0000005480000000
ok    DL geometry        = guard and V share ONE 0x200000 directory span (so they share a leaf page table by construction), and every address is under 0x0000010000000000
IOCTL   9525256u[   21.192306] NVRM: rpcRmApiAlloc_GSP: GspRmAlloc failed: hClient=0xc1d0000b; hParent=0xcafe0001; hObject=0xcafe0027; hClass=0x00000070; paramsSize=0x00000018; paramsStatus=0x00000000; status=0x00000056
s req=0xc020462b len=32    rc=0   head=0xc1d0000b
IOCTL   9537138us req=0xc020462b len=32    rc=0   head=0xc1d0000b
ok    DL vaspace         = a FRESH address space for this arm alone
IOCTL   9545081us req=0xc020462b len=32    rc=0   head=0xc1d0000b
IOCTL   9545685us req=0xc020462b len=32    rc=0   head=0xc1d0000b
IOCTL   9546550us req=0xc020462b len=32    rc=0   head=0xc1d0000b
IOCTL   9596727us req=0xc038464e len=56    rc=0   head=0xc1d0000b
IOCTL   9733212us req=0xc038464e len=56    rc=0   head=0xc1d0000b
IOCTL   9803870us req=0xc038464e len=56    rc=0   head=0xc1d0000b
ok    DL objects         = guard 0x10000 @ 0x0000006400000000 magic 0x6a2d0289, data 0x200000 (mapping 0x10000) magic 0x0def0289, dst 0x10000 @ 0x0000006500000000 sentinel 0xdead0289
IOCTL   9819531us req=0xc0384627 len=56    rc=0   head=0xc1d0000b
IOCTL   9820291us req=0xc020462b len=32    rc=0   head=0xc1d0000b
IOCTL   9911746us req=0xc0404657 len=64    rc=0   head=0xc1d0000b
IOCTL   9915302us req=0xc020462b len=32    rc=0   head=0xc1d0000b
IOCTL   9942784us req=0xc020462b len=32    rc=0   head=0xc1d0000b
IOCTL   9943771us req=0xc020462a len=32    rc=0   head=0xc1d0000b
IOCTL   9944772us req=0xc020462a len=32    rc=0   head=0xc1d0000b
IOCTL   9995507us req=0xc038464e len=56    rc=0   head=0xc1d0000b
IOCTL   9996580us req=0xc020462a len=32    rc=0   head=0xc1d0000b
IOCTL  10004574us req=0xc0384627 len=56    rc=0   head=0xc1d0000b
IOCTL  10005311us req=0xc020462b len=32    rc=0   head=0xc1d0000b
IOCTL  10086729us req=0xc0404657 len=64    rc=0   head=0xc1d0000b
IOCTL  10088978us req=0xc020462b len=32    rc=0   head=0xc1d0000b
IOCTL  10114455us req=0xc020462b len=32    rc=0   head=0xc1d0000b
IOCTL  10115419us req=0xc020462a len=32    rc=0   head=0xc1d0000b
IOCTL  10123225us req=0xc020462a len=32    rc=0   head=0xc1d0000b
IOCTL  10176812us req=0xc038464e len=56    rc=0   head=0xc1d0000b
IOCTL  10177798us req=0xc020462a len=32    rc=0   head=0xc1d0000b
IOCTL  10185785us req=0xc0384627 len=56    rc=0   head=0xc1d0000b
IOCTL  10186480us req=0xc020462b len=32    rc=0   head=0xc1d0000b
IOCTL  10264600us req=0xc0404657 len=64    rc=0   head=0xc1d0000b
IOCTL  10266766us req=0xc020462b len=32    rc=0   head=0xc1d0000b
IOCTL  10291479us req=0xc020462b len=32    rc=0   head=0xc1d0000b
IOCTL  10292471us req=0xc020462a len=32    rc=0   head=0xc1d0000b
IOCTL  10298881us req=0xc020462a len=32    rc=0   head=0xc1d0000b
IOCTL  10350707us req=0xc038464e len=56    rc=0   head=0xc1d0000b
IOCTL  10351758us req=0xc020462a len=32    rc=0   head=0xc1d0000b
ok    DL channels        = 3 built BEFORE the prime (prime/test/rescue), rings at 0x0000005400000000 0x0000005440000000 0x0000005480000000 — ⊘ none is created after it, because a channel's own ctx-buffer maps each end in an invalidate
IOCTL  10352739us req=0xc020462a len=32    rc=0   head=0xc1d0000b
info  DL PDE before guard= PDE_COVERS @ 0x0000006400010000 — ★ expect PDE_ABSENT: it is what makes the guard, and not something else, the thing that instantiated the leaf table
IOCTL  10428307us req=0xc0404657 len=64    rc=0   head=0xc1d0000b
ok    DL guard map       = 0x10000 @ 0x0000006400000000, page-size flag 4KB — HELD for the whole arm
IOCTL  10499309us req=0xc0404657 len=64    rc=0   head=0xc1d0000b
ok    DL dst map         = 0x10000 @ 0x0000006500000000
IOCTL  10500047us req=0xc020462a len=32    rc=0   head=0xc1d0000b
★     DL PDE before map  = PDE_COVERS @ 0x0000006400010000 — the leaf table EXISTS, so step 6 writes a leaf PTE and allocates no level
FAULT_MARK=defer_liveness_prime arm=DEFER+INVALIDATE(known-positive) va=0x0000006400010000 ⚠ THE HOST dmesg WILL CARRY AN Xid 31 FOR THIS CHANNEL AND IT IS THE POINT
IOCTL  10501607us req=0xc038464e len=56    rc=0   head=0xc1d0000b
kayfabe-isolate: DOORBELL-STORE #3 host_token=0x00000003 runlist=0 chid=3 → storing 32 bits at USERMODE_NOTIFY_CHANNEL_PENDING=0x90 in the mapped usermode window
kayfabe-isolate: DOORBELL-STORE #3 host_token=0x00000003 ★★★ WROTE — the store instruction executed
IOCTL  10529960us req=0xc038464e len=56    rc=0   head=0xc1d0000b
IOCTL  10534290us req=0xc038464e len=56    rc=0   head=0xc1d0000b
IOCTL  10554283us req=0xc038464e len=56    rc=0   head=0xc1d0000b
IOCTL  10557951us req=0xc038464e len=56    rc=0   head=0xc1d0000b
IOCTL  10561491us req=0xc038464e len=56    rc=0   head=0xc1d0000b
IOCTL  10565109us req=0xc038464e len=56    rc=0   head=0xc1d0000b
IOCTL  10568589us req=0xc038464e len=56    rc=0   head=0xc1d0000b
IOCTL  10572103us req=0xc038464e len=56    rc=0   head=0xc1d0000b
IOCTL  10575727us req=0xc038464e len=56    rc=0   head=0xc1d0000b
IOCTL  10579331us req=0xc038464e len=56    rc=0   head=0xc1d0000b
IOCTL  10583373us req=0xc038464e len=56    rc=0   head=0xc1d0000b
IOCTL  10592254us req=0xc038464e len=56    rc=0   head=0xc1d0000b
IOCTL  10595804us req=0xc038464e len=56    rc=0   head=0xc1d0000b
IOCTL  10599587us req=0xc038464e len=56    rc=0   head=0xc1d0000b
IOCTL  10607254us req=0xc038464e len=56    rc=0   head=0xc1d0000b
IOCTL  10610764us req=0xc038464e len=56    rc=0   head=0xc1d0000b
IOCTL  10614801us req=0xc038464e len=56    rc=0   head=0xc1d0000b
IOCTL  10618349us req=0xc038464e len=56    rc=0   head=0xc1d0000b
IOCTL  10621863us req=0xc038464e len=56    rc=0   head=0xc1d0000b
IOCTL  10625454us req=0xc038464e len=56    rc=0   head=0xc1d0000b
IOCTL  10629045us req=0xc038464e len=56    rc=0   head=0xc1d0000b
IOCTL  10632572us req=0xc038464e len=56    rc=0   head=0xc1d0000b
IOCTL  10641768us req=0xc038464e len=56    rc=0   head=0xc1d0000b
IOCTL  10645391us req=0xc038464e len=56    rc=0   head=0xc1d0000b
IOCTL  10649121us req=0xc038464e len=56    rc=0   head=0xc1d0000b
IOCTL  10652901us req=0xc038464e len=56    rc=0   head=0xc1d0000b
IOCTL  10656679us req=0xc038464e len=56    rc=0   head=0xc1d0000b
IOCTL  10660293us req=0xc038464e len=56    rc=0   head=0xc1d0000b
IOCTL  10663906us req=0xc038464e len=56    rc=0   head=0xc1d0000b
IOCTL  10667371us req=0xc038464e len=56    rc=0   head=0xc1d0000b
IOCTL  10670895us req=0xc038464e len=56    rc=0   head=0xc1d0000b
IOCTL  10674528us req=0xc038464e len=56    rc=0   head=0xc1d0000b
IOCTL  10683311us req=0xc038464e len=56    rc=0   head=0xc1d0000b
IOCTL  10696328us req=0xc038464e len=56    rc=0   head=0xc1d0000b
IOCTL  10708708us req=0xc038464e len=56    rc=0   head=0xc1d0000b
IOCTL  10721152us req=0xc038464e len=56    rc=0   head=0xc1d0000b
IOCTL  10733615us req=0xc038464e len=56    rc=0   head=0xc1d0000b
IOCTL  10745977us req=0xc038464e len=56    rc=0   head=0xc1d0000b
IOCTL  10758482us req=0xc038464e len=56    rc=0   head=0xc1d0000b
IOCTL  10770854us req=0xc038464e len=56    rc=0   head=0xc1d0000b
IOCTL  10783229us req=0xc038464e len=56    rc=0   head=0xc1d0000b
IOCTL  10795705us req=0xc038464e len=56    rc=0   head=0xc1d0000b
IOCTL  10808041us req=0xc038464e len=56    rc=0   head=0xc1d0000b
IOCTL  10820538us req=0xc038464e len=56    rc=0   head=0xc1d0000b
IOCTL  10833320us req=0xc038464e len=56    rc=0   head=0xc1d0000b
IOCTL  10845952us req=0xc038464e len=56    rc=0   head=0xc1d0000b
IOCTL  10859133us req=0xc038464e len=56    rc=0   head=0xc1d0000b
IOCTL  10871560us req=0xc038464e len=56    rc=0   head=0xc1d0000b
IOCTL  10884030us req=0xc038464e len=56    rc=0   head=0xc1d0000b
IOCTL  10896765us req=0xc038464e len=56    rc=0   head=0xc1d0000b
IOCTL  10909703us req=0xc038464e len=56    rc=0   head=0xc1d0000b
IOCTL  10922038us req=0xc038464e len=56    rc=0   head=0xc1d0000b
IOCTL  10934357us req=0xc038464e len=56    rc=0   head=0xc1d0000b
IOCTL  10947207us req=0xc038464e len=56    rc=0   head=0xc1d0000b
IOCTL  10960344us req=0xc038464e len=56    rc=0   head=0xc1d0000b
IOCTL  10973008us req=0xc038464e len=56    rc=0   head=0xc1d0000b
IOCTL  10985451us req=0xc038464e len=56    rc=0   head=0xc1d0000b
IOCTL  10997862us req=0xc038464e len=56    rc=0   head=0xc1d0000b
IOCTL  11010476us req=0xc038464e len=56    rc=0   head=0xc1d0000b
IOCTL  11022932us req=0xc038464e len=56    rc=0   head=0xc1d0000b
IOCTL  11037607us req=0xc038464e len=56    rc=0   head=0xc1d0000b
IOCTL  11053804us req=0xc038464e len=56    rc=0   head=0xc1d0000b
IOCTL  11067376us req=0xc038464e len=56    rc=0   head=0xc1d0000b
IOCTL  11081107us req=0xc038464e len=56    rc=0   head=0xc1d0000b
IOCTL  11094340us req=0xc038464e len=56    rc=0   head=0xc1d0000b
IOCTL  11106974us req=0xc038464e len=56    rc=0   head=0xc1d0000b
IOCTL  11119442us req=0xc038464e len=56    rc=0   head=0xc1d0000b
IOCTL  11131808us req=0xc038464e len=56    rc=0   head=0xc1d0000b
IOCTL  11144184us req=0xc038464e len=56    rc=0   head=0xc1d0000b
IOCTL  11157138us req=0xc038464e len=56    rc=0   head=0xc1d0000b
IOCTL  11170078us req=0xc038464e len=56    rc=0   head=0xc1d0000b
IOCTL  11183272us req=0xc038464e len=56    rc=0   head=0xc1d0000b
IOCTL  11196146us req=0xc038464e len=56    rc=0   head=0xc1d0000b
IOCTL  11209904us req=0xc038464e len=56    rc=0   head=0xc1d0000b
IOCTL  11223870us req=0xc038464e len=56    rc=0   head=0xc1d0000b
IOCTL  11237124us req=0xc038464e len=56    rc=0   head=0xc1d0000b
IOCTL  11250480us req=0xc038464e len=56    rc=0   head=0xc1d0000b
IOCTL  11262955us req=0xc038464e len=56    rc=0   head=0xc1d0000b
IOCTL  11277609us req=0xc038464e len=56    rc=0   head=0xc1d0000b
IOCTL  11290521us req=0xc038464e len=56    rc=0   head=0xc1d0000b
IOCTL  11303020us req=0xc038464e len=56    rc=0   head=0xc1d0000b
IOCTL  11315461us req=0xc038464e len=56    rc=0   head=0xc1d0000b
IOCTL  11328004us req=0xc038464e len=56    rc=0   head=0xc1d0000b
IOCTL  11340560us req=0xc038464e len=56    rc=0   head=0xc1d0000b
IOCTL  11353902us req=0xc038464e len=56    rc=0   head=0xc1d0000b
IOCTL  11367423us req=0xc038464e len=56    rc=0   head=0xc1d0000b
IOCTL  11380344us req=0xc038464e len=56    rc=0   head=0xc1d0000b
IOCTL  11394618us req=0xc038464e len=56    rc=0   head=0xc1d0000b
IOCTL  11409915us req=0xc038464e len=56    rc=0   head=0xc1d0000b
IOCTL  11423735us req=0xc038464e len=56    rc=0   head=0xc1d0000b
IOCTL  11436951us req=0xc038464e len=56    rc=0   head=0xc1d0000b
IOCTL  11449958us req=0xc038464e len=56    rc=0   head=0xc1d0000b
IOCTL  11462917us req=0xc038464e len=56    rc=0   head=0xc1d0000b
IOCTL  11476716us req=0xc038464e len=56    rc=0   head=0xc1d0000b
IOCTL  11490227us req=0xc038464e len=56    rc=0   head=0xc1d0000b
IOCTL  11503771us req=0xc038464e len=56    rc=0   head=0xc1d0000b
IOCTL  11517472us req=0xc038464e len=56    rc=0   head=0xc1d0000b
IOCTL  11531272us req=0xc038464e len=56    rc=0   head=0xc1d0000b
IOCTL  11544931us req=0xc038464e len=56    rc=0   head=0xc1d0000b
IOCTL  11558538us req=0xc038464e len=56    rc=0   head=0xc1d0000b
IOCTL  11571864us req=0xc038464e len=56    rc=0   head=0xc1d0000b
IOCTL  11585498us req=0xc038464e len=56    rc=0   head=0xc1d0000b
IOCTL  11598973us req=0xc038464e len=56    rc=0   head=0xc1d0000b
IOCTL  11614497us req=0xc038464e len=56    rc=0   head=0xc1d0000b
IOCTL  11628842us req=0xc038464e len=56    rc=0   head=0xc1d0000b
IOCTL  11642198us req=0xc038464e len=56    rc=0   head=0xc1d0000b
IOCTL  11655760us req=0xc038464e len=56    rc=0   head=0xc1d0000b
IOCTL  11669326us req=0xc038464e len=56    rc=0   head=0xc1d0000b
IOCTL  11682575us req=0xc038464e len=56    rc=0   head=0xc1d0000b
IOCTL  11695955us req=0xc038464e len=56    rc=0   head=0xc1d0000b
IOCTL  11709459us req=0xc038464e len=56    rc=0   head=0xc1d0000b
IOCTL  11722778us req=0xc038464e len=56    rc=0   head=0xc1d0000b
IOCTL  11735913us req=0xc038464e len=56    rc=0   head=0xc1d0000b
IOCTL  11749342us req=0xc038464e len=56    rc=0   head=0xc1d0000b
IOCTL  11762753us req=0xc038464e len=56    rc=0   head=0xc1d0000b
IOCTL  11775857us req=0xc038464e len=56    rc=0   head=0xc1d0000b
IOCTL  11789152us req=0xc038464e len=56    rc=0   head=0xc1d0000b
IOCTL  11804206us req=0xc038464e len=56    rc=0   head=0xc1d0000b
IOCTL  11817970us req=0xc038464e len=56    rc=0   head=0xc1d0000b
IOCTL  11831632us req=0xc038464e len=56    rc=0   head=0xc1d0000b
IOCTL  11844771us req=0xc038464e len=56    rc=0   head=0xc1d0000b
IOCTL  11859910us req=0xc038464e len=56    rc=0   head=0xc1d0000b
IOCTL  11874539us req=0xc038464e len=56    rc=0   head=0xc1d0000b
IOCTL  11889355us req=0xc038464e len=56    rc=0   head=0xc1d0000b
IOCTL  11903437us req=0xc038464e len=56    rc=0   head=0xc1d0000b
IOCTL  11917488us req=0xc038464e len=56    rc=0   head=0xc1d0000b
IOCTL  11932083us req=0xc038464e len=56    rc=0   head=0xc1d0000b
IOCTL  11946078us req=0xc038464e len=56    rc=0   head=0xc1d0000b
IOCTL  11959528us req=0xc038464e len=56    rc=0   head=0xc1d0000b
IOCTL  11972305us req=0xc038464e len=56    rc=0   head=0xc1d0000b
IOCTL  11985339us req=0xc038464e len=56    rc=0   head=0xc1d0000b
IOCTL  11999139us req=0xc038464e len=56    rc=0   head=0xc1d0000b
IOCTL  12011788us req=0xc038464e len=56    rc=0   head=0xc1d0000b
IOCTL  12024523us req=0xc038464e len=56    rc=0   head=0xc1d0000b
IOCTL  12039233us req=0xc038464e len=56    rc=0   head=0xc1d0000b
IOCTL  12053340us req=0xc038464e len=56    rc=0   head=0xc1d0000b
IOCTL  12067048us req=0xc038464e len=56    rc=0   head=0xc1d0000b
IOCTL  12081095us req=0xc038464e len=56    rc=0   head=0xc1d0000b
IOCTL  12094391us req=0xc038464e len=56    rc=0   head=0xc1d0000b
IOCTL  12106736us req=0xc038464e len=56    rc=0   head=0xc1d0000b
IOCTL  12119093us req=0xc038464e len=56    rc=0   head=0xc1d0000b
IOCTL  12131571us req=0xc038464e len=56    rc=0   head=0xc1d0000b
IOCTL  12143916us req=0xc038464e len=56    rc=0   head=0xc1d0000b
IOCTL  12156211us req=0xc038464e len=56    rc=0   head=0xc1d0000b
IOCTL  12168678us req=0xc038464e len=56    rc=0   head=0xc1d0000b
IOCTL  12181125us req=0xc038464e len=56    rc=0   head=0xc1d0000b
IOCTL  12194005us req=0xc038464e len=56    rc=0   head=0xc1d0000b
IOCTL  12206701us req=0xc038464e len=56    rc=0   head=0xc1d0000b
IOCTL  12219260us req=0xc038464e len=56    rc=0   head=0xc1d0000b
IOCTL  12232237us req=0xc038464e len=56    rc=0   head=0xc1d0000b
IOCTL  12244883us req=0xc038464e len=56    rc=0   head=0xc1d0000b
IOCTL  12257720us req=0xc038464e len=56    rc=0   head=0xc1d0000b
IOCTL  12270266us req=0xc038464e len=56    rc=0   head=0xc1d0000b
IOCTL  12282707us req=0xc038464e len=56    rc=0   head=0xc1d0000b
IOCTL  12295335us req=0xc038464e len=56    rc=0   head=0xc1d0000b
IOCTL  12307608us req=0xc038464e len=56    rc=0   head=0xc1d0000b
IOCTL  12319985us req=0xc038464e len=56    rc=0   head=0xc1d0000b
IOCTL  12332381us req=0xc038464e len=56    rc=0   head=0xc1d0000b
IOCTL  12345274us req=0xc038464e len=56    rc=0   head=0xc1d0000b
IOCTL  12358043us req=0xc038464e len=56    rc=0   head=0xc1d0000b
IOCTL  12370352us req=0xc038464e len=56    rc=0   head=0xc1d0000b
IOCTL  12383026us req=0xc038464e len=56    rc=0   head=0xc1d0000b
IOCTL  12395625us req=0xc038464e len=56    rc=0   head=0xc1d0000b
IOCTL  12407981us req=0xc038464e len=56    rc=0   head=0xc1d0000b
IOCTL  12420092us req=0xc038464e len=56    rc=0   head=0xc1d0000b
IOCTL  12432383us req=0xc038464e len=56    rc=0   head=0xc1d0000b
IOCTL  12444737us req=0xc038464e len=56    rc=0   head=0xc1d0000b
IOCTL  12457421us req=0xc038464e len=56    rc=0   head=0xc1d0000b
IOCTL  12470193us req=0xc038464e len=56    rc=0   head=0xc1d0000b
IOCTL  12482982us req=0xc038464e len=56    rc=0   head=0xc1d0000b
IOCTL  12495576us req=0xc038464e len=56    rc=0   head=0xc1d0000b
IOCTL  12508855us req=0xc038464e len=56    rc=0   head=0xc1d0000b
IOCTL  12521482us req=0xc038464e len=56    rc=0   head=0xc1d0000b
IOCTL  12533859us req=0xc038464e len=56    rc=0   head=0xc1d0000b
IOCTL  12546264us req=0xc038464e len=56    rc=0   head=0xc1d0000b
IOCTL  12559262us req=0xc038464e len=56    rc=0   head=0xc1d0000b
IOCTL  12571740us req=0xc038464e len=56    rc=0   head=0xc1d0000b
IOCTL  12584088us req=0xc038464e len=56    rc=0   head=0xc1d0000b
IOCTL  12596684us req=0xc038464e len=56    rc=0   head=0xc1d0000b
IOCTL  12609146us req=0xc038464e len=56    rc=0   head=0xc1d0000b
IOCTL  12621929us req=0xc038464e len=56    rc=0   head=0xc1d0000b
IOCTL  12634251us req=0xc038464e len=56    rc=0   head=0xc1d0000b
IOCTL  12646596us req=0xc038464e len=56    rc=0   head=0xc1d0000b
IOCTL  12659247us req=0xc038464e len=56    rc=0   head=0xc1d0000b
IOCTL  12671700us req=0xc038464e len=56    rc=0   head=0xc1d0000b
IOCTL  12684190us req=0xc038464e len=56    rc=0   head=0xc1d0000b
IOCTL  12696873us req=0xc038464e len=56    rc=0   head=0xc1d0000b
IOCTL  12709257us req=0xc038464e len=56    rc=0   head=0xc1d0000b
IOCTL  12721612us req=0xc038464e len=56    rc=0   head=0xc1d0000b
IOCTL  12733898us req=0xc038464e len=56    rc=0   head=0xc1d0000b
IOCTL  12746318us req=0xc038464e len=56    rc=0   head=0xc1d0000b
IOCTL  12758706us req=0xc038464e len=56    rc=0   head=0xc1d0000b
IOCTL  12771261us req=0xc038464e len=56    rc=0   head=0xc1d0000b
IOCTL  12784011us req=0xc038464e len=56    rc=0   head=0xc1d0000b
IOCTL  12796083us req=0xc038464e len=56    rc=0   head=0xc1d0000b
IOCTL  12808557us req=0xc038464e len=56    rc=0   head=0xc1d0000b
IOCTL  12821200us req=0xc038464e len=56    rc=0   head=0xc1d0000b
IOCTL  12833998us req=0xc038464e len=56    rc=0   head=0xc1d0000b
IOCTL  12846462us req=0xc038464e len=56    rc=0   head=0xc1d0000b
IOCTL  12859782us req=0xc038464e len=56    rc=0   head=0xc1d0000b
IOCTL  12872442us req=0xc038464e len=56    rc=0   head=0xc1d0000b
IOCTL  12885176us req=0xc038464e len=56    rc=0   head=0xc1d0000b
IOCTL  12898006us req=0xc038464e len=56    rc=0   head=0xc1d0000b
IOCTL  12910395us req=0xc038464e len=56    rc=0   head=0xc1d0000b
IOCTL  12922757us req=0xc038464e len=56    rc=0   head=0xc1d0000b
IOCTL  12935179us req=0xc038464e len=56    rc=0   head=0xc1d0000b
IOCTL  12947534us req=0xc038464e len=56    rc=0   head=0xc1d0000b
IOCTL  12960185us req=0xc038464e len=56    rc=0   head=0xc1d0000b
IOCTL  12972618us req=0xc038464e len=56    rc=0   head=0xc1d0000b
IOCTL  12984993us req=0xc038464e len=56    rc=0   head=0xc1d0000b
IOCTL  12997563us req=0xc038464e len=56    rc=0   head=0xc1d0000b
IOCTL  13010107us req=0xc038464e len=56    rc=0   head=0xc1d0000b
IOCTL  13022471us req=0xc038464e len=56    rc=0   head=0xc1d0000b
IOCTL  13035723us req=0xc038464e len=56    rc=0   head=0xc1d0000b
IOCTL  13048440us req=0xc038464e len=56    rc=0   head=0xc1d0000b
IOCTL  13061963us req=0xc038464e len=56    rc=0   head=0xc1d0000b
IOCTL  13074470us req=0xc038464e len=56    rc=0   head=0xc1d0000b
IOCTL  13087195us req=0xc038464e len=56    rc=0   head=0xc1d0000b
IOCTL  13099498us req=0xc038464e len=56    rc=0   head=0xc1d0000b
IOCTL  13112007us req=0xc038464e len=56    rc=0   head=0xc1d0000b
IOCTL  13124572us req=0xc038464e len=56    rc=0   head=0xc1d0000b
IOCTL  13137272us req=0xc038464e len=56    rc=0   head=0xc1d0000b
IOCTL  13149872us req=0xc038464e len=56    rc=0   head=0xc1d0000b
IOCTL  13162209us req=0xc038464e len=56    rc=0   head=0xc1d0000b
IOCTL  13176058us req=0xc038464e len=56    rc=0   head=0xc1d0000b
IOCTL  13189734us req=0xc038464e len=56    rc=0   head=0xc1d0000b
IOCTL  13202734us req=0xc038464e len=56    rc=0   head=0xc1d0000b
IOCTL  13215070us req=0xc038464e len=56    rc=0   head=0xc1d0000b
IOCTL  13227433us req=0xc038464e len=56    rc=0   head=0xc1d0000b
IOCTL  13239682us req=0xc038464e len=56    rc=0   head=0xc1d0000b
IOCTL  13252080us req=0xc038464e len=56    rc=0   head=0xc1d0000b
IOCTL  13264936us req=0xc038464e len=56    rc=0   head=0xc1d0000b
IOCTL  13277700us req=0xc038464e len=56    rc=0   head=0xc1d0000b
IOCTL  13290348us req=0xc038464e len=56    rc=0   head=0xc1d0000b
IOCTL  13302951us req=0xc038464e len=56    rc=0   head=0xc1d0000b
IOCTL  13315535us req=0xc038464e len=56    rc=0   head=0xc1d0000b
IOCTL  13327883us req=0xc038464e len=56    rc=0   head=0xc1d0000b
IOCTL  13340351us req=0xc038464e len=56    rc=0   head=0xc1d0000b
IOCTL  13353233us req=0xc038464e len=56    rc=0   head=0xc1d0000b
IOCTL  13365990us req=0xc038464e len=56    rc=0   head=0xc1d0000b
IOCTL  13378585us req=0xc038464e len=56    rc=0   head=0xc1d0000b
IOCTL  13391032us req=0xc038464e len=56    rc=0   head=0xc1d0000b
IOCTL  13403680us req=0xc038464e len=56    rc=0   head=0xc1d0000b
IOCTL  13416737us req=0xc038464e len=56    rc=0   head=0xc1d0000b
IOCTL  13429422us req=0xc038464e len=56    rc=0   head=0xc1d0000b
IOCTL  13442041us req=0xc038464e len=56    rc=0   head=0xc1d0000b
IOCTL  13454589us req=0xc038464e len=56    rc=0   head=0xc1d0000b
IOCTL  13466971us req=0xc038464e len=56    rc=0   head=0xc1d0000b
IOCTL  13479538us req=0xc038464e len=56    rc=0   head=0xc1d0000b
IOCTL  13491980us req=0xc038464e len=56    rc=0   head=0xc1d0000b
IOCTL  13504368us req=0xc038464e len=56    rc=0   head=0xc1d0000b
IOCTL  13517020us req=0xc038464e len=56    rc=0   head=0xc1d0000b
IOCTL  13529330us req=0xc038464e len=56    rc=0   head=0xc1d0000b
info  DL prime copy      = Dead { saw: 3735880329 }
IOCTL  13543277us req=0xc038464e len=56    rc=0   head=0xc1d0000b
info  DL prime notifier  = fired=false status=0x0000 except_type=0x0 engine=0x0000
PRIME_DID_NOT_FAULT arm=DEFER+INVALIDATE(known-positive) va=0x0000006400010000 retire=NOT-RETIRED(sem still 0) — ⊘ the MMU is not known to have walked the address under test, so the final copy would be testing FIRST FILL and not eviction. NO VERDICT IS REPORTED FOR THIS ARM
IOCTL  13599316us req=0xc0304658 len=48    rc=0   head=0xc1d0000b
IOCTL  13600116us req=0xc0304658 len=48    rc=0   head=0xc1d0000b
IOCTL  13625227us req=0xc0304658 len=48    rc=0   head=0xc1d0000b
IOCTL  13626890us req=0xc0104629 len=16    rc=0   head=0xc1d0000b
IOCTL  13650012us req=0xc0304658 len=48    rc=0   head=0xc1d0000b
IOCTL  13652775us req=0xc0104629 len=16    rc=0   head=0xc1d0000b
IOCTL  13696490us req=0xc0104629 len=16    rc=0   head=0xc1d0000b
IOCTL  13705362us req=0xc0104629 len=16    rc=0   head=0xc1d0000b
IOCTL  13711255us req=0xc0104629 len=16    rc=0   head=0xc1d0000b
IOCTL  13736071us req=0xc0304658 len=48    rc=0   head=0xc1d0000b
IOCTL  13739185us req=0xc0104629 len=16    rc=0   head=0xc1d0000b
IOCTL  13785414us req=0xc0104629 len=16    rc=0   head=0xc1d0000b
IOCTL  13797996us req=0xc0104629 len=16    rc=0   head=0xc1d0000b
IOCTL  13804191us req=0xc0104629 len=16    rc=0   head=0xc1d0000b
IOCTL  13829310us req=0xc0304658 len=48    rc=0   head=0xc1d0000b
IOCTL  13832358us req=0xc0104629 len=16    rc=0   head=0xc1d0000b
IOCTL  13875628us req=0xc0104629 len=16    rc=0   head=0xc1d0000b
IOCTL  13884692us req=0xc0104629 len=16    rc=0   head=0xc1d0000b
IOCTL  13924487us req=0xc0104629 len=16    rc=0   head=0xc1d0000b
IOCTL  14143848us req=0xc0104629 len=16    rc=0   head=0xc1d0000b
IOCTL  14185515us req=0xc0104629 len=16    rc=0   head=0xc1d0000[   25.856790] NVRM: rpcRmApiFree_GSP: GspRmFree failed: hClient=0xc1d0000b; hObject=0xcafe0027; paramsStatus=0x00000000; status=0x00000056
b
[   25.864944] NVRM: nvAssertFailedNoLog: Assertion failed: (status == NV_OK) || (status == NV_ERR_GPU_IN_FULLCHIP_RESET) @ mem.c:180
IOCTL  14206439us req=0xc0104629 len=16    rc=0   head=0xc1d0000b
IOCTL  14209385us req=0xc0104629 len=16    rc=0   head=0xc1d0000b

═══ DL SUMMARY ═══
info  DL PLAIN(rig-control)               prime_faulted=Some(false) except=Some("0x0") chan_survived=false pde_before_map=PDE_COVERS pte=PTE_UNMEASURED(the arm never reached the map) placed=None copy=NOTRUN rescue=None
info  DL DEFER(the-question)              prime_faulted=Some(false) except=Some("0x0") chan_survived=false pde_before_map=PDE_COVERS pte=PTE_UNMEASURED(the arm never reached the map) placed=None copy=NOTRUN rescue=None
info  DL DEFER+INVALIDATE(known-positive) prime_faulted=Some(false) except=Some("0x0") chan_survived=false pde_before_map=PDE_COVERS pte=PTE_UNMEASURED(the arm never reached the map) placed=None copy=NOTRUN rescue=None
DEFER_PRIME_FAULTS=0/3
DEFER_RIGCTL=NOTRUN
DEFER_NEGCTL=NOTRUN
DEFER_LIVENESS=INVALID PRIME_DID_NOT_FAULT — at least one arm never made the MMU walk the address under test while it was invalid, so its final copy would test FIRST FILL
RUNGCTL_defer_liveness=FAIL
RUNG_defer_liveness=NOTRUN
done — w289 defer-liveness rung only
[   26.212728] NVRM: rpcRmApiFree_GSP: GspRmFree failed: hClient=0xc1d0000a; hObject=0xcaf00002; paramsStatus=0x00000000; status=0x00000056
[   26.221290] NVRM: nvAssertFailedNoLog: Assertion failed: (status == NV_OK) || (status == NV_ERR_GPU_IN_FULLCHIP_RESET) @ rs_client.c:844
[   26.229491] NVRM: nvAssertFailedNoLog: Assertion failed: (status == NV_OK) || (status == NV_ERR_GPU_IN_FULLCHIP_RESET) @ rs_server.c:259
[   26.237331] NVRM: nvAssertFailedNoLog: Assertion failed: (status == NV_OK) || (status == NV_ERR_GPU_IN_FULLCHIP_RESET) @ rs_server.c:1375
[   26.248919] NVRM: nvAssertFailedNoLog: Assertion failed: (status == NV_OK) || (status == NV_ERR_GPU_IN_FULLCHIP_RESET) @ fecs_event_list.c:1623
[   26.312605] NVRM: nvCheckOkFailedNoLog: Check failed: Call not supported [NV_ERR_NOT_SUPPORTED] (0x00000056) returned from pRmApi->Control(pRmApi, pGpu->hInternalClient, pGpu->hInternalSubdevice, NV2080_CTRL_CMD_INTERNAL_INIT_USER_SHARED_DATA, &params, sizeof(params)) @ gpu_user_shared_data.c:213
[   30.210853] NVRM: _threadNodeCheckTimeout: _threadNodeCheckTimeout: currentTime: f42011081c380 >= f42011081c380
[   30.210858] NVRM: _threadNodeCheckTimeout: _threadNodeCheckTimeout: Timeout was set to: 4000 msecs!
FASTGUEST: client rc=1 at 30.18s
FASTGUEST: DONE
[   30.372240] reboot: Power down
